Date,1,2,3,4,5,6,7,8,9,10,H-L
2020-01-03,0.000707010580462393,0.0026853915419860247,0.005881355075443123,0.0030323120326992362,0.0050881619022715,0.00453342650640942,0.005870112000030405,0.006387456137565105,0.006008770392143534,0.006628966966986032,0.005921956386523639
2020-01-06,0.009803190012913259,0.010137337130021217,0.01452962333774194,0.01105586793826571,0.010319718131505593,0.010919000357901349,0.011387924156168083,0.013086760984525245,0.012902633346548604,0.010029774434452752,0.0002265844215394927
2020-01-07,0.017895341507809935,0.021188652893535297,0.026332010899049012,0.023429675245175002,0.02317675206178595,0.023873465383603493,0.02819259342605213,0.028128498977216546,0.027955017943318512,0.025377829592644223,0.007482488084834286
2020-01-08,0.006342796895605143,0.009326112953690614,0.012618921544732856,0.009302774899160003,0.008192448637625083,0.008870608223748943,0.013232994170513242,0.0121862800162933,0.011480311690008665,0.01085605725349115,0.004513260357886005
2020-01-09,0.012053289158101431,0.022133534394590235,0.023731307143988585,0.025636526872181854,0.023609798156635005,0.02519239666912195,0.0329940153931819,0.03119041807536348,0.030722550332963335,0.030860466064724538,0.018807176906623105
2020-01-10,0.00747968243050234,0.01654815609846974,0.01871129036673206,0.020742631504042687,0.022287139901781855,0.022360620468269372,0.03298551764868754,0.031142423205896903,0.02963172627077074,0.0314005686976818,0.023920886267179458
2020-01-13,0.022518911110012647,0.03128854307178603,0.02896677483867105,0.03155510779894316,0.03285872359531378,0.033445802419948226,0.04150569514546974,0.03972102864078397,0.037714685197495955,0.03906697261031981,0.016548061500307156
2020-01-14,0.023010018854978543,0.031548357941478325,0.027222433902924555,0.03200499201123713,0.03273830130870437,0.03192331117009727,0.041142566865870894,0.03998593805011266,0.03980184362475926,0.03997002717237901,0.01696000831740047
2020-01-15,0.014769095344442089,0.02852141351410512,0.02234768790868672,0.027583943730888127,0.030559960876657733,0.026510887729737816,0.03567184316747873,0.036437918488044355,0.03364080952553506,0.03397231995453515,0.019203224610093064
2020-01-16,0.014627149912823614,0.026472392414921175,0.01916173355401756,0.026202090840262746,0.02767686064610033,0.021772679696226066,0.03136965234948428,0.031357987037185425,0.028196744164223346,0.028721238324520757,0.014094088411697143
2020-01-17,0.014432001388998316,0.02443373745994308,0.018270010317803065,0.023080904248457722,0.025580459017556328,0.019753599408126845,0.028267268807582607,0.027880687525538083,0.024978611232679672,0.021799746259891374,0.007367744870893056
2020-01-20,0.02725433791680433,0.03574626824034273,0.030296064816584117,0.03336290782767983,0.03449345261687524,0.02861661002758497,0.03893353394129137,0.03578386867168135,0.030539028309266157,0.028101912919649828,0.000847575002845497
2020-01-21,0.015327311164914207,0.024322303287131315,0.017859933846914366,0.020361914672395506,0.021174962193584897,0.01640865150223861,0.025384573810065668,0.020656100174916394,0.017165892383599144,0.015288888262982737,-3.842290193147111e-05
2020-01-22,0.02044239019003685,0.030524649554645997,0.019621343383594735,0.02386791397207839,0.020515958474175065,0.015816120976374616,0.026700866457829656,0.019807096373052047,0.016254065135028428,0.011521194507095937,-0.008921195682940912
2020-01-23,-0.008362098612372585,-0.0022841107445695508,-0.0191175195709645,-0.00952108057424009,-0.015843659732725387,-0.020927677038987444,-0.009284350452326933,-0.017052591853389528,-0.019330019618663364,-0.023568509452135792,-0.015206410839763207
2020-02-03,-0.07637172090338096,-0.08276988757338868,-0.1063450077146059,-0.1034852663189288,-0.11040333038261962,-0.11793757202335124,-0.10607927119876649,-0.11494987943349858,-0.11685441697658074,-0.11978440871937326,-0.04341268781599231
2020-02-04,-0.035759765145682215,-0.03287866732174072,-0.03392489060076445,-0.049820918812175645,-0.04960307101027402,-0.05509038919984714,-0.04862217582695892,-0.06689002645546333,-0.0617303321994076,-0.08491703146901167,-0.04915726632332945
2020-02-05,0.00016219219774747662,-0.004625648207592141,-0.007779138500731392,-0.022427074276107607,-0.026292351027654412,-0.030535733882810577,-0.02573758668127283,-0.041640698077973916,-0.03795989654383659,-0.06443494055292012,-0.06459713275066759
2020-02-06,0.03443915698129732,0.028339576191771222,0.018731222663679194,0.005210216528915353,-0.0016843696914083453,-0.007011733417687516,-0.003728070813877448,-0.02174295283772859,-0.01936733282830263,-0.048992336675563505,-0.08343149365686081
2020-02-07,0.02772816647504122,0.04264473015346068,0.03503488246665602,0.02011697508364032,0.013509456944548767,0.00825767009764946,0.008743450962089611,-0.010862695204999488,-0.010411478610995121,-0.04440883845199215,-0.07213700492703336
2020-02-10,0.013388603021080137,0.05504149531992572,0.05165312512080181,0.037941657849860144,0.033594817314762354,0.026766076491309125,0.030055392780157772,0.013139468935578866,0.011358474521050339,-0.022123051137161925,-0.03551165415824205
2020-02-11,-0.0042013027870952575,0.040876673740798966,0.04253309187088934,0.0313844803778161,0.026905543878702268,0.023208260678607942,0.029926938088035045,0.014555594487061261,0.011728545813054183,-0.015335552481934453,-0.011134249694839182
2020-02-12,0.01671694124295946,0.06688803268941855,0.06318017964867964,0.051508341425455226,0.044116629786804404,0.037966620857926056,0.04313553321503651,0.028871155333155017,0.0239741648581915,-0.00489136437074195,-0.021608305613701397
2020-02-13,0.0026349204291848515,0.05476573371393702,0.05669220780649441,0.04452101086564706,0.03620926577756088,0.030765178325089966,0.031183663347879784,0.017356503091503613,0.012904604503205764,-0.016141541244185126,-0.018776461673369965
2020-02-14,-0.006094686939386163,0.05431774318260867,0.057895364326162366,0.04825481370038481,0.040161109255486646,0.03493966857179469,0.03441718257027046,0.018856568749607165,0.014375636734816118,-0.012071617468858866,-0.0059769305294726915
2020-02-17,0.0211646588925452,0.08871129658214316,0.09402648794881867,0.0831205932518428,0.07460462797945358,0.07087069986916403,0.06806909034839578,0.053986970879669534,0.049299287778675566,0.01937109277773117,-0.0017935661148140141
2020-02-18,0.04020290893649967,0.1060372194438029,0.11133155379724338,0.09979222730813306,0.09252452076857554,0.08873986210498612,0.08649411688219807,0.06899052546991705,0.06481206035901813,0.027934147699770553,-0.012268761236729105
2020-02-19,0.011454698875600057,0.0872672100500759,0.10506844838611351,0.09304539981655656,0.09196024299149266,0.08870090344606965,0.08563370722247038,0.069105131825589,0.06466364207375415,0.029240930719297828,0.017786231843697785
2020-02-20,0.018375542514729587,0.10002227431115032,0.12285927614472261,0.11002649388861814,0.11345816956230118,0.109768496549518,0.10754850350794679,0.08970754396655461,0.08665305543558888,0.04779001958912607,0.029414477074396494
2020-02-21,0.03437872676233586,0.10944457690599926,0.1330566317959524,0.12045795094043925,0.1248064935272712,0.12132944730191762,0.11668086460099922,0.09847864678506221,0.09340224362683199,0.05183718139735011,0.017458454635014258
2020-02-24,0.059099816247906986,0.1309950778047975,0.1503603620542302,0.13582959362256217,0.14150032051293315,0.1342549724112639,0.12480290275508113,0.10416271444611006,0.09455900729510226,0.04479553988648388,-0.014304276361423094
2020-02-25,0.07486495427209645,0.13965775563065766,0.15114383125792621,0.13223791271208377,0.13850572445919965,0.1278190491073892,0.11566015666617643,0.08817092183991532,0.07867792580604872,0.027769716369452097,-0.047095237902644346
2020-02-26,0.021991711700242778,0.10018031670702274,0.11922140769631523,0.10973582020743723,0.1241909878496075,0.11503172385737932,0.112844920351965,0.08991075916284905,0.08495128815129327,0.04050471929019955,0.01851300758995679
2020-02-27,0.02276099569339273,0.10374453061474213,0.12441570296093306,0.11442489022899717,0.125987879777877,0.11872043808807335,0.11624047736803667,0.09491096987818551,0.09061532184248802,0.04426448358688653,0.021503487893493815
2020-02-28,-0.018429691754937076,0.051370434096105005,0.06825473969154419,0.05393198394898801,0.060962252154036584,0.05891335649651196,0.057192587684664384,0.039998560848881454,0.04162403350183628,0.0011471495723015188,0.01957684132723861
2020-03-02,0.018979636031767416,0.09239658984014537,0.11021537607264735,0.0980973493134405,0.10313413346203973,0.10395827583497722,0.10394921778353469,0.08519632900398261,0.08520796216808049,0.03862843493184726,0.01964879890007986
2020-03-03,0.025414858193999565,0.10174002150327068,0.12121131994988443,0.10930959241524874,0.11526892392630297,0.1151882069618357,0.11442930229478183,0.09702475412066036,0.09779905638416465,0.05363816260855843,0.028223304414558874
2020-03-04,0.03741007568551298,0.10682553888143853,0.12821902090713488,0.11980122989538715,0.1267825342823267,0.12447557042263038,0.12481466719250874,0.10904868578048839,0.10895999421412521,0.05868271186313491,0.02127263617762194
2020-03-05,0.04839890003795901,0.12272681283228837,0.14423708391275222,0.13504524378478858,0.14526542370944243,0.14563244601278658,0.14461628217423766,0.12990393401549555,0.12905245417052055,0.07598060760275138,0.027581707564792377
2020-03-06,0.03820876657306946,0.11851454456530286,0.13613097152490958,0.13043043554670444,0.14328680551562722,0.1438843194895375,0.14461816600201374,0.12935816566812627,0.12912137786212716,0.08018909927039015,0.04198033269732071
2020-03-09,0.004103858249466172,0.08493153367772954,0.10270641834879375,0.09547651364055454,0.10714310403926888,0.11162324491537452,0.10872256960304115,0.09180275195702807,0.09271449672441517,0.047611818178928934,0.043507959929462776
2020-03-10,0.013655885435190935,0.10741273986170516,0.1290309619138003,0.12035362343881895,0.13004977019679526,0.1365339518239476,0.13384460239919882,0.11508254167875145,0.1135579044349108,0.07096124152286379,0.05730535608767287
2020-03-11,0.0015926277808632344,0.09465787540403159,0.1172260473695593,0.1110931965406751,0.12022089480401292,0.12868311369890356,0.12650078072105425,0.1070880694166888,0.1050338222880212,0.060104279647604994,0.05851165186674177
2020-03-12,-0.01954378247517383,0.07772492413829588,0.09567725999721649,0.0941714864224456,0.10261887196792394,0.11083764611340659,0.10783603636455935,0.08766139731341621,0.08443577559884506,0.03614059310081723,0.05568437557599107
2020-03-13,-0.030390756058872176,0.06835874043812222,0.08665976969662868,0.08650179209102331,0.09170637222122455,0.09972206588569568,0.09346930677629808,0.07257984610091853,0.06947156081727554,0.017727948001466515,0.048118704060338705
2020-03-16,-0.07221073792519425,0.02433891538216497,0.044206266090981466,0.04767260954572135,0.05354839452707566,0.06193975096978612,0.054705933711393206,0.035967522790001184,0.03324604200748502,-0.023402666479321925,0.04880807144587234
2020-03-17,-0.0713530117609712,0.021814374239450762,0.0411558012247302,0.04809684583487164,0.0527026047550088,0.0612915594598795,0.052698201857727535,0.030838915424003396,0.028876539540062928,-0.025448785080806224,0.04590422668016499
2020-03-18,-0.08966404357939046,0.002027928522480276,0.024427511799998684,0.031435126372139764,0.036971085050855355,0.04610191026758292,0.03526798239490665,0.01581898974414611,0.012197094286743374,-0.03779725809684943,0.051866785482541054
2020-03-19,-0.08841787616975397,0.0136049109352681,0.03827096467782364,0.04029437517870433,0.04728501139641843,0.05641020079432954,0.041705104225415936,0.021007950717081402,0.018175286511456033,-0.03323223338042303,0.055185642789330955
2020-03-20,-0.07153875602796297,0.02816574417769749,0.05326371866104487,0.052163425600860396,0.060373093625280934,0.06982628253602019,0.05571772548991568,0.03591202995846183,0.03325927098606858,-0.01847579547668609,0.0530629605512769
2020-03-23,-0.10781799430373515,-0.009397671104272167,0.01554685611051062,0.01148199424118615,0.024105532633252123,0.030019750003125158,0.017684129962502654,-0.005952950480826648,-0.006612302860532396,-0.06723813872222162,0.04057985558151353
2020-03-24,-0.09776588176426936,0.010739445583952057,0.037472799156012315,0.03323111484891202,0.04810320075579486,0.052002082378360896,0.03872532879808009,0.018786278889523837,0.016533094234438522,-0.04304403886960094,0.05472184289466841
2020-03-25,-0.07980999433444227,0.033014743306496536,0.060373267181735,0.05582547612575614,0.07065287742087283,0.07417518507992651,0.06340039312583842,0.042494685629881436,0.042208647507204246,-0.010013391739111761,0.0697966025953305
2020-03-26,-0.09152303855400168,0.023321464304222966,0.04857087947084836,0.04789553103842197,0.06172387051741511,0.06406571146858628,0.055242489306468086,0.03152065787234118,0.02876203018591724,-0.022547314814293888,0.06897572373970778
2020-03-27,-0.09847991481585418,0.02162680021322598,0.0470659583755571,0.04383257853373207,0.06122138063832512,0.061533469819527994,0.05359645767837416,0.02674506318749842,0.022654461065419927,-0.030282656241934068,0.0681972585739201
2020-03-30,-0.10776438656675494,0.003967221190155704,0.030296629592834884,0.022141686135492396,0.03780524637887577,0.03803492844785228,0.0301250129019002,0.0017677048889650146,-0.007172401684971529,-0.06210046713093242,0.04566391943582251
2020-03-31,-0.10270181220741595,0.007922324966720292,0.02977603124684504,0.02167279636814134,0.037385724426687944,0.03490699740545456,0.029657752190877244,0.0025763310321122914,-0.00767903549039123,-0.06570768855155372,0.03699412365586222
2020-04-01,-0.12369900198783527,-0.002140982093076449,0.020801875279868896,0.015079222808480158,0.03334949644825262,0.031237911088350643,0.026106224847582314,0.0009587158848803185,-0.006912648759203305,-0.06292396427988389,0.060775037707951375
2020-04-02,-0.11422343790760525,0.01565690916716366,0.03892687276616756,0.03768326623385202,0.05360860890977539,0.05397192222452496,0.04804792812774935,0.026647403521390427,0.020887008050553782,-0.03284846745575659,0.08137497045184866
2020-04-03,-0.11471004567122099,0.012812650159130218,0.034035863201429414,0.03407869050804059,0.04526375938247748,0.04637008167950969,0.04113029697947732,0.018248925310758606,0.01293409799311962,-0.0406214997480802,0.07408854592314079
2020-04-07,-0.08055148618998526,0.046064801915780385,0.06393654817791655,0.062108508002998115,0.07563390456717153,0.07599292686036309,0.07074478886699909,0.04831196781919553,0.043703586693989604,-0.008126959914324716,0.07242452627566054
2020-04-08,-0.08597018521761235,0.04683644630165955,0.06865223283937755,0.0669722721999887,0.0815690587851145,0.08244076219558737,0.07773426010254397,0.05259641788701071,0.04936425828502759,-0.0030729609272966687,0.08289722429031568
2020-04-09,-0.07718323635602105,0.0558275068124052,0.07775577425187606,0.07547770456111877,0.08964867484676739,0.09089160306951544,0.08596229751958841,0.06035212733861995,0.056851026015641265,0.005281399899617252,0.0824646362556383
2020-04-10,-0.09953633819136422,0.033564553383308195,0.054279940202453164,0.05074964088807269,0.06616568558318817,0.06727866372964489,0.06264691943692349,0.03426761646738355,0.03572186312337259,-0.019035630238808905,0.08050070795255532
2020-04-13,-0.10364071467671425,0.028517751639007993,0.049876088378490765,0.04568883268912168,0.057998070324461026,0.05732853728944198,0.05198031398167058,0.023352353462362772,0.024576692508859747,-0.030707713732180092,0.07293300094453416
2020-04-14,-0.09260391866359621,0.04380166917014307,0.06375754211709499,0.06432266278805118,0.0769127739431362,0.07550412807501633,0.07138278885317811,0.04378428239721053,0.046161674960361346,-0.008138581595453998,0.08446533706814222
2020-04-15,-0.10004018023875824,0.034885957868907115,0.0587688592709031,0.05615758427496385,0.06981501106550014,0.06935048080185742,0.06614330715900346,0.038878289866836335,0.03910355781399955,-0.014593420193674475,0.08544676004508377
2020-04-16,-0.10065855667272264,0.036501030778404456,0.06251513656515453,0.060620877715578315,0.07585776982761795,0.07544989243995535,0.0716639696252616,0.043385600781318104,0.04322037619391776,-0.009938315199176085,0.09072024147354656
2020-04-17,-0.10940008586095669,0.03179843319655403,0.061305562570668604,0.06090403602830501,0.07656383693261536,0.07732920914800862,0.07478745945222487,0.045179785925487936,0.04652758604204371,-0.007240470275231079,0.10215961558572562
2020-04-20,-0.09260708674874699,0.04585630321219877,0.07400507684173716,0.07151916883381164,0.08855933705301218,0.08633005362259222,0.08404555325689154,0.05376579252218858,0.055962659837217404,0.0013593314841813366,0.09396641823292834
2020-04-21,-0.09865315479834227,0.04093435097594619,0.06794377559476636,0.06720676442353246,0.0828271098218509,0.08157858606947928,0.08006080167482854,0.047126282705581994,0.048935505337598176,-0.004795723918933456,0.09385743087940883
2020-04-22,-0.0914458997047868,0.05031253547644867,0.07881607840479407,0.07571980304706372,0.09309746928095423,0.08882905046510256,0.08878698872315088,0.05545149464997835,0.05760935735869335,0.005153537566194621,0.09659943727098143
2020-04-23,-0.09265330428903251,0.04905981579934629,0.07562370650162877,0.07486416840724422,0.09115808629830867,0.08674565266043953,0.08256373463579099,0.04827544835149203,0.05078057863475055,-0.0034828660969232145,0.0891704381921093
2020-04-24,-0.11126528026787312,0.028927854264143738,0.056879574487821924,0.05599928344303389,0.07600981584785377,0.07136472928969619,0.0667516893541901,0.03163002300446373,0.03399956745168055,-0.02300618096417726,0.08825909930369587
2020-04-27,-0.11359786049255129,0.023302251296862888,0.05197320156532756,0.04778689737594882,0.06965313157950487,0.06625941397259427,0.06070208017670607,0.02474806277151773,0.024715052714281746,-0.03189794621859301,0.08169991427395829
2020-04-28,-0.12519805169267678,0.0075290398305110605,0.033806139006267485,0.029286283296284292,0.04839436756250218,0.04466998050497785,0.036894997081123426,0.0007849842856896966,0.001349843379466538,-0.06185605728041862,0.06334199441225818
2020-04-29,-0.1268842675536547,0.006446083780146651,0.03283554536478276,0.029910027474504858,0.04552540748691436,0.0467402273336341,0.03488655397445561,-0.0004376672582435501,0.0005189534883043208,-0.05981423238637611,0.06707003516727861
2020-04-30,-0.11756307167337447,0.023503932157375482,0.056118301067537874,0.055004069717753984,0.07046080053484033,0.0707145236277345,0.060500851291898486,0.02607004481549124,0.02638646109427937,-0.03496891288642073,0.08259415878695375
2020-05-06,-0.10150875556886971,0.04337405262647592,0.07322069927872667,0.07437181083215443,0.0881311116303297,0.08956011059563392,0.081199905457604,0.04333078388964795,0.04555484034424424,-0.016353614720377115,0.0851551408484926
2020-05-07,-0.1006237806873636,0.042566843420691426,0.07063391941595337,0.0702651848307302,0.08504886933148782,0.08676175211621445,0.08015054002378293,0.041362891673966236,0.042884967595121115,-0.018525629619624447,0.08209815106773916
2020-05-08,-0.09125476276206232,0.051335055935305754,0.08252141187601242,0.08137617072578228,0.09682830623285688,0.0999079727134918,0.09358954687747707,0.05200549901857762,0.055648777462255744,-0.007116056159819702,0.08413870660224261
2020-05-11,-0.09000851726902362,0.04905092282394889,0.08429604950321026,0.08190213639898056,0.09872506932834672,0.09809988789476755,0.09306618643480934,0.05416686374482976,0.05649223765431528,-0.006939100763681513,0.0830694165053421
2020-05-12,-0.08446350091572186,0.05097399224464354,0.08690542563067705,0.08006201402462247,0.09966891346089507,0.0960585237718044,0.0894661573723029,0.051554668538631346,0.05297494770643843,-0.009061644615603019,0.07540185630011884
2020-05-13,-0.07724632714411438,0.05725978200618243,0.09378263507415957,0.08459551342946965,0.10373835350572314,0.10096325815112225,0.094209707166526,0.05704941502502218,0.05740361123182504,-0.0014966056889595862,0.07574972145515478
2020-05-14,-0.08278995897502898,0.04951143637162631,0.08528343983786071,0.07418386448317518,0.09478760134977396,0.09167600191109311,0.08574638227610548,0.04804397633535949,0.048229621227168895,-0.010983772352662565,0.0718061866223664
2020-05-15,-0.07781044172296477,0.05507274547145057,0.08891477399247644,0.07464932681859467,0.09843176869082045,0.09348617768040696,0.08603995893018375,0.05181053749192943,0.048981793932562585,-0.011374909486070143,0.0664355322368946
2020-05-18,-0.08462757761117008,0.04788046442800782,0.08361920813394076,0.0715738184225738,0.09445760461463917,0.0892328467812063,0.08322367550023382,0.04953387677684899,0.04819911297082365,-0.016494214904628553,0.06813336270654151
2020-05-19,-0.06416594142503376,0.06381497793753405,0.09698714060611602,0.08350430528084318,0.10581137093359885,0.10080133616409341,0.09101093870493554,0.058047235308159036,0.056365804491698354,-0.009069853095229896,0.055096088329803845
2020-05-20,-0.07805018171055762,0.053448370733637,0.08954755288855942,0.07675470342323008,0.09968529875065642,0.09335952976608393,0.08506852223591602,0.050830741614508373,0.050985479991901735,-0.017552632113259692,0.0604975495972979
2020-05-21,-0.08904599650084634,0.040550809029336166,0.07981537263851571,0.0654365212769771,0.08760058335768717,0.08413545551887605,0.07786184884051461,0.04397680222480468,0.04400215675510789,-0.02416831902494434,0.06487767747590198
2020-05-22,-0.10761410733144032,0.02127457556421284,0.06287427280177775,0.047782310663254196,0.0713372508387656,0.0703993217457656,0.06413605837764207,0.029691355428792747,0.028029400377084273,-0.040730258865617985,0.06688384846582232
2020-05-25,-0.10501655079923583,0.020264385125190545,0.06143673477528191,0.0463430030859067,0.06697628282508598,0.06954283258714293,0.0623252778294806,0.030594630225320787,0.02549108642244614,-0.04258572386035535,0.06243082693888047
2020-05-26,-0.08479102276104078,0.0407691120891389,0.08461332627206807,0.06876164553366128,0.08881601300617356,0.09090107091767877,0.08427562078784073,0.04923365859224007,0.04424289890404992,-0.02122595616686155,0.06356506659417921
2020-05-27,-0.0852327188204961,0.03630387702033892,0.08058062066646726,0.0671707458504927,0.08506317527794788,0.08742278672705851,0.08196444268470084,0.04697020831316381,0.041533498324876454,-0.025976193272447025,0.059256525548049055
2020-05-28,-0.09451546485695848,0.03266601340769317,0.07778023019620316,0.06594022131674505,0.08399742320579194,0.08734297956858077,0.07930355662067173,0.044364183891342536,0.037656678301419694,-0.03190841876631558,0.06260704609064288
2020-05-29,-0.0844344340488045,0.04026506038259665,0.08455190000320004,0.07589163427543229,0.0916647110918298,0.09379827372926458,0.085798765726363,0.04993886191475098,0.04333634243439781,-0.026008431287686533,0.05842600276111796
2020-06-01,-0.06055325921410735,0.06683122725460991,0.11215022518037351,0.1051919484026087,0.12027353045909799,0.12346531994480259,0.11538671424275058,0.07795609007241107,0.0718334454704559,0.0022919028618231946,0.06284516207593052
2020-06-02,-0.06370414786913184,0.06797983283118274,0.11550285795186266,0.11050153012168125,0.1268012738170298,0.13168098674144482,0.12173539066206888,0.08459165859332511,0.08161239772435404,0.008024478825623977,0.0717286266947558
2020-06-03,-0.06431591952241437,0.06717647680379991,0.11412943419383577,0.1117509144568876,0.1258360197981719,0.13169408878342767,0.12197159829283716,0.08310631475252254,0.08302530922818002,0.010131577111185518,0.07444749663359988
2020-06-04,-0.06225636721074475,0.06859424295484376,0.11955067782870535,0.1161318704262577,0.13052903398863372,0.1363665582776952,0.1269562655554559,0.08638227853734062,0.0821289419227773,0.01118560375778781,0.07344197096853256
2020-06-05,-0.06866149343828136,0.06592061183383244,0.11991346846332258,0.1164843365910234,0.13051769071328692,0.13620010500275298,0.12922126088366384,0.08886707613186125,0.08141931767480765,0.01168620502018474,0.0803476984584661
2020-06-08,-0.07334922943179524,0.06280412157331396,0.11689843809609451,0.11316574470046784,0.1297008547154173,0.1362951648274727,0.13152850360388843,0.08920840674661949,0.0817687694037155,0.010255586181777932,0.08360481561357316
2020-06-09,-0.0702639093516219,0.06666428520533413,0.12089112288733873,0.11780506606148085,0.1347831371757997,0.14228660178507602,0.1364956927823327,0.09367716998102393,0.08685667741498476,0.014134129352183694,0.08439803870380558
2020-06-10,-0.06865288057308407,0.06452105546002342,0.11695579529408899,0.11620752583779058,0.1318022686891803,0.13779365144034145,0.13303933589240277,0.09073776915114508,0.08447125077630625,0.014267051730246219,0.08291993230333027
2020-06-11,-0.0732819659491812,0.06035985322370302,0.1115065910108947,0.11158925265534558,0.12904087551868013,0.13637738567917615,0.12817927462375175,0.0864462446094759,0.08275088352793776,0.01153245411540002,0.08481442006458119
2020-06-12,-0.06762992484978844,0.0595451823774857,0.1125996542493709,0.11104260543720113,0.12727840893644238,0.13644498142725806,0.12776280979560004,0.08513602119985468,0.08175226883407034,0.012256309182895676,0.07988623403268409
2020-06-15,-0.06946845269986239,0.05503273882499517,0.1086240724953845,0.11027542343819641,0.12436795799696528,0.13456049267256448,0.12700384793858002,0.08431625952608846,0.08058817994051008,0.012800496616147976,0.08226894931601035
2020-06-16,-0.052829316572065674,0.07261360061929767,0.1250369201877702,0.12818426817064613,0.14263473777104682,0.15155633112300398,0.14502899195064345,0.10163273845962902,0.09689708714311027,0.0305448166846485,0.08337413325671415
2020-06-17,-0.052705165437680314,0.07934195450066137,0.1316169252400034,0.13280881767515143,0.14619157637146044,0.1551550516445458,0.1487276435659041,0.10694614972826003,0.1011025265457606,0.035704093963223445,0.08840925940090374
2020-06-18,-0.06369316949676437,0.07151850832845419,0.1301383784439792,0.1330830107757173,0.14719943253875017,0.15716252337789527,0.15060135919316953,0.10849266233743735,0.10329808815217281,0.03671001577089001,0.10040318526765438
2020-06-19,-0.06255364407011188,0.0750213080450746,0.1355704528212791,0.13743778032278364,0.15211041588742,0.1646510394041072,0.15628333439368056,0.1131001280394783,0.10713147437615597,0.0431087274732025,0.10566237154331437
2020-06-22,-0.06047470361222524,0.07926042180404752,0.13758437600391568,0.140703212471443,0.15448285586265087,0.16598574123663873,0.15746085762298162,0.11558128003223728,0.11020593737190112,0.04601803195084489,0.10649273556307012
2020-06-23,-0.057220466272346705,0.0826219919099202,0.13803579865005025,0.13919079146230276,0.15191276145197635,0.1626913334881003,0.15499129249247745,0.11146405194871759,0.10758921087116258,0.04594352282414242,0.10316398909648912
2020-06-24,-0.05768372680176237,0.08075891244542878,0.13542505119933343,0.13892552626527316,0.14879299793654274,0.15915641617391935,0.15215225666585505,0.1082056346010194,0.10494853308344909,0.04049705151097909,0.09818077831274145
2020-06-29,-0.059624651622851986,0.07368213617351857,0.13029616969354846,0.13196072405131629,0.14286866954055455,0.15063899364764816,0.1449799607830041,0.1026097169366945,0.09982452172729901,0.0370749361995189,0.09669958782237087
2020-06-30,-0.0378116173392201,0.0910461516936109,0.14690346478717198,0.1467731813356536,0.15712349945779538,0.16540985227498464,0.15961295454141636,0.11488782056119085,0.1130087953788515,0.05222451499543762,0.09003613233465771
2020-07-01,-0.03693561809069684,0.09169625242859343,0.15000080289428905,0.1514094094789954,0.16013587818317865,0.17165206792967563,0.16778167166345617,0.12341388131886662,0.12252620925444538,0.05693504963418314,0.09387066772487997
2020-07-02,-0.028531109635684122,0.10138673354553472,0.16366361744454697,0.16458946131372545,0.17484279191050814,0.18746578242758685,0.18555864657650686,0.14148720168041676,0.13973843633580507,0.07015991773090613,0.09869102736659023
2020-07-03,-0.023228545225138335,0.11116987147363189,0.17185736952498665,0.17553308010259905,0.18927983358810901,0.20044866001471148,0.1994839961194038,0.15405223707888765,0.15448060300920993,0.08315870324783996,0.10638724847297827
2020-07-06,0.020432885331907354,0.1491749694106835,0.2134572873819209,0.21567080728799934,0.22917746679752565,0.239462751949163,0.23910976991642505,0.19444854302042777,0.19408748231269765,0.1198664343036666,0.09943354897175923
2020-07-07,0.021498841645872502,0.15190368185964584,0.22105466440458688,0.22512278795729612,0.2374831109583656,0.25022554868483055,0.2517633875791778,0.20805908016687383,0.20605071420357024,0.13553836023312557,0.11403951858725306
2020-07-08,0.04837115455668371,0.1772193687879843,0.24342088617520727,0.2456083747956666,0.2618790432232507,0.27222278924141047,0.269728502707141,0.22706098433707597,0.22302163363393496,0.15098434923376433,0.1026131946770806
2020-07-09,0.06544783167829146,0.2016968088706316,0.2692307441933657,0.27042208972466236,0.28715075922109773,0.2956227709021323,0.29707969093302417,0.25680669230830827,0.25022519462565695,0.18094540945219137,0.11549757777389989
2020-07-10,0.054453378780198014,0.19319378880133456,0.25752953418912145,0.262178136054626,0.277827027724168,0.28602118228173307,0.2888542492903988,0.24961963707440787,0.24290212676670953,0.1756898203064473,0.12123644152624928
2020-07-13,0.0842913861762408,0.22738646980640415,0.28872093126903187,0.2959708773139043,0.30895598091861937,0.32227991774667375,0.3225773998545683,0.2852544843811927,0.27931170940845346,0.20728253500458907,0.12299114882834826
2020-07-14,0.06954876864231438,0.21880238807749108,0.28290796939527085,0.28678933483799973,0.3011921636596547,0.32076898993148717,0.3183462667430827,0.27900626640832077,0.27349114082580184,0.20191246773241656,0.13236369909010218
2020-07-15,0.03219352404003342,0.19085148272198965,0.25332429787880845,0.2561490232201877,0.2736166011131686,0.2931869578880941,0.2912039154498226,0.2572165279149981,0.2528172270751522,0.1813960222930503,0.14920249825301687
2020-07-16,-0.023427527187916408,0.14539776635782362,0.20964933646069395,0.21221401733127546,0.23140349751186223,0.25161052949085655,0.2477490452156398,0.21279948507831398,0.20963270081106733,0.13285119748240432,0.15627872467032072
2020-07-17,-0.017933376375466624,0.15312682487693746,0.21564280135946912,0.21918455199334896,0.2352693669052744,0.2527407510666607,0.2511114658392783,0.21307685079269637,0.21039765516071116,0.13342760666395795,0.15136098303942458
2020-07-20,0.01885339995583029,0.19427811623361646,0.25550225919357505,0.25974400570052997,0.2709723140706869,0.29031993364582004,0.2858546596961813,0.24436752063515058,0.24293765806501252,0.15963095695962462,0.14077755700379435
2020-07-21,0.01723656783145541,0.1951925433807507,0.2575101822181446,0.26162349800196605,0.27773124259982435,0.2965469689507982,0.2907721898610727,0.25087653441778685,0.24980326300598318,0.16804158422854867,0.1508050163970933
2020-07-22,0.024987008100902076,0.19843404502730125,0.2618273069243293,0.2669036320456918,0.2799916316515629,0.3012185220192077,0.29554265394340656,0.2551465854210526,0.25280585702730785,0.172807598903295,0.14782059080239296
2020-07-23,0.02864383038394728,0.19775574865068898,0.2603281500943887,0.2654730114494799,0.27813176021848335,0.29647325051899326,0.2919805099964834,0.2490750955154919,0.24333020599590482,0.16176465146611455,0.1331208210821673
2020-07-24,-0.012091441317035517,0.15471114674396608,0.21764818212323606,0.22473261998484115,0.23636550525228972,0.25578804856542897,0.25225676531303043,0.2067139785881816,0.19651930004859036,0.11199377288656272,0.12408521420359828
2020-07-27,-0.009911330998520599,0.15592042377703474,0.22106596791703706,0.2270125317311252,0.23942460062334542,0.2588864808502379,0.2524886139033361,0.20951863033893897,0.19506379610641614,0.10773894399386391,0.11765027499238456
2020-07-28,-0.003991239491330953,0.16514966023337083,0.2305663460096917,0.23735534079628842,0.2523918756935739,0.2698602279497975,0.2667116311555629,0.22375571992069818,0.2097484212115629,0.12332362918905015,0.12731486868038117
2020-07-29,0.01943433069825105,0.18790885843212018,0.25274035175288767,0.259811675281895,0.2747782467049524,0.29353043761882086,0.29160699080204855,0.25011061745784413,0.23763033781267806,0.15392936749769787,0.13449503679944688
2020-07-30,0.022941556341534705,0.18605199423811547,0.2540120445754615,0.2606773150757864,0.2742527944239847,0.2921708381002705,0.289662939123598,0.24651837725786296,0.23298334652496142,0.1467759054050544,0.12383434906351974
2020-07-31,0.03406944015527093,0.1965106600380545,0.26236176039965325,0.2717390114994247,0.28640148642939245,0.3036451971226361,0.30200056450210067,0.25901912920722353,0.24755747880854223,0.1611463586426683,0.12707691848739744
2020-08-03,0.06355214349892697,0.22693483022805105,0.2933809476382382,0.2986326030112772,0.3166316413773111,0.33121190777059895,0.3316846228778976,0.28817641293753593,0.2766389034409503,0.18931688184889373,0.12576473834996682
2020-08-04,0.0546991413919374,0.21817471483228587,0.2859561370845701,0.29219420698970344,0.3093350233485632,0.3276339788873674,0.3268139186226479,0.28515427973113405,0.27040079032948844,0.18504455159335637,0.13034541020141902
2020-08-05,0.07284496584834331,0.23480938316565464,0.29738556987839176,0.3031880455574233,0.31819702822080503,0.3361621107439288,0.3344914501363619,0.29060562624038533,0.2763027884627159,0.1884827695315744,0.11563780368323111
2020-08-06,0.0648015285760461,0.23222804587519874,0.29315771004827834,0.3005024021076285,0.3158214420049609,0.33524064010820437,0.3339487034719201,0.2890707938723034,0.2760647632875408,0.18512647078751432,0.12032494221146824
2020-08-07,0.05958302956583615,0.22159819549245074,0.2834631140364696,0.2875605409328916,0.30155259841763604,0.3202280331674699,0.31825134630895313,0.2706228496396744,0.2582703092575927,0.16540861880200902,0.10582558923617287
2020-08-10,0.053955210222106004,0.22431815021867751,0.2905016592906315,0.29822722542033403,0.31330203627314623,0.3333246613339495,0.3305674811813648,0.2811026491253172,0.2689032955609675,0.1760563679134598,0.1221011576913538
2020-08-11,0.03262257207151522,0.20466972734187194,0.2711027620147135,0.2767651343102169,0.2939280011154722,0.31322052045940046,0.31045218787161455,0.2627555881729893,0.24879618925823313,0.16161815263757404,0.1289955805660588
2020-08-12,0.015151963179563379,0.19659608121017338,0.2650263348454647,0.27064867679499366,0.29035733515723244,0.30965865043345375,0.3078089141892865,0.2577018711672742,0.24313335660843644,0.1519298075410966,0.13677784436153323
2020-08-13,0.019457726794391377,0.20011445367948782,0.2687258392220097,0.27509052227966846,0.2966702421937843,0.319593860823905,0.31244480647662726,0.26620519069800025,0.25043214517354323,0.1583866806961096,0.1389289539017182
2020-08-14,0.018672031899204515,0.20651167820830443,0.2760489260364829,0.2853356614913944,0.3063366654806092,0.3275654635997014,0.32428680634061663,0.2751713295054594,0.2606019648889319,0.17080998934859518,0.15213795744939065
2020-08-17,0.03684413285614377,0.22472076250687037,0.29554995497415826,0.30424994304135766,0.3232403827374894,0.3482265814737177,0.3441883306691922,0.29541454176658705,0.28106889504519594,0.18851807080643332,0.15167393795028955
2020-08-18,0.047835082809765395,0.23279220175906684,0.30364859840727265,0.31149303910353304,0.32919632341319877,0.3538959632021732,0.34970974288167095,0.3010845416386612,0.2876166966351667,0.19616604939067345,0.14833096658090805
2020-08-19,0.033070088600545056,0.21676278102223742,0.28629786244382194,0.29390926786080657,0.3141248115264334,0.33938683267305614,0.3356514721622276,0.28620474059558226,0.27244227041483127,0.18087599387997155,0.1478059052794265
2020-08-20,0.012143770203397679,0.20269820164975874,0.27332125896320564,0.2838667567244899,0.30193255094060123,0.3300440420877322,0.32775262984317977,0.2777537756616484,0.2642195476105404,0.17311672720016222,0.16097295699676453
2020-08-21,0.018791634223281117,0.20908772985927165,0.27855892428433726,0.28996793493185363,0.3079887482112228,0.33794208688684696,0.33435179959705774,0.2853549320870543,0.2718534697980521,0.18094273574924238,0.16215110152596127
2020-08-24,0.02271170922127963,0.2127809868004354,0.28297641200433427,0.2959772130756754,0.31512935440739565,0.3417965475991167,0.3436402154921512,0.29256973878795745,0.2817006215549809,0.18549614265016034,0.16278443342888071
2020-08-25,0.02516809119669319,0.20795714368320106,0.27975628657814516,0.29239230240015607,0.3140362091244802,0.3430767427966727,0.34371949608785546,0.29438579142520815,0.2814016764856301,0.18836239823784345,0.16319430704115026
2020-08-26,0.0023610222883927896,0.18689638057277783,0.2587809378979589,0.2715136199943592,0.29332281455596665,0.32424292929382664,0.3227142788892274,0.27407073706252527,0.25974046646334986,0.16614581363656694,0.16378479134817417
2020-08-27,0.014485959465434912,0.1981625817879786,0.27100968413554993,0.2855845562789023,0.30781073673982706,0.33944008944332743,0.33535175714603715,0.2861408161712469,0.27168017390555704,0.17815162178878655,0.16366566232335167
2020-08-28,0.014972970564001513,0.20491368575069366,0.27928765880544043,0.2957116322779802,0.32068345066024234,0.3508445055637115,0.34878474028036127,0.2988697593800791,0.2827620882536039,0.19122158980312803,0.17624861923912655
2020-08-31,0.019488235643781642,0.2060958569400522,0.2817790577650737,0.29706555803226886,0.3200005187000059,0.35227943890981933,0.34965479835099644,0.29898582047168715,0.2841113326353283,0.19101433774151888,0.17152610209773728
2020-09-01,0.035630442522818905,0.21516295140611047,0.2905621300512368,0.30225023792496203,0.32431828394174167,0.35950418955350283,0.35496099758914357,0.3025044956918642,0.28479416930211593,0.19097365025804308,0.15534320773522423
2020-09-02,0.05053437287118374,0.22708076189098358,0.29818740214699563,0.3082124485423557,0.33160475635012426,0.3633556305211481,0.3588758835951989,0.3043624722641186,0.28725350985038023,0.19010505061417063,0.13957067774298695
2020-09-03,0.034017145093296744,0.21649302934656794,0.2897205465051749,0.2997003692995859,0.3242550088100781,0.355642015365048,0.34879498580711776,0.29591846088125084,0.2789661593824396,0.18361214886299065,0.14959500376969398
2020-09-04,0.039183097706686335,0.2201790291098279,0.29113354006877806,0.3012761438703381,0.325679688482651,0.3554921072582942,0.3473013837589342,0.29657792610653627,0.2794391458027926,0.18524924653026723,0.14606614882358096
2020-09-07,0.044506596285741294,0.20902850954328725,0.2815769028342443,0.28843250252083175,0.31408461235197954,0.3431365533697605,0.3334013714204902,0.28126522180054025,0.2612442424835546,0.16490846389601535,0.12040186761027412
2020-09-08,0.06914342364970048,0.225635991963918,0.2939057170297738,0.29939156661170624,0.324772402468004,0.34856920525450064,0.34016466526513656,0.28589893322256793,0.26634846549179,0.1667174247101492,0.09757400106044878
2020-09-09,0.014907906080695282,0.20232917810226647,0.27388866514930277,0.27715839757446503,0.3038504066360133,0.32743542205237935,0.3152466439763145,0.26160923833486954,0.24068164813433107,0.13459649755569242,0.11968859147499722
2020-09-10,-0.05065398881219901,0.1565878271671048,0.22817539900615508,0.23429664421438737,0.26943053191677085,0.2903388927367783,0.284920264517555,0.2368066491847967,0.21396913531230777,0.1092515255292616,0.1599055143414607
2020-09-11,-0.03788528703234946,0.17228529902123363,0.24618751735381683,0.2516530592248046,0.28590966955638,0.3048567254845814,0.3008232802700197,0.2526728382626217,0.22779980376499068,0.12790397677865023,0.1657892638109998
2020-09-14,-0.019301006970991182,0.1870740606030203,0.2662655705909185,0.2696329444761169,0.30571678183140977,0.3232044935474691,0.3174988762035382,0.26695918358867593,0.23898297234428856,0.1374585021842842,0.15675950915527548
2020-09-15,-0.021202905215007818,0.18751359343179833,0.2684295256287037,0.2749429412027526,0.30875476113903577,0.32687996312128276,0.3223305001333031,0.27115648243804363,0.24303230854730495,0.14297607200156778,0.16417897721657568
2020-09-16,-0.02144839776589453,0.18155426736449998,0.2599803545691363,0.26907140698532933,0.2997080867386213,0.31895908282552576,0.3153697174878988,0.26439876385637634,0.23547950616803706,0.13799586085551085,0.15944425862140546
2020-09-17,-0.02344800144497985,0.18101363953916605,0.2632927488982318,0.27348437809348747,0.304037595794145,0.32275871342876006,0.32160884946993507,0.2713176352651696,0.2417891123959331,0.1451381144383621,0.16858611588334205
2020-09-18,-0.01868579623160263,0.1907099452838566,0.2746877554505679,0.2864248710954948,0.316952698170851,0.3369783228857258,0.3367028726259306,0.2865542914099426,0.259120126291976,0.16371902577830794,0.18240482200991065
2020-09-21,-0.020941290918060546,0.18577129613626367,0.27210399432623605,0.2873234988753072,0.313627182655756,0.33578183403438455,0.3350750993809286,0.2830694987231396,0.2585775264732558,0.16574227920837814,0.18668357012643877
2020-09-22,-0.03921710584488287,0.16684095549618178,0.25904139304885787,0.27166317716991045,0.299510384867798,0.3230426785178024,0.31974258859081395,0.26757522111630994,0.24284014312729646,0.15002591909225096,0.1892430249371339
2020-09-23,-0.03464137375571821,0.17389920515539298,0.2651176695341718,0.2798736833726039,0.3066642105813064,0.3313450592760907,0.32780936590532983,0.27539225664584444,0.25029654501981075,0.15852598542248855,0.19316735917820682
2020-09-24,-0.06635484467253053,0.1445281676736874,0.23632044296164698,0.25217451931803303,0.28017556736719,0.3039456079216582,0.3027071327787099,0.25036519185860273,0.226307703825921,0.13405097279118425,0.20040581746371483
2020-09-25,-0.07593692964635101,0.1395798673286881,0.22813410337539702,0.24680361701341658,0.2752779049904623,0.3003002862775365,0.29672824463247144,0.24542630348295685,0.223326417537412,0.12970176581284257,0.20563869545919364
2020-09-28,-0.09247058488351678,0.12419406167174182,0.21316872385348457,0.23230381738974643,0.25949811561271374,0.2856008908542385,0.28355329323633494,0.23018688724838185,0.2111139981740427,0.1174938181514488,0.20996440303496564
2020-09-29,-0.08769259715693005,0.13249301641505953,0.22206936632630944,0.24251767491180445,0.2681810932483001,0.29477227628586894,0.2907750743069246,0.2388651912860983,0.22019394231791706,0.12777119032275036,0.21546378747968048
2020-09-30,-0.08909494561602498,0.1258022208179203,0.21819661652856104,0.24178897346106407,0.2658941455207226,0.29379677384843406,0.2888868465479299,0.23638496556554234,0.2189668110085181,0.1247043526746058,0.21379929829063085
2020-10-09,-0.04896211971025531,0.1589889897775249,0.24932198894325394,0.27158693440732046,0.29569668607536936,0.32195823925073136,0.3184196064566669,0.2654048198648083,0.24676213038437048,0.152620258152088,0.20158237786234337
2020-10-12,-0.02014695958020269,0.1907413192737082,0.28090409964598007,0.3022397025520295,0.3272514518547719,0.3534128108071153,0.3481954664870244,0.29513635845254205,0.2754833105797217,0.1834569964473281,0.20360395602753087
2020-10-13,-0.017047083217617276,0.1962895649971969,0.2858493884955912,0.30594843734749366,0.3317100418146928,0.35567635665278735,0.3500845895540984,0.29693782472033975,0.2757859725154819,0.18631956403898445,0.2033666472566018
2020-10-14,-0.018257535684639625,0.19149081751889424,0.2830225586771099,0.3000041202133539,0.32772272557426685,0.348873855890337,0.34250746718888175,0.29070350889974206,0.26644523730949465,0.17612930610212052,0.19438684178676024
2020-10-15,-0.03279866296965739,0.181752171771928,0.275389724627351,0.2925514557702997,0.3230801717114841,0.342394157648107,0.33673801284431376,0.28406976997181366,0.2617380582883587,0.1697218987492107,0.2025205617188682
2020-10-16,-0.03740313325594966,0.1813502909221506,0.27406702166682473,0.2949078867525624,0.3245910677605275,0.3423734856047924,0.33822985589987603,0.28671471994963105,0.26404231982782705,0.17027557364355425,0.20767870689950405
2020-10-19,-0.04522566831953561,0.1748524288565693,0.26819689376106687,0.28887462469958447,0.3197732505239432,0.3388282061695681,0.33155009171028876,0.28309188597583346,0.26051990918991014,0.16643039414593566,0.2116560624654714
2020-10-20,-0.03428258284309893,0.1874095820782674,0.2821923935779964,0.302305047373746,0.3297503631520128,0.34808505845722953,0.34045233193867297,0.2907468983454276,0.2697808860863911,0.1762073137629489,0.21048989660604794
2020-10-21,-0.04667063099101912,0.17357320204698615,0.2721765931510353,0.29006567776838055,0.31896193629085956,0.3370765202859594,0.33170023356368744,0.2778539592615391,0.258678673046604,0.16334424233282877,0.210014873323848
2020-10-22,-0.052606998021140855,0.16791409838596105,0.26795172736873835,0.2877875138359286,0.31690403014917534,0.335539089829087,0.3284883232309184,0.27673190146907906,0.25619072473428917,0.15979566982005097,0.21240266784119194
2020-10-23,-0.07638459615361227,0.15070355469059077,0.2562804261242757,0.275534351548102,0.3038512133510795,0.32327765262597297,0.3157817103412251,0.26577746107004663,0.2434564614379887,0.1462635869816942,0.2226481831353066
2020-10-26,-0.07346332797153812,0.15598147153699285,0.2610177001378055,0.2814686827039738,0.30667780571751746,0.3255234410640396,0.3157727408134987,0.2639092730363777,0.24150166143224344,0.14433837238686978,0.21780170035840804
2020-10-27,-0.07454934330392717,0.15492403968101948,0.26258900442653044,0.282047176373327,0.3075714505035329,0.3250358042743627,0.3179109413420521,0.26470485347799566,0.2416513052178973,0.14524179884988084,0.21979114215380816
2020-10-28,-0.06851386939023196,0.15910682526531042,0.26816320493122436,0.2848750258545091,0.3103914085633229,0.32492452896578966,0.31611479214688715,0.26402207433483765,0.24204509992684967,0.14534245424350176,0.21385632363373389
2020-10-29,-0.07538704947096168,0.15758894087880865,0.2662898714534804,0.28343649537266496,0.3093658317076282,0.32048846006002213,0.3133203220173899,0.26202934546458373,0.24027369393580159,0.14245578602974035,0.21784283550070221
2020-10-30,-0.10127473355401807,0.13164493153169401,0.23612628326880022,0.25546944444179254,0.28005557821375987,0.2962095939739678,0.2874107966306461,0.2339059622146937,0.2135349142832871,0.11564389523637374,0.21691862879039198
2020-11-02,-0.0801906285657959,0.1459448461861973,0.2473557267413204,0.25955440082886666,0.27814823433805014,0.2902867797088267,0.28104558243380845,0.22872180247821472,0.20821212899842906,0.10883563367007175,0.1890262622358678
2020-11-03,-0.07514567829866814,0.15945859246333763,0.26710719709936853,0.2792411816820706,0.29953363456915566,0.31555858870164194,0.307181525262392,0.25423001195548967,0.23435854188700425,0.13442570543996551,0.2095713837386338
2020-11-04,-0.07605800657559954,0.16308954745226428,0.2649553247811189,0.27868719324187136,0.29572339564008027,0.31315697735200043,0.30334808627018145,0.25021558046419584,0.23104158635670008,0.12922132232374658,0.20527932889934625
2020-11-05,-0.054463932380540446,0.18157458009906122,0.28384242638520996,0.2951029437363843,0.31313363680245115,0.32957863283164635,0.3210730448878606,0.26471899167349505,0.24860000504436158,0.1469146664797453,0.20137859886028586
2020-11-06,-0.06719397949738622,0.16810461937713833,0.2732538865365592,0.28619711925116487,0.3041022119791623,0.32018459877251115,0.3135267856575639,0.2559643661728482,0.23841918158119363,0.13834614848587745,0.2055401279832638
2020-11-09,-0.04869624851002717,0.189500964055183,0.29230722589535796,0.30688643780267016,0.3275897966939533,0.34193553150616673,0.3356024491604072,0.28096957368239117,0.2621656595733013,0.16415414741693193,0.21285039592695923
2020-11-10,-0.06281038732460148,0.17602473348294106,0.2777137608227,0.2984941870978218,0.320333278021306,0.3338314655105597,0.3296772152473954,0.27550167376665885,0.2536463580312868,0.15842542432005963,0.22123581164466122
2020-11-11,-0.07817227885600478,0.1582042102487479,0.26264079701585674,0.2880089234967708,0.31166546128717354,0.32306579406797076,0.31793788845078347,0.2644470031686792,0.2434107572483149,0.14564843965103896,0.22382071850704385
2020-11-12,-0.07445421236985529,0.16113268810877154,0.2625593099206414,0.28928975931600803,0.3129732108318896,0.3225459485616874,0.3182267616895289,0.26454362370419077,0.2429086113787182,0.14448425342166898,0.21893846579152437
2020-11-13,-0.07509157751523063,0.16346067325958014,0.2644156806761009,0.29030266772511903,0.31261121370353,0.32317780893838033,0.3166608862349296,0.2646396517262085,0.2424254697403962,0.14482155216276268,0.21991312967799342
2020-11-16,-0.05582499065537319,0.17439390882799752,0.27524613158538125,0.30075099307528425,0.3217709093227786,0.3311682450646898,0.3244791855515725,0.2741671729026511,0.2512017381235119,0.15165847928159984,0.20748346993697314
2020-11-17,-0.06165925054216269,0.16911260062083056,0.26869036909088734,0.2929231641724044,0.3156533238251248,0.32675137220944483,0.3168045728270803,0.26741690780758254,0.24223905066823379,0.14171751762503862,0.20337676816720143
2020-11-18,-0.060409333917963944,0.17359871367072574,0.2731836421270818,0.2984207920579074,0.3191712861994571,0.33016328013759305,0.3200155473542618,0.2717806664571514,0.24786789995813052,0.14614176017672903,0.2065510940946931
2020-11-19,-0.06873093587898724,0.17412753204014153,0.2742679158956665,0.3002307751527747,0.32490662749987587,0.33380083468073823,0.32438150424772816,0.27924266461625347,0.2539436130565973,0.15545741417730596,0.22418835005629334
2020-11-20,-0.05906452101992035,0.18303523868370747,0.28253765711979784,0.3071299179147029,0.3282856409804775,0.33948748629573033,0.32674843304247053,0.28258873039378357,0.2561965038187519,0.15738928024514912,0.2164538012650696
2020-11-23,-0.048342430532445926,0.18787555168281161,0.288069128801979,0.3079046407962612,0.3304024201836696,0.3407419125357157,0.3288488951226824,0.28417195148988494,0.25803201025106276,0.15859589942584662,0.2069383299582927
2020-11-24,-0.04651696300383867,0.18736661951451078,0.28570725671872,0.3087321508643751,0.33043219330956786,0.33911173148209617,0.32876334631130416,0.282116714226116,0.25713094199379244,0.15662280343631002,0.20313976644014886
2020-11-25,-0.06739760883297657,0.17009684091323668,0.2734433028402167,0.296605393302301,0.31886342976126214,0.32637773054213903,0.316134502818289,0.2701881384814888,0.2441932296392264,0.14493479030978068,0.21233239914275742
2020-11-26,-0.07552722989460828,0.16464547234262566,0.2692786994631091,0.2942636264153026,0.31766353453385343,0.32263996232673775,0.31242241901373724,0.2664696614997183,0.2388383905339564,0.14073847140365867,0.2162657012982671
2020-11-27,-0.07929526427357222,0.16546868596943082,0.26806860441548647,0.29575063303534505,0.3176488383478614,0.32405906667177925,0.31372479899987693,0.26749735884458187,0.23736201190557998,0.13715015549451862,0.216445419768091
2020-11-30,-0.08244763681436484,0.1607225556795307,0.2667014859463272,0.2929532234159113,0.3157496263829107,0.32333928464679096,0.310829438957935,0.2662307650418526,0.23343338466246963,0.13545220868296562,0.21789984549733063
2020-12-01,-0.0711510280582227,0.17066617166499495,0.27833950988712114,0.3044628937189228,0.32782154211142006,0.33656485754899135,0.3235593284489626,0.28238797948554184,0.24939437148918206,0.15486716331519446,0.22601819137341733
2020-12-02,-0.07312972277844147,0.17304635583899441,0.280135176191813,0.30564532455500176,0.3310420780347964,0.33849036240544,0.32716174090874994,0.284710413198704,0.2509272414729792,0.15875696804570688,0.23188669082414853
2020-12-03,-0.08278460269817098,0.1660278642878268,0.2777114302215388,0.30237637253275507,0.3276703234441565,0.33721117044296345,0.3277297938879249,0.285389512206507,0.253592783080457,0.15888022012592265,0.2416648228240938
2020-12-04,-0.08256340078639826,0.16690461992917227,0.2801020797759257,0.3047149077145516,0.3319380565776474,0.3414703221642571,0.3309744384087475,0.28834039594546457,0.2542396643358974,0.1598629009446083,0.24242630173100674
2020-12-07,-0.08478400677427621,0.1629125794973534,0.2748132913078562,0.2989901344866691,0.3258047510195995,0.3360396377263191,0.3271560132837347,0.2817815693208209,0.2487932879048421,0.1531642854895147,0.23794829226379108
2020-12-08,-0.0888803984120123,0.15854490180496636,0.27254041463462764,0.29748084731080343,0.3247340156855147,0.3345190191058565,0.3247253963335027,0.2804205777742669,0.24672211380146966,0.15094264792690823,0.2398230463389207
2020-12-09,-0.10668802942899605,0.14293626194836814,0.25321311908347044,0.2775187106326651,0.30661977841514776,0.31707434223553954,0.3068783165075568,0.26009749386502556,0.2250818397583287,0.12893816481416429,0.2356261942431605
2020-12-10,-0.10846458814438466,0.14376299711379004,0.2540149162491259,0.2783977191126779,0.3069420654170543,0.31624948529482505,0.3067527682610207,0.26185641559495687,0.22511484218961328,0.12565234783573118,0.234116935980116
2020-12-11,-0.11966019603342608,0.1295038578598914,0.2388274591089876,0.2616990421773699,0.29049680657465954,0.30044777969330866,0.2908724842577394,0.24426923109783455,0.20385551121988726,0.10212009144856246,0.2217802874819887
2020-12-14,-0.11197587319218574,0.13670731539677086,0.24468480942899062,0.2681617715272641,0.29832372378899985,0.3072764874461082,0.29832080945372025,0.25175801687857885,0.2124432171467365,0.11158821984405135,0.22356409303623723
2020-12-15,-0.11763574756074874,0.1350077083616979,0.24123219385094619,0.2690797011098516,0.29837805080919505,0.30705528389507986,0.29814860667786824,0.2520981553012391,0.2133255706546899,0.11434401323284449,0.23197976079359336
2020-12-16,-0.12232939913077576,0.12957559245186434,0.23050474866177773,0.2583885224405266,0.2859446678588533,0.2944063079674771,0.2844892031013465,0.23827402582597546,0.19735592488384207,0.09638222100009186,0.21871162013086776
2020-12-17,-0.12025093071533785,0.13715052430689287,0.23993586319249816,0.26871494773112586,0.2967129508802835,0.3035821506491421,0.2953809705410365,0.24958940342025843,0.2091136530189533,0.10977557579089701,0.23002650650623502
2020-12-18,-0.12321027025695476,0.1340947861623396,0.23991373467291988,0.26670040337805406,0.2930986324469471,0.2992506340191423,0.28780918424776913,0.24322197853548946,0.2000146775391024,0.09993999161131373,0.22315026186826864
2020-12-21,-0.1037428076294859,0.147590461786356,0.25019870763846136,0.27694240191983455,0.3025897873164603,0.3069337878986065,0.2966055569214528,0.2511515850190342,0.20716228100213918,0.10544310394769986,0.2091859115771859
2020-12-22,-0.12157791391241826,0.1266366408490333,0.2316685561281833,0.2538739072515086,0.27997126818097545,0.28432568673717373,0.2751625662267407,0.22988655698338537,0.18372622614808554,0.08402801063897594,0.20560592455139437
2020-12-23,-0.10678415073454396,0.13727758316440505,0.23969305273365776,0.26086311727303474,0.28254297394016387,0.28720274998829615,0.27602883908699544,0.2274660560119276,0.1811533209711727,0.0801343343694902,0.18691848510403433
2020-12-24,-0.1235334492998165,0.12138034845431199,0.22668656641904356,0.2425936615112175,0.2646575400320729,0.2682105829696022,0.2535546650863576,0.20415445927599365,0.1545866699925353,0.052521857104282976,0.17605530640409964
2020-12-25,-0.11043273584698675,0.13151474578916159,0.2348740589388928,0.2504318199450274,0.2734340106389745,0.27820049153494636,0.26409530560354605,0.21230360578462584,0.1646160254271122,0.0623231857834915,0.17275592163047843
2020-12-28,-0.10897527471850975,0.1280892829855043,0.22772198606958746,0.23997131150623907,0.2598112406433489,0.26268240664090664,0.24739700440727797,0.19310196385435366,0.14592682086932524,0.04262162193613532,0.15159689665464526
2020-12-29,-0.14182973125528875,0.10785062601350234,0.215828968647227,0.23550011794067865,0.2612145681378954,0.26660482649838335,0.2552042458086182,0.20280751069010863,0.1565977351426331,0.0555470134818797,0.19737674473716865
2020-12-30,-0.12958690210257623,0.1180010762300547,0.22293884345370982,0.24313463679962424,0.26321801833147856,0.2678147924111546,0.2560934332507363,0.20461309372990258,0.15596575686879607,0.05754293925147341,0.18712984135404984
2020-12-31,-0.11586654016099256,0.12813885403812642,0.23439170107344073,0.25760816308746043,0.27711881096573127,0.28233752599192125,0.2716598268041501,0.22064768950712665,0.1728480555347084,0.07424096709573387,0.19010750725672662
2021-01-04,-0.08939338332303048,0.14684651643853627,0.2519469695726269,0.27401992064196784,0.28930336417151775,0.2947268463604111,0.2822425114616963,0.23196936156568454,0.18364878446071622,0.08608810070947676,0.17548148403250743
2021-01-05,-0.09055637353205945,0.14491688569276182,0.2530680577417002,0.27597415838660105,0.28847840575014555,0.2944059615803794,0.2824287167093951,0.22856241116394027,0.18031865160075458,0.08332380179315249,0.17388017532521213
2021-01-06,-0.09574436781227115,0.13453429691815824,0.24240557281676195,0.26478394860755394,0.2767924717624447,0.2809625525826139,0.26793429225272497,0.2117964796995724,0.16252102386511907,0.06533450052728383,0.16107886833955518
2021-01-07,-0.09254675422599794,0.12013365205223324,0.22435508215336888,0.24337274069999484,0.25141391398212504,0.2514027751289228,0.23072416374464874,0.17555232017142613,0.11887778636291771,0.022738383721582975,0.1152851379475811
2021-01-08,-0.10897595264214276,0.10733856388654804,0.21630606280493225,0.24024706804822848,0.2538170475510213,0.2526102219778742,0.23750329449004026,0.18191909494914635,0.12666830632133638,0.0303400977360406,0.13931605037818356
2021-01-11,-0.12017936315071037,0.08537552640780835,0.19310677272297874,0.22019346770626835,0.23407938849792004,0.22713072199957052,0.213027293650701,0.15594632423517396,0.09807255942984608,-0.0022064013700641774,0.1179729617806464
2021-01-12,-0.10250875674773002,0.09867666093512498,0.20150410427779616,0.23140950440759983,0.24057175196485647,0.23439079744865976,0.22050801102421422,0.16041960376977105,0.10015978828179625,0.0025568342564100364,0.10506559100414026
2021-01-13,-0.11049961212928157,0.0894091283377105,0.18671583936090935,0.21791183291450347,0.2275209476254048,0.21821092612461612,0.20244492736633213,0.14111819776088275,0.08001134255125938,-0.024304511003243285,0.08619510112603848
2021-01-14,-0.13194884768629042,0.08130662575112373,0.18264098342453391,0.21818733918331173,0.23282579111063215,0.2261063433375904,0.2142909460873866,0.1555959665638672,0.09892992497361766,-0.005546836727040951,0.12640201095924966
2021-01-15,-0.13462214011643844,0.08319635698587007,0.18955811305176656,0.22632037136667024,0.24154139108037412,0.2392338636986359,0.23247586110582957,0.1771988970006203,0.12756090189114114,0.029201017030537426,0.16382315714697604
2021-01-18,-0.11341019591977648,0.0990024608039346,0.2044278265990247,0.2418827476702534,0.2551398051833518,0.25227217109378053,0.24269865869406348,0.19027863403295794,0.14244000039874882,0.046606754032741074,0.16001694995251772
2021-01-19,-0.127321814195471,0.08941645413805874,0.1997935566919927,0.24165930580018238,0.2572254012084576,0.257064993422581,0.25482122086173464,0.20321863644375504,0.15769198434570456,0.06467094540719037,0.19199275960266154
2021-01-20,-0.1173650549188827,0.09704458071023404,0.2042091595732442,0.24784145876452637,0.2568253892831916,0.25839173540196136,0.25439524822614173,0.20623009491730468,0.15896374212597333,0.0632936031988943,0.18065865811777715
2021-01-21,-0.11211353139691105,0.10322582889802243,0.21381768327552403,0.2553570330572424,0.26279709932642,0.2643590481680458,0.2592205397061623,0.2126257120720782,0.1641214489217926,0.06894591213813014,0.18105944353504136
2021-01-22,-0.11594245254594009,0.09687373407083799,0.2065479852879012,0.2455970518504465,0.2514526441522232,0.2521286015198511,0.2473837380736485,0.19944025924602804,0.1494122531969047,0.05515111178139331,0.17109356432733355
2021-01-25,-0.12105593680537863,0.08878644514049777,0.19654751127226866,0.23374195845043036,0.2380040066797452,0.23712160412068894,0.22932504595712627,0.17960596551925953,0.12669159526383797,0.03464199116090744,0.15569792796628623
2021-01-26,-0.13952442928512931,0.07894929782659356,0.18399470199401646,0.22485320264521175,0.2275271667166711,0.2279833029708284,0.22413218988996494,0.17700276283320587,0.12357437457099803,0.032119944905256936,0.17164437419038642
2021-01-27,-0.13778076972782444,0.0801316224388464,0.1854430728645271,0.22604994608778906,0.22788108058020304,0.23065409243058935,0.22334721350769512,0.17898816063210424,0.123736302232788,0.03390071259700124,0.17168148232482583
2021-01-28,-0.16742774591504675,0.05886541392032245,0.16633322789846416,0.21093315588290762,0.2145349491435108,0.22059097514294418,0.21644351436264314,0.1718199238534785,0.11786739768266943,0.027384002965467225,0.1948117488805141
2021-01-29,-0.17617933480335318,0.0495100683055754,0.15422496378635128,0.199327965964291,0.19869063540461906,0.2075484201229647,0.2001520810140486,0.15218452092777424,0.09803206224579834,0.007576903263720305,0.1837562380670736
2021-02-01,-0.1594794864321485,0.06319837677127563,0.16100455040500947,0.2051314951969012,0.2050588322582653,0.21098797207206624,0.2001614286021551,0.15552743033444094,0.09781394739631416,0.005817692148263843,0.16529717858041246
2021-02-02,-0.1526485481195393,0.06751269470078593,0.1681196978395169,0.2085823097465605,0.20736723356464465,0.21276200041693605,0.20192552128325988,0.15626476813111476,0.10057838924430562,0.007991079428933654,0.16063962754847305
2021-02-03,-0.15878533335151282,0.058515545287554344,0.15274676588018243,0.19449235501039067,0.1880256097912824,0.19306830189658725,0.1834196139017332,0.13641127351778934,0.07973446479556706,-0.010268388933080522,0.1485169444184324
2021-02-04,-0.1698952964090302,0.043709057519914,0.13661772987556986,0.17965634970326616,0.1679743720473501,0.17337446860469113,0.1625594230170687,0.11387353978345027,0.057077959362129296,-0.03289609484937481,0.1369992015596555
2021-02-05,-0.19208080885285586,0.026111448006465362,0.1217383828160553,0.16681747970562008,0.15621891388663414,0.16479376255801106,0.15346980709225602,0.10473536706300043,0.04656450433393108,-0.03922852353278679,0.15285228532006917
2021-02-08,-0.1838872803629285,0.031039767302293686,0.12270369579598314,0.16849289823641578,0.15667836631935958,0.1655630304982485,0.1526799910683072,0.10315245434508434,0.04819966718384498,-0.04066216299478623,0.1432251173681424
2021-02-09,-0.1676439884349814,0.04689709357008929,0.14017122809983845,0.18335398760390598,0.17439798358551198,0.18509363777687904,0.17342759139966132,0.12402285251272395,0.06735217244452966,-0.019604016956471085,0.14803997147851045
2021-02-10,-0.15997186403272282,0.05080831417517978,0.14481222587126105,0.19070144588103186,0.18040642463756892,0.19342736335304692,0.1816812568534379,0.13209424095952982,0.07639372660937778,-0.012227111583376103,0.14774475244934684
2021-02-18,-0.14922187370121265,0.07390082993129517,0.1681002663932889,0.21494968266070566,0.20542449989946981,0.22025389845221213,0.2093458333851936,0.1630068912830434,0.10785854291967216,0.02202587308578547,0.17124774678699822
2021-02-19,-0.14024993717724935,0.09345128244303028,0.19272145065555638,0.24322101013680036,0.2324408915369989,0.24938121486620865,0.23930411039242944,0.19322228886654705,0.14245475386308604,0.05628342694393287,0.19653336412118233
2021-02-22,-0.139890474731363,0.09583546401294674,0.19987720891340663,0.2507325194781666,0.24397744646042127,0.2607256995256446,0.24779648910993607,0.20222485434376553,0.14915102870672342,0.06206472318033375,0.2019551979116969
2021-02-23,-0.14305922178725602,0.09084564685664577,0.19391107108661676,0.24533527058093763,0.23617513657538888,0.2518961311894954,0.2385834519100402,0.19467631545028619,0.14254205205518733,0.05961548261787212,0.20267470440512828
2021-02-24,-0.15523266557991558,0.08305946831416662,0.19135004873739436,0.24357736655064827,0.23493520989821073,0.25368617331429455,0.2431159850798095,0.1985652719420411,0.14579026577898638,0.06102936429593155,0.21626202987584725
2021-02-25,-0.1608515641020619,0.07873098465728928,0.18211024803391043,0.23509628059032142,0.22886499469480032,0.2465326956945185,0.23695595214994644,0.19199833490182877,0.1376115913126983,0.05332959039587367,0.21418115449793568
2021-02-26,-0.1743482153200948,0.06869774358899487,0.17297612916590718,0.22979957114488886,0.22658538786572022,0.24618068468767662,0.237551915852001,0.19312419364006428,0.13848421124106272,0.04848197554958329,0.22283019086967823
2021-03-01,-0.15160595935360183,0.08891738165279636,0.19617774612905378,0.254324470218101,0.24724549277241525,0.2680192009815473,0.26002420318917385,0.21368711773024782,0.16250677389295204,0.07320567962052463,0.22481163897412657
2021-03-02,-0.1575828444224777,0.07853764417858095,0.186799895971143,0.24757560448293042,0.2413447435570582,0.26316948110900745,0.25604591742599364,0.20962449206973927,0.15793914813383753,0.06805179447884183,0.22563463890131963
2021-03-03,-0.1446963891499195,0.0949092445876573,0.20147559331780884,0.2621973512217083,0.25205294515269294,0.2753671562040408,0.2669151956980621,0.22130312455706472,0.1693515562287504,0.08098793218542455,0.22568432133534416
2021-03-04,-0.15200883517588168,0.08631115132627021,0.19395101526379804,0.25600341189796605,0.24461844112146514,0.2666765428735663,0.25612129259091626,0.20883844208015875,0.15553563971187542,0.06015514229525759,0.21216397747113938
2021-03-05,-0.15595129379297404,0.08578781017779344,0.19792898661822633,0.26453172885285425,0.25636933569853076,0.2776331157836605,0.26671982610828154,0.22114875662070582,0.16854825865666634,0.07304146866349412,0.22899276245646827
2021-03-08,-0.1627864742999282,0.07842704480081789,0.18857082526922073,0.25533535245360783,0.24774836420956883,0.26521257268102294,0.2505846807187489,0.2048563857014737,0.15192841670304205,0.04917414228599638,0.21196061658592472
2021-03-09,-0.18932775541408187,0.05682623446182186,0.16579754769982452,0.2314750966171583,0.22314926664270168,0.24002631078438777,0.2267314906122975,0.1780406256490732,0.1210097915485258,0.018929580478866073,0.20825733589294804
2021-03-10,-0.20841167206356997,0.04205469271480622,0.1501716687226857,0.21813256055923827,0.21139298659442626,0.22626523034506862,0.2160606294589644,0.16575009695313156,0.1152861846687947,0.02076485068047919,0.22917652274404926
2021-03-11,-0.1924138026288524,0.06606278834882001,0.17267411159985746,0.24002971240205898,0.2345410283430892,0.24761660852618628,0.2367200904763443,0.18551580463774964,0.13337702177226513,0.040489110906629655,0.23290291353548215
2021-03-12,-0.1893224191184123,0.07218766039906759,0.17761532579043435,0.24176003599234375,0.23666330229606583,0.24889799278053873,0.23523770531077123,0.18249221382648487,0.12716293499163375,0.03733204705848823,0.22665446617690063
2021-03-15,-0.1849959564343403,0.07729960412668092,0.1809973815905398,0.2435658758118812,0.23775477089220307,0.24759663484572145,0.23075951816456666,0.1744359061072891,0.11463445642671974,0.015669616666397955,0.20066557310073835
2021-03-16,-0.1713742294497609,0.09055756625957458,0.19493064905904323,0.2588649027735499,0.25237902571295473,0.2643156713803104,0.244016946899736,0.1869051679591977,0.12265012622285704,0.02443420246776898,0.19580843191752997
2021-03-17,-0.1793279760183314,0.08727667475197626,0.19556624417504526,0.2615556561348828,0.25637998156233155,0.2718844957228069,0.2536938612711218,0.19740546812033147,0.1360904978656066,0.040877760963453205,0.2202057369817847
2021-03-18,-0.18218928201615112,0.08557060816146422,0.19280372393023124,0.260021087533604,0.25411958121815975,0.27187224836987905,0.2545540872756967,0.1988823477188505,0.14201094343212622,0.052637150830875584,0.2348264328470268
2021-03-19,-0.18654664639342178,0.08214306520406778,0.18926794784639617,0.26206358030998456,0.2511690911657375,0.2709430555415063,0.254143840472667,0.19752554620996599,0.13811602766272524,0.04349799149814175,0.23004463789156365
2021-03-22,-0.1654146126196222,0.09950031270763421,0.2076539930296511,0.27902291338336066,0.2670764875088269,0.2866383450697836,0.2679481050862957,0.21286168798821611,0.1531519461168754,0.05770643800275022,0.22312105062237253
2021-03-23,-0.1862287697618935,0.08147449464971993,0.19576734241389926,0.26399090856994245,0.2525489252603319,0.2778726459603734,0.2601219646169205,0.20326481093787613,0.14683463883639092,0.04887950235338433,0.23510827211527793
2021-03-24,-0.19283724921396891,0.07709542814655733,0.18874189879957431,0.25679891518111936,0.24463141460107338,0.2699065624683627,0.24914393743372104,0.19537685452165277,0.13559976208794974,0.03340891955497177,0.22624616876894077
2021-03-25,-0.2052253093809996,0.06778033297863378,0.18548314168442112,0.2520810210578266,0.2406296970699559,0.26898839643057865,0.24734506758246103,0.19655975935424258,0.13622682271189643,0.03633758311175047,0.24156289249275012
2021-03-26,-0.19742872079627008,0.07931041263298015,0.19838469123267966,0.2647433790412146,0.2534866556190305,0.2821935424006543,0.26060054740757965,0.21068604981908373,0.1519829788143892,0.05480677695472256,0.2522354977509927
2021-03-29,-0.195849581652676,0.08139054594760063,0.19855490045336133,0.2651680289600029,0.2544772166245409,0.28173298003245445,0.26122134348652515,0.21024194366067145,0.1530205996255309,0.05523347799556045,0.2510830596482365
2021-03-30,-0.2101100981109741,0.07042386923996713,0.18886214657059427,0.25552986202241407,0.24470253216159465,0.2730649917599903,0.2522360018632068,0.20440472009294003,0.1514310624224628,0.05562083454671072,0.2657309326576849
2021-03-31,-0.2100368975126397,0.07156595059782477,0.19223252002111768,0.2615352710443214,0.2500900517558962,0.27714592838246366,0.2559937167026644,0.2042575611880099,0.15195033863734397,0.05517916426899215,0.26521606178163193
2021-04-01,-0.2162653714505104,0.07153712221469685,0.19469354854178392,0.26209719051603,0.2518885867712836,0.28198730703200353,0.2594549590692896,0.20742161583397528,0.1585401726277445,0.06401842839803709,0.28028379984854757
2021-04-02,-0.2195863271988339,0.06937957793886874,0.1951146268946707,0.2642606882367945,0.25721896583292014,0.28784004981658823,0.2686726488322728,0.21367964489166652,0.1677727335477145,0.07436570651734027,0.29395203371617423
2021-04-06,-0.21112059130343766,0.07707250030567349,0.20388387442848263,0.2713124491880477,0.26779637978253706,0.30008359141498564,0.2791311073373331,0.22367963617757924,0.18106991325363353,0.0866995197199458,0.2978201110233835
2021-04-07,-0.20584876881489872,0.08401026303099485,0.21131155780691702,0.2782899676675627,0.2750571870463573,0.30681880292015384,0.28678461134177696,0.23029990475496792,0.18738819297629014,0.09395960979559928,0.299808378610498
2021-04-08,-0.21615807070983106,0.07657991923123071,0.2024060672502637,0.2688547022028399,0.2696072931867542,0.30023536395708045,0.2821217316347229,0.2238649565499634,0.1832765117660743,0.08962336973473885,0.3057814404445699
2021-04-09,-0.21355565094316747,0.07747599919568672,0.20186490810346916,0.27005832632170956,0.27158436554774806,0.30162960857925625,0.2810384320240526,0.2231779829106115,0.18079383967251064,0.08648603749558628,0.30004168843875373
2021-04-12,-0.22592815392546217,0.06583706342446527,0.1906725598925428,0.2601080139775893,0.260478948062025,0.2885496794711786,0.26762542588209637,0.20660315870643525,0.1619214041151012,0.06718516923028152,0.2931133231557437
2021-04-13,-0.2368326501345141,0.05563213811803035,0.18169085505752153,0.25370414509578526,0.2531924233778005,0.28321051597760083,0.2610588338760325,0.20127659083866872,0.15666755626685366,0.06088223391613021,0.29771488405064434
2021-04-14,-0.22741387192929358,0.06701817237639662,0.19335957368639062,0.2671606970092227,0.26428872887508964,0.2948610605546435,0.27549288542968203,0.21455728359166082,0.16893029985914115,0.07225611422919206,0.29966998615848567
2021-04-15,-0.2304048703996484,0.05978840120048187,0.18804018049607862,0.2607411404980856,0.2616756158288169,0.29360295827011545,0.2736898607051223,0.21182730847947734,0.1705114254766623,0.07067547608651713,0.3010803464861656
2021-04-16,-0.21689342803426653,0.07085816031189895,0.20229332733591165,0.2790966783432635,0.27608259729779105,0.31248373430325144,0.28988650726985593,0.2304208413233687,0.18860645099113518,0.08892747650031585,0.30582090453458244
2021-04-19,-0.2094476134925554,0.08120784024175286,0.2166682055459357,0.28985996133599,0.288484368736183,0.3270728146059815,0.3072136158262001,0.24585007436042094,0.20502590471672985,0.10429025541850456,0.31373786891106
2021-04-20,-0.2154787871756687,0.07604344391734237,0.21202276184462293,0.28750740149180304,0.2852675521105884,0.3236986366528397,0.30416984419890514,0.241295670680631,0.20245157910881534,0.09785495133842015,0.3133337385140889
2021-04-21,-0.21272402881255406,0.07502928336677518,0.20930342518461215,0.2853636896173636,0.2831149883990172,0.3205500707840243,0.3004511263548029,0.23661592019143493,0.19615262438079412,0.09234064251530603,0.30506467132786014
2021-04-22,-0.204975256233765,0.08046411111974337,0.21406298387229786,0.2875672600672754,0.2874291024417907,0.3256505845521447,0.3016780841703423,0.2393089094793382,0.19997471246275572,0.094720533211907,0.29969578944567205
2021-04-23,-0.21088255496673014,0.07276155878898612,0.20475449770752424,0.27756104881020116,0.2761537870075778,0.313596977779284,0.2932774273548286,0.23040055026026143,0.19345108202850314,0.0876423462917341,0.29852490125846426
2021-04-26,-0.21678956250523237,0.07017426303009165,0.20010806221082758,0.27299348311116506,0.2735533115691446,0.3107385231302368,0.2884652820074632,0.2293281366249868,0.18658833328107255,0.08316919222114044,0.29995875472637284
2021-04-27,-0.21788558894060153,0.06253084738226142,0.19514614765548896,0.26658321945463415,0.26640016232051245,0.3052773896291138,0.2818423183982019,0.22025479110277402,0.17761573007846707,0.07101571034549167,0.2889012992860932
2021-04-28,-0.20895226204712256,0.06279701320086797,0.19953618922306468,0.26876774792224556,0.27132624588976767,0.3074876998147511,0.28210865173490485,0.2205426165947801,0.17762805997759093,0.07097116781819279,0.2799234298653154
2021-04-29,-0.21989637332071257,0.0593211455602522,0.19714976419530325,0.2657520341179401,0.2681140125658637,0.305481488992941,0.28017834768570327,0.21829858243781977,0.17817223144203953,0.07044170986498276,0.2903380831856954
2021-04-30,-0.2150407588183549,0.05807782162400313,0.19208484006773666,0.25858958733407345,0.26167618597498965,0.29487158545831654,0.26735228755728085,0.2073454185524467,0.16450174008031906,0.05681714734127519,0.2718579061596301
2021-05-06,-0.20798185263439128,0.060735792788352526,0.19503912384567348,0.26461437758607864,0.2669007357540413,0.30064408709732116,0.27134434251631634,0.21248231645429055,0.1703608599760584,0.05929934407274298,0.2672811967071343
2021-05-07,-0.22462701798834006,0.05295158420946429,0.18624889914992496,0.2589403655045564,0.2632264060007379,0.29859542464524,0.267855957543394,0.2108323950726317,0.16764652037972816,0.05435098866656157,0.27897800665490163
2021-05-10,-0.2072739252805289,0.06624082955709025,0.19394791447396764,0.2662231016438463,0.2672292565383911,0.299295726845534,0.2673123989399791,0.2093392360822527,0.16531818580705923,0.050149768339067605,0.2574236936195965
2021-05-11,-0.21133419507761098,0.06619853238050279,0.1945863244434713,0.26922010122854073,0.27083124760631955,0.30366970301853113,0.27242625415492433,0.21518926188069956,0.17490663215794808,0.06298653671475091,0.2743207317923619
2021-05-12,-0.1972835392746875,0.07843929709845533,0.2068737054192941,0.28200192397765056,0.2819943104038418,0.31389329412531547,0.2781601338757401,0.2236675720391478,0.18122877802723236,0.0705872988361566,0.2678708381108441
2021-05-13,-0.20727745055037078,0.0733189040925108,0.20100435237985464,0.27704757476115305,0.27934142012957835,0.3070486650969396,0.27427101110719454,0.2177395270931818,0.17646656675644634,0.06557534318543985,0.2728527937358106
2021-05-14,-0.19698628680068647,0.08383950185095207,0.2117743776611199,0.28778082844423425,0.29385405355612876,0.32204738632837715,0.2911298834593304,0.2324115711416831,0.19204119683672466,0.08014807211082256,0.277134358911509
2021-05-17,-0.205059507552723,0.07503575948746322,0.20649754943295678,0.2802586431748724,0.2860188753609985,0.3172423498932101,0.28472433961839544,0.2292942149194037,0.18475283142793084,0.07353238903377667,0.27859189658649963
2021-05-18,-0.1960771241745802,0.08452494504555098,0.21324792570675757,0.2852263271679129,0.2937709020795919,0.3220004643620018,0.288232722760926,0.23194896738609402,0.1896378879617184,0.07875345585086461,0.2748305800254448
2021-05-19,-0.1980505360413816,0.0842271919138676,0.2118012836115369,0.2850424839772018,0.29363468513364277,0.32164397193659916,0.2873672875948037,0.23096416668166608,0.18798423462442054,0.07559211090303145,0.27364264694441304
2021-05-20,-0.2019270219315282,0.08173538262065831,0.207989481285079,0.279902256561975,0.2902151030536069,0.3201543684232138,0.2847104037846833,0.22784313463302494,0.18653053730631322,0.07253639446171795,0.2744634163932461
2021-05-21,-0.20240448859774124,0.08373362784023076,0.2077149852342693,0.28053296134763345,0.2923674954240617,0.3211941909937992,0.28660145983266383,0.23058083100657437,0.1877115516116417,0.07484955643320707,0.2772540450309483
2021-05-24,-0.19778369736532678,0.09036591503059048,0.213160668710703,0.28664546575087746,0.30018659566924977,0.32706876917556993,0.2929902761419454,0.23699153169091525,0.19383514259030904,0.08172060376344772,0.2795043011287745
2021-05-25,-0.18876445800912997,0.09987408642437523,0.22138995960078048,0.29769080357064576,0.30916543669762453,0.3342577427659632,0.3015465619364057,0.2447591546318863,0.20190279695009558,0.08941518922200559,0.27817964723113553
2021-05-26,-0.1854000705746838,0.10505566952191958,0.2253261108687917,0.3025694633157528,0.315759292287647,0.3414791132621274,0.30996697694884146,0.255123054190513,0.21146285062622922,0.10100366387521582,0.2864037344498996
2021-05-27,-0.17854890920155078,0.11248409246950342,0.23074299615500826,0.3094273572364343,0.3235830979197481,0.34824537735314554,0.31877505699354863,0.2657070475288238,0.22165346280996265,0.11404702884454711,0.29259593804609785
2021-05-28,-0.17675894829470207,0.11049707485517103,0.22760721172396217,0.30523286164092855,0.3189431556936813,0.34537030814816827,0.31406990390762596,0.25770251681152534,0.2154242769859256,0.10570908022385708,0.2824680285185591
2021-05-31,-0.155904164951818,0.12558181236035837,0.2428560111554852,0.3186389465804449,0.3299812707908081,0.3571347741944675,0.32368733168115993,0.2663438876995592,0.2229636051039015,0.11877110584210676,0.27467527079392473
2021-06-01,-0.15617855793771818,0.13214541748663022,0.25352215450354965,0.3251248957678107,0.338049934005185,0.36693862957407647,0.33157831617202493,0.27546887654674845,0.23234812654307163,0.12988434763062734,0.2860629055683455
2021-06-02,-0.16893133516779335,0.12101214352945966,0.24421513333122227,0.3167657790970253,0.33116648065653265,0.3604777813821627,0.3289213067799353,0.2692179226492174,0.22976866074614388,0.12555250891994588,0.2944838440877392
2021-06-03,-0.1759661108163593,0.11893303562360266,0.24404273469649246,0.31570057554600206,0.331513949143717,0.3602449316176379,0.3306052492425164,0.26936693693359126,0.22979020960988705,0.12367590071630088,0.2996420115326602
2021-06-04,-0.17182413569340876,0.1210138188464703,0.24408445267390497,0.3167526686938379,0.32953507136147403,0.35933375387421207,0.3291643519284313,0.2681205456796543,0.22876172255001406,0.12072995496163963,0.2925540906550484
2021-06-07,-0.15842977221765986,0.13225861163409788,0.25388377856026284,0.32544434240277775,0.334303829732055,0.3637196433191696,0.33464803330186366,0.2737286069885184,0.23416326611430416,0.12612091684117122,0.2845506890588311
2021-06-08,-0.17044004690611472,0.12714656798529986,0.2522955330136714,0.3267470345041988,0.33397166229987973,0.36338930708663836,0.3354463783416131,0.2733025155958465,0.23424827890950478,0.12485383970786358,0.2952938866139783
2021-06-09,-0.1743068738564525,0.1267094759758782,0.2547531328116763,0.3257470728828183,0.33602381623634975,0.3666173336265643,0.34081523299893696,0.27841089330254426,0.23694075520922886,0.12947554728574287,0.3037824211421954
2021-06-10,-0.1604746447093152,0.13276393969062236,0.2604252641837314,0.33171621315062866,0.34121487898171454,0.3730165946470853,0.34693570502112514,0.2828546279795039,0.23797194110047581,0.1338623771753739,0.29433702188468913
2021-06-11,-0.17630005206984065,0.12066633366464737,0.2510272046373039,0.32292093924903675,0.3347896889714848,0.3666890175955537,0.3430424468336172,0.280544834492046,0.233971216380446,0.13067006458553324,0.30697011665537394
2021-06-15,-0.18244681409359884,0.11621734141962943,0.24779254109985294,0.3189323702849766,0.32694232705129167,0.35593838449512294,0.3344651814664636,0.2690349372715152,0.21888198197624087,0.1191748334432351,0.301621647536834
2021-06-16,-0.201744413947686,0.10331623136489917,0.2344821016526318,0.306705908466867,0.31635335507361395,0.34665044596870614,0.32456242256442386,0.2621607253846833,0.20894362854643567,0.11025280954804771,0.3119972234957338
2021-06-17,-0.1897839182217734,0.11683348658289393,0.2474924935810534,0.315163249998313,0.3239152284444367,0.3515793093308614,0.3312699042869658,0.2664585773674495,0.20959347239437925,0.11323241428980015,0.3030163325115736
2021-06-18,-0.18369263890525914,0.12647908768085284,0.2571515222004779,0.32452735546086864,0.3335411701393171,0.35969092261789276,0.34104895023760257,0.2746712034637594,0.21628358311291968,0.1205385173841927,0.3042311562894519
2021-06-21,-0.17005809996437046,0.14026348545488093,0.2721653959383281,0.33882467649610065,0.3464723815879983,0.3731342695105017,0.3505699029169696,0.2835586514230639,0.2239570738311189,0.12846136669559313,0.2985194666599637
2021-06-22,-0.17291815147468279,0.1436738654718205,0.2743976359622406,0.3438140049354154,0.3523879464113177,0.38012562930373306,0.3574943456926152,0.2910805184062832,0.2319466796213857,0.13954750008868427,0.3124656515633672
2021-06-23,-0.16662162881147058,0.14815012177931677,0.27655662991819335,0.3469730554411532,0.35576387788452285,0.3843037381399371,0.3609200504820951,0.294505342671156,0.23377613830124325,0.1410538286502018,0.3076754574616725
2021-06-24,-0.17972369360493765,0.13959490912388844,0.26747583775144096,0.34244817528193816,0.3506301354687874,0.37681039226313556,0.35604458847763626,0.2886654272348454,0.2305803525565955,0.13653527587195136,0.31625896947688914
2021-06-25,-0.18366537776242786,0.1367399212172461,0.268897678215246,0.34198246440249225,0.3526156178719516,0.380456525288919,0.36219429904557393,0.29457432501387437,0.23638427731443049,0.141872680173641,0.325538057936069
2021-06-28,-0.1763405029305401,0.14670891162787214,0.2739339671820686,0.3467008469650355,0.36151903549913084,0.3887399980924954,0.36972404699777545,0.2985138490499355,0.2402121361401388,0.14713221029263687,0.3234727132231771
2021-06-29,-0.18406045922588518,0.13680201013783777,0.2653571765240637,0.3381290120705941,0.35244329705762684,0.3800076947305503,0.3604758361700499,0.2883724309178538,0.23201238239925834,0.13902155085262105,0.32308201007850634
2021-06-30,-0.17181761220427574,0.14812565724531565,0.27705791468098945,0.34526737058718393,0.35911670088482045,0.388169280618523,0.3660073200369905,0.2928606656392484,0.23486435538393563,0.14244520623397733,0.3142628184382532
2021-07-01,-0.19572024291271786,0.12502038701189297,0.2551446467195498,0.32961360149858515,0.343657359424392,0.37791042616086185,0.35831294058938745,0.2849911824263302,0.23161621952134867,0.13807072269104623,0.3337909656037642
2021-07-02,-0.1968523693386587,0.1232127840560309,0.2531590375085493,0.32749191142823947,0.3406482159427233,0.3721176990126994,0.3510118312660743,0.27480318566806783,0.2228047015641164,0.12853151492983145,0.32538388426849024
2021-07-05,-0.17881663741499643,0.1393963259894875,0.27217446854068567,0.3437053990929113,0.3543551048653426,0.38348654032716223,0.3620152002269405,0.28232531346044354,0.22883673139546107,0.13588028770174307,0.3146969251167396
2021-07-06,-0.18987521886756645,0.13584182302926417,0.2695378727208705,0.3450235397049035,0.3563139875922447,0.3832059596345853,0.3654012441378361,0.2844725641397623,0.23235391084631346,0.13930205864053488,0.32917727750810144
2021-07-07,-0.1753012179092942,0.1466878744799063,0.2802436497203926,0.35264733347885996,0.36524346095263016,0.3907047406188945,0.3721844815937526,0.28980350939650457,0.23755829126452582,0.14348354274212546,0.3187847606514198
2021-07-08,-0.1795001794567318,0.14670035600594672,0.2781345814746446,0.35325017828991595,0.36283546632122565,0.38664392852313717,0.36346995751653355,0.27992578327303147,0.22832837431917474,0.1329795996969989,0.3124797791537309
2021-07-09,-0.1780135135216292,0.15246169905331108,0.28454853992267837,0.35908566484210386,0.3705304244288418,0.3926418837647183,0.37039135116595995,0.28687144472841253,0.2363613176478646,0.13696072850775257,0.31497424202938196
2021-07-12,-0.16216497631263094,0.1659112211661587,0.29813414213394807,0.37365527027270695,0.38324403312805444,0.40592419250448625,0.3830756848568594,0.2979400381625601,0.24852575587408898,0.14684039060859108,0.3090053669212222
2021-07-13,-0.16128492284928375,0.16659784799437097,0.30302872627105654,0.3812381904866412,0.38828567415340853,0.41226774512283376,0.3898802139943261,0.3055524766795937,0.2553772989179958,0.15237949442747228,0.31366441727675626
2021-07-14,-0.17372643407984595,0.15702986993486653,0.29169215147863103,0.37271370397525794,0.38147280488540297,0.4074799416089326,0.3845770990092387,0.2996186143234036,0.24818169444191945,0.14581559260460636,0.31954202668445253
2021-07-15,-0.1688277134857682,0.1560433579195413,0.2854134593024007,0.3638934075345403,0.37156726993511197,0.3978653532765681,0.374335216912924,0.2902451597369739,0.24106920659954967,0.13655585877930532,0.30538357226507373
2021-07-16,-0.16994247534956705,0.1559305846369491,0.2852816977494624,0.36525272704997674,0.370032997110583,0.3966742138191975,0.3721303563922197,0.2864292724293168,0.23838479505713586,0.13260113788986166,0.30254361323942897
2021-07-19,-0.17292384976959854,0.15880443513398396,0.2877670119385572,0.3673555553930435,0.37067000500431646,0.393583098094456,0.36862637917941204,0.2838488877640408,0.23653988171983076,0.12662202340975054,0.29954587317934933
2021-07-20,-0.17023560414039804,0.16097287349757006,0.291195377785568,0.3706498914207233,0.37547845429779503,0.39611709761476804,0.3720274941229825,0.28532593913349635,0.238536083111778,0.12862527556547698,0.29886087970587527
2021-07-21,-0.14886114746292164,0.17573278000494105,0.30691724046991836,0.3838509880797607,0.3869746981990777,0.4083959322112177,0.38316715633865456,0.2928741835665015,0.2461994568001887,0.1363931407374302,0.2852542882003521
2021-07-22,-0.14118287933348964,0.1854865101315461,0.3143475534233804,0.3908234968234818,0.39171054097925245,0.41141821816049096,0.3881020772578794,0.2963770750750689,0.2467748540087544,0.13749716771545273,0.2786800470489426
2021-07-23,-0.1466218299370135,0.17893029033284485,0.305123919373468,0.3818132839841972,0.38085279954636087,0.39891773264767544,0.37388937156156676,0.2835777408649299,0.23182062000937056,0.12026915032800453,0.2668909802650183
2021-07-26,-0.15216910216904178,0.17083511646558916,0.29397042700058446,0.3708811274420361,0.3656725957110195,0.38173204709031366,0.35577249112310894,0.2622644864696515,0.21258157060461644,0.09727570932732368,0.24944481149636571
2021-07-27,-0.1878662855527724,0.13964549332656645,0.27193644316577653,0.35260086834387827,0.3500522864293559,0.36921062701243096,0.34085505529276516,0.24732096151383914,0.198224711940029,0.08362253771604453,0.2714888232688172
2021-07-28,-0.21354930828877902,0.11312733635379285,0.24440450448007475,0.3228830795198936,0.32231129286370597,0.3431334248388417,0.3176676648009475,0.2284963754582323,0.18550519199011742,0.06962742349960635,0.2831767317883856
2021-07-29,-0.1653780709845081,0.1528426230750251,0.28042684676361407,0.35319152772873097,0.3494727567171343,0.3650490807093051,0.3350581319462826,0.24253910793315325,0.19544789651541122,0.08164412520344408,0.2470221961879524
2021-07-30,-0.15696588191618324,0.16633288837234106,0.29584163718226464,0.36475938611476616,0.3592324863838326,0.37155086572888135,0.34210790953653897,0.24706209536168508,0.2000671944915359,0.08877811120909611,0.2457439931252796
2021-08-02,-0.14576644653393345,0.1833400113541926,0.31740689884034606,0.38660996969296785,0.3783906905291512,0.3927742905136033,0.36212714485412134,0.2695282506982683,0.22039428604838746,0.10955663816712735,0.255323084701061
2021-08-03,-0.1717515738313753,0.16459220867480703,0.3078359684629179,0.38494999275068054,0.37479810806374947,0.3977503706563585,0.36825236409840834,0.27545895492665373,0.22827030381501348,0.11539937999500713,0.28715095382638267
2021-08-04,-0.1514876045623346,0.1844048699275958,0.3302757680971745,0.4050385338605998,0.38962117390970524,0.40438285614736946,0.3746199134467772,0.27736311901573124,0.2300567143528165,0.11585482386828934,0.26734242843062417
2021-08-05,-0.16329458563847363,0.1743767593249447,0.32462560845861743,0.3994553000981422,0.38291888750956476,0.40001679576021354,0.36794427402364993,0.26938109579408537,0.22249983749707936,0.11097167965242083,0.2742662652908947
2021-08-06,-0.16164289497892817,0.17963127752093855,0.3314632381774773,0.40295542890823693,0.38406637438920527,0.39971964534183735,0.36607756250976814,0.26565809285108793,0.2178326908450193,0.1037694428749359,0.2654123378538643
2021-08-09,-0.1637470422785901,0.18175214201426262,0.33510424833444447,0.4088318180807117,0.3950429832008447,0.4126671490705425,0.3837124140034047,0.2855222898027877,0.23918950221150254,0.12706935383618592,0.2908163961147763
2021-08-10,-0.15561311037912068,0.1870873447038762,0.34080250969685494,0.4188073800831177,0.4064819345227529,0.4238773418868201,0.39542866297180373,0.2970725551879095,0.2512257088583897,0.13790397976272253,0.29351709014184346
2021-08-11,-0.14753687989288108,0.19492844929274517,0.34955069395351857,0.42538926981516595,0.4135315620341443,0.4314312931358977,0.40154604519545223,0.30019952471178546,0.25529538497555493,0.1423113451276535,0.2898482250205348
2021-08-12,-0.14509326770272638,0.19756195885539202,0.3520015124104754,0.43142600663938346,0.41812144967233084,0.43612732176868896,0.40329419751371887,0.3016247765903426,0.2557143338027359,0.14208960561025438,0.287182873312981
2021-08-13,-0.1460267006517563,0.19820714122526248,0.3513669727243025,0.43274864906646093,0.42161359847987345,0.4347119363411584,0.4040057937758552,0.299597773583319,0.254477597439724,0.13816092808687727,0.2841876287386338
2021-08-16,-0.1536820512491199,0.19102092725086256,0.34566213087665726,0.43030003849704845,0.4204892475332365,0.43752438373708863,0.4086586856594912,0.303918223718259,0.26417118647672116,0.14771689473809838,0.3013989459872185
2021-08-17,-0.1846553586769692,0.16266558547674193,0.3188063703410345,0.4025421186200409,0.3972071241124003,0.4132275339113723,0.3861053950517517,0.2818951773154114,0.24267320231462663,0.12765138324173284,0.3123067419187022
2021-08-18,-0.17866116905334242,0.1707417952478435,0.3278862597090061,0.4120126066244336,0.40425981475395867,0.42196478871559184,0.39542377336683426,0.2925209990562555,0.2530845461796226,0.13598278493134794,0.3146439539846906
2021-08-19,-0.18329130602783736,0.1703436807156664,0.3265406037846879,0.40993014526751415,0.40116865399544893,0.42012724612893815,0.3939846160414108,0.28913247518366764,0.24860571292690223,0.13543018064846246,0.3187214866763
2021-08-20,-0.18733390550262888,0.16992444289953806,0.32470168765557356,0.40701494304153285,0.3973453768152169,0.4118463217834723,0.3852201382372015,0.2794631664555371,0.24009053818698264,0.12362338481466922,0.3109572903172983
2021-08-23,-0.15858701332831873,0.19938523492823285,0.3493869225892082,0.43274069281220806,0.42302454725750205,0.43892805385379813,0.41247795075366356,0.301689538551545,0.2606443421463165,0.14435010986231434,0.30293712319063326
2021-08-24,-0.16137455541049972,0.20360002209324457,0.35545417406693625,0.43966763301694556,0.42920652467866693,0.44609178558935847,0.4190506579581745,0.30939855786405196,0.267205383556058,0.14885563782759934,0.31023019323809925
2021-08-25,-0.15435353111767197,0.20973094150425553,0.3640007693822351,0.446996289201078,0.4366108072742925,0.4549381719584327,0.4283184423451187,0.3147586370890547,0.27494054462221723,0.15696362048179988,0.31131715159947204
2021-08-26,-0.15789698774007935,0.20573211385222548,0.3601987818941919,0.440620847414588,0.4318800474468036,0.4466889534461452,0.42062108732590847,0.30768409380653106,0.26458331480714464,0.14391411195982523,0.3018110996999048
2021-08-27,-0.15847350099780072,0.2017064647887133,0.3596205134005783,0.44132469226283877,0.42877443881044236,0.44499751387819014,0.41821195908944586,0.30387917121969193,0.2600037423205216,0.13730090341960272,0.2957744044174036
2021-08-30,-0.153659130441172,0.20159424749062108,0.36470562556190816,0.44331169774956014,0.4284573583099967,0.4452471903864665,0.41810289552133323,0.30327329717426194,0.25755879983271196,0.13215091958742492,0.28581005002859705
2021-08-31,-0.15151126440324567,0.20441653621786463,0.3678422062578781,0.44303059734168926,0.42761548812518324,0.4442457993552676,0.41636092205737396,0.3000569879837214,0.25129939014962793,0.12331210095558451,0.27482336535883034
2021-09-01,-0.17668907245611945,0.19008114370788734,0.3585727951240697,0.4342532368953492,0.4272157578167413,0.44221520743752907,0.42049840246082737,0.30425688534263107,0.2589537260833452,0.12830220422473435,0.30499127668085396
2021-09-02,-0.1587144630424227,0.20727679923108822,0.3732017814712588,0.44938550017660767,0.4404388946060572,0.4556694802559799,0.43068996711650953,0.30905729602971593,0.2601842619913925,0.12313846171218709,0.28185292475460993
2021-09-03,-0.16646570607897956,0.20360319595478396,0.3715013138155955,0.4480590505204568,0.43819037751051443,0.45824667362691124,0.43549519424649197,0.3128606619324947,0.26636222833864087,0.13422800745701083,0.30069371353599056
2021-09-06,-0.15771375339734062,0.21146694363493826,0.37994108924570774,0.4563201688819031,0.4495934270623496,0.4672907030973174,0.44760088200723847,0.32652601809581694,0.28446232775444136,0.15508627156403487,0.31280002496137566
2021-09-07,-0.14471036182200295,0.223247846733653,0.39182372504056723,0.46925519420980666,0.4637256598588543,0.48171942871370993,0.45910725747206116,0.3362734980775652,0.29345534038035154,0.16092878692945736,0.3056391487514605
2021-09-08,-0.1366000249633862,0.22755852068010937,0.40192561650100495,0.47819309775236324,0.47133742882230945,0.4890344023516358,0.4666505929659763,0.3419170741385531,0.30094386713957416,0.1676581473055932,0.30425817226897955
2021-09-09,-0.12710031626833848,0.231112044828152,0.40530118791908404,0.4794298169444074,0.47199439247881186,0.48728497797857906,0.4654952660805317,0.3383121234666582,0.29395578253297433,0.1611270172115201,0.28822733347985874
2021-09-10,-0.13711887629084024,0.22036986865239627,0.3976103551636494,0.4721063478765279,0.4644866583699043,0.48271679687718194,0.46255423600013196,0.33791430139447737,0.29397942743285205,0.1609958999495548,0.29811477624039523
2021-09-13,-0.12571963944851997,0.23143329664130965,0.4076566514432794,0.4814038211793526,0.47067413450486323,0.4873561916668008,0.4625961381140936,0.33662388155541106,0.2897634787316361,0.15669994138745758,0.28241958083597773
2021-09-14,-0.14598098896913997,0.21271738169418136,0.39161329484648744,0.4668704884150625,0.45955002939941425,0.4796650803106371,0.4533952234699158,0.3304516901815824,0.2870067071962982,0.15410726472940556,0.30008825369854575
2021-09-15,-0.1343329722519782,0.22498642472966293,0.40231633160270786,0.4775507807981987,0.4681151041975606,0.48664443135977864,0.45998491568053124,0.33199756002822095,0.2853564529938608,0.14963432628846332,0.2839672985404417
2021-09-16,-0.1486534925253259,0.211737469151944,0.38582562690490496,0.46180284810539046,0.4512289061102285,0.4714118468320124,0.4445864216088384,0.3178018282773313,0.2703005785983339,0.13757210445915727,0.28622559698448335
2021-09-17,-0.15058388843138418,0.20820662162522555,0.38249867274878047,0.45866675520369604,0.44786856404560804,0.46556133282889367,0.4442729342791596,0.3134425281807861,0.26895479108615894,0.1361332272938441,0.2867171157252285
2021-09-22,-0.14093277854507452,0.2180964375724224,0.39162987485027023,0.46337612971219305,0.45167211814704117,0.46723691654627914,0.4448027882776512,0.3120993848206128,0.26689540889800994,0.13225839070959058,0.2731911692546653
2021-09-23,-0.14812995663929543,0.2211139585453493,0.3976607896951276,0.47050174255231664,0.46049209308120753,0.4754390214643915,0.4539649038276993,0.3229922751047547,0.2795709332607468,0.14458520193014587,0.29271515856944147
2021-09-24,-0.16891936414333208,0.20042470349823654,0.375270843277855,0.4508601605978546,0.44421304968741504,0.45996397219673363,0.4416535380037806,0.3111955370843197,0.26534560010680575,0.13216947547423158,0.30108883961756383
2021-09-27,-0.20123327991996157,0.17004584194622485,0.34389721761201664,0.42244437336094337,0.4159021896699523,0.4312969259175676,0.4176873094595801,0.2883522055658236,0.24230532720939862,0.11414984266003947,0.31538312258000123
2021-09-28,-0.1947485745242628,0.17518779063071782,0.3491054024160229,0.4262719490019937,0.4222800485894919,0.4349250008623726,0.4209185432578196,0.2922522654225296,0.24417603250451897,0.11611435332655372,0.3108629278508167
2021-09-29,-0.2278218079525747,0.14577387757081092,0.3173742615682356,0.39740763273622093,0.39429624286729487,0.40536961492971246,0.39288767830233445,0.26414383299349,0.21552706080436435,0.08969888203531486,0.31752068998788974
2021-09-30,-0.20502821732259735,0.1680834414181731,0.3359722677674509,0.4186886211891133,0.41479822881610706,0.42519483956216375,0.41523194198656277,0.28683415667882456,0.23696663303498353,0.11228120428595012,0.31730942160854764
2021-10-08,-0.2008941959458047,0.18272571834180595,0.35339631682374395,0.4356209147788681,0.4279101444128459,0.4436027909676421,0.4298666093476816,0.3034747315078029,0.25389172429699375,0.126538541471428,0.3274327374172329
2021-10-11,-0.2155367160341492,0.1757517301990411,0.3498790213894168,0.4341802134872571,0.4274298409083971,0.44285388222930455,0.4286171250564009,0.300655214917509,0.25662479053249065,0.1297472063437027,0.34528392237785205
2021-10-12,-0.22654108601003728,0.16061006573046532,0.3338913984801888,0.419854071299878,0.41151408141709656,0.42420156674578074,0.4107248509123089,0.2815942210107431,0.2366337815314043,0.11123537427135616,0.3377764602813936
2021-10-13,-0.22755168342459753,0.15481730915294203,0.3286775059631261,0.418888247875623,0.41472951862064267,0.4294126943338797,0.41878678520526325,0.29179565638675387,0.24789925417505493,0.1258436983053794,0.35339538172997703
2021-10-14,-0.2291374641857704,0.15913933623104426,0.33409227562491417,0.4229570541773524,0.421708205974141,0.4355451414852212,0.4276807668483384,0.30090235910151525,0.25664209862813253,0.13732763949064342,0.36646510367641394
2021-10-15,-0.24282994455897206,0.14712830227466028,0.32911090155249706,0.4169540121113676,0.416375939438988,0.4278491510744333,0.4203117800747395,0.2945146929558112,0.2510423473654065,0.13341336952479727,0.37624331408376943
2021-10-18,-0.2424314634767572,0.15389928515895476,0.3414866062579237,0.4291502205849218,0.4259713685361482,0.43602455163898224,0.4279731501389309,0.30056457318911045,0.2549170604162925,0.13719869724013092,0.3796301607168882
2021-10-19,-0.23592576791289568,0.16299439193511928,0.34606338998110225,0.4339869332748693,0.428758602846314,0.4396199468111935,0.43141820674885717,0.3036337667755196,0.2588941815724273,0.141115199825143,0.37704096773803875
2021-10-20,-0.23930890725102774,0.16198633848503557,0.3444792168159617,0.43456068205366805,0.4296648541471548,0.43720456497679067,0.4304597853667446,0.298982498168103,0.25722077729750054,0.13550992416890326,0.37481883141993105
2021-10-21,-0.24139047752226048,0.15627378853302373,0.3382179690399795,0.42877063920257524,0.42323280892638554,0.42953070549044153,0.4253518061494741,0.29302268249563285,0.24963511658629678,0.1328123005115425,0.37420277803380303
2021-10-22,-0.2529759473709619,0.1439082339724969,0.3266270381702784,0.4203136613233461,0.415123701576385,0.4231218691138213,0.4168490651048159,0.2865904473696138,0.2433164641394992,0.12249249884517878,0.3754684462161407
2021-10-25,-0.24307248341387255,0.15253169829862717,0.33769197361544095,0.42701599089973247,0.4213725813204651,0.4296032539885226,0.42357737169071324,0.29312437445350625,0.24751479493579095,0.12672844182795545,0.36980092524182806
2021-10-26,-0.25090542088105977,0.14728039758473488,0.33105890024034396,0.4217582412560749,0.41630496386026644,0.4280846042845886,0.42124366466648766,0.2915728300354965,0.24470059974948816,0.1248800742744912,0.37578549515555104
2021-10-27,-0.2600827501317388,0.13313821345581597,0.3185511113589044,0.4083914913365547,0.39972488342514173,0.40840975562510384,0.4018696564773418,0.269957873149577,0.22150085737125336,0.10253438344787935,0.3626171335796182
2021-10-28,-0.2701419797142063,0.11757554402626466,0.2978354838834767,0.3917265085417214,0.3801395386374918,0.3884634275512061,0.3793454967445685,0.25270199591227954,0.20002757916283836,0.08282390893275687,0.3529658886469632
2021-10-29,-0.25192793804539715,0.13336262197890913,0.31181490991398253,0.4063138458400259,0.39543287645001307,0.4063772240399538,0.39550962800973255,0.26919383111346545,0.2171601230808237,0.0973888628642292,0.3493168009096264
2021-11-01,-0.23551167061857284,0.14901225798011772,0.32509833220720175,0.41599461679835703,0.4071341443148558,0.41983598409784956,0.407879907567863,0.2814307831816595,0.23063170115961085,0.10919203313526306,0.34470370375383597
2021-11-02,-0.23908875732585447,0.1417027887493779,0.31545448562109596,0.405161717911596,0.39188035853244724,0.405093880905219,0.39260121218518906,0.2663986685896265,0.2153007451383733,0.09047445255830601,0.32956320988416055
2021-11-03,-0.2370406664707249,0.14598376218798814,0.31898537511318414,0.40971896045549955,0.3990778608363737,0.41296298306900153,0.4028264354162456,0.27475305907912084,0.22423423224540526,0.10280145709411928,0.3398421235648442
2021-11-04,-0.2183035951964485,0.16489565147062094,0.3372938495767784,0.42610646467404856,0.4129127152953653,0.4263168636565492,0.4146826652956364,0.28614905648084993,0.23430120237838864,0.10967664975530687,0.32798024495175543
2021-11-05,-0.22226045985377454,0.16032646704979958,0.3314527831128553,0.4228315492583875,0.40935773406260806,0.4226846089402229,0.4099099027176039,0.2803751039492138,0.22808317646251883,0.1022123946875793,0.3244728545413539
2021-11-08,-0.21786498610030305,0.16367789510979236,0.335660028559464,0.42747113271471765,0.413318454520008,0.4295473736857137,0.4156656570528365,0.2847159141731087,0.23469318473567646,0.11111647559557296,0.32898146169587605
2021-11-09,-0.2096243701207908,0.17383867746276352,0.3496045946252057,0.4385886192314195,0.4252402442883535,0.44093133767801984,0.42666551635344613,0.2952432083971706,0.24489041812404136,0.11982996746006619,0.329454337580857
2021-11-10,-0.20247184602382406,0.18036856908307045,0.35548858240326164,0.4432304934186054,0.43240320917964187,0.44619495049573454,0.43131178292595757,0.301043821367577,0.2490811139913734,0.1257122715876243,0.3281841176114484
2021-11-11,-0.1934808063667557,0.19029407899700765,0.3627229933923758,0.44956057072034505,0.4393210663931917,0.4560732200293264,0.4413444158821147,0.31361211138979,0.26383975075896926,0.14030593857836496,0.3337867449451207
2021-11-12,-0.1729928025646586,0.20679882217629944,0.37717694779430594,0.45975191797116904,0.45021632905590847,0.4627428741419112,0.4486496510068822,0.31970532853047284,0.26902123893267277,0.14301760189999474,0.3160104044646534
2021-11-15,-0.172516189353541,0.21329214359060647,0.3835241575448506,0.4664110378070915,0.462207810261383,0.472180075935352,0.4599954571580715,0.3315615705553804,0.2819123502488331,0.15681051602987062,0.32932670538341163
2021-11-16,-0.184069422825904,0.2039488402528265,0.37408024580617705,0.45808383992195123,0.45215046751167143,0.46573074548910454,0.4539953724197828,0.32400578528462165,0.27315935494448307,0.148386568959678,0.33245599178558205
2021-11-17,-0.16731846468775774,0.21672676690874496,0.3883678532344772,0.4731615441348247,0.4666007419135017,0.4792127485921044,0.4689670156323459,0.3387972297625863,0.28679146027885205,0.16209191999844388,0.32941038468620165
2021-11-18,-0.18458826365852346,0.2034259680919226,0.379329540055171,0.46603217696054766,0.45973297231140614,0.47356780492073947,0.4635434636577705,0.3347422274978983,0.2812638142530757,0.15991959069522313,0.34450785435374665
2021-11-19,-0.17527668625498158,0.2135931615129325,0.39036346017057444,0.4797724350373753,0.4741636635096024,0.4858323431059375,0.4768945683263282,0.346194467748934,0.29408567305161215,0.17277055465219243,0.34804724090717404
2021-11-22,-0.15898301271389662,0.22536237217490043,0.40127566206817883,0.4885323500087803,0.48333182170215777,0.4938768935433647,0.4834089408902149,0.35379994516686214,0.2992543418293345,0.17785062030645726,0.3368336330203539
2021-11-23,-0.1579295810858616,0.2275617543431324,0.40325863565930337,0.4920078562270978,0.48609240009842486,0.497122495103839,0.48649205004943846,0.3587314741876137,0.30520864696289124,0.1840051967816846,0.3419347778675462
2021-11-24,-0.15322748288747945,0.2319355734096106,0.407226317972955,0.4928267778581181,0.48983982740228293,0.5007138429896298,0.49111733121973217,0.36357138364199987,0.3090373741677447,0.19197857335797439,0.34520605624545386
2021-11-25,-0.16090134382518487,0.23115091395873447,0.4055554685025671,0.49331472623495864,0.4921053672423147,0.5023579623579848,0.49386475338947206,0.3665088818916274,0.3119692249449601,0.1922233699858703,0.3531247138110552
2021-11-26,-0.16388803957125375,0.22809687705088377,0.4019747321500934,0.488509049618863,0.4880871944934273,0.4993503976827396,0.4932703163644274,0.363152875320064,0.31148772792321566,0.19183216263120925,0.35572020220246303
2021-11-29,-0.1560331534130396,0.22957553584682916,0.4042551023638928,0.4876334457593936,0.48517088327396557,0.49745335579029115,0.49121982510238416,0.358990390763547,0.30738373416456594,0.18951666202876122,0.34554981544180086
2021-11-30,-0.15253228443259023,0.23438777375565586,0.407769208151777,0.49438291508212595,0.49406595446082396,0.5070448704310718,0.5022426858246821,0.371435246212544,0.3147020058403209,0.19600240538700464,0.3485346898195949
2021-12-01,-0.14972041511821438,0.2412257882927595,0.4187964600653782,0.5046111957860608,0.5053023002108996,0.518712335572003,0.5146606308633034,0.3831102397044944,0.32335243027164046,0.2046394766581927,0.3543598917764071
2021-12-02,-0.1686774854375654,0.2249022564190473,0.40379794190281004,0.4900531535125317,0.4930485132718415,0.5081339040881604,0.502925671489504,0.37187126325970016,0.314811138278356,0.1966867349344037,0.3653642203719691
2021-12-03,-0.17398324691780528,0.22571836978696086,0.40681998576729883,0.49318253294755454,0.4971758786303623,0.514542110172055,0.5102516892447372,0.38062652044019857,0.32035114605797504,0.2055481951294339,0.3795314420472392
2021-12-06,-0.1888491587793484,0.21017266708608998,0.38861808510014173,0.47697657916579067,0.47828160852731866,0.49598687083705484,0.49256927333686035,0.36548391363800825,0.30757297800625866,0.1949773050785302,0.38382646385787866
2021-12-07,-0.20260278320113617,0.1987319196655423,0.3774926953107053,0.4687300548244055,0.47054310555653805,0.489254760751469,0.4872519056747981,0.36018094444245935,0.3033184192466345,0.19399097311794108,0.3965937563190773
2021-12-08,-0.1923168716238954,0.2105181231715038,0.38967862879556064,0.4820340130302705,0.4831688105968131,0.5026210542426481,0.5005914590905727,0.37399890773734024,0.3170457453652877,0.20863599312493128,0.4009528647488267
2021-12-09,-0.1938643359044927,0.21311510356990737,0.39223737357629335,0.4880704210898906,0.48763194199069076,0.5079543018841454,0.508649251277414,0.38159777407363826,0.3259526788809603,0.2192730061723718,0.4131373420768645
2021-12-10,-0.198035278442022,0.21416404199572808,0.394557196537646,0.4908592528353374,0.49004910327791074,0.5129781411146522,0.5114148130600944,0.38788111375981843,0.33178912029319496,0.2270402590192714,0.4250755374612934
2021-12-13,-0.19617660969752512,0.21978725883093458,0.40064803287139544,0.49727604058396846,0.49300174086472304,0.5161110000232977,0.516036696390744,0.3925589756477717,0.33511426283021883,0.23207369634328998,0.4282503060408151
2021-12-14,-0.19690062262932637,0.2217270571249098,0.4027188543751099,0.5008179675103862,0.49981316218405913,0.5221610028123895,0.5256560039930165,0.39975282421516894,0.342270813636011,0.23895452299168624,0.4358551456210126
2021-12-15,-0.19561278451198036,0.221704459393069,0.40447867903051427,0.5011545083399905,0.501843324468167,0.5241781999809159,0.527048994418425,0.40134651715428676,0.34324027161892406,0.24036222043429067,0.435975004946271
2021-12-16,-0.187248575674152,0.2327177037199673,0.4127833601660042,0.5103811356491574,0.509056960286386,0.5314253611607843,0.5357403235560506,0.4109714241799057,0.35261344758149255,0.24793547309863023,0.4351840487727822
2021-12-17,-0.19454585441567562,0.22483757170224564,0.40340635459286656,0.5050028305007593,0.5021297336846058,0.5249037101637453,0.5280118188135635,0.40030071619351904,0.3415641206032246,0.23372147616421418,0.42826733057988975
2021-12-20,-0.2016306254792096,0.21577785736001948,0.3931572247515986,0.4970414417530853,0.49216977289237956,0.5137304907995777,0.5171295281776345,0.386990803900965,0.32978964014285805,0.2177159715830912,0.4193465970623007
2021-12-21,-0.18889458630732103,0.23344435699783603,0.4085753863271992,0.5128428466766172,0.510051667834053,0.5285026261705336,0.5340238103543241,0.40155769602468266,0.3448077015928375,0.23096920574208138,0.41986379204940233
2021-12-22,-0.19197747978064741,0.23326238222237825,0.41212625749467974,0.5190898384244219,0.5144802584224065,0.5334172260911381,0.5389383311953705,0.4104889313763776,0.3543801949032761,0.2386926741340789,0.43067015391472624
2021-12-23,-0.20200720706769576,0.22615976123828757,0.4056632461759925,0.5148745976525282,0.5106095497094051,0.5305897174306735,0.5343943880082959,0.407949825641981,0.3521437920455137,0.23385192746445527,0.43585913453215097
2021-12-24,-0.2147505740605093,0.2112234317091057,0.3912272274902054,0.5002445936214077,0.4954641750446092,0.5151114525250663,0.5184638572995602,0.3894040950330331,0.3309440004733893,0.21042359683167644,0.4251741708921857
2021-12-27,-0.20944189723213688,0.21673896880863275,0.39868477757837784,0.5058502492840091,0.49921520018045107,0.5219648711463758,0.5212803895615329,0.3947264738895305,0.33582554212220156,0.21428313197409746,0.4237250292062343
2021-12-28,-0.219200611525422,0.21674526413597262,0.4000240009451602,0.5108491296148641,0.5052896652359327,0.5304936186689545,0.5337434430821404,0.40467191890904985,0.35014900222453166,0.2329058750284384,0.4521064865538603
2021-12-29,-0.2224622380834867,0.2130614753938133,0.39792737843059106,0.5117084393382518,0.5037157904904743,0.5296670416954958,0.5325768061657817,0.40494498972003085,0.3509876019051781,0.23132436016428864,0.45378659824777523
2021-12-30,-0.21095113868991858,0.22426684280972298,0.40854344480817195,0.5210484383526703,0.5146594177088197,0.5390618902760854,0.539905710498001,0.4129888916287363,0.36050263752152956,0.23913011845287868,0.4500812571427971
2021-12-31,-0.2042483564077039,0.2312554240055036,0.41428277766281757,0.5242413904357166,0.5195711856473377,0.546695386714582,0.5447608143087598,0.4194268954979169,0.3673502707005383,0.24457694037247643,0.4488252967801802
2022-01-04,-0.18605204505961823,0.2482111514609878,0.42980593339890083,0.5364664322194846,0.5320358524500763,0.5526618261622716,0.5513269913245127,0.42773156783799104,0.37218640336390324,0.24902629724947942,0.43507834230909753
2022-01-05,-0.20094955307335924,0.2387459414661823,0.41997639060024894,0.5252893003458152,0.522910664579598,0.5361024733114023,0.533863364147221,0.4096179538682757,0.35171695386542623,0.22402374211240905,0.4249732951857682
2022-01-06,-0.19452140657987996,0.2461165736020871,0.43089932028179057,0.5344085326258623,0.5341160306623606,0.545673202075643,0.5434809292551182,0.4178940523200659,0.3599633799589006,0.23324882216912465,0.4277702287490045
2022-01-07,-0.21363332847864164,0.2302042702907483,0.41695674852832504,0.5193664562041365,0.5188875068035196,0.531070509752479,0.5288308070131705,0.4011228206605638,0.3410698086676186,0.21265175022575478,0.4262850787043963
2022-01-10,-0.20607880432337153,0.24141570751578798,0.4283032762901991,0.5297081540176171,0.5306719172178725,0.5410075965886528,0.5391494404813119,0.406619503797466,0.34717002162679195,0.21863942628976865,0.42471823061314007
2022-01-11,-0.21322545688729955,0.24128535925827058,0.42383636658794654,0.5271802391868027,0.5268426302870645,0.5361230259618911,0.5333594811386406,0.3989661042903417,0.34095084056658037,0.2114175610821524,0.42464301796945186
2022-01-12,-0.20665126704588757,0.24973186403084205,0.4342711849254457,0.5406407885419371,0.540068273714067,0.5514168986926395,0.5481015649836031,0.4160046874481034,0.3586163745381092,0.23349064250932938,0.44014190955521687
2022-01-13,-0.214205815361028,0.24376723530037742,0.4286178634088403,0.533631922263358,0.534336287650005,0.5429573204390846,0.5375332824806518,0.39953495103314557,0.3434736158821144,0.2169375848047372,0.43114340016576513
2022-01-14,-0.21561700618420218,0.23830756215840082,0.41941187591000645,0.5279298154963249,0.531447747971166,0.5358737081447049,0.5332482855921743,0.3956442866850862,0.3409139600766666,0.21387399896276044,0.42949100514696253
2022-01-17,-0.2056285620640563,0.25254620530545796,0.43305658162833,0.5464089735941382,0.5492319421834606,0.5547728135554514,0.5501826393965447,0.41162523872963636,0.3583927650063861,0.2319203697302639,0.4375489317943201
2022-01-18,-0.23495102343510013,0.23472242401404206,0.41623039710927734,0.5324197601874835,0.5324411945203351,0.5432231669200335,0.5419755202297395,0.40196098724735574,0.352501758754025,0.2284413486816791,0.46339237211677914
2022-01-19,-0.23172740360408192,0.23973641562321188,0.42365355955497425,0.5360002209029298,0.5383199914898403,0.5461704455034723,0.5415464967085625,0.3998033856870917,0.3472639431609887,0.21872941346854324,0.4504568170726251
2022-01-20,-0.2519618473384299,0.21516134739871579,0.39998609906228566,0.5111863387976499,0.5120696716921936,0.5205903390998208,0.518367092801435,0.37280978957196587,0.3219694587619492,0.19325271925077672,0.44521456658920655
2022-01-21,-0.2741977539869154,0.20131215538788624,0.3850438519932196,0.5010135594461058,0.5018367499727586,0.5113359176078014,0.5082411720459629,0.364492564504879,0.31305456790827196,0.18430708193149764,0.45850483591841296
2022-01-24,-0.2781771563278252,0.1957775920421297,0.37874131333419725,0.4945378306429914,0.49645955477820297,0.5069587409795357,0.5079733714502402,0.3672074228320023,0.3167244965165274,0.18840621470997762,0.4665833710378027
2022-01-25,-0.3207966226795235,0.1509677040195131,0.33427715274542436,0.4502776960598161,0.453177465338617,0.46636790935934763,0.46838128996192185,0.3281222109942661,0.2794205773548841,0.15304845360546188,0.4738450762849853
2022-01-26,-0.32119308914091305,0.15840775114740183,0.3386998667706096,0.45830832837034974,0.4631568702643247,0.47628133991147725,0.47691344023659393,0.3365576220999985,0.2880810822477501,0.16246821003032022,0.4836612991712332
2022-01-27,-0.36386644992693995,0.12444563978747582,0.30665355484583245,0.4262949692904954,0.4311890543411422,0.44495657630352997,0.44857678673534707,0.30641640677630116,0.2580881033876679,0.1324088438947,0.4962752938216399
2022-01-28,-0.3548346892198648,0.1338048415329325,0.3180631355898223,0.4404813721216572,0.4441906343859355,0.459013366925159,0.4628145011867948,0.3219173617223837,0.27238372831217283,0.1460875433199792,0.5009222325398439
2022-02-07,-0.33521183192198734,0.14744300450633158,0.33058585681057223,0.453260492893354,0.4554185919761839,0.47488831875353676,0.47651331532945373,0.33535739156408884,0.2886588469134885,0.16163950301759197,0.4968513349395792
2022-02-08,-0.319977291834129,0.16534717654726358,0.3436062944753886,0.4668537730179893,0.4698165874693743,0.487658538734143,0.4913134858418005,0.348244414619156,0.300245577181036,0.17100654335292903,0.4909838351870579
2022-02-09,-0.3102380728576896,0.17997182236772444,0.3577259536999003,0.4821962585442367,0.48418818410011694,0.5021409321008905,0.5058087801950798,0.36467989058279665,0.3151422595158274,0.18560992082235997,0.4958479936800495
2022-02-10,-0.30528394820373356,0.18042312904864088,0.35354916799982244,0.4795211268705537,0.47870380794700224,0.4980251071137379,0.500572733774571,0.358851158639199,0.3070026780002701,0.17758555928071762,0.4828695074844511
2022-02-11,-0.3172969339910226,0.16336219667992016,0.33458296589804803,0.4594344783867664,0.45763549090628125,0.47597122541492803,0.4791060364410622,0.3348377453088638,0.2829366287257579,0.15128322208260936,0.4685801560736319
2022-02-14,-0.3240542865278639,0.1635437269218158,0.3355778862724829,0.45913991274737953,0.4569470447083822,0.4759547023549407,0.4800214137368148,0.3366588689497335,0.2849452824842229,0.15409131956615588,0.4781456060940197
2022-02-15,-0.3265672885704664,0.16475895786613715,0.3417029523506901,0.4637967948681132,0.46400256175620014,0.4837543186694443,0.48636975319409387,0.342845293726904,0.2932471758468433,0.16545944227526185,0.49202673084572823
2022-02-16,-0.3209342767548766,0.17396112484992976,0.35279219573116005,0.47606491486785746,0.476997922317807,0.49899457894762433,0.5003008570954907,0.3575586330297823,0.3069718517972867,0.17863675160705292,0.4995710283619295
2022-02-17,-0.3314961648670296,0.17096353887398572,0.3496706991760759,0.4764269605255696,0.47777085736373204,0.4987508444294997,0.49772644254060766,0.3557985255900783,0.3052411440268091,0.17536756598737976,0.5068637308544094
2022-02-18,-0.322476141881527,0.1808918046978058,0.35976457165467335,0.4841803619070008,0.48512228211386527,0.5049165851409088,0.5040097901941494,0.36123155227409826,0.31118645789984356,0.17791675154786044,0.5003928934293874
2022-02-21,-0.31167445505388486,0.19251200043118483,0.37250032969000824,0.4964443590348549,0.4983780101280999,0.5171532048656299,0.5180296804223663,0.37544254093195845,0.326119243021581,0.19272430086868295,0.5043987559225678
2022-02-22,-0.3188079992122917,0.18464403237378996,0.362228016361294,0.48609532026504276,0.4882088542054262,0.5047414537138736,0.5060417806464118,0.3613900246887771,0.31058653093004107,0.17110994424234618,0.48991794345463785
2022-02-23,-0.31485847242460474,0.19236418367359664,0.372833389590341,0.49940993312204857,0.5047546900987263,0.523503658709751,0.528877037824507,0.3835856040247771,0.3344068597137002,0.1988986211106784,0.5137570935352831
2022-02-24,-0.3411970398333899,0.1677469583960749,0.35077164087354273,0.477402099879842,0.48236493936726377,0.5004270035306883,0.5034904398397473,0.3600928854099957,0.3093744206241825,0.1731990845208714,0.5143961243542612
2022-02-25,-0.3389047491557549,0.17446029577045713,0.36077966618315904,0.4895699849599641,0.49535722538002,0.5116564588728714,0.5163601031133679,0.3719888146521453,0.32008374848218163,0.18611030408840917,0.525015053244164
2022-02-28,-0.3352556340328727,0.17487042290770588,0.3607545849514165,0.492950851485094,0.49758846702839926,0.5108241402336352,0.5154993303710436,0.37109508125832286,0.31855885887485336,0.1857192174534217,0.5209748514862943
2022-03-01,-0.3316162968715871,0.18428801533505826,0.3709634593341915,0.5040204013533403,0.5060847246940229,0.5187725089191804,0.5242987140118384,0.37903639678058076,0.32606522905320706,0.19275236044721278,0.5243686573187998
2022-03-02,-0.32386062927760084,0.19096730520039118,0.37505573385675217,0.5087277930425915,0.5100194285440786,0.522544212778292,0.5274775457208667,0.38270398621268203,0.32621425419426564,0.19305159819824924,0.51691222747585
2022-03-03,-0.32057511799446026,0.19386100298009054,0.3761822930572477,0.5067545439532501,0.5073739097000474,0.5192256849614927,0.5232783104224709,0.3761102231896198,0.316358369764067,0.1827722073942991,0.5033473253887593
2022-03-04,-0.34106871697478,0.18132218977964862,0.36489181735657217,0.4933147483582839,0.4963305593384656,0.5092830788800161,0.5154980880641865,0.3659465925430614,0.3070552188574687,0.17449152065598636,0.5155602376307662
2022-03-07,-0.34931123813661596,0.17005644714013235,0.35606117084234173,0.4804829997258102,0.4819370908998272,0.49277932031857663,0.49587171251276135,0.3465434290123652,0.2857987049200234,0.14864627228245292,0.49795751041906877
2022-03-08,-0.3807836315580704,0.137255022683334,0.32443190061111893,0.45047674622622524,0.45078541945858114,0.46102212123919106,0.46423625537611085,0.3140465388635402,0.2531201810006541,0.11523077586799649,0.4960144074260668
2022-03-09,-0.3822601096621351,0.13115581054168385,0.3176536447014715,0.4387881715213884,0.43667075712269493,0.4456832484501447,0.4462837509371611,0.29407113458409345,0.2325123128791078,0.09283624743908017,0.4750963571012152
2022-03-10,-0.3723406541634442,0.14589721069669195,0.3372101477161416,0.45958601561851836,0.45894278265547217,0.46538065937967676,0.46395321510947585,0.31398599039604447,0.24996485121985773,0.10684630059931854,0.4791869547627627
2022-03-11,-0.3731279934585932,0.1515083694670763,0.34100063947216736,0.46684986697260245,0.46513398483145424,0.4717696630326973,0.4728660127178206,0.3235911999822808,0.2618118317227618,0.1213458817618861,0.49447387522047925
2022-03-14,-0.39938336254116563,0.1234190429411008,0.3134751727567169,0.4378044339834252,0.4346404390899896,0.4441901649604269,0.44506662580407846,0.2967654956693007,0.2351158361943565,0.0951058619725534,0.49448922451371896
2022-03-15,-0.4340492181687768,0.07651683577385218,0.26344568966900733,0.38442328509241275,0.38246718524324225,0.38868504676370946,0.3904845553711523,0.24273025855627844,0.1787105967447122,0.04040160029314214,0.4744508184619189
2022-03-16,-0.40383488484214597,0.11092610595853647,0.2962613461689027,0.4166489853405011,0.4129293236127641,0.4192253102544686,0.4215721586460433,0.27270903500307875,0.2112944198966593,0.07142162996478157,0.4752565148069275
2022-03-17,-0.3955471157512738,0.1307214217234118,0.3136392898468409,0.4374967409813002,0.43186870791826054,0.440165462349402,0.4423968095241151,0.29330310265812815,0.23249197020265475,0.09506389072240141,0.49061100647367517
2022-03-18,-0.39337159980278463,0.14273014322452754,0.32667821329309354,0.451899813303986,0.44391036697862224,0.4514933909483239,0.4557819812034776,0.3094091938481831,0.24828453937041867,0.11093862952579905,0.5043102293285836
2022-03-21,-0.37444536208133156,0.15943385379064054,0.33866797404275895,0.4645678029795408,0.4570629637120374,0.4633439960575892,0.46667837591208006,0.3207471703237673,0.25764121872028256,0.12001271879202796,0.4944580808733594
2022-03-22,-0.3954535324958987,0.1541411611454569,0.33579839846019,0.4611663946675759,0.45806936820054484,0.46467443149654464,0.4678639315619617,0.32356983752512714,0.25941671030191,0.12050024912793258,0.5159537816238312
2022-03-23,-0.40163018668963274,0.15353105691996205,0.33943901348276606,0.46570978198451624,0.46203508978983093,0.46913283317714355,0.4735190553622973,0.32941801638613877,0.2638282705874894,0.125186908294014,0.5268170949836467
2022-03-24,-0.4113641406126291,0.14491077986257753,0.33144018711005724,0.455546720911018,0.4502608090826203,0.4572966392751349,0.459631725423261,0.31547863031012785,0.2504965520021575,0.1100749657818933,0.5214391063945224
2022-03-25,-0.4247284982075441,0.1368630925034127,0.32646001430469723,0.4493825724748005,0.4470339252829244,0.4539312794327109,0.4579705877240917,0.31230677352853325,0.24902005804724794,0.10678931228480373,0.5315178104923478
2022-03-28,-0.43065367381967384,0.13474293534316337,0.3223881983951512,0.44636211289530703,0.4426750569968174,0.44836672714076575,0.45582285375700565,0.3086193368975498,0.24497598039955162,0.10242663645415383,0.5330803102738276
2022-03-29,-0.4416482813743117,0.13235200054886623,0.3158612068567842,0.4398168125434748,0.43354545123051064,0.43788266918181573,0.4443560459124887,0.2961268568665337,0.23128766910256815,0.08764732969669553,0.5292956110710072
2022-03-30,-0.4280012031797816,0.1461734570584595,0.3314568586907882,0.4578993171135366,0.45238605138821547,0.4551776281683232,0.46158689338558057,0.31362546938158187,0.24944453135756112,0.10686536726302026,0.5348665704428018
2022-03-31,-0.42983177107252557,0.14260730744597985,0.33087970450006465,0.45685254551396237,0.4498527932500412,0.4509999241005617,0.4582884227266048,0.31121454122803655,0.24820568955536798,0.10562059122230875,0.5354523622948343
2022-04-01,-0.43908165828541584,0.13652691182710913,0.3287967248617623,0.45491325641744995,0.4499879950476771,0.44960519541453986,0.45839463575236855,0.3084362121522711,0.24747304874899856,0.10369492886906893,0.5427765871544847
2022-04-06,-0.4324767066766746,0.14519877565683936,0.33929978532331717,0.4639248530998231,0.45867529860330397,0.4593023783934476,0.46706171827095555,0.318477476361357,0.2569095696724799,0.11514588361894451,0.5476225902956191
2022-04-07,-0.461030619318764,0.11895489345887802,0.3164874854444646,0.4391841168343716,0.43833145867190226,0.4369384125911524,0.44313202439583804,0.29429089425008664,0.2333156682746028,0.09306597393370653,0.5540965932524705
2022-04-08,-0.4664334297644751,0.11396936419790092,0.30824325506861244,0.4361285875344164,0.43200070017427883,0.42993787853300186,0.4362694792715648,0.28444080126211496,0.2228319487678034,0.08367160997630564,0.5501050397407807
2022-04-11,-0.4904953285664828,0.08877246153236572,0.28079674601564186,0.40916352687043933,0.40415846847441805,0.4006160544565674,0.40321108493427693,0.25004314570301406,0.18756889816136751,0.0480986328854041,0.5385939614518869
2022-04-12,-0.47865175367409196,0.10391353781803803,0.2968903034056547,0.4274026902868063,0.42341903176508705,0.41990247522354246,0.4228359590838884,0.27083114279399223,0.20768913165085023,0.06589430658008931,0.5445460602541813
2022-04-13,-0.5069346279447906,0.08035398724740757,0.2773050384478718,0.4083082879916996,0.40273491953695834,0.39946179772939405,0.4046160196308878,0.2553488097127878,0.19059720111128298,0.04762458593933439,0.554559213884125
2022-04-14,-0.4992775998452215,0.09496544180641359,0.29028030663893933,0.4185214411599551,0.4115188533267618,0.4071657657450878,0.4140956961580264,0.26232825820019273,0.19945150728276612,0.054928880724633596,0.5542064805698551
2022-04-15,-0.5178569776762862,0.07833784164352853,0.2711767494949918,0.40204291648917845,0.39186725990182086,0.38823990666954555,0.39572434075819385,0.24837095918501548,0.18526336627812112,0.04034004558937508,0.5581970232656612
2022-04-18,-0.5213675120726615,0.08001403981738656,0.2728587217435684,0.40763874758436647,0.39924241264037125,0.39622518303213544,0.40731896267575896,0.2606428720503525,0.2010888535266106,0.06020674918817698,0.5815742612608384
2022-04-19,-0.5126344611406952,0.08510068620456816,0.28075141959993877,0.4142552720268075,0.40372518365140697,0.3990941107155198,0.41020018558297666,0.26367793760644087,0.20262769464260894,0.06372626944258904,0.5763607305832842
2022-04-20,-0.5239786221160374,0.07325380651206881,0.2697218265496527,0.4043488090195774,0.3938326725915343,0.3893241615168276,0.4025230039201246,0.25350143036006484,0.19439000834754,0.05094495920866496,0.5749235813247022
2022-04-21,-0.5577054018810551,0.03616745658219382,0.2324052121359647,0.36759522403412226,0.35832379022649974,0.34930017193541624,0.3637940130283601,0.21553648966321742,0.15394149226868536,0.007731960392601697,0.5654373622736567
2022-04-22,-0.5669764407563089,0.030059927996672533,0.22602418979319816,0.35984477895283395,0.35017518876116566,0.3409302086954668,0.35534857853128143,0.2053049558928103,0.1436991185287064,-0.003860339872050346,0.5631161008842586
2022-04-25,-0.6277013760109488,-0.03956130658662095,0.15748394615949818,0.2866057545316779,0.27097723750715974,0.26122964417975353,0.27512414945512575,0.12237304631737084,0.05922831169654506,-0.0914220824157948,0.5362792935951539
2022-04-26,-0.6448241997194059,-0.061338655703131045,0.13275716479330513,0.25347661699471047,0.2379065479491845,0.2285198256736898,0.24209979277887864,0.08965635347720427,0.025990367474231765,-0.12423472428302779,0.520589475436378
2022-04-27,-0.6267671837904651,-0.0362338376483292,0.164743184279239,0.2892100821950865,0.27251613001317526,0.2665784915286589,0.2789755887705286,0.13172329265446905,0.06539232200010661,-0.08485842368866116,0.541908760101804
2022-04-28,-0.634672129598798,-0.04693774075842367,0.14640000384583413,0.2729275792576227,0.25484670793516473,0.24357989666608243,0.2572251166459198,0.11122308371689346,0.045477126694320406,-0.10891368560428363,0.5257584439945144
2022-04-29,-0.6035164419237976,-0.006801534376445352,0.1900216114091318,0.31793654731507964,0.3002143546644005,0.2907320582357539,0.30603000778422984,0.16213813099633465,0.09587022626546912,-0.055748193574165196,0.5477682483496324
2022-05-05,-0.5846341189157677,0.012018108469913687,0.20563018238978736,0.3345370996049223,0.3149968155568029,0.3063064380858202,0.32372887336838735,0.18025078184283758,0.11486949750652106,-0.03637550177834255,0.5482586171374252
2022-05-06,-0.6012864238663311,-0.0016480977535402869,0.19049624675295937,0.3234984054509515,0.30065895360142714,0.29621815239572863,0.3121718228973194,0.1710783053863819,0.10887723019275454,-0.0424750496559262,0.5588113742104049
2022-05-09,-0.5878380836720228,0.009313549706783627,0.20546391468932887,0.33775509624042965,0.31637548202733656,0.3148595020170111,0.3298708186378663,0.18999040348956686,0.12928045463550447,-0.024909567181883967,0.5629285164901389
2022-05-10,-0.5679882628495949,0.024735591545095845,0.22347258372958934,0.3557439569117154,0.33397852362637914,0.33224676312731555,0.3469076637812705,0.20560481866049565,0.14756659144036766,-0.008659748242487865,0.5593285146071071
2022-05-11,-0.5677479415102427,0.02813453887213535,0.2281101667527353,0.360232586227749,0.3393041231340391,0.3374539819498874,0.35169205319570784,0.20766368911045158,0.1487630652671087,-0.005725282467621517,0.5620226590426212
2022-05-12,-0.5618110763296607,0.03674602624947684,0.23285088067644358,0.3672965001217175,0.3476516168707354,0.34493787931560466,0.36251246926074665,0.21867031157824549,0.1604002747455577,0.0023205209516910215,0.5641315972813518
2022-05-13,-0.5623572724055526,0.04261062918402457,0.23961079344818242,0.37587476991246227,0.3552712227504023,0.3514454080226619,0.36823219964379245,0.22551380826243403,0.16821445937847296,0.010281809097956139,0.5726390815035088
2022-05-16,-0.5683498595698159,0.041346938429295904,0.23796968080667438,0.378770659341265,0.3574232558959778,0.35279164506482796,0.37246726693530235,0.23103469834749088,0.1719183771882109,0.01406816638926793,0.5824180259590839
2022-05-17,-0.5674517471174677,0.0430768014250601,0.2382443549534774,0.3775508305477442,0.35765886674138764,0.34997896007506535,0.3712600831429062,0.2287868151666262,0.1669632827250903,0.01124153244359348,0.5786932795610613
2022-05-18,-0.5675600378802915,0.04730335996786495,0.24249611705889138,0.38286552266698126,0.3660809448432365,0.35820108002107326,0.3817100165872319,0.23772805918688858,0.17830742107172795,0.02159798764549007,0.5891580255257818
2022-05-19,-0.5589228505943684,0.05510067742751725,0.25023549718978827,0.389741878434076,0.3727160551904032,0.3652783220505959,0.3888951878609892,0.24379094946831598,0.18469623622874595,0.02424107955691486,0.5831639301512834
2022-05-20,-0.5540062178139112,0.0652407738739023,0.26087267899562705,0.40110757497657074,0.38611856520019616,0.37653741614177083,0.3998432545609737,0.25709356213195145,0.19778604609554884,0.039104123857940015,0.5931103416718514
2022-05-23,-0.5521043952392494,0.07444233580907043,0.2704257730520155,0.41316730893067016,0.39928517422965404,0.39049255693619755,0.417270380441813,0.27483062446893414,0.2162614356792739,0.058128416877644286,0.6102328121168937
2022-05-24,-0.5941135786777818,0.03221506593864652,0.23015134959806027,0.37129966003791787,0.35661188975578645,0.3460315886379247,0.37271144220263935,0.23106481441812476,0.17061784755963716,0.016264113468592162,0.610377692146374
2022-05-25,-0.5802063231016507,0.05006660372897646,0.2489204247771663,0.391898075507755,0.3777348445153218,0.3676330494845955,0.3938758807668784,0.25381987882905654,0.19380840834290258,0.03514523017747164,0.6153515532791224
2022-05-26,-0.5802719908915362,0.0536007874324119,0.25393088050744544,0.398286690578898,0.38383195559244504,0.37185621259423973,0.39923511372639153,0.25978535103660666,0.2004491030548227,0.041063944345970715,0.6213359352375071
2022-05-27,-0.5827530604648922,0.05338606263504621,0.25502274988931406,0.4012941005974896,0.38399479139301634,0.3729738592364105,0.40026271074487835,0.2635950808791216,0.20131221726658155,0.04018376467207997,0.6229368251369722
2022-05-30,-0.5708824903659698,0.06737281113831406,0.2679286221835692,0.4101521193362048,0.3944902339202556,0.3810656653891988,0.4082861112118934,0.27160448779656954,0.20936280940886,0.04694860657620438,0.6178310969421743
2022-05-31,-0.5615869390672581,0.07846127529740024,0.281284697375785,0.4221137062972905,0.40606457952389474,0.39282212949104933,0.42200936940452527,0.2833953727439636,0.22419970101343062,0.0603336356969949,0.6219205747642531
2022-06-01,-0.555100986749945,0.0858480862693656,0.2884575344403845,0.431300697705958,0.41626824321473677,0.40317279788556604,0.4300670375144643,0.29184520671301795,0.22898193963338542,0.06548615137375008,0.6205871381236953
2022-06-02,-0.53675955900323,0.09860767397983432,0.3020460450546217,0.4443264225276257,0.42965291630453867,0.4121920719497218,0.4390775821753676,0.3026548121524659,0.23502145510528724,0.07497901407693322,0.6117385730801634
2022-06-06,-0.516223840922166,0.11833405136964831,0.3211121193925748,0.45988445229229635,0.4482924931877549,0.42909591196522406,0.4570921646587067,0.31820362522220513,0.25246311118394055,0.09376524496884162,0.6099890858910079
2022-06-07,-0.5278942833184421,0.10706757892196332,0.3142283117061098,0.45325670622334624,0.4460385883073812,0.42431563408943196,0.45283180723225963,0.3144530603366096,0.2514329852488502,0.09497099463631657,0.622865277954759
2022-06-08,-0.5308419853652843,0.10482947962199554,0.3126343704087587,0.4541675165817329,0.44450053085752217,0.4217032180443593,0.45028372053609045,0.31174245524885436,0.2495563625936474,0.0907709265222349,0.6216129118875194
2022-06-09,-0.5523610181487871,0.08186573370805106,0.29145028316171223,0.43288039619335383,0.42523802548477163,0.40482521066495103,0.43157785490458966,0.29238013735373003,0.2324647456615278,0.0712356360463322,0.6235966541951197
2022-06-10,-0.5300201442991913,0.10421842304538809,0.3111475775942062,0.4492789629242704,0.4430206294162828,0.42202252305291565,0.448168918939681,0.30858508665416867,0.24731532640348503,0.08662436721673251,0.6166445115159241
2022-06-13,-0.522747435501769,0.10723040968025661,0.31332045256783614,0.4511853462112705,0.4455029120304714,0.42422724176128207,0.4516111352201178,0.31238159157839246,0.25191832394893576,0.092120551760272,0.6148679872620413
2022-06-14,-0.520196465276827,0.10890003505909697,0.31356725316269674,0.45336092407603945,0.44722260965414157,0.4245332221408612,0.4508961077151832,0.3108033493025621,0.24920586746352263,0.08851273971277664,0.6087092049896038
2022-06-15,-0.5327677630686863,0.10133372436841306,0.30837713594012406,0.45043239961656634,0.4457295377219572,0.4253210565855393,0.4548695782969073,0.31565659792472817,0.25428136764652337,0.08973048490374522,0.6224982479724317
2022-06-16,-0.5293968261981131,0.10734881539824535,0.3166449764295688,0.4585638384417938,0.453380931107678,0.4342394648590157,0.4667378200733778,0.3251109118948593,0.2650505621172612,0.10078107797109345,0.6301779041692067
2022-06-17,-0.5174769581972147,0.12068506242439442,0.3227997580335579,0.4650752409314547,0.4594715136003441,0.43889986925939123,0.468334334245362,0.32525606784661293,0.2640905567190763,0.10520950959070151,0.6226864677879164
2022-06-20,-0.5097969346495063,0.12880046725735522,0.33102640113545134,0.4734104487501175,0.470949075217457,0.4511532613288511,0.48259372053279476,0.33928344085162576,0.278785870930838,0.12071496904667653,0.6305119036961829
2022-06-21,-0.5242697007246545,0.11848418636902676,0.3220037427222039,0.4665556722008114,0.46797577542826796,0.4492457329196582,0.48118395139117087,0.33966266118375993,0.2810348842162523,0.12013178706545928,0.644401487790114
2022-06-22,-0.534165324260904,0.10815053341992555,0.3092797574861543,0.4529858715215817,0.4562170925606033,0.43438354577137633,0.4642147614165526,0.32334250031245343,0.26880529695730687,0.10716060452076297,0.6413259287816672
2022-06-23,-0.5094192269541847,0.13045637932612264,0.3325244245244631,0.4765552237124537,0.475454092062901,0.45391368075607724,0.48333506326330206,0.34269523106344163,0.2834363270880426,0.12352981933296359,0.6329490462871484
2022-06-24,-0.498887588170085,0.14416862516982848,0.3453145256783331,0.48605190786444386,0.48574235169513347,0.46243988820284726,0.49434695327038164,0.35457417463163254,0.2922115587151673,0.13640922736677577,0.6352968155368609
2022-06-27,-0.4896809448617805,0.15185747826809912,0.3515351162465052,0.4939549920587192,0.4920848031685546,0.47022871986373604,0.5018106809333169,0.36450993769991535,0.30127951877989606,0.14512972119438533,0.634810666056166
2022-06-28,-0.4824860378833027,0.16372284699537004,0.36510766080494833,0.5106915717228516,0.5096424430538354,0.48697509219980095,0.5189452295835953,0.38038067893084426,0.31469406048291076,0.156194560925744,0.6386805988090468
2022-06-29,-0.519311449236398,0.1336882809226707,0.33795944528416166,0.4848462540615977,0.4865226023974635,0.46750952811956076,0.5019839892251073,0.3650986422993237,0.3029275913240409,0.14436066633305944,0.6636721155694576
2022-06-30,-0.504497614246239,0.1459738996147625,0.3464178406842302,0.49274281394457786,0.49651596213794,0.4750259640083985,0.5094941777345624,0.3727183480746188,0.30999097908058465,0.15341243188579315,0.6579100461320322
2022-07-01,-0.5099683033754933,0.14451946800301693,0.34220171863739623,0.48952336800897545,0.4937149073837815,0.4750113643116729,0.5076154851379955,0.3728711762508835,0.31214069953519435,0.1549836854872806,0.664951988862774
2022-07-04,-0.5001369232579976,0.151064262925739,0.3521581306775608,0.4956995388893916,0.5006883488779978,0.48187164535489724,0.5132981897036697,0.3779950000633867,0.3145731349168946,0.16241572394464684,0.6625526472026446
2022-07-05,-0.5137151622943049,0.14361052896563475,0.3417756840566465,0.48637161652550326,0.4932404392945797,0.47487793324582317,0.5055926332887174,0.37092591718781825,0.30590490038195495,0.153761059399164,0.6674762216934691
2022-07-06,-0.5221944834113063,0.13784742364857033,0.33460405013041083,0.4787382942360774,0.4851556690098058,0.46486771409783395,0.49698675934313236,0.359937241573881,0.29546795566664596,0.14565070120153906,0.6678451846128455
2022-07-07,-0.5142268747044093,0.14589963091735758,0.34088585467864374,0.4852093847806523,0.49516670627485293,0.47252325586162897,0.5030131386270138,0.3654669109091742,0.3012959026120283,0.14816030563613858,0.6623871803405481
2022-07-08,-0.5185737000564253,0.14444562909182382,0.33953405897463074,0.4861017410819984,0.49602998162463413,0.478691649545251,0.5072056487037298,0.3718615737329631,0.30675498008090674,0.1523779438295947,0.6709516438860202
2022-07-11,-0.5250801647013934,0.13725179906961568,0.3321515679219561,0.4778265446053117,0.4877555018562095,0.4682057413965901,0.4972959212681031,0.3631255707307351,0.29628068811954067,0.14494212741676282,0.6700222921181564
2022-07-12,-0.5494301315267305,0.11891015845266645,0.3113379485649637,0.46063901943391533,0.4700504499160576,0.45126480070805336,0.48270177641960754,0.34852640439333243,0.2834804303549778,0.13514296857143637,0.6845731000981671
2022-07-13,-0.5384063472374574,0.13117732790204853,0.32673087365807707,0.47388622175536393,0.48250642862292487,0.4652953024189212,0.4969503106803061,0.35913671788624973,0.29566936600028315,0.14273072873010434,0.6811370759675619
2022-07-14,-0.5284059971600417,0.1428031995282158,0.3357476323129772,0.4825771993065797,0.49285555112127966,0.47519013274836985,0.5029443706156899,0.36637800732003123,0.29957751893991713,0.14318360173312294,0.6715895988931648
2022-07-15,-0.5378367511818917,0.12780044135085672,0.3177087235563656,0.46617541781883093,0.47674836937202647,0.45803533776539357,0.4838614883125539,0.3466173399387965,0.2791702974129081,0.12257686374199359,0.6604136149238855
2022-07-18,-0.5164602667454314,0.14980545115169636,0.3422590123813409,0.4920166778116482,0.5002968400572827,0.48204812636513183,0.5127366467462457,0.3735951047012808,0.3074163502425046,0.14813589304000277,0.6645961597854344
2022-07-19,-0.5133388964489559,0.15623108718099132,0.3526690372160168,0.5027585330795724,0.5116168626789527,0.49394357758947577,0.5239216501918007,0.38601158791583184,0.3200825826759064,0.16010713798596812,0.6734460344349242
2022-07-20,-0.5066505928249743,0.16387080869815243,0.3634613321677059,0.5132108598883451,0.521431761886514,0.5039228166023393,0.5329369280297781,0.39522957893845034,0.3290843969855055,0.16853178628464668,0.6751823791096211
2022-07-21,-0.5122156581174464,0.15676082996793797,0.3603403184034704,0.5094640858433774,0.5198603186914081,0.5014603075196555,0.5287684084841631,0.39230481972804404,0.32704448684596493,0.16397668291522083,0.6761923410326673
2022-07-22,-0.5140497250939793,0.15580780986263473,0.3600274003908273,0.5088707777871572,0.5189024847049616,0.4990001399839151,0.5241752876623923,0.38864936444864984,0.32174903840175145,0.15826539220968774,0.6723151173036671
2022-07-25,-0.5256092435556446,0.14305466289581048,0.3486027830422404,0.4967830292184245,0.5098789158203909,0.4913619508631869,0.5196046913310917,0.38308051383826547,0.3163261444247786,0.1532678131538296,0.6788770567094743
2022-07-26,-0.5198938075550694,0.1536922541346359,0.3595084833061432,0.5068350769537731,0.5215341103687021,0.5015957891980238,0.5309163523662545,0.394407309051323,0.3301500932487669,0.1637108730366566,0.6836046805917261
2022-07-27,-0.5053092366805665,0.16427433272435635,0.3692706701189184,0.516032532286309,0.5330259723768243,0.5103898985536067,0.5409215495060593,0.4004171699022801,0.33796379799010456,0.1671028888045449,0.6724121254851114
2022-07-28,-0.5004771580446181,0.17055367364449972,0.37856872208460085,0.523859649398048,0.5417061809942907,0.5192925774343863,0.5499003763808659,0.40676225997083265,0.34631236963671386,0.17556370491701073,0.6760408629616289
2022-07-29,-0.5014485692216785,0.1693024680823132,0.3794123914914377,0.5242690545067455,0.5376304263048536,0.5153780955838292,0.5394908264513283,0.39736715541078743,0.33438755300087347,0.16185397042369462,0.6633025396453731
2022-08-01,-0.49733227866848373,0.17654512741095632,0.3878751000056449,0.5319945202295516,0.5445723432489297,0.5231455302971583,0.5431706987459961,0.4022552816833233,0.33893302789835117,0.16459221074518268,0.6619244894136664
2022-08-02,-0.5283657612445565,0.13954973518999275,0.3483754840097139,0.49083987925734457,0.5023581126772273,0.479887367356657,0.5020804068917198,0.3600961934592276,0.2977485823124941,0.12836285688624205,0.6567286181307985
2022-08-03,-0.5446877104182831,0.13464038757572253,0.34499248906684593,0.48904789479330824,0.5020092716138375,0.4784690379456106,0.5011927789574435,0.35696994131044074,0.2931783850197928,0.12472979280953482,0.6694175032278179
2022-08-04,-0.5400931826839553,0.14433174975663376,0.3582712650774263,0.504591967975521,0.5197638116282971,0.4941898420663585,0.5179858161761084,0.37335415068575273,0.30721964863565787,0.14064489962899693,0.6807380823129522
2022-08-05,-0.5327712678616965,0.15006789141171098,0.36695953745930476,0.5172837952869683,0.5323636382170842,0.510411279246656,0.5347457476160079,0.3898568572332347,0.3245073953819763,0.1588122425457313,0.6915835104074277
2022-08-08,-0.5118992309413481,0.16804729940258467,0.3833365543009547,0.5333769203820786,0.5442186522379318,0.5236851165026228,0.5458433095958395,0.4006262037768844,0.3349984242546052,0.16714578637691727,0.6790450173182653
2022-08-09,-0.5028184553626419,0.1739378653659802,0.38920224997136554,0.5376099868154244,0.5493333345191317,0.5281662389705227,0.5475328218356275,0.40050426846395315,0.3344669620948436,0.16588692811496147,0.6687053834776032
2022-08-10,-0.49494988665826023,0.1802344244715725,0.3958603547789255,0.5451199582604692,0.5540234173378359,0.5307501620454712,0.5502324105870454,0.399900600657191,0.3313570246478491,0.16108620968720452,0.6560360963454646
2022-08-11,-0.49121678545569347,0.1905921892062887,0.402440106026233,0.5564715782590602,0.5662091708971528,0.546145768602546,0.5670290278958402,0.4182377826302968,0.349848585622671,0.18053808970235874,0.671754875158052
2022-08-12,-0.5121036574116551,0.17893748555060665,0.39205373282097983,0.5517355236455104,0.5618883145571134,0.545116875770247,0.5666034739648386,0.41915403115325706,0.3524126717749295,0.18309454605769188,0.6951982034693467
2022-08-15,-0.5048959214208262,0.1844901785471675,0.3968703967493874,0.5569299333136983,0.5658494757854329,0.5494807313456599,0.5686204574945666,0.42176735676276544,0.3553389506329179,0.18659295586430014,0.691488877285126
2022-08-16,-0.49856253889729796,0.18818402509826965,0.4030909189660064,0.5641045215556182,0.5755952149230521,0.5584432348001157,0.5769670418975827,0.42944634754923916,0.3620771850010608,0.1951694020416157,0.6937319409389133
2022-08-17,-0.5002113366875869,0.18804128916839763,0.406521875360018,0.566853803416657,0.5779659619138199,0.5605820494963842,0.5796701128613406,0.43225095144774794,0.3664447484448387,0.20000795079884032,0.7002192874864269
2022-08-18,-0.4872895250194589,0.1984887556927417,0.41628509702789135,0.5742927774005789,0.5792406834618602,0.5619760065740892,0.5782204854974652,0.4270428925338683,0.3593412779625923,0.19265017420186542,0.679939699221324
2022-08-19,-0.5138694506409159,0.17692509226698386,0.3966198168216019,0.5565376383660441,0.5658382261947086,0.552701870388899,0.5696191790646262,0.419317304210354,0.3538995928578849,0.18726801752485028,0.7011374681657659
2022-08-22,-0.5157134402094334,0.17934775430562405,0.4013044311664993,0.5589735556593555,0.5706348882445546,0.5597527039834301,0.5763973542570119,0.42781074667648694,0.36304373067355156,0.19695498161130248,0.7126684218207355
2022-08-23,-0.5063879491858738,0.18681268268600787,0.40863861723281386,0.564147300183216,0.5756618695182485,0.5648175122876826,0.5780648257806771,0.4290210312432617,0.36174930475172534,0.19561047371095566,0.7019984228968291
2022-08-24,-0.545406185874773,0.15049445650764787,0.37046493928505486,0.5277423965647413,0.5401135633607338,0.53143534995482,0.5503075997492116,0.4035654433851238,0.3397352867287019,0.17518297938201335,0.720589165256786
2022-08-25,-0.5580722584337411,0.14224952092698828,0.36189996627317306,0.5227101109876764,0.536136775372877,0.5278831954442923,0.5473986768572062,0.4022629226558054,0.3407151455966488,0.17699579626706521,0.7350680547008059
2022-08-26,-0.568874408348994,0.13228326284729452,0.356973156973258,0.5161609847977853,0.531889774801584,0.523548241381794,0.5447308536175294,0.39978079343112,0.33686401784048836,0.17444153348249447,0.7433159418314881
2022-08-29,-0.5624835419355332,0.13961642700168436,0.3656361938869792,0.5242339569031923,0.5415244123229739,0.5334198206503975,0.5527851155032698,0.40902940652820885,0.345049149895675,0.18331908734651545,0.7458026292820482
2022-08-30,-0.5733757282094074,0.1319852606842116,0.3585238299154623,0.5199564691490003,0.5390179694476124,0.5310828451335162,0.5518044438743261,0.40970382267210204,0.3444145636423331,0.1840957958580036,0.7574715240674106
2022-08-31,-0.5953067665163001,0.10708982882170462,0.3341022819778102,0.49289323908562244,0.5123651171141788,0.5010291774474491,0.5250925637172831,0.38026332720841544,0.31249965358884785,0.1555592570531529,0.7508660235694525
2022-09-01,-0.5993821329980701,0.10567015947070942,0.33068376804170957,0.4909175976901475,0.5099832655773422,0.4992170277097908,0.5191428327290989,0.37589049115205847,0.30748432780771773,0.15021725921722803,0.7495993922152976
2022-09-02,-0.5945670112608996,0.11723649938500111,0.34525528337964223,0.5057690816329371,0.524077137344042,0.5131671791610888,0.535026449359208,0.393136278886386,0.32360903693942183,0.16601506841263003,0.7605820796735291
2022-09-05,-0.5901799881621451,0.12273217306309828,0.35143621983849704,0.5106780266373786,0.5280273976415991,0.5170148616269794,0.5368976561616168,0.39487799699899984,0.3224005147258647,0.16219214296381823,0.7523721311259628
2022-09-06,-0.5830726557177661,0.13292462157758642,0.36375210814990094,0.5260027143361512,0.54319809081245,0.533067996489975,0.551057346408482,0.40850668989946237,0.3365021581086343,0.17550288814470982,0.7585755438624754
2022-09-07,-0.5865541491377261,0.13272165743972628,0.36549119237269395,0.5297726354469994,0.5474147126387517,0.5379775348213647,0.5565034216194078,0.41517141957082204,0.34504299781980036,0.18500263300181657,0.7715567821395422
2022-09-08,-0.593558099614536,0.12594185800405316,0.355838721281527,0.5203880619606867,0.5382581019272293,0.5273048314431499,0.5472022379598057,0.40490617740531415,0.33279560152051346,0.16988136546123198,0.7634394650757674
2022-09-09,-0.5934793958579143,0.12342174886933424,0.35552163582402313,0.5188679801325354,0.535815149634506,0.5260471832838749,0.5467537025170397,0.4040590296321731,0.33419222134483023,0.17250327268425736,0.7659826685421712
2022-09-13,-0.5925308508042193,0.12459267938509849,0.35516076652483264,0.5209630807404292,0.5380467234235786,0.5298929964707008,0.5513356524884285,0.4091477612749958,0.33805219476582604,0.1780289979780801,0.770559848782299
2022-09-14,-0.5980370470386802,0.11683891506918738,0.3490874774018799,0.5149544571927146,0.5284843627139612,0.5204905463113629,0.5414143248779499,0.39883115877674596,0.32887031011281304,0.17010668985850688,0.7681437368971866
2022-09-15,-0.6106583978682208,0.09713620823239365,0.32854123668071583,0.49275638605029076,0.5032949146993365,0.49271304287878304,0.5142409552384114,0.36889116047005177,0.29955361781586703,0.1410186656234541,0.7516770634916745
2022-09-16,-0.6371604448681761,0.07234272425383004,0.30419390887026343,0.46735704404604755,0.4792473769057658,0.4698768505522352,0.49132259769815073,0.34606771130818376,0.27654218864250063,0.12040763362665864,0.7575680784948344
2022-09-19,-0.6438035733417152,0.061757218075155454,0.2912891000194297,0.4534556094535085,0.4642602829526954,0.45528724970593376,0.47718852038412596,0.33261050675577164,0.26324035982833804,0.10897790645811142,0.7527814797998263
2022-09-20,-0.6389054497198141,0.07320119830111659,0.3060184476767663,0.46866718424050335,0.48091194458087005,0.4715296857468633,0.4947979793742158,0.34975087756188766,0.2798722204166435,0.12585952348850005,0.7647649732083138
2022-09-21,-0.6409473751451278,0.07624255668508843,0.30897550473718105,0.4704018055622305,0.48321535587438574,0.47764194418287276,0.49934564756542127,0.35397324776630856,0.285441474667157,0.12905590678779968,0.7700032819329271
2022-09-22,-0.6442381969517318,0.0723260586819027,0.3046147753237515,0.4672158358011895,0.48044985533277434,0.4741770132026932,0.4962159705258739,0.3503267222039214,0.2817489763627148,0.1252885706545121,0.7695267676062435
2022-09-23,-0.6640696508293977,0.051203620154465244,0.2837013577309664,0.44775032290572075,0.4608127752092561,0.4534365547035161,0.4751952042735662,0.32995300252557225,0.2607439733786789,0.10351237610321475,0.7675820269326121
2022-09-26,-0.6782240294282597,0.03454326780857633,0.26548808697752335,0.428261165825468,0.4412231341283829,0.43638666346024846,0.45798634894733964,0.31168168841080435,0.24151490321231497,0.08630355793154193,0.7645275873598013
2022-09-27,-0.6586447529867303,0.05734217609848602,0.28746163916643813,0.45090054738657454,0.4649583727664895,0.46058197901566345,0.4848934568346108,0.3386252232045889,0.2695786247792576,0.11477372462751022,0.7734184776142402
2022-09-28,-0.6840117575580887,0.03128900479927411,0.26191218918706255,0.4248557377058523,0.43800283574542626,0.4340839022859073,0.4560828673174509,0.31020074863024005,0.24128504891904096,0.08462933787031983,0.7686410954284082
2022-09-29,-0.6895818493409728,0.028134557842044515,0.2561062851020209,0.42086220373264094,0.4342579823260175,0.4279439814008635,0.45072985239947694,0.3061255084852153,0.23711822691111448,0.0804407428796899,0.7700225922206623
2022-09-30,-0.7107264929941838,0.009043962041610135,0.24207503753740664,0.40987554397779175,0.4231889809430309,0.4173514649525223,0.4397551463001459,0.295803069604091,0.22632578293925443,0.06967137600744448,0.7803978690016279
2022-10-10,-0.7245490868229858,-0.012785471514410198,0.22332480627368026,0.39091157915008445,0.40666052420727733,0.39819316203733657,0.4221499154680022,0.27915384399070436,0.21011293572218862,0.04913130729455956,0.773680394117545
2022-10-11,-0.7199466682028306,-0.009306470352133243,0.2278368311180157,0.3976009019989971,0.4123077129855752,0.4047829276375319,0.4307638951830463,0.28763246948023,0.21694904518653804,0.054345015336694065,0.7742916835395243
2022-10-12,-0.7000433333048192,0.013400682352384091,0.2557629471465197,0.4264560851292356,0.43974436569656217,0.4337558405777155,0.4615001161291357,0.31887663334428334,0.24763996962339896,0.08634157796905789,0.7863849112738767
2022-10-13,-0.6873110631430839,0.021318672471154446,0.26568306309342576,0.43771799877111855,0.4513616083721516,0.4454286186210349,0.47121669715210807,0.3289385652587197,0.2554316165658643,0.09278994854542524,0.7801010116885088
2022-10-14,-0.6624226720403424,0.04725917730753247,0.2921073141355665,0.4615475137283845,0.47529851254356975,0.46722693966264855,0.4916242010006635,0.3504633274800651,0.27556448733042177,0.11508469862393428,0.7775073706642763
2022-10-17,-0.6452872346787248,0.060327269695757975,0.3059448041619664,0.47965412659207013,0.49404685835145284,0.4852449529891066,0.5078686538462783,0.36646805875396415,0.28974295525480437,0.1285121664402595,0.7737994011189839
2022-10-18,-0.6363240180851701,0.06726944375529152,0.31191220369034744,0.48350393283318827,0.4971683633833518,0.48860943730443174,0.5087660791698525,0.3681023334785901,0.28986973783005404,0.12776885074827468,0.7640928688334444
2022-10-19,-0.6450743108376455,0.05776328595375892,0.30178118068225196,0.47634612490742945,0.4897837985864891,0.4818943805714281,0.5013663101279824,0.36053187412769194,0.28058060191420914,0.1174054505192903,0.7624797613569355
2022-10-20,-0.6519257977734766,0.05301430084881376,0.2980071052562969,0.4740627689021184,0.4867653709889457,0.4799256839114923,0.4992811071287867,0.3613841467952424,0.27829121746836366,0.1182807555987736,0.7702065533722499
2022-10-21,-0.6419221764599371,0.05540218463200816,0.30246015030580586,0.47550238404308304,0.488747350246479,0.47954093776020007,0.4981984315680933,0.35924181675910305,0.27536496605895555,0.1170260043932133,0.7589481808531501
2022-10-24,-0.6549239339471822,0.04270887635453231,0.2917881286852874,0.461630052349449,0.47699427756129625,0.46640749935537185,0.48635311402805365,0.34647293983218524,0.260153632737382,0.10265634467921841,0.7575802786264002
2022-10-25,-0.6678612653262707,0.03848389195961317,0.2889819756036419,0.45936061928329397,0.4748677804122645,0.463817687325344,0.48540159323705656,0.3452500044298882,0.259706497182626,0.09974505999785276,0.767606325324123
2022-10-26,-0.637677334241195,0.06343958729421799,0.31299525758451796,0.48436956851130886,0.4981558734420371,0.4862916563917566,0.504346722504849,0.36486315354588195,0.27401585690259234,0.11107669926476504,0.7487540335059596
2022-10-27,-0.646598194736952,0.0577722293200689,0.3100892355254601,0.48198608059780523,0.49490464655270755,0.4832661729174032,0.5024515384755192,0.36300950413608635,0.2720716055286349,0.1120542266330787,0.7586524213700303
2022-10-28,-0.674336170300531,0.025860514571827302,0.2778537931535989,0.447212779662103,0.4558692301073628,0.4443343414486601,0.46304434412664275,0.3221501028326512,0.23392491185704511,0.07558026793999101,0.7499164382405216
2022-10-31,-0.6542282614994502,0.04326875024099127,0.2940751066658521,0.462220392635581,0.47149561533372697,0.45382467919545955,0.4751648431811607,0.33081074324926324,0.24144449550105918,0.07689074547571004,0.7311190069751599
2022-11-01,-0.6418957006167014,0.06267324929646285,0.31666209256584155,0.48758720121966515,0.49861661484790204,0.48335387445596634,0.5066589795455353,0.3604612602076532,0.2731919150563658,0.10506463676792213,0.7469603373846231
2022-11-02,-0.6373706855128913,0.07267293072945016,0.32987988083022934,0.5005034079651306,0.5104332638537493,0.4981549410633101,0.522644162905956,0.3768851786990564,0.2890031265413529,0.12269549086586083,0.7600661763787516
2022-11-03,-0.6386356058497417,0.07604789745102924,0.3357052540757147,0.5066394680554195,0.5156115547781952,0.5054699671323466,0.5287088980890228,0.3824205125870612,0.29373586913328037,0.12510745322800954,0.7637430590777506
2022-11-04,-0.6307996850808392,0.0864441504451361,0.34959722569623736,0.5206677172477486,0.5317607464443046,0.522999992949195,0.5502352144788313,0.40428819239196007,0.31686752177224653,0.149960555372393,0.7807602404532317
2022-11-07,-0.6308689641351806,0.08620221001918803,0.3543733823183637,0.5246115263976107,0.5374909796769297,0.5283392342971046,0.5590726241362215,0.41404918784825945,0.3278923275882336,0.1623229281567732,0.7931918922919533
2022-11-08,-0.6329453148314921,0.08529581488446691,0.35146943081341653,0.5226740491750708,0.535944315117187,0.5282091506459374,0.5577639196255819,0.4124415299321851,0.3284407028480341,0.16100644616408918,0.7939517609955808
2022-11-09,-0.6336479514016963,0.08476258768450229,0.35364689840658353,0.5227878270913949,0.537554798752703,0.5285149676611358,0.5572687455679042,0.4122330555866823,0.327356899163143,0.1617462481462864,0.7953941995479823
2022-11-10,-0.6410831499175028,0.07869825732948317,0.3503926195780489,0.514478991102329,0.5332792761858445,0.5233833372450838,0.5527411759900077,0.4072785561183706,0.32455378646772826,0.15847126588838295,0.7995544158058854
2022-11-11,-0.6509715036397361,0.07649135621256124,0.3509030679736053,0.5176286074647337,0.5379742690250077,0.5286708521605259,0.559728294695321,0.4161801230082696,0.3373224198243841,0.17345014251417812,0.8244216461539138
2022-11-14,-0.6533054312277663,0.07681983432019408,0.35153709989397686,0.516400113575663,0.5377848429874343,0.527270428390148,0.5563448939831045,0.41425953334686033,0.3333452645111058,0.17123390904444147,0.8245393402722073
2022-11-15,-0.6374986691533538,0.0977219523959832,0.3717302331753189,0.5376122687364829,0.5580275105336848,0.5473803377064473,0.5770255184316562,0.43567948141130464,0.3532904756525531,0.18982622790799444,0.8273248970613478
2022-11-16,-0.6438519833411598,0.0946027519740751,0.36683974677119635,0.5347921616557523,0.5542546025846707,0.5463530850448404,0.5752322408409907,0.43631462116115566,0.35265855862260936,0.19034433013905178,0.8341963134802112
2022-11-17,-0.6302655061381212,0.1050488210036061,0.3751486384071189,0.5399712942398345,0.5576734235253489,0.5502328719693806,0.5775206887555603,0.4361775580449839,0.3524595522241735,0.1895012290160985,0.8197667351542193
2022-11-18,-0.6398094802897597,0.09611178091850514,0.36807668037818453,0.5338302278280529,0.5481822152628625,0.5442461229689836,0.5709449024753587,0.42783591616438554,0.345781764915907,0.18370559382066612,0.8235150741104253
2022-11-21,-0.6383296698956944,0.10047795939131485,0.37176140288285786,0.5367421597747016,0.5520764399802943,0.5466400140652561,0.5738004070539299,0.43255762043736795,0.3485562260487784,0.18749456529927577,0.8258242351949697
2022-11-22,-0.654330260003458,0.08643910593966646,0.35663192814586525,0.519407653700822,0.5412869468116454,0.5350493332528149,0.5648394133727105,0.42246808184853674,0.34012271305531727,0.17845817312308365,0.8327884331265412
2022-11-23,-0.6672655711935817,0.07418439151271557,0.34478302518545223,0.5093050646454135,0.5349848460424375,0.5310343000681529,0.5609507016642531,0.4227744979801614,0.33851271271744154,0.18014925924040887,0.8474148304339901
2022-11-24,-0.6670534956484085,0.07635830181368751,0.3477319388636736,0.5122540358135049,0.536670566746673,0.5356054536291918,0.565130253477668,0.42724788691223864,0.34504483842336764,0.18802090459950055,0.8550744002479087
2022-11-25,-0.6744605395582086,0.06765715783454197,0.340659468535686,0.5043539854114399,0.5282193016884612,0.5247221345699076,0.5554034311230531,0.41703673481073705,0.3362377384142375,0.17847399572294942,0.8529345352811577
2022-11-28,-0.6762537785394492,0.06318567220999642,0.3364423171215024,0.5016362979823056,0.5232242935448097,0.520532116770792,0.5486797030057541,0.41129761845947205,0.33069757359799773,0.17184960441402145,0.8481033829534703
2022-11-29,-0.6539737577815055,0.08417974180236712,0.3562237104533391,0.5217249076358731,0.5418673926709533,0.5405961730398197,0.5671626514398433,0.4275426386897063,0.34716118079183456,0.18409288402149634,0.8380666418030015
2022-11-30,-0.6582503922124863,0.08113893130382303,0.3552801622094573,0.5216854849186257,0.5428956712853911,0.5387394768541812,0.5662666999151041,0.42778288852871144,0.34537434873173006,0.18129148514030094,0.839541877352787
2022-12-01,-0.6571909532005268,0.08686608222012404,0.36187076057024375,0.5299203289771471,0.5494905024807757,0.5488085307759485,0.5758215887786731,0.4402527608820353,0.35790603517709363,0.19776006988148748,0.854951023082014
2022-12-02,-0.6579906524968276,0.09104036332454411,0.3680545194065745,0.5354325594322225,0.5559598867263812,0.5582778024653753,0.5840082382722779,0.44911600381467204,0.3658298105995235,0.20602078190309292,0.8640114343999203
2022-12-05,-0.6430799146252242,0.1052291549181263,0.3798806302274733,0.5475591262700786,0.5666289398061863,0.5662688856974603,0.5917935818519333,0.4531445057702813,0.3660591346203175,0.2003939317648935,0.8434738463901175
2022-12-06,-0.6506939947116264,0.09825354634125999,0.3757704572138447,0.5404692944894013,0.562159675944391,0.5629042136606573,0.585942590587983,0.44993354122691626,0.3649385080091158,0.20084791171645938,0.8515419064280855
2022-12-07,-0.6534587426271166,0.09786632176751797,0.37565240064310823,0.5432149568893837,0.5636731441668099,0.5643661129912034,0.5881785306937697,0.4508561635135738,0.36590992453332505,0.20209014673804201,0.8555488893651584
2022-12-08,-0.6547728037549753,0.09806690614472147,0.3716151078206611,0.5403903192284383,0.5616425221769484,0.5594990375273623,0.5837285390375507,0.4472016672815934,0.3591313209589558,0.19610308975139754,0.8508758935063726
2022-12-09,-0.6540648947721641,0.0997709558064327,0.37176564847700166,0.5406965918399144,0.5578298512395342,0.5573709147514118,0.580702808600927,0.4466053185998588,0.3551930085653346,0.1930859654065423,0.8471508601787063
2022-12-12,-0.658722343802852,0.09546944651121285,0.3658667386050402,0.5371095672213562,0.5549038981491543,0.5551067313825924,0.5808227339559839,0.44749850142172953,0.35732681422854917,0.19507959662275642,0.8538019404256084
2022-12-13,-0.6582957027689443,0.09732393539665667,0.3638308960704257,0.5348637231089612,0.5518531296502428,0.5524887499842813,0.5754463606961071,0.43966042903916813,0.3486736144030417,0.18430819600370557,0.8426038987726499
2022-12-14,-0.6583135602552969,0.09341159677880756,0.358487774230017,0.5305383848038288,0.5469281325549236,0.547885388580088,0.5714943493004768,0.4383198048535546,0.3473347696637607,0.1862554461424368,0.8445690063977336
2022-12-15,-0.6678472254305649,0.09054440142841551,0.35888053476916454,0.5314798589691141,0.5512392468027684,0.5531974500287081,0.5797974604095768,0.44699189929457567,0.3577926928074596,0.19808248191451738,0.8659297073450821
2022-12-16,-0.6725208680245578,0.08565402774666236,0.3535733973298801,0.5219332813352238,0.5422578345138215,0.5410269643764382,0.5669524453972288,0.43013654083024155,0.33942833092793095,0.17863179163097598,0.8511526596555337
2022-12-19,-0.6959135450162596,0.06274612386539485,0.330910262963357,0.4977790222481832,0.5174885282602745,0.5178217186605626,0.5428043385978151,0.4078167691281265,0.3184754453634966,0.1609989254683477,0.8569124704846072
2022-12-20,-0.7138685996748562,0.04905076737150575,0.32274343488903423,0.49276613388406104,0.5136980371633916,0.5155166847044167,0.5426590466461609,0.40813658659387886,0.3215229478040493,0.1653830015664324,0.8792516012412884
2022-12-21,-0.7127636153838067,0.04822107902613048,0.31836855314888574,0.4861061794632225,0.5052637375508784,0.5063437191229865,0.5318415564441474,0.3973272998425048,0.30886508733209855,0.15227398689704807,0.8650376022808547
2022-12-22,-0.7200400122211758,0.03687228443016974,0.30593319731327073,0.47285947364312897,0.4899706309141337,0.4899363141021162,0.5151998422284447,0.37969443313674806,0.29153953223619533,0.13322671546251172,0.8532667276836874
2022-12-23,-0.7274189090664663,0.031842067436424516,0.3019270757961964,0.4705221709109967,0.4894447500293361,0.4897129859888046,0.5144559006000313,0.3780956201237095,0.28965803043501614,0.12836565484387608,0.8557845639103423
2022-12-26,-0.7195264872690046,0.041783790425286925,0.3153377850442325,0.48186527524182465,0.5068154483434663,0.5064171024665675,0.5350296628852997,0.39875730541494037,0.315289074560848,0.1566559513092309,0.8761824385782354
2022-12-27,-0.716240846278592,0.04494652412746871,0.3219499568650261,0.486383824999618,0.5129292572159718,0.5120015189505884,0.5392258355620259,0.40219136123668375,0.32181936321559407,0.16078504277540054,0.8770258890539925
2022-12-28,-0.7284958879043237,0.032592480467319634,0.3095098488499728,0.47435502875066143,0.5015741947074029,0.5005739236255978,0.5265048462057927,0.39129527872282527,0.3112678716322391,0.15139427755741044,0.8798901654617342
2022-12-29,-0.7364511950322876,0.0298880249011392,0.3073740219009918,0.4726440720038206,0.49813645279438057,0.49719478401710937,0.5219977036728396,0.3874229920982331,0.3073574995049416,0.1473685278902172,0.8838197229225048
2022-12-30,-0.7283138374500673,0.037576170839454456,0.3137830117112748,0.47924902847127504,0.5029576105567609,0.5014068832736593,0.528137680498574,0.39510493149261877,0.3154862079464708,0.15346812577630808,0.8817819632263754
2023-01-03,-0.7174331450336957,0.05379206849351566,0.3328457895399827,0.5022196271259722,0.5276745796327931,0.5275312900889416,0.5556976333362934,0.4241638310429455,0.34409846142599104,0.1805634964531409,0.8979966414868366
2023-01-04,-0.7156776837847065,0.055324226873756245,0.3366644852516616,0.5059901868825455,0.5319970179782659,0.5321850254229361,0.5612056999950851,0.4285576705691536,0.34987275254978617,0.18586861533965124,0.9015462991243577
2023-01-05,-0.7123804071883517,0.06067305216190866,0.34302593906676637,0.5132068488980798,0.5397264766308884,0.5405928286892446,0.5679591440269344,0.4363892972526274,0.3554815513084332,0.19232806295288313,0.9047084701412348
2023-01-06,-0.7177126523576414,0.05729685423748347,0.34186795679710974,0.5101010117966598,0.5398322250652157,0.539156646077616,0.5681783103937098,0.435559847100069,0.35332803798589274,0.19116682965101633,0.9088794820086576
2023-01-09,-0.7124258647204769,0.06236593344783113,0.3472417937657617,0.5159673397584876,0.5456518285296574,0.5467836219984267,0.5757689366915961,0.441329802226536,0.35964621145896636,0.19725653381245833,0.9096823985329352
2023-01-10,-0.7115456638417904,0.06273933040897893,0.3497772971358156,0.5147862553367093,0.54557334537506,0.5462884956976283,0.5722037478467241,0.4391125113633811,0.3558080387980244,0.1928992291926987,0.9044448930344892
2023-01-11,-0.7212553565086377,0.05152891840670849,0.3376168402777266,0.5046458669957781,0.5372168451893093,0.5374040565789576,0.5627256806426485,0.431372634168922,0.3494772478885688,0.1886237527863598,0.9098791092949976
2023-01-12,-0.7203352895649283,0.05052021437286494,0.34007319642918177,0.5072288660784963,0.5373815751132444,0.5378473297372124,0.562930559237671,0.430491128190598,0.34902096449513176,0.18743802648985342,0.9077733160547818
2023-01-13,-0.7189592446216602,0.05019163297247067,0.34220657122948145,0.509883189471019,0.5402015121071428,0.5439607989272284,0.5691486379666715,0.43760652844104586,0.3546616269295259,0.19514533981007842,0.9141045844317387
2023-01-16,-0.7116499196864694,0.05855974746922961,0.35172250413281075,0.5205947488248551,0.5519478554423924,0.5564341951573368,0.5820580395001753,0.45079658565067715,0.3682398103606164,0.21009070926613124,0.9217406289526007
2023-01-17,-0.7128974736483149,0.0566915774480731,0.35154992220586484,0.5211755059451452,0.5514761590127651,0.5580889750110869,0.5808308592234565,0.4490941211999684,0.36668518332607647,0.2046835118933276,0.9175809855416426
2023-01-18,-0.7131026583241683,0.05944493757911051,0.35664353763386003,0.5273567470127744,0.5557878575032387,0.5629108732797325,0.5872458356266291,0.45399816145871985,0.37165329115042395,0.2099213631530476,0.923024021477216
2023-01-19,-0.7022815762149116,0.06604830956717872,0.36484482659871925,0.5337322135151215,0.5617403003407905,0.5692050183509497,0.5953270540528963,0.45973565979427794,0.37758923895673235,0.21481559788829038,0.9170971741032021
2023-01-20,-0.7019165012845242,0.07226194352351938,0.3701473049071993,0.5403536627219386,0.5688894247475946,0.5783797441336861,0.6045549953159107,0.4710550929286919,0.38919032919426516,0.22760906355026,0.9295255648347843
2023-01-30,-0.6921228326844954,0.08253483436197369,0.38387087365712064,0.5534551198189739,0.5823882735058726,0.5909447624594529,0.6192980094587708,0.48606730988242125,0.40539972877541985,0.24057023753183024,0.9326930702163256
2023-01-31,-0.6916781529522302,0.08438866206309345,0.38537858217991106,0.5558541184250758,0.5847590026818379,0.5953592352947126,0.6228895845305095,0.48928560058862647,0.40879558610913896,0.2434250525754892,0.9351032055277195
2023-02-01,-0.6746565386760783,0.10237203496195155,0.4037071113748524,0.5707771982760188,0.6026058810414534,0.612077370555145,0.6392346716326502,0.5062029363702009,0.4254918816820659,0.2583342234865373,0.9329907621626157
2023-02-02,-0.6734797056574839,0.10160769751408698,0.40590671849458615,0.5753138157347386,0.6057406921278415,0.6157323557123517,0.6422225982623152,0.5095584426908952,0.4295074626987516,0.26718760917344836,0.9406673148309324
2023-02-03,-0.6702890355550484,0.10512162434644959,0.40798772552133367,0.5765640880466006,0.6058517044586521,0.6149872593680789,0.641301193184555,0.5078212956617624,0.428206705285517,0.2616296458510079,0.9319186814060564
2023-02-06,-0.6690709073792582,0.1045588181206533,0.4076286884179214,0.5770578431638782,0.6035609269249123,0.6141860748600103,0.6379483395617124,0.5037949807497502,0.4235608746036111,0.2570669276916295,0.9261378350708879
2023-02-07,-0.6583356697500551,0.11268006993178471,0.4182142258538148,0.5843755283480524,0.6118149710422474,0.6206714062029214,0.6434571128604122,0.5085206235451126,0.4286999406887427,0.259467726417314,0.9178033961673693
2023-02-08,-0.6653213737597652,0.10833259269631201,0.412675090915297,0.5795576505852403,0.6071100509407003,0.6142756677182005,0.6393124167258935,0.5035190890938668,0.4231787972595691,0.25628572918447773,0.9216071029442431
2023-02-09,-0.6524154305640518,0.12297706088209859,0.42636040595066127,0.5958120993932647,0.6229520677860834,0.6308344348536855,0.6540364681238393,0.5168438553615288,0.43434786163888967,0.2652024642710662,0.9176178948351182
2023-02-10,-0.6543555789969295,0.12077708845054815,0.42260324521044673,0.5924498619893528,0.6217832593123019,0.6285057552835216,0.6516566316686109,0.5160660816843315,0.43525805683124724,0.269231432746074,0.9235870117430037
2023-02-13,-0.6439954003992527,0.12928462049530928,0.43307207750774473,0.6019804938372156,0.6309981409027318,0.637704496463274,0.6612200277135855,0.5275273629432865,0.4474720517561872,0.28187170108201437,0.9258671014812674
2023-02-14,-0.6450795159371564,0.1294106625733742,0.43563624264240414,0.6039045998001922,0.6315054480386021,0.6400580541368168,0.6617443081230346,0.5283133972774661,0.44819530480873576,0.28272409540730264,0.9278036113444593
2023-02-15,-0.6383804769552556,0.13595696732625218,0.43976343940007034,0.6070900235972768,0.6343526899301347,0.6435499939007433,0.6614424109291218,0.5291178968242709,0.448221484763786,0.2775594083081946,0.9159398852634504
2023-02-16,-0.6674909429891556,0.10894314127601634,0.41265936620299376,0.5826292895242179,0.6090690728541793,0.6208559421596785,0.6414379587863669,0.5082984325367474,0.43125954060770627,0.2606687331083956,0.9281596760975513
2023-02-17,-0.6780807131171531,0.10011239725947582,0.40523427441736615,0.5763840820828509,0.6044857919635207,0.6161588526749139,0.6365582039483769,0.5049677344689204,0.4279782009298354,0.2604086506905221,0.9384893638076753
2023-02-20,-0.6669706966267185,0.11386209774466531,0.41836748763490894,0.5890778142215539,0.6187602956001348,0.629475090949043,0.6505946106668558,0.5174711572026999,0.44059656359939325,0.27395573172271753,0.9409264283494361
2023-02-21,-0.665688774994171,0.11787864852105755,0.42176807430458874,0.5936513538835211,0.6235066550187808,0.6330069099816024,0.6556005175804887,0.5213465140741808,0.44594293375335864,0.27852904697841774,0.9442178219725887
2023-02-22,-0.6649043997917996,0.11987559223994164,0.42416318268643033,0.5958429843369277,0.6257144703161183,0.6352159676468122,0.6593645844554095,0.5228510787387547,0.4464870844182417,0.27906469028802805,0.9439690900798277
2023-02-23,-0.6709066113398637,0.11393780143039832,0.41885981869741956,0.5928466920900644,0.6237682336811631,0.633283283042798,0.6567666513889181,0.5219837075555709,0.4481738135535413,0.2818225340167646,0.9527291453566283
2023-02-24,-0.6736471672382423,0.11205672832150697,0.41654795748771345,0.5914018659346756,0.6228084343977108,0.6316313134704122,0.6545598847678056,0.5194062990989532,0.4444201328860644,0.27775566929130985,0.951402836529552
2023-02-27,-0.6801609525881807,0.10233124976014117,0.4078141399417038,0.5817413784412315,0.6120086558017184,0.6216967757253813,0.6453745651870895,0.5114572119555448,0.4357400061868231,0.27161621821325727,0.9517771708014379
2023-02-28,-0.6729207859945122,0.11090268789073121,0.4160435943960422,0.5919873224185079,0.6226633860111387,0.6317608604608321,0.6556428635943139,0.5212495626579006,0.44537989700086,0.2809610521678337,0.953881838162346
2023-03-01,-0.6667697616799251,0.11947442711565388,0.4254310659790932,0.6031493918984379,0.6342335746163975,0.6420037225036825,0.6659523955696255,0.5305204305587959,0.45209125961536817,0.28584855660636066,0.9526183182862858
2023-03-02,-0.6694657918432048,0.11686324616372147,0.42498483805840326,0.6018967483016571,0.63325701568835,0.6400047771838809,0.6622433886373902,0.5234419716220938,0.44572272290369774,0.274137663145562,0.9436034549887667
2023-03-03,-0.6723394817515854,0.1141511876397816,0.4234196411316913,0.5996727222725514,0.631897358710892,0.6398165978160584,0.6645486909613724,0.5253649108907996,0.4477642292282075,0.2754621198737398,0.9478016016253252
2023-03-06,-0.6730216477010678,0.11474205305428176,0.4235305311860115,0.5999362157182005,0.631940402120797,0.6405283390344294,0.6670126169214265,0.5295755384718759,0.4511945639891856,0.2801394760819795,0.9531611237830473
2023-03-07,-0.6913237619296452,0.0942983530391383,0.4013108649454272,0.5782401934504451,0.6100707028986159,0.6195075486386313,0.6464615311191487,0.5081050094683334,0.4301383037651276,0.25849618716654565,0.9498199490961909
2023-03-08,-0.685572542717839,0.10167215514938999,0.41029797910538995,0.5869942937789172,0.6192351118736281,0.6298000895735162,0.6559276876686386,0.5176543511402489,0.43938933996252627,0.2660181641834049,0.9515907069012439
2023-03-09,-0.6866153656289559,0.10072225091217571,0.4121692713914636,0.5894637861142357,0.6228353408114995,0.6340232000172031,0.6595308448126458,0.5222761227820947,0.4406888233217809,0.2680884760993654,0.9547038417283213
2023-03-10,-0.7040703189580397,0.08573820017175772,0.40039406456519194,0.5780158946246122,0.6100321968003485,0.6219812438645931,0.6463588991438978,0.5094819505377681,0.42818199904544707,0.2525709679773253,0.9566412869353651
2023-03-13,-0.6932853081090578,0.0949211567529513,0.40625364161692656,0.5824503543847086,0.6134784713892958,0.6240510868769509,0.645424421152042,0.5084289544783321,0.4248504449042359,0.24824108934123695,0.9415263974502948
2023-03-14,-0.7025756612787172,0.08512555882224086,0.39490768527798475,0.572287112343363,0.6019185268975172,0.6104982146986047,0.6324195278836166,0.49582689398914137,0.41181467297553837,0.23597968176370174,0.9385553430424189
2023-03-15,-0.6981627423360847,0.088506940062138,0.3996544314786,0.5788721739092632,0.6117334814024877,0.6207755393268714,0.6444503224964887,0.5081095112716142,0.423019438685371,0.24479887745498502,0.9429616197910697
2023-03-16,-0.7071349646217024,0.07523329527874736,0.38356594775902103,0.5626419508892575,0.5960040306923572,0.6051426186848766,0.6269014217367895,0.49088602779687884,0.4040582838867621,0.22500453778107327,0.9321395024027758
2023-03-17,-0.6962721494375772,0.08664294016116553,0.3934918851785173,0.5732904251464664,0.6040735485546916,0.613514719277937,0.6324291731129574,0.4967940784927255,0.40739947337672383,0.22511944127306938,0.9213915907106466
2023-03-20,-0.7056770257289907,0.08482581935544924,0.38803302073530355,0.5700081481266344,0.5997720095941003,0.611976159479674,0.6304375483339899,0.4949802673286178,0.4054301580794596,0.22320267396510501,0.9288796996940958
2023-03-21,-0.7008780283970577,0.09521083045325401,0.4004045457390208,0.5854244330215148,0.6175947329638914,0.630704899020578,0.6480672018539139,0.5126222181718225,0.42511752197892394,0.24372498886765634,0.9446030172647141
2023-03-22,-0.6921836085834607,0.10263614335745151,0.40891392839422763,0.5941645506917421,0.6249784281242756,0.6375708935988378,0.6538425493289824,0.516294031571753,0.4282705841047838,0.24545557350509797,0.9376391820885588
2023-03-23,-0.6869676116634755,0.1078007878878107,0.41201596025314996,0.5954380865770176,0.6251157526166213,0.6384602510965052,0.6517124995953945,0.514296357783403,0.42671071642268527,0.241054663578504,0.9280222752419797
2023-03-24,-0.6863676225309172,0.10954688466446807,0.4124318634403618,0.5944820087971132,0.6244967659336569,0.6395884729348718,0.6518235122636672,0.5157413412516035,0.42837811532017206,0.24207651984294187,0.9284441423738592
2023-03-27,-0.6806174737480505,0.1121953920556069,0.40949091380160096,0.5938046402833315,0.6236442398055195,0.638400153152218,0.6503183646112448,0.5139578498871635,0.4271104137526822,0.24170919554466908,0.9223266692927197
2023-03-28,-0.7017511789818536,0.09987740106993186,0.3996398193676131,0.5874958840096762,0.6168358791910714,0.6346802811868643,0.6433373113132925,0.5095188172669732,0.41963425547986416,0.23606537486749662,0.9378165538493503
2023-03-29,-0.7032988855298032,0.10076054026577257,0.39921671509195805,0.5833092594098108,0.6127884009000809,0.62917734785174,0.6362417791076738,0.5030420483522707,0.4141124918898466,0.2304454520433576,0.9337443375731609
2023-03-30,-0.7147673258778346,0.09319080724322222,0.3930799053582587,0.578096168806602,0.6106794925930185,0.628432208696515,0.63397233809479,0.5030001189599793,0.4150295927192272,0.23347637871067872,0.9482437045885134
2023-03-31,-0.7006277595857916,0.10484159194013612,0.4005894217060523,0.5885313901501633,0.6188929621564637,0.6356868815256828,0.641611580797486,0.5114146227380519,0.42445140361985384,0.24284299526771824,0.9434707548535098
2023-04-03,-0.6761232545042108,0.11990493532162164,0.4136991551864936,0.5962405606723261,0.6257880395243476,0.64231399545484,0.6476340095501234,0.5194611862596088,0.43099556487486546,0.24898919321015292,0.9251124477143639
2023-04-04,-0.6763314335662033,0.11912410620983026,0.4099820059522561,0.5899340383148968,0.6176090227385835,0.6307888894823801,0.6349467028066555,0.5040969516102897,0.4159799144349313,0.2343528703878368,0.9106843039540401
2023-04-06,-0.6720919034120575,0.12284080716899434,0.4092866974870387,0.5905637306098167,0.6150203925786595,0.627932252552406,0.6331903038886421,0.5017460333734448,0.4150275173303366,0.23464719446715568,0.9067390978792131
2023-04-07,-0.6632571484918877,0.1327899090986408,0.42066884487391426,0.6000251385459725,0.6262879587978214,0.6378683945601137,0.6429794925765033,0.5106840530368904,0.4267232525494397,0.24554075552366827,0.9087979040155559
2023-04-10,-0.6857166219831767,0.11546644641853154,0.4058238835410998,0.5884209060508355,0.613738345181316,0.6274680183152381,0.6334230559128682,0.5009656599489034,0.41909270106734237,0.2399518334792737,0.9256684554624505
2023-04-11,-0.6763748083773347,0.11985386527682966,0.410393265879223,0.5914331744530803,0.6145641113176046,0.6274498580663719,0.632356844812151,0.4986658605645215,0.4182376028841005,0.2383710299641063,0.9147458383414411
2023-04-12,-0.6627445173690191,0.13199424840939702,0.4209473936188234,0.6028524680842708,0.6248315710269546,0.6338784297340222,0.638244834496255,0.5063017648178172,0.42437163000948447,0.24141305760382897,0.9041575749728482
2023-04-13,-0.6728303936897556,0.12578179383709326,0.41446477187097297,0.5973968732979351,0.6188223747575994,0.6319406728490701,0.6345169175332618,0.5029398264601803,0.4208387074220889,0.23883456010052614,0.9116649537902819
2023-04-14,-0.6721552043400777,0.13233375799959232,0.4186108120562417,0.6018689746803264,0.6248346741382838,0.6363361888450334,0.6404595064170537,0.5064212867445717,0.4259277102734735,0.24305804934761907,0.9152132536876969
2023-04-17,-0.6785880350803876,0.12786985570557058,0.4144181717645173,0.5994120802277088,0.62353687943842,0.640202067931767,0.6446004186522136,0.5106767822251572,0.43089332286900955,0.24996626468657865,0.9285542997669664
2023-04-18,-0.681287868841359,0.12364371180125817,0.41011191837104677,0.5940369125239181,0.6179386516027152,0.6334087440838647,0.6370057063824084,0.5051703349027482,0.4244530150146466,0.24451274363867082,0.92580061248003
2023-04-19,-0.6800049584034339,0.12306571974158169,0.40736134942771174,0.5906791109282271,0.6133922405507818,0.6300741325298043,0.6312840551262228,0.4981429259336193,0.4183297084571901,0.23715046778540164,0.9171554261888357
2023-04-20,-0.6720708620747885,0.12833146963652967,0.40715800126513935,0.587747915569491,0.6089156376880951,0.6233526604926107,0.6215397905717979,0.48758279125503573,0.4065620083072701,0.22489241678474411,0.8969632788595329
2023-04-21,-0.6995087322385415,0.10025081289358855,0.37635503508098295,0.5577241014069056,0.575569452400502,0.592960304434244,0.5946668579125682,0.46375620852283395,0.3844946312540181,0.2040710188121665,0.9035797510507082
2023-04-24,-0.6989793199466954,0.09169288024945274,0.36748070853268217,0.5503408993507046,0.5661083658327095,0.5877792931580877,0.5900178364909845,0.46131359413315204,0.3818708095797712,0.2039823638703041,0.9029616838169997
2023-04-25,-0.7128458756406832,0.07551930757090083,0.3471696278978511,0.5269683766250544,0.5436305351577372,0.5643515576685458,0.565007806954369,0.43776705152888346,0.3579312547954669,0.1813894464642691,0.8942353221049526
2023-04-26,-0.7152667597066483,0.07535391807995682,0.3512570508438003,0.5354619520508894,0.5531230864022748,0.5725161886961486,0.5767378971213574,0.4534016583128927,0.37777695713696147,0.20110908668504965,0.9163758463916982
2023-04-27,-0.7211470080930792,0.07526296355265766,0.35378280413490903,0.536790305173933,0.5556885744769983,0.5761237084859913,0.5779971864689739,0.4554992010145908,0.37868517159082876,0.20201165278635455,0.923158660879434
2023-04-28,-0.7090213749044121,0.09473181410144997,0.37153003650949984,0.5532023619655142,0.5739322197962342,0.5983638154305461,0.6000248052383345,0.4791820263033459,0.401113721673518,0.22329741396824146,0.9323187888726538
2023-05-04,-0.6922187554455981,0.10121303386798702,0.3778011845101953,0.5587007926069496,0.5773969725992649,0.6031280200139494,0.6028641869706145,0.48012491301051435,0.39982162326901555,0.2198707578451428,0.9120895132907412
2023-05-05,-0.7025381167158258,0.09334846808116153,0.36944522219593773,0.5518168013449963,0.569874416159384,0.596050257950419,0.5942448095702098,0.47272892965697894,0.39073718144076913,0.206372327952564,0.9089104446683901
2023-05-08,-0.6992820753996222,0.09995170297752098,0.3748074745365699,0.5581995838496726,0.5758238378457627,0.6013720844389915,0.5990510880780979,0.4791738804284716,0.3974814522313227,0.2132984387561652,0.9125805141557878
2023-05-09,-0.7178858540028167,0.08100854905811643,0.3601116347969076,0.5435441142933986,0.5626558418599384,0.5867204430879649,0.5833983297496277,0.46628655732827107,0.38412661464000203,0.2008217165580667,0.9187075705608837
2023-05-10,-0.7210300697725942,0.08407512243135584,0.3627935608607981,0.5484285857987392,0.568771278977823,0.5932174356674558,0.5896461856243712,0.47291516786495247,0.3922112114013625,0.20846083481701397,0.9294909045896085
2023-05-11,-0.7192259315501772,0.09051566591996821,0.36830607966616785,0.5528157218731661,0.5743578298390626,0.5996833258650318,0.5961001873235764,0.47888085703099326,0.39725835861495046,0.21474512605445006,0.9339710576046276
2023-05-12,-0.726426822761825,0.0787839449814854,0.35957037992653224,0.5418789787193122,0.5670606340966273,0.5917424299410918,0.5857176646608905,0.46908832172475645,0.3879117611905047,0.20431076269426374,0.9307375854560891
2023-05-15,-0.7212314608864746,0.08860302887080355,0.36588043175625024,0.5491163705415516,0.576285396235131,0.6021755491667884,0.5970345015720735,0.47805507985649276,0.39961928745973735,0.21865581153968824,0.9398872724261632
2023-05-16,-0.7320060446468348,0.08111469009307451,0.35693721177288157,0.5426669138885275,0.5699452468116225,0.597834928333952,0.5893631081959883,0.4724562365676163,0.39323925140553645,0.21542967064370397,0.9474357152905392
2023-05-17,-0.7266581408366164,0.08935656360798777,0.36562781877758643,0.5528772882586408,0.5805970986808384,0.610786533149911,0.6010466368662905,0.48406317219566947,0.404476975532481,0.22658636507917937,0.9532445059157961
2023-05-18,-0.7279283192971818,0.09293580618675686,0.3699915832535874,0.5618739455848499,0.5869589256952442,0.6165295422727287,0.6066978068467644,0.49200906790352344,0.41042471092347993,0.22976827401837463,0.9576965933155569
2023-05-19,-0.7345967689361965,0.08730159688459897,0.3653199666607145,0.5614882765025431,0.5866582401355258,0.6206224672858992,0.6120249836800384,0.4969137710288462,0.4178391016334252,0.2418726673404118,0.9764694362766088
2023-05-22,-0.7313276840372475,0.08901322601882858,0.3691576262278539,0.5662597388497099,0.5902933516389242,0.6252887403390428,0.6171872872968962,0.5023113541780785,0.4207636233158483,0.24958868195531697,0.9809163659925649
2023-05-23,-0.7434428107018122,0.07760482049087022,0.35782335492352063,0.5562864152869674,0.5809110492408118,0.6162365655737272,0.6104757230427772,0.4929996349847894,0.4117965827573478,0.24359850518200646,0.9870413158838192
2023-05-24,-0.7459107507377549,0.07500078347725483,0.3561901023714745,0.5571206789558291,0.5786504719494034,0.6165747964617896,0.6095598240069142,0.4927397401014261,0.4128868017427231,0.2451556631466988,0.9910664138844542
2023-05-25,-0.7452567598036012,0.07723142383513486,0.3562986851713594,0.557991735060012,0.5782171780298628,0.6171177195247445,0.6093664324441963,0.4910499517010793,0.41203986415825183,0.24171396756759936,0.986970727371201
2023-05-26,-0.7458756011334137,0.07942289145213133,0.36228532623077975,0.5639243353393721,0.58524087899725,0.6253468695204915,0.6144716183450151,0.49742523575826747,0.41872471382412246,0.24455482233484274,0.9904304234682568
2023-05-29,-0.7543037009025713,0.07506876387823364,0.3580392756798537,0.5572037538231712,0.5802110132582864,0.622812920021829,0.6121360292188943,0.49722639793957385,0.41759993684114294,0.2411623718348467,0.9954660727374184
2023-05-30,-0.751815475979401,0.08046402576212304,0.3622358520255419,0.5616988179690667,0.5862927031695481,0.6273956740492428,0.6208567145856704,0.5021138200336075,0.42134231851816195,0.24117827767935748,0.9929937536587589
2023-05-31,-0.7538043890147522,0.0796151936950132,0.3604883532085085,0.5595882319427221,0.5833102590915397,0.6241511885984217,0.6215074537991835,0.499275618142354,0.41891541427291906,0.2366556742992904,0.9904600633140429
2023-06-01,-0.7542882022315501,0.08111235795327242,0.36253955062183285,0.5629176394002328,0.5868959266834607,0.627579597368131,0.625288050208872,0.5064058118828968,0.4243702469979803,0.23968629383461482,0.9939744960661653
2023-06-02,-0.7601018491147215,0.08715776733679062,0.3688192363373296,0.5697409190807359,0.5927162578604958,0.6366790125301375,0.6351517901889011,0.5194897040163837,0.43735975734964005,0.2546195545238784,1.0147214036386
2023-06-05,-0.7545119135660332,0.0922776000063414,0.37468892758857186,0.5734964257792499,0.5963400248696181,0.6407684934744379,0.6395110604475865,0.5219673447137313,0.4387899605487719,0.25414179511395624,1.0086537086799896
2023-06-06,-0.7791105578937706,0.06980186165108276,0.35094494829259365,0.5513015938870156,0.5737264764959251,0.6205590997181386,0.6193424565730868,0.5053059681322707,0.4220158548565118,0.23814469619534986,1.0172552540891207
2023-06-07,-0.7711504460068261,0.07516848193434285,0.35828320799842395,0.5561012347953306,0.5779549172247471,0.6231173738605509,0.6237676941021271,0.507636362025591,0.4249777602014376,0.23868132962504235,1.0098317756318687
2023-06-08,-0.7826456527399749,0.06856124364138441,0.35055173346358726,0.548783487692695,0.5714019381057199,0.6195559803992542,0.6210935093597931,0.5055187983942346,0.42462433576225667,0.23670426420915586,1.019349916949131
2023-06-09,-0.7737410361564903,0.07720062783088057,0.35758499210471234,0.5547831117624611,0.5770951145278732,0.6242908269451786,0.6259752229528915,0.5096623026824979,0.4272095479937596,0.24110895370864532,1.0148499898651357
2023-06-12,-0.7675813835807639,0.08165596411652273,0.36641550099048004,0.563966868975803,0.5848970427932166,0.6328412722859175,0.6322294894735211,0.5164172029079616,0.4333476071189556,0.2486633311547663,1.0162447147355302
2023-06-13,-0.7623271017048509,0.0874224320441718,0.37420720209081426,0.5693212361267617,0.5906106474397457,0.6375869926178578,0.6356625069622864,0.5179303131996512,0.4337915794563264,0.2510548550826508,1.0133819567875018
2023-06-14,-0.7615134785675446,0.08988268138123398,0.37555545006497165,0.5697425151650112,0.5937914520815952,0.6392634905272081,0.636087939343999,0.5172755604066874,0.43334531290990486,0.24956482843286448,1.0110783070004092
2023-06-15,-0.7672561809089766,0.08940325715928484,0.37641216450177556,0.5719913409943704,0.5993290153731915,0.6446613215940047,0.640813862761184,0.526391690715776,0.4429225702986816,0.26200844674832646,1.0292646276573034
2023-06-16,-0.7593604237158066,0.09411464122549144,0.38274618782839004,0.5784268510843977,0.6051501022764916,0.6522402916301618,0.6471718428135751,0.5327238760056207,0.4505870096960211,0.26969358030959767,1.0290540040254046
2023-06-19,-0.7482552722554717,0.09534183017235051,0.3850741795153199,0.579339523685741,0.6048593204796325,0.649923249064335,0.6439347982196667,0.5302655218424484,0.44638082561898734,0.27005137206753643,1.0183066443230084
2023-06-20,-0.7502092199486683,0.09196076877806937,0.3824774612976046,0.5758445133086834,0.6027275792061189,0.6463425985164248,0.6387939068166582,0.5243506617791371,0.4416520269790589,0.26660130955259936,1.016810529501268
2023-06-21,-0.7779888882286481,0.07151921341704517,0.36460658777516375,0.5593648606480938,0.590003567165616,0.6338116217564057,0.625794147204372,0.5122843073083836,0.43039699835406287,0.25163566084994954,1.0296245490785978
2023-06-26,-0.8066382969956076,0.05155607615055015,0.342966834040602,0.5385901625740069,0.5715472611046394,0.6162910031966155,0.6128886849392569,0.4990219365735923,0.4168517885424417,0.23819057055792642,1.0448288675535342
2023-06-27,-0.7972155340461659,0.06866249303763633,0.36130533605019677,0.5583134069584846,0.5913252139554009,0.6369174536648352,0.6323965314423762,0.5209469473038798,0.4388709637738969,0.25535661970992807,1.0525721537560941
2023-06-28,-0.8025381073945815,0.06598582266008864,0.35981834549812125,0.5557091481795454,0.5869649613094218,0.634950972180096,0.6305482745327898,0.5186896103015252,0.43676294913029656,0.25238333237878124,1.0549214397733628
2023-06-29,-0.796000275690918,0.07335217464591785,0.36960815513866047,0.5657000402355382,0.5971598837731988,0.6461871941446647,0.6432120985072028,0.5293530079864314,0.4466689275201939,0.2602173658257569,1.0562176415166749
2023-06-30,-0.7868679147708585,0.0836663702860654,0.3806362885161969,0.5787533814938706,0.6106408160492283,0.6594786859543695,0.6558672350569377,0.5420136753408511,0.45940677535974134,0.27324439024528985,1.0601123050161483
2023-07-03,-0.7891697814272006,0.08682121802001415,0.38274292765669027,0.5827940498864096,0.61633069033246,0.6651861640436206,0.6610709279871227,0.5467901245223555,0.4638135861091476,0.27989037480670664,1.0690601562339073
2023-07-04,-0.7801220086689262,0.0940168640993044,0.3887575008939463,0.5905322377670125,0.6212287542988832,0.6700680424015086,0.6671385031700501,0.5539727615268578,0.46914843976376314,0.2852561298617088,1.0653781385306351
2023-07-05,-0.7887298217759118,0.08658897650571681,0.3812147003002132,0.5852523958327686,0.6156877667560815,0.6645752377782521,0.6608354249933905,0.5499667680183056,0.4615432217846086,0.27945530321775913,1.068185124993671
2023-07-06,-0.7877870477790819,0.08771487415587013,0.38230407354223894,0.5846455268820772,0.616583305612368,0.663292092070217,0.6598140601548951,0.5486615922264797,0.45847375217367603,0.274766586062291,1.062553633841373
2023-07-07,-0.796534774909657,0.0830855295110063,0.37803761208433656,0.581763027666813,0.6108797767015206,0.6599325053191221,0.6548295597998001,0.5436341174513609,0.4527587601445792,0.2687051016492431,1.0652398765589002
2023-07-10,-0.7987424665395758,0.08308832205128291,0.37899243629070245,0.5828623307786374,0.6126137154218547,0.6607572076979467,0.6573412720444095,0.5440108356843523,0.4556818032499188,0.2713018662790508,1.0700443328186267
2023-07-11,-0.788364738562863,0.09328301688293726,0.3878856647008711,0.5920474307899373,0.6227813894643426,0.668061736205579,0.6634714154444238,0.5535749610488474,0.46244582412058327,0.2767278861129285,1.0650926246757917
2023-07-12,-0.7943395800197303,0.08621457568009637,0.3797483225312732,0.5806865626128341,0.6104835457194188,0.6562301465511675,0.6504414348488405,0.5384042914697891,0.44359553989631983,0.26139898491645386,1.0557385649361841
2023-07-13,-0.7921502118461982,0.09001209078960429,0.38852826781706784,0.5879637414679184,0.6215658159119479,0.6682045203211778,0.6637747872219452,0.5524479263647095,0.46007478515432326,0.2775487062815944,1.0696989181277925
2023-07-14,-0.798547301508168,0.08471472956255859,0.3859338022958216,0.5842241980281438,0.6200628740355714,0.6672678393614025,0.665337584074358,0.5543925412641771,0.4669573457357726,0.2862821839526167,1.0848294854607845
2023-07-17,-0.8015229610215464,0.08121408720998427,0.38568580256241214,0.5839904770970928,0.6194019500148896,0.6658622857748713,0.6632304002258455,0.552123708763424,0.4626385427426057,0.2813345677493851,1.0828575287709312
2023-07-18,-0.799307081578422,0.08343439898162781,0.3899232665014217,0.5863559163165896,0.619874268569341,0.668180718115854,0.6620041574248784,0.5500975229754389,0.4572048639739077,0.27688558992445794,1.0761926715028796
2023-07-19,-0.804083522220057,0.08073345755110652,0.38801752469395917,0.5839991183553283,0.6175283800305313,0.6666688577588704,0.6609266410243066,0.5495633754005309,0.45787353444485357,0.2794358971900888,1.0835194194101454
2023-07-20,-0.816331064788029,0.0694251526474409,0.3780844782291402,0.575180875035029,0.6062599761002504,0.6545037814574111,0.6484193906761506,0.5372568599106021,0.4465514239337946,0.26751153707247266,1.0838426018605012
2023-07-21,-0.8197862809323416,0.0667590498222341,0.3745383274153844,0.5728303349770615,0.6017881563210461,0.6506905990187102,0.6462218035797324,0.5333611942953554,0.4424027402541351,0.26556523896360396,1.0853515198959451
2023-07-24,-0.8240850551905926,0.06451294034989889,0.3722379957997714,0.5718808568180186,0.6010562149594156,0.6525670613215163,0.6465633259426354,0.534369344320396,0.44584449134633464,0.26890687486046166,1.092991930051054
2023-07-25,-0.8124600775275805,0.07834285792274072,0.38979241900219425,0.5881914149191334,0.6203385521547478,0.6702743622838611,0.6644583217606872,0.5510145115159645,0.46377181550440694,0.28485304161098335,1.0973131191385637
2023-07-26,-0.8065362709326458,0.07988945892161974,0.3904601876135019,0.5862497350018387,0.6141251103680823,0.6631447744460655,0.6569644977462332,0.5404025349521824,0.4520735265099351,0.27675447857990443,1.0832907495125499
2023-07-27,-0.8184544845694413,0.07492060717968979,0.38495550545564255,0.58072976183822,0.6080076169079929,0.6567358552602013,0.6504556874352178,0.5327604636353371,0.4439506716532257,0.269022197916998,1.087476682486439
2023-07-28,-0.8046726313178825,0.08658318839852938,0.39365911058959624,0.587402886202434,0.6147321852472389,0.6642345826699861,0.6550481922436332,0.5372808097298493,0.4488016669229291,0.274082701678644,1.0787553329965263
2023-07-31,-0.7920095768164225,0.09774452304319024,0.4036622889016914,0.5940296628606898,0.6218134550852827,0.6719178072327984,0.6606091078468593,0.5445950436119991,0.45508032306576884,0.2789333254535275,1.0709429022699497
2023-08-01,-0.7966215743843051,0.09484286115992276,0.4029451045732522,0.5909005827925178,0.6170448252609625,0.6699911603623174,0.6565604842056735,0.5421243853367218,0.4541676038024886,0.27587121476065946,1.0724927891449643
2023-08-02,-0.7961822325156533,0.09267725052282066,0.40030982901238693,0.5878444942858977,0.6143870933258702,0.6681521375659311,0.6546862763226347,0.5417964002009238,0.4536124283266541,0.27659325607920726,1.0727754885948602
2023-08-03,-0.7896324336700483,0.09296989207944742,0.3995914433644194,0.5856698422547589,0.6124325139713832,0.6662076855199628,0.652750161695064,0.53854172698103,0.4512336158322531,0.27663247538827723,1.0662649090583252
2023-08-04,-0.7924277805272335,0.08889749441563308,0.3944414680886117,0.5846436156514577,0.6129148698624652,0.6675531058609461,0.657998891862099,0.544250439569814,0.4563776939561679,0.2809106681183206,1.0733384486455537
2023-08-07,-0.8038426800519578,0.08100820938564862,0.3884344220899999,0.5785332189543706,0.6065938687096398,0.6627105725887099,0.6539903163373517,0.5402113671390676,0.45196565031280633,0.2752663424181468,1.0791090224701043
2023-08-08,-0.8106752656014403,0.0790639438061347,0.3870829524182757,0.5778227406505668,0.6059045191789023,0.6619873254429972,0.6522810869884714,0.5387674765918831,0.4498952149728635,0.2746137682537574,1.0852890338551975
2023-08-09,-0.8156643464941392,0.0730681392976003,0.3784581481915867,0.5701451837855617,0.5968592980796168,0.6517956326409567,0.6426145259835547,0.5314540297443581,0.44255131437477363,0.2693236357505596,1.0849879822446986
2023-08-10,-0.8127331745764197,0.07572440691622662,0.3794114874154733,0.5725737271139734,0.5991886718454236,0.6553929318246952,0.6465478606165431,0.5355354922705617,0.44706097325777433,0.27421584594762977,1.0869490205240493
2023-08-11,-0.8334314811002556,0.05926477247783749,0.36294130840552685,0.5554379144861205,0.5821829104103224,0.6400488418395498,0.6312307404664836,0.5204703900138961,0.4315435564889529,0.25887466931427333,1.0923061504145288
2023-08-14,-0.835392274576559,0.06143915473612962,0.36577893531638916,0.5594069619391926,0.5875863085865725,0.6449686827551747,0.6358990478675305,0.5253039697020059,0.4373288296478347,0.26478084110473993,1.1001731156812988
2023-08-15,-0.8389439666044538,0.05828756055736614,0.35995260636622856,0.5522955567297783,0.5822495761240539,0.6382725477578179,0.6294453017089734,0.5168277781794559,0.42838780774889224,0.2546013157427651,1.093545282347219
2023-08-16,-0.8400999331468384,0.05519358852153439,0.35371692580000397,0.5434564525250261,0.5721921474094537,0.6260911188753459,0.6177676984525095,0.5017108438873734,0.41493413950306013,0.238528360641578,1.0786282937884164
2023-08-17,-0.8386996365459479,0.06222233150749887,0.36331765108452857,0.5534790095999939,0.5860672989465711,0.641451947841287,0.6351493370492605,0.518851499730878,0.4332350038033045,0.25839713798957376,1.0970967745355218
2023-08-18,-0.8601775493335131,0.04649153421295578,0.3490858001936089,0.5435820359188538,0.5732113158930945,0.6306723603148581,0.6234052896903903,0.5046273638084786,0.4201014570418249,0.24546709234334316,1.1056446416768564
2023-08-21,-0.8688462347404721,0.03873398981865901,0.34479608136200424,0.5382669625357488,0.56795265142812,0.6238161929473988,0.6167430063696642,0.49836379517909946,0.41356924529956757,0.23713468390283868,1.105980918643311
2023-08-22,-0.8691824252028624,0.04143287267662525,0.34541924720523925,0.5396366123766325,0.5699626333256448,0.6264593142292152,0.6214011628092387,0.5027996408028864,0.41821711044112136,0.2401960659033641,1.1093784911062268
2023-08-23,-0.8855645274867908,0.02723179623315534,0.32945553543568346,0.5241272157171752,0.5554943954395696,0.6097441548012936,0.6039362294834876,0.48477802291382477,0.39851454304867573,0.21598137188723915,1.1015458993740304
2023-08-24,-0.8955018788796227,0.02352224222453064,0.32919203766879757,0.5230193665020977,0.5554941403779746,0.6090857617921385,0.6024984928056335,0.4862357360748814,0.402252932669575,0.2196702646845313,1.1151721435641544
2023-08-25,-0.9185467966670763,0.0018074151570278002,0.3098308381652008,0.5008644012039963,0.5357899040411336,0.5905099078777165,0.5852635040021773,0.46943401176318916,0.38586034597983754,0.20394962873939665,1.1224964254064733
2023-08-28,-0.9144748979439727,0.009258114217802095,0.32067918603030776,0.5120737956492565,0.5486224211709916,0.60004526154585,0.5966103484267563,0.47956650551268376,0.3950845728019907,0.21031836826782938,1.1247932662118025
2023-08-29,-0.8808568307526933,0.04136335449551297,0.3570671514331658,0.5475833062697653,0.5857236553812374,0.6380889113057145,0.6347150079788135,0.5174923453376612,0.43239530506448187,0.247418444294843,1.1282752750475367
2023-08-30,-0.8775078137414231,0.0471281404461629,0.36826268207918944,0.5572274751656804,0.5979064378395472,0.6462621703024731,0.6432337477077109,0.5241423303865389,0.4361568887443414,0.24833126519728738,1.125839078938711
2023-08-31,-0.8817280002726402,0.04360304297200171,0.36276246013860763,0.553668757588968,0.5914184795530318,0.6419706372633874,0.6387494568390445,0.5180517022257549,0.42908323207440274,0.24159143081946802,1.1233194310921086
2023-09-01,-0.8874484774642479,0.04042229662265085,0.3592746160701367,0.5519825000198586,0.591875287610226,0.6427897286491762,0.6405846698529141,0.5210506944370986,0.4338746052379107,0.24919590886083137,1.1366443863250797
2023-09-04,-0.8800120644621443,0.048275756632169715,0.36934047935569686,0.5627942545523652,0.6050099433544107,0.6562520104175825,0.6561556842885902,0.5381827179946891,0.45148700544961057,0.2688523200222293,1.148864384484374
2023-09-05,-0.8868957002496839,0.04356458893581781,0.3658209767676223,0.5571712402488785,0.6003241918011797,0.6520667376459723,0.6516675690741015,0.5339265838682384,0.44741150209493064,0.26514249774993315,1.1520381979996173
2023-09-06,-0.880306568358589,0.05028930909967544,0.37162674665412304,0.5605707956883575,0.6069561927711965,0.6586530220769671,0.6571677501002177,0.539064138174015,0.44892958175589687,0.26808468629634785,1.148391254654937
2023-09-07,-0.9011178334064883,0.03193666242210064,0.35361751301614225,0.5441960011899424,0.5913799997899365,0.6427550591871803,0.641095308132035,0.5233380848015622,0.43223634168777536,0.25056121499297457,1.151679048399463
2023-09-08,-0.8950562885048146,0.03701155874449909,0.35834199657991805,0.5481567894571796,0.593198588854181,0.6438481576995568,0.6420966127838865,0.5254865654734383,0.43297192103135557,0.24984296712118098,1.1448992556259956
2023-09-11,-0.8941904739023422,0.03927761206926758,0.3645182808463206,0.5574092051777801,0.6020128601731899,0.6536571262551621,0.6540419219454326,0.5396191351785237,0.4468231808606814,0.26601757880099014,1.1602080527033325
2023-09-12,-0.8995758264179777,0.037047425945559,0.36327278511181127,0.5570502618325336,0.6005893794458693,0.6513542160448146,0.6536518291576028,0.5391997774732789,0.44742742784744827,0.2685241560918844,1.1680999825098624
2023-09-13,-0.9093491741263547,0.026283779187778904,0.351680504840687,0.5456295526920437,0.5877659672970642,0.6408662569109838,0.6421734167244837,0.5278385708480102,0.4362601353965047,0.2579569195369702,1.167306093663325
2023-09-14,-0.9148707631987556,0.015328901446735377,0.34250398872599036,0.5375563630526186,0.5789307384176858,0.6338372834450577,0.6336519612243584,0.5199296557222615,0.42845392258115006,0.2501124588306912,1.164983222029447
2023-09-15,-0.9148628252359511,0.014393608150607076,0.3437800345667944,0.5391546210072381,0.5810974815338232,0.6357640122840255,0.6348905586412077,0.5214893856730052,0.43019879057075305,0.2524746104160896,1.1673374356520407
2023-09-18,-0.9121894886845661,0.020493174633492386,0.35024326722963556,0.5474337095543192,0.5868941239391905,0.6430737702391995,0.6435249792334963,0.5302337213087047,0.43796588122448393,0.26080923278908774,1.172998721473654
2023-09-19,-0.9207244359029111,0.010449297774806398,0.33935258213021957,0.5365068076792701,0.5742375948283278,0.6325944921846736,0.6322163991677004,0.5192933089779157,0.42704295751515625,0.25303591672034886,1.17376035262326
2023-09-20,-0.9286609467660986,0.0043044023768363925,0.3303825384044772,0.5284891489107654,0.5665180202466494,0.62453903391349,0.6245851419455082,0.5131072100702438,0.41927766922020665,0.247648048536311,1.1763089953024097
2023-09-21,-0.9361715715604148,-0.0022665546995581896,0.3232116173575016,0.5214226002969985,0.5595680704847058,0.6178045637275816,0.6170741204303449,0.5063101077111379,0.4121165147965386,0.23997050504249012,1.1761420766029052
2023-09-22,-0.9251863648422696,0.012357857062080882,0.33982683195509866,0.5398525184602124,0.5793604251126968,0.6382748737466142,0.6393520287519411,0.528568450350284,0.4363382981592708,0.26301369734546975,1.1882000621877398
2023-09-25,-0.9220544225648999,0.012434612340996692,0.3373135793474994,0.5364072728808542,0.5755895203205206,0.6333563022539606,0.6326652254513323,0.5211711239697536,0.4279206785694912,0.2554685531847551,1.1775229757496555
2023-09-26,-0.9257217222912342,0.007760681714855337,0.33196262787557607,0.5312471264182024,0.5717929866641202,0.62915189370386,0.6285108758908804,0.5171869230134015,0.4244123535092658,0.2529032489539969,1.1786249712452315
2023-09-27,-0.9231816023004311,0.010142011202170523,0.3342816405216975,0.5340831085561102,0.5768553195655277,0.6337619253997213,0.6351399097556423,0.523240553474524,0.430235131297871,0.2564162861640051,1.1795978884644365
2023-09-28,-0.9181698893423561,0.01848614045214799,0.3450477249120816,0.5450523355326062,0.5894548273500428,0.6448953755487291,0.6463513700026741,0.5341293447461205,0.4392364087569851,0.2639942491700301,1.1821641385123864
2023-10-09,-0.9174997191205887,0.015088777561555241,0.34160410581045636,0.5417384149745337,0.5850012605313663,0.6399582415817702,0.6403392540034027,0.5261013820461355,0.43121467642321704,0.25312072356681997,1.170620442687409
2023-10-10,-0.9213742441076139,0.01470173413725781,0.33838787493666533,0.5383045563254901,0.5815131373412005,0.6367303377960378,0.6382659352909682,0.5222491224381114,0.4286850175901299,0.24908877521635805,1.1704630193239722
2023-10-11,-0.9151624468689549,0.021252783299655815,0.3446092054890422,0.543354483901654,0.5844662859517155,0.639493922574743,0.6388427399734451,0.5233021636562344,0.4279456137427369,0.24716075378028293,1.1623232006492379
2023-10-12,-0.9119746189081301,0.024755434918017804,0.3502530303898829,0.5469603006798276,0.5894343280975338,0.6446698423841957,0.6467803305510155,0.5289326153535346,0.4363788164592292,0.2548453238216618,1.166819942729792
2023-10-13,-0.904868424457661,0.02729839589368923,0.34972808055571414,0.5403541783443216,0.5797544383655533,0.6336730239840085,0.6354442766450975,0.5160075045203556,0.42193751311992467,0.24172804954266838,1.1465964740003296
2023-10-16,-0.9140634611448583,0.020011505258371462,0.34211162141100915,0.5305505936841002,0.572632500325204,0.6270085655453143,0.6317085885052838,0.5103804780129285,0.41702413863594257,0.23569698031503716,1.1497604414598956
2023-10-17,-0.9224649368215736,0.015922923347571075,0.3376636289691401,0.5299442634505638,0.5716378804009242,0.6283068807983769,0.6328448877790057,0.5112815371536592,0.4174666327913944,0.2359417715698593,1.1584067083914331
2023-10-18,-0.9374567063093502,-0.0005068946016125939,0.3200195062227301,0.5136158672437919,0.5526971254091722,0.6095061941558707,0.6132155296657144,0.49110058971746445,0.3984438196472028,0.2171018308937832,1.1545585372031337
2023-10-19,-0.9591443018781742,-0.014289244822584118,0.3112985250366028,0.5054795734960562,0.545587250064815,0.6031676132359594,0.6071315500319261,0.48655571202621023,0.39261679691071627,0.2107930595495437,1.1699373614277182
2023-10-20,-0.9747391098824592,-0.028378716559488055,0.29634307509257146,0.4943260927854688,0.5374731880535706,0.594160107141057,0.6000222725432148,0.48091242831443154,0.38812901201495253,0.20750582628685169,1.1822449361693113
2023-10-23,-0.9895959554044917,-0.05125234279075581,0.26929887039244604,0.46742775688715427,0.5112702864312885,0.5682687441668332,0.574592206565115,0.45601753088522823,0.3633672575874891,0.18335459560355796,1.1729505510080502
2023-10-24,-0.9713847855297743,-0.025658993675008294,0.2954958458013243,0.4957086553252757,0.5397090916679466,0.5946592353264704,0.6005942611523889,0.47963604837420354,0.38782980912197135,0.2046569915042569,1.1760417770340317
2023-10-25,-0.9596194441424488,-0.011904799549876182,0.308841278536385,0.5084271924801176,0.5553499243313851,0.6090463390427346,0.6145134207571696,0.4930370823560986,0.3995156815707965,0.21854556361875896,1.1781650077612082
2023-10-26,-0.9531697851129957,-0.007182677810867215,0.31109808543993145,0.5111980508728513,0.5579364492782107,0.6114333316430236,0.6167967600178429,0.49420106111906026,0.40251063931743003,0.2203912630580053,1.1735610481710015
2023-10-27,-0.9485894916898246,0.0009512429927342218,0.3233018151816647,0.522836733822682,0.5744008163681384,0.6287851947899523,0.6352295193915126,0.513459028472974,0.4231097462365593,0.24076403088453496,1.1893535225743601
2023-10-30,-0.9329727461850955,0.01481198990831558,0.33717867342698166,0.5355367929087655,0.5900550562863641,0.643335722676594,0.645622790643454,0.525980424637047,0.4327181055579942,0.2511312031990338,1.1841039493841299
2023-10-31,-0.9409797679281522,0.011050407366085677,0.33488315301387167,0.534708788340306,0.5870373117239213,0.6398510675227376,0.6419722605490559,0.5220275031673121,0.42779177445827477,0.24550157821532462,1.1864813461434773
2023-11-01,-0.943310831544665,0.012054405253052583,0.3369016616625958,0.5387986458613205,0.5892751790165373,0.6433465352121973,0.6444075518489294,0.5251109278244669,0.4306131022621906,0.24655788608146378,1.1898687176261293
2023-11-02,-0.9584526207056558,0.0005185023973048389,0.3272282614889166,0.5271807910595203,0.579353464465843,0.6350952082420075,0.6342426000088417,0.515426334578558,0.42065493508595486,0.23644371055180982,1.194896331257466
2023-11-03,-0.9474710729295385,0.009654867878893669,0.3371578927052016,0.5378499917149326,0.5913418436171839,0.6461015574076949,0.6484819715254521,0.5296551971588543,0.4378928825129875,0.2563240550329685,1.2037951279625074
2023-11-06,-0.9237980926034975,0.03196038196095732,0.3578256928870112,0.5547482056723569,0.6103674389594611,0.6663938494172442,0.6669212529970907,0.5490357137712284,0.46148225574664764,0.2762594686379841,1.200057561241482
2023-11-07,-0.9162091138324695,0.04050042615288097,0.3651524313281489,0.5600861932540714,0.6159190197180321,0.6692902862103624,0.6705188409695682,0.5516642300100045,0.4641179547718881,0.2782732734980152,1.194482387330485
2023-11-08,-0.9120113371864199,0.042584448187355656,0.36951946487801796,0.5620458142743652,0.617461248645192,0.6715862153391039,0.6712723977869514,0.553379388408564,0.4644235890842279,0.27786272784702265,1.189874065033443
2023-11-09,-0.9301860316644319,0.03111667126304757,0.3621765002349246,0.555514835699721,0.6136033461957917,0.6684333580643607,0.6675337457971079,0.550131794137132,0.4623839995273299,0.277910258538329,1.2080962902027614
2023-11-10,-0.9316800306114589,0.030885447611506446,0.36210582068083397,0.5543659218674053,0.6130752599123868,0.6680302696961316,0.6657919287510803,0.5478365074151552,0.459921351264114,0.27368184188888833,1.2053618725003477
2023-11-13,-0.925086309878221,0.041239288175979216,0.3723837588254532,0.5656190256082162,0.6241272690819577,0.6779712801095238,0.6771189484334325,0.5605994000178365,0.47195950239934875,0.2822907657549575,1.207377075633179
2023-11-14,-0.9202158920608742,0.04635175679024349,0.37511529751915546,0.5716708260452837,0.6293511603013854,0.6849580326965163,0.6835442264551431,0.5655220906204654,0.47728105980990637,0.2867773147998492,1.2069932068607239
2023-11-15,-0.9171579513934645,0.04971052273286347,0.3797930574279744,0.5771440532687855,0.6363930108280678,0.6907533041943622,0.6900826725708146,0.5734666340197639,0.4837036665838286,0.29628593503380785,1.2134438864272727
2023-11-16,-0.9256673804933214,0.043498630437029395,0.3735835058846892,0.5718997487116483,0.6291565004241324,0.6845038637990158,0.6827689557544114,0.5632759854038111,0.47457940209188204,0.2877876449182678,1.2134550254115897
2023-11-17,-0.917330974230734,0.05208377259173178,0.3817266187949343,0.5799929013293084,0.6371122253254223,0.692598533829606,0.6905584775196402,0.572094585265695,0.48138898460773916,0.2926758288997312,1.2100068031304656
2023-11-20,-0.9071845781950452,0.061588698414377516,0.3918054136464393,0.5903807109496971,0.6471560999464632,0.7027195051370061,0.7008515443612064,0.5813851862490038,0.48965420309190266,0.3003935975750147,1.2075781757700603
2023-11-21,-0.9129166282661704,0.05680146375721172,0.38500693341540587,0.5843996329353085,0.6407077202246859,0.693952622898249,0.6953092524984951,0.5770087458388968,0.48460188283595973,0.297844710709158,1.210761338975329
2023-11-22,-0.9211816377010547,0.04908668978905259,0.37777474652997733,0.57447358974151,0.6313304019179962,0.683163443871558,0.682890025493919,0.5644643668587147,0.470896474411068,0.28676818763093803,1.2079498253319931
2023-11-23,-0.9160026060031897,0.056378469940322175,0.38732182419981553,0.5841578860607031,0.6432915727756298,0.6941518446133353,0.6944991328746436,0.5748640306143642,0.48323704369575404,0.2973727086890037,1.213375314692194
2023-11-24,-0.9202265826937445,0.04771106545252158,0.37636023193932266,0.5723350366248559,0.629788373162341,0.6780700622964062,0.6786585441858385,0.5595156405736256,0.46766283459499225,0.28598245565407593,1.206209038347821
2023-11-27,-0.9256687512881531,0.043587301813322835,0.37698993049140217,0.5733110544929407,0.6311354108580616,0.6799578977268805,0.684153603194483,0.5628700577463133,0.467189306629616,0.2845005739958156,1.2101693252839694
2023-11-28,-0.9187076282113956,0.051111839444723084,0.3848736066161369,0.5820687844623079,0.6404458844474609,0.6885730114257014,0.6923775129740288,0.5727025929650542,0.47539048663564615,0.29007982859594483,1.2087874568073411
2023-11-29,-0.9243133306278678,0.046501915834269214,0.38038930577497104,0.5769497312282353,0.6337689628421264,0.6824930249400877,0.6863690128309073,0.567211413466355,0.46795720594045376,0.28321974130398975,1.2075330719318582
2023-11-30,-0.9277193007781562,0.04189006171310472,0.37620309561275855,0.5707122656613984,0.6283163311418628,0.6752681939498036,0.6803333847913706,0.5604535956657495,0.46216577538498965,0.2795757192145382,1.207295019992695
2023-12-01,-0.9263821058904346,0.04869644899257064,0.3821464864196834,0.5778910481006823,0.6356912783011833,0.6834162092253738,0.6867170167917832,0.5671293287451199,0.4674225368305879,0.2826464487293479,1.2090285546197832
2023-12-04,-0.9252178855504802,0.052300012575226526,0.3842156473477918,0.5788418022262876,0.6364133165090545,0.6825972437703102,0.6863525313730134,0.5658664710131222,0.4639942517016663,0.2780670448706526,1.2032849304211335
2023-12-05,-0.9404935967823463,0.038189398844727496,0.3652100695061306,0.5592503696537124,0.6186127863918877,0.6623883818264418,0.6664188623442321,0.5465493673801534,0.44573820852560075,0.260304720552781,1.200798317335128
2023-12-06,-0.9358959986196422,0.04415002914179349,0.3693922231582888,0.5654947981836356,0.6240393842938968,0.6679030955379589,0.6711941926058574,0.550972469330986,0.4509694171343945,0.2650854203605256,1.2009814189801686
2023-12-07,-0.9421117460966039,0.04005549049830412,0.36773947905288656,0.5644141248335014,0.6223948257923347,0.6651425136800853,0.6687403919938281,0.547614727814074,0.4475040090593354,0.26075522866880574,1.2028669747654104
2023-12-08,-0.9541873356995405,0.027770998969948,0.3558144957078768,0.5516659825429574,0.6113238011780453,0.6570107707993543,0.6595399485448712,0.5417614737776711,0.4431314412287027,0.25850060635258154,1.2126879420521228
2023-12-11,-0.9431173823608171,0.04197169763149266,0.3691322612278119,0.5636823691670474,0.6233272772715618,0.6679963072037194,0.6687467174029548,0.5514782719665579,0.4524515043095819,0.2676271192417224,1.2107445016025402
2023-12-12,-0.9404222981792859,0.04733740338815637,0.37500345047248596,0.5683783933260788,0.6274476471717206,0.6727523260015956,0.673294723301231,0.5555934218658515,0.45586000412381183,0.2701474458137159,1.2105697439930025
2023-12-13,-0.9477285510075609,0.042364276545971476,0.3708738666270503,0.564584610921813,0.6229907712580199,0.6674169490046811,0.6688161679040995,0.5483681127650766,0.4477213774235864,0.2569760195419497,1.2047045705495114
2023-12-14,-0.952346566865747,0.038813080265440524,0.3671137126754711,0.5608930502437163,0.6214927263753284,0.6657799086750493,0.6679670445307604,0.5466121405466757,0.4451923923870236,0.253880321958846,1.206226888824594
2023-12-15,-0.959644879132319,0.03337706401221212,0.36203740153445707,0.5554556553550016,0.6189832578059971,0.6615243434571131,0.6641535385517239,0.5435775506970767,0.44173750231598236,0.2512853422810653,1.210930221413385
2023-12-18,-0.9708539695916973,0.02173586161436815,0.34907722627223287,0.5428856733687987,0.6069893649748166,0.6473613633354257,0.6508856755575657,0.5293767636461524,0.42708110035517066,0.23380487856852614,1.204658848160224
2023-12-19,-0.973402322609313,0.023164410835778016,0.352529429556302,0.5453948221665685,0.6087293065575301,0.6502100532871257,0.6537347086397296,0.5323784475199074,0.4290214013744342,0.23786447666143606,1.2112667992707495
2023-12-20,-0.9865101591375174,0.009539920129643486,0.34209458563202644,0.5369010080142606,0.5993529241134556,0.641727245025814,0.6441890228155862,0.5229572329823322,0.4199692425161057,0.2265879119129455,1.2130980710504633
2023-12-21,-0.9811260391368379,0.014168351968587855,0.3483293945426732,0.5428345603674826,0.6070378250104065,0.648315786499065,0.6519923129420586,0.5306329675388871,0.42843670388162713,0.23741224038140812,1.2185382795182464
2023-12-22,-1.000258882637851,-0.006881754550450297,0.32974371232659977,0.5292384163338941,0.5934009804424638,0.6356391339195325,0.641313080634093,0.5208121858512128,0.41932216688013074,0.23007893925953546,1.2303378218973866
2023-12-25,-0.9993001039966842,-0.009415440657135822,0.32728872962900235,0.5261582570370157,0.5889806768979123,0.6300559459251096,0.6368453508442279,0.5163950943416543,0.41683982610103354,0.22795098260876526,1.2272510866054498
2023-12-26,-1.0103031369785178,-0.022749931380328214,0.31136268763372305,0.5116491828382854,0.5753364953922184,0.6165636620398768,0.6224619592971911,0.5022380642811388,0.40314075109640335,0.2145044756010422,1.2248076125795602
2023-12-27,-1.0085697560233036,-0.01686110966891652,0.3203672195165723,0.5201561617847746,0.5843244991097064,0.6258496485436372,0.6316230895935997,0.5109688425937807,0.4115205533842575,0.22295491011337873,1.2315246661366823
2023-12-28,-1.0007974227154282,-0.004600689919414449,0.33804194727330267,0.5383769685158255,0.6046435915979091,0.6470924634705972,0.6528290772070859,0.5357146136960563,0.4369074132807314,0.24966239086187975,1.250459813577308
2023-12-29,-0.9882704219651118,0.008736987583690159,0.35369521047856656,0.5556145010054389,0.6186658765628252,0.6624871107895445,0.6686528459083823,0.551640699283917,0.4511016670217871,0.26418271641260627,1.2524531383777182
2024-01-02,-0.9932703685454652,0.007480788706519545,0.35381266953368534,0.558008290004081,0.6222956747130622,0.6651988051338589,0.6730320798546567,0.555771986622785,0.4528915448324447,0.2638880771587371,1.2571584457042024
2024-01-03,-0.9992390035024872,0.003943089235132371,0.34845407007075024,0.5531042117911468,0.6169860351346624,0.6608601592860132,0.6695740496549456,0.5522534559434615,0.4491137080555806,0.259306731669458,1.2585457351719453
2024-01-04,-1.0047734366885945,-0.00015909937133215969,0.3434678715251563,0.5482727914069923,0.6153424272306828,0.6575594097001545,0.6670044282837022,0.5498727794545363,0.4451349954447062,0.2564381353712805,1.2612115720598753
2024-01-05,-1.0242737645677635,-0.018395793882021987,0.32733625994746957,0.532427866525776,0.5998193964924823,0.6417274668887436,0.6520037533012264,0.532833187554113,0.428610392898067,0.2389740873467898,1.2632478519145536
2024-01-08,-1.0388403481243504,-0.035944894693561824,0.30878167671201073,0.5138829534195302,0.5793986384141576,0.6212733520182745,0.6312270648682997,0.5111756930902039,0.4079799252144366,0.21786104772667536,1.256701395851026
2024-01-09,-1.031963301986827,-0.02818178360386871,0.31778187166219546,0.5211693361309113,0.5865822659083633,0.6274161516238451,0.6364573271127228,0.5146342749943151,0.4110523239210035,0.2199403768936599,1.2519036788804871
2024-01-10,-1.0404149083852883,-0.036900753770633926,0.30935087735842975,0.5123537922789067,0.5800371799900425,0.6175091331938547,0.6286507356560879,0.5063764833968133,0.39965581086236757,0.20614404146833176,1.2465589498536203
2024-01-11,-1.0276164006979833,-0.021737580435382597,0.32354603183501907,0.528495066017679,0.595862782356604,0.6345376941607195,0.646429824934223,0.5255180480605284,0.418842403571079,0.22788341854169067,1.2554998192396742
2024-01-12,-1.0322050952540407,-0.025225801116520633,0.31884493635992545,0.522659909794044,0.5887887148963846,0.6255368584896148,0.6381131730592698,0.515418966980449,0.4085790640220063,0.21623065869907904,1.24843575395312
2024-01-15,-1.0325979413218056,-0.026503825844431863,0.316445544040363,0.5207557295835527,0.5852867024980591,0.6233585730908298,0.6356891442030292,0.5124332866210519,0.4063603295881598,0.21459214848761568,1.2471900898094215
2024-01-16,-1.0302789218803166,-0.02751208061575553,0.31224494889782556,0.5161355120788439,0.5806288686207433,0.6188759112802512,0.6299030075220897,0.5060343707800048,0.39962816898919645,0.2063820033151104,1.2366609251954273
2024-01-17,-1.0545516005823155,-0.053061017963786455,0.2877077793295699,0.49315868829298554,0.5556977020421939,0.592859737448231,0.6037571540764263,0.48057801157574326,0.3737615385593854,0.178477158169118,1.233028758751434
2024-01-18,-1.0545358642864753,-0.060779327671648654,0.27648230450346045,0.480905358107953,0.546291944444448,0.5833567829692033,0.5971110996961881,0.4758692474605205,0.36981655936776703,0.17503800402335742,1.2295738683098332
2024-01-19,-1.0783406771654727,-0.07388643372532495,0.2640560395949373,0.4683388326712532,0.5336110728312522,0.5706344855184606,0.5844400396801205,0.46355625019441643,0.3596552346589467,0.1663532064300042,1.2446938835954775
2024-01-22,-1.1263494092234227,-0.12951516481370884,0.20526926947723836,0.40865462766276567,0.47309662464301416,0.5108312069511121,0.5241327788986911,0.40385154298036263,0.2995399812492454,0.10609134498984625,1.2324407542132696
2024-01-23,-1.1195734050019,-0.12522371424602027,0.2092681337067405,0.4110075621363846,0.4723760722076384,0.5102510772332373,0.5249676226004052,0.4047384658442197,0.30417482837001464,0.11350095969595139,1.233074364697852
2024-01-24,-1.1093761880182318,-0.10896946144895178,0.22414882398257807,0.4254308931808144,0.48762805884703697,0.5260638989235747,0.5398338802642278,0.42082831659410663,0.31962503820269994,0.12791707826926918,1.2372932662875014
2024-01-25,-1.089114414855235,-0.07861233905555376,0.2603848881045387,0.46403690589342883,0.5273593499317732,0.5659737683153341,0.5803525055865028,0.46296380388333175,0.36010585443630083,0.1664487621577935,1.2555631770130287
2024-01-26,-1.098286405044012,-0.07883895657748911,0.2599677720292501,0.46382125731302737,0.5252017707205163,0.5642325096370859,0.5785304083468418,0.4577545661512796,0.35156662234148905,0.1525645553598977,1.25085096040391
2024-01-29,-1.1215335994685922,-0.10673416172092325,0.22933249971044,0.43226269790613936,0.49105061216199997,0.5330185984515046,0.5459078383624226,0.4262413654335673,0.3202422476454295,0.12469858021727194,1.2462321796858644
2024-01-30,-1.1476327324535143,-0.13718196767392493,0.1983321730494646,0.4004071897740584,0.4571607552067657,0.5001334141563794,0.511359360455849,0.39395795510741194,0.28711153962932534,0.09346176899474921,1.2410945014482637
2024-01-31,-1.1732337238049875,-0.17354025451333976,0.1543438049775069,0.3537885706066373,0.40778753816914165,0.4475982064699453,0.4558512702016862,0.340026519740621,0.23140064396898616,0.04099745603046958,1.2142311798354575
2024-02-01,-1.1874569712425969,-0.18587924448965157,0.14216365611617843,0.33738188475962727,0.3952146855716776,0.4326893596889833,0.4420581250737238,0.3267258947273305,0.21805313286254263,0.03133390841918104,1.2187908796617781
2024-02-02,-1.2049496035596656,-0.21499825885668006,0.10537216312782857,0.29691211905842957,0.3497600800511966,0.3827357997185754,0.38993843654915306,0.2759109405035702,0.16380591173272702,-0.020830307236176716,1.1841192963234892
2024-02-05,-1.2454447648908982,-0.2736987476221481,0.033552385772659815,0.21973453549856337,0.2655286909155897,0.286918942066875,0.2915901831048361,0.17165318918491362,0.06239807078274495,-0.11831445710672053,1.1271303077841779
2024-02-06,-1.210975176117503,-0.21928804049463937,0.09561530494087857,0.2845909227897111,0.31783999499929527,0.33727809796595537,0.3380310700020253,0.20817426636774575,0.09127056137435464,-0.08712462123144626,1.123850554886057
2024-02-07,-1.1846840273771757,-0.19059174338724094,0.11317204163973682,0.29699915954938916,0.3148626069610015,0.32204230157293706,0.3061868997833842,0.15939719882380238,0.028910341882588758,-0.15453273053038818,1.0301512968467879
2024-02-08,-1.183594846668904,-0.17100390519975664,0.1550138212148468,0.35748039499099443,0.38867734586012315,0.41215168930439183,0.4078063828830024,0.2643329240104362,0.13880603227193256,-0.039864367689460084,1.1437304789794442
2024-02-19,-1.1804827299061822,-0.16761248736652562,0.16820528459619663,0.3740846170526967,0.4152110135682601,0.446879836704249,0.45077216191335856,0.31279078323043097,0.1923070229123136,0.026866485880862753,1.2073492157870453
2024-02-20,-1.1777927909957107,-0.1654577674346435,0.1721185089718463,0.3812440491745207,0.42052532699461903,0.4576755767584837,0.4636369461272246,0.3298796931020108,0.2108870785851717,0.05236766419328778,1.2301604551889989
2024-02-21,-1.1774764054948936,-0.1609076087931299,0.18095133441718395,0.39183159283473057,0.4332402098161255,0.4731079985874753,0.48362492949959046,0.35182895217656857,0.23815968543794133,0.09408317131508998,1.271559576809984
2024-02-22,-1.1684204023726696,-0.15141059025393555,0.19804079255183404,0.4120941808874018,0.4566306716273386,0.4976935802364026,0.5113740545303243,0.3806219119145479,0.2698301993174955,0.13020618820570184,1.298626590578372
2024-02-23,-1.165135723344654,-0.1411326163929919,0.21699131019150242,0.43638477097934875,0.4851924502345904,0.527833512364039,0.5449715713511305,0.41621996809360184,0.30997778977992047,0.17141125312315014,1.3365469764678046
2024-02-26,-1.1699833575540957,-0.13582810221544578,0.2254434848816931,0.4471335965846423,0.4991782362661843,0.5469577503638784,0.5646700530215185,0.43783965339824743,0.33460302795800567,0.195437811517573,1.365421169071669
2024-02-27,-1.1558268867394814,-0.11449381802613694,0.25181205686645936,0.47357662086024366,0.5294799974057982,0.5773938146120816,0.5952893172895263,0.4680372473849742,0.3671014646125324,0.22709673009308576,1.3829236168325676
2024-02-28,-1.1787623036506343,-0.15127713819723013,0.20080385555739996,0.41163120192903496,0.4636949084103408,0.5106786873566205,0.5196684908301197,0.39121546168319216,0.2879692831811951,0.14837386565331556,1.3271361693039503
2024-02-29,-1.1560283526958828,-0.11959654275063669,0.23725052034566374,0.45012345972707635,0.5061990334789647,0.5528077014116438,0.5622703519990864,0.4360054955438324,0.32996633646573525,0.18856670454605529,1.3445950572419385
2024-03-01,-1.1528109480892612,-0.1134787909970062,0.24645581498388955,0.4622067735986661,0.5207877468387809,0.5679483168656109,0.5780844631580023,0.44907378901856876,0.3429486801339794,0.19839119174554365,1.3512021398348053
2024-03-04,-1.1478445488748583,-0.10723813228284508,0.2514920053558456,0.4657495095545087,0.5249610678231024,0.569538721304993,0.5805057151105574,0.4490153974534402,0.34000814859137257,0.19476691806167726,1.342611466936536
2024-03-05,-1.1526781549713734,-0.11763728379034731,0.2392248595288241,0.45304315253445143,0.5087807429804883,0.5520071183049247,0.5612354741661442,0.42997261572918366,0.3175920612345334,0.17071905030499884,1.3233972052763727
2024-03-06,-1.1498738019140753,-0.11745516805337157,0.2462656319566901,0.4597568769787945,0.5177270923129206,0.5616415906918137,0.5742456900266629,0.4435964928876399,0.3333783989908186,0.18914824704166242,1.3390220489557383
2024-03-07,-1.1603148775581609,-0.13050860244642934,0.2312652145854511,0.44395381609971707,0.5042440817164126,0.5476362085747997,0.5690580116593286,0.44144780817746443,0.3345156994318746,0.1944464209024669,1.3547612984606283
2024-03-08,-1.149490266759858,-0.11543494626921638,0.24571503596458763,0.45641906557704154,0.5170630330370358,0.5595708143819363,0.5816429773166103,0.44808933856744004,0.3402024397386327,0.19914227943552784,1.3486325461953865
2024-03-11,-1.137386747399569,-0.10115912462922398,0.262337153742712,0.47597465300067565,0.5380575398821718,0.5808607180030207,0.6035396739380029,0.47008197916937766,0.36225324614365817,0.2210828510654574,1.358469598465027
2024-03-12,-1.1392173289186258,-0.09979550085292344,0.26654280303926925,0.48529390942301937,0.5504803896194884,0.5945817674116416,0.6191294211346828,0.4902847643896775,0.38324916124941527,0.2466946463248778,1.3859119752435045
2024-03-13,-1.1405056826895443,-0.0995385821622096,0.2689418378256091,0.4878449170492601,0.5537970407332155,0.6002445340676826,0.6217515045226641,0.49156650443165145,0.3842163399704632,0.24499498478845141,1.3855006674779966
2024-03-14,-1.1481412291847297,-0.10554937887632397,0.2630913879036516,0.48086545483781945,0.5447540089833696,0.5935788388697644,0.6154106817809417,0.4850552622418103,0.38191577956057987,0.24523304353349645,1.393374272718227
2024-03-15,-1.1343803459202244,-0.0928512269360762,0.2787119105140316,0.49605789710539516,0.5591620538056807,0.6080602072351359,0.6308020988986478,0.49923607098448347,0.39575792162479667,0.253889327384893,1.3882696733051183
2024-03-18,-1.1134169935335998,-0.0716263721759465,0.29883613924139873,0.5179233264278126,0.577581795705801,0.6294162597764573,0.6511587313760494,0.5196885214193836,0.41509174400476695,0.27110696596876127,1.384523959502362
2024-03-19,-1.1219885271034076,-0.0757949005522801,0.29357518454999043,0.5136399926327831,0.5745940394098198,0.6269449867392198,0.6505360276676396,0.5183831368485546,0.4158866606234036,0.2698640935582965,1.391852620661705
2024-03-20,-1.1139125064557842,-0.06597202673433533,0.3043422935759722,0.5242673177787552,0.586285249122443,0.638076253995018,0.6642077865688,0.531682354451353,0.4288999064882141,0.27957843099001173,1.3934909374457969
2024-03-21,-1.1138825899356444,-0.06513671588152203,0.30435213791649135,0.5247755368635947,0.5874435822718216,0.6380046511802044,0.6667736487929252,0.5326728710501061,0.43078146371803017,0.2795754032178073,1.3934579931534528
2024-03-22,-1.127512229112561,-0.07945389978643408,0.2921570958399659,0.5134226263003613,0.5739688787313549,0.6217821250836741,0.6520326814610029,0.5168145113076343,0.41386470085415433,0.2626452880142446,1.3901575171268066
2024-03-25,-1.157141180412905,-0.10528563235459527,0.2689688491883552,0.4875032891844601,0.548996472119914,0.5973940485025898,0.6259516149295585,0.49286710522201604,0.39033317017505814,0.24306356126896617,1.4002047416818721
2024-03-26,-1.1580026192962953,-0.10569495837365386,0.2701989756439573,0.4891516889181313,0.549522861451554,0.5984409155584598,0.6260072015486361,0.4924833598132193,0.3915990001817588,0.24113455599147426,1.3991371752877706
2024-03-27,-1.1889951820782751,-0.13812397204636406,0.2385879388930455,0.4564804661178231,0.5123889655915825,0.5645708357262523,0.59256643168554,0.4615131858500866,0.36078304084027385,0.2120986269101119,1.4010938089883882
2024-03-28,-1.1671577477505664,-0.11334309463417507,0.2626307557628514,0.48330429080594567,0.5381279889057027,0.5889671517356094,0.6158064712623358,0.48446408208447067,0.3820334234633159,0.22972457937023166,1.396882327120799
2024-03-29,-1.1567956979557004,-0.10330788612994055,0.2768020697924625,0.4989965295074934,0.5521425148831041,0.6015203155392611,0.6287761083663842,0.49666485286661094,0.39197781353260375,0.24179341563561396,1.3985891135913155
2024-04-01,-1.1399496660475705,-0.08451979195024381,0.29572215126983775,0.5201538256658516,0.5741204300117955,0.627193501562338,0.6532303192410798,0.5220463758839167,0.41921360386198586,0.2676535604662474,1.4076032265138192
2024-04-02,-1.1361152042532712,-0.08423258780158546,0.29671185799563105,0.5212407097628713,0.5750664799569977,0.6246957406592303,0.6524517644784512,0.5164245353899789,0.41130120655412655,0.2567781971488163,1.3928934014020886
2024-04-03,-1.140148957641345,-0.08789012874278164,0.289009963732583,0.5157509949847249,0.5696563136862658,0.6162213234019783,0.6411846807837777,0.5045833079640324,0.39716379315625633,0.24672593656064232,1.3868748942019886
2024-04-08,-1.1592406729030031,-0.10973854023923148,0.2659144201172624,0.4901788498314332,0.5413697450469628,0.5906492874005329,0.615579148790899,0.478552531278548,0.37140553754121597,0.22550134697107985,1.3847420198740843
2024-04-09,-1.1514300088384037,-0.09826432772053918,0.2808597322326317,0.5052383925577126,0.5584946306535343,0.606945537704245,0.6342106219483734,0.49667226270628506,0.3876183593392604,0.2411152809478374,1.3925452897862425
2024-04-10,-1.1632962042345762,-0.11374713492619062,0.2607031511262813,0.4841187206853591,0.5362949325442329,0.582945858429337,0.60917633016571,0.471052185806396,0.36482678316539835,0.2184900949752528,1.3817862992098302
2024-04-11,-1.163143078701258,-0.11307417501748449,0.2628735677094961,0.48658046931763865,0.5400231493345294,0.5849461282036913,0.6126085236755477,0.4736517881423317,0.3685332580584341,0.22009603458264568,1.3832391132839048
2024-04-12,-1.1664206300054383,-0.11582087996222762,0.2551774932438477,0.4793856188990504,0.5325624680018256,0.5765894551909764,0.6035636414749393,0.4630322427593833,0.35807059538903835,0.21132265326002503,1.3777432832654644
2024-04-15,-1.184129433841283,-0.1434178525958584,0.22233466748382624,0.43902695917328743,0.4905173720936684,0.5374289916246334,0.5663317275630554,0.42223239621679093,0.3260799671021996,0.19008919531266638,1.3742186291539507
2024-04-16,-1.2143652454621305,-0.19460063688141593,0.1614919141296721,0.3742448696935745,0.42814285474804176,0.4703798528071294,0.4928513531170612,0.349890262635589,0.25170038518483884,0.11698260731301328,1.331347852775145
2024-04-17,-1.1825491966724135,-0.150077286130971,0.21133273245317213,0.4301584837261524,0.48219626919652026,0.5331379628895245,0.5615339068155258,0.4216011920581868,0.3347268784715075,0.20190168841112088,1.3844508850835355
2024-04-18,-1.1846928799222398,-0.147875777505817,0.21048339369799476,0.4275276329532485,0.4776378122110305,0.5277065118380201,0.5572478688357414,0.4186732445427612,0.33138684233621385,0.2021911572816442,1.386884037203885
2024-04-19,-1.1774721303522144,-0.14538122365838863,0.20791738164031845,0.42478665296414314,0.47015867676895146,0.5217194976989112,0.5471827677306035,0.4074023882560081,0.3186550310816543,0.1877181108859245,1.36519024123814
2024-04-22,-1.1920348039749977,-0.15600468936446737,0.19832605823869182,0.41713669773229706,0.4637244750328886,0.5185413658587487,0.5454292901577993,0.4025331613576376,0.31710991891236173,0.18656100199275372,1.3785958059677526
2024-04-23,-1.2056903197098652,-0.162592781804683,0.20026986679939884,0.42430305865586376,0.4760510773558195,0.5325472149452416,0.5595517899397966,0.4158670815156723,0.3300269844663911,0.19924826663406722,1.4049385863439334
2024-04-24,-1.198743960014512,-0.14714382535646392,0.21635359526674897,0.44517910999769084,0.4969409371127454,0.5556368065033082,0.5820708439649487,0.4386774767461943,0.35384559382482705,0.2194927829423166,1.4182367429568297
2024-04-25,-1.1997181619337831,-0.1468150706352735,0.2203515581278936,0.4515757849727978,0.5011693416997487,0.5613103775871234,0.5864107701149831,0.44530396680409556,0.3583382778464014,0.2254844073688177,1.4252025693026018
2024-04-26,-1.1962674992067508,-0.1384900733836557,0.23243425918378166,0.46716355087868716,0.5164985186418282,0.5777858123203771,0.6038379485527797,0.46629745163756925,0.3785333444544688,0.24417935121261292,1.4404468504193646
2024-04-29,-1.186426677096923,-0.1216616978880284,0.25204195746923475,0.49294335329389877,0.5473076418095728,0.6112369290582971,0.6368176864203934,0.5008119885414737,0.4164911685697676,0.2851839924026284,1.4716106694995523
2024-04-30,-1.1878173494583588,-0.13086547953244176,0.2463247502080143,0.48765221793938024,0.5381634792661222,0.6052891049228247,0.6301908400655499,0.49533648076971976,0.40852383113239915,0.2759982473770789,1.4638155968354387
2024-05-06,-1.1639345545601538,-0.10749441280945593,0.2679978495016186,0.5098845581552739,0.5582916854537223,0.6274530303916386,0.6532114199970204,0.5181684385960377,0.4308211314026596,0.30275712080224737,1.4666916753624022
2024-05-07,-1.1605669839055583,-0.10210058584744292,0.27354673637693466,0.5170431710144008,0.5659954359030908,0.6361520011614428,0.6622866772546079,0.5255692680485626,0.43902951061662115,0.3109656689304525,1.4715326528360118
2024-05-08,-1.1700374473215405,-0.11412373490255492,0.2608712363211798,0.5042849317388717,0.5517248471022368,0.6207037061393174,0.6479984572736224,0.5107018176003333,0.4253870902478705,0.2977074850594173,1.4677449323809586
2024-05-09,-1.1606069592884398,-0.10129456596692563,0.27396188626544976,0.5176606701935491,0.5653909175852032,0.6355197921988045,0.6641206109269846,0.5257663460661594,0.4429001305454053,0.31485793557021324,1.475464894858654
2024-05-10,-1.1638532907295465,-0.10655072848121824,0.2654067758690213,0.5088044756976331,0.5543876068452193,0.6235327820204974,0.6507666675242427,0.5130623664499908,0.4300380723988646,0.3025655149790608,1.466418805708608
2024-05-13,-1.163170287556154,-0.11319211255750918,0.2551912735453749,0.49278175223029186,0.5369608306454602,0.6040011058055595,0.6270040228037009,0.49021644874358195,0.40569579024885655,0.27901838435985804,1.4421886719160129
2024-05-14,-1.1627368417355306,-0.10762312025536262,0.2599016413020058,0.4990237912607194,0.5445479760681884,0.6149158114487244,0.638002330728586,0.5043245369383194,0.4171394230407495,0.2919976173909643,1.4547344591264957
2024-05-15,-1.17272881579031,-0.11537018630825735,0.2512708713646466,0.49063303146346243,0.5364914780312762,0.6083201939882675,0.6299167158994454,0.4965127975500426,0.411914551419692,0.2872352197255083,1.459964035515819
2024-05-16,-1.1708901841172956,-0.11350321664611732,0.2548121899075249,0.4935705605671665,0.5407685411917276,0.6162191205294766,0.6369612255635771,0.503428882355642,0.41993317051383017,0.2929435984388176,1.4638337825561138
2024-05-17,-1.1574873578333797,-0.09752991509440478,0.2681103731809066,0.5083621033596845,0.5543438232156505,0.6292891525134346,0.650037597925168,0.51694456857503,0.43261491753855763,0.3033645994409093,1.4608519572742897
2024-05-20,-1.1540642558272551,-0.09779497676423204,0.2699600833248706,0.5089182027896224,0.5572759004302923,0.6324723896952503,0.652572612911958,0.5211847982857268,0.44030103785248925,0.3138313773351363,1.467895633162392
2024-05-21,-1.160220307938651,-0.1044819164897768,0.259428740229794,0.4967179429456341,0.5459992851981622,0.6228006125831288,0.6410832406250522,0.5099158634399649,0.4285196915156907,0.30471596768033954,1.4649362756189912
2024-05-22,-1.1565442429821915,-0.10017062574315934,0.2624456502332897,0.5014724460333495,0.550946999184032,0.6279385274464176,0.6490046626520083,0.5159565453746771,0.4343457338344386,0.31002019565610506,1.466564438638297
2024-05-23,-1.1778193287715448,-0.12212860644045814,0.24030144149320065,0.48085454375613995,0.5290385206100188,0.6053334035468833,0.6265917056510084,0.49480150055103284,0.41280848393991326,0.2898330343889922,1.4676523631605374
2024-05-24,-1.1911391270887715,-0.13232819445854183,0.22926933116550077,0.46959786749858357,0.5197055039873948,0.5958055538137735,0.6159440247928659,0.4844659473401342,0.4039150980062813,0.2810039759149313,1.472143103003703
2024-05-27,-1.1892139320065125,-0.12713127426505058,0.23623233165139632,0.475816927024984,0.5290841043255311,0.6034297801755298,0.6227116233228641,0.49418989594717155,0.4112905252020212,0.2896962507981663,1.4789101828046791
2024-05-28,-1.199785449729794,-0.13595471440022366,0.22579116929947157,0.4664673053025379,0.5182654313571803,0.593419615230852,0.6113585377684889,0.4833480627128695,0.40253268966726075,0.2787845398497055,1.4785699895794997
2024-05-29,-1.2012379325055527,-0.13429449832603252,0.22902425912840713,0.4712443357259529,0.5228251679670197,0.5981415327197703,0.6164873562050068,0.4872483563205709,0.40553869033585455,0.280344786621104,1.4815827191266568
2024-05-30,-1.2129749890493802,-0.14662078640099482,0.21891084181351592,0.4656402987987244,0.5180698825098697,0.5928235615780801,0.6122719253901634,0.4849388024316208,0.4046011778611151,0.2800463985594448,1.4930213876088252
2024-05-31,-1.2137237260314295,-0.1451641751181429,0.2221841977739325,0.47265161142144124,0.5258181704770298,0.6019326784346414,0.6207840933730587,0.4964055187924771,0.4172932450245641,0.2928543825133546,1.5065781085447842
2024-06-03,-1.2268000210517518,-0.16035913695612802,0.20631218530364484,0.45350556709453577,0.5072332101751478,0.5814044974507625,0.599532454333334,0.47618351464788644,0.3971474586166796,0.2762800209046246,1.5030800419563766
2024-06-04,-1.231113547112638,-0.16131973204883243,0.20447891142555022,0.44673213769869546,0.4979681991775853,0.5698377916311655,0.5889753795793317,0.4646217057807192,0.388894884258683,0.26961957210339715,1.5007331192160354
2024-06-05,-1.2501420807416748,-0.18208878360750658,0.18410091875575268,0.42825738453950646,0.4800422355202023,0.5534483540208239,0.5705970660691061,0.4453139643713354,0.3699552695420637,0.24956380971087005,1.499705890452545
2024-06-06,-1.2757827557684287,-0.20742439151586814,0.1555076582974608,0.39645282665431447,0.4448734339079169,0.517446174253891,0.5301145638685756,0.40124701998338136,0.3270005245315014,0.2052131538747193,1.4809959096431482
2024-06-07,-1.2741584728217135,-0.19761424814651057,0.16709572043427687,0.41088604243469723,0.4609257500118707,0.5368420235881695,0.5535559844490175,0.42979678915116626,0.3579405676259227,0.23416486035544481,1.5083233331771584
2024-06-11,-1.264521931563385,-0.1910322002315955,0.17019214589349838,0.4181193524115438,0.4638965077396575,0.5406097550152262,0.5602308904615066,0.4360532092798762,0.3645950530858532,0.24448905732673917,1.5090109888901244
2024-06-12,-1.2579715863296412,-0.17770401030120112,0.18396305514858213,0.43060003195661267,0.4777439530641094,0.5563476591733589,0.5750981952361953,0.4509266851859131,0.37751000826073067,0.256327949876864,1.5142995362065053
2024-06-13,-1.254152448553201,-0.17587337980130255,0.18189675547400416,0.4265998864935827,0.4743786135669796,0.5520366686848954,0.5697003653181794,0.44624547298862227,0.3694133550505909,0.25185344718649477,1.5060058957396958
2024-06-14,-1.2588786609884142,-0.17578620717207694,0.18381386386655602,0.42862450865926677,0.4754596808458588,0.5525224716760813,0.5719471754085876,0.44749712529742214,0.37169194718923704,0.25185020306936523,1.5107288640577794
2024-06-17,-1.2481955024057219,-0.17753865996774623,0.17904850717271448,0.42141019474355523,0.46783337308522516,0.5444539187953601,0.5642994158869526,0.4399332651861885,0.36299053565962114,0.24629733419624014,1.494492836601962
2024-06-18,-1.2404320331705292,-0.16704099228892264,0.19373666022710034,0.4347774989685677,0.4851119502461567,0.5607402837271276,0.5788551396178664,0.454541894399942,0.3760413340416652,0.2549479267585547,1.495379959929084
2024-06-19,-1.2497888469285852,-0.17611997564967907,0.18732256704483213,0.429183263730262,0.48177916290316053,0.5571179265617474,0.5726945435929002,0.4499230388218437,0.36971364160678477,0.2464272591591041,1.4962161060876895
2024-06-20,-1.262022564183076,-0.19336304920400443,0.16995882973398635,0.4092458292583767,0.46013713864717126,0.536246298349025,0.551257940641549,0.42816669244145866,0.34971585400367317,0.2265158656606575,1.4885384298437339
2024-06-21,-1.2703079606230103,-0.19372710746554844,0.1682624377257715,0.4066106078945746,0.45891519648382695,0.5350398512082454,0.5517481670476586,0.42816126813212224,0.34846272228404906,0.2257206798730826,1.4960286404960932
2024-06-24,-1.3010618687281936,-0.22681513366126121,0.1336084178897849,0.3672564046794131,0.41925341768818153,0.495993302624711,0.512525181956667,0.3895630007425175,0.31155496108018166,0.1892451473599674,1.4903070160881613
2024-06-25,-1.3147540482572577,-0.2329759649622071,0.13104721799608185,0.3715234069462041,0.4223018423228591,0.49886246754608665,0.5174982656629772,0.39506201763452603,0.31578362321466474,0.1901199937128734,1.5048740419701314
2024-06-26,-1.2951965500151155,-0.2088291784442703,0.1592290407660954,0.4030966005870874,0.4545141742796722,0.5330970791614494,0.5501197336661512,0.42483310615164,0.34473426082712977,0.21943139488163746,1.5146279448967532
2024-06-27,-1.3170260307342294,-0.22707931525448627,0.14192450995530784,0.3864108290295286,0.43589581971345204,0.514423940169528,0.5307678856124639,0.40583833208442804,0.3257713490713495,0.20002669531278744,1.5170527260470172
2024-06-28,-1.3081765517338801,-0.2206628474304862,0.1491730301468233,0.39291011335887105,0.44041246976502385,0.5180454257687501,0.5352124913570862,0.4093266657989775,0.32862232562964183,0.20211381323187827,1.5102903649657589
2024-07-01,-1.3066662893635057,-0.2169874480890787,0.15429318020974103,0.39873806571797515,0.44667799488257864,0.5265884990068648,0.5483944671476628,0.42269000500381343,0.34237420290114706,0.21366524450677546,1.5203315338702816
2024-07-02,-1.3139439296350293,-0.2224006848944632,0.15466784549905674,0.40222981100630734,0.44906257900536284,0.5309291908895338,0.5512701771256856,0.42503267391793886,0.3414955820824789,0.20864761339204982,1.5225915430270796
2024-07-03,-1.3318665568412822,-0.23475151672901634,0.14561234245020716,0.39365415277262916,0.44044650434123345,0.5239030243761129,0.5448740125320879,0.41713562279677674,0.3352826448907633,0.19854723850162598,1.5304137953429087
2024-07-04,-1.3557310502277675,-0.25901831109790174,0.11705797742398288,0.3635827144113233,0.41241614939146515,0.4942289384790941,0.5179537958841073,0.391502215463144,0.3101891005187092,0.17484479159189797,1.530575841819666
2024-07-05,-1.3529098967746116,-0.24895009402983065,0.1302032215148829,0.3757588959435731,0.4240558029894471,0.5072239761232619,0.5300773375290938,0.40327299817446033,0.32111353197672,0.18466473385373505,1.5375746306283473
2024-07-08,-1.3735476944682612,-0.2745687789713,0.10277050306040565,0.3484612423900713,0.39777633010448404,0.4793419888822988,0.5035364991277447,0.37613495946790687,0.2930374783358467,0.1575292924284118,1.5310769868966738
2024-07-09,-1.34490206923485,-0.2529653779825016,0.12557890113369743,0.3684483421838732,0.41600789640214314,0.49528795761399214,0.5191742892530371,0.3901395155399723,0.3071647269479648,0.1699348158881094,1.51483688512296
2024-07-10,-1.350731730550892,-0.2605209484386933,0.11815802514712295,0.36010044332083074,0.4094972280840418,0.4871519411924384,0.5106499312341131,0.3832473062209955,0.301033952371297,0.16361014528096837,1.5143418758318612
2024-07-11,-1.3293281472170277,-0.23433918109903934,0.1482441598970624,0.39100044946019946,0.44254189859711696,0.5213929200823897,0.545018297343615,0.41799125953377925,0.33558461986102284,0.19539255337705308,1.5247207005940817
2024-07-12,-1.3400717675101483,-0.23737812073798437,0.14558651838267167,0.39022131240505364,0.44086672762135154,0.5191207367983612,0.5444102322552876,0.41598893646676965,0.3324419796831737,0.19077284545757903,1.5308446129677282
2024-07-15,-1.3526466031384383,-0.25091913940655247,0.13009995413719458,0.37362483994306567,0.4232053385550795,0.5035457212897521,0.5284192703318881,0.40144458405174727,0.3192656653388812,0.17776826401337834,1.5304148671518176
2024-07-16,-1.3499876907857387,-0.24574929021503078,0.13308954987593305,0.3748464296481454,0.4237978228002396,0.503506129584125,0.5267511884495415,0.40064842667630335,0.31918455203221446,0.1767473368973022,1.5267350276830418
2024-07-17,-1.3705692210032512,-0.26239305069339147,0.11954168166228558,0.3644024831466005,0.41207532850189055,0.494511999314072,0.5176126543507651,0.393925193323864,0.3120783703221183,0.1700639333780297,1.540633154381282
2024-07-18,-1.370049689745327,-0.26305297962336643,0.11701773403125428,0.36296707779408816,0.40966817383467496,0.49342344937531074,0.5170413691568652,0.394021247926519,0.3126696493484552,0.17448862168778906,1.544538311433117
2024-07-19,-1.3721231493065125,-0.2596406851780495,0.12192466592917067,0.36735619199535,0.41804709166959403,0.499756248815671,0.5245057393724858,0.4036453204907937,0.32124132001808314,0.1881378090650679,1.5602609583715816
2024-07-22,-1.3702736513378828,-0.25656345144264203,0.125985372126963,0.3738938959778698,0.4235085579798695,0.5047060828657107,0.5299181901944192,0.40865782763632263,0.3266216134923844,0.19236166257126316,1.5626353139091471
2024-07-23,-1.3876953558475686,-0.2780344362721309,0.10555514466092539,0.35573512293854226,0.4026135470298175,0.48398111819428585,0.510112859612167,0.38718292180137,0.3038400097922399,0.16690962733867998,1.5546049831862496
2024-07-24,-1.4026793389989518,-0.29246310917732776,0.09105362180550661,0.3404477571707932,0.3873093040923609,0.469108990822266,0.49284758169142934,0.372080788563761,0.28832441400669817,0.1486284474374337,1.5513077864363864
2024-07-25,-1.4039065496314178,-0.29007286080719824,0.09409998922118074,0.3444062191848457,0.3938981281495377,0.47539583448552625,0.5007736659003905,0.37782043913830476,0.29499576338326394,0.15472240378722407,1.5586289534186428
2024-07-26,-1.3952596731636893,-0.2783000808524067,0.10915230340662288,0.3637171487396007,0.411386738506416,0.4933795083738122,0.5212402370371466,0.39592865174724007,0.31444578062593337,0.1719494757426096,1.5672091489062998
2024-07-29,-1.3920891682218912,-0.2745038792009468,0.11117042741778765,0.36688216312905847,0.4109571998691906,0.4936147973808272,0.5208614735068526,0.39602228852113397,0.3136396178766401,0.1682875826695686,1.5603767508914608
2024-07-30,-1.3910685102150868,-0.2699293383636626,0.11838139235137697,0.37333439327343254,0.41735485336832945,0.49978252233277176,0.5263217991911823,0.401169051578747,0.31819087038508287,0.17179974205673684,1.5628682522718247
2024-07-31,-1.3678992055224515,-0.24033904369658726,0.15049049102905848,0.4075695848405776,0.4530120387124388,0.5367822172911156,0.5651097152903801,0.439261764606552,0.35746587544187297,0.21012588734658222,1.578025092869035
2024-08-01,-1.366020489331388,-0.23650829219149233,0.15028582333974966,0.41043411705959054,0.4536886676784205,0.5370571501009983,0.5644096232944975,0.4385390723499644,0.35533120861186296,0.20731002401458207,1.5733305133459712
2024-08-02,-1.3842421272027317,-0.2525304986894922,0.13813769476018428,0.3992111519093891,0.43948098087140286,0.5248286410894579,0.5518180224607987,0.425714439421893,0.3437424143978451,0.19714439309642662,1.5813865202991595
2024-08-05,-1.4148992276610133,-0.27906844728600555,0.11369618238220958,0.3737690057461544,0.413885122652428,0.5002849734551039,0.5275999234723271,0.4010231761863302,0.3203149199436138,0.1742113119279119,1.5891105395889265
2024-08-06,-1.3965389627612115,-0.26046366422182265,0.13409290227759155,0.3948555993932919,0.4335032151587897,0.5218234702855351,0.5459982335290072,0.42057069083765075,0.3386468167664001,0.1912020818404065,1.5877410446016194
2024-08-07,-1.4029311553838406,-0.26437513229946524,0.13129319341524387,0.392519156201984,0.43355185138929436,0.5221886328846819,0.5470265931539539,0.423303430597156,0.344398628535105,0.19794433775272463,1.6008754931365665
2024-08-08,-1.4066933624514004,-0.2634574122739351,0.13273116857664752,0.391354169545581,0.43173968842953064,0.5192205640445001,0.5425740771585369,0.4196855868743446,0.33994568166689665,0.19376805231790195,1.6004614147693037
2024-08-09,-1.4217389415818522,-0.2745885350182073,0.12167368840939764,0.3839136709669161,0.42590371738706534,0.5140795912872544,0.536923088645757,0.4140623469632115,0.3358443171260015,0.19286874300013987,1.6146076845819934
2024-08-12,-1.4297753085054095,-0.2806587190690172,0.11574932037542057,0.37689373961364087,0.42041917197747125,0.5089111155266111,0.5307489333898158,0.4061092587362934,0.32812127550231535,0.1872899567201487,1.6170652652255595
2024-08-13,-1.4271398440081868,-0.2751436830579411,0.1226658538118204,0.38321813670507987,0.4262102169344705,0.5164311622094332,0.5397727425768726,0.4141809103816553,0.3373494998955372,0.19750018079053935,1.6246400247987276
2024-08-14,-1.430750223957067,-0.28086912536445696,0.11623884889293318,0.37676290742623597,0.4193796083006318,0.5096794455540499,0.5330126478428657,0.4094194516652091,0.3322830535451383,0.19470503490093344,1.625455258858002
2024-08-15,-1.4244072969902888,-0.27230612320368236,0.12637915740282626,0.385487189302415,0.42788854958989225,0.5191503392148381,0.5419866445120022,0.41793122610040656,0.3406298127639709,0.20245664677681843,1.6268639437671086
2024-08-16,-1.4335881137944526,-0.2789178201677578,0.12271573292691355,0.3807453652000591,0.4220625190236975,0.5126881367601341,0.5383104973374011,0.4143756467923944,0.33693297494559493,0.20092258772937066,1.6345107015238247
2024-08-19,-1.440542674244025,-0.28076315307400174,0.1189702394751959,0.3775148760471722,0.4187339235889713,0.5122737945161087,0.5342316348868744,0.4093485436676132,0.33181898541425187,0.19558028312175876,1.6361229573657854
2024-08-20,-1.4572951863685877,-0.2974497861276568,0.10186495911197442,0.36050245756866167,0.4032830022459654,0.49339290142297443,0.515621956189946,0.39141624815514614,0.313834787362439,0.17862655327532825,1.6359217396439176
2024-08-21,-1.4650673625926016,-0.30351038452757073,0.0973276473206394,0.3565468177557054,0.40049598873836617,0.4916664798997604,0.5160852740131333,0.3899736006783904,0.31315503738711264,0.17776323895244353,1.6428306015450467
2024-08-22,-1.4864864156808302,-0.31963071652702074,0.08136675865762993,0.34151659971275095,0.3875213895960671,0.4776064858129289,0.5025591986592383,0.3746839261562438,0.299078703870229,0.16452161841033175,1.6510080340911633
2024-08-23,-1.4926605353222864,-0.3248145580267349,0.07418376841985795,0.3377001695199369,0.3815323788079508,0.47372363662557726,0.49891250570365936,0.37207444802928136,0.29685832853281496,0.1602743835089156,1.6529349188312032
2024-08-26,-1.4880447031884854,-0.31568722353437173,0.0849673549721772,0.34803123116762763,0.3937959563671107,0.4874827775826516,0.5131956297337112,0.3853099004407298,0.30745820655820305,0.16824934712771705,1.6562940503162036
2024-08-27,-1.5019418325525409,-0.32579318792907264,0.07456152243861565,0.3358520564769279,0.3797730712722467,0.4732787587718966,0.4982526066579072,0.3695052990805719,0.290119887865969,0.15014011656133136,1.6520819491138734
2024-08-28,-1.5029944402853435,-0.3234116202128758,0.07801068757656174,0.3430748984156553,0.38722560410013035,0.47970258532515353,0.5039855754351699,0.37581883112977543,0.29391432793630845,0.15522264627491644,1.658217086560261
2024-08-29,-1.496669525749168,-0.3117128496736357,0.09137048792085523,0.35676707489857673,0.402145737777092,0.49663672068189285,0.5215031001656195,0.39330459762833025,0.310377630095468,0.172477102243387,1.669146627992556
2024-08-30,-1.4822146201024506,-0.2939269233815916,0.1108268767816117,0.37305998723268907,0.4220118094068014,0.5175275862918909,0.5406345663888578,0.4152088321829696,0.3325510304299336,0.19485660741113295,1.6770712275135846
2024-09-02,-1.4928327179398544,-0.30429836423345885,0.09779181912299287,0.3586516666218223,0.4051818104658553,0.4992361535981335,0.5198933514279523,0.395060094127931,0.31115240438183256,0.17093250647506789,1.6637652244149235
2024-09-03,-1.4825536906921009,-0.2946515830066533,0.10737978525444472,0.36930658188344584,0.41485006925223494,0.5096151924838529,0.5280299341350956,0.403738590995761,0.32063550601742946,0.17881663100563466,1.6613703216977367
2024-09-04,-1.4920692828710904,-0.3037557180266277,0.1009546238834112,0.36332308338235325,0.4085977174073252,0.5042532953112361,0.5221605425079364,0.3994429981620639,0.3145016354758332,0.17470154232729582,1.6667708251983873
2024-09-05,-1.4906111052838182,-0.297186197135636,0.10860208925008191,0.3742762393686294,0.4190805985582393,0.5159737721810871,0.5325948309837384,0.41009951930225136,0.3244146689719411,0.1845372987627882,1.6751484040466074
2024-09-06,-1.513828965797841,-0.31661659151697324,0.09002711417481978,0.35560806560903363,0.4009959079063584,0.49852801587875584,0.5149593969594125,0.39058816658668405,0.3049153994835714,0.1661286685974519,1.6799576343952938
2024-09-09,-1.51862177634473,-0.31716198041659294,0.08793098317962572,0.3539233521131419,0.3998568819182853,0.49691004125930366,0.5129095688390342,0.3868239101702314,0.3026072840741256,0.1627018482643569,1.681323624609088
2024-09-10,-1.514812920496876,-0.3096904485404632,0.09416930880412008,0.36139841669872225,0.4078331846624507,0.5040190144238177,0.5199621366663233,0.39314478789908447,0.3062680275923782,0.16389409149474057,1.6787070119916174
2024-09-11,-1.5182103778824945,-0.31269276215247194,0.0894831608007504,0.35618854360792745,0.40319001957905176,0.49963380773540544,0.5174747322707246,0.38897638038471033,0.3022456949957579,0.1585510950473372,1.6767614729298324
2024-09-12,-1.5206154390079085,-0.31572322934821423,0.08596653835067364,0.35385209113017185,0.401125298113721,0.49784948233016263,0.5146629876603263,0.3851963993754197,0.2991701235830394,0.155372265927349,1.675987704935258
2024-09-13,-1.5348676938762014,-0.3321145503988319,0.0731484857156115,0.3400870973296589,0.38917053966335036,0.48516047343932267,0.5003912979683751,0.3731588781488084,0.28464240037348754,0.14358100879736915,1.678448702673571
2024-09-18,-1.5386405468573574,-0.3378072137129044,0.06685867872741516,0.3338234811142879,0.3807673580355989,0.47732811173980066,0.4925440411577683,0.3673078853811218,0.27963038318484107,0.13769727887482777,1.6763378257321857
2024-09-19,-1.522866022530164,-0.3141708018428909,0.08957660358138719,0.35955540635384825,0.4047751055418345,0.5019948211300218,0.5163417940713377,0.39147619600012873,0.30200062827784296,0.15713170796547696,1.6799977304956415
2024-09-20,-1.5232656160684783,-0.31714197171586195,0.08880553227538525,0.35817195154936954,0.40124781766623896,0.4972236669209229,0.5111425713694692,0.3857667556902892,0.29413098018456113,0.15081317800088193,1.6740787940693609
2024-09-23,-1.5239177058666158,-0.3164775678344248,0.09086062893540325,0.36012965893521004,0.4042277917023422,0.4987819870607455,0.5146979117291167,0.3872888927150736,0.2959383066952072,0.1541270316775411,1.6780447375441574
2024-09-24,-1.4975205539605465,-0.2857691122551609,0.1241062043370364,0.39515961869347527,0.4407326769289062,0.5377039956719812,0.5534929604852896,0.42570407549860995,0.33447851353874564,0.19568522513637643,1.6932057790969235
2024-09-25,-1.4882251288233346,-0.27440913486409785,0.13580084378054016,0.40679571973472856,0.45330389031560847,0.5497865813124659,0.5645295563400531,0.4377541548327951,0.3460845655833291,0.20932369783017912,1.6975488266535141
2024-09-26,-1.4574170913218305,-0.23857205469920242,0.17227793491449983,0.44304103857963134,0.48696733403377507,0.5872581746327091,0.5984188972236331,0.4718583833039875,0.3799185465751085,0.2413750912958776,1.6987921826177084
2024-09-27,-1.4115566327465399,-0.19381476897838293,0.22034480576751722,0.4913810365678475,0.5366949514317738,0.6357318369870245,0.648609652165677,0.5263498891552063,0.4331949996065848,0.2933148092148327,1.7048714419613729
2024-09-30,-1.3028236764420558,-0.0883443842251409,0.3246002890059553,0.5986017174654396,0.6454424169700589,0.7474435764243547,0.7636118075781131,0.6439438378142301,0.5537438551625676,0.40469749291690066,1.7075211693589567
2024-10-08,-1.2144489839899375,0.006928647291088497,0.4139809310650551,0.6826377612831873,0.7333128030828834,0.8265711637467673,0.8448841746002509,0.7175279416812953,0.624459367300715,0.4636451201260283,1.678094104115966
2024-10-09,-1.3259279887608302,-0.10133942512386857,0.3062770018740872,0.5827510083292352,0.6340259244510065,0.730387601396147,0.7503763903327958,0.6247175141946598,0.5382598882377103,0.37870134665214744,1.7046293354129778
2024-10-10,-1.3721845979389882,-0.1194881992643027,0.30209183336904055,0.5860306369578334,0.6426096392711057,0.7406935900462931,0.7655798919182611,0.6445218692887588,0.5586114571116534,0.4031166862935509,1.7753012842325393
2024-10-11,-1.4291071866625324,-0.1698836654584931,0.25481309245490014,0.5454171119828025,0.6027227192287656,0.702118182248527,0.7308513702522553,0.6115876539468038,0.5274582537662033,0.37650267802978543,1.8056098646923182
2024-10-14,-1.3825100825946834,-0.13611653630211906,0.28787757298569816,0.5746895881023507,0.6349488745872524,0.7305797422004282,0.7597986507752891,0.6388477909103324,0.5564780816029753,0.4053540265836917,1.7878641091783753
2024-10-15,-1.4000411058546076,-0.15535605239246914,0.26844680153428213,0.5559319184146538,0.6187291685203273,0.7155133535427463,0.7426848380886573,0.6245069479016494,0.5410505995164161,0.3898323816719918,1.7898734875265998
2024-10-16,-1.4058478289770293,-0.15434244222894763,0.268942013108591,0.5585059829138415,0.6242056348923726,0.720156122573769,0.7501934449921167,0.63027284314569,0.5472042400799157,0.39697392274982485,1.8028217517268545
2024-10-17,-1.4006089098786236,-0.1552990189791636,0.2633040553224671,0.551977797675999,0.6195377765296782,0.7133540099341102,0.7437671661394669,0.6217336792484236,0.5384283167955122,0.38933047787778724,1.7899393877564111
2024-10-18,-1.338598139179144,-0.11131349424666045,0.29982495612521554,0.586457682225004,0.6497554608293648,0.7415587336137519,0.7694989501326382,0.6468361858827659,0.5622297047255445,0.41081117739389644,1.7494093165730407
2024-10-21,-1.3082133148140003,-0.08784691122066732,0.3216549309251809,0.6032619232544638,0.6677735963475671,0.757581140417301,0.7827264815252527,0.659014392606996,0.5716465036422756,0.4198683678266711,1.7280816826406715
2024-10-22,-1.3192600167132813,-0.08650676840449482,0.3300027073476825,0.6103807749061714,0.6789208050923821,0.7715037360642929,0.7982837199265612,0.6754638474366202,0.590263556920152,0.43972498630594525,1.758985003019227
2024-10-23,-1.3263849755245545,-0.08160371312990707,0.33510814975644054,0.6147436961452634,0.6830192412580998,0.7735455314457337,0.8015532539544561,0.6786819008309036,0.5930568429649784,0.44362278585607745,1.7700077613806322
2024-10-24,-1.3315326098773899,-0.08946621102991134,0.32650695233877824,0.6078924450063923,0.6786433938033548,0.7690528402753255,0.7982934414650114,0.6783193445386955,0.5938305957764467,0.4448196673957435,1.7763522772731337
2024-10-25,-1.3164669099283666,-0.06620035287251241,0.3500003195936848,0.6320933551530473,0.7025318761081798,0.790299073783946,0.8219940229134775,0.6991956946556439,0.615300455802807,0.4632846835391327,1.7797515934674997
2024-10-28,-1.3039938710548813,-0.04458481226317407,0.37186111965734236,0.6546400934842898,0.7268053156643581,0.8132412366818319,0.846210788161054,0.7256165429346244,0.6416954129740168,0.48934952175402696,1.7933433928089089
2024-10-29,-1.323348371823879,-0.0688408277726684,0.35131817116078917,0.6333842280643661,0.7025568409300779,0.7892031238782986,0.8256211034555386,0.7015509292572457,0.6185213109465982,0.4700416669948498,1.7933900388187294
2024-10-30,-1.3258878519702506,-0.0699867825445994,0.3500927435305109,0.632162508018095,0.704943257322221,0.7906476300089142,0.8254011725553339,0.7016256101096124,0.6204434632680988,0.4678613302777598,1.793749182248011
2024-10-31,-1.301954469773543,-0.052337627275095264,0.3647916565061922,0.6452861267830149,0.7194521529958232,0.8053213815536454,0.8369654624775188,0.7145777544232758,0.6314812147032454,0.47385310459282826,1.775807574366372
2024-11-01,-1.3652089347937797,-0.09918602663275812,0.32551456975493,0.609285821740611,0.6873583289353165,0.7798507217266253,0.8132525580996756,0.6931508881008691,0.6130345299920531,0.4652053590744477,1.830414293868228
2024-11-04,-1.3437060171160495,-0.07565494775322283,0.3469719239880885,0.6320107451767217,0.7114801299649625,0.8016647539738645,0.8375538107878656,0.7143159435917636,0.633792329673706,0.48484310941504055,1.8285491265310907
2024-11-05,-1.299855006365763,-0.03689722082407236,0.38339240259682483,0.6625390368010848,0.7420518260695893,0.8309897142285063,0.8617336907962444,0.7364431659464121,0.6538427498017323,0.5016858848331852,1.801540891198949
2024-11-06,-1.2998343952959324,-0.031905535078940325,0.3911083155100702,0.6711916858237091,0.7465327247902197,0.8384259038288865,0.866209901615345,0.7429598113304321,0.6589414035637504,0.5055460304370905,1.8053804257330235
2024-11-07,-1.2906720771634779,-0.012016277089829282,0.41323535451185683,0.695165028586034,0.7711427509476857,0.8642708511144964,0.8918207766345996,0.7722765046054482,0.6865080214227269,0.5358786273824425,1.826550704545921
2024-11-08,-1.290289006335872,-0.010596569170517026,0.41444072532559934,0.6964986571480083,0.7720273946186463,0.8673438381284346,0.8935742606732052,0.7749441873540609,0.6895616283975685,0.5384461411048442,1.828735147440717
2024-11-11,-1.2717188122201497,0.010758830456626572,0.43472179442566145,0.723303658129604,0.7970825420129134,0.8927749692412817,0.9187598423021893,0.7974059899368077,0.7126206895678787,0.5552969695774561,1.8270157817976067
2024-11-12,-1.294059756847525,-0.005861544825149343,0.4219813499379675,0.7117918602358021,0.7866986661967386,0.8853651741830879,0.9126856779286723,0.7899560575518731,0.7087663876052283,0.5516337587957246,1.8456935156432503
2024-11-13,-1.3003551538361455,-0.00844509510976428,0.4221046246172466,0.710253067998472,0.7881591146591387,0.8873176214315561,0.9151940733967197,0.7949597823289687,0.7184815040074959,0.5608826851215412,1.8612378389576874
2024-11-14,-1.3385055093339355,-0.04183628556309388,0.39002613615234166,0.6803284930246358,0.7582699034584213,0.8587030911939192,0.8862227462760881,0.7661552417789437,0.6922222081435783,0.5382219371483384,1.8767274464822745
2024-11-15,-1.3667597462108347,-0.06807317285030215,0.3687880305086664,0.6574438259821628,0.7381896982866464,0.8385851977984774,0.8695429560692591,0.7479774306067221,0.67734108601952,0.5265748801113502,1.8933346263221855
2024-11-18,-1.392507434809762,-0.09305386410235855,0.3475751213116157,0.637099722310386,0.7163763973532931,0.8175119604042853,0.8456712793023274,0.7238082091720734,0.6534548897446861,0.5019691999677235,1.894476634777486
2024-11-19,-1.3696925445112074,-0.07042481523957625,0.37156556390729933,0.6626267774469514,0.7404164075777713,0.8432168318951608,0.8739718750882317,0.7522604764230754,0.6845190447543804,0.5326980395553083,1.9023905840665163
2024-11-20,-1.3495273431696193,-0.04954002265054884,0.39213147629385675,0.681251072926992,0.7617716872504059,0.8630520048934174,0.894985647767176,0.7743150362685459,0.7047325248242137,0.5546275498359364,1.9041548930055563
2024-11-21,-1.354291483502302,-0.04837816032560776,0.3952020159422176,0.6854052436984185,0.7643670530200963,0.8664751185562981,0.8985748793622155,0.777738015556082,0.7082075584868714,0.557381430781437,1.9116729142837396
2024-11-22,-1.392477935070121,-0.08622683595618269,0.3614323217956672,0.6510773855513203,0.7286321910924956,0.8272239858489051,0.8620789182984133,0.7398567056517767,0.6688982714557876,0.5174868935451447,1.9099648286152662
2024-11-25,-1.384353724775959,-0.07503600507756393,0.3755411700305674,0.6643929782420398,0.7436599118716252,0.8429315904700309,0.8772512350095543,0.7542030743763813,0.6835614223102632,0.5284689107997662,1.9128226355757256
2024-11-26,-1.4104463910267,-0.08632868765260476,0.3654781136879297,0.6578810299775956,0.7382698745047825,0.8394529100705131,0.8708825069938152,0.746714468631872,0.6791979487085721,0.523478780626144,1.9339251716528443
2024-11-27,-1.3912662628006265,-0.07161881007245299,0.38304360705553536,0.6715423634624548,0.7558436469530987,0.8576424670076334,0.890687760302879,0.7650554889328809,0.6995623600722813,0.5417454405823202,1.9330117033829473
2024-11-28,-1.390214629807326,-0.07100963787789355,0.38482676216957734,0.6757994064809151,0.7571640257868847,0.8588529840447603,0.8913516050450485,0.7646820254234203,0.7003937536684598,0.543403748465965,1.9336183782732914
2024-11-29,-1.3760593332489286,-0.05512068153199508,0.4016594242177679,0.6924295958144737,0.7728316738044778,0.8731228130374465,0.9063217584703953,0.779137644684109,0.716099505164351,0.5584510744642057,1.9345104077131348
2024-12-02,-1.3593466267154644,-0.03336720979653759,0.4233087365616433,0.7159686855183469,0.7936281207118866,0.8949504627127417,0.9290730056985287,0.7989486293211496,0.7354295841390626,0.5789910903547325,1.9383377170701972
2024-12-03,-1.3651294509778091,-0.03254973143912602,0.4229776134414791,0.717214612978046,0.7971201990324125,0.898228148899733,0.9299464371936155,0.8024279589025833,0.7391570259147964,0.5823203845729941,1.9474498355508036
2024-12-04,-1.3832779171532048,-0.04549030708131298,0.40941331938861997,0.7039408768569702,0.7827011738673353,0.8842911314629128,0.9185038933746972,0.7887390210834064,0.7232652534426367,0.5690758098118108,1.952353726965016
2024-12-05,-1.3709364950989404,-0.03284186407782855,0.42419940945708756,0.7165666351002153,0.7984928417113236,0.8965985191924682,0.9323580485119448,0.8018431959068616,0.7358364458594666,0.5784666922654798,1.9494031873644206
2024-12-06,-1.3712589355326223,-0.025466776933199594,0.4334030010819522,0.7279604666895371,0.8100421780625341,0.9073862507230634,0.9439496489426192,0.8147957427175911,0.7469346328012806,0.5932572501718267,1.9645161857044495
2024-12-09,-1.368397631163678,-0.02632380705232652,0.4305975900229857,0.7283744992221125,0.8095751096196377,0.9070021232619684,0.9409128466842639,0.8144233074949688,0.7428143986646475,0.5879951937211993,1.9563928248848779
2024-12-10,-1.3602396621719524,-0.016755958644521528,0.4383349494237014,0.7331803655346106,0.8169278303841253,0.9128397831995436,0.9463645845333196,0.820763409394138,0.7528861644897406,0.5988375455768447,1.9590772077487975
2024-12-11,-1.3457930148063437,-0.0011435462261195524,0.45505958157256077,0.7472838242716263,0.8306550617650653,0.9255739683887465,0.9590735671838482,0.8327299129801942,0.7643920127367106,0.6115712030749259,1.95736421788127
2024-12-12,-1.3412347462491476,0.008648719718077635,0.46594297710671134,0.7558514882263382,0.8413761431404995,0.9354346429442577,0.9689836997299599,0.8423505761399102,0.7771633033408387,0.6211444146574285,1.9623791609065766
2024-12-13,-1.3559858806171952,-0.0037963734999660777,0.44992567437355696,0.7386142417273667,0.8222936895305665,0.9154836131050446,0.9491852759616457,0.8204376635200358,0.7568669323679783,0.5993344661496943,1.95532034676689
2024-12-16,-1.3644332185417007,-0.008938785092196429,0.4465647410253253,0.7361385342022355,0.8154158588831896,0.9083044666203973,0.9431017464292428,0.8135484679963944,0.7495272943972066,0.5915404209190207,1.9559736394607221
2024-12-17,-1.4189123839316782,-0.05624829552445652,0.40319307112184927,0.6957510687907607,0.7810487981780682,0.8753582343131705,0.9123247622031021,0.7871312923245137,0.728830487889295,0.5757707914823814,1.9946831754140604
2024-12-18,-1.4088330753479734,-0.0487236705810997,0.4106510942881609,0.7026479720650219,0.7869033303976029,0.8811763851305872,0.9184477424610172,0.7923623527574843,0.7341419792744563,0.5804241726351401,1.9892572479831143
2024-12-19,-1.4106815179678693,-0.05080729637269199,0.41117074654970254,0.704167357349051,0.7883011393100866,0.8821721083157688,0.9217073892723878,0.7937271190901629,0.7361082837647697,0.5794081196610045,1.9900896376288746
2024-12-20,-1.3969621927540192,-0.039457775792973826,0.4237897295483359,0.7171008783436301,0.7997232593140597,0.8917192840151527,0.9315439390713128,0.8060918985455686,0.7468450794143218,0.5888900740204961,1.985852266774516
2024-12-23,-1.434217349743583,-0.08031012711411459,0.3790597833570273,0.6730161690554917,0.7549935925579222,0.8522056961320283,0.8916895176793274,0.7651813535095977,0.7099659967113701,0.5568844821032851,1.991101831846869
2024-12-24,-1.420042766709841,-0.06697286050848632,0.3912040463863415,0.6863172488296553,0.7656095910248687,0.8623647135842168,0.9008328009963517,0.7753282797601027,0.7186390420963366,0.5651356805820076,1.9851784472918492
2024-12-25,-1.4365245680863579,-0.08200909060619319,0.3740336239732713,0.6696767113358005,0.7482005014339755,0.8430151723813434,0.8814040784680091,0.7550176981459438,0.6957946931925272,0.5410150621312355,1.9775396302175943
2024-12-26,-1.4156066004602992,-0.06421609690525908,0.38713794427885734,0.6817697879853853,0.7590843525397496,0.8515141079605014,0.8913833716095164,0.7641627130738907,0.7065951015095286,0.5519334081738734,1.9675400086341734
2024-12-27,-1.4257724049610792,-0.06369464368598851,0.39210331319457437,0.6896687895326795,0.7671484677259327,0.8612179191869156,0.9025947215267447,0.7754261124806618,0.719236782154322,0.5676721232684494,1.9934445282295294
2024-12-30,-1.4315728050971697,-0.07165405020471752,0.38040607630726353,0.6795114572589024,0.7572735046254253,0.8519239969065178,0.8932326968034331,0.7649284006014108,0.7093501373434534,0.5561554727772247,1.9877282778743952
2024-12-31,-1.4621986389081114,-0.09816672995780076,0.35315346030779743,0.6533207658835248,0.7317760001749535,0.8268901217470598,0.8670054107310672,0.7405297895011326,0.687827075654421,0.5337600798060405,1.9959587187141528
2025-01-02,-1.4790085979052439,-0.11392241737956893,0.3361194182691593,0.6356334496473734,0.7107908474326479,0.8051800129622176,0.8468937244853918,0.7195888146668729,0.6691278812045657,0.5152078406991323,1.994216438604377
2025-01-03,-1.5182336926232511,-0.15554262515603434,0.2955611966351003,0.5977830835130681,0.6773187308456141,0.7713041074930337,0.8116783642277445,0.6850232682384326,0.6329038012736796,0.47973108718983487,1.997964779813087
2025-01-06,-1.5299913514440378,-0.1630790923861629,0.28991659906738826,0.5908157772915671,0.6763478896469042,0.7699630121796401,0.811574604517898,0.6852511450136265,0.6335613446526622,0.48051101091931153,2.0105023623633502
2025-01-07,-1.5025913790729282,-0.13952831421370926,0.31373377088400617,0.6113658744596688,0.6945191461689992,0.7896390056406448,0.8327286673137149,0.7078942776337086,0.6563991843623369,0.5037167305970278,2.006308109669957
2025-01-08,-1.4955771169578904,-0.13927633879667645,0.31427094977874054,0.6096920682516072,0.68973842666173,0.7860645887705012,0.8288573631062266,0.7052465593313464,0.6510092970229854,0.4993451668659876,1.994922283823879
2025-01-09,-1.499156668417179,-0.13660499575841947,0.3159462578209213,0.6130779890809643,0.6942450590188273,0.7880562394658297,0.8336240711190486,0.7100417320968606,0.6546583730221184,0.5033610698305099,2.0025177382476897
2025-01-10,-1.532566931094306,-0.16664929694167183,0.28915862499283024,0.5854526876437807,0.6698270925985974,0.7628856491860994,0.8081644897493011,0.6860437647496963,0.6280483537733526,0.47729229726651645,2.009859228360823
2025-01-13,-1.5433248879914352,-0.17141454155788868,0.28877993711097055,0.5869045638165777,0.674167996155909,0.7693345997135176,0.8145156327145867,0.6953982816190201,0.6365352544484213,0.48541992000981427,2.0287448080012505
2025-01-14,-1.4979149156891787,-0.12344282837732837,0.33623027169043423,0.6322165397756909,0.7214498441306907,0.8147720861226003,0.8595829395806401,0.7409890135253082,0.681922953113234,0.5300962305793356,2.0280111462685153
2025-01-15,-1.5106093541071202,-0.13077713804736846,0.33031763515818713,0.6262140771332321,0.7167136057634805,0.8102839710755843,0.8550813956917416,0.7366853506602341,0.682081446868959,0.5297175996869058,2.040326953794027
2025-01-16,-1.509585402179906,-0.1257284632315754,0.3352734376715877,0.6313812477580164,0.7229814941608931,0.816018612491938,0.8622524519626474,0.7441239938615036,0.6898298346991241,0.5366438261707017,2.046229228350609
2025-01-17,-1.5051764761263509,-0.12423376242927787,0.33679956548851553,0.6334681678831354,0.7251006370021493,0.8178365047463018,0.8632272136602499,0.7446451956177819,0.6909232727543022,0.5358006147049144,2.0409770908312663
2025-01-20,-1.497460586775197,-0.11631557842487444,0.3476108325062274,0.6445872363895815,0.7350874662487734,0.8283596688417261,0.8715991986681503,0.7551978796137521,0.7001055575335151,0.5469704646645142,2.044431051439712
2025-01-21,-1.487211311094882,-0.11048357565900496,0.3493920070642309,0.6452531306574669,0.735000802877474,0.8268012086803632,0.8673724484544104,0.7487900569062487,0.6931299170171427,0.5391028419927913,2.0263141530876743
2025-01-22,-1.4964292116618594,-0.11835092628704601,0.337861371152273,0.636335356466418,0.7234137334052793,0.8158204398047688,0.8563144892715374,0.7364420429580569,0.6822668396628011,0.5281507593391415,2.024579971001002
2025-01-23,-1.5071470178382549,-0.12231466491323051,0.3373481390396403,0.6362746701722785,0.7227709111629733,0.8158384828640114,0.8566502460519773,0.7366931420508616,0.6842129774193653,0.5291336807055285,2.0362806985437842
2025-01-24,-1.4932451382633154,-0.1097494492754444,0.34958883753269016,0.6488473001011534,0.7351706771901045,0.8315412331367474,0.8702423070896641,0.7491971233980833,0.6943936926598726,0.5360544884750303,2.0292996267383465
2025-01-27,-1.5116199845365743,-0.1276839859909729,0.3372144403454331,0.6399350027946024,0.7253417741026352,0.8228369564250091,0.8626574463301729,0.7428647639076189,0.6876719732599871,0.5297733920292715,2.0413933765658467
2025-02-05,-1.507167545166383,-0.11614912251338438,0.34634778947996636,0.6501559107625533,0.7399106588976548,0.8350039055174032,0.8741460016878767,0.7533461490286221,0.7000533342430647,0.5382587810666728,2.045426326233057
2025-02-06,-1.4810275300072187,-0.09070447142143293,0.36808994778437176,0.6758985001370523,0.7613057998713322,0.8576086175461697,0.8984039447321022,0.7727900458884486,0.7188873486601018,0.5539258783649067,2.0349534083721266
2025-02-07,-1.4724560058962077,-0.08133546881970197,0.37882332911210553,0.6880738979006638,0.773252004055014,0.8698627057940931,0.9131094774458799,0.7886628039020891,0.732436936352336,0.5703274165865125,2.0427834224827213
2025-02-10,-1.454762024971006,-0.0681520106733313,0.3967167587098086,0.7045506989164895,0.79126836365161,0.8863799589162538,0.9293264153411838,0.8051449337232461,0.749926766767045,0.5921419194007281,2.0469039443717354
2025-02-11,-1.4603640200618206,-0.07053653337313046,0.39439286428464165,0.7009389384472925,0.7865096740348849,0.8831359397274341,0.926423139889117,0.7998856843082782,0.7471431114757721,0.5880753780998075,2.048439398161629
2025-02-12,-1.4441044047416631,-0.05960618705378154,0.40468195861371065,0.7126011647366017,0.7969528649744568,0.8950777049363612,0.9337616861603452,0.8079413209767496,0.756331390707533,0.5932245607946581,2.037328965536322
2025-02-13,-1.4622026982384377,-0.07503019707590732,0.3909087302649081,0.6987417238356531,0.7854809402488939,0.8867374743351751,0.9262958146322872,0.8014807882759009,0.7512997609291207,0.5912501678794075,2.053452866117846
2025-02-14,-1.4422546382465078,-0.06974430097589027,0.3939516836654894,0.7026065242631501,0.7863147354761963,0.8858046990931407,0.925645279291119,0.8029635933292145,0.7488427241921201,0.5889938710285255,2.031248509275034
2025-02-17,-1.4334126799287603,-0.05839464968951083,0.403169919730692,0.7162078068812956,0.7996657947183068,0.8969863934702766,0.9383115507310245,0.8154512128251896,0.761287168770366,0.6033786269134785,2.0367913068422396
2025-02-18,-1.4661003248521525,-0.08671557886112302,0.3786329679400402,0.6889203212070216,0.7756414815418817,0.8763428115397149,0.91682754799788,0.7943931344557456,0.74045230275921,0.5853182256480342,2.0514185505001876
2025-02-19,-1.436139587423423,-0.05672035989744521,0.40434721411751984,0.7132005702430295,0.7986853910149458,0.8983736439236238,0.9358596394183603,0.8103848036249547,0.7537414078503094,0.5983449622350113,2.0344845496584356
2025-02-20,-1.4302015399421082,-0.04793179598557244,0.41473483232353026,0.7240698080403555,0.8091579763648973,0.9098088257201917,0.9449821714995554,0.8192029431574135,0.7609169351806881,0.6042199637633686,2.034421503705478
2025-02-21,-1.409587534810707,-0.032690675627551485,0.426203167735616,0.7351414260370922,0.8182488413879363,0.9182828397290128,0.9511014357012605,0.8227568187625337,0.7637705056410269,0.6045650552588433,2.014152590069551
2025-02-24,-1.4173595812095985,-0.02940648393584625,0.4275977473841468,0.7366219290701849,0.8191601733463195,0.9240682569270809,0.9579963329518624,0.8293043779586834,0.7724949427519037,0.6099079252619362,2.0272675064715355
2025-02-25,-1.4225046306725948,-0.03164860659665319,0.42689580196833954,0.7337223722043469,0.818144978853345,0.9204381331706316,0.9539745743957991,0.8233857054391263,0.7654932835333015,0.6021851272619908,2.0246897579345866
2025-02-26,-1.4056488769611244,-0.016652843356872855,0.4428691786169909,0.7459484878313871,0.8332501520550754,0.9353844796096836,0.9678317012089462,0.8373416708875159,0.7791589227721651,0.6144446747591567,2.020093551720282
2025-02-27,-1.4133257586601213,-0.023349288903123034,0.4383623638880223,0.7423279164511457,0.8305647300421385,0.934763615666089,0.9667668447844356,0.8382501615417499,0.7830014842603522,0.6226322266948864,2.035957985355009
2025-02-28,-1.4552602009769764,-0.06492024692816238,0.4014508075613316,0.7058061153306905,0.7972169897528362,0.9016213411341687,0.9359462908848284,0.8133149621111282,0.7601597458653402,0.6056487542035386,2.0609089551805164
2025-03-03,-1.4530153660747849,-0.05901123800278373,0.40850705880472704,0.711978123502512,0.8035144376724259,0.9069158398207953,0.9413426833899339,0.8180223066180871,0.7650041233529209,0.6088614415478393,2.0618768076226255
2025-03-04,-1.445100852192318,-0.045581924475941483,0.4227901708474017,0.7261752740518338,0.8199420704141145,0.9230109278605612,0.957340526169535,0.8315161465291817,0.7764447312569615,0.616081171065416,2.0611820232577354
2025-03-05,-1.4420712203116872,-0.04035050517869717,0.42836852715694795,0.7292402832067635,0.8231128239287355,0.9244552408089725,0.958343080516436,0.8318390769240827,0.7751475475475442,0.6158881191488474,2.057959339460536
2025-03-06,-1.4235576448018277,-0.021675108760315892,0.44642123335185746,0.7480825894794743,0.8406436902511317,0.9397075333785961,0.9756684505450114,0.8501610891099504,0.7915586562128168,0.6322718778938377,2.055829522695667
2025-03-07,-1.4285791965040304,-0.02490201007049407,0.44249042360828683,0.7431205414338229,0.8362538604401998,0.9346824917266042,0.9683212858150961,0.8441321853264955,0.7859068306218989,0.6285778027978125,2.0571569993018444
2025-03-10,-1.4264384181072123,-0.01938845346517562,0.4474160441453271,0.7469312894349656,0.8412059457896793,0.9427968602861421,0.9751178113274287,0.850839522009804,0.7911513341914931,0.6348529761984028,2.0612913943056164
2025-03-11,-1.4222974674139317,-0.014101144071070642,0.4523109165558203,0.7508905598095722,0.8453186926021807,0.9474435354126516,0.9782449239999518,0.854630739113327,0.7957518422525535,0.6376457145385379,2.059943181952471
2025-03-12,-1.4219023669053277,-0.012157800903793353,0.45578930673021023,0.7540595322849367,0.8498655875315875,0.9518115664684993,0.9824236689868537,0.8611013385541493,0.801608971653061,0.6442059230606673,2.0661082899659964
2025-03-13,-1.4319527280833297,-0.027656841374240036,0.4424946636005999,0.7412075828790751,0.8376252709721463,0.9421569920978682,0.9705933647270781,0.8514274391123174,0.79184457294835,0.6343237636256369,2.066276491708968
2025-03-14,-1.4264992462625221,-0.014886391197895189,0.45454646160846457,0.7554832698317131,0.8554157781616593,0.960656528134305,0.9909085253163479,0.8728946301641355,0.8153578901889179,0.658776309438265,2.0852755557007883
2025-03-17,-1.4229899657577123,-0.009829420492689365,0.4608833259509192,0.7602316237242044,0.8610931707575508,0.9658486562522296,0.996521138143966,0.8791186514076819,0.8228451337464034,0.6629786657774682,2.0859686315351817
2025-03-18,-1.4183923930063345,-0.004093480150819003,0.46455209152779686,0.7655895063098113,0.8663937416497137,0.9718022954959833,1.001711223997693,0.8856960922364763,0.8292905459796613,0.6672904322888547,2.0856828252951902
2025-03-19,-1.4206905799121563,-0.00818472728917697,0.46084192766386733,0.760114606011438,0.8617074122253793,0.9653464046447747,0.9972964202016732,0.8800086645316649,0.8228287910362251,0.6619496341426384,2.0826402140547957
2025-03-20,-1.422779938179194,-0.010239492717474638,0.4592964709699917,0.7595998405527112,0.8616244786792068,0.9626031684816944,0.9969054610527351,0.8805248978753101,0.8220856784731527,0.6609810801499963,2.083761018329191
2025-03-21,-1.4362443400300737,-0.02466004199476871,0.4437123395591302,0.7461486283645524,0.8481690934393837,0.9461080186860485,0.980233262460758,0.8617102485466807,0.8008070221097453,0.6375166029727029,2.0737609430027772
2025-03-24,-1.445842188513634,-0.035396763886954216,0.42853335623896155,0.730877014104276,0.8318541962694019,0.9280973073423721,0.9622811826380067,0.8425494375546901,0.7828734509549014,0.622956423662223,2.0687986121758577
2025-03-25,-1.4488456326450554,-0.03759740234001638,0.4256390544864696,0.7293082734924183,0.8299723041413659,0.925838307312295,0.9586871391318841,0.8377147008399827,0.7765124472017202,0.6157008118029135,2.0645464444479695
2025-03-26,-1.4483097009237837,-0.03088099878721353,0.4333246708114899,0.7410409442379133,0.8399016015698789,0.938107874595585,0.9715969938156033,0.8498884137960993,0.7899057054183507,0.6275878301467082,2.0758975310704924
2025-03-27,-1.4594317978796296,-0.03530889184261379,0.42746552165893476,0.7379599434083232,0.8353184686709736,0.9357644893943837,0.9689309105046704,0.8471954017546951,0.785373400145319,0.6253452742665748,2.084777072146205
2025-03-28,-1.4755865789854183,-0.048428298132955884,0.4158917457224373,0.7255522669235723,0.8217876797802188,0.9232474508414608,0.9564730904990556,0.8348722001845241,0.772366732370531,0.6118221843833282,2.087408763368747
2025-03-31,-1.4873311070534112,-0.05983665655016357,0.40493790631880905,0.714952993167967,0.8113463077847171,0.9116665672331267,0.9448242833297661,0.8227893878246106,0.7619407697244533,0.6043153226697804,2.0916464297231916
2025-04-01,-1.473854605599755,-0.047188425022030835,0.4152977511123278,0.7259305226372335,0.8229859659818751,0.9237104212843169,0.9562627650377482,0.8348679267153918,0.7731641680023023,0.6138368154730164,2.0876914210727713
2025-04-02,-1.4759150714580773,-0.046107192791538854,0.4174533718039618,0.7294362537389087,0.8266340151119225,0.9255162494198015,0.9602426088369954,0.8379280786611746,0.7757950497422766,0.6170475861144408,2.0929626575725178
2025-04-03,-1.4784791554462056,-0.05270222197720564,0.40997227374187706,0.7237839639512995,0.8195789407769659,0.9189369868924512,0.9534424812462183,0.8295394098322788,0.7671667194420669,0.6075561370977619,2.086035292543967
2025-04-07,-1.5734293692529835,-0.16071911131529973,0.30202250119005924,0.6081839829225021,0.701575369071524,0.7969614547927385,0.825073893149478,0.6982490792079761,0.6326357166538904,0.46397556895744385,2.037404938210427
2025-04-08,-1.5269552679398042,-0.11887184576374175,0.3354145649591658,0.6422827197791405,0.7370236796916394,0.8283288574096048,0.8590227644013235,0.7331426353470399,0.6665598828537825,0.5035819176784666,2.030537185618271
2025-04-09,-1.5122311382494869,-0.0953485374376913,0.3606979319622766,0.6672513354595294,0.764508914388457,0.8540220040359315,0.8854711343132989,0.7608244163448508,0.6957052217643103,0.5322390825736515,2.0444702208231385
2025-04-10,-1.4925343882888862,-0.07043293309801177,0.3833103366343359,0.6932063169885544,0.7929156263727463,0.8803814892904902,0.9140773391404974,0.7898857968011855,0.7271050248523003,0.5664862677184364,2.0590206560073225
2025-04-11,-1.5029918256949941,-0.06584237824313265,0.39289929748233815,0.7022500401865763,0.8031059166114061,0.8931763989938338,0.9259836242808123,0.8019845500462165,0.7405878472201186,0.5800360603217978,2.083027886016792
2025-04-14,-1.4836964709773983,-0.04592689673805815,0.4095632121335413,0.7201722596283946,0.8199113409575188,0.9110691699331532,0.9440433446012902,0.8215330356684114,0.757680422104734,0.5972049622514414,2.08090143322884
2025-04-15,-1.4914767019756503,-0.0465648420647633,0.40899607073896765,0.723008706251279,0.8201119907243827,0.9135307187363667,0.9462059204591269,0.8227239630488362,0.7580673194490454,0.597421034389857,2.0888977363655075
2025-04-16,-1.5013712173781597,-0.05818090928771215,0.3965462664714257,0.7101215670346308,0.8065409846042236,0.8971547478223622,0.9292845440960066,0.8065375982199943,0.74089705897079,0.580927229929886,2.082298447308046
2025-04-17,-1.4978504515717925,-0.05080388549723944,0.4035488855316646,0.7177307722903721,0.8139464268368812,0.9023778657309299,0.9355648408465592,0.8125770132049791,0.7459734514695386,0.5832310145467733,2.0810814661185657
2025-04-18,-1.5201507223421133,-0.05730657946969597,0.40113304349056006,0.7153811950603631,0.8139128196712921,0.9040427530906106,0.9384088734283247,0.8143740989263738,0.7498727161100128,0.5879689779362767,2.10811970027839
2025-04-21,-1.503654677973814,-0.04210876693265246,0.4175717819605755,0.7313835147157067,0.8311944843542356,0.9220471562924538,0.9571562355752972,0.8334236127218556,0.7718798450221844,0.6080529902892914,2.1117076682631053
2025-04-22,-1.498120673763431,-0.039666352076896325,0.417631097920309,0.7340410250758989,0.8307753497764274,0.9227356798643974,0.9584552057851147,0.8355694000330101,0.7712963945869995,0.6063778031500062,2.104498476913437
2025-04-23,-1.515278789901837,-0.04193782264088182,0.4212037305138639,0.7412025636311361,0.841714927637489,0.933735999477761,0.9715678873470621,0.849049915100968,0.7870012217685776,0.6234365022005988,2.1387152921024355
2025-04-24,-1.5171476843705014,-0.04558099780159852,0.4130256820079431,0.7340738044258079,0.8326032934772792,0.924086960312974,0.9632491983560785,0.8397474345331164,0.7765056692705911,0.6130970142474076,2.1302446986179087
2025-04-25,-1.5250547381568302,-0.045982038065543344,0.4167658536467024,0.7377556038458288,0.8371525588614034,0.9294326668887242,0.9669667151426926,0.8434925674547246,0.781412280015212,0.6167804376638379,2.1418351758206677
2025-04-28,-1.5403322751285158,-0.06149178730101379,0.4056153296115436,0.726483992062327,0.8264806381737696,0.9178315279539683,0.9573133651038601,0.8309872702881577,0.7699669474644508,0.6029356954118703,2.1432679705403856
2025-04-29,-1.537947963396618,-0.052927559703287906,0.41241707694825264,0.7345461899796882,0.8362270634261577,0.9270941175049602,0.9709546762116882,0.842449068289297,0.7820957151543266,0.6117714551001462,2.1497194184967636
2025-04-30,-1.5409869075639193,-0.04983504290630942,0.42307720753847117,0.742283728573892,0.84491792449023,0.9388922409619149,0.9847131288354112,0.8560735123990206,0.7951393702021985,0.6230448685783864,2.164031776142305
2025-05-06,-1.5161242380597781,-0.02233353079664633,0.4500840571059669,0.7676156639179555,0.8725698193855497,0.9670888193941293,1.0148018710276596,0.8851842993385367,0.8231531387125702,0.6505832088491635,2.166707446908941
2025-05-07,-1.5069378432857714,-0.013221210525766174,0.4565899064794173,0.7740972488483373,0.8789046950763263,0.9729623617317597,1.0209683361976845,0.890910581956151,0.8279907265187461,0.6550698529092629,2.1620076961950336
2025-05-08,-1.5061161839849226,-0.006990880309623939,0.4643184164316419,0.7844744338035521,0.8902740604512103,0.9841990883902171,1.0342558098527062,0.9057018934664007,0.8418176113262879,0.6690136179420209,2.1751298019269427
2025-05-09,-1.51865344670234,-0.017517626683869823,0.4527063926896845,0.7730650787756449,0.8798007862512957,0.9730707395854333,1.0228670900123542,0.8944218686955274,0.8307226936322135,0.6578235684610771,2.1764770151634165
2025-05-12,-1.5044596583265464,-0.002369688803064913,0.46822912259034527,0.7892924845442091,0.89473351050569,0.9872417713156104,1.033595214256669,0.9069936257096883,0.8400653887112867,0.6661196734550026,2.170579331781548
2025-05-13,-1.5089627123904654,-0.004828802277902225,0.464215889344103,0.7870779498763933,0.8922480673895274,0.9861120047951878,1.0330494066056244,0.9087171111916292,0.8407039507374335,0.6666784342933134,2.1756411466837777
2025-05-14,-1.5130425667203742,-0.00770308081615433,0.46402405783313705,0.7872527269681594,0.894795368631964,0.9878498019558292,1.035613591459749,0.9115603094949787,0.8439600633725584,0.6701669591897198,2.183209525910093
2025-05-15,-1.5199629769665983,-0.016265713447822877,0.454204186123557,0.7764892985392726,0.8841420139791388,0.9774069094918122,1.0231818622079645,0.9007267875932855,0.8338987167760038,0.6635985221654815,2.183561499132079
2025-05-16,-1.5100912702160647,-0.005200416804888013,0.46144965925588094,0.7816585926048377,0.8909181688067218,0.9820175589280464,1.026700184696962,0.9034021039250318,0.835897945508427,0.6641749942992508,2.1742662645153144
2025-05-19,-1.5016038615023182,-0.0008548341200320386,0.4675901027695448,0.7892556551506349,0.900554057436853,0.9906788005912073,1.0343953808349655,0.9125311474831949,0.8450173420343884,0.6725896061621802,2.174193467664497
2025-05-20,-1.493176117753265,0.007132875966705008,0.47615018911340834,0.79793614817641,0.9085292684205658,1.001862068340489,1.0437231437606667,0.9231173374267271,0.8549758191885616,0.6816272577804685,2.1748033755337324
2025-05-21,-1.5000522970053283,0.0009719830963716806,0.469412999852137,0.793712003576305,0.9049392872072238,0.9964496730211129,1.0404699320921782,0.9186815475695025,0.8503761243859436,0.6787751439759453,2.1788274409812725
2025-05-22,-1.5142681396498523,-0.010406947332904322,0.4578377160844223,0.7831542745011576,0.8948129773280641,0.9849577735031912,1.0266293702713885,0.9087325548947732,0.8380643597558329,0.6661484582083963,2.1804165978582475
2025-05-23,-1.5211440507358363,-0.019557833240892438,0.4496472197488561,0.7726542917629744,0.8819564691462959,0.9741587907962519,1.0174316562528554,0.8968934271696336,0.8268877646912101,0.6574267975563035,2.178570848292139
2025-05-26,-1.516133204735039,-0.01003218211836772,0.4588996907611833,0.7831931175119439,0.8928067526746783,0.9842210069648086,1.0276124403791276,0.9058037306957463,0.836317722376415,0.66193575493133,2.1780689596663683
2025-05-27,-1.5118987147380405,-0.006406101568508977,0.46324150594722996,0.7848945173269082,0.8941317045852826,0.9853536230765312,1.0281110034922063,0.9057701292524359,0.8349542873262713,0.6618026839807124,2.173701398718752
2025-05-28,-1.514018144530148,-0.009352285755718519,0.46136472324427075,0.780820812185596,0.8899852252181466,0.9814056129110141,1.0229836629288314,0.9020556362560903,0.8328863961164212,0.6606552518754327,2.1746733964055798
2025-05-29,-1.5023550173113658,0.006280099647202412,0.47640406647766503,0.7992668872288239,0.9097072436051685,0.9990389806732488,1.0415050512732402,0.9204866758004155,0.8505312686692865,0.6741130472267322,2.176468064538097
2025-05-30,-1.5192770083378562,-0.007566096008871915,0.4632901019420507,0.785179116957493,0.894350902647967,0.9857780168358061,1.0293549623839304,0.9094885898894265,0.8394453163759886,0.6650839170899374,2.1843609254277925
2025-06-03,-1.506403520099563,0.0033959688308643193,0.4752123752879381,0.7934682873190334,0.902596953454718,0.9923474109128787,1.0365641591798358,0.915535831142916,0.8450875107669031,0.6710134033486732,2.1774169234482352
2025-06-04,-1.5011722635259448,0.013957573751787742,0.4848452203014933,0.8036890619426739,0.913584016161341,1.0042797516633932,1.0467918941538152,0.9262005763654568,0.8547706208134189,0.6819909255224691,2.183163189048413
2025-06-05,-1.508515630682081,0.011621430780563734,0.4821237496297216,0.8065952469151396,0.9169556851415476,1.0094243042892672,1.0530951365701067,0.935114453356042,0.8633694889532885,0.6958015628796032,2.204317193561683
2025-06-06,-1.513076775225275,0.009466545056074999,0.4837435844839336,0.8077480968539588,0.918180080438009,1.0112215231882402,1.0551210962578255,0.9368202431889047,0.8647841840868211,0.6968994707015181,2.209976245926792
2025-06-09,-1.4944867047947281,0.0246473881865931,0.4980667001480529,0.8206243737750721,0.9293509897351319,1.021718386519247,1.0660275429043853,0.947937310162852,0.8757023162314542,0.70553499162698,2.200021696421707
2025-06-10,-1.498979687308896,0.01814611624596035,0.4919963327924833,0.8136254256346537,0.9209999367793475,1.0129139894384054,1.0557057423403269,0.9370690346780203,0.8655630959837395,0.6945791392038418,2.193558826512737
2025-06-11,-1.500787051356685,0.021042873645933432,0.49654879734481827,0.8181362737624043,0.9280186698902856,1.0207772318549713,1.0632147589550704,0.9437582042669876,0.8733810472817913,0.7021995857668029,2.202986637123487
2025-06-12,-1.4936588562645285,0.027124575682626852,0.5009596723329255,0.8199006272481416,0.9288553765360885,1.0223239330879859,1.0633267650114526,0.9425738234624735,0.8729720679501601,0.702970627489903,2.196629483754431
2025-06-13,-1.5134241962647106,0.008211530793340669,0.4826756592962814,0.8016813825983027,0.9142817836443317,1.0067736233267779,1.0483793124983227,0.9262154205490845,0.8581936866842196,0.6874308028411964,2.200854999105906
2025-06-16,-1.5036227663353998,0.014979680286096603,0.49277685153613404,0.8117097101217625,0.922585902345078,1.015795962174251,1.05522737249104,0.9342306938313548,0.8649365628332404,0.6933171820360821,2.196939948371481
2025-06-17,-1.5118046766127862,0.014245372520098047,0.4898942345431907,0.8105212015600071,0.9240400006285704,1.016859718456753,1.0553794061133535,0.9342257792308676,0.8639607627637265,0.6917609471550309,2.203565623767816
2025-06-18,-1.5155744753613696,0.009417745723353296,0.486639784020175,0.8058394925433411,0.9212245901499219,1.0138130465179351,1.0534781959128203,0.9321077029414911,0.8609868378281339,0.6915571984475674,2.2071316738089357
2025-06-19,-1.5355025122156412,-0.012961904468908034,0.4670601046947538,0.7885703005127565,0.9045290559389184,0.9986522541512686,1.0367271070638642,0.917166787588339,0.8460485956553295,0.6791087725067975,2.2146112847224373
2025-06-20,-1.5472969111946742,-0.0212038172979554,0.45918431036681656,0.7827689154004366,0.8976952208592461,0.9931005740415204,1.0328286133751154,0.9124529845366107,0.8416950828934903,0.6747759316614835,2.2220728428561562
2025-06-23,-1.526827857281347,-0.0033731926943353745,0.4764617922002121,0.801734087544434,0.9148474509938168,1.0080680867900964,1.0481183498066282,0.924917150925902,0.853960228677371,0.6841021271109342,2.21092998439228
2025-06-24,-1.5217840542765102,0.00960273461044426,0.49377153391341766,0.8226164918518815,0.9368770230083311,1.0312796521192953,1.0714512620183476,0.9494631092149475,0.8781377421476514,0.7085113134241771,2.230295367700686
2025-06-25,-1.5132464173560618,0.016502226963650567,0.5033690881927133,0.8326959193725811,0.946679180739613,1.0405632070288509,1.0810760702900357,0.9590784926083566,0.8882690673755396,0.7204808265456492,2.2337272439017095
2025-06-26,-1.5138795007060921,0.014240067457961513,0.501892651407929,0.8310743953911978,0.9446697481372599,1.0365811659486066,1.0771294504369096,0.9560854753958006,0.8844382414983816,0.71638513099923,2.230264631705321
2025-06-27,-1.5119500174720721,0.019860883886775982,0.5077143069627359,0.8365391467628481,0.9507202317733324,1.0431032809332639,1.0834992263125374,0.9625807393424375,0.8897956475290255,0.7212235409577146,2.233173558429786
2025-06-30,-1.4945088840763874,0.03225562247986823,0.523179640642037,0.8499161606391785,0.9635089285495504,1.0558975895459008,1.0955231042536808,0.9744838532168268,0.9011606691540367,0.7333103192235112,2.2278192032998976
2025-07-01,-1.4947504141487684,0.03370918381144022,0.5245388145783668,0.8530257171574722,0.9673298210690131,1.0607070902746638,1.1004353739753547,0.9783665980124812,0.9076939513413195,0.7365689461191377,2.231319360267905
2025-07-02,-1.5080952600478699,0.02424336805640597,0.518257261221991,0.8477761784380915,0.9614513712613074,1.0590937110611787,1.0980403659887974,0.9775813935358826,0.90765653746554,0.7348947942684061,2.2429900543162744
2025-07-03,-1.4996975820846337,0.03367186811789441,0.5235547592092324,0.852485579605171,0.9689445034188899,1.064909455597765,1.1044473296289996,0.9830937105799715,0.9125012679094014,0.7390750742822872,2.2387726563669195
2025-07-04,-1.512898823021401,0.02497389117362755,0.5158025085751324,0.8440209034217971,0.9614469987912778,1.0570708595070764,1.0968526751136047,0.9753148398041812,0.9065647831084792,0.7333643570314261,2.246263180052826
2025-07-07,-1.5082909134465867,0.031212467219754347,0.522053406265923,0.851422404485647,0.9689159749103837,1.064554705846894,1.104071570060888,0.9827827465635103,0.9112010889011187,0.7395828651454496,2.247873778592035
2025-07-08,-1.4938396202344937,0.043588075900672374,0.5353485513803145,0.8640667440952651,0.9810928335161171,1.0767390209293004,1.1159449517106776,0.9932497840737071,0.9195387590057771,0.7492116748706146,2.243051295105107
2025-07-09,-1.4964345599497964,0.03995687016693298,0.5323304450324519,0.8622666833526826,0.9781053150521739,1.0745438169923751,1.1166312568442816,0.9924750579988665,0.9198264567165113,0.7496632865260453,2.2460978464758403
2025-07-10,-1.501720388930464,0.04055619645524668,0.5331292105556602,0.8630795399842033,0.9824514946346217,1.0789652307016533,1.1204145135812709,0.9959231812678315,0.9237890119799599,0.7524178688631892,2.254138257793652
2025-07-11,-1.5045631000786264,0.041854216243672665,0.5363447024906868,0.86806241661594,0.9863869969547447,1.083982102859048,1.1263511705452094,1.0018429510564075,0.9287284067434795,0.7582717840360215,2.2628348841146466
2025-07-14,-1.5012756824536517,0.04510491312924258,0.5408700032395861,0.8723391644975947,0.9926169935397277,1.0909147149173013,1.1342359270324138,1.0069486118598774,0.934698269578588,0.7651177571995846,2.266393439653235
2025-07-15,-1.5111010410752894,0.04016813318942784,0.5319263321550985,0.8671336430087465,0.9844443329502893,1.0836069869521219,1.1256813638313554,0.9991179144647478,0.9248256586658496,0.7560210515890889,2.267122092664377
2025-07-16,-1.51307065403629,0.04195550603391857,0.5371928388504158,0.8709345768408291,0.9907905644803995,1.0917919688108393,1.1322610555265387,1.0067247490335671,0.9331173700755956,0.7643525678652806,2.2774232219015693
2025-07-17,-1.499901232598748,0.052607560643282474,0.5468069793319805,0.8816737794789283,0.9991261709324541,1.101248090860151,1.1413753511294036,1.0143520421058865,0.9403726150909087,0.7705839100565557,2.2704851426553025
2025-07-18,-1.4970707923378517,0.05500211399662051,0.5501721743626479,0.8825571035681109,1.0017823759343505,1.103682890435218,1.1447488072778973,1.0162375224412072,0.9427732643180262,0.7725660961528519,2.2696368884907026
2025-07-21,-1.4867626067282267,0.06859698917015483,0.56569990812947,0.8955742531208531,1.0140143534932633,1.1183974206868372,1.1586248106131087,1.0288225165139928,0.9550393976256516,0.7859962602422897,2.2727588669705154
2025-07-22,-1.481314545243708,0.06856942381523828,0.5679046874050057,0.8980622499877953,1.0153116658976054,1.119113945384029,1.1587865834892954,1.031348712400518,0.9566504851515768,0.7890323437446334,2.2703468889883403
2025-07-23,-1.4911516753931795,0.06225347668528741,0.561406352501166,0.8910929215953702,1.0074373001826127,1.1116651280833632,1.1527911200013783,1.02422065286478,0.9512645701574135,0.7849507904599099,2.2761024658530884
2025-07-24,-1.478667479913857,0.0758733950785157,0.5725861286991999,0.9021477422778155,1.0190740450207834,1.1246905837057444,1.1655208202133707,1.0373449956359924,0.9640567427124285,0.7961312737104561,2.274798753624312
2025-07-25,-1.4775354036249888,0.07597221696995458,0.5734789606436554,0.9047469035936847,1.0222318343794599,1.1262073653051754,1.1683485332092585,1.0404364627451552,0.967960105992051,0.8002002147871836,2.277735618412171
2025-07-28,-1.4691339259845904,0.08137062706233655,0.5776815702113216,0.9096435775540171,1.027213692199059,1.1310244805462526,1.1732615500163652,1.044047202201681,0.9728390913680021,0.8060893794534787,2.2752233054380677
2025-07-29,-1.458600656826187,0.0877189735661715,0.5821698646039376,0.9107212168676299,1.0307874227797942,1.1319909314011893,1.172487153238379,1.0442488614823005,0.9731123727551992,0.805084523119395,2.263685179945581
2025-07-30,-1.4644206911778517,0.08171904896736255,0.5742177166016876,0.9050192849027017,1.0248993271801354,1.1278196054896739,1.168200649115195,1.0389955864992906,0.9686755077540904,0.8031458725532075,2.2675665637310582
2025-07-31,-1.4709744005155836,0.07336394983901773,0.5630782687916377,0.8939225268902236,1.0119664355696596,1.1151244703397014,1.156604810140277,1.0264717998846806,0.958749245622195,0.7924959509588695,2.263470351474452
2025-08-01,-1.4717474743304029,0.07983485441434751,0.5677716491094378,0.8986753206155115,1.0191790618505887,1.1205703594647782,1.164368692757989,1.0310004556726955,0.9630032337079873,0.7967780015461327,2.2685254758765345
2025-08-04,-1.4536717446724357,0.09306239761794521,0.5807937523095278,0.9098220820745191,1.031732087266056,1.1319506830689847,1.1740984269516643,1.0417158611426751,0.9715601393029883,0.807804876546625,2.26147662121906
2025-08-05,-1.4507991111780354,0.09866896810858627,0.5892219819469422,0.9209822007122376,1.039826035608069,1.1422339254898473,1.1843168117444567,1.0530326534156291,0.9820992482350743,0.8177811054186603,2.268580216596695
2025-08-06,-1.4416151207876413,0.10580700513240764,0.5983048585283969,0.9301276787122944,1.0482106426151618,1.1512347293182896,1.193982702565096,1.0590175252176415,0.9876446292669705,0.8225961131530423,2.264211233940683
2025-08-07,-1.4419650737019074,0.1066129500091052,0.5978015032828479,0.9286158894040729,1.0464436180794605,1.150448331858796,1.1939824092674405,1.0592235575914986,0.9890216961049639,0.823964884537933,2.26592995823984
2025-08-08,-1.4452813702406404,0.10665113394010775,0.5952323574245603,0.9277692759154204,1.0494071761522177,1.1505873944821405,1.1955189587240849,1.0592317111758471,0.9904886966206703,0.8248816144239398,2.2701629846645797
2025-08-11,-1.4272425944629923,0.1254752530626359,0.6117402635661864,0.943391005909381,1.0632884190302865,1.1637448906077663,1.2102843522383957,1.0734651967600766,1.0010492781451248,0.8361758765126901,2.2634184709756817
2025-08-12,-1.4266055281405496,0.12552690989919846,0.6084836888810161,0.9429188312332742,1.061864382937168,1.1615695022989776,1.2128935816244097,1.0741269544380805,1.0015306789384875,0.8370632089225966,2.2636687370631456
2025-08-13,-1.4161267895808771,0.13510675240342238,0.6172513691288789,0.9525803486673865,1.0671317766762196,1.1671505600904992,1.216906835963346,1.0802831582839567,1.0053440253114985,0.8394864368234316,2.255613226404308
2025-08-14,-1.441339792892963,0.11286776430147158,0.5978276825573675,0.9327584670807115,1.0488175057275704,1.1495331456234854,1.1985748044347215,1.0653424424119393,0.991240385924052,0.8322685063049376,2.2736082991979
2025-08-15,-1.413102660674489,0.13694806578050714,0.6167045472462601,0.9523375068024815,1.0669429295745299,1.164173734525738,1.213886574419952,1.0793911197657424,1.0043481784987711,0.8416181581256557,2.254720818800144
2025-08-18,-1.3930154827830978,0.1529090512877698,0.6336368656183375,0.9671138958275719,1.0830386073559988,1.1778358011768308,1.2294644111578001,1.092993134401527,1.0160749589554552,0.8518766192363874,2.2448921020194845
2025-08-19,-1.3971996056189764,0.1546717533654583,0.635385375154456,0.9700539571331714,1.087672890143474,1.183302038882861,1.2366733742969307,1.1013682453257105,1.0248364057794157,0.8584016777945865,2.255601283413562
2025-08-20,-1.3997382762096324,0.16055364519165224,0.6423744228837625,0.9811770388552665,1.097725410567408,1.1923998818338577,1.2448813159664573,1.1091647718200708,1.0345416321023961,0.8672229559975456,2.2669612322071773
2025-08-21,-1.4174292910834205,0.15211676624305717,0.6362313844570893,0.9761647350230113,1.0965973501764343,1.1916522725025716,1.2460507910866194,1.111054730420586,1.0387834830919143,0.8736135898268729,2.2910428809102927
2025-08-22,-1.4057670321968987,0.1649278121564793,0.6442320374438905,0.9838000620595857,1.10765106914704,1.198760423010026,1.2510997236815267,1.114914809075396,1.0410169208268234,0.8744694398655415,2.2802364720624397
2025-08-25,-1.3904257737023062,0.17886093987832458,0.6543796991575108,0.9933004412620408,1.1190247460278744,1.207135421879641,1.2597415580078077,1.124867624202001,1.0507560369149287,0.8836836742685771,2.2741094479708828
2025-08-26,-1.3929955938399305,0.17478524704032428,0.6537094894741992,0.9940154288316895,1.1213170651439808,1.2100881164499369,1.2663893431305373,1.1292831576887037,1.0564497050866053,0.8901333985462289,2.2831289923861586
2025-08-27,-1.4121771800546374,0.15412892544422935,0.6324016713823123,0.9701821706477349,1.0961385405741584,1.1845459033600645,1.240556696692442,1.1007652798329453,1.0292302890596345,0.865298914214068,2.2774760942687045
2025-08-28,-1.3914330587464425,0.16645121586150338,0.6431727637953231,0.9811092183651061,1.104040627578,1.188533167406712,1.2446145579176981,1.1006403585199362,1.0276570343491687,0.8627679005865194,2.254200959332961
2025-08-29,-1.397287048200612,0.16491691334623973,0.6412074076079284,0.9780241928460961,1.1026479191788006,1.1884812859432108,1.2435560646182167,1.0966109106939934,1.0236751332458272,0.8601324477764254,2.2574194959770364
2025-09-01,-1.3864662462251822,0.17553336936981337,0.6511662322355957,0.9880646753503629,1.1121273524305113,1.197612963171953,1.250994431565964,1.1049700109047762,1.0323457545905996,0.8689307483015457,2.255396994526727
2025-09-02,-1.4146233374241477,0.15093641152794035,0.6316177915128965,0.9661879867778808,1.0948221701826653,1.182355466280881,1.237769831038158,1.094387106710034,1.0215431677455815,0.8594911404344583,2.2741144778586047
2025-09-03,-1.4260846230700277,0.13369845212979287,0.6133090075185044,0.9488446963410623,1.0748430360554844,1.1613507534952445,1.2166970634385759,1.0740341059047938,0.9988886944273806,0.840167515157147,2.2662521382271734
2025-09-04,-1.4541345784046185,0.1150675917998088,0.5974398177489145,0.9382096897578874,1.065374978621147,1.1575523381616104,1.2129782947511734,1.0737900520087766,1.0012875111282369,0.8423601756033445,2.2964947540079614
2025-09-05,-1.419304570016478,0.14913899384499885,0.6254557165624889,0.9635860898006047,1.0896628747025192,1.1819364937314187,1.2326926719921094,1.092414065372114,1.018163789389216,0.856133545262244,2.27543811527872
2025-09-08,-1.4094520005867355,0.16087626007054706,0.6393205195254125,0.9772209922167087,1.1033819107590273,1.1966959864769728,1.2459564953250208,1.1066160543750216,1.0315717351081952,0.8695353809630687,2.2789873815498023
2025-09-09,-1.4177999109335784,0.15063584533764046,0.6294155668779022,0.964772115133859,1.0928110888266453,1.187006813307976,1.234283296336307,1.097655066459113,1.0214067993981273,0.8611995149953794,2.278999425928956
2025-09-10,-1.4221076781517696,0.1519457342104608,0.6311123949160831,0.9687804117943016,1.0958514310811338,1.1883798997785526,1.2346295378711836,1.1003054570783815,1.0238368431511777,0.864382561640048,2.286490239791816
2025-09-11,-1.4083089059967178,0.17137015275433662,0.6475522237137229,0.9890581743857993,1.1149175730295746,1.2050802784733907,1.2499950605746484,1.114552373816821,1.0365477852479628,0.8745741286986455,2.2828830346953617
2025-09-12,-1.4109691374544355,0.1697766465138501,0.6447727714301227,0.9903999968083858,1.114606264561694,1.204604051292013,1.2498913019207187,1.1151142972087658,1.0355446704681799,0.87378341396566,2.2847525514200937
2025-09-15,-1.4062203714044934,0.1707807724699239,0.6444432641627947,0.9889235518329371,1.1142579641152361,1.202778152870141,1.2481871482463618,1.1125585125872879,1.0329860258929617,0.8708853154112096,2.277105686815701
2025-09-16,-1.3988401000006176,0.18185707207998425,0.6546446963971455,1.0016900976225167,1.1260272235928381,1.2136558286289902,1.2609391391585607,1.1231456984135244,1.0455613354087647,0.881199600476985,2.2800397004776003
2025-09-17,-1.3967869516230529,0.1853137056741378,0.6573083219688047,1.0050191991596884,1.132133788144678,1.2182548621532914,1.2657322985956136,1.126145584441009,1.04757143108487,0.8831050334016951,2.279891985024746
2025-09-18,-1.4124877533484725,0.17271855024946456,0.6435559475549489,0.9938569036065964,1.1202577102989666,1.2042565426010834,1.2514221223007298,1.1097852292558739,1.0325635442786276,0.8686433812073732,2.2811311345558436
2025-09-19,-1.4224695830447376,0.1660137842468412,0.6392850517949621,0.9891960269918643,1.116131269563025,1.2020320695349005,1.247480402032523,1.1052739657195774,1.0269610624009602,0.8658037651081,2.2882733481528357
2025-09-22,-1.4144528729642396,0.17128581654184763,0.6448514803262171,0.9890385109930554,1.1167892978956855,1.2051096257949143,1.2483801812453057,1.104042842554286,1.025027541524991,0.862811425346684,2.2772642983109215
2025-09-23,-1.4193001112886288,0.16019038150910442,0.6338265429380296,0.9752823364300605,1.1039477314297512,1.1922466056546963,1.2335997229121851,1.0910950767007737,1.0090781374786506,0.8509001434355418,2.2702002547241684
2025-09-24,-1.4051965848251133,0.17371260419499399,0.6525521222748288,0.9955256444886975,1.1189006452024872,1.2091698367051287,1.2496600400939883,1.106245604833596,1.0242933716136329,0.8647356267404778,2.269932211565589
2025-09-25,-1.4118577875706453,0.1682703235190812,0.650015775324926,0.9927050686059316,1.112264417320577,1.2054417048210044,1.2428346771856609,1.1009963219038255,1.0182217004270169,0.8582793067842722,2.2701370943549155
2025-09-26,-1.4217832157918584,0.15619812046118112,0.6391572538767191,0.9843601179992811,1.102593538126652,1.1953574651016692,1.2359170442466052,1.09490412835362,1.0118415891812396,0.8550925786376394,2.276875794429496
2025-09-29,-1.404463418342232,0.16835652741918988,0.6490578643996376,0.9953775419000102,1.1119200464519976,1.20405693656009,1.2432711157231708,1.1022941911271114,1.0192863699478618,0.859397520885762,2.263860939227992
2025-09-30,-1.3975960368824083,0.17187830944381188,0.6549989786587247,1.0002814609512551,1.1143107209601328,1.208086711425305,1.2469880182973985,1.107222563045648,1.022332384331171,0.8652001147557317,2.262796151638138
2025-10-09,-1.3881891194617562,0.1844357961979518,0.662726969738724,1.0096386614190338,1.1223739271422637,1.2152059810362448,1.2536987565645494,1.1137345722907221,1.029433313428401,0.871702675748172,2.259891795209926
2025-10-10,-1.4004198155421892,0.17425099537208336,0.6530013184875594,1.0045656232054165,1.1154638078672474,1.2117720858903416,1.2549726500967688,1.1141690066340308,1.0321682545031625,0.8759250269875448,2.2763448425297317
2025-10-13,-1.3983475125627987,0.1722890709419878,0.6475377505275431,1.0022763942209776,1.1120112777099298,1.207867017916818,1.249700030815242,1.1092443047948883,1.027274376373106,0.872245957498205,2.270593470061001
2025-10-14,-1.419007126920047,0.15321879735256477,0.6304776723021431,0.986974951661013,1.1001466972032237,1.1969014086476277,1.2412823474157735,1.1031413649144464,1.02116196990151,0.8685240710106257,2.28753119793067
2025-10-15,-1.4059510308063943,0.1662876105364589,0.6467836823181399,1.0013114993165757,1.1153724132690879,1.2104417218536585,1.2547257669233367,1.1160757815173854,1.0366019854842097,0.8852975152783152,2.2912485460847067
2025-10-16,-1.4165682395421388,0.1545114064367677,0.6353689443105833,0.9912682889682808,1.1049210964441536,1.2006168052859894,1.242511661994336,1.1051303033237423,1.0275085632134777,0.8762983594795528,2.2928665990216888
2025-10-17,-1.4480651084453713,0.12426471673265724,0.6089031633272691,0.9657855729703093,1.080752049181284,1.1788201696098843,1.223641077666182,1.0854151583046767,1.0102831553034428,0.8609550836519188,2.3090201920972873
2025-10-20,-1.4379990172235435,0.1350838037130175,0.6211076617100217,0.9765949231308395,1.092702097421186,1.1920865825469606,1.2368637718512818,1.1001699697859544,1.0243417103512484,0.8755584185436446,2.3135574357671853
2025-10-21,-1.4250671288622991,0.1512853052713123,0.6385792347780712,0.9936224470159477,1.1086187755133818,1.2087009013705545,1.2534114962802703,1.1183927764931219,1.041061967998351,0.893290740004642,2.318357868866938
2025-10-22,-1.4351577152941963,0.14546104349749386,0.6363638325754682,0.9927067046004419,1.1076056272168333,1.2081958925223961,1.2521841302914964,1.1179498487307897,1.040445822744145,0.8929424960507922,2.3281002113449856
2025-10-23,-1.4359852737666532,0.14573040659675995,0.6395821287071076,0.9943944851239443,1.1086512846856782,1.2107250621294416,1.2549292469671334,1.1222766991908069,1.0435550722471583,0.8966161017035005,2.332601375470151
2025-10-24,-1.4309853299129767,0.1516649427073316,0.6442817432552356,1.0009546392984328,1.1157398010842403,1.2183884484088767,1.263468153262706,1.1302331381481543,1.052951933857905,0.9038221839334327,2.3348075138464064
2025-10-27,-1.4198147214753942,0.16070577134220712,0.6520469869529985,1.0080813804507758,1.1240414786196973,1.2267613012926473,1.270835998248256,1.1378680111257666,1.0591579871371914,0.9116128092630275,2.3314275307384187
2025-10-28,-1.420131590559332,0.15956203179070408,0.651849411871941,1.0080528196735543,1.1246395171927317,1.2274377977008897,1.2714790847642328,1.1393889406187065,1.0596204824593216,0.9115206469622954,2.331652237521624
2025-10-29,-1.418493598635027,0.16193936397742498,0.6554001207090191,1.0104419811062022,1.128281132271982,1.2316746514964843,1.2744136180121957,1.1429491030303642,1.063689517621568,0.913526112000784,2.3320197106358083
2025-10-30,-1.4245425374248615,0.15159041840823595,0.6430048493143347,0.9985370567468818,1.116897949262337,1.2193127063203335,1.2629030749336752,1.129479271145956,1.0491730327371132,0.9015592384871427,2.3261017759120013
2025-10-31,-1.4242264197097436,0.15514220692305697,0.6479604550208701,1.0047275368803277,1.1265400740305374,1.2266872749747721,1.274939982581828,1.1411592961962913,1.0615495784134663,0.9180576000467845,2.342284019756525
2025-11-03,-1.4128792780869015,0.16620878594431251,0.6573899344042247,1.0152029953480497,1.1350977149049,1.2321212562560895,1.2804146205936684,1.1447488180150809,1.0668781002261258,0.9215256137564511,2.3344048918433495
2025-11-04,-1.4165788259834498,0.16259662339317682,0.6528496649045319,1.009624616297877,1.128576505742985,1.222844009167861,1.2721612900455612,1.1341243792887243,1.0538624435202988,0.9087519472265597,2.3253307732100064
2025-11-05,-1.4062078334791293,0.17232467345018626,0.6613037858335417,1.01518510930862,1.1356647668020434,1.2293391281314547,1.2774780527332257,1.140029847610344,1.0587964607229627,0.9122967023252502,2.3185045358043763
2025-11-06,-1.407425117474863,0.1754910357500328,0.6660317376367224,1.0193794647600407,1.1396736015608873,1.2360342762414105,1.2841581934539767,1.1476594823395105,1.0675815631642986,0.9208591688014925,2.328284286276353
2025-11-07,-1.4055752313679628,0.17667249928492298,0.6642482139624222,1.0191022448819844,1.1393165009599295,1.2347449149416698,1.2825951060752236,1.1428812673856923,1.0617064205665547,0.9161903291827518,2.3217655605507117
2025-11-10,-1.397398012418339,0.18455908932340462,0.6722635952833033,1.027383212402296,1.145396452883615,1.2403789924531505,1.2887103459707565,1.1462605132709116,1.0674119349535598,0.923690812977681,2.321088825396017
2025-11-11,-1.3934640019949445,0.1875499924207066,0.6763638016622633,1.0294793283615222,1.148416568325925,1.2430762491605734,1.2901899068381806,1.1461924861687036,1.0662539164298723,0.9222497587062152,2.3157137607011564
2025-11-12,-1.3972453312115667,0.18689689026767345,0.6731515141349254,1.0253430995783306,1.143794046047223,1.2378934273817364,1.2838659642421624,1.1379106670217611,1.0569996957568903,0.9136007199869272,2.3108460511984905
2025-11-13,-1.382947262024732,0.1981986251692239,0.6845830888596991,1.0357296818092145,1.1533718952190979,1.2484512442854077,1.2950981156018686,1.1480202072024939,1.0664230332416897,0.9229972759170161,2.3059445379417447
2025-11-14,-1.3892403532910886,0.19420787620078714,0.6814992058953486,1.0318452399410682,1.1517513205266583,1.2450113473825744,1.2900455546134408,1.1437523694703866,1.0600868721034336,0.9174456198962606,2.3066859731873457
2025-11-17,-1.3864820636574335,0.19834782866821987,0.6853751833327582,1.0345479884786015,1.1530036039537173,1.2471300999599095,1.2924698341331637,1.1455526006705623,1.0611598694518227,0.9160729659448272,2.3025550296022574
2025-11-18,-1.4045967023907715,0.18316746460782962,0.6721899269556674,1.0220361103766957,1.1404505807152994,1.2367181249042762,1.283235295894546,1.1359956137027951,1.0536534913621685,0.9108874777691243,2.3154841801598924
2025-11-19,-1.4163196284622874,0.17108711588113126,0.6587705163417624,1.0095938482832802,1.1277111529905846,1.2246473544967487,1.272973285444403,1.1241581979291033,1.043746977110654,0.8991964934188061,2.3155161218810902
2025-11-20,-1.4268120832073783,0.16415530790491759,0.6493465806941552,1.0021233130684126,1.1218010486826306,1.2190590212017334,1.2655823141289066,1.1183859040635469,1.0375647502226113,0.8946302995703868,2.3214423827777617
2025-11-21,-1.4697853781759989,0.12311245704288618,0.6106076985081784,0.9650369978391226,1.0817681730864754,1.1815351079828051,1.2268637662543727,1.0836426804087926,1.004492249502015,0.8633440981363903,2.333129476312386
2025-11-24,-1.4496586161016014,0.13581592264651096,0.6250468832230714,0.9796900742101221,1.0969370626202137,1.198001549844433,1.242171983876305,1.099599291882896,1.0220985975431096,0.8812908059363351,2.3309494220379334
2025-11-25,-1.4379649871165299,0.151624609063518,0.6417978912945518,0.9951723969217223,1.1126049904860804,1.2107771214775458,1.2549995847673532,1.110435952812922,1.0330988592619057,0.8931800018172864,2.331144988933813
2025-11-26,-1.4473901138212248,0.14789042880564224,0.6391214933515531,0.9914610498383835,1.1105888116256928,1.2065372969868204,1.2502165784060932,1.107746423932912,1.0303317411531407,0.8903997550328633,2.337789868854085
2025-11-27,-1.4480074984134876,0.1515487666388942,0.6406750413908373,0.9954751664365942,1.1135004273608324,1.2111685960194116,1.2548654980000553,1.1120624603053688,1.0362478731298679,0.8958131506668022,2.3438206490802864
2025-11-28,-1.43983406902603,0.16513907946879203,0.6550451745121448,1.010997588419753,1.1275346614643627,1.223726324480759,1.2668704842860277,1.1236123305962478,1.0478691589053213,0.9058832750451669,2.3457173440711934
2025-12-01,-1.4386138660440133,0.16815081800264914,0.6599290060913169,1.0183240166446177,1.1353597088217098,1.23070997066275,1.2754492904266397,1.1297820587300809,1.055729768726469,0.9125154090086375,2.351129275052647
2025-12-02,-1.4406112444401213,0.166838125025365,0.6550746705966604,1.012091845657264,1.1309620644798102,1.223552102164635,1.2692414139886827,1.1228033661438275,1.0483336084455332,0.9049494835010183,2.345560727941136
2025-12-03,-1.449780303504118,0.15807736159885566,0.64580239993516,1.0057730108839613,1.122434184489757,1.2150084936815773,1.2627293719752737,1.1157616415618814,1.0423572710132574,0.8985229883403545,2.348303291844469
2025-12-04,-1.4609876091330218,0.1483249923319058,0.6377084858834077,0.9996843794075375,1.1153015083199904,1.2101934561615315,1.2576134063716518,1.107994400109586,1.0358969155826845,0.8928028469353675,2.3537904560683858
2025-12-05,-1.4490627288437217,0.16307166404676177,0.6508230526994531,1.0150188968363634,1.1287707947142533,1.2234969198862364,1.2712937300528897,1.1227232294663427,1.0525397351482129,0.9074543750781059,2.3565171039218242
2025-12-08,-1.4370002528400045,0.1754833686067912,0.6619321038103965,1.0258837016363747,1.137103169227965,1.2316241289780527,1.2789182105260062,1.1305810819149529,1.0576154510774467,0.9113679618600897,2.348368214700091
2025-12-09,-1.4426496819436785,0.16935667350116526,0.6539549216054968,1.0210096369621369,1.1298380303767914,1.2241021349994519,1.272176354861179,1.1228120085530986,1.0497097802869761,0.9029792754852058,2.345628957428881
2025-12-10,-1.4371684485189942,0.17043632530970698,0.6565563574192426,1.0227194330380287,1.1288927608994237,1.223083041104283,1.2703130010886075,1.1215623407749706,1.0492508261754812,0.9059986031295885,2.3431670516485794
2025-12-11,-1.4560771974386946,0.1528422140163394,0.638808998932398,1.0055123424771386,1.1113914317256135,1.2085419206165628,1.2539721124780905,1.1045477261135292,1.0335496286771257,0.8934456256490545,2.349522823087746
2025-12-12,-1.447848139739106,0.1555714570793865,0.64470033245428,1.0093582517675246,1.1152344852879985,1.2099110132161828,1.254706994777357,1.1043094618868041,1.0356173806973716,0.8966911891996755,2.344539328938778
2025-12-15,-1.4549220882390603,0.14941815523128948,0.6400256685123806,1.0044219381596082,1.114015930336805,1.2077790881266715,1.2538019174601387,1.1060061281269948,1.0375139897960475,0.8994273607560055,2.3543494489950625
2025-12-16,-1.4764506673440998,0.12878819366133182,0.6255601555228212,0.98747363095332,1.0981176760607703,1.1928815497275533,1.2377947680504506,1.0900164939988022,1.0229449102898105,0.886215740724371,2.3626664080684674
2025-12-17,-1.4705321340523563,0.13902037797466077,0.6359613865739745,0.9969075153628094,1.1057780863652633,1.202994177160854,1.2459227833853477,1.0970601774908144,1.0299826050993093,0.8928151776581361,2.363347311710489
2025-12-18,-1.473848212529955,0.13591803805453506,0.6347460426268269,0.997212087941644,1.107990150050327,1.2058352830791423,1.2511995490745602,1.1037299574129982,1.036499334405848,0.899037942158374,2.3728861546883255
2025-12-19,-1.464518106787726,0.1497758437396167,0.648299950266542,1.0115415891849637,1.1225894664992493,1.2202542558145066,1.2672757149658418,1.1194589481916133,1.0533134961015633,0.9141693457443306,2.378687452532053
2025-12-22,-1.4559240607295425,0.15579793647245346,0.6559403557274605,1.0178845739469828,1.1291745557803954,1.2262004581171035,1.27378166425852,1.1247135368562207,1.057390715972817,0.9185882665394508,2.37451232726899
2025-12-23,-1.462738450633071,0.15220921157021533,0.6525199118794198,1.0124815029351453,1.1260439330431258,1.2232195835521065,1.2679473752011092,1.1180445220800121,1.0501741451483746,0.9104912608324314,2.3732297114654988
2025-12-24,-1.449255720533083,0.16866246755604813,0.6657382784290876,1.0255963428458341,1.1402739016290004,1.235576143033887,1.2793396184430925,1.1279026254424596,1.060665678201142,0.9209609556264752,2.3702166761595547
2025-12-25,-1.43763170277248,0.17621357573036156,0.6761819399134562,1.0357522599079267,1.1502291036381518,1.2457349013365355,1.2894571839489397,1.137304040012615,1.0688358871679584,0.9296140846280065,2.367245787400483
2025-12-26,-1.4359260296005067,0.17644175011800523,0.6768391774150785,1.0352824738142168,1.1507335924787376,1.2457851170540934,1.2867227500916332,1.1345957884104498,1.0663091558035838,0.9284347747402962,2.3643608043407993
2025-12-29,-1.4371919637634836,0.17689754455337614,0.676751887377854,1.0329751668098253,1.1492188158623091,1.2443326458862656,1.286415721387825,1.1331578061495602,1.0643848019020714,0.9241383640611975,2.3613303278246773
2025-12-30,-1.440053173514522,0.1749977849006736,0.67576736059036,1.0314343232013627,1.147720968433713,1.2419481897899172,1.282521682836309,1.1300010379154395,1.062500374704659,0.9220090060279468,2.362062179542465
2025-12-31,-1.43762572727337,0.1778281149556344,0.6772073498540958,1.0298297017456013,1.1465289347467025,1.2399940482742275,1.2844621956463205,1.1325337587806665,1.0657388443896987,0.9267886877084216,2.3644144149817876
