Date,1,2,3,4,5,6,7,8,9,10,H-L
2020-01-03,0.0017002241501979127,0.004098371658069581,0.0028245133623897908,0.004783734029856225,0.00502894248860721,0.005448689198965011,0.006028817626245842,0.007065253017024991,0.006142631821974835,0.003541398531972919,0.0018411743817750065
2020-01-06,0.015683430452549066,0.013127912942144562,0.00694501970410551,0.010550816177285456,0.009029168273444797,0.012050484296319653,0.010283512256407307,0.01251607417375111,0.01480016011528593,0.009300950313756363,-0.006382480138792701
2020-01-07,0.022193623218366525,0.026899766459068997,0.017989905038304076,0.023120703076356337,0.023119168092673337,0.025920127017737615,0.023798793413749214,0.02672759561515904,0.03199703611197828,0.023807236449451576,0.001613613231085052
2020-01-08,0.010011442226441746,0.013931539254497085,0.0046590470439947605,0.010642613185421649,0.009704919070131574,0.011934296397434247,0.0086992261500894,0.01165798197609175,0.01479574240146583,0.0062660024726162306,-0.003745439753825514
2020-01-09,0.010735312964849818,0.0265055927983014,0.02049409003705989,0.02832940845063409,0.028715302779286203,0.031844973691318265,0.027285514492738513,0.027694993425586716,0.034207410258468976,0.02220492221850634,0.011469609253656523
2020-01-10,-0.0009155647052693453,0.02148552990775262,0.01802817412028891,0.025806860448985273,0.024616167239049518,0.029568821912819895,0.029024611032094794,0.02735964416051251,0.035517033112551576,0.022658673857146233,0.023574238562415584
2020-01-13,0.016312514191825965,0.035846054577301875,0.027786977035718682,0.035581036935755386,0.03310053326230301,0.03794568865903054,0.036214370919060136,0.03846466328404358,0.0457208196738378,0.03146604725401271,0.015153533062186753
2020-01-14,0.011091210766776792,0.03223992320723168,0.024520306394978136,0.033397583985518016,0.03329391311100731,0.03976855597192875,0.03894938567272881,0.04168755468141508,0.049729810075102146,0.03434581975807875,0.023254608991301967
2020-01-15,0.00853844821010004,0.031169717261756418,0.023691034544840235,0.02918212482534527,0.027756793747500726,0.03142077196906637,0.0329684454716143,0.0364286015699603,0.041233883859491394,0.027127529886969814,0.01858908167686978
2020-01-16,0.005601744448443306,0.031104095215551363,0.018453849358739845,0.027731343585920325,0.024374364445807484,0.02652293342288077,0.0264138845079774,0.032950855879420406,0.03881147541587818,0.02335128652346596,0.01774954207502266
2020-01-17,0.007403571456061913,0.03022268785707871,0.01607385204984289,0.02366953894680006,0.020370185348834044,0.022561350151086613,0.020542051331120584,0.02880503358010876,0.0362672520575675,0.02236708760274669,0.014963516146684782
2020-01-20,0.023792310035729514,0.040386984432168684,0.025443453059964233,0.030998328659060312,0.030352164861165983,0.03206949569229788,0.03152416812872923,0.03574966851935782,0.04297463808569725,0.029515311145040274,0.005723001109310767
2020-01-21,0.011232463465284878,0.03924258905675819,0.014359876687216763,0.015850497239622386,0.01693529188650286,0.015266403924547409,0.018389103556731165,0.020260569322465893,0.027555476527574434,0.014394729049719899,0.0031622655844350273
2020-01-22,0.01271195476311646,0.04560473870927108,0.01830956532931878,0.014066847614651561,0.017808818579828713,0.015876592232446963,0.021553369204869124,0.01800660465201187,0.02636909367559317,0.01420515768306723,0.0014932029199507786
2020-01-23,-0.011111544068313411,0.012847416128082052,-0.01834419374022392,-0.021989876008925185,-0.020781213583537368,-0.02149704818438253,-0.01922158775825311,-0.016179521850982856,-0.007995572504536367,-0.02166121788925924,-0.01054967382094582
2020-02-03,-0.06625592090929946,-0.07210258914736115,-0.11523147142576265,-0.11779214177767948,-0.1188616073534184,-0.11482395399856365,-0.1128904253347859,-0.11182149147429458,-0.10353962142214804,-0.12262269582424212,-0.05636677491494266
2020-02-04,-0.03231826599977849,-0.02181149911487302,-0.06553256325248019,-0.05883411319472015,-0.04712044068197439,-0.05891531915283406,-0.07270948310102163,-0.07439668212686132,-0.06030397112655757,-0.027696058654210806,0.004622207345567682
2020-02-05,0.0009201079630263495,0.001917051833777425,-0.03903355628468602,-0.03209334850045795,-0.017200010394404178,-0.03576568481244677,-0.04918014120244081,-0.05232323754072264,-0.040017097828248104,0.0012466669310766017,0.00032655896805025217
2020-02-06,0.03184121460871796,0.02295982925158661,-0.0136235838634974,-0.008879992611265992,0.012197578513092212,-0.010794461702862853,-0.024903038195956392,-0.03254114491936163,-0.01939089352764081,0.027402765089084954,-0.004438449519633
2020-02-07,0.021440502659456833,0.03278270172435126,-0.0012975317466320524,0.003746689766480493,0.028004106864219898,0.010729791300959,-0.013398818752933257,-0.024011014236474067,-0.011606846919936221,0.04435044408445167,0.022909941424994838
2020-02-10,0.00562356103343532,0.03697766174829726,0.022128611513228594,0.025669000926259122,0.05176787335238141,0.031385593362488896,0.004403435565831754,-0.0005456577647959156,0.006497330042924271,0.06718625169072698,0.06156269065729167
2020-02-11,-0.02567730839454135,0.022565664538339976,0.011389397609458918,0.02253368882032097,0.049922445045299316,0.031966507804082354,0.004516457920572129,0.0005090585714920652,0.00959550285591326,0.07442829674953898,0.10010560514408035
2020-02-12,0.0016151905985781131,0.04339278194903466,0.0304674863698925,0.03845628131202045,0.06532470994145183,0.04844558836167518,0.01985108193463694,0.015992448742393573,0.02218372823511304,0.08604367609644908,0.08442848549787099
2020-02-13,-0.0005690292583723881,0.03862057565878873,0.022845706096987176,0.02882963588101784,0.053321807118555935,0.03615575474747321,0.007980506977748516,0.004215043622615471,0.013531821237950829,0.06638701415985113,0.06695604341822355
2020-02-14,-0.0016978446656388548,0.044585596681172776,0.02800843333259375,0.03237889536396841,0.056805823730783106,0.036621542495344724,0.008860054543538831,0.004861652029861425,0.01192671713550909,0.06328446698471367,0.06498231165035255
2020-02-17,0.02995973989188061,0.07625888866220543,0.06140403805837208,0.06677866974385074,0.09070780961410356,0.07120113798979724,0.04285308710734503,0.04010996315780564,0.04908500768038687,0.0953523552940313,0.06539261540215072
2020-02-18,0.04734838305256838,0.09248807545028548,0.07582308238235266,0.08327691420007102,0.10629438199540878,0.08793286545800948,0.05996862617729416,0.05581354919759596,0.0685657135191115,0.10995886957182556,0.06261048651925721
2020-02-19,0.03657766685897687,0.08282720246676958,0.07112827600828492,0.08170049983833053,0.10450813487588795,0.0846702158826158,0.05466575525322541,0.05203244341032879,0.06340559083390954,0.09502019305155682,0.05844252619257999
2020-02-20,0.05489115090823028,0.10094968202151819,0.09208639385093051,0.10355248090882464,0.12492430561199117,0.10389732031424774,0.07339949133283716,0.06926954632178209,0.07702009742287265,0.10618822188245439,0.05129707097422415
2020-02-21,0.06473062396134908,0.11316088818818536,0.10313912576525788,0.11213502762020969,0.1327449126026795,0.11272562682343878,0.0814173993374266,0.0777717934864235,0.08853541410517422,0.11702756751204017,0.05229694355069113
2020-02-24,0.08271848936962975,0.13975537999929447,0.12424029439788933,0.12293838309658763,0.13924872959307447,0.11769337383214054,0.08672963078148647,0.08010481636763035,0.09628975891922226,0.13012916488500698,0.04741067551537727
2020-02-25,0.09314514682978121,0.14307812219032515,0.12186653974067992,0.11536013156252176,0.1308063332177396,0.10561135739154132,0.0757706409193381,0.07032229310918164,0.09201922715084317,0.1261351662413322,0.03299001941155103
2020-02-26,0.04387970849669262,0.10775143106902933,0.09549622996427531,0.09805932496410916,0.12250433676232507,0.1040487603771472,0.07479710935295365,0.05942786452934985,0.09795625297858625,0.1135364602009521,0.06965675170425951
2020-02-27,0.03605325212329877,0.11012627680181943,0.09955068464190794,0.10533951213737124,0.13021500328999405,0.1085005207309672,0.08070643291849025,0.06819186267460951,0.10162379000317891,0.11410924381320792,0.07805599168990919
2020-02-28,-0.01650989475249512,0.057203993837241215,0.049277106040739524,0.05495853072935003,0.07903671964794187,0.051069194312060966,0.015498483060207208,0.01276165931686088,0.05450214499401151,0.05552656989329683,0.072036464645792
2020-03-02,0.030016443620468534,0.09742911407264374,0.0918119762350969,0.0987617145448381,0.12279891933873102,0.09678281645394092,0.05417677030727527,0.05090166283140104,0.0957492380526388,0.09949113407591466,0.06947469045544617
2020-03-03,0.03323855908575824,0.10622378246204836,0.1036534457337065,0.11062329955561276,0.13491996619209098,0.11118102454425982,0.06704483106745893,0.06214227880946348,0.10599566467757907,0.11402760609514635,0.08078904700938816
2020-03-04,0.04384706928018667,0.12048476680722467,0.1192709253735586,0.12387371965349894,0.13986886618812114,0.11874961937384851,0.07259535670119932,0.0714669763999955,0.11493239753632908,0.11821718426641502,0.07437011498622839
2020-03-05,0.05036370633470426,0.13314401413634477,0.13553525067301417,0.1419096753608663,0.16093959362802762,0.141603106253428,0.09477467960833358,0.08736788455147232,0.1362223041913527,0.13738653274519497,0.08702282641049075
2020-03-06,0.0409553151659966,0.1287834961001818,0.1315336978789507,0.14208791378195795,0.16227584540605763,0.14268788770002072,0.09473760732217748,0.08489460918755223,0.13208832181777547,0.13219690349009075,0.0912415883240942
2020-03-09,0.014747790371785321,0.10251563895984092,0.10110307461817288,0.11483480947831108,0.13155470293977964,0.1109231046995317,0.05814326722137206,0.04555550816804643,0.0888372366219542,0.07699656314577596,0.06224877277399068
2020-03-10,0.023512028617939437,0.11782087057667207,0.11724086967001651,0.1356652890883228,0.15443326038722913,0.13833423200338785,0.08710954409012073,0.07940635692307321,0.1108563662013404,0.10469341813696567,0.08118138951902627
2020-03-11,0.010075548517006205,0.11241700436180345,0.11267366296713442,0.13178069099051629,0.14841865989993833,0.12840033947005447,0.07094810870119628,0.06295678398188645,0.10127754323212115,0.09150989287863058,0.08143434436162442
2020-03-12,-0.008605203205303658,0.0950298070936337,0.09467451831380466,0.11100044864855539,0.1280367843931096,0.10665663100563685,0.05306668536094402,0.04311561824201472,0.08278548296332504,0.07010298523366988,0.07870818843897358
2020-03-13,-0.012820447368942306,0.08825550132396397,0.08026352959635806,0.09646046785249435,0.11258424694217017,0.09507652335868172,0.03835779926479831,0.0319015141269051,0.06975384036880768,0.054277220012181576,0.06709766738112392
2020-03-16,-0.06667210793828647,0.05201082036995467,0.04436973962446429,0.05750213090764093,0.07307131350080312,0.047940497503195165,0.003581393091607564,0.000786127181413146,0.033311218461537374,0.012269710790640022,0.07894181872892653
2020-03-17,-0.0638830510571418,0.04848581593455776,0.03784760445655695,0.055946049315184314,0.07173540802429096,0.04793039012029714,0.0015308145521970903,-0.003530522454865538,0.03119073698270339,0.011574940439410276,0.07545799149655211
2020-03-18,-0.08375631539356833,0.0296438549129188,0.021453411859633013,0.04255478779173213,0.05060271932753431,0.03441725032121268,-0.016017469004994532,-0.020597214096761175,0.01655605610230754,7.556449248863166e-05,0.08383187988605699
2020-03-19,-0.07415939896044665,0.030816927445243645,0.03182429656116591,0.05124906145468214,0.06352306954985316,0.05016266556720477,-0.011887575621694419,-0.015926124051506722,0.018512121368453892,0.00913900088819957,0.08329839984864626
2020-03-20,-0.06634496900819,0.04754030421006615,0.04680458487101136,0.06687614794027338,0.07829016957821808,0.06362650810264059,0.0022451161792086533,-0.002135305562041832,0.03507953754109935,0.024529308619214856,0.09087427762740488
2020-03-23,-0.10630787292619455,0.01317866024913722,0.009998107926877976,0.026087073602119294,0.034377148285406334,0.020853574188624227,-0.036519515193794296,-0.03867563551378784,-0.002014308739588383,-0.0213217195192401,0.08498615340695448
2020-03-24,-0.09338603797088271,0.04024922620571801,0.03172012287142639,0.04670698648275362,0.05712871597579379,0.04265258461942294,-0.014555819674622328,-0.017491870286100455,0.018544977623360187,0.0011206769730813838,0.09450671494396413
2020-03-25,-0.07934060765736595,0.059105397801772264,0.05208498315717087,0.07069323988725729,0.08498255365213851,0.07349777981054956,0.010746205086447344,0.007463994264202804,0.04253001645447725,0.028470136590413687,0.10781074424777967
2020-03-26,-0.09351794441109275,0.05103920599177594,0.04338351421645745,0.061493321135700635,0.0736344455698599,0.0638612072339009,0.0011230201229621081,-0.0032768503200853276,0.03163773959436546,0.015158862439482394,0.10867680685057518
2020-03-27,-0.1051713214346035,0.046524797919105895,0.04348528526753047,0.059550295604227685,0.07491760309070257,0.06275662520100336,-0.006051502220561808,-0.013018786845809855,0.03163683812334354,0.012075638351898156,0.1172469597865017
2020-03-30,-0.11052856227175595,0.035779407230187084,0.02735224065881623,0.04023889480771106,0.0454735401745512,0.03433455463149724,-0.04185901690551637,-0.03976344320405154,0.011371095604140423,-0.01810437954679437,0.09242418272496161
2020-03-31,-0.1017534224660467,0.04091963484386422,0.0313513387098658,0.04225908482283859,0.04871249300098473,0.0318484654608828,-0.0470531592168619,-0.04696990580746789,0.005479926917500976,-0.02013933990691724,0.0816140825591295
2020-04-01,-0.12627510436905437,0.02756938973635216,0.024467804005942444,0.0380120853099184,0.047322981762168224,0.032177967375525654,-0.048233028859177275,-0.04999366008863262,0.0024416221534756958,-0.01891622999031713,0.10735887437873727
2020-04-02,-0.12221053875874645,0.04134639857983548,0.045018852635178644,0.06466620278649499,0.07187223273413813,0.06465776619304733,-0.021101708355167316,-0.030367523399381195,0.02146699306212396,0.009950920392090012,0.1321614591508365
2020-04-03,-0.1307443594324701,0.03828855490086677,0.038745544660394385,0.06345704987529281,0.06402168205666797,0.05905296921000492,-0.029787197356343904,-0.03658689161591927,0.01600814529710109,0.0037523582794122354,0.13449671771188237
2020-04-07,-0.0965476869502384,0.06599265895838162,0.06717907968804415,0.09399351243382595,0.09983411428586242,0.09354723543933172,0.005850477394056568,-0.008980233083561558,0.04071473135735031,0.03278718976709212,0.12933487671733057
2020-04-08,-0.10538537958388727,0.06820835610957493,0.07224011163689148,0.09986064725868138,0.10593631922968497,0.10080049958676543,0.013517228873577864,-0.003039920821001129,0.04519541174818862,0.03629225172318992,0.14167763130707725
2020-04-09,-0.1014372985373391,0.07565272920569716,0.08000392728749686,0.1064767994138606,0.11658680340015681,0.1098147778851731,0.022168864446763303,0.0047993523855338486,0.054332171559258874,0.04901390892270109,0.15045120746004026
2020-04-10,-0.13141670701049157,0.04871009272921484,0.05498118165137804,0.080208791163496,0.09325139986570931,0.08473236300400394,-0.001291488812346777,-0.012686298616285962,0.036809670088306184,0.02948177902507712,0.16089848603556875
2020-04-13,-0.13695636141314152,0.04495532030290089,0.05036374280968954,0.0743023843975993,0.08681676341349255,0.07829400467447127,-0.010141463230951893,-0.03207105909278864,0.02754715213898841,0.01825998979432337,0.15521635120746494
2020-04-14,-0.1276777545019404,0.05699028692476698,0.06877387332240442,0.09059419982008268,0.10287366951439153,0.096604193800637,0.014216945654201667,-0.006866292422520348,0.04596799547353975,0.03972986640600859,0.16740762090794906
2020-04-15,-0.13528599210443806,0.05042641514413977,0.06274303442438178,0.08410040739252907,0.09307808861125258,0.08926554962829175,0.009179438239265897,-0.013202595043109503,0.039040433337825566,0.03537522744477795,0.17066121954921606
2020-04-16,-0.13479173234701725,0.05604964833223331,0.07013814834112955,0.08283048562270685,0.09742064199910888,0.09474126299466373,0.018499934328827447,-0.01173657584765344,0.04231568240794241,0.039391560266782866,0.17418329261380017
2020-04-17,-0.1480296658035077,0.052277850776253326,0.07320161514519746,0.08427391534520239,0.09706893721643747,0.0954219132932185,0.020368268964968104,-0.010275748769670044,0.044150182732724495,0.045244894365339496,0.19327456016884725
2020-04-20,-0.12798466146403403,0.0662152503000853,0.08674733833965743,0.09510500786427115,0.10633710053195694,0.1025928683813078,0.028776679905224718,0.0007586256600590341,0.0503957065939726,0.05568380947265816,0.18366847093669225
2020-04-21,-0.13221125906306042,0.06403309837820158,0.08016564377853572,0.08742438206573697,0.10123266171094955,0.09684920885463448,0.021218718029968775,-0.006034522222706869,0.04551256861462311,0.05100055742743851,0.18321181649049897
2020-04-22,-0.12979740944595056,0.06976201310972108,0.08974255931675781,0.09889576201694268,0.11109853736868096,0.10979825616377616,0.031500439378686296,0.00418753306610878,0.05322770467197062,0.059936975163945076,0.18973438460989567
2020-04-23,-0.1377021653274481,0.06586652949677513,0.08431420621906856,0.09465398336832985,0.10468591590744161,0.1065992931669929,0.028262632260754997,-7.258470351016299e-05,0.05222727082147982,0.05989919694390454,0.1976013622713527
2020-04-24,-0.1625266052888198,0.04951543990065057,0.07141961286003295,0.08297440880074383,0.08938347237145802,0.08705572825987694,0.008166840911499322,-0.023608429745107892,0.03526330109206792,0.04483761579117943,0.20736422107999927
2020-04-27,-0.17515471376409952,0.04454496514712755,0.06774252599269809,0.07833781554981849,0.07936162336951567,0.08175425529427618,-0.0014247318758798498,-0.02872721029678303,0.032987513900017834,0.0391463523088661,0.21430106607296567
2020-04-28,-0.1953598700152227,0.028776456371016536,0.04805627854108441,0.057050216085842764,0.0583178990458119,0.05563906881189408,-0.026794055040294362,-0.049273200384789294,0.01767091036752068,0.015827303063170785,0.21118717307839355
2020-04-29,-0.20366585226598471,0.02934206783612417,0.048343681631706444,0.05728707622823451,0.05554302033722276,0.05436550902556191,-0.025077065695584773,-0.0491096911960246,0.021321753467088807,0.01644542550177646,0.22011127776776124
2020-04-30,-0.19770506623039485,0.04655093547728337,0.07019189960542152,0.08296097519836508,0.08010271848415967,0.08677154710575252,0.0009397045169380891,-0.027461077000041214,0.042781191329803334,0.046067550714431124,0.24377261694482605
2020-05-06,-0.17853356110481286,0.06369641173397596,0.08495394836087541,0.09744527929090313,0.09799743616200958,0.10719404831288279,0.021975600136875863,-0.010382522275796755,0.05610605586559611,0.0754795845026605,0.25401314560747346
2020-05-07,-0.18556707224726232,0.060571435768506515,0.08189440498713049,0.09643606559425666,0.09704868782584816,0.10546175701249394,0.021370519485693674,-0.01306803089129401,0.05536238891370671,0.07639951810833531,0.2619665903555977
2020-05-08,-0.17700865304391733,0.07150747557989098,0.0948093447697433,0.10777094047834798,0.10842780166539318,0.11579261446227225,0.03362248239963034,0.0007381001216828845,0.06634503502869468,0.08838345403913431,0.2653921070830517
2020-05-11,-0.1750967106323382,0.07193953516549788,0.0961041154847093,0.10724525906217369,0.10870730437303702,0.11689813552819747,0.035010986925945134,0.0003579991149287853,0.06655501233921524,0.08666077662226833,0.2617574872546066
2020-05-12,-0.1773607102367154,0.07158115987191167,0.09830067853592256,0.10692781513647538,0.10787592330141842,0.11416395789419988,0.031965212887888894,0.002127846363847099,0.06774874738051051,0.0863375982109947,0.2636983084477102
2020-05-13,-0.17206064770569318,0.07876073505344613,0.1013448999659084,0.11269710998108766,0.11627904987326639,0.12067870647028223,0.03727665193130966,0.0070004410712752145,0.07362644642505801,0.09013825929050359,0.26219890699619686
2020-05-14,-0.18098984353677508,0.07237176236232791,0.0911745421763387,0.10306153038500211,0.1069861875961855,0.11158711981172381,0.02715909772302252,-0.0009037231820688864,0.06579030838321166,0.08315969216157613,0.2641495356983513
2020-05-15,-0.18086233131790697,0.07602274582886313,0.09494717832808718,0.10604388852095784,0.11129196826811387,0.11281457660762577,0.02800152315051496,0.0011661157641234764,0.06811876904065907,0.08691574916021633,0.2677780804781234
2020-05-18,-0.18723496411387383,0.07344844321056206,0.09104061404539183,0.10693779953636436,0.10985778499376435,0.1046533530083606,0.014670495965149629,-0.0017674773846328407,0.07006830780031122,0.08105799089030873,0.26829295500418265
2020-05-19,-0.17279772455295683,0.08605738547363286,0.1026338745344352,0.11519075541100432,0.11917871461042563,0.11696735529269625,0.02967267139100782,0.00727108951253657,0.07807781198727308,0.09705872274504862,0.26985644729800556
2020-05-20,-0.18601337497335443,0.0760479211585274,0.09529594687503974,0.10737573481165101,0.11255360237988184,0.11004447964870488,0.021974302581460645,-0.002795903065568414,0.07280145136821524,0.09303610262488111,0.2790494775982357
2020-05-21,-0.20178755401209775,0.06356680274316703,0.08872648431581436,0.10172633910895357,0.1034675084833849,0.10105226922476673,0.009994499759234547,-0.011165928330372573,0.06842541917354207,0.08259136758791143,0.28437892160000927
2020-05-22,-0.21912418412649326,0.04619464747430892,0.07120972951862162,0.0855870209566901,0.08735108476289966,0.0879387295437574,-0.003918918371814939,-0.028421867259409275,0.05184929401065559,0.06456039719996992,0.2836845813264633
2020-05-25,-0.222326383496617,0.04887265310306685,0.07116870234849368,0.08329973259113052,0.08593692140458259,0.08621044769394565,-0.006082223634559506,-0.028751725944852976,0.052868606259957554,0.060044697923926416,0.2823710814205435
2020-05-26,-0.207260125877266,0.06577850868172422,0.08825140579812811,0.10603338920818568,0.10903427502453095,0.11252309337955657,0.02174528484633146,-0.014521197176358157,0.06752691323724623,0.0923658332562624,0.29962595913352846
2020-05-27,-0.20459708028203266,0.0645891942845975,0.08692895224919908,0.10213079845217232,0.10555269693834096,0.10665725282419079,0.015088192926723136,-0.017122409621865675,0.06492459872419343,0.08799527833957921,0.2925923586216119
2020-05-28,-0.2133930465289855,0.059179731340709515,0.08491417859045526,0.10120351407856094,0.10245713887101263,0.10235345719046807,0.011316625686766684,-0.020054647079452686,0.0676880760960054,0.08302273748519827,0.29641578401418384
2020-05-29,-0.2053899535853495,0.07035626135591,0.09354083612605367,0.10877715444304922,0.1071556090630499,0.1078573083991542,0.01835837588685016,-0.014430351649339618,0.0722706684887295,0.09186102761182657,0.2972509811971762
2020-06-01,-0.18172345983604385,0.09229888111472859,0.11631055321540668,0.13333153902086417,0.13305711486184718,0.13603100164420284,0.04874197342367546,0.020488937023796047,0.10626124732342668,0.12540107379575516,0.30712453363179915
2020-06-02,-0.18721469348042416,0.09609152800444085,0.12055710114889602,0.1382088225902899,0.14050659726071052,0.14266280206896428,0.054651184186192095,0.030577710291410487,0.11363287186175865,0.1304871413249441,0.3177018348053684
2020-06-03,-0.1873410652969227,0.09534352527781269,0.11893919841282806,0.13538009373174362,0.13795150892123845,0.14180532772135998,0.053635840367964455,0.030440004775727978,0.11853047047208867,0.13498457951256873,0.32232564480949155
2020-06-04,-0.1885156223903007,0.103592670068254,0.1221195336220602,0.13783389627561568,0.14230672645708453,0.1451652200930305,0.054595107246267496,0.03415480695412272,0.1210963197058601,0.1383016750367757,0.32681729742707655
2020-06-05,-0.1994753195608984,0.10243889452865922,0.12368269414119099,0.1375759803231412,0.14537351613735144,0.14658070521047079,0.05493273805094264,0.03513687195481367,0.1199467043703509,0.14012697973961274,0.3396022993005113
2020-06-08,-0.20839796530099614,0.1030207944139328,0.1225057737015848,0.1361623285708124,0.14672125147412196,0.14804177571652136,0.05500169111333915,0.036753500160095716,0.11675385289592305,0.13658907473373813,0.3449870400347344
2020-06-09,-0.2106193421883613,0.10471940609342341,0.1263074964518978,0.140796970797647,0.15059902716536822,0.15390331259476003,0.06298230699738684,0.04230048682005544,0.12274448300823186,0.14437359206553207,0.3549929342538935
2020-06-10,-0.21238616322318976,0.10518038451310247,0.12321618233528027,0.13846239081771333,0.14834920401537288,0.15261651689241285,0.059684059570954205,0.03901429602640027,0.12070675367700191,0.14087587713700606,0.35326204036019593
2020-06-11,-0.2166084564174207,0.0987696353380872,0.11590953671482765,0.13334577916953871,0.14474822920616154,0.15012881653561452,0.058966929978839074,0.03780777986924884,0.11517986627827088,0.14085862216180842,0.3574670785792292
2020-06-12,-0.21245569411724294,0.10287709306229781,0.1158568837877103,0.13292739750055174,0.14256650998223583,0.14952816666067367,0.06034806742432802,0.03608530006511866,0.11490916544926842,0.13820179377102992,0.350657487888273
2020-06-15,-0.21033756236853862,0.10083808768380255,0.11437921701800545,0.13084768026464885,0.1409915702081854,0.15023112258864338,0.05952597093070078,0.031983353010285466,0.11062383979165707,0.13355071290979384,0.3438882752783326
2020-06-16,-0.19890731989829197,0.11558785121125831,0.1273710407266136,0.14671967812591438,0.1592496512970188,0.17115666804095134,0.08224882454818834,0.048545312091687234,0.12477878454775396,0.15898575540668405,0.35789307530497616
2020-06-17,-0.196604490775187,0.12150320533077702,0.13304463529079127,0.15667373961622516,0.16190350318515634,0.1748779288279192,0.08696896124440182,0.05061295596276551,0.12935279738309793,0.16104795402059854,0.3576524447957857
2020-06-18,-0.21612070100826727,0.11091831769126174,0.13073890299144772,0.1572711719382199,0.1628560287566451,0.17831094207638468,0.0906878726696844,0.05557454829725422,0.13279600384527251,0.1660554372641276,0.38217613827239505
2020-06-19,-0.22099941694245784,0.11222110680118298,0.13545705509525688,0.16100149936090677,0.16569079328420808,0.18602676860192457,0.09844512244302783,0.062295183155339384,0.1407429033569896,0.17547896555540082,0.39647838249785883
2020-06-22,-0.21848559020459035,0.11549001614094091,0.13884572036340034,0.16242196389453056,0.16574233957727744,0.18695021251757182,0.10092083063275119,0.06193257960342882,0.1454935162914319,0.18168495947898278,0.4001705496835733
2020-06-23,-0.21567204363112474,0.11742300782123924,0.13833651617076637,0.16202259315103645,0.16339540675662242,0.18303583312295071,0.09743925241461338,0.057998303007802385,0.1451674880018521,0.1822186227079238,0.3978906663390487
2020-06-24,-0.2140845342912675,0.1147122369785707,0.13755478889053196,0.15991653100280037,0.16131288181887182,0.178998073709632,0.09371829048888898,0.055130364858617366,0.14055799776843914,0.1773679769121765,0.39145251120344415
2020-06-29,-0.21791882158891143,0.1107529553311499,0.13251951048287505,0.15342300317784985,0.15404405855073075,0.17397989225926963,0.08695578550105236,0.04873930792009795,0.1332958968587397,0.17244193460130772,0.39036075619021926
2020-06-30,-0.1984204756528507,0.1293423499650114,0.14864263344061981,0.16689642275344518,0.16792315470418204,0.18956586747579318,0.10685096521424489,0.061017615460999056,0.14358066213597323,0.1876836920430748,0.38610416769592565
2020-07-01,-0.19825751475178494,0.12830810060473424,0.14937738930870093,0.17268793249431233,0.17812587166805066,0.19657051176125895,0.11139942190133738,0.06703958903193957,0.1541706345555009,0.19329268045591433,0.3915501952076994
2020-07-02,-0.19295349807941306,0.13701789065367018,0.16332248799909013,0.18573438065883688,0.1971759701260108,0.2136475908524882,0.12637036218793782,0.082320438841232,0.17410284153089245,0.2075966814852488,0.400550179564662
2020-07-03,-0.1830303915349617,0.14694910487002472,0.17227676799759606,0.19815711888859686,0.21086256624762514,0.22557692281092762,0.13879592925614428,0.09480006319525414,0.18754458398003043,0.21808910110719826,0.40111949264216007
2020-07-06,-0.12378853872890704,0.19168528452960715,0.2131362398481591,0.23822920025769195,0.24864727372947903,0.263224592017566,0.17620863917805302,0.13059957007216516,0.21953978882312342,0.25107777729750824,0.37486631602641535
2020-07-07,-0.13359366090927074,0.19106139494017885,0.2171340946053855,0.24518148687172966,0.2581092892873546,0.2743563626958825,0.1888138876254491,0.14791924116148758,0.24027016506116347,0.2732067256558226,0.40680038656509343
2020-07-08,-0.10165212883337538,0.2169848805506022,0.24132554905553402,0.2678879664552676,0.2817362976769021,0.2934783948049008,0.20694467250429033,0.1674126387285707,0.2566163534811552,0.2823359935414245,0.38398812237479996
2020-07-09,-0.08454722781759552,0.23989039755382555,0.2641151826529642,0.2921316063881504,0.3058172504685067,0.3221690274923906,0.2318314191468238,0.1951792343731449,0.2867574939079712,0.314849560530031,0.39939678834762654
2020-07-10,-0.10245809292258526,0.22669188001371973,0.2528227227371581,0.2800219649155352,0.29603873315983664,0.3139082937727387,0.22423894415714843,0.1888715238356616,0.2840803607535303,0.317604419681466,0.4200625126040513
2020-07-13,-0.07302936122551093,0.2579543957927435,0.28490223481707877,0.31344739540240424,0.33001551039616683,0.3496905043656383,0.25797048876606005,0.2207941522347438,0.3211238896476897,0.352715516545361,0.42574487777087194
2020-07-14,-0.09252394187663437,0.2473328429242216,0.2764001628666612,0.306788187905438,0.3221950869973834,0.34301627884650643,0.2542468446941858,0.2168827611664032,0.31972817437482004,0.3521181422568392,0.44464208413347356
2020-07-15,-0.13874861404623698,0.2099092566823984,0.2449755964184221,0.27481815840745716,0.29840058534815744,0.3192909116595065,0.23527596110530555,0.1978660075188134,0.3011004716210778,0.332335472053087,0.47108408609932395
2020-07-16,-0.2013426116650583,0.15538300802094926,0.19732079606363234,0.2306265162379974,0.258130058345042,0.2835776074757642,0.19432555456700293,0.15490496750271246,0.26498063988835957,0.28502302974604266,0.4863656414111009
2020-07-17,-0.18539816573241222,0.15937858255217421,0.19902951326568305,0.23433779979212846,0.25914723865534267,0.28669871466679897,0.1956077607273889,0.15590379444589605,0.26726804520135733,0.2867473018554931,0.47214546758790527
2020-07-20,-0.15379026135532947,0.1941644705346328,0.2410775340860374,0.272160970713096,0.294281830344155,0.31826456684404175,0.2317202073610114,0.1955319811135135,0.3056296822675741,0.3154018572171659,0.4691921185724954
2020-07-21,-0.15819119385375294,0.20015449163933802,0.24411850991744516,0.27795844568904243,0.2997705833103043,0.3252164768364855,0.23644153024462083,0.20067843661783696,0.3070219211746852,0.3250311625227428,0.48322235637649574
2020-07-22,-0.1571071962191088,0.2042230707193724,0.24951179340580243,0.28154004869233706,0.30458127870822277,0.3320573923896533,0.24329297228457178,0.20374220014977362,0.3109145980955489,0.32973043032819005,0.4868376265472989
2020-07-23,-0.15479212524736272,0.2059006459995493,0.2499102212230559,0.278350870206439,0.29818267536268045,0.32431576118699884,0.23713445451008885,0.1991736715727891,0.3054272044386377,0.3225126907683548,0.47730481601571756
2020-07-24,-0.19753212968851427,0.15591537346035167,0.20469910369365324,0.2353428415186055,0.25764241630635437,0.28800243682848503,0.19868486570564883,0.15930145942372842,0.2595984452934341,0.2754414820261739,0.4729736117146882
2020-07-27,-0.19272320468664558,0.1657216607804786,0.209256726611758,0.23603392047328833,0.25630439912979885,0.2892655224387678,0.19759793899771097,0.15781282816373354,0.2590969963595478,0.27017838863160815,0.46290159331825376
2020-07-28,-0.19162093559677834,0.17963256136567166,0.21875612228122956,0.24849395086603965,0.2738639445208028,0.3044537064090016,0.21057617557252772,0.16669706890212146,0.2679919345447584,0.287436553835036,0.4790574894318144
2020-07-29,-0.17118190779417064,0.19996354284155413,0.2423443347146436,0.2744350962906692,0.29953022269742496,0.3342642581065709,0.23620703917595723,0.18763687530784257,0.2902183575780262,0.31986896296770156,0.49105087076187226
2020-07-30,-0.1691338102480471,0.2024123519592807,0.24383065937605414,0.27375429517928546,0.29606771560995426,0.32909435326638414,0.22915201626754125,0.18741898173209323,0.28867425957139586,0.31778771731967387,0.486921527567721
2020-07-31,-0.15596457141697204,0.21742500032487774,0.2557366792058619,0.2824593734851233,0.3099230192052335,0.34560757184840973,0.24354180901143554,0.19320197079534143,0.2951103487505135,0.32990667263766477,0.48587124405463683
2020-08-03,-0.12988327435783042,0.2457965065902428,0.2814416119529451,0.3097126244247868,0.3403207894765706,0.3737413215681113,0.2724329097180427,0.22257317295857582,0.3285353818598046,0.36382645798667157,0.49370973234450205
2020-08-04,-0.14619426002630426,0.23557825290940462,0.27395709241311095,0.3021993281210788,0.3355390873029054,0.36844184263074103,0.26768008844524377,0.22078356025154078,0.32869500047057654,0.3610866803173578,0.5072809403436621
2020-08-05,-0.13483041074228272,0.24825286010715703,0.2852092880409452,0.31315204747525593,0.34275680261722447,0.3762777281771693,0.2755751428307801,0.22584096728904307,0.3382019340448052,0.37449133421304026,0.509321744955323
2020-08-06,-0.14286162108639272,0.24482308347617915,0.282596825129678,0.3106830154243778,0.34371751770317155,0.3738899754865439,0.27448059225807003,0.22448901332409696,0.3326264914713108,0.3737148177075796,0.5165764387939723
2020-08-07,-0.15053740708800703,0.23138064121456042,0.2673951995904415,0.2953851466007986,0.329016801127136,0.3595604492972778,0.25858375276528556,0.2109827222158696,0.3171425043017959,0.3595000967443717,0.5100375038323788
2020-08-10,-0.15734134018639642,0.2356809351202299,0.27646582368984374,0.3083136628578518,0.34347433401990013,0.37039742314526863,0.26853589405083966,0.21862386952751947,0.32737192374340834,0.37061294602317646,0.5279542862095729
2020-08-11,-0.18090786449809967,0.21362695151868588,0.25923792983517274,0.29014126510148047,0.32606900639695907,0.35392400775233224,0.24432323147666452,0.19900249952280324,0.31113247660295945,0.3512799569632755,0.5321878214613752
2020-08-12,-0.19015968984396706,0.20608838347920838,0.2548627448247405,0.2865326249446846,0.3202471051125574,0.34928143065705786,0.23264532400160592,0.19319440728973747,0.3066121588173077,0.34035713763136205,0.5305168274753291
2020-08-13,-0.19292952681392272,0.21287832959547998,0.2636226769295765,0.29431672554332045,0.327602965041697,0.3548208277437318,0.23701368324237346,0.20148322841361346,0.3141475459523682,0.3456750205731535,0.5386045473870763
2020-08-14,-0.1987507667386835,0.21798662958886966,0.27112200949355364,0.3042572877935651,0.3377111139417957,0.3675377083026608,0.2504728099299491,0.21176743024250047,0.3240280575410899,0.35591289977107576,0.5546636665097593
2020-08-17,-0.18728228724898355,0.23337625536180714,0.2871590083863384,0.3218582367211051,0.3559996065944849,0.39006328582850547,0.2706203051246585,0.23553512418826789,0.34918229264365386,0.37604037493726455,0.5633226621862482
2020-08-18,-0.1810495427228985,0.23764418305320686,0.29085188467930284,0.3265480693223296,0.3629868254807995,0.3987163495187799,0.2809455344055115,0.24300449294384815,0.3585840439885469,0.3854787177880934,0.5665282605109919
2020-08-19,-0.19209835612487666,0.22474923164296284,0.2782990553305969,0.31298377579904785,0.3518610328874382,0.3835308072514617,0.2646468672818423,0.2264139410830702,0.33612854090947053,0.36194439620867946,0.5540427523335562
2020-08-20,-0.210924724934294,0.20796290499954928,0.26833588079429743,0.3011112193915768,0.341444461194409,0.3746500195853474,0.2556627003191137,0.21723896912332588,0.32926137294569385,0.35100660570976905,0.5619313306440631
2020-08-21,-0.20659508738630275,0.21699908671698148,0.27504067142348976,0.3113839652348127,0.3483716317741291,0.37883093693477077,0.26205750837692265,0.228122823228875,0.3348116001515189,0.35444361336327407,0.5610387007495768
2020-08-24,-0.20624198614511025,0.223160235390722,0.2803029296545459,0.3169367074803122,0.35168513072565816,0.38377497344745914,0.27384392635341154,0.24566686474916677,0.3381892845006621,0.3545712655640109,0.5608132517091212
2020-08-25,-0.20074843923488442,0.22374328665613982,0.28450408142679035,0.31106543297282524,0.34327531501226566,0.38449493297047904,0.2922054460254688,0.23686690508781777,0.3304462960633952,0.35137777995602587,0.5521262191909103
2020-08-26,-0.22115079557786155,0.20499198150839676,0.26845073995677227,0.28730808593977025,0.3216258617794995,0.3625538512745024,0.26785568454880787,0.216899884968185,0.31190580114651134,0.3253735869971607,0.5465243825750222
2020-08-27,-0.2034260798414106,0.22133413434087573,0.2844008300781916,0.2939413184866694,0.33060181125653854,0.3788760960563197,0.28367234802992086,0.2269637006197289,0.31924815910331245,0.3378527556305761,0.5412788354719866
2020-08-28,-0.205281080767131,0.2293469278394911,0.29623811394527316,0.30509398308330077,0.3433744369918368,0.38894354097648876,0.29897115309700445,0.2391530041406586,0.3313694192825565,0.34557450898536873,0.5508555897524997
2020-08-31,-0.20654479455240773,0.22956504825821084,0.2969949258376711,0.307188743939639,0.34234778626493667,0.3886568882469234,0.3024185937556455,0.24113881865391235,0.3315795692775669,0.3524527073920965,0.5589975019445041
2020-09-01,-0.18753355245959327,0.2437074191634092,0.3060782257513319,0.313550224885446,0.34377744479091343,0.3909342404158477,0.30615742421643155,0.24127081666905703,0.3321253049877615,0.35332891928470156,0.5408624717442948
2020-09-02,-0.17619287893510827,0.25299891262337365,0.31188939298108653,0.3197405921506812,0.34498622757757563,0.3912660800128674,0.31729227270574745,0.257283744589012,0.33011086875143464,0.35120683384550216,0.5273997127806104
2020-09-03,-0.19375997948449541,0.2457261028019558,0.3057126507767383,0.3121052240414218,0.33676219725583245,0.38276113133576045,0.3079742771694306,0.24579539014750068,0.3187900216193045,0.34431200157817343,0.5380719810626687
2020-09-04,-0.1881154754548829,0.249348730325695,0.30522483049266214,0.3133763183217877,0.33565803451059134,0.382488511113446,0.308609481474935,0.25397082615058175,0.3158672874799131,0.3444467826305655,0.5325622580854483
2020-09-07,-0.17800829560012923,0.2422084004861562,0.2974379178615204,0.29931104389442337,0.3197819476210866,0.36394226424998277,0.2921964266539523,0.23796647039607444,0.30289782133644644,0.3220378224767658,0.5000461180768949
2020-09-08,-0.1457134761237733,0.25971073452239213,0.3080065986829282,0.3112774147332904,0.32703699942431347,0.3683395639517126,0.29567546798798,0.24643666004106524,0.31009483338433025,0.3167480674440209,0.46246154356779406
2020-09-09,-0.20112423093587878,0.24454074940827009,0.29391887950944834,0.2950778789627336,0.3050780343712214,0.34025243653649523,0.2587244285600875,0.22608064570248573,0.28674123595567474,0.2785921781002328,0.4797164090361114
2020-09-10,-0.29045957239721987,0.19377547888448057,0.2601155641095562,0.27130574692135495,0.2789695673058907,0.2853125876339302,0.22285206461812446,0.20762107232580362,0.2665856789229788,0.253159361567395,0.5436189339646147
2020-09-11,-0.2870479773003985,0.20479546854072764,0.2746402213162599,0.2880270546459539,0.3083403733228012,0.31088858987079454,0.23694385814649563,0.21641811167807143,0.2803767002083625,0.2759150542603738,0.5629630315607722
2020-09-14,-0.2715611190184421,0.2088927200799425,0.2836891783211146,0.2953319236472178,0.35701295579972453,0.3489366418332036,0.2488341220798995,0.22141725767582834,0.28911869490903563,0.2887957356067491,0.5603568546251911
2020-09-15,-0.28015233537612244,0.21130981634954069,0.2863309062163865,0.3001082633479762,0.3602154117796175,0.3511804698119262,0.25676533261902046,0.2258568793704805,0.2934372715419731,0.29691242383405464,0.577064759210177
2020-09-16,-0.2836487614854406,0.2064176296857966,0.2802359838900726,0.29241329725618365,0.35108985735360854,0.33336479129093544,0.2561994422999253,0.22153541900994053,0.2900075136567974,0.2912973511694089,0.5749461126548494
2020-09-17,-0.28512424123112146,0.20997446221939406,0.28712782738450476,0.29461621323584647,0.3525890696281403,0.3355505114517976,0.2637948758635673,0.2278463163105326,0.2895122421023943,0.3031320830079246,0.588256324239046
2020-09-18,-0.28597322977232964,0.21853571528567092,0.2989260259942373,0.30688248667797446,0.3685146235613475,0.3520520844622008,0.28152259959766485,0.2445642099675304,0.3046443389059671,0.320306386005299,0.6062796157776286
2020-09-21,-0.2910957551694701,0.21789203239892357,0.2990741138868226,0.3057138664272002,0.3661171381957191,0.34920295711627797,0.28055044546706837,0.24383864244744213,0.302999006532003,0.31864617851590094,0.609741933685371
2020-09-22,-0.30890705828905746,0.20061174307001378,0.2838468682542803,0.2897705422170739,0.3501931667236232,0.3353544752983364,0.2651461634522091,0.22939076465362676,0.2872633335636262,0.30486578968255323,0.6137728479716106
2020-09-23,-0.30569834511644156,0.20578183123193583,0.29194843571039086,0.29488257195951206,0.3539588201303755,0.34316089372513325,0.28289188449325253,0.23788212340193346,0.28946813461184034,0.316874933846306,0.6225732789627475
2020-09-24,-0.3330835566206701,0.17962445644808847,0.2657919646711655,0.2697141688622898,0.32938605553651956,0.3156328404221831,0.25284732311816704,0.20284019807049752,0.2663050518985755,0.2923630446687312,0.6254466012894012
2020-09-25,-0.340759349519997,0.17620318878502694,0.261297495066504,0.26574330799739754,0.3257456816295521,0.30808709531449296,0.24329612054429112,0.19910540123022905,0.2640589735858261,0.2830951716674591,0.6238545211874561
2020-09-28,-0.3632030640483707,0.1640634087671854,0.24767145108337105,0.252424868488874,0.30660839786325267,0.2923327667254084,0.23058399461685855,0.1917275897615509,0.25358382370491184,0.2634667996616286,0.6266698637099993
2020-09-29,-0.3612447131520184,0.17024851241060804,0.2584163282376168,0.2619268517632478,0.3200210636509327,0.30845252537001966,0.23709768064155096,0.19570372006347705,0.25892485820761957,0.2744968841439308,0.6357415972959493
2020-09-30,-0.3635383254412268,0.1679321946903195,0.2545366040485982,0.2595345802154524,0.31712563903451796,0.3090793841514174,0.2337705104859066,0.19180876329761265,0.25665501033383115,0.27262016147314905,0.6361584869143759
2020-10-09,-0.3326925973173057,0.1946080341725339,0.2847389604472992,0.2920616538461849,0.35637568984694534,0.343847969883568,0.26533393416325923,0.2152511864940175,0.2831129448260751,0.30428017666907203,0.6369727739863779
2020-10-12,-0.3010226991430156,0.22395842352529352,0.3158864094254671,0.32089421621435243,0.38576672856651617,0.37312275394089955,0.2948912191362663,0.2507550155627487,0.31358085291166615,0.33435416447692234,0.6353768636199381
2020-10-13,-0.29500851781375714,0.2301226861886233,0.3216875932219861,0.32532631972138754,0.38876284035906766,0.3745117592300959,0.2976731606437044,0.2510825797472897,0.3129177266213406,0.3367149007868096,0.6317234186005669
2020-10-14,-0.2927214092530268,0.2284915844388561,0.3166270527953367,0.3198735707058001,0.3801077440319497,0.3663954842894738,0.28808572273045224,0.24306627323210708,0.30712887423261426,0.3288276150310879,0.621549024284115
2020-10-15,-0.3080830114795895,0.218617606566202,0.30910781177622215,0.31433377281240266,0.37324502334997395,0.36079842610489093,0.28227725631215816,0.2387222160055238,0.303032228025346,0.31965670534142043,0.6277397168210102
2020-10-16,-0.3107762184605654,0.22038028928924208,0.30924113580847523,0.31614162187983985,0.3755948058181681,0.3643874417613099,0.283308099093362,0.2393750768626982,0.30280788899620037,0.31570103450068815,0.6264772529612538
2020-10-19,-0.3154341629332682,0.21389001883777153,0.3008182879964358,0.3110294833609055,0.36987585279276824,0.36177389392387393,0.2792103999210857,0.23498256984206334,0.29812674455369886,0.3094445871816672,0.6248787501149355
2020-10-20,-0.3081197809896579,0.22626940194622416,0.31422038901897686,0.3184584612435052,0.37908307001606784,0.3792578129108087,0.29479711250223195,0.24130554849957053,0.30502835233611764,0.3193163729775203,0.6274361539671784
2020-10-21,-0.3137487415927913,0.21702046976893527,0.30579974107597996,0.30813931576550196,0.3642117793922728,0.3632758863898034,0.2775812241036872,0.23106472632298264,0.29464113375238293,0.30555336054549437,0.619302102138286
2020-10-22,-0.31669460608297073,0.21498018007167385,0.30365337484275845,0.30290891717098356,0.3602650222154734,0.3612466510146474,0.27790718379902263,0.2263020136791949,0.2920338861686936,0.29837029540183335,0.6150649014848044
2020-10-23,-0.3342401557657634,0.2003809971443802,0.29161375422706937,0.2913013146982451,0.34853666818020684,0.34563987316120576,0.26182559395796756,0.21659742004955412,0.28061912108813164,0.278394940429479,0.6126350961952427
2020-10-26,-0.3273506868038351,0.20492028331238754,0.2879455508878222,0.2913923702478196,0.3487278276384945,0.35423453940637045,0.2664582552315381,0.21244412116910408,0.27639936529917547,0.2837096576201163,0.6110603444239517
2020-10-27,-0.337997563417127,0.20314700686027082,0.2878027120318703,0.2914050369123364,0.35112643202195815,0.3586644633826669,0.2690032718218124,0.21188149290621108,0.2772075053870149,0.2905777945920114,0.6285753580091388
2020-10-28,-0.3323302138572249,0.2098460963827747,0.28883555746324935,0.29192922198244403,0.349071188287564,0.3585269719360325,0.2722411860060023,0.21302178825563714,0.27843508611991824,0.29179369499675395,0.6241239088539792
2020-10-29,-0.3385651676847102,0.20700499675929931,0.28501841086082447,0.2902802196702074,0.3471386521552929,0.35684503256840083,0.27032832545129265,0.21110386225733277,0.27628347964111843,0.2888625594643711,0.6274277271490817
2020-10-30,-0.3654075535524234,0.18441015364162794,0.2600675652285482,0.2651996830201599,0.3205973966378313,0.32044309889921674,0.2353493422618563,0.1881031190099352,0.2526440045221517,0.2614064596011898,0.6268140131536136
2020-11-02,-0.34408210312443105,0.19599338690989337,0.2621323679234347,0.2593121502467382,0.31942716897368584,0.3221835886246288,0.24497596728217713,0.18048933682389823,0.24917748630951725,0.2522438095742485,0.59632591269868
2020-11-03,-0.34011723843773817,0.2068572985217029,0.28027603397200995,0.28646734269505336,0.34217977207043715,0.352517859278249,0.2697572439816547,0.20404024866730766,0.2702703476712237,0.2781241049043729,0.6182413433421114
2020-11-04,-0.33957638361655557,0.2091756111590162,0.28134256872012187,0.28384319652512924,0.3385433873323864,0.3482539299334589,0.2621481315612923,0.20101038450523526,0.26707997345402834,0.276641014882657,0.616217398499213
2020-11-05,-0.32647262617847345,0.22394393372546897,0.29726097704483256,0.301631575353258,0.3581068914093019,0.3675816736762773,0.28505532621528606,0.22093569398522067,0.2823809060982418,0.29447669857167863,0.6209493247501525
2020-11-06,-0.33950936047486635,0.21590092710125275,0.2908267400679738,0.29597028182543905,0.3508012712933826,0.3615072318733555,0.2739008402993511,0.1949309994079693,0.2762256958327752,0.28552691512140366,0.6250362755962705
2020-11-09,-0.3148711752075487,0.23686943567139995,0.3121459593973589,0.3188509829366995,0.37210342712426464,0.3800797827471477,0.295191856128838,0.21615849260757355,0.304556959061148,0.30692316237992,0.6217943375874692
2020-11-10,-0.33057654615358245,0.22689443202471088,0.3045042646058592,0.31127678875821985,0.36536397473101123,0.3726544150312386,0.28834058420880104,0.21065803881510722,0.2957426579929885,0.29177258170769965,0.6223491278612825
2020-11-11,-0.34272456554593544,0.2124467906966084,0.29367265725942765,0.29969277600583705,0.3580770955460036,0.3654566798905348,0.2794243654455913,0.1977290698410513,0.2676562055034872,0.2809444956764071,0.6236690612223429
2020-11-12,-0.33865292310350337,0.21188913952051794,0.2951745316445329,0.3010572340120815,0.35959276474017043,0.3653223037150175,0.28088940831424364,0.19653784269180474,0.26407744549896467,0.2834792429193487,0.6221321660228524
2020-11-13,-0.3458977472676267,0.21306131492211774,0.29342583885236107,0.30010916091934003,0.3598150134312182,0.3676225458714975,0.28197617937339176,0.202392311933462,0.2644538613550846,0.28601018906688735,0.6319079363345144
2020-11-16,-0.32205461999947366,0.22806740367029105,0.3071019189091551,0.31254477267923797,0.3719302686716455,0.3787161577693244,0.27901148188619146,0.1981576090940408,0.2782679748254652,0.2929624938675497,0.6150171138670237
2020-11-17,-0.33161193357249946,0.22106416770071652,0.30544900211458387,0.3084775826406967,0.36708105649602957,0.36948129595834994,0.26550015794647364,0.19121535377656032,0.2761540651246054,0.2831492778728633,0.6147612114453631
2020-11-18,-0.3266161039678335,0.22480296849420303,0.30927987922312816,0.3109839121799893,0.37134366228591426,0.37266169523988113,0.27207431013121347,0.19676452277995568,0.28000209067972487,0.28476204219071005,0.6113781461585439
2020-11-19,-0.3409102062266682,0.22515155365168568,0.31154552276733016,0.31353122248824966,0.3738366638719467,0.37646971756240505,0.27878364706630065,0.20972777893341876,0.28705427626900415,0.29206224856458574,0.6329724547912543
2020-11-20,-0.33704857050376613,0.2313871964718548,0.3167051360920755,0.3181085290107476,0.3782568718736209,0.3829073540009473,0.28707279641135913,0.21008235849202106,0.29320300052546083,0.2993367348899435,0.6363853053937101
2020-11-23,-0.3292731644680376,0.2370947868517548,0.3238683546840656,0.3235722026204135,0.3834953898104948,0.38636751887597304,0.2880875075780527,0.20850831455303076,0.2911023163981566,0.2988934385042184,0.6281666029722565
2020-11-24,-0.33129404652728833,0.2370266663650657,0.32185662915817576,0.3235125781242732,0.3827976473953301,0.38540531778390547,0.2880733834182462,0.2097930208267516,0.2882801045353315,0.2991732949900781,0.6304673415173669
2020-11-25,-0.3514610255897316,0.22155547939668888,0.30886349556280557,0.31057441461545443,0.3719500680290208,0.37409662773634667,0.2750875058962264,0.19711115785895167,0.2748386614758476,0.28568159809406785,0.6371426236837999
2020-11-26,-0.35757841437615834,0.218011714831801,0.307454341888695,0.3059149753626788,0.3698576663519487,0.36851637111524294,0.26735225298281756,0.19409703650971533,0.27260194903497226,0.2801144580495076,0.6376928724256664
2020-11-27,-0.3651586573222961,0.21640146502178748,0.309458790277416,0.3105690288956264,0.3713926402693858,0.3669324175217208,0.26199408574505934,0.19372185863953664,0.27799301671498616,0.2786364726573674,0.643795129979664
2020-11-30,-0.37162898732805166,0.21221503050701648,0.3042633129361726,0.3088746209561388,0.3706558518756112,0.3656946454321106,0.2603418299356875,0.19448194309957856,0.2760758274933862,0.27635442375024655,0.6479834110782988
2020-12-01,-0.3624959178775053,0.22397887167204505,0.3154137244018581,0.3222778714679365,0.3838728077687449,0.38560096230977353,0.27821092270603204,0.20555861946925397,0.2891764753530378,0.2893714603310267,0.6518673782085326
2020-12-02,-0.36393630514239883,0.223768924034045,0.31643285846258085,0.3242805407560056,0.3856109170629552,0.38868942768688836,0.28039971010218695,0.2107271532329095,0.2928172274483075,0.29215096430061827,0.6560872694430178
2020-12-03,-0.37006198676127844,0.22029428978240836,0.31428017350242504,0.3254112596691229,0.3866629647987845,0.38645349539454393,0.2789353494609001,0.2065988012283568,0.2899098622847163,0.28939803956556104,0.6594600263268401
2020-12-04,-0.37233644942461813,0.22246700708984207,0.315739483221087,0.32776155410007635,0.38835795219302416,0.38882445093505663,0.285345629473167,0.20622967909377207,0.2945990270534049,0.2932144626888642,0.6655509121134829
2020-12-07,-0.3726347953532023,0.2205770561554818,0.31155175849788846,0.3226633732996007,0.38219099090987974,0.38074692122431636,0.278702331815395,0.19981273256905102,0.28780949916999776,0.2873437508633107,0.6599785462165136
2020-12-08,-0.3772993169920033,0.2216252248106422,0.30831893904117186,0.31923657480137774,0.37894216215198445,0.3775932096381813,0.27787893322011364,0.19800399927227083,0.28648662066129343,0.2850592954282892,0.6623586124202931
2020-12-09,-0.3943162166918448,0.20166522084703314,0.2876723994776947,0.29917323986262606,0.3597472785653673,0.35664733349086175,0.2551763698952633,0.18218653082468714,0.2720558707355742,0.26563808937064726,0.6599543060624926
2020-12-10,-0.3909416238777273,0.20171907616980542,0.2864490867876369,0.2974419713005122,0.35740220338859974,0.3599619002960173,0.25414728622768035,0.18328591128800226,0.2718957498441685,0.26178391591302674,0.6527255397907546
2020-12-11,-0.4004279996333138,0.18461408075354907,0.2720925219630078,0.2783642369146763,0.3363861447581527,0.3377762967085095,0.23553443898609866,0.16940517211540582,0.25881693022842406,0.2424756857671404,0.6429036854004548
2020-12-14,-0.3893533005332682,0.18955978266660467,0.2779640810836154,0.28425734027931704,0.34688266995209505,0.3490402689008807,0.2421844050548811,0.1740092521108251,0.2639430560819445,0.2507659868198209,0.6401192873530896
2020-12-15,-0.39564978543076823,0.1901354615141181,0.27688582153354857,0.2844165621701423,0.3478375758824792,0.35040534034573834,0.2395327803723392,0.17322671227240571,0.263049537776849,0.2534644270391337,0.6491142124699025
2020-12-16,-0.3972207392499996,0.18524943220942444,0.2692103549189598,0.2723447762899278,0.3321265181103462,0.3246076323007122,0.22101994893792187,0.1653486613670614,0.2546737872808173,0.23706946330241516,0.6342902025524154
2020-12-17,-0.3968495095581143,0.18784758748046887,0.2787777386260619,0.2860299177468515,0.3411721816874267,0.33938929042511745,0.23380186758760463,0.17829501489165475,0.26710173091425365,0.24536644051913736,0.6422159500772523
2020-12-18,-0.39726837731245884,0.18409652079341216,0.27575292473050195,0.286267831514199,0.3364117650087288,0.32867340278702584,0.21916895565028802,0.1759212171960374,0.2676234877705672,0.2348194768221856,0.6320878541346451
2020-12-21,-0.3780007304403604,0.197124567632508,0.2850206390223825,0.2950349376056249,0.34309667305512703,0.33882128160535835,0.22716147075448437,0.183712611332992,0.2744595900758676,0.24452330726955115,0.6225240377099123
2020-12-22,-0.3975424388739096,0.17514698134524392,0.2641439169432661,0.27279198793960435,0.323865192338865,0.3179246592317374,0.20379902609161596,0.15886214076639532,0.25649793359226875,0.2222717990114712,0.6198142378853815
2020-12-23,-0.3811718226337249,0.1896650773997726,0.27133179167371324,0.2722553254082126,0.32386122317307764,0.3199885797114313,0.20107564100007977,0.16302022747951514,0.258355711708913,0.2165224503475738,0.5976942729812994
2020-12-24,-0.39226391393143717,0.17755197380123358,0.25648552659330603,0.25463035880425056,0.30230719430649666,0.2938832765078908,0.17103980693771956,0.14002822734179046,0.2420638565289329,0.18831698413791675,0.5805808980693546
2020-12-25,-0.37736221760736294,0.18988372499754969,0.2677475702773038,0.2639566554122492,0.31022165229976423,0.3014497991426616,0.18071259214247032,0.14817620010527918,0.25177917328971905,0.19387837117101062,0.5712405887783742
2020-12-28,-0.37846712115950437,0.18560535387876925,0.2595671190889379,0.25305910961205397,0.29665222791559487,0.280881587161428,0.15578828861014063,0.13942394078172865,0.24241627410455677,0.17194932032669957,0.5504164414862046
2020-12-29,-0.4137890303036944,0.16734417102215116,0.25996828453087084,0.2594039463382162,0.303067573694413,0.28921770225488486,0.15865873782884965,0.14172422187406522,0.24527110075778566,0.17304771978589542,0.5868367500895905
2020-12-30,-0.4054225216749267,0.17548672569027307,0.2639054802223792,0.26427973610398103,0.3071058384028965,0.28968827154777915,0.1593845335066806,0.14719648580785066,0.248853027542019,0.17772918737447915,0.5831517090494065
2020-12-31,-0.3951708084525691,0.18835384496613375,0.2745832291629439,0.2766367362993349,0.32268713195197246,0.30609340876777114,0.17984270859287432,0.159431073462668,0.2620891768230049,0.19670337059855225,0.5918741790511219
2021-01-04,-0.3787632741739936,0.20361040487171359,0.28695998420881774,0.28684253332074655,0.3344883256741708,0.3180956141286334,0.1959459561972207,0.1770067506317715,0.28015414550599615,0.21549473218695475,0.5942580063609489
2021-01-05,-0.381099689592949,0.2085050857171595,0.2918439026869007,0.28917211341451565,0.33295615612712104,0.3180713652567655,0.18981686258575683,0.17174590264988931,0.2757519364387198,0.2133271834284007,0.5944268730213503
2021-01-06,-0.3961037803182225,0.19372158372398834,0.27877356539056686,0.272250753184463,0.31519565522870924,0.30583790885454437,0.17768973384331715,0.16207047049229253,0.26628082774110917,0.20535510500375795,0.6014588853219811
2021-01-07,-0.39934863087398165,0.1829513709548379,0.25927532774162676,0.2473872353417443,0.28693509820129154,0.2732046270316764,0.14308842721458065,0.11441743310751942,0.23484527166654007,0.17259481910566443,0.5719434499796467
2021-01-08,-0.41458335873925345,0.1728942125720243,0.2539801229669706,0.2459103662990189,0.29397888563136454,0.2809141813420307,0.15057952663897492,0.11717379308886974,0.23636802888278738,0.16948610294812924,0.5840694616873834
2021-01-11,-0.42774577967404814,0.15937952712942544,0.23430016202872958,0.2189874972013952,0.2694843549160811,0.25091679637465014,0.1195381158303181,0.09022249740703218,0.21131074710228087,0.14727850777561607,0.5750242874496649
2021-01-12,-0.4168149518034122,0.17132174133735228,0.24362774589384856,0.2272982084458861,0.27555371257996275,0.25450246315739783,0.12924125170633463,0.09834591236168722,0.22039732383586458,0.1530055795523569,0.5698205313557698
2021-01-13,-0.4184619320585696,0.16314792858428553,0.23012684835741257,0.20881056250761607,0.25669899348171826,0.23007960342994022,0.10759138492173193,0.08513832698696383,0.2031144890074857,0.13043897594726628,0.5489009080058366
2021-01-14,-0.4310582999124623,0.1627200511581107,0.23157470438139283,0.2138009554737641,0.2608811341446225,0.24012599316223243,0.11694080489598069,0.08462834042459681,0.20942528736125385,0.15121470415438634,0.5822730040668493
2021-01-15,-0.4388384945226232,0.1653010151720025,0.23875631501476577,0.22550188435027718,0.276773586396802,0.2645853203234288,0.15319428382951353,0.09770009928251921,0.22317428273130727,0.17400201005138485,0.6128405045740087
2021-01-18,-0.42036763196719235,0.17862418223789434,0.2504164438290761,0.23663809161097263,0.29177136546949767,0.28078026757730384,0.17955238538574878,0.11118267397971696,0.23438586493512437,0.1865874654342316,0.6069550974014246
2021-01-19,-0.4252903593819936,0.17963820739886688,0.25493436335540026,0.24502489666712154,0.30199747226153173,0.2878882823560849,0.18537648092745893,0.11229223948949492,0.23778773898287428,0.18673164094437555,0.6120220003263698
2021-01-20,-0.4263856353025293,0.1799031091013374,0.2560951137247825,0.24678801652188612,0.3025439539726038,0.2896285407137468,0.18890666969412295,0.11692687871144052,0.24851205312196498,0.19526134536130715,0.6216469806638371
2021-01-21,-0.43217259364159283,0.18293019753116047,0.2613314216807159,0.2516786031755208,0.30927249491181313,0.2960898758914296,0.19566247840109546,0.12692303685285322,0.26193044803689214,0.2067703289465985,0.6389429225881919
2021-01-22,-0.4371243476677412,0.1813362040823309,0.2522856003247287,0.24202578352667986,0.29949399218336187,0.2820528027475054,0.18301127821241464,0.11358050542451911,0.24520849271764353,0.19422622299070327,0.631350570658445
2021-01-25,-0.44641351982715255,0.17264790235224783,0.23651472742406981,0.22522174223496338,0.2805506362710509,0.2673391492492726,0.1658408745631899,0.09426588533667637,0.233043734512387,0.18242808009919803,0.6288415999263511
2021-01-26,-0.46145621042566004,0.1513871183337339,0.2231501553593881,0.21726137807388465,0.2769363694180457,0.2625933719194101,0.16388893073989452,0.08496340355733444,0.22765489551229998,0.1823400679511594,0.64379627837682
2021-01-27,-0.4611736837162142,0.15055064883991284,0.2231616531799706,0.22115773717197787,0.2793426566165232,0.2608039019539162,0.1682563419983248,0.08575265550324168,0.2317982100142568,0.18106053405963277,0.6422342177758474
2021-01-28,-0.48894015720597467,0.12724400550025267,0.2128316776378877,0.21011469000972405,0.2704570097612756,0.2538948691522274,0.1543022372401362,0.07543673776234636,0.22116497438587887,0.16899953071782176,0.6579396879237969
2021-01-29,-0.5010726935150779,0.11869191872709424,0.19609544569837162,0.19562610414082798,0.2521863330151986,0.2330815856510978,0.14463039288050478,0.05914589860572601,0.20814364596797577,0.15350410591014996,0.6545767994252283
2021-02-01,-0.4963945001567742,0.12484749284224343,0.19817651458875624,0.19631975569726232,0.25768795693983587,0.23328319220473037,0.15910928484449816,0.06097042481680301,0.21367684722678323,0.16794865234746167,0.6643431525042363
2021-02-02,-0.5004407612239852,0.12061285815006938,0.20118952413738514,0.20353486183222755,0.26478545625113653,0.23409622612308717,0.16456329445075715,0.06674023021269009,0.21901873253574633,0.17395032153839465,0.6743910827623802
2021-02-03,-0.5064119418767866,0.11007117881825076,0.1870276868287322,0.18957460542240676,0.24821479375997754,0.21245436421094022,0.13769358062860235,0.05155802742070516,0.2039685837768311,0.15242760947723527,0.6588395513540224
2021-02-04,-0.5169796193645434,0.09594195935685138,0.16686007277515533,0.16956976519914513,0.22559218800208505,0.18825591095991379,0.11982973307289016,0.03435964893988028,0.18406875628348054,0.13355017285713255,0.6505297922216764
2021-02-05,-0.5416892729107223,0.08301366689406,0.1601150409325066,0.15970642128488716,0.21817358805226222,0.1720246247253843,0.10135940080226165,0.026610354797936914,0.17690421393948325,0.12058400469595762,0.6622732776066804
2021-02-08,-0.5354313742433708,0.08975418524483736,0.16548236455156173,0.16417352450290076,0.2186487388720602,0.16867193123267693,0.08849316022011205,0.02980999599986959,0.18159607548247067,0.11972841591205537,0.6551597901554267
2021-02-09,-0.5218644501906359,0.1006940940582847,0.18359962954874667,0.18482621840677452,0.23806323398149087,0.19224393076055526,0.10948882943882222,0.04892946221829048,0.2004847669314388,0.136107514404498,0.6579719645951344
2021-02-10,-0.5135436203948927,0.10599076561385498,0.18946139604871126,0.1933680002263438,0.24590091239964618,0.19943727918056275,0.1151090778954638,0.05565744510739227,0.20785975772598345,0.1437775581065527,0.6573211785014459
2021-02-18,-0.5051316212177998,0.1211375402100339,0.20869077712911677,0.21643873101514804,0.27683517418556775,0.23136059222192,0.15499525940707237,0.08956484159544513,0.23817635332419898,0.16890932547614096,0.6740409466939413
2021-02-19,-0.4909155276379972,0.1463438219032917,0.2357964543579286,0.24357627600322876,0.30687125657761033,0.2587168667717264,0.18474272369706374,0.12004663353390149,0.26725385125970713,0.1950580933576185,0.6859736209956163
2021-02-22,-0.4722343464036794,0.16178236520899145,0.24871692695241895,0.2540140222524134,0.31480898477968744,0.2658509598419927,0.1887042558313501,0.1234956319385521,0.26942479875724085,0.18283207955722364,0.6550664259609037
2021-02-23,-0.48383036308481886,0.15332347957651107,0.241091080212033,0.2460687337244704,0.3078762918837792,0.2609515274514547,0.18527962549355192,0.11806668948209655,0.26525800176875497,0.1809853865072751,0.6648157495920946
2021-02-24,-0.48974608667245756,0.15388528829608883,0.24524319325814511,0.25140805307841585,0.3118017716849299,0.2648344358529926,0.18692856743685,0.11855252629966713,0.2578054055804538,0.16416252752677446,0.6539086141992326
2021-02-25,-0.49812274387174654,0.14443904170003521,0.23646412057161414,0.24450495495170252,0.3055471941403274,0.25986010043405633,0.1815533305010147,0.11263706213145795,0.24900456130059367,0.15968593443622836,0.6578086783079755
2021-02-26,-0.5143401666148426,0.13767601359822687,0.23779404938389,0.24557960632421308,0.3070654422545611,0.2602892253793672,0.1822220841395412,0.10409060557857505,0.24125938363426527,0.15047990181132573,0.6648200684261689
2021-03-01,-0.4938372387748812,0.1582866003941202,0.2578345383420078,0.2657610155417891,0.3300308061049834,0.283705770707416,0.21211351490466762,0.1273916284179309,0.2597379397622728,0.17557791384139454,0.6694151526162764
2021-03-02,-0.501708303735501,0.15259159497247585,0.254028877104669,0.26110910151410643,0.32447042707270124,0.2759783960104619,0.2056792228423322,0.12005481665800283,0.2527149859055682,0.1705076034764927,0.6722159072119943
2021-03-03,-0.49165655299015293,0.16167340753668583,0.2629394991847811,0.2711229269224383,0.3344545544530199,0.2945428726351782,0.21972221123482844,0.13556642524986512,0.2716278085757665,0.18353944740650882,0.6751960003966624
2021-03-04,-0.5025925087387713,0.1509592031030108,0.2551365810136163,0.2639534522032911,0.3287070166168548,0.2881156611410244,0.2088139696386156,0.12425229857805961,0.2562580270944235,0.16584356670647293,0.6684360754452449
2021-03-05,-0.5116120382572443,0.15742734418198712,0.2642223315987663,0.2758152178702342,0.34255802885047004,0.3010218583226774,0.2133920842752097,0.13919554492844147,0.2656183857817699,0.1704433975012424,0.6820554357584874
2021-03-08,-0.5217511152460614,0.14900379284695386,0.2554968259649375,0.2664558245338593,0.3317657115022785,0.29247993364562686,0.20226851672103435,0.123591188746701,0.24623135859430662,0.14646761552567344,0.6682187307717354
2021-03-09,-0.5588703721764666,0.12770650136706482,0.23689520929935057,0.24711962067619608,0.310843959946837,0.26854470806558106,0.16755428958051366,0.0951924678655376,0.2255570364513398,0.1139676165263308,0.672837988702798
2021-03-10,-0.5794119234028274,0.11561771371594269,0.22204949212935618,0.23733488102728292,0.3005666784758767,0.25158181396504464,0.1549288015186878,0.08945428195690878,0.21984632277252006,0.10811960856581382,0.6875315319686418
2021-03-11,-0.5682941375283044,0.13885364695495572,0.24625491190755136,0.2554427214709097,0.32606757271170955,0.2754290308740169,0.1776343578670446,0.11153248757861142,0.23849556525937837,0.12531713167691785,0.6936112692052229
2021-03-12,-0.5669312912065889,0.1422409630890261,0.25076654094227097,0.25680366169911983,0.32458009097603385,0.2697325710614627,0.17442976191809492,0.11787689357524171,0.24331221370541153,0.1191752348320207,0.6861065260386103
2021-03-15,-0.568774578302054,0.14397442690560808,0.25363600967126415,0.256532065370513,0.31743126574326386,0.2651125149272067,0.16363833306066064,0.12065781959477773,0.24033129785339932,0.10621261365278852,0.6749871919548432
2021-03-16,-0.5590640876945527,0.15337855017151392,0.2631254380930864,0.26847833949929995,0.3318901206211399,0.28315353013385164,0.18306295017430912,0.1330414851010171,0.2535676224216167,0.11817176673173772,0.6772358544262911
2021-03-17,-0.5717794486833905,0.15397709312472835,0.26411214793304555,0.27130980470013927,0.33803532279685244,0.28973178850214426,0.19195854278909658,0.14623215359320363,0.27063888159569904,0.12857584356933197,0.7003552922527231
2021-03-18,-0.574560286868182,0.15724638619149794,0.26395051111020745,0.27223492957822676,0.33912975337608176,0.29058905835553483,0.1936658030601352,0.14626259648126755,0.27133308903968933,0.131923880767445,0.7064841676356275
2021-03-19,-0.5781326908912497,0.15510450033375267,0.2600383411202811,0.27183837471924477,0.3369374659443146,0.28739358280083527,0.18836910309428637,0.14292278023646168,0.26818333309782333,0.13122946530160326,0.7093621561928536
2021-03-22,-0.5615525270076651,0.17120769339132005,0.27632905176450084,0.28707083040887693,0.3548172187069029,0.3048005222830407,0.20400328731951392,0.1595493866611909,0.2851970808549153,0.14703853823634921,0.7085910652440149
2021-03-23,-0.5838249282822646,0.15506864476340645,0.26626672405916113,0.27623345597258553,0.3472664466169447,0.2971133813066371,0.1967264469201518,0.1503774185032502,0.2685574255606355,0.13287536957733587,0.7167002978596011
2021-03-24,-0.5898764726853617,0.14785816945049204,0.260883615649091,0.2686380406833576,0.33962467562026105,0.2885495051574241,0.18847194207585696,0.1392804529640719,0.25731784386223183,0.1191255931405015,0.7090020658258638
2021-03-25,-0.6056765548410881,0.14206673105835946,0.2565960579892477,0.26560952793355613,0.3379670863122648,0.28921114834982065,0.18812793103607758,0.1382039623979046,0.2579486579595108,0.1180139502852284,0.723690505126317
2021-03-26,-0.5994339722054418,0.1510841764373235,0.26522969476208363,0.2775812569649411,0.3540206330515446,0.30562150041844,0.20624499724643236,0.15313565255796954,0.27282722132876075,0.13419810843124874,0.733632080636691
2021-03-29,-0.5986889081510375,0.14970426010814492,0.2648662741643453,0.2768545149647005,0.35255673121124304,0.3090067593492439,0.20702141770704652,0.15188941132759856,0.27878692633126734,0.1347428486059444,0.7334317567569824
2021-03-30,-0.6106325811158663,0.14508405393172907,0.2615317688261144,0.2712456735954529,0.34331747863493806,0.29779505452252036,0.19278087517153739,0.14837229160770152,0.2723396897505589,0.12604601047010228,0.736678591585969
2021-03-31,-0.6214651920654424,0.14179789577408902,0.26010429887267594,0.273980525739095,0.3491047011285985,0.3065989224387954,0.19819148228960184,0.15346523728289174,0.27833711794924054,0.1309423281259454,0.7524075201913882
2021-04-01,-0.6224678514143454,0.14747613098881562,0.2648813315246528,0.2767810788144674,0.3534563458141924,0.3098213497272044,0.1979757906088359,0.15137439144455975,0.2822280214240808,0.13506945998508488,0.7575373113994307
2021-04-02,-0.6225102633689172,0.15206218515698755,0.26697706639112284,0.27905799681324966,0.3554942186348298,0.3152505656835811,0.201377304722118,0.15800282109114033,0.28870139814842005,0.14602007692014485,0.7685303402890625
2021-04-06,-0.6203885993784778,0.15672823123918123,0.2720443710506955,0.2891894516529411,0.3647738466208952,0.32836873117389104,0.21851599894686102,0.17611236127643176,0.2971913014133517,0.1588827200375201,0.7792713194159984
2021-04-07,-0.6149075284124476,0.1603241501816424,0.2770032930197424,0.29659494194521635,0.37157008797580876,0.337628958065924,0.2250567280257869,0.18267861876827818,0.30783703674634,0.16702701367141154,0.7819345420838596
2021-04-08,-0.6264149929336487,0.15099166147017437,0.2678361384598372,0.28935044140435,0.3650617090020882,0.3322534042412567,0.21959278487479955,0.17563105561544862,0.30251773054791165,0.16566518131343236,0.7920801742470815
2021-04-09,-0.6266968329872423,0.15267878645439323,0.268772653703523,0.28903480897480943,0.3665692058781887,0.33290713178814413,0.2197235992436306,0.17527418000133632,0.30080271389779406,0.16380691225216185,0.7905037452394047
2021-04-12,-0.64057705160017,0.13392086163861386,0.254170466238099,0.2735708842166239,0.3522160321501774,0.31940497127648293,0.20635508210467368,0.1604358019211605,0.29326792826636344,0.15260938323875628,0.7931864348389268
2021-04-13,-0.6553207869517357,0.12392740881506302,0.24742984047459216,0.26528267893806595,0.3457212960480295,0.3151023068578251,0.20409144204763585,0.15571142263459475,0.28503825774539376,0.14584009832364264,0.8011608852753789
2021-04-14,-0.6457198591123962,0.13466305587276683,0.25620903723988725,0.2794306636468915,0.3599321507323299,0.3290524857976175,0.21855653125170363,0.16588656941335617,0.29537483350888033,0.1592602818957185,0.8049801410081152
2021-04-15,-0.652983589480188,0.13373756146927301,0.2544310486970403,0.27808884158844765,0.3581486952457769,0.3253915542311958,0.21034519979306163,0.16488457788534075,0.2930965606465386,0.15654699220855947,0.809530581688748
2021-04-16,-0.6368986734568773,0.14824877242303153,0.26839067988894055,0.2939295200429636,0.3749746041256982,0.343724957570539,0.22792164569581705,0.18119556402766174,0.3066867485110399,0.17533875033899193,0.8122374237958698
2021-04-19,-0.6312336916920188,0.15975485164496256,0.27902412096714824,0.305549173454694,0.38708078905651533,0.3566566238678784,0.24451083249400468,0.19960142520008578,0.3193962917026068,0.19766538464572703,0.8288990763377465
2021-04-20,-0.6400473317293746,0.15738307041527844,0.27691638885501246,0.3020983631888681,0.38388459916296225,0.35294430334701715,0.23916479908725477,0.19653695320357875,0.31276885571199736,0.19433507827624547,0.8343824100056207
2021-04-21,-0.641665031936549,0.15781525660303436,0.2758181543144135,0.2988372514676444,0.38156296840378656,0.35133981624026106,0.23488351448367903,0.1936565332907869,0.30512782666087035,0.18900532837188322,0.8306703603084329
2021-04-22,-0.6354644059586217,0.16292487970862035,0.2804677843137706,0.30340171088495954,0.384826514543747,0.3553206894239056,0.23680203529899363,0.19845036265693586,0.3078630847727974,0.1915257984212853,0.8269902043799077
2021-04-23,-0.6443890764889453,0.1563144831323728,0.2744134941912125,0.2972452776325951,0.37470142013381114,0.34722888924552225,0.22943046413552973,0.18754018587282886,0.2960754669650559,0.18075409578238766,0.8251431722713335
2021-04-26,-0.6495775810493727,0.15151599146151343,0.2712862979555417,0.2931670145827584,0.3719789611249302,0.3412183802362004,0.22663134124316317,0.18399956893919842,0.29053556872702047,0.1777667862771117,0.827344367326485
2021-04-27,-0.649740994692362,0.1484130777997444,0.2669433758886416,0.2865025610189856,0.3661127169116536,0.3296633939640759,0.21082997833824477,0.17626144470894148,0.28661489184177785,0.16733313897680174,0.8170741336691644
2021-04-28,-0.6459173430939461,0.14964180597995602,0.2718654721030962,0.2905529267542728,0.36682494726072307,0.3252025286665317,0.21072558570274325,0.18157282774518763,0.29334218959188096,0.169012770091884,0.8149301131858306
2021-04-29,-0.6554682460323787,0.14394691575307136,0.2648196354148781,0.29099124333293097,0.36854888865716573,0.3253114055734605,0.2036749225987385,0.18045095747990292,0.2945753628313744,0.16687153930296506,0.8223397853353444
2021-04-30,-0.6477246427824378,0.14339876167564597,0.26014777541209766,0.2842198363389166,0.36061060314822796,0.3115928082372616,0.1884834797166371,0.16960194591725583,0.28405669358398555,0.1521456201202524,0.7998702629026908
2021-05-06,-0.643147022752855,0.1454204133007375,0.26358764216132097,0.290621907020454,0.3667462858553597,0.3156699630329237,0.1923117068758741,0.17911603269248744,0.2889515079708387,0.15407827138804145,0.797225294140897
2021-05-07,-0.6539754593679006,0.13646407584732406,0.25674679066212736,0.2882080134606407,0.36410505666327636,0.31222712777286676,0.18342556244004923,0.17841500096362378,0.2872604796476123,0.14350354180042105,0.7974790011683223
2021-05-10,-0.6258042407590161,0.14675069219886924,0.26155087854673814,0.2914283281217322,0.36341009799391577,0.31237872815981715,0.18651367307916603,0.1763403159303586,0.28464529144030143,0.1407565832364402,0.7665608239954569
2021-05-11,-0.6402880498028405,0.14289166833727784,0.265523929981421,0.29807115142279045,0.3717426852973229,0.3176534036418455,0.19463022246220962,0.18987074081095476,0.2919018572575752,0.1468701125502884,0.7871581623531294
2021-05-12,-0.6303189613458733,0.15485516204138094,0.27519847288145216,0.30515692085354107,0.37905520624540345,0.32967715968052813,0.2085487850878566,0.2011363467479814,0.29850846799076064,0.1574876158446319,0.7878065771905057
2021-05-13,-0.6489732781275492,0.14582431071674745,0.26656293649559804,0.2990695760175484,0.3745603318832398,0.3261792256364435,0.20576985001437026,0.20358398100561123,0.29786818666107356,0.15393727657731426,0.802910554704864
2021-05-14,-0.6444936005119806,0.1546923787539775,0.2761758785758159,0.310346008009558,0.3862853839065419,0.34061824134123514,0.2225470182608722,0.22501334276610332,0.3156036759114445,0.17157420390686529,0.8160678044188464
2021-05-17,-0.6600889684775794,0.14685949593561648,0.266158645574054,0.3019118357816435,0.37744541334309917,0.33392249943410174,0.21703406666455616,0.2207946794947877,0.31574204093105696,0.17264458010048037,0.8327335485780603
2021-05-18,-0.65253791923692,0.152391152783075,0.2698754013766784,0.3052414128393508,0.3810576143284402,0.33827545489038907,0.22566101074128841,0.22713008571743964,0.3246493854340393,0.1795379923251193,0.8320759115620397
2021-05-19,-0.6507085076004593,0.15509911100096985,0.2665428203669227,0.30317785435893363,0.37997419144795885,0.33529638973044795,0.22317429244342538,0.22814237749216454,0.32278751724363836,0.1765707463468977,0.8272792539473575
2021-05-20,-0.651947850996356,0.15575285385760315,0.26552855132738745,0.30219732919917397,0.37407416234190155,0.3289958283841331,0.22132454273997534,0.22405671913284422,0.3132715251867917,0.17595692849518563,0.8279047794915421
2021-05-21,-0.6543918281760077,0.14964879311388035,0.2594558199631316,0.30046410026935017,0.37710782830768025,0.3366709309591741,0.22440107059280312,0.23215826954432423,0.3204994709364927,0.17612637230941466,0.8305182004854228
2021-05-24,-0.6528088167770806,0.15366476554998493,0.267920161057039,0.30564589371662687,0.38565137787758047,0.34435557857514243,0.23496339145634249,0.23838105142203467,0.324335746718481,0.18240362550018274,0.8352124422772638
2021-05-25,-0.646734369543108,0.15568532325182596,0.27411879254598265,0.3134843160570286,0.3942076235519665,0.3532017561292146,0.24443650272977488,0.25149881368350463,0.3350063495876934,0.19546849938224328,0.8422028689253517
2021-05-26,-0.6447939847545274,0.15681962276986056,0.2808043844989517,0.3190687959376811,0.4001691737836057,0.3619172737057704,0.2552518605752647,0.2657271988368321,0.3423115324373549,0.20411575310217378,0.8489097378567015
2021-05-27,-0.6405844426434404,0.16309864750024902,0.2904417601780367,0.3273987102681228,0.40848096199122785,0.3694006600201025,0.26259182375534973,0.27405967578415485,0.35034327317521363,0.2197848073943981,0.8603692500378388
2021-05-28,-0.641122090936043,0.1587362703502773,0.2855685681705076,0.32196254395874196,0.4039973028655112,0.364318141812254,0.2583057723584364,0.2701561561614689,0.3444230547463391,0.2161120061796668,0.8572340971157102
2021-05-31,-0.6166265364085308,0.17254056395719097,0.2999937131292997,0.3354105613033287,0.41326692058167636,0.37324247254355325,0.26614075597352926,0.2780099903224634,0.3580517040706372,0.2283571870641202,0.8449837234726514
2021-06-01,-0.6131500952502879,0.17951159206205095,0.3073388310073426,0.34297235216802696,0.4219095024575727,0.3829734054565157,0.27429399759832257,0.28571645142414603,0.3675988169401601,0.23814051662162264,0.8512906118719109
2021-06-02,-0.6182929860409604,0.17108551875375108,0.2996636968886287,0.33559463968119657,0.4151634925094722,0.37762328616109603,0.26779589212495497,0.2788119836212272,0.3593154876723474,0.22970603050591928,0.84799901654688
2021-06-03,-0.6267463232587039,0.16369429316134582,0.29762921499288786,0.3356424805058101,0.4165754392734525,0.3787658875742376,0.26771351501221824,0.27908661406181384,0.36362992526194793,0.23004228403228805,0.8567886072909924
2021-06-04,-0.6287085116042913,0.16618570657742185,0.29799827092223263,0.335193060877049,0.41563662179842065,0.37760568020746577,0.2682714699349193,0.2788061927322781,0.36201121834127675,0.22987474904847835,0.85858326065277
2021-06-07,-0.6201541737637435,0.17490991373964532,0.3066814030249212,0.34269126148408824,0.4233425362689994,0.38036339047194584,0.2747066600222983,0.2917262964015215,0.36499957449067716,0.23721587711980321,0.8573700508835471
2021-06-08,-0.6295500309572806,0.1712823655908793,0.30404059514073567,0.34178981784177337,0.42348629463115733,0.3789586179884568,0.27850467856493716,0.2921218603101519,0.3659623535920688,0.23118714324285727,0.8607371742001383
2021-06-09,-0.6298079591243396,0.17342688845328183,0.30609961775558614,0.34443322727509285,0.42774216688618905,0.38127578175227483,0.28113314960846336,0.29379740012706335,0.369421816823247,0.23037794153480157,0.8601859006591416
2021-06-10,-0.6192222311990329,0.1824281273525694,0.31071022116961655,0.3514895228685114,0.42966969211353756,0.3837210876154493,0.28678929669380965,0.29761319364792027,0.37105141638032213,0.24246599240013994,0.8616882235991731
2021-06-11,-0.6279687183221233,0.17280958200859903,0.29700346059971705,0.3422303536609205,0.42378433709056895,0.37968668711949627,0.28056996991280325,0.2966192131790489,0.3677173795386767,0.23256071802608902,0.8605294363482127
2021-06-15,-0.6318365362108875,0.16950259182843677,0.2922860991517158,0.3341732707541777,0.4135709160373893,0.3663471733499447,0.2712626129327236,0.28367912060220435,0.35666862400681654,0.22575191771006872,0.8575884539209565
2021-06-16,-0.647941186642054,0.15519578348494117,0.2775072902526351,0.3241128491131235,0.40123090797034344,0.35530244176001125,0.26209448448381684,0.27604493643901656,0.35003410944679586,0.21423581528549993,0.8621770019275542
2021-06-17,-0.6381004847639412,0.16639294650807857,0.2838516334731144,0.3298139755524703,0.4039628957934882,0.36595449888559745,0.2698355012196744,0.2782178286126474,0.35318678247039226,0.2288133693479817,0.8669138541119231
2021-06-18,-0.6354811287673603,0.17423292906513457,0.29011013817413694,0.3366696244245701,0.41520362883718065,0.3789161193215704,0.2850254320948284,0.28569693401755647,0.358411636527236,0.2378464730777702,0.8733276018451308
2021-06-21,-0.619252957686741,0.1868126627659788,0.3004734799343095,0.3427763501504708,0.4254630603391254,0.39515861644360456,0.2997586080407758,0.29061953105994215,0.3656809977756496,0.25699684108512283,0.8762497987718642
2021-06-22,-0.621477906082006,0.18575456017509856,0.3030377947381019,0.34659122441192797,0.4318743409816248,0.4018740538653155,0.3088771911526228,0.30393595263400613,0.37452797965758866,0.26384845124096773,0.885326357322974
2021-06-23,-0.6156908880909757,0.18902956117613612,0.30771818176199495,0.3481120793101907,0.4349021502214367,0.40254694418366643,0.3123626898125619,0.3089778301081512,0.3778325951939138,0.2670453539600023,0.8827362420509783
2021-06-24,-0.6257818860328556,0.1794154298230181,0.29975896620044473,0.3401359735930457,0.4305807590039797,0.39720059586243106,0.3094775454885501,0.30384273188851896,0.3683351766921753,0.2632098001952608,0.8889916862281168
2021-06-25,-0.6317546617763845,0.17912681671692746,0.2989562795673606,0.3420741357698381,0.4332463441514759,0.40363379728971216,0.31837532615837844,0.30294258272300406,0.37530551042459365,0.26701383114572536,0.8987684929221103
2021-06-28,-0.6251567877169267,0.1857450251140102,0.30240554040908774,0.3478072354518771,0.43657372817462226,0.40810876883548874,0.3242488857368214,0.31597885645175994,0.37919941039023064,0.2788834055436833,0.9040401932606104
2021-06-29,-0.6269123373254408,0.1785305598934237,0.2908588963067017,0.33895270136723626,0.4284799359599692,0.39845655199065305,0.31199446673151854,0.3044554922446782,0.36983275980436253,0.27060480767337036,0.8975171449988115
2021-06-30,-0.6165434874653705,0.18521825291919974,0.297339534889984,0.3425919968333021,0.4335973545399968,0.40521312556928824,0.3290577020328618,0.3083362727030845,0.37292370722924895,0.28040856862632424,0.896952056091695
2021-07-01,-0.634522190371142,0.17124735291327983,0.2822000780352011,0.3312884680114628,0.42169835717752435,0.39420211142364286,0.30545249282770476,0.2964239885575047,0.3633667152798096,0.2735219387938423,0.9080441291649846
2021-07-02,-0.6353703923239136,0.16327595063363287,0.2719235601986755,0.32459902659091966,0.4183540766332811,0.3946010092033609,0.30389811882291246,0.28900034721787754,0.3569670410184678,0.2653142602422943,0.9006846525662081
2021-07-05,-0.6197098016127492,0.17919202999070166,0.2824203122720475,0.3351276258346394,0.42962710703422774,0.4158828376603963,0.3163146844884681,0.2992535924230939,0.3623636671180998,0.2779705484572941,0.8976803500700435
2021-07-06,-0.6344236386551197,0.17260294407444585,0.2841031206253237,0.3408214111782847,0.43274769784111383,0.4163395022956,0.3211004222479891,0.3043977974871903,0.3664917884253607,0.2730092347082755,0.9074328733633954
2021-07-07,-0.6187306292023464,0.18170215572083612,0.29117899212690657,0.34474109830563615,0.4354810611661778,0.4230246487047513,0.3324286707611607,0.3097044205419939,0.37243404334980146,0.2865316080603614,0.9052622372627079
2021-07-08,-0.621400924958737,0.17958707361358167,0.28633691639720577,0.33720571515204206,0.42774046145744515,0.41602144704478683,0.3358235156614053,0.30077619377250114,0.3648819299441701,0.280963341598965,0.9023642665577021
2021-07-09,-0.6069766861660261,0.18693833880967675,0.29409555710457247,0.3422625480995041,0.43447499664460565,0.42224365623861293,0.3381403469081922,0.30471964247592287,0.36920128380298256,0.28121427034222835,0.8881909565082544
2021-07-12,-0.5922717112956795,0.1979751645087684,0.30750043873473837,0.35529972625939715,0.44683791194686784,0.43390026553801936,0.34849789925855573,0.3249818636564954,0.3754483701865613,0.2968424070295746,0.8891141183252541
2021-07-13,-0.5903546586675456,0.2043892884812594,0.31377447550700416,0.358947369772443,0.4514964275217656,0.43905864984577464,0.3550678892399819,0.3327299563282671,0.38413894704141505,0.29775813940175133,0.888112798069297
2021-07-14,-0.6072368166468276,0.19426879994712623,0.3032979315357368,0.3494591277173412,0.44398836388185897,0.43266987081906255,0.3509350856368025,0.3285533981827231,0.3810136204464515,0.29207692539526064,0.8993137420420884
2021-07-15,-0.6057724263494864,0.18967124417205733,0.29838082252409137,0.3413719287525971,0.43456055912465563,0.4278614708202894,0.3357853267209093,0.3188887772134155,0.37934738322712824,0.2820306714125614,0.8878030977620478
2021-07-16,-0.6059025973713773,0.18575246062284015,0.2984845009687951,0.33899123334141645,0.4332047430286427,0.42837803611946323,0.33396352031231213,0.31503468420417646,0.38053631808895116,0.2780139225864398,0.8839165199578172
2021-07-19,-0.6078458940929955,0.1888171825607628,0.3010812768251191,0.3424210309782436,0.42861095091664186,0.42246383897707124,0.33465721307089175,0.3116907632789411,0.375694041705165,0.27694155048138747,0.8847874445743831
2021-07-20,-0.6039473754169111,0.18897638509004044,0.3042537053417758,0.34434885131196735,0.4318306459424577,0.42789254737813004,0.3358741388689972,0.31477786538278746,0.3774969034384576,0.28065074890772196,0.8845981243246331
2021-07-21,-0.5922976369748997,0.19843953405898673,0.3143562486844884,0.35251008828972796,0.4433586116781174,0.44780926502208346,0.35255135175265684,0.32306102711443857,0.38712343694725937,0.298133099984835,0.8904307369597347
2021-07-22,-0.586745286488065,0.20939520123154068,0.3222171609780118,0.35821133894727486,0.4480426474568537,0.45051550612471736,0.35878538880247657,0.3249533961400988,0.3908028491978897,0.29854642971520884,0.8852917162032738
2021-07-23,-0.5890337740867176,0.20916287394975341,0.3183055189952624,0.350241509330473,0.43656079116880514,0.4360442021078984,0.3402993487312968,0.30329163713322266,0.3801003205119717,0.2766064181504858,0.8656401922372035
2021-07-26,-0.5877649050794287,0.20244997234907408,0.30392647170757864,0.3386904843338054,0.4175607996761631,0.4168235376864827,0.3197968885658193,0.2848976663374076,0.35954979014148347,0.25593189702910035,0.843696802108529
2021-07-27,-0.622951733805861,0.17519337503680815,0.2845912306950108,0.3230456391391033,0.39963368785299186,0.3989265065255217,0.3054089834084674,0.2673766849262358,0.3425768147082697,0.24479976021838898,0.8677514940242499
2021-07-28,-0.6456880918391715,0.14206430955421195,0.2579613778237589,0.2994253039166513,0.3788525958256406,0.3683195043873076,0.28711148153966604,0.2478296161582258,0.32618234838659826,0.22537203883391513,0.8710601306730866
2021-07-29,-0.5984655687210011,0.1636496135573744,0.2794613541470271,0.3183139132152384,0.4158041732375566,0.40261667051057126,0.30238843984192615,0.26048905518504173,0.34467131456027306,0.2553724167635635,0.8538379854845645
2021-07-30,-0.5889239054826241,0.16784641202813835,0.28653449653659846,0.3269046601079424,0.430446728672171,0.4237662819711125,0.3060182866169149,0.26414485507875,0.34869049364066085,0.26655778261744856,0.8554816881000725
2021-08-02,-0.5799085383001373,0.18292280309986014,0.30283560723001934,0.3469648457396823,0.4510753656315128,0.4494655156455628,0.33027768115269024,0.285225045692775,0.3689467326992541,0.28949449249680975,0.8694030307969469
2021-08-03,-0.5968537211965892,0.17910459082940222,0.30331079312546194,0.3466001747251928,0.4527010493844935,0.44546992699055715,0.3297764951983252,0.28284308957280413,0.36662386900982635,0.28840986441163036,0.8852635856082194
2021-08-04,-0.5873553045583417,0.1959840557742311,0.31470686955162636,0.35737627063956146,0.460114943145453,0.4544063401240322,0.33748012119934984,0.2988480924758764,0.3799216960821076,0.30116790623957196,0.8885232107979135
2021-08-05,-0.596155516670559,0.19100041523265718,0.3118566411958596,0.3504272806151939,0.45266249694575755,0.4468897090188672,0.3288891559960908,0.2892121752747562,0.37208912877067063,0.2951994524166203,0.8913549690871791
2021-08-06,-0.6017357121385979,0.18813876235226024,0.31016844746685746,0.35103764630848433,0.4514604412745757,0.4451337075743498,0.33127711435855295,0.29510023180592865,0.3769490798032413,0.29480771968009917,0.8965434318186969
2021-08-09,-0.6018260201025163,0.19273514538643405,0.32131331517796274,0.36146847623658357,0.46581284955971786,0.45936395540345715,0.34543361666106365,0.3059900275507964,0.39489638781271386,0.31251009643537114,0.9143361165378874
2021-08-10,-0.5965534736048862,0.1998959007231102,0.33152371213038717,0.371669905261098,0.4762221614299945,0.46833358834120564,0.3554369535634205,0.3206309576942015,0.40522164263994565,0.32352948016392213,0.9200829537688082
2021-08-11,-0.586564147364578,0.21095650609527003,0.34125322471839437,0.3775738317399074,0.4825132059207504,0.4736371908702774,0.3593480709970222,0.3238791173578775,0.41111678893045206,0.32579081526874476,0.9123549626333226
2021-08-12,-0.5912150624246532,0.2125404356379509,0.34266382223393876,0.38027784006037196,0.486145801954084,0.4752379034467264,0.36282264328482194,0.3294455473183172,0.4164114751068529,0.3320111376793054,0.9232262001039585
2021-08-13,-0.5855483256253704,0.21530174012312617,0.34382399014000364,0.37953886050558905,0.48599836513316613,0.4755572629480651,0.36030750935189354,0.3274270553152347,0.4115445782811823,0.3278648061937354,0.9134131318191058
2021-08-16,-0.5917766429123249,0.21224083261856078,0.3432620859436883,0.3806219653858562,0.48972221677971967,0.4818885176638317,0.3654888865215035,0.32693184590580127,0.41175128152570856,0.3282167384122564,0.9199933813245813
2021-08-17,-0.6205772958346933,0.18844796835366553,0.3164195635585539,0.35904889082966285,0.46875218460989687,0.4599681044974619,0.34012474106603424,0.2988896370164403,0.38873969318791385,0.3011425855910267,0.92171988142572
2021-08-18,-0.6128117294304289,0.19850207013550006,0.3284279801393784,0.3694966595525129,0.47653490712063606,0.46901473807960425,0.34891084930569244,0.307436053259108,0.39863296195207304,0.3037565860474584,0.9165683154778873
2021-08-19,-0.6304455402715289,0.19151674948491676,0.32314100425478126,0.3651368416095763,0.47811557892211165,0.4694620723430411,0.35249554058121757,0.3072355422234262,0.3974705302758925,0.3107508877530636,0.9411964280245924
2021-08-20,-0.633770503136249,0.18441971399642124,0.3172912064311314,0.363393155057725,0.47392339932266087,0.46422697572423655,0.34012975484891084,0.30183683565326935,0.3920527678589635,0.30016432927565173,0.9339348324119007
2021-08-23,-0.6159137721028978,0.2015970263863974,0.33592565011182685,0.38585306917423356,0.5011676645951358,0.5002511063399162,0.3750866961234361,0.320661552297724,0.41642754977144264,0.33568256627083926,0.951596338373737
2021-08-24,-0.6196710750975416,0.2060526965527495,0.3422413384044123,0.3947947176394329,0.5059769898230235,0.5054664620004912,0.3784682974997912,0.32951365314870407,0.42463807935792575,0.3421792455775774,0.961850320675119
2021-08-25,-0.6127605023180336,0.2155874662294114,0.3480852679923227,0.401929546617852,0.5126529343570789,0.5123258024197189,0.3844188708186842,0.3367084178246265,0.43213801933903173,0.3534902870293954,0.9662507893474289
2021-08-26,-0.611306090001797,0.21172218384609376,0.34428384713042576,0.3963266282852571,0.5070221733219755,0.5042383125827493,0.3783749757806756,0.325361623856828,0.4187231802836391,0.34078537516797713,0.9520914651697742
2021-08-27,-0.6066371089569306,0.21240646619359896,0.3450660507731522,0.3931194449661496,0.5045405114221306,0.503232484265345,0.3748297105018994,0.3164914759792574,0.4122161239249737,0.33311451076932075,0.9397516197262513
2021-08-30,-0.5958864171166527,0.21581461847262698,0.3464343982713475,0.3931055574219055,0.5043490241244302,0.5020073862121974,0.37376297084079235,0.31703977729026034,0.40840351290791455,0.32634043094356646,0.9222268480602192
2021-08-31,-0.5910786983806899,0.21658709495711123,0.34679516835904706,0.39521102815545966,0.5079741743909804,0.49866264663529275,0.3655759932895553,0.3094036477009658,0.41119695488779917,0.31659304021020385,0.9076717385908938
2021-09-01,-0.6179292106247711,0.2030738959055432,0.3378048670053069,0.3956487164119393,0.5131193773358019,0.500447634429635,0.3595027590741829,0.31404478355125803,0.41825292584176643,0.3142107860887889,0.9321399967135601
2021-09-02,-0.5983473248071428,0.21778957615862532,0.3470029500146744,0.40627672592150216,0.5254429595159981,0.5066831273144277,0.3674266513936781,0.32625942296609123,0.42524164479763843,0.3171378583767445,0.9154851831838873
2021-09-03,-0.6126967694515619,0.21270761589563736,0.34720275049631455,0.4105648336551075,0.5290876968768549,0.5117101484082801,0.37391129922817284,0.33205822452755024,0.4281203650999088,0.3199431821335273,0.9326399515850892
2021-09-06,-0.6079771046337143,0.22127136618143853,0.3551308268514635,0.41782789607993753,0.5385100585419536,0.5224659497037656,0.3874137318333629,0.3527565796086662,0.442535465503858,0.34090775675749296,0.9488848613912072
2021-09-07,-0.6005800186846607,0.23293213409610217,0.3658724061314641,0.4285036706176836,0.5468199816345962,0.5321364387005698,0.4037497508934198,0.3670155142253303,0.45677890110845215,0.35147016197802317,0.9520501806626838
2021-09-08,-0.5948660390397554,0.2461251457810198,0.3760110088978276,0.43974657591649435,0.5566691879363121,0.5419785361687852,0.41232746108114304,0.3738190152497421,0.4576286815354201,0.3492014716507935,0.9440675106905488
2021-09-09,-0.5982664846261595,0.24936452225109157,0.3801843426983568,0.44207706541212616,0.5571562488795069,0.5418612958396443,0.41091100709302963,0.37218278121116816,0.45557015224029224,0.3458840764698336,0.9441505610959929
2021-09-10,-0.6150534727043809,0.23998352715458177,0.37219346687492266,0.43563758562503646,0.5522127905973782,0.5370182082422521,0.4084419083726323,0.37067372746226546,0.45568675768892813,0.3490880655527686,0.9641415382571493
2021-09-13,-0.5968744139577354,0.24814336284004435,0.37893274217651135,0.4393742754243383,0.5556926607392297,0.539887374329109,0.409460050075014,0.3739048631773996,0.4556473043521523,0.3443501685191395,0.9412245824768747
2021-09-14,-0.6219692514880913,0.2294122322091997,0.3622748253496259,0.42226746749843447,0.5429884678190938,0.5316410651172689,0.4061858299424373,0.37747813594178625,0.44808400571912294,0.34113645833601886,0.9631057098241099
2021-09-15,-0.6106544968232865,0.2391649437299075,0.36995716591464584,0.42742534148406564,0.549978307433198,0.5362040318800231,0.41089707637655776,0.3839473098263474,0.45478238987963,0.34042883653585354,0.9510833333591397
2021-09-16,-0.6288437860635413,0.22046337195845267,0.3544989066133326,0.41488952211126473,0.5368496109881957,0.5193586071232982,0.3977045477450483,0.37096405333106497,0.4442348107901905,0.3231887159597274,0.9520325020232684
2021-09-17,-0.6273162182181385,0.2170709068862078,0.3498060620749083,0.40869018510336336,0.53272330962886,0.5157637282326817,0.3948284881129978,0.3664800695393031,0.4415139632046857,0.3247559062685871,0.9520721244867253
2021-09-22,-0.6153531455702406,0.22310242173636982,0.3523389211112561,0.4131980242867444,0.5327118917112632,0.5142405302462001,0.39590503827032636,0.3734638651009792,0.44468973379442545,0.3217280907568712,0.9370812363271115
2021-09-23,-0.6302915350890441,0.2203935863746245,0.3622264535412311,0.42455098128778535,0.5437741487126365,0.5289671130547461,0.4077681517804495,0.3857832088893598,0.45495023794285355,0.32902884413628497,0.9593203792253288
2021-09-24,-0.6546195215945083,0.20305595908291937,0.34394293822441824,0.4096599065754283,0.5250411861363107,0.5127762932235073,0.39186564984741096,0.36970701384941135,0.439580372498026,0.31890201600250884,0.9735215375970169
2021-09-27,-0.6668994717378244,0.1858995809813018,0.3210120885678422,0.3725151215097214,0.49423587119365914,0.47647269418603044,0.3613117294947888,0.335975831062109,0.4148256743297209,0.2964892096602464,0.9633886813980704
2021-09-28,-0.6704693098628258,0.18435024730644922,0.3264669006997182,0.37898656821353355,0.49952931463033506,0.4850623384008203,0.36638119325034024,0.3472360354928568,0.42137216118777504,0.29489420856802123,0.9653635184308467
2021-09-29,-0.6998279083439779,0.15845705483493872,0.29824852138237046,0.348041484332179,0.47354764709453523,0.4492472014595544,0.33479298063388546,0.31738296688130907,0.3951915696184239,0.26646383273723667,0.9662917410812142
2021-09-30,-0.68392741970734,0.17511902925758183,0.31916804877191796,0.3717430651969371,0.4982787061955402,0.47991043256186783,0.35375259346258087,0.3357547100902579,0.416922589525472,0.28900431704871,0.9729317367560495
2021-10-08,-0.6796583497981566,0.18891885127890384,0.33526776338582837,0.39227762648902437,0.5187998240045968,0.49677381955979477,0.3693259077304618,0.3503477428211207,0.43111356564409875,0.2992946277859983,0.9789529775841546
2021-10-11,-0.6873846150695837,0.1857524570757615,0.33447051457110316,0.38946867546591113,0.5165017651826797,0.4929991117073949,0.36982675339199444,0.34805054330830176,0.4291537964535694,0.2979756087280553,0.9853602237976385
2021-10-12,-0.6946684137090476,0.1744168678335461,0.32064949729640435,0.37521515888379997,0.5013683568714095,0.47682235862206707,0.34470400674252333,0.32661842111562633,0.4058595605552034,0.2800157960025477,0.974684209711595
2021-10-13,-0.6992925854970806,0.1756803870990961,0.3252072419916923,0.3820010884533812,0.5008236113856985,0.4830709615820249,0.3543524259599852,0.331359222957004,0.4047041517465802,0.2928522502941964,0.9921448357912767
2021-10-14,-0.6957218229964272,0.17727868998316107,0.3281980638821016,0.3876856838866428,0.5081008197492667,0.4896932740938995,0.36038457937344565,0.34273884424978374,0.4141995254419329,0.30195886146670453,0.9976806844631313
2021-10-15,-0.7048311318990267,0.1698509099843012,0.3214759125634639,0.37876845595082953,0.49973123558210764,0.4818953089983163,0.35038301929514604,0.33346684885145816,0.409651146692521,0.30187708470034896,1.0067082165993753
2021-10-18,-0.6993609967960072,0.17157750484879952,0.32316763212184063,0.3859854123043444,0.5112658026972146,0.48885220604711255,0.35844056355630494,0.34686456645606806,0.422920614888796,0.3034378578393837,1.0027988546353905
2021-10-19,-0.6958901231845125,0.17547138348352778,0.3273795157213872,0.38926941394042625,0.5169451001290575,0.4930293711630774,0.3647848977345203,0.3489749060026047,0.42895310392358427,0.3098105251654965,1.0057006483500086
2021-10-20,-0.6915658674348316,0.17695570816864895,0.32799248644292855,0.38775134997755467,0.5136544959593281,0.49072977978524357,0.3585383575527942,0.34416286127948365,0.42463603688924334,0.3056735501223758,0.9972394175572071
2021-10-21,-0.6958066416892773,0.17102207447868065,0.3235928628280851,0.38091503937989774,0.5093284018559263,0.484117405483279,0.3495807725221075,0.3394616244847083,0.4225596202653839,0.2983754613557066,0.9941821030449836
2021-10-22,-0.7139201427534851,0.15332847917581607,0.31160689535950503,0.3744770681974362,0.5003629828987559,0.47834159006168175,0.34676839401229936,0.33278136108249673,0.4147729165211501,0.2942007911409493,1.0081209338944341
2021-10-25,-0.7003089701942836,0.16765094084333085,0.32067245341674894,0.3789613103419308,0.5036806180033103,0.4832094672435093,0.3530351672806271,0.3359548130532411,0.42112542487236637,0.29937147929522623,0.9996804494895096
2021-10-26,-0.7088497774724164,0.16434188042307915,0.3175877365956768,0.37452966900537765,0.49914061074459387,0.4790985879587744,0.35286369953053237,0.33238426097988505,0.41685546919288896,0.29484843375579506,1.0036982112282113
2021-10-27,-0.713625388088562,0.15441486094879361,0.30469449259184384,0.3567105116776478,0.4792432117051267,0.4573982875980782,0.3271799051614,0.3151919816683686,0.39882329109658055,0.2703479491849277,0.9839733372734896
2021-10-28,-0.7330220749215931,0.1344355702839689,0.28644784400131806,0.3387301511801756,0.4637122586142158,0.43903082332302035,0.3062719583521646,0.29653634172439314,0.38200196135108233,0.25220688823891385,0.9852289631605068
2021-10-29,-0.7186999563389135,0.14632285861902974,0.3021406397749186,0.35851861795561546,0.4827948937151786,0.46183274727697976,0.3199296757084551,0.30922261842388005,0.3957010882416355,0.26809123135411705,0.9867911876930304
2021-11-01,-0.7052014648694988,0.16187596676058472,0.3115093951875737,0.36800798959208053,0.4957236200362404,0.47946794924927894,0.33520750822833023,0.31733713002872865,0.4066841003532222,0.28479201746495036,0.989993482334449
2021-11-02,-0.7099628357215761,0.15640387990739965,0.3041311954848278,0.35046942892377664,0.4761392795950365,0.46457163554998376,0.3229567960859836,0.29815441235728823,0.3915288482286511,0.27497005088429655,0.9849328866058725
2021-11-03,-0.7115621350895124,0.15849010974762584,0.3097299977406793,0.3583000002446346,0.48442911418644485,0.47701147073963274,0.33517886021538734,0.3041971155564964,0.3989044785897495,0.2843539620901446,0.9959160971796568
2021-11-04,-0.6913269477034546,0.17843161117271739,0.32488318530260096,0.37073133693202026,0.4958019848956798,0.48733467323267277,0.3493352606923789,0.31699074330535143,0.4059995789450119,0.3007962999589293,0.9921232476623837
2021-11-05,-0.6940227080786491,0.17241306560167766,0.32653040411904377,0.3706049779974615,0.4963350804702028,0.4878476424345155,0.3475616507733614,0.30187546140068644,0.39285422367585,0.2889851343354763,0.9830078424141251
2021-11-08,-0.6916603848109796,0.17267570636931404,0.3268026071834966,0.37238723452884426,0.5019092275740483,0.49425696302671157,0.3570350399382818,0.3125907494636525,0.401157272289773,0.29646024358111667,0.9881206283920959
2021-11-09,-0.686225188225066,0.1827263962137691,0.339422887505753,0.3853462718434446,0.5126993089737403,0.5013985447608558,0.3678954028326449,0.3301896275402539,0.40753563147707533,0.3098747975374834,0.996099985762549
2021-11-10,-0.6750110255417469,0.1914827878791396,0.34843842231302574,0.39423811616681387,0.518974025676139,0.5071016434451905,0.3719238536855339,0.3321447098807036,0.40918184352457027,0.3094271843807191,0.9844382099224656
2021-11-11,-0.6657977456858775,0.20224969586930183,0.3570157750472169,0.4033873056094118,0.5276383634599968,0.5170249376192725,0.38425519460049395,0.3437093584684269,0.42052304136306984,0.31950368852162564,0.9853014342075027
2021-11-12,-0.6508490106068271,0.21673458162936174,0.36823499415561767,0.4138610839744559,0.5376292985710143,0.5251879385687527,0.39019606507027654,0.3497872151071184,0.43114607085287593,0.32822626970934865,0.9790752803161753
2021-11-15,-0.6430500151911704,0.22254963406845588,0.377551601789775,0.4243370761816179,0.546579336188374,0.5359461774065919,0.3992172195802706,0.35873020360985175,0.4428902544074047,0.33666705340669184,0.9797170685978619
2021-11-16,-0.6543530641519822,0.21221545031221925,0.3667860217346824,0.41367958594445464,0.5393568336586129,0.5276698339210694,0.394268221555696,0.35311076867445734,0.4345553052656111,0.32753925685108426,0.9818923210030661
2021-11-17,-0.641067710805923,0.22461683629246992,0.38118181211931074,0.4263495290611994,0.552588516928957,0.5399628440619906,0.4060218137874642,0.37005834845772895,0.45572922816116174,0.34332511696095724,0.9843928277668799
2021-11-18,-0.6572348401167234,0.21158458545682815,0.36970060585425674,0.4186326184410282,0.5430377697583393,0.5307716949866368,0.4017196348495641,0.36707650771895695,0.45349472786484385,0.34324605059782953,1.0004808907145526
2021-11-19,-0.6527342627600299,0.21995985239864776,0.3819144220845185,0.4319152424460548,0.5556669112090706,0.5419277176447896,0.41549754250818444,0.3838303631982505,0.4673107065961826,0.35822229078559437,1.010956553545624
2021-11-22,-0.640008226404959,0.22853829965375158,0.38832593064792426,0.437694295484311,0.5594485557094664,0.5454216241275662,0.4213681554176389,0.39745667648401645,0.4816784226762284,0.372943606977891,1.0129518333828498
2021-11-23,-0.6357361407814737,0.22879721593484706,0.39118421014923555,0.43980585277469014,0.5629149783312914,0.5498738249821179,0.4234686103831893,0.40601042949883065,0.4839770758461407,0.3778441525494219,1.0135802933308953
2021-11-24,-0.6310850621799674,0.2285400381244583,0.39205366903825095,0.4404903779219523,0.5658201977498939,0.5554524817498023,0.42774245099858527,0.41221315822391347,0.4950078277080435,0.3842445567317827,1.0153296189117498
2021-11-25,-0.6372773923758096,0.2276018824838557,0.3904006910736016,0.4390608775043537,0.56607834355262,0.5561324824968749,0.4294300210570627,0.41575614251251775,0.49955880379723117,0.38717249410584725,1.0244498864816565
2021-11-26,-0.6413316559183485,0.22374600249400106,0.38693125509660087,0.437837709493957,0.5626356487821407,0.5533240504176816,0.4243198691294429,0.414040577850766,0.5001329695465001,0.385797915532079,1.0271295714504272
2021-11-29,-0.6370418550023604,0.22912969615845238,0.38764195773245314,0.4363557376114368,0.5581354530862379,0.549037547682822,0.42104390609746145,0.4173331039099012,0.4940249480424709,0.3848445952691109,1.021886450271471
2021-11-30,-0.6377340379136838,0.22933779399318052,0.3931512570133819,0.4438280572784521,0.5677647743617107,0.5593333738009,0.4363402673035709,0.42562723187039464,0.5026734420611706,0.3943827980801764,1.03211683599386
2021-12-01,-0.641675141939643,0.23340465455155315,0.4010435759400121,0.45584422380078093,0.5790018026413161,0.5728005909647766,0.45180997416287355,0.4404184811081087,0.5150672045148095,0.40198798512371536,1.043663127063358
2021-12-02,-0.658199429041295,0.21988243361376553,0.38870215832252947,0.44323049025723005,0.5683005520925527,0.5643828409030643,0.43980271871816856,0.4194529790025069,0.5114774027875556,0.3853751281678003,1.0435745572090949
2021-12-03,-0.6641383380919829,0.22320170323155777,0.3946851798101498,0.45055176089416216,0.5768697778305861,0.5697425018336139,0.4458999334015646,0.421202633677687,0.5183302504865975,0.38899272467113155,1.0531310627631139
2021-12-06,-0.6757384153810901,0.20817773877813836,0.37834110971374485,0.43617599973372745,0.563116088762018,0.5558746490535671,0.43035515844449695,0.39476433584439763,0.5096431022165493,0.3662409801436979,1.0419793955247874
2021-12-07,-0.6807100709026478,0.2043517312835107,0.3766341627034414,0.4341814975129291,0.5580113843143726,0.5432070492598692,0.4194166088366059,0.38712819191831455,0.502432468279595,0.3475011839559186,1.0282112548585658
2021-12-08,-0.6763518669303341,0.21093130189221326,0.38447311006305973,0.4469557632919388,0.574729339522718,0.5592458432357815,0.4362310823341366,0.4022371297907925,0.5171738272114718,0.365500056533224,1.0418519234635575
2021-12-09,-0.6725311618125,0.21738177298782285,0.3930996367109,0.45181928510849917,0.5800077908108143,0.5627197281839165,0.4430005429419706,0.4057450333962133,0.5208430996700206,0.37359012510683254,1.046121286919332
2021-12-10,-0.6784165231946044,0.2161717350547992,0.3930481212884441,0.45284682128459425,0.5847700827550528,0.5705705420389178,0.44729415284430263,0.414597534490353,0.5266343469397071,0.3799863056482411,1.058402828842845
2021-12-13,-0.6726331151893977,0.2202830433840045,0.39885016275510315,0.456098732644437,0.589923127884639,0.5741244873204403,0.4506229810725108,0.41827901751273044,0.5326014251167708,0.3830892308095593,1.0557223459989566
2021-12-14,-0.6717482540236954,0.22416238025308144,0.40326946754530024,0.46040475014756266,0.5946906887760894,0.581190583003322,0.45352082764776935,0.42935391295207376,0.5370226810641995,0.3901869575708455,1.0619352115945404
2021-12-15,-0.6739574443927203,0.22385462039845763,0.4014210917992529,0.45844494446942563,0.5935610386532804,0.5838113388540684,0.45673700609543433,0.43378880785690743,0.54459033672708,0.39390961682294634,1.0678670612156662
2021-12-16,-0.6643197224791699,0.2298467670170868,0.40968167621255724,0.4673186194256105,0.6015274067651382,0.5915723766862009,0.46656473078864885,0.44080990684384175,0.5569596649914398,0.4026601260352822,1.0669798485144517
2021-12-17,-0.6707666853292764,0.22630898199289093,0.40285018002516276,0.45868621021015954,0.5925054442299572,0.5825664532643982,0.45923590935016295,0.4278636549969947,0.5480938356069366,0.38819247723675615,1.0589591625660322
2021-12-20,-0.6825959229339323,0.2156707566440458,0.39504474420893865,0.45041310651143057,0.5829079989937263,0.5730832287238089,0.44640237662603083,0.41431153458683073,0.5377030189919314,0.3750173012454477,1.0576132241793796
2021-12-21,-0.6703309705690633,0.23447683656478627,0.4122052298171314,0.46821358219116943,0.5995555285542769,0.5890752907407962,0.46066198551465837,0.42863260153168103,0.5526017477213886,0.38629446545366736,1.0566254360227303
2021-12-22,-0.6765411128407408,0.23312511531560406,0.4144394755275157,0.47180590193886035,0.6058053960925717,0.5979891108111884,0.47059304751391096,0.4355190751558814,0.5591739588222189,0.39632994727302734,1.0728710601137676
2021-12-23,-0.6909814783331585,0.22638476414998718,0.40844032591842294,0.46549577731545894,0.5992727864840766,0.5990780330200421,0.4660285034980075,0.4290944449409358,0.5636173693104465,0.39283483909718925,1.0838163174303472
2021-12-24,-0.701528633108446,0.2164813605696788,0.40109686123487137,0.4549120236608123,0.5803627402840917,0.5777671750108089,0.4393038673904835,0.4036570796863315,0.5474552256509484,0.37267425055616643,1.074202883664612
2021-12-27,-0.6936501110999341,0.22236175447790915,0.40633454475777614,0.4580989916902789,0.5846517154362921,0.5843034102698684,0.445271286134071,0.4057624949277648,0.552939531885329,0.37758299915143895,1.0712331102513726
2021-12-28,-0.7044865795780959,0.22088531291902175,0.4093575571122418,0.46417240621793987,0.5907037780809995,0.5964235913801053,0.4650872455020463,0.4161561921743516,0.5602764142747809,0.3916460968867139,1.0961326764648092
2021-12-29,-0.7078340383464864,0.21623433255951557,0.40764153500333067,0.4648308558671774,0.5908776363183652,0.5969215215503305,0.4625300135498058,0.41687383188208793,0.5595918803750052,0.39111082501648137,1.0989448633629673
2021-12-30,-0.6992148771678335,0.2236548305934466,0.41551535802951806,0.47198078561696155,0.6013126133165534,0.6096767070549894,0.47495032731268483,0.42466900544726427,0.5668084700475786,0.40481989629390636,1.1040347734617393
2021-12-31,-0.6915809163836285,0.23048268830614235,0.4211142969009382,0.4788977535701584,0.6085961450732644,0.6150924046812613,0.47842113847496603,0.42903853952586224,0.5731874076864565,0.4095853799527339,1.101166296336362
2022-01-04,-0.6806430764599812,0.2388910320719432,0.4289572263118798,0.4902431069659286,0.6229747332116119,0.6282661123820553,0.49138569620100336,0.44284040916299927,0.5832011208387742,0.4118699559237355,1.0925130323837164
2022-01-05,-0.6959700069972237,0.22820750442609788,0.41865549354193315,0.4792915026615288,0.6124020828547664,0.6160769841418623,0.47518015535867747,0.42497074934061774,0.5589432939222068,0.3881823140999232,1.0841523210971467
2022-01-06,-0.6883328664229702,0.23323861477974375,0.42462694677119156,0.4874750156720091,0.6200988299775805,0.6247272335272385,0.4870022328558003,0.4366793169393642,0.570405625504199,0.40022958586833446,1.0885624522913044
2022-01-07,-0.7094613171353057,0.2181952276568489,0.41027827556311536,0.47682036237903763,0.6073288415948036,0.613827728260346,0.47185073968504526,0.4120643813728321,0.550551978701632,0.38034561404506273,1.0898069311803682
2022-01-10,-0.6966813060819678,0.22645545618125662,0.42005212031446443,0.4865627127741404,0.6152119011171611,0.6213524855876819,0.4805785126164167,0.4236691479879356,0.5553190147728794,0.3892992222873818,1.0859805283693493
2022-01-11,-0.7053770577862124,0.2246742267448049,0.4190332129893418,0.4851505232540726,0.6170881634833373,0.6149366960987211,0.4742263773829183,0.4166296527086003,0.5491216180637015,0.3762620285982848,1.081639086384497
2022-01-12,-0.7035501130154058,0.23029766381213063,0.4270938688231309,0.4997498747880451,0.6348796534072259,0.6338286400194015,0.49465214589409123,0.43035493818126935,0.5682395242333079,0.39515160901355506,1.0987017220289605
2022-01-13,-0.715546458831603,0.22113763694071875,0.4189885098407688,0.4936859483888113,0.6288423382051158,0.6260295977865965,0.48105621655048725,0.41959267839722847,0.5574776561698777,0.38031895792290404,1.0958654167545065
2022-01-14,-0.7088945474489089,0.2160122540615039,0.4084673322104834,0.48386354980469465,0.6200769932465178,0.6209265185469041,0.4826077435166817,0.41185897457114434,0.5481795703070587,0.3828665765194629,1.0917611239683713
2022-01-17,-0.6990745227712898,0.23238631176252558,0.4277705116101984,0.5028160334580373,0.633109650372109,0.6351298953333989,0.5109367377202391,0.42495648137398906,0.5565758133118343,0.4028119922159426,1.101886514987232
2022-01-18,-0.7304694809779341,0.21632946936008354,0.4113518549016236,0.48505517597121806,0.6179781748546158,0.6304490494672441,0.4981854976565691,0.4163144562321789,0.5575497174740629,0.39131126837477415,1.1217807493527077
2022-01-19,-0.7311061668577036,0.21076675989145574,0.4067045990168769,0.4834532678236522,0.6203004513936599,0.6351912911145416,0.5041486032810807,0.41921892557816853,0.5622245662454957,0.39362722847434267,1.1247333953320457
2022-01-20,-0.7563935782352279,0.18794882101800423,0.38197069727387833,0.4650232587978727,0.5937532771387896,0.6059258607218089,0.4703125581508764,0.4007927158797723,0.5430716383858969,0.36590516365130193,1.1222987418865293
2022-01-21,-0.7796456590243112,0.1759354678317186,0.3725602886049585,0.4560219307723681,0.5842834429969485,0.5935685827469436,0.456485687369143,0.39576798832103866,0.5347381901095344,0.35121204009306206,1.1308576991173729
2022-01-24,-0.7836770508592309,0.17332186200631614,0.3690347471570064,0.4547118263846584,0.5827135034845727,0.591527741509028,0.4545622759010221,0.3910101789619679,0.5334748073771545,0.35219318233110775,1.1358702331903383
2022-01-25,-0.8203895413403097,0.13671174835896613,0.32667996393801646,0.4128251316536312,0.5338034031314787,0.5452667350445952,0.4116627787135766,0.35237666160873715,0.4950601847517896,0.3135088885715306,1.13389842991184
2022-01-26,-0.8185168912997611,0.14598977188874518,0.3370325545826392,0.4180445999156691,0.5400698477409773,0.5547927148926254,0.4215940948254605,0.36116815118391027,0.5039697762308374,0.3176015364963971,1.1361184277961578
2022-01-27,-0.8523139283430594,0.11755141093007343,0.30539184950901754,0.3811485395986086,0.496416712103832,0.5173574307877649,0.3966922791659155,0.33723346586649106,0.473049493758408,0.28648281773524475,1.1387967460783037
2022-01-28,-0.846184546513408,0.1299024206963035,0.3211646152772046,0.4009006612674288,0.517598505484922,0.5323130321068259,0.40668823669737464,0.3442416762068461,0.48806574159402205,0.29300586377594373,1.1391904102893513
2022-02-07,-0.8324785283881238,0.15033704183068264,0.3331206580343484,0.4117351205504699,0.5239459130345284,0.5513682290652351,0.4270810113336164,0.3669886485161355,0.5018594463553901,0.2984471720608775,1.1309257004490008
2022-02-08,-0.8218270247441513,0.16882060798365525,0.3514224349484833,0.42757979248981026,0.5401119495951322,0.5610748643314626,0.4444557717297469,0.38691040841043406,0.5119160726011104,0.2975581509413741,1.1193851756855249
2022-02-09,-0.8171621126078298,0.1765137639201727,0.3618470774882518,0.4380253985419845,0.5525540718249969,0.5751004948926539,0.46574892714590327,0.41498042640959465,0.5312532367403507,0.3121683815595011,1.1293304941673303
2022-02-10,-0.8104650102708771,0.1801488606607977,0.3628212578078672,0.43683017333682533,0.549609985750322,0.5715505931164259,0.4607291971680073,0.40781997001834186,0.5190145192494484,0.2946747027005915,1.105139712971468
2022-02-11,-0.823889856404266,0.16607328270196886,0.3477995851871956,0.41828688982544837,0.5310029773467045,0.551273107569917,0.4391750476571061,0.3822452161413972,0.4902028819749128,0.26342459097232135,1.0873144473765868
2022-02-14,-0.8328922553115937,0.15949135579077925,0.34463914902805026,0.4180771370480333,0.532399140077099,0.5555396948451764,0.4437115910286075,0.3890088781780542,0.4928283934313522,0.26331295132660465,1.0962052066381978
2022-02-15,-0.8420433655517934,0.15782312914679725,0.3447548191317358,0.4185936538970571,0.5351033143104196,0.5643210959799496,0.45500338795182993,0.40201175704296677,0.504598072091811,0.28277396940919924,1.124817334960992
2022-02-16,-0.8375653932568052,0.16290993321582856,0.3551422813485716,0.43063422767795834,0.5487498378291428,0.5801660930193923,0.47455674857747665,0.4167520743426883,0.517003630158024,0.2973496865377357,1.1349150797945404
2022-02-17,-0.843985739349596,0.16309880923326975,0.3555180264403973,0.42606516504604475,0.5451937432975067,0.5762299733501465,0.47390642821262635,0.41344351672731355,0.5131795697465169,0.2982477852643884,1.1422335246139839
2022-02-18,-0.8472550806610313,0.16608870047893187,0.36167026092869675,0.4361918132243577,0.5548527437900997,0.5850629397793202,0.4839908704744106,0.42613306046710925,0.5227381890549013,0.3022479425352781,1.1495030231963088
2022-02-21,-0.8312779074632678,0.17654694754762412,0.37504256041547773,0.44832170638796975,0.5686907289953862,0.5972868646796561,0.49798875007449034,0.439389716174744,0.5398253410888503,0.31069495125029467,1.1419728587135618
2022-02-22,-0.8372026885125089,0.16763476096925312,0.3655082705409003,0.43639439969387184,0.5566784929419041,0.5849984142085737,0.48536672685580107,0.42496983300756475,0.5227232333700047,0.2941640196041415,1.1313667081166499
2022-02-23,-0.8280500914665242,0.17938108385018908,0.3779943000736984,0.45119674517414743,0.5710300514952004,0.6023956877083818,0.500306562514905,0.449826112707162,0.5384057538714189,0.32627201542149753,1.1543221068880212
2022-02-24,-0.8521707056236131,0.1591524162210562,0.3591381344983619,0.4328107091484294,0.5496321945882956,0.5784560856369061,0.4750372402567806,0.41719316810126206,0.5085150775157767,0.30081787714274505,1.1529885827663575
2022-02-25,-0.8540598736506295,0.16377176027797066,0.36677184772675425,0.4452229791453071,0.561542543765716,0.5903101916589683,0.4903828460560611,0.4298371990795684,0.5198717144667406,0.31867677349148926,1.1727366471421181
2022-02-28,-0.8556181213065261,0.1664110082154256,0.3687058773077471,0.44875235744937025,0.5620133426980852,0.5898166141969247,0.49119482162738265,0.4303419413947375,0.5199706627547693,0.3158386632085948,1.1714567845151203
2022-03-01,-0.8552303664912495,0.16931827870886157,0.3739588427631935,0.4574626715511628,0.5732482628750306,0.6006655901744851,0.5015084853213406,0.44443557677260837,0.5305311855615659,0.3234802015804018,1.1787105680716505
2022-03-02,-0.8540436740199187,0.16936564335612558,0.3766690020251124,0.4617183566856458,0.5776682759590097,0.6056036040071489,0.5072530434958551,0.4496770072227544,0.5382515047162628,0.3255446996716515,1.1795883736915693
2022-03-03,-0.8505550345887227,0.17147962249475143,0.37459497009163106,0.4594731991887322,0.5780135794538038,0.598727943065945,0.4943136642685091,0.44796809359606027,0.538633944325129,0.3135946443871187,1.1641496789758405
2022-03-04,-0.8676087932829389,0.1627910367734732,0.3676163517033786,0.4495880047436801,0.5672050588117791,0.5894155761618379,0.4824266249890618,0.43359404112408434,0.5258142701669078,0.30152234146390855,1.1691311347468467
2022-03-07,-0.874231908402882,0.15299882373012827,0.3574561245520985,0.43807505257296275,0.5520100313756551,0.5690912996304086,0.46176217690551047,0.4137936360945274,0.5063659579809257,0.27685321999164153,1.1510851283945227
2022-03-08,-0.9170131058047376,0.12020738823047261,0.3264020087931022,0.4060086990242541,0.5206916757190284,0.5397768483582106,0.43166433769434626,0.38228442275145497,0.4769629241148417,0.2481999359978642,1.165213041802601
2022-03-09,-0.9232404334997588,0.10578470749270705,0.31147989841109186,0.39210849514459367,0.5092288758127828,0.5259003097121706,0.4172884025144571,0.3679690293195175,0.4611839838640724,0.23112279753005854,1.1543632310298166
2022-03-10,-0.9138633237154311,0.12383771549760685,0.33087397883122033,0.41130093765815245,0.5323503960391014,0.5435818230065464,0.43757432728614976,0.38255776713240686,0.47962688223973565,0.24704777623327948,1.1609110999487098
2022-03-11,-0.9159469078798327,0.13170792129830194,0.33820428598693775,0.4219029269186694,0.5450460494801369,0.5501856225917925,0.44599314691391795,0.38958218931791677,0.486758293400623,0.254627567194759,1.170574475074591
2022-03-14,-0.9381875108843016,0.10503968724413681,0.31107612780566635,0.3933833048866637,0.5145125304185081,0.5186361730289677,0.42065603761567905,0.36326883109405894,0.45726703711160976,0.22579462478848566,1.1639821356727866
2022-03-15,-0.9691324435625039,0.0488096257243561,0.2540776129096004,0.3408143259257981,0.4644843088217464,0.46844360968870463,0.3630150177194791,0.3061633260463816,0.402895981416471,0.1796425254855405,1.1487749690480438
2022-03-16,-0.9385846656106631,0.08286995117041387,0.28836511582192204,0.3726814698071877,0.5016205384561697,0.4979599084662237,0.39638713935144876,0.3386962058664474,0.43112966233236355,0.20375135750165108,1.1423360231123136
2022-03-17,-0.9251140776951597,0.09956534857495208,0.306351980432925,0.3911922842807713,0.5218874355507582,0.5207490448447604,0.4175596436961726,0.3533022701394283,0.4506139019296885,0.23108219357394041,1.1561962712690996
2022-03-18,-0.9250280664302467,0.10711145034284267,0.3248302031455331,0.40591400987315285,0.538180579098849,0.532265107331526,0.4334313698679194,0.37342668806058427,0.4673534763431844,0.2356636258127261,1.1606916922429722
2022-03-21,-0.9091729704780597,0.12101968971168581,0.33400226037605124,0.41825881285339556,0.5516705913510002,0.5427296584939523,0.45007778388916236,0.38119472048522385,0.47702853244674126,0.25223090659105196,1.161403877069111
2022-03-22,-0.9219877020696605,0.11444216864871808,0.33245981102807465,0.4194419772384436,0.5518001908811393,0.5447301713353767,0.4529984248973082,0.3753650896806853,0.4795225056208959,0.24590548101376306,1.1678931830834232
2022-03-23,-0.9256190503691453,0.11309119563695173,0.33552071708255604,0.4208967832145829,0.5558150619563539,0.5487299564700198,0.45879797657431637,0.3816941381986533,0.4842057041291903,0.2516436324679089,1.1772626828370536
2022-03-24,-0.9396785346156464,0.10377425883827418,0.32566484983921906,0.4102387491700093,0.5435589606414679,0.5362386123740064,0.4477767776120093,0.37341382233986375,0.46897005022477195,0.23820671661438936,1.1778852512300353
2022-03-25,-0.9477379444962867,0.1002539418608634,0.3245612098634586,0.4088087406234747,0.5425553484687955,0.5339045196792054,0.4422823257255679,0.36677853884119627,0.46066973461946176,0.2270023084040952,1.1747402529003814
2022-03-28,-0.9538544130782499,0.09653747796973917,0.32077159016260687,0.4058792370690837,0.5426086385145841,0.5299953509083779,0.43720408018442986,0.36207557323676876,0.4592649186292841,0.2188272166376059,1.1726816297158553
2022-03-29,-0.9581621929726696,0.09424187869813686,0.31395382711264747,0.39608478083010434,0.5319586180402066,0.5147724620890424,0.42231298874279805,0.35435906006924306,0.4466113811521342,0.20400475288674316,1.1621669458594124
2022-03-30,-0.953664256793045,0.10391011676215645,0.3327624030695547,0.4130881045844197,0.5504346950756936,0.5361365812231761,0.44073815432020685,0.3727529577601595,0.46759708487717316,0.2258631505401402,1.179527407333185
2022-03-31,-0.9528126984838682,0.10546027173140325,0.3337281781517774,0.4084978421871164,0.5488239158118913,0.5324263576939977,0.4388098936196951,0.36742022442735917,0.4649322619418088,0.21957699694750518,1.172389695431373
2022-04-01,-0.9529129340065693,0.10675012139639917,0.3370365705036168,0.41019838202220155,0.5487571754527552,0.5265190317875859,0.42788540450056867,0.35776855309259414,0.46382256182111414,0.21486498595531742,1.1677779199618865
2022-04-06,-0.9423275077746519,0.1197455531529118,0.3454025101155988,0.42014660665722836,0.5596786990690544,0.5386694549277203,0.43817062362895143,0.36846331801389803,0.471741572199892,0.21348590119438107,1.1558134089690328
2022-04-07,-0.969024793580306,0.09763278427735839,0.32433893306310196,0.3988654584555884,0.5391115777044976,0.5163339117663557,0.4107737020108332,0.3389427727284611,0.45093417177914213,0.18708356592378125,1.156108359504087
2022-04-08,-0.9625396065812383,0.09649001938901033,0.3220028453631374,0.39099510403163307,0.531810881945707,0.5052757513387915,0.39641142561208714,0.3251139120979847,0.44447964849805793,0.17245142195962643,1.1349910285408644
2022-04-11,-0.9816664145015646,0.07769718128918784,0.29870152809532435,0.35757947854978367,0.501730220655187,0.4694393164955421,0.35890914632064125,0.29359124090966504,0.41252515170333737,0.13468609738403237,1.1163525118855966
2022-04-12,-0.9718405978246564,0.09332121201985043,0.32087807962798004,0.37675219693261397,0.5228674316557822,0.4896201457350669,0.3772878492329889,0.3158653261657516,0.42970366630020174,0.14696829231166736,1.1188088901363233
2022-04-13,-0.991807321797267,0.07851871298939142,0.3039688983910482,0.3558399640989694,0.49905930907290275,0.45918662540284216,0.35621550383158185,0.3009986370999947,0.4114624367788382,0.12750892483873677,1.1193162466360034
2022-04-14,-0.9808075870685942,0.08916596479508637,0.313408293974403,0.3642770453576484,0.5085675812077424,0.4670912768500075,0.3670299941352358,0.3117052323857689,0.42097398390105906,0.13383139486372692,1.1146389819323206
2022-04-15,-1.005476786211608,0.07473001262586826,0.29827591160458533,0.34559592125675415,0.4882856850864667,0.4455055133192357,0.3499949445559785,0.30051110007451076,0.40746875743509975,0.11972729068833748,1.1252040768999452
2022-04-18,-1.0037415945545178,0.07898810274077675,0.2991626189771176,0.35053003861987314,0.49653382229189735,0.4613293544110112,0.36016401154200206,0.2991424585274833,0.4224783897838771,0.14050787861735917,1.1442494731718766
2022-04-19,-1.008083194744693,0.07791962158838922,0.303277043803765,0.3560612223539789,0.5054871321252251,0.47029450136782797,0.3666576890392033,0.30882968358323837,0.43144381093174966,0.13973815360128064,1.1478213483459734
2022-04-20,-1.0160991035301725,0.06712194743606696,0.2931889547649922,0.3424219248918488,0.49521509315388607,0.4582391553060397,0.3582320672558875,0.2982679120386362,0.4203281265092613,0.13186238727947466,1.147961490809647
2022-04-21,-1.0496788211110564,0.03001521006660854,0.2574471138037564,0.30760552547063036,0.45176683360980935,0.4170049615133249,0.31495772677864164,0.25778873470606345,0.3860078070052503,0.09520139563525085,1.144880216746307
2022-04-22,-1.0631285254746898,0.025161228057290576,0.25019841387733865,0.2958786196790639,0.43183499679373916,0.40451136055225306,0.3165358613581658,0.25771053340652,0.38295328672430207,0.08078355650210937,1.143912081976799
2022-04-25,-1.1284603343750128,-0.04780008434753954,0.17355199181048275,0.21593317526501588,0.3455518976529316,0.31773813500160164,0.24187241521519443,0.18857506083281872,0.3099417093092964,-0.00026770727201003153,1.1281926271030025
2022-04-26,-1.1572472209210538,-0.07563934496459199,0.14396065583683876,0.18875665702057312,0.31600198896871023,0.28027749372738164,0.21924398904338357,0.1598527154914268,0.2793099942969873,-0.03230675450762127,1.1249404664134321
2022-04-27,-1.1360311749936582,-0.03894387247375406,0.17780499583820628,0.229523017449231,0.36243276041774153,0.30978751724905107,0.24999336340895115,0.18918422606035595,0.3124257645553451,0.007579760022498952,1.1436109350161567
2022-04-28,-1.1462012529701222,-0.0538697300527238,0.15835207147389274,0.20433420704442942,0.33670826980329854,0.27790878982772327,0.24232266582861087,0.17854926780652167,0.2968221542249685,-0.011535256650772291,1.1346659963193495
2022-04-29,-1.116833359433351,-0.012476932908499529,0.2051211918649372,0.25376469448845607,0.39043123543906344,0.33247123503594456,0.2857499235968139,0.21705546475021828,0.34218897943570553,0.04175321607003624,1.1585865755033868
2022-05-05,-1.1020310236014133,0.0020087079961883664,0.22229890289243986,0.27121698652739984,0.4069797543133565,0.3518566113686933,0.30999605551814235,0.23190388554805388,0.3612514262490632,0.058735954340638094,1.1607669779420509
2022-05-06,-1.1107898229019586,-0.008728875392955181,0.2125282348936037,0.260033547066239,0.39687587381370654,0.33947318447530866,0.2983156873261085,0.21634288980172578,0.35161904685399936,0.04575283993537819,1.1565426628373363
2022-05-09,-1.0972020850010153,0.006277100659499652,0.2262287989239736,0.2737019280659109,0.41362849755006575,0.3579527288513736,0.3159355770539765,0.23506749386039477,0.3721483976546633,0.0603270105659984,1.1575290955670132
2022-05-10,-1.0887392522128172,0.022654284084650936,0.2456154304103704,0.29462129427583456,0.43140808094635574,0.3757256417110754,0.334167794042415,0.2510915005952253,0.3918583459908287,0.07925986969433022,1.1679991219071468
2022-05-11,-1.093910033306687,0.023711913530243354,0.2477329245283525,0.2986381057916096,0.4359067111600484,0.3778860631055652,0.3381762894018994,0.25413741774756393,0.3982676893738994,0.09127157267409805,1.1851816059807845
2022-05-12,-1.0900959763527882,0.03386171120216254,0.2600838746547003,0.3086749838806435,0.4480535000168512,0.38983242922601585,0.3488379087468546,0.26265855921108744,0.4016698658827772,0.092237414363078,1.1823333907158657
2022-05-13,-1.0900452216879235,0.0368286067530433,0.26547085010379134,0.31335201414682884,0.4539316944872181,0.394595589394583,0.3541485681810849,0.27321581723633953,0.4127585627089506,0.10448600112032505,1.194531222808248
2022-05-16,-1.0986851350969695,0.03678131139995661,0.2656953119690767,0.31342313951837336,0.45563735618655576,0.3968826354727748,0.35619963151357514,0.277204429230594,0.4171411279351811,0.11325136894395876,1.2119365040409278
2022-05-17,-1.0991791920729312,0.04036472802410705,0.2689453102250909,0.314291071970256,0.45470884750042206,0.39668937371542173,0.35159198942266556,0.2743521871139326,0.41125296701497777,0.1084817048858502,1.207660896958781
2022-05-18,-1.0970358322219762,0.04632754594552744,0.27551093747846367,0.3203332486227281,0.4621131644563582,0.4049776120236258,0.3620072786797078,0.28514849782760243,0.41937099844585346,0.11401990804850202,1.2110557402704778
2022-05-19,-1.0919615104878169,0.05656862591459272,0.2848164429790228,0.33036915758738167,0.4694827392921428,0.41123010193099746,0.3671568175534784,0.28967333080128665,0.42484652516180293,0.11759691579239807,1.2095584262802144
2022-05-20,-1.0855346240965869,0.06385940761639092,0.29579177822400543,0.342145980068942,0.4810306312101323,0.4238247145859355,0.3813128385607748,0.3020025094056284,0.4366514851286898,0.13247725304513994,1.218011877141726
2022-05-23,-1.0739792766948963,0.07895007006058069,0.3095123093069832,0.3541533508520637,0.4959568020937928,0.43859815614331643,0.393633959414649,0.31403191353035154,0.44967114305146283,0.14553537915620215,1.2195146558510979
2022-05-24,-1.1123587008565052,0.036530581496567086,0.2656022223530808,0.3103540114368348,0.45168436370505843,0.3948624643614568,0.3527374253078752,0.27158939267655025,0.40068775043339583,0.10503052610943503,1.2173892269659397
2022-05-25,-1.0987107898004025,0.056411705455373176,0.2883860149740246,0.33370897696305607,0.4738288888257706,0.4176526296857654,0.3731137231777965,0.29491278696933226,0.4202106688684774,0.11697137164672637,1.2156821614471283
2022-05-26,-1.1028378575154065,0.05998259020868749,0.2938227841870109,0.3407408013703964,0.482448545646891,0.426895967300973,0.37857705452538293,0.30001168481693646,0.42907290063162207,0.11674510186503506,1.219582959380441
2022-05-27,-1.1074764405626574,0.06159835882454893,0.2951342151990792,0.3407554221498281,0.4831168755485125,0.42944110616158504,0.3800794790406017,0.303819649435247,0.43223157492625414,0.11429030613681482,1.2217667466994715
2022-05-30,-1.1020390882407798,0.07236885052566425,0.3057512180513714,0.3497214719311979,0.4908746916101394,0.43805751686535405,0.3878190870554025,0.3175516982668034,0.44021730657486435,0.1301154158963319,1.2321545041371111
2022-05-31,-1.1007422242204479,0.079759751954959,0.3186775513876373,0.360619627090618,0.5020684803815124,0.4521519978764637,0.4002581776653182,0.32728557202286507,0.4507449171055548,0.16244220960035025,1.2631844338207976
2022-06-01,-1.097502658981946,0.0861266353524401,0.32660476007716643,0.3688863785618518,0.5127178343747174,0.46266279137222344,0.40979864152212775,0.33430513779595933,0.4568342267854992,0.16996453031294914,1.2674671892948948
2022-06-02,-1.0760224524653017,0.10481040462440426,0.3408096133280659,0.382750341772486,0.5244017980137903,0.47204620135362824,0.4188871471355404,0.33790324426927065,0.46445120630239467,0.17588451074318698,1.2519069632084883
2022-06-06,-1.0494069261384842,0.12274471218777745,0.35951355277144614,0.3999360194871289,0.5421666635460564,0.4887578003421473,0.43385853273018765,0.3531390412970953,0.4849237508360149,0.19035092246362428,1.2397578486021081
2022-06-07,-1.066457950363741,0.11284399669823832,0.3504821790728104,0.391316387786383,0.5358102943019736,0.4834428156808977,0.43073963183386266,0.3531249785209461,0.4919140460100517,0.19146780108966766,1.2579257514534083
2022-06-08,-1.0752440592142236,0.10987163915033253,0.34756209374485225,0.3884177484544149,0.534347031166729,0.4825241053868418,0.42969319668277267,0.35331677540206613,0.4906043509793849,0.19203283762362178,1.2672768968378452
2022-06-09,-1.103755541608165,0.08778603413123573,0.3268073952514874,0.3669542616912137,0.515610973734382,0.46404794671748456,0.4132786634414124,0.338053086484089,0.47133462611262766,0.17531238499422105,1.2790679266023859
2022-06-10,-1.0803946837689105,0.10815958113937409,0.3454076855962439,0.38422621908403687,0.5309024255608343,0.47928906637703883,0.43233857952174115,0.3545844698136644,0.486944017544415,0.192758335591333,1.2731530193602434
2022-06-13,-1.076430104100682,0.11133476297960627,0.3487160537373362,0.3877517159695509,0.5297349715171806,0.4840331964599596,0.44370475546635996,0.3590277431712206,0.48788913164335135,0.19489354614944132,1.2713236502501233
2022-06-14,-1.0681308567527006,0.11824596589577926,0.3541253144493252,0.39219006276280927,0.5289359016518894,0.47877650712329833,0.4346985100536354,0.36386685387427414,0.4869344414816809,0.18083074970295956,1.2489616064556601
2022-06-15,-1.0829919587310195,0.1096116923765136,0.3504417122484145,0.39248945026602067,0.531589005206553,0.4807201413749703,0.43643446065849717,0.3661647618264562,0.4899856029228456,0.1821160572562996,1.2651080159873191
2022-06-16,-1.0858031671653408,0.1131743216833095,0.3561948884576233,0.398429673628235,0.5386208882907482,0.49747286409886776,0.4526653005311255,0.37158591922376305,0.4991370738829015,0.2004141823102983,1.2862173494756393
2022-06-17,-1.0799763908881055,0.1236858572028946,0.36416320938244867,0.40719598055064926,0.5419879134660962,0.503274757777647,0.45628211073709424,0.37367893671820074,0.5025396676089839,0.20295307630319265,1.2829294671912983
2022-06-20,-1.066519140312962,0.13530885648116192,0.37647796758798596,0.4201233919962121,0.5558043701241745,0.5160286816424792,0.46575457610610776,0.38934801841466415,0.5038150566388726,0.21413977670809167,1.2806589170210536
2022-06-21,-1.0790008374525626,0.12897222265375907,0.3710810156419286,0.41742439811481735,0.556289322714271,0.5162845385327365,0.4648594574364716,0.383408429571841,0.49900998546972547,0.2078240332979276,1.2868248707504901
2022-06-22,-1.0939738398946945,0.11701218317217255,0.35646896784953247,0.4070611139481815,0.5404900437825684,0.5008032284430437,0.4527456124344567,0.37118797155081407,0.4864695566663549,0.19619438752765983,1.2901682274223543
2022-06-23,-1.0723098236092359,0.1390786017232034,0.3785399839340223,0.4259509399645148,0.5601529706628542,0.5203671206304855,0.4751989636742898,0.38738550765280794,0.5032783307004923,0.21892420160826698,1.2912340252175027
2022-06-24,-1.0615737666876284,0.15385912603293683,0.3926680594166463,0.43782918386284336,0.5705709523422401,0.5280727444979437,0.48490257822519295,0.39823470198842026,0.5083479436114205,0.23351611299839264,1.2950898796860209
2022-06-27,-1.048274675876225,0.1608290771154343,0.3973889429244147,0.44504771328919446,0.5774048481418128,0.5352408598339812,0.49247338746079805,0.40898313827056804,0.5175563145718236,0.2399941342822801,1.288268810158505
2022-06-28,-1.0370896063256618,0.1748882357041837,0.4140026263148227,0.4620044479478284,0.5949270025099003,0.5506828261881331,0.5048855882809133,0.42252388604367924,0.5287693245532552,0.2519806140305338,1.2890702203561955
2022-06-29,-1.0763990969025,0.1416957658798509,0.3870272150588411,0.43726575273833496,0.5749316285474945,0.5303486707005893,0.4882284132290887,0.40962761547898396,0.5153370208977803,0.2413563843725682,1.3177554812750678
2022-06-30,-1.062424568506883,0.15329578952860967,0.39853707131893296,0.44564574062682666,0.583583674117998,0.539943190570823,0.49401192556715284,0.4159274466646252,0.52359599424083,0.24955033405352633,1.311974902560409
2022-07-01,-1.075559425638815,0.15123751784887787,0.3952015667300973,0.44419496356088123,0.5843453928943916,0.5398469964576708,0.4968128572874847,0.416514997076199,0.5254293880770364,0.24866532204294758,1.3242247476817623
2022-07-04,-1.0760949627365806,0.15444670241650452,0.3996924414846956,0.44972848458307263,0.5893724649696929,0.5510388009147937,0.5074774523556572,0.42561249341929924,0.5312749216466077,0.26085640699171897,1.3369513697282993
2022-07-05,-1.0859204167769636,0.1450277481756944,0.3945827856350198,0.44161817621924926,0.5821868735754154,0.5454097281050205,0.4940974187185398,0.4144277595668234,0.5278201133289312,0.2467502764645207,1.332670693241484
2022-07-06,-1.0977430098567158,0.13308152170246124,0.38064011640026824,0.4278582080508576,0.5762902723722991,0.5407096807809354,0.4906013257006334,0.39863686157403816,0.5190951152107262,0.25120451351322776,1.3489475233699433
2022-07-07,-1.0941273579010222,0.14014864061073065,0.3868236747981069,0.4368184055739851,0.5867661674031814,0.5478378081656385,0.49512987005073117,0.408030440423117,0.5245141128720315,0.25417823307741866,1.3483055909784407
2022-07-08,-1.1040116701796463,0.13419906738057458,0.3833041259907047,0.43911722728681435,0.5914813135161715,0.5577508091431875,0.5044216518863572,0.41074867009385513,0.5282931345540738,0.2618084207062751,1.3658200908859213
2022-07-11,-1.1045778241032718,0.1249271595185947,0.37730075430154913,0.43027618336195644,0.5830860269177383,0.5488746026268136,0.4901346529024435,0.4020653932174357,0.5199381444381379,0.25012054878266154,1.3546983728859332
2022-07-12,-1.1263781898145273,0.10763834520260847,0.36537836628384157,0.4189684347663708,0.5658347016734592,0.523792135363131,0.47271011202711355,0.3959789554911477,0.507233763492444,0.223983166149998,1.3503613559645251
2022-07-13,-1.1124084139693233,0.12153761773331292,0.377087090937013,0.43348886091325195,0.5815378149758805,0.5381576943031948,0.48527120074366614,0.40625370626840224,0.518113916378814,0.22899442773409767,1.341402841703421
2022-07-14,-1.108096033213671,0.12497123281522851,0.37818690391296583,0.4353058744056016,0.5849097696284777,0.5484020585950777,0.5028225788092683,0.41197973377447494,0.5248221088214811,0.2522336198460177,1.3603296530596887
2022-07-15,-1.1205990465968068,0.10568001298068048,0.35725712470085086,0.41283038442899506,0.5617115724147602,0.5306776294498277,0.49002876716519733,0.39388206295747735,0.50717874199463,0.24561554992440623,1.3662145965212131
2022-07-18,-1.096986543873693,0.12523226841439652,0.38504874897909286,0.44057345888205834,0.5915413057051114,0.5605168363102082,0.5166445467921652,0.41911951312650564,0.5310911647197205,0.2619998947739643,1.3589864386476573
2022-07-19,-1.095641494427108,0.13488768365182224,0.39815379350831,0.45302016684936375,0.6036461158831207,0.5723970994246916,0.5312496496819654,0.4273273783891794,0.5408029724550218,0.2707717304184372,1.3664132248455454
2022-07-20,-1.0905966471753854,0.14063056209520844,0.40720838462732545,0.4615778833281615,0.6151463476422313,0.5834580189722692,0.5429924524789383,0.43675995091717784,0.5494468552260082,0.2811876940643382,1.3717843412397237
2022-07-21,-1.0959964729602136,0.13781967879123283,0.406754237614691,0.4596736630427103,0.6136934131640834,0.5808268517860121,0.5390317827714411,0.43083376576939886,0.5420446649850378,0.2756499253718051,1.3716463983320188
2022-07-22,-1.1011426762388883,0.13402872174425665,0.40477407686197947,0.45683817216913813,0.6139263820930135,0.5800239616258716,0.5361103760728249,0.426840962372402,0.5407492041980936,0.2721672602132919,1.3733099364521801
2022-07-25,-1.1168790000257875,0.12160335679516586,0.3982433377208275,0.45024489548716906,0.6071961570257663,0.5727232946694011,0.527842240747635,0.42084753595230956,0.5329224442501633,0.2643258360933385,1.3812048361191258
2022-07-26,-1.108863867088744,0.12990152968573204,0.4075992053241783,0.46136023608992205,0.6173456851291946,0.587369946173794,0.5410401518656778,0.42878358155575913,0.5456648074644366,0.2748569411069288,1.3837208081956727
2022-07-27,-1.095292425336656,0.14162077137196272,0.4142630522593008,0.46830600105438586,0.623983453845758,0.5935986893955687,0.5512887086897029,0.44125423769804806,0.5486934968804142,0.28899861533385274,1.3842910406705085
2022-07-28,-1.0840781061583524,0.15107300406473606,0.4219250981421734,0.47626870267578036,0.6286602695201199,0.5992489281453296,0.5595877380020091,0.44779129920573185,0.5536992873692501,0.30045368590978233,1.3845317920681346
2022-07-29,-1.088370668713313,0.14899968346449022,0.4184369778822114,0.47169016589025503,0.6222654095270714,0.594526684034903,0.5539351606249314,0.4398962621745565,0.5457716842850698,0.2929996725805913,1.3813703412939042
2022-08-01,-1.0784949466830183,0.15826536429851729,0.4263129899799621,0.4790224795909429,0.6271896229214249,0.5961020284397143,0.5582031093417531,0.4479455091650632,0.5461038828957745,0.29765787517954334,1.3761528218625614
2022-08-02,-1.104578770615274,0.12511285476609446,0.38916222095843844,0.4376774024156497,0.5838344843301515,0.5540526931218542,0.5123425577357179,0.4017072791193082,0.5032173955201857,0.26088754319577123,1.365466313811045
2022-08-03,-1.117630111991618,0.11936051250456525,0.3860488250408543,0.4324796201229723,0.5800048326212144,0.5557622503519009,0.5123520881220611,0.39616099447858494,0.4949901307054371,0.2635600303096657,1.3811901423012836
2022-08-04,-1.1128258679212584,0.12854357323924764,0.40023061193750514,0.4496682502829958,0.6001851150985444,0.5740323309147566,0.5273065256928984,0.4093129945176991,0.5096257469064425,0.27653266400834187,1.3893585319296
2022-08-05,-1.0995967370101625,0.14307019130985446,0.4113655677994914,0.46221527031673854,0.610216617227155,0.5883942829002705,0.5370317251194031,0.42161714963813735,0.5198438936748638,0.3004454117425238,1.400042148752686
2022-08-08,-1.0952036324496712,0.1568601008330383,0.4242139800700691,0.4748979943679496,0.6247185239551776,0.6070175263411359,0.5578012667304052,0.43158077111663296,0.5301478779879881,0.3197722321021808,1.4149758645518518
2022-08-09,-1.090115467216043,0.16106322455062785,0.4277025838316292,0.4765097151219496,0.6253987894930566,0.6084736092432868,0.5638291404046184,0.4361585627610533,0.5308426838658017,0.3262168039561116,1.4163322711721542
2022-08-10,-1.0835785013634276,0.1691115586654121,0.4340613332359212,0.4804574623617867,0.6287216773862353,0.609870888290596,0.5615245993381748,0.4363593675450198,0.5344599530373177,0.3247965601384328,1.40837506150186
2022-08-11,-1.0786901505172521,0.17682210784149732,0.44457974208548584,0.49166426297046073,0.6439059921915564,0.6283787594019187,0.5786079787576375,0.45621463276462926,0.5484445680716847,0.3384004465107958,1.4170905970280474
2022-08-12,-1.0937729261093572,0.16457199515495763,0.4379487620772626,0.4864436350164874,0.6425362288557483,0.6279923553241762,0.5786380335528375,0.45679812385945295,0.5486355245699039,0.3305917790337238,1.4243647051430806
2022-08-15,-1.0852707002288144,0.17256447088793317,0.44275454958812027,0.49007116050730726,0.6444111486018163,0.630239699127854,0.5797459688852945,0.46103195570310124,0.5546885726131401,0.3325037905734164,1.4177744908022305
2022-08-16,-1.078013178306797,0.1797550004637489,0.4490628761342551,0.49631775501527964,0.6537877400684653,0.6379351386188451,0.5898043978440513,0.4674704001353531,0.561921504642628,0.3379120880659733,1.41592526637277
2022-08-17,-1.0770737830506993,0.18410359641591797,0.4529228991327955,0.50089304359954,0.6586919646638675,0.641904166887813,0.5918676280750051,0.4676087676859496,0.5624558018293964,0.33661493084122546,1.4136887138919245
2022-08-18,-1.072119269083657,0.18430870631411497,0.4488899750411287,0.49711282392509315,0.6553798650102022,0.6400560300813088,0.5941259230990608,0.475380505068429,0.5677984028050261,0.3513059451178639,1.4234252142015205
2022-08-19,-1.0906175217915153,0.16765974259191632,0.4367045514519387,0.4879960602517603,0.6468421562457795,0.6284523228443073,0.5797435436148572,0.4589671966392388,0.5605034652939277,0.3299568302520829,1.4205743520435978
2022-08-22,-1.0937064615852505,0.1703121992896216,0.4417623529952476,0.4950314829968342,0.6580506238173581,0.6349617136132404,0.5853102908462969,0.4675168142939354,0.5690921242093202,0.33120571804509097,1.424912179630341
2022-08-23,-1.0854850135168082,0.17849822700939,0.44693677416871963,0.4992099788551319,0.661473785824747,0.6376225749416338,0.5882443448653173,0.4687539902994494,0.5710507346622625,0.33285325318979586,1.4183382667066036
2022-08-24,-1.1160072218552746,0.14691691984616312,0.4195365208631514,0.47293387134615705,0.6329804064107099,0.603320549487715,0.5515316196463153,0.43815178913551617,0.541750399627463,0.2940429844113292,1.4100502062666034
2022-08-25,-1.1198352201139163,0.14440878033191953,0.42175591069885554,0.4673371437393752,0.6240889469941717,0.5906870805234026,0.5473391025260117,0.4441320414243572,0.5401888538883858,0.2809238162546446,1.4007590363685605
2022-08-26,-1.1312795410310872,0.14237616654561447,0.42042337724378764,0.46412160025648125,0.6171629464418374,0.5840997796364328,0.5401906609434505,0.4431371298791191,0.537882534779359,0.2696024704566826,1.4008820114877694
2022-08-29,-1.124649558409446,0.1493414057159787,0.42546879148498146,0.4736684451086232,0.6274424781949554,0.5932010138632214,0.5503116131668709,0.4503411926889764,0.5477347592166115,0.2792255138903188,1.4038750722997644
2022-08-30,-1.137939220530535,0.1459121553483493,0.4244707121154122,0.47041161362309947,0.6247153688679093,0.592227031539343,0.5495203606794443,0.449574906647888,0.5436349859299531,0.27479763819507197,1.4127368587256066
2022-08-31,-1.1530567393996671,0.12882093836889066,0.4043987059821731,0.4394927805266188,0.5911197446771054,0.5561980659727627,0.5175246656634849,0.42560101590620786,0.5120455716958017,0.24310832323182377,1.3961650626314905
2022-09-01,-1.1585198836839696,0.12760453105564348,0.4051277277630838,0.4369986828157554,0.58567466760458,0.5488876444972334,0.5140312395081827,0.4241625128140184,0.5094808670630633,0.23640218883778857,1.3949220725217577
2022-09-02,-1.1567360420256774,0.13518825079584595,0.41644797078533596,0.45401843780035556,0.6075844466808588,0.5707932609959218,0.5287214103245879,0.4324187132726107,0.5252081518081626,0.2551733579658143,1.4119093999914911
2022-09-05,-1.155255543110787,0.1347142003938837,0.4186881376677298,0.45573700030696634,0.6136973191250823,0.5745701442489243,0.5285206857480947,0.43874264111187755,0.5319099097104507,0.2550698211406977,1.410325364251484
2022-09-06,-1.1498840255744367,0.1395064198151152,0.42586458496946505,0.4714739972402871,0.6339136184988394,0.5897018287257243,0.5405565149385597,0.4582302805153907,0.5478296008091571,0.2703056917970546,1.4201897173714906
2022-09-07,-1.1507863009996269,0.14362371992022815,0.42625545220583017,0.47224092045764543,0.6360878107752421,0.5959685913156091,0.5473510228895595,0.46343019340299024,0.5504106156610103,0.2834874305140134,1.4342737315136396
2022-09-08,-1.162240266545378,0.1326816985780289,0.4157369744801171,0.46280817158655185,0.6256059809268975,0.5852800994650151,0.538512827619279,0.4542485372357189,0.5398873444145021,0.27562493670515914,1.4378652032505364
2022-09-09,-1.1752071018371084,0.12545196752829468,0.4093332136229885,0.4601041413842891,0.6259109781847029,0.5868938162516757,0.5441394325936784,0.4601658937330691,0.546090272597241,0.27993571902554737,1.4551428208626551
2022-09-13,-1.1786376251193507,0.12463249497069159,0.4091052429516658,0.46003635073363497,0.6289501603784026,0.5923647817154449,0.5500307685192939,0.46520952760812323,0.5518080998277928,0.28844346139905397,1.4670810865184039
2022-09-14,-1.1845939863748043,0.11926305924242596,0.4015128797861884,0.45128295991941253,0.6192793257277082,0.5821181144614117,0.5386648173613001,0.45584428834867646,0.5435259644067364,0.2838285406172481,1.4684225269920517
2022-09-15,-1.2030110074898597,0.09908146121086361,0.38014030690540673,0.4265681894621764,0.590425172532035,0.5516654250788311,0.5099226328531095,0.43867959690968317,0.5217107432843996,0.25188097014545585,1.4548919776353149
2022-09-16,-1.2290076139358859,0.07501491222369458,0.3512017764353636,0.4021096283807713,0.5695136867009863,0.5303002847718351,0.48265351658500566,0.408713509279871,0.4997216416617233,0.23932195124972308,1.4683295651856083
2022-09-19,-1.2446282183612094,0.06638756142768641,0.3412292236439467,0.39177380696176295,0.5545784577101844,0.5129934269825495,0.4719992742261326,0.40082166299824956,0.4876196322616089,0.22043838459798815,1.465066602959197
2022-09-20,-1.2393149100331609,0.08340470075145655,0.359507227021368,0.41052704264540135,0.5719700132719554,0.5312240480527236,0.4846229805493223,0.41205187656065245,0.5035451906526575,0.23315942788189778,1.472474337915058
2022-09-21,-1.2436302239355965,0.09336781581229454,0.36597204109986836,0.4155931580670979,0.574564389026479,0.5341377693267312,0.49196662001809743,0.4181408959618957,0.5044851004446377,0.22775255253718515,1.471382776472781
2022-09-22,-1.2466420530547768,0.0894341876863833,0.36060488510232547,0.41329561094590184,0.570941949395007,0.530004122594392,0.486058847324093,0.4127154292985251,0.49914270628649665,0.23202460562076474,1.4786666586755408
2022-09-23,-1.27048410363913,0.06588153934935935,0.3429127232828654,0.39453910047316787,0.548378236431062,0.5047493658912561,0.46752526672823974,0.4004467740737324,0.4815766022618608,0.20581622578689973,1.4763003294260288
2022-09-26,-1.2831283133336737,0.04757950154722181,0.32056454146447433,0.3736052160540285,0.5333719091451263,0.48873172617153615,0.4468045212154696,0.37660018408849916,0.4661130808603439,0.19405051226832695,1.4771788256019998
2022-09-27,-1.2707995337592501,0.0673841350831004,0.34462898825032,0.40077784255114646,0.5629927056577142,0.5183588243589023,0.470657642219671,0.3968185728306147,0.49269129412718726,0.2259931879521258,1.4967927217113752
2022-09-28,-1.2926327109095175,0.04317611000332727,0.31636288270278257,0.36948684632990203,0.5334144320556347,0.48706699147368443,0.44277369670531586,0.37264228083388745,0.4667156781687721,0.19830337674688675,1.4909360876564035
2022-09-29,-1.2931315826556975,0.036555137159947536,0.30827534216253943,0.3631376520072878,0.5276543418168744,0.4821475344395126,0.4364911107903203,0.3653438850697931,0.4640127992527439,0.20042670313416544,1.4935582857898622
2022-09-30,-1.3090793545056583,0.027520964665140007,0.2963761999352614,0.35061608023275814,0.5164709185223235,0.46382272022559917,0.4266019784962558,0.3605793465188357,0.4502615417044809,0.17770944301580915,1.4867887975214666
2022-10-10,-1.3248805732173041,0.009010019290451466,0.2810153049233086,0.33448974431844114,0.4962730803979009,0.44259888171059436,0.4102732148280466,0.3478566057887283,0.43578679738224024,0.1481367484361588,1.4730173216534623
2022-10-11,-1.3272279923761383,0.007265411388526971,0.2917174162164415,0.3476840365582457,0.5073905419829041,0.44856809567111516,0.41873779629670954,0.35555514014664297,0.4434483848332819,0.14795197507648286,1.4751799674526205
2022-10-12,-1.3117791821258062,0.03190250679880727,0.3213857056637458,0.3788223202218243,0.5429740899493509,0.48021179820220494,0.44072590713271875,0.3785475212604205,0.4710089227294499,0.18798083500108842,1.4997600171268939
2022-10-13,-1.3028082443022422,0.041489355223240584,0.3317187157278032,0.39022485533314805,0.5506065433407645,0.48620596164722735,0.4552520098771012,0.3870828218529069,0.4771252619138284,0.20387198491949354,1.506680229221735
2022-10-14,-1.2849426670556914,0.06230950708328266,0.3539111224881345,0.40915456683336726,0.5714112194805523,0.5062913061528617,0.4792989032509237,0.4160667807099907,0.5017267253063055,0.23667837599001618,1.5216210430457067
2022-10-17,-1.2671549051697788,0.07970482016314703,0.36922225411486587,0.42632708051139706,0.5903197766495737,0.524365956121674,0.49409213651399875,0.4290673831581443,0.5155188851677418,0.2495193175621638,1.5166742227319416
2022-10-18,-1.2620546466582525,0.08648783437342628,0.3758440280972945,0.4299336673433279,0.594265296320074,0.5276052442680255,0.4957488491140606,0.43053116710186956,0.5167339876970681,0.24996357674475744,1.512018223403009
2022-10-19,-1.2690942881974907,0.07964226437630706,0.36706548659881016,0.42336611986318745,0.5880697867194734,0.5191444027735403,0.48764851105156254,0.4194443081109362,0.5068797101874893,0.2382794015497093,1.507373689747199
2022-10-20,-1.278981076889762,0.07598512100329936,0.36698719633569943,0.4240630232363472,0.5885322853745839,0.5207429563977992,0.4868283292939465,0.418407087249907,0.49899861310905563,0.23307377553594788,1.512054852425709
2022-10-21,-1.2730034295455865,0.07812602705091697,0.3701266079953589,0.42632705006953026,0.5902689243564804,0.5222372485045463,0.48769665529947137,0.41690873306758364,0.4954114826431243,0.2326083537333447,1.5056117832789302
2022-10-24,-1.2801784329329289,0.06678009281635092,0.360998695879769,0.41431291553627264,0.5771326916536208,0.5076662641179841,0.4738057437843875,0.4029236885624698,0.47569721019316147,0.21829009507674738,1.4984685280096752
2022-10-25,-1.2876541544892934,0.06312299671360916,0.360116446695806,0.4137220601696333,0.5756411810096128,0.5008445479350798,0.4684309345085856,0.4003494502191727,0.4737346182483529,0.2162104261270131,1.5038645806163056
2022-10-26,-1.2710230876361777,0.08181992561881926,0.3752102314070816,0.4337573677831852,0.6009733296027505,0.5319656575802088,0.4921390733542769,0.4154360688953738,0.4891225830531445,0.24943143548150903,1.5204545231176856
2022-10-27,-1.2785758954414346,0.07241758378620793,0.3715651627266904,0.4317288076589515,0.6005192212708974,0.5316819322293356,0.4910382583487095,0.41137613206673884,0.492664015862745,0.24359412296222058,1.5221700184036542
2022-10-28,-1.3087633270549792,0.04300011977322528,0.3374086386425575,0.39701481397816496,0.5634270480606329,0.4895352362497371,0.44985787542516603,0.369907950080699,0.45925109970865974,0.20759698926836573,1.5163603163233441
2022-10-31,-1.2877033690123674,0.058609182024050716,0.34128677898065735,0.40754808895434685,0.578720410509742,0.5079684056197856,0.46022912800472315,0.3703612086297053,0.46652287975301104,0.2285384786623136,1.5162418476746802
2022-11-01,-1.2747078964965648,0.0789923927428484,0.3643643934050817,0.4349536973798246,0.6092075985509212,0.539069096445769,0.4919330998584456,0.39678543912954956,0.493819970783404,0.2553545046370915,1.5300624011336554
2022-11-02,-1.264531585637552,0.09312670851482374,0.3770888083034522,0.4468416564960803,0.6208392040938528,0.5517947225419397,0.5044985714736854,0.41346462116426236,0.5066303332777101,0.2733186213519749,1.5378502069895261
2022-11-03,-1.2681954206179877,0.09480643842826125,0.3807895781470325,0.45191820527700804,0.6260884870390959,0.5551746675970928,0.5088993898736477,0.4212239232833564,0.5079810599523084,0.28985784012094035,1.5580532607389272
2022-11-04,-1.2527222767147883,0.1106080025787477,0.39557493776994485,0.4676017998491171,0.6419544973965446,0.5711208284733406,0.5294803976969689,0.439793223273778,0.5262548320460475,0.3098655070321257,1.5625877837469133
2022-11-07,-1.2472811016646757,0.11513115974233629,0.3997214972652068,0.4747970631195402,0.6497427579830148,0.5765191834413277,0.537819888046098,0.44774511013504037,0.5328795760682985,0.3141560692729471,1.561437170937622
2022-11-08,-1.2552094348545628,0.10963280911239859,0.3964360030795339,0.47164864175094834,0.6480864548772709,0.575606570655433,0.5369710156584167,0.44663432233772177,0.5357726425988221,0.32295803000008366,1.5781674648546458
2022-11-09,-1.2529456240038412,0.11003926234981516,0.396238570645368,0.4707087810215248,0.6484999015618543,0.5750283040675689,0.537308821651023,0.4469693973438994,0.5383264787972323,0.32059018696131447,1.573535810965155
2022-11-10,-1.2568774598806716,0.10423134762626662,0.3915889294943213,0.46553731108532287,0.645302772737321,0.5716963976590989,0.5331155610945217,0.4430847853361175,0.5325312649149505,0.31009594554684744,1.5669734054275182
2022-11-11,-1.2637895340131133,0.1088931056681701,0.3996341506666832,0.47392089068403714,0.6534773413723052,0.5790329204269287,0.5405684099157624,0.44390854864551876,0.5386942725011292,0.31122142643237705,1.5750109604454896
2022-11-14,-1.2591245404747473,0.11070303008688648,0.4018179047402213,0.47414730350777645,0.6515908831645134,0.5735811281292642,0.5353486489236965,0.4418678631928368,0.5320898244310039,0.30808865788163575,1.5672131983563824
2022-11-15,-1.2534343627397293,0.12279085045616632,0.41540648401016383,0.4892208066826294,0.6715902317303499,0.5994418534006064,0.5619089607091964,0.46459992695785624,0.5542359694201636,0.34320531117979725,1.5966396739195259
2022-11-16,-1.2662798549378607,0.12038448709736127,0.4141187994537714,0.49184245919986097,0.6729590444223186,0.6019007101619687,0.5618904798067448,0.46042408882943947,0.5513663084265836,0.3371137409230639,1.6033935958609238
2022-11-17,-1.2556798758881789,0.1276907282998744,0.4213040312366982,0.4979377837963654,0.6785457047977056,0.6082443271881244,0.563891589041667,0.46196234818892445,0.5496378650985398,0.3380918299534481,1.593771705841626
2022-11-18,-1.2692259991668018,0.11856302241637648,0.4142207779564326,0.4902682310723434,0.6724855307900026,0.603169618225283,0.5582706503585336,0.45407967010419364,0.5422211409478619,0.3328802062736927,1.6021062054404935
2022-11-21,-1.271425438661764,0.12042884739026356,0.41532306831678284,0.4911938003198435,0.674007059904088,0.6049358341557663,0.5639713092780827,0.4672336764858397,0.5422206702923054,0.3415738588517145,1.6129992975134777
2022-11-22,-1.2901570811246175,0.10572994756477579,0.3995486474573923,0.4774197872935372,0.6613619802148151,0.5955692521016179,0.5553837894545883,0.45229227179250386,0.5381177341557275,0.3327816410404514,1.622938722165068
2022-11-23,-1.3011713601300596,0.0977333454808617,0.3942147586093653,0.4764709007123878,0.6559842101013228,0.5846319845175229,0.5462224414358852,0.45399006255487023,0.5349262149064526,0.323986911846671,1.6251582719767297
2022-11-24,-1.306131178952728,0.09982322302937086,0.39943401567132525,0.4812435586767664,0.6626781436788074,0.5877498575382495,0.5540244354698785,0.4568518092266095,0.540463044506451,0.3284091608758118,1.6345403398285387
2022-11-25,-1.3226761597744667,0.09083610358140412,0.3968477618685996,0.4760348466510835,0.653793628334784,0.5724018489546635,0.543307801865547,0.45977707017705405,0.5335952193889767,0.3116969704881834,1.6343731302626492
2022-11-28,-1.3239163197489014,0.08605111438021226,0.3942243313923881,0.47340652388626153,0.6499128289552538,0.564348317045681,0.536374510144751,0.45812507934867286,0.5287219559954707,0.30138423521873536,1.6253005549676358
2022-11-29,-1.3089595249999635,0.10585581712568937,0.4164129234690443,0.49358652648067797,0.6681494882034095,0.5826934884092978,0.5566464138238643,0.47876482572029316,0.5463968893914664,0.31425841060610377,1.6232179356060663
2022-11-30,-1.3128064828721846,0.10475320839425209,0.4150504503406155,0.4921678329314363,0.6694178486134845,0.5850679427103552,0.5532640953098134,0.47635339430187745,0.5485496257612238,0.30749731556403165,1.6203037984362152
2022-12-01,-1.3179828571280572,0.10706076228476998,0.419175755613286,0.5005275593565605,0.6769459443940571,0.5971915595358354,0.5655950383231277,0.4926401500313241,0.5609852883896737,0.32658249032457926,1.6445653474526356
2022-12-02,-1.3175344182707986,0.11066080610303321,0.4214952789207256,0.5058640958608714,0.6839176439961845,0.6049207511323922,0.5731291203792759,0.5057800072497719,0.5669369022716888,0.3378185377090846,1.6553529559798825
2022-12-05,-1.3103458414426157,0.11684130657824886,0.429359387393624,0.5124645682084732,0.693522815532381,0.6143219308134061,0.5847748309908146,0.5188726235982196,0.5685540227419731,0.34289660364590846,1.6532424450885232
2022-12-06,-1.3163033747172137,0.11420216471865699,0.4261138482050776,0.5077432160597584,0.6886822785746324,0.6110433519361381,0.5783041833593937,0.5150777764582121,0.5639092389656769,0.33904167312952826,1.655345047846741
2022-12-07,-1.315249763433967,0.11459503628972428,0.4270374407633265,0.5050847148937501,0.6877981734213972,0.6088358991458339,0.5776109016148762,0.5216894806236877,0.5673273669198403,0.34090396979546894,1.6561537332294352
2022-12-08,-1.3197510952234028,0.1123098956596428,0.42534218411055674,0.5009274188732696,0.6840450900537155,0.6036334163460079,0.5727042520840077,0.5167187143221355,0.5657479827828302,0.3381631024009022,1.6579141976243044
2022-12-09,-1.3268892920048294,0.11087194922361394,0.4253103474092876,0.5009404696798087,0.6843021923010633,0.6041871133236332,0.5703050087264562,0.513986598827102,0.5649357013702999,0.3382357494394874,1.6651250414443162
2022-12-12,-1.3292153317289146,0.10406106103713764,0.4200002591507909,0.49678889765887363,0.6793123490053845,0.604322026469837,0.5737730379087326,0.5111655568481722,0.561140446642648,0.34625423539819833,1.6754695671271123
2022-12-13,-1.3295481489336558,0.09972053287499914,0.4153570233846801,0.4986868382134818,0.6772435559936263,0.5933999323809453,0.565385072647012,0.5146768333185509,0.5598713391020451,0.33220441073245077,1.661752559666106
2022-12-14,-1.3468705432328554,0.095601697368575,0.4146533712422464,0.496141533969421,0.6781456985847363,0.5929859101298561,0.5646012105429331,0.5129629084000471,0.5602147500530537,0.33060699880759087,1.6774775420404457
2022-12-15,-1.3554722614693893,0.09186412953678953,0.41350668853161465,0.5021745698776386,0.6869168936207608,0.6059416375416407,0.5730134623517329,0.513472654735609,0.5655710512991043,0.3398029087835439,1.6952751702529327
2022-12-16,-1.3633658200829242,0.08119884185786441,0.40332857772513037,0.497376766621323,0.6744203298714073,0.588146145524126,0.5564592827478441,0.5108680712272197,0.5553788333300308,0.3195009075327919,1.6828667276157157
2022-12-19,-1.3938499597470397,0.05533164189749871,0.3810966118146143,0.4780551590907058,0.652669833520835,0.5675183251741769,0.5347732547077559,0.488923318682869,0.5343236943799919,0.2982189781045077,1.692068937851547
2022-12-20,-1.4139992619334631,0.04837998511822353,0.37987875515256686,0.47766398845170505,0.6503596998086046,0.5670268498605416,0.5305468499578277,0.486592175241132,0.5326176733705003,0.29484630037954795,1.7088455623130105
2022-12-21,-1.4230894741780844,0.04358236906951272,0.3729039237481739,0.4705489003981037,0.638793114376656,0.5573708347436606,0.5271901775216028,0.48351676511259967,0.5270819105448329,0.27988239065566756,1.7029718648337513
2022-12-22,-1.441935427460046,0.03238455921372093,0.3604271797197852,0.4564105838545999,0.6221521939833373,0.5400187309908618,0.5156536086828319,0.47122474007552,0.5118789611687435,0.26288050471198243,1.7048159321720278
2022-12-23,-1.4492583069470617,0.027212663109982372,0.3577840272037934,0.46093168011442853,0.6221139488920535,0.5383012036303749,0.512988459418967,0.46784569566485035,0.5070342686926554,0.2573796699313467,1.7066379768784077
2022-12-26,-1.4434018902294519,0.04215828729520234,0.376457316975225,0.47949993082790027,0.6461276537662006,0.5569885560529928,0.5227685013586854,0.47992878032066005,0.5264358812799331,0.28732055638210363,1.7307224466115547
2022-12-27,-1.4402567325068598,0.04883848047970039,0.3815658666643069,0.4870014904885332,0.6487507321082804,0.5562261472507442,0.5258289126756175,0.4884025635731856,0.5325069044698703,0.2929526536446133,1.7332093861514724
2022-12-28,-1.4474393147323814,0.040394060577514324,0.371070664053641,0.4772293396532565,0.637015099847603,0.5416308045345566,0.508296774090581,0.4775902903882286,0.522929396620609,0.27752836959937205,1.7249676843317527
2022-12-29,-1.4534069025052718,0.03667349262577587,0.3677062955253159,0.4702722815376933,0.6328563970766536,0.5400202335094291,0.5051856134353137,0.4721952132086057,0.5179857829934422,0.2791217269796731,1.7325286294849442
2022-12-30,-1.4456826060998689,0.04144873947267362,0.37345651069219427,0.4771326617804315,0.640122483014357,0.5484819999358231,0.5124459289300118,0.4779337743212968,0.5269876755128979,0.28217046057023,1.7278530666700982
2023-01-03,-1.430001754675993,0.06439954733713019,0.3961490008266487,0.4995389469400029,0.6626480182037247,0.5717448664214537,0.5367333464033198,0.5079074996936813,0.5478338439616273,0.3100811278074209,1.7400828824834134
2023-01-04,-1.4280844882260837,0.06836797063365006,0.4011183784328493,0.5036239501780545,0.667540160788802,0.575179688054117,0.5416236372882248,0.5127543728136418,0.5517009720756533,0.31391149630387494,1.741995984529958
2023-01-05,-1.4254966547213097,0.07208169342902282,0.4042609932557642,0.5079637885161223,0.671151055274232,0.5811627766773313,0.5478792081655014,0.5253119801679299,0.5603408916495671,0.3281178031846885,1.7536144579059976
2023-01-06,-1.4313653878698445,0.06847335759175342,0.40260618160820244,0.5064285983471513,0.6716982349638042,0.5812184106328937,0.54767887436383,0.5218084907112437,0.5579031586749514,0.32816307797034355,1.7595284658401873
2023-01-09,-1.4232644708225877,0.07402437735033657,0.4093373662052615,0.5127026709598784,0.6754890047023757,0.5877003791557266,0.55141431474744,0.5259545315577174,0.5650725500124206,0.3369773721733534,1.7602418429959403
2023-01-10,-1.4210786320914208,0.07599610588283892,0.40997858925999175,0.5117886342869574,0.6755837572401686,0.5868970797546139,0.5483707156862042,0.5234713598640863,0.560575789469526,0.3321445351570991,1.753223167248519
2023-01-11,-1.430975795796906,0.06674853258294837,0.40070976966372956,0.5041363667995686,0.6663511129248519,0.578881278506574,0.5411067761815908,0.5110035045201604,0.5547646398690683,0.3226165333767106,1.7535923291736157
2023-01-12,-1.4301862156451433,0.06798340593570099,0.40144247802854155,0.5054133505993844,0.6642079730406637,0.5793641250030342,0.5450072212968783,0.5097062265231342,0.5524435246681136,0.32370237038118865,1.753888586026331
2023-01-13,-1.4317430499583452,0.07083251591650568,0.40581658598766135,0.5112481758065165,0.6707128320664603,0.581955550224665,0.5466709271523749,0.5176493890878707,0.5618108549493372,0.3255882105925276,1.7573312605508717
2023-01-16,-1.4257479233584305,0.08015703362533969,0.4160043396445406,0.5214904505358012,0.681640231299528,0.5933431726209851,0.5614156611996381,0.5320785353973839,0.5719219965380257,0.3429069971154076,1.7686549204738369
2023-01-17,-1.4262072834344972,0.08073737677725486,0.41652582618971407,0.52245173017858,0.6800302807793699,0.5904277744527907,0.5563891632880056,0.5307637878015607,0.5684001965705848,0.34427403761224923,1.7704813210467452
2023-01-18,-1.4282351352961011,0.08227045113268967,0.42029300656175633,0.5271974045095559,0.6860302905139427,0.5941492409808908,0.5625464214670759,0.5385243831713782,0.574880342192709,0.3506189978695894,1.7788541331656893
2023-01-19,-1.4184077514058742,0.09360168868114004,0.43209464098052314,0.5368362288218432,0.6929564218537726,0.600901466327689,0.5681975642069832,0.5392440788484081,0.5774433724401634,0.3543017909029166,1.7727095423087895
2023-01-20,-1.4190908770566417,0.09536349634864438,0.4370397072375483,0.5439169395375518,0.7020818773674571,0.6102756470384602,0.5786859726695879,0.5504526477738879,0.5918731535722052,0.3662537641555618,1.7853446412122023
2023-01-30,-1.4054136914536652,0.10823368274671062,0.4496282563747769,0.5564192057449548,0.7142637437735908,0.6221044898004334,0.59238903101132,0.5632772404551829,0.6092581066647347,0.3785666806828267,1.7839803721364906
2023-01-31,-1.4043029307150754,0.10892694574193293,0.4533482100563097,0.5612885409371914,0.7197871080577436,0.6280961596745993,0.5970460576400256,0.5660067475581523,0.6108325651158418,0.3737632370136235,1.7780661677286975
2023-02-01,-1.3827375379856426,0.12882597387294895,0.4712344308487746,0.5779910072699556,0.7357377409685771,0.6437260256361813,0.6119317554378684,0.578909273528197,0.6272399737731791,0.38961117731045264,1.772348715296094
2023-02-02,-1.3831746965807474,0.12993829573858062,0.47350488362181514,0.5790171232066924,0.7374580240373557,0.646342655173653,0.6148363130264668,0.5842676682113237,0.6344968262029901,0.3989199052720336,1.7820946018527797
2023-02-03,-1.3773126271605156,0.1311369308659158,0.47385478439421913,0.5786603181945236,0.7362140824866119,0.6445506174488268,0.614250251484655,0.5818588522783171,0.6324216151995413,0.39992871039924693,1.7772413375597613
2023-02-06,-1.3752853165062708,0.13025837131878848,0.47234003914105244,0.577783857861548,0.735571665199873,0.6438146629622934,0.6131586072611707,0.5786678984183764,0.6272511784474534,0.3927279581242244,1.768013274630494
2023-02-07,-1.366590309352305,0.13890608634840346,0.4808933947903911,0.5848130931703646,0.7444841522048813,0.6505771163284524,0.6200235567987838,0.5826969349362382,0.632228207153132,0.39752657801386115,1.7641168873661648
2023-02-08,-1.3774086764882658,0.1302239211506927,0.4756061687598838,0.5796338011228678,0.7404729533374365,0.6466859749522244,0.6162332135145744,0.5799746963133061,0.6312879773643897,0.39214340421952326,1.7695520807077876
2023-02-09,-1.3643604854245095,0.14473805852714744,0.4889914235202803,0.5927989438320841,0.7516723875453852,0.6590915826096172,0.6316502686618588,0.5934577573657546,0.6416115785530477,0.41322323971717473,1.7775837251416826
2023-02-10,-1.3692995095137057,0.1433717291399511,0.48661578540521283,0.5933801327201924,0.7522062194779584,0.6590597743274066,0.6323960124807232,0.5904680449105408,0.6421204795267482,0.4096185278935301,1.7789180374072342
2023-02-13,-1.357320830395734,0.1531267192609887,0.4950949185992578,0.6017056937730383,0.7632333364996989,0.6680092926435243,0.6436466014904025,0.6006258717917335,0.6541895280719207,0.42085586815237025,1.7781766985481027
2023-02-14,-1.3592540338910304,0.1542827215005759,0.49637089224784187,0.6041587250374516,0.7647031359317972,0.6702923633552867,0.6459013565854006,0.6019464878475264,0.6522745061113517,0.4217421020731526,1.7809961359641813
2023-02-15,-1.3549941544448447,0.157274464923945,0.4969374144364387,0.6046492870090561,0.7642301072424309,0.6711751453013253,0.6465563634310573,0.6062551201654506,0.659065392270274,0.4235296944076498,1.7785238488524928
2023-02-16,-1.3865667760608975,0.13167881234671353,0.47334553270044627,0.5820452191538028,0.7426625366614955,0.6510864153535534,0.6263838947940533,0.5852175166925435,0.6356606248670985,0.4028315020762603,1.789398278137156
2023-02-17,-1.3940314241990548,0.12574025767973462,0.4679145262481061,0.5798823222818549,0.7378315825757762,0.6435985505934324,0.6224261313270769,0.583427361140182,0.6322261331994584,0.39123394323245436,1.7852653674315073
2023-02-20,-1.383942878379351,0.13856179816813793,0.48294034618123843,0.5960802999762251,0.750098945007621,0.6547588017558379,0.6366172157889791,0.5992164071614965,0.6460285124869789,0.40062432531457953,1.7845672036939288
2023-02-21,-1.383960072044732,0.1415449918835417,0.4876825950050642,0.6012857978402478,0.7558559448240425,0.6579587275674271,0.6398040843538854,0.6080353158298504,0.6509313497023914,0.4018214328314278,1.785781504876158
2023-02-22,-1.3834423233978639,0.1438347577058965,0.48894115973712754,0.601050111861431,0.757099012734886,0.6594237181126734,0.6442291083444908,0.608067777077045,0.651341960330725,0.40852497215514,1.791967295553002
2023-02-23,-1.389625996296093,0.13999921997799558,0.4872234166327879,0.6001006891474351,0.7545094334951298,0.6532284591580113,0.6431566933725018,0.6066802451520102,0.650979985683905,0.4097977656157628,1.7994237619118538
2023-02-24,-1.3969247989142497,0.13692179174776656,0.48348119074427975,0.5980914261442416,0.752342025828871,0.6514598017331105,0.6414621017806953,0.6061914256867537,0.6494133262984018,0.4097540852459708,1.8066788841602184
2023-02-27,-1.4062378321847293,0.12872226099548903,0.47739578118949716,0.5909922910823009,0.7431806129073101,0.6432932508449617,0.6334999680065478,0.5952650656294499,0.6388185009149691,0.3995732849917498,1.805811117176477
2023-02-28,-1.4032653134347948,0.13235984765727352,0.48466921114183464,0.6028330201728008,0.7548010741420911,0.6580807726642318,0.6459917012373861,0.6074268676184035,0.6482653805567556,0.4073060264043825,1.8105713398391752
2023-03-01,-1.3978439058264995,0.13677616777047605,0.48989173382564133,0.610890034433813,0.7644184568623441,0.6708882261047291,0.6607589728319142,0.615667606298808,0.6575756011369791,0.4176559700682395,1.815499875894737
2023-03-02,-1.399167542603383,0.13684429420807134,0.48778295365562163,0.6080300336356207,0.7619118512414844,0.6675840499725129,0.6553314032606103,0.6076282288777681,0.6537361252096804,0.40795347613307276,1.8071210187364537
2023-03-03,-1.4070160800450684,0.13458891362185546,0.48724560735061834,0.6088614379142664,0.7630466823428176,0.6702874248734433,0.6550415282258835,0.6078273363858988,0.6552192450844468,0.4091195771466046,1.816135657191671
2023-03-06,-1.4052400053612593,0.13429931311465151,0.4860493714790201,0.6078917612417717,0.7624497574484027,0.6716638219056643,0.6579671686723023,0.6116548693981728,0.6543129550931278,0.4190253495843364,1.8242653549455936
2023-03-07,-1.4242457175987633,0.11318665697833954,0.4641424564968441,0.5873808387943684,0.7410901678164574,0.650945579420651,0.6367233481367427,0.5891161152709201,0.6347397722774134,0.39671393390811627,1.8209596515068776
2023-03-08,-1.4151323224704808,0.12036801695011633,0.4700064705665964,0.5954545209876956,0.7492885905000656,0.6666926164465095,0.650881302755318,0.5941559428115042,0.6389026633471746,0.4052396451077125,1.8203719675781913
2023-03-09,-1.4147595761155922,0.12120776267522929,0.4693775955775445,0.5923989090220215,0.7496568733906026,0.6781580867725095,0.6609641773980985,0.5908539529590406,0.6365426767065452,0.413269672547225,1.8280292486628151
2023-03-10,-1.4289250275802041,0.11077338771960515,0.4583278209675614,0.5752662565039521,0.7325959832024668,0.6667527983785331,0.6523566240386648,0.575126243592119,0.6198152048507021,0.40087560077458756,1.8298006283547894
2023-03-13,-1.4277959129528042,0.11422552553581425,0.4607242021985796,0.5775249174304041,0.7359718810457674,0.6704814085593828,0.6521075126778084,0.5800776680480825,0.6239843540581822,0.40169077375002116,1.829486686702823
2023-03-14,-1.4314472398854277,0.1070605417490674,0.44784243508362676,0.5617557537756656,0.7207211296826845,0.657129926391281,0.6378870828201132,0.5677492192080714,0.6090639716075088,0.3944310767225791,1.8258783166080044
2023-03-15,-1.436308464890388,0.10900704456058853,0.4550676322340759,0.5743001218243432,0.7327423788727428,0.6679892082127948,0.6476006512901157,0.5821854911741533,0.620909027323458,0.40210666401915524,1.838415128909541
2023-03-16,-1.4465432449493494,0.09566138496005558,0.4415290364718514,0.5563607305134279,0.7153228100068338,0.6497836460418139,0.6292644519282996,0.5665824196922581,0.6035542004429911,0.38447934056374994,1.831022585513097
2023-03-17,-1.4307424724739974,0.1030614925744335,0.44805655533480315,0.5634170691027415,0.72573152451512,0.6576076899204337,0.6341396809239614,0.5748502698572406,0.6056068225715235,0.3882518028986354,1.8189942753726307
2023-03-20,-1.435469814383013,0.09969681372303055,0.4423865996617331,0.557561570936012,0.7246294701368977,0.6554920314671279,0.6310781076140862,0.570461873377548,0.6023476732271661,0.3881085767223111,1.8235783911053218
2023-03-21,-1.4307533035654745,0.11060796997666757,0.4557330087193155,0.5746457889275007,0.7432654936413223,0.6768637818388598,0.6505769330174763,0.583017760829815,0.6201328668936259,0.4070769242822652,1.8378302278477376
2023-03-22,-1.420182845442087,0.11882483913548553,0.4628715272625274,0.5830996198579107,0.75074523574149,0.6833049307573662,0.6539141515658549,0.5890356951424982,0.6237066990845227,0.4077044227656964,1.8278872682077814
2023-03-23,-1.4134809180534484,0.12419678152514693,0.4656742021931414,0.5841658798941665,0.7506730828882243,0.681550569598347,0.6530532195727033,0.586132994690295,0.6235894462646722,0.4032834107179288,1.816764328771375
2023-03-24,-1.403175685871399,0.13038581744139882,0.46835847922042695,0.5848755348801624,0.7511805670620538,0.6827135897534843,0.6517108968562505,0.5825166089027912,0.619376318852961,0.39731493880863544,1.8004906246800323
2023-03-27,-1.3992902784014525,0.13204319395038694,0.46874602113127395,0.5854489546564393,0.7511298801252819,0.6814148257333492,0.6476143147641553,0.5839928893901307,0.614213787096833,0.3975691710991007,1.796859449500551
2023-03-28,-1.425067813334368,0.12026249805540164,0.4583615900997766,0.5767577491561373,0.7443550354560658,0.6762374066505631,0.6447747948628955,0.5783170747471044,0.6117451620815898,0.39255936213253695,1.8176271754669027
2023-03-29,-1.4288364449757207,0.11866857409190028,0.4543352965993089,0.5729527957178028,0.7377822832073738,0.670562470164685,0.6425130367578318,0.5709897711334809,0.6058244490454204,0.3936423375205842,1.8224787824963027
2023-03-30,-1.4402021292399554,0.11542128698861424,0.45203217102987775,0.5703839875235057,0.7333673315266045,0.6627641853524688,0.6414425300688168,0.5689711345346091,0.6064580466524302,0.39583704985849794,1.836039179098451
2023-03-31,-1.4336300655092675,0.12175088606208109,0.46142702385661105,0.5830923342822946,0.7467551138575695,0.6768366373276278,0.6491356586052132,0.5777408037838249,0.6150923740009592,0.4020613869386718,1.835691452447937
2023-04-03,-1.4193425716889758,0.12928725509430314,0.468006954644808,0.5906955724879092,0.7570033988085049,0.6891812014719115,0.661670299626753,0.5873938520565885,0.6223166175866126,0.4147821549103725,1.8341247265993461
2023-04-04,-1.420900797196563,0.12609257995398337,0.4597716322249473,0.5836829320009633,0.7478572374904117,0.6755756413361268,0.6480374971446685,0.5745259510409746,0.6154925370669458,0.4024389474143665,1.8233397446109274
2023-04-06,-1.4113834300615644,0.12974908565983476,0.4588459428761121,0.5804626531992049,0.7436388130015439,0.6700500190842468,0.6473847777255409,0.5718669200562784,0.6108265261593209,0.408786319820774,1.8201697498823364
2023-04-07,-1.4088221142627049,0.13438755238884723,0.46759832846003363,0.5899520064725845,0.7568852811778595,0.6817589944860858,0.6621819477961047,0.5849410449367628,0.6208389078165346,0.4225206309129,1.8313427451756028
2023-04-10,-1.4320025083138135,0.11568703342957509,0.45298839773231847,0.5770351623330648,0.7480000751276931,0.6709761611277641,0.6518178989675094,0.5753358046570195,0.6141823817303128,0.41650460092016617,1.8485071092339778
2023-04-11,-1.42980832872937,0.1167446627004625,0.45450583281811857,0.5790741010589614,0.7510450825259224,0.6711349550562478,0.656640576048696,0.5752252690134225,0.6166777898420817,0.4154625007078194,1.8452708294371873
2023-04-12,-1.4193096511968466,0.12351375320740302,0.4598938396215981,0.5846441024128632,0.7586774525270858,0.6845051268730816,0.6701357090947974,0.5842336197087161,0.6206466447641086,0.42685592814260054,1.8461655793394451
2023-04-13,-1.4274688708563088,0.11832404513212363,0.4549391082611378,0.5800012652062355,0.7540390283259151,0.6803541378861714,0.662086942297132,0.5818875155174373,0.619880290132575,0.4201702681156455,1.8476391389719522
2023-04-14,-1.4294715008068166,0.12132497194126675,0.45775564375221195,0.5842022315929268,0.7567023712383502,0.6846686121988383,0.669086667771899,0.5864740901179841,0.6244044411441407,0.4345169148139038,1.8639884156207183
2023-04-17,-1.4395454203062956,0.11998070632104184,0.4602007385206322,0.5886596747412155,0.7597261459136978,0.6837899337670591,0.6623547223810752,0.590685234340089,0.6328871100280195,0.43608354894637913,1.8756289692526726
2023-04-18,-1.4461699857864718,0.11553998778377866,0.45491112893683916,0.5826082880373543,0.7544444034405302,0.6787673623922444,0.6568818738850162,0.5842599769828984,0.6285040161448311,0.43093949861575515,1.8771094844022247
2023-04-19,-1.442605445566335,0.11257831471591322,0.4503205369705242,0.5773336310454907,0.7455998369603748,0.6742089294898834,0.6532619250740173,0.5821412080523305,0.6221622735959407,0.4263881383807183,1.868993583947051
2023-04-20,-1.4401564378479377,0.10651026860251726,0.44269294697593564,0.5700357326851236,0.7397349558624201,0.6695287418523932,0.6499179452536992,0.5772046009904634,0.6162263393534322,0.4236129753932442,1.8637694132411795
2023-04-21,-1.469663087427055,0.07898901055860233,0.4177099798436563,0.5468080973584399,0.7123720538989007,0.6379550304629241,0.6164025286716969,0.5554013580797592,0.591643646032237,0.3934639330739006,1.8631270205009534
2023-04-24,-1.469907661807537,0.07292066608529411,0.41114059553851645,0.5462297416031956,0.7129622981696709,0.6348979697211516,0.6112132209235919,0.5510961528143898,0.5866418771615989,0.37521133862686346,1.8451190004343982
2023-04-25,-1.4835416657151552,0.055500951988593075,0.38764878609480496,0.5227034440610406,0.6850319686086997,0.6068530326723753,0.5941448694083622,0.538612598447457,0.5657849370366367,0.34494640759943307,1.828488073314586
2023-04-26,-1.4880905485073643,0.06288615639682053,0.39836400820651247,0.5378300585844086,0.6921613234593604,0.625007854333405,0.6043247406096139,0.547011259434404,0.5805167468241497,0.3522276756572112,1.8403182241645735
2023-04-27,-1.4994767091317,0.06635278131666514,0.3980169380527865,0.5395481385463573,0.6873338692972708,0.6249258325694942,0.6075694731001784,0.5525607803457228,0.5870507473498888,0.3575524024683507,1.8570291116000486
2023-04-28,-1.4871835962725668,0.07455545665256795,0.41702279019273614,0.5635834300638884,0.7147986294533568,0.6545133285484608,0.6292385635068776,0.5719452248752529,0.6038276814206666,0.3748980452492872,1.862081641521852
2023-05-04,-1.4653919735762244,0.08888629329699882,0.42880886739221996,0.5735397579435548,0.7205372921134494,0.6547567103256735,0.63018267480666,0.5662579138516424,0.6031162572440385,0.3588226911053536,1.824214664681576
2023-05-05,-1.4708654161243078,0.08261646414660037,0.4234610955772079,0.5665004457515941,0.7124845307901057,0.6444674048882748,0.6174336106280502,0.5572888241411285,0.5919607514517298,0.34656733181202826,1.8174327479363341
2023-05-08,-1.4636549287117462,0.08688603289412125,0.4273519986297898,0.5709656971392242,0.7204392099364479,0.6498196644634835,0.6234436197391714,0.5658047208245048,0.5996643403254666,0.3492942983563466,1.812949227068091
2023-05-09,-1.480676834768619,0.07594007999335509,0.415269805822791,0.55739392513409,0.7057989641774884,0.6351495400409638,0.610790988353624,0.5462971323667376,0.5865151585354177,0.3286281026344616,1.8093049374030787
2023-05-10,-1.4849369687595653,0.0763661486244733,0.41995513792413725,0.5605017035620333,0.7123131862156615,0.6419245131848308,0.6199516016827815,0.5565724368575014,0.5932800337224766,0.3339023814244412,1.8188393501840046
2023-05-11,-1.485425644858723,0.0838252945154084,0.4270452860865382,0.5666256331804456,0.7176960451015247,0.6486687750082759,0.6265161349001531,0.5616281739003511,0.597094167848019,0.3401470709705321,1.8255727158292532
2023-05-12,-1.5012108936648907,0.07510040125636076,0.4193238786895791,0.5589946462153119,0.7090653916168494,0.6392093355601302,0.6167075410843688,0.5550181585578313,0.5874147256592807,0.33040379486533844,1.8316146885302271
2023-05-15,-1.4925354864944134,0.0833872302722424,0.42927014330883756,0.5676409503038347,0.715967673519511,0.6460237181634307,0.6287997495064257,0.5622127090358038,0.5983140430658951,0.3454949763014441,1.8380304627958555
2023-05-16,-1.4989456512107409,0.08075873157157423,0.4271644956631445,0.5647711932704673,0.7053775268655272,0.6350437565900043,0.6171233351374731,0.5559471983212041,0.5875356769248093,0.34271422923976114,1.8416598804505
2023-05-17,-1.4923762158613902,0.09183539115790137,0.4385274825950338,0.5761832007447008,0.7165461748257358,0.6410888408988678,0.6305982318034737,0.5710301887191397,0.5910135640956998,0.35489479363007875,1.847271009491467
2023-05-18,-1.493947952649206,0.09782918792753148,0.44404781107578223,0.580319621333291,0.7196534653936565,0.6418811146907366,0.6355844883404698,0.5896746354318999,0.5922697130072565,0.3624540628637109,1.856402015512915
2023-05-19,-1.4934609197803677,0.10338178399655015,0.4504364877336674,0.5853956421840233,0.7238051828348366,0.6390331427918522,0.6344243760446331,0.5891011264439826,0.5853902732383311,0.3685565250638592,1.862017444844225
2023-05-22,-1.4883469841902248,0.10758424013654025,0.456219634725306,0.5922369860812711,0.7294208810645613,0.6454575659389882,0.63900209565965,0.5889599689000017,0.586305780918585,0.37260479040776345,1.8609517745979864
2023-05-23,-1.5018021443550198,0.09883959172384263,0.44928257122806725,0.586958131022045,0.7230691532248774,0.6384987799205543,0.6276104519063292,0.5779558193448847,0.5737508109019143,0.3612722702876682,1.863074414642686
2023-05-24,-1.4961685547756334,0.10164029491003518,0.45241987664128014,0.5872611987215721,0.7228269003495249,0.6353633413770857,0.6229245094865237,0.5799003591751523,0.5654457584502429,0.35758714172229217,1.8537556964979236
2023-05-25,-1.4959420039788929,0.1015078303421483,0.45124637952676866,0.5876410313560765,0.7209978056277371,0.634620937399725,0.6224127706551158,0.5805769379077033,0.5637824620732746,0.36015423218118153,1.8560962361600724
2023-05-26,-1.5022164088458574,0.10393246425621369,0.4553215331709072,0.5923304150137514,0.7273449650083121,0.6406010270250567,0.6361853991853085,0.5857635476039231,0.5689689880248602,0.36843365330369293,1.8706500621495483
2023-05-29,-1.5074636346860044,0.10242540168581175,0.45144047489331995,0.5894721123977564,0.7225866466895753,0.6328309431034241,0.6342894496883557,0.5819459697597269,0.566833142018189,0.36401399664219825,1.8714776313282007
2023-05-30,-1.5012578481651762,0.1065178468171864,0.45663652571781976,0.5941397419340573,0.725480680478435,0.6401760824123451,0.6403419147090483,0.5858213242733751,0.5708836028175345,0.3642699876154519,1.865527835780626
2023-05-31,-1.5016037246598604,0.11054807601828356,0.46056398687901184,0.5940202777631989,0.721864980408965,0.633899953676297,0.6361994089791733,0.5816743535725195,0.5645848897339127,0.3594280020760446,1.861031726735903
2023-06-01,-1.5018469538995491,0.11533656329083244,0.46449642746003333,0.594393874435936,0.724212351509734,0.6380994472753277,0.6439855428406821,0.5857934178887299,0.5669588269800745,0.362607660888531,1.864454614788078
2023-06-02,-1.5110263733573353,0.11581825769247772,0.46579153968933223,0.6001320708473553,0.7372725009574728,0.6544356753676932,0.655808445194646,0.5987127624142454,0.5810787171221453,0.3748264418704711,1.8858528152278042
2023-06-05,-1.501647902316661,0.12163457777234742,0.47054134260501884,0.6026697623247164,0.738987501751815,0.6567986596540407,0.6571364649714172,0.6042806318043992,0.584428853272079,0.37380906084359905,1.8754569631602578
2023-06-06,-1.523828309820852,0.10093354269038424,0.4500477638814732,0.5847302731797795,0.7176731904936381,0.6373562853562531,0.6371948195483104,0.5832319029869485,0.5670408539954779,0.3496990657713609,1.8735273755922108
2023-06-07,-1.512203693013361,0.11087947088877219,0.4552010845226241,0.5868677190260173,0.7189126008905213,0.6403866551362349,0.6417240647139533,0.584510180736171,0.5669077120562065,0.3535936255270525,1.8657973185404115
2023-06-08,-1.5184048919608122,0.10790376902069815,0.4544760083983122,0.5861402307073224,0.7140724891699836,0.6332764660643386,0.6348006049589351,0.5822432183555557,0.5639844300433531,0.3378048755113311,1.8562097674721412
2023-06-09,-1.5191331170004634,0.1094778510440782,0.4577789906432592,0.590896012350358,0.7208404776940482,0.6412086175372118,0.6443216836503086,0.589075525121628,0.5688043318211703,0.3501262646858693,1.8692593816863305
2023-06-12,-1.5203089392101852,0.11216907520299417,0.4594422131632826,0.5992738754778875,0.7349377195068724,0.6506384271451069,0.6556282489368661,0.5941398865349988,0.5837567188403334,0.3552761165801247,1.8755850557903078
2023-06-13,-1.5163550820670182,0.11656139143154484,0.463942002978667,0.6002730425130364,0.7385360403863749,0.6571400294341788,0.6613333750167774,0.5950343672805943,0.586297531608696,0.3646451278398257,1.881000209906842
2023-06-14,-1.5118775787291607,0.11860405609681621,0.46608994199210707,0.601864822318725,0.7381300069741425,0.6561199794579611,0.6609035202475585,0.5947178178907497,0.5847472472852129,0.3655997576554312,1.87747733638459
2023-06-15,-1.5183032184576892,0.12358594502741241,0.46849693810354,0.6063941575083884,0.7426224124473553,0.6625080635757109,0.6689790781552455,0.6011885377036903,0.5893953523059845,0.3734502294584146,1.891753447916102
2023-06-16,-1.5099327016144373,0.13028846841211397,0.473165027056692,0.6115337602881995,0.7489431886420245,0.670547261524141,0.6766756221109778,0.6084845640808577,0.5950079475786202,0.3806761618151694,1.890608863429605
2023-06-19,-1.4983095900054975,0.133326603542167,0.47364986722456515,0.6121508828744865,0.7481482089909841,0.6673410410885353,0.6700944550425475,0.6092409990260564,0.5897461361990569,0.38352284777539764,1.8818324377808935
2023-06-20,-1.4954025003823552,0.1383499933001354,0.47364229393077145,0.6120135753087906,0.7433163218829097,0.6585595250092042,0.6618799218220381,0.6021021760021611,0.5800559365468279,0.3779896658865739,1.8733921662689275
2023-06-21,-1.5183040605712914,0.11943849873165135,0.45810195749469207,0.5962519691129116,0.7291640888246175,0.6456928258593593,0.6444786032923167,0.5896124846783464,0.5690808801792433,0.35969527235496207,1.8779993329262519
2023-06-26,-1.5401462869442113,0.10408217247522193,0.443939512436486,0.5817584928487237,0.7113868507449923,0.6188676386534897,0.6244371025641037,0.5743459080980655,0.5534948806328059,0.34101975680138064,1.8811660437455904
2023-06-27,-1.5345564997492143,0.11857046175428271,0.468377893198679,0.606428885161641,0.7335580323601499,0.6395925474308068,0.6443385065564541,0.5959167039679684,0.5736236854021617,0.3527254546226577,1.8872819543718704
2023-06-28,-1.5344975447853308,0.12124723364493802,0.46973585013352886,0.6021196383490482,0.7301253236888051,0.6267988928217954,0.6395745905628931,0.595823261731066,0.5737531353043065,0.3462233766875117,1.8807209214728409
2023-06-29,-1.5303147946619475,0.13244812344860904,0.4784421799722603,0.6089214190461499,0.7406251982401175,0.6419731113347247,0.656148749782772,0.5989536584718798,0.580920312308768,0.35891666185384224,1.8892314565157882
2023-06-30,-1.5219204982699077,0.14373176998068612,0.4885244060318731,0.6206943481380699,0.7540559919579592,0.6558042831504914,0.670455739123171,0.6121831297732081,0.5923012356072408,0.37282935963660235,1.8947498579065085
2023-07-03,-1.5237821335722495,0.14616456253214208,0.49295411636261555,0.6248380559683969,0.7587386409245938,0.6609775533217972,0.6777322289513356,0.616575552757023,0.5960987033484384,0.37777548239002406,1.9015576159622718
2023-07-04,-1.5175123595096052,0.15223603451394788,0.4975387250113879,0.6310384118800481,0.7636403251597105,0.6659074419859803,0.6830711083844011,0.6229575910386452,0.6040105665273267,0.38901461979470703,1.9065269793043105
2023-07-05,-1.526544751921056,0.14650174327579002,0.4917886403470089,0.6262765756566299,0.7594333017128886,0.6612618490856851,0.6781537016176609,0.616127746167518,0.5943095651448257,0.3811460093569044,1.9076907612779588
2023-07-06,-1.5248052127395197,0.14619765710491175,0.490422457671033,0.6265971656189913,0.758127869800155,0.660073908268107,0.6771667034806309,0.615727462199558,0.5922750702775521,0.37862183837723445,1.9034270511167526
2023-07-07,-1.5369035808478864,0.1395278174558661,0.4882343331580106,0.6246154141623307,0.7550897901268366,0.6579295779396968,0.6738732207570459,0.6071665975235453,0.5882772551464457,0.37088122411759283,1.9077848049654778
2023-07-10,-1.5380554348394297,0.13839063164011492,0.4895299985234254,0.6276988635843012,0.7568094614030331,0.6597429952384414,0.6740076805212414,0.6090298711901385,0.5920727040724132,0.37031388932211295,1.9083693241615414
2023-07-11,-1.5297085240618244,0.14712307857911436,0.49780540209224194,0.6349383158964618,0.7651529771277015,0.6669280103283257,0.6854908717050585,0.6145420522799685,0.5990646258181962,0.38283055297685853,1.9125390770386816
2023-07-12,-1.5360444302099479,0.1394250073283617,0.48808317349925645,0.6252464948060154,0.7535438015763931,0.653994374270876,0.6659975039994555,0.6016752362208236,0.58748064672279,0.3659370937315043,1.9019815239414508
2023-07-13,-1.5329977284258367,0.14654937259784642,0.49594252294646246,0.6360593626071224,0.7646644699895189,0.6676624715991389,0.6812754298279919,0.6128764467927693,0.599793221361507,0.3785260216530167,1.9115237500788522
2023-07-14,-1.5382824296429192,0.14341334494386343,0.493341145103785,0.6324270159528766,0.7626309748368779,0.667918186244271,0.6860422998704229,0.6226471811724309,0.5995468417767614,0.3793482207864061,1.9176306504293241
2023-07-17,-1.543167520194818,0.14100333241484747,0.4910832725502282,0.6318096739475154,0.7628282295044655,0.6664694834333323,0.6836879234235322,0.6193677015236251,0.5977864490153391,0.3753286996034011,1.918496219798218
2023-07-18,-1.5486198014938948,0.1415625490857999,0.49144564853548683,0.6341509548759946,0.7644317382793595,0.6675840177687185,0.6830469450826268,0.6192931232483061,0.5996785119514311,0.37422192485592387,1.9228417263498176
2023-07-19,-1.551185365922769,0.14244081453403137,0.4922323465689497,0.635852133988567,0.7645514410284203,0.665400901156458,0.6779043339702079,0.6204364306355663,0.5990209133141567,0.36632461757556717,1.9175099834983351
2023-07-20,-1.5666496140861452,0.13167876284618846,0.48201011086999335,0.6250419939664686,0.755223458368766,0.6569345196056999,0.6667986217472158,0.607005861492751,0.5898018604513577,0.35171069410515043,1.9183603081912945
2023-07-21,-1.574116304751599,0.13361855694977673,0.4828440029998553,0.6254545638399315,0.7519620890001669,0.6509665878561806,0.6567732493762788,0.608039195341081,0.5865192133841526,0.3447748916756384,1.9188911964272362
2023-07-24,-1.583055173510645,0.13165783718388413,0.4833748039074116,0.6262198016984126,0.7528246898721431,0.6540881417561372,0.6585947055138587,0.6105846063556238,0.5877963729460656,0.34417674601534165,1.9272319195259857
2023-07-25,-1.5660338842805717,0.14518066375320376,0.4978045301785813,0.6441480346708675,0.7690900658793773,0.6720629223940847,0.6760852325888872,0.6276775866422537,0.6063971616248404,0.3586384281342468,1.9246723124148175
2023-07-26,-1.5588566977540346,0.14802090119066463,0.49955544888097014,0.6454798365490102,0.7651729478527168,0.6621378871021059,0.6610786376546173,0.6171248449708614,0.5976259462228518,0.3486869944200785,1.9075436921741122
2023-07-27,-1.5698435093919663,0.14167171869967363,0.4939032546023924,0.6401620663660719,0.760006589749177,0.6569637523198552,0.6526113543626305,0.6124045673347429,0.5917130989632925,0.33606826498380526,1.9059117743757708
2023-07-28,-1.5589219010985993,0.15517089787105132,0.5051497161373358,0.6496501821131797,0.7680826145271392,0.6637316183311701,0.6571908056627059,0.6148500220660816,0.5989254021965124,0.33576913669501657,1.894691037793615
2023-07-31,-1.5483893154844908,0.1641229352691144,0.5129970571041956,0.6564397546648474,0.7742584730131217,0.6712966275681724,0.6683197619020677,0.6249523845420647,0.6042719959054922,0.3404772959858018,1.8888666114702917
2023-08-01,-1.556373576105463,0.15951832157576182,0.5109631825980135,0.6550016072347474,0.7731554644053609,0.6691333388009703,0.6653059431940913,0.6229154794133575,0.6010365845687928,0.33967262623438793,1.89604620233985
2023-08-02,-1.5601565558359245,0.15720049784749546,0.5065439750861637,0.6521837171792072,0.7715993324346343,0.6697019885622032,0.6667324470424744,0.6232325635546863,0.5990483449657517,0.34009341934836135,1.9002499751842852
2023-08-03,-1.560703903495692,0.1572923079184437,0.505659996904795,0.6497019740755586,0.7701390025390574,0.6698653882851611,0.6666281718322984,0.6211457240903235,0.5998000634004738,0.33915009926724476,1.899854002762936
2023-08-04,-1.5600892501451198,0.154990348331154,0.5045068868300271,0.6511686179217834,0.7711080061746565,0.6728969547004785,0.6679181548641885,0.625616836593604,0.6006349524270641,0.3392730318205107,1.8993622819656297
2023-08-07,-1.5633966761074656,0.15097885261776145,0.5018670185625639,0.6481204976352232,0.7670481095239995,0.6652572893159407,0.6596593521481547,0.6194235439839992,0.5925789722794236,0.32616502546847437,1.8895617015759392
2023-08-08,-1.5752848119491114,0.14810147747639324,0.49943524115478877,0.6466801881666417,0.7673356136649394,0.6651015128085558,0.666258547908532,0.6175152514714686,0.5921169965330919,0.32245399464868246,1.897738806597793
2023-08-09,-1.5888652554731908,0.13699446497200443,0.48897888475562884,0.6392395040942995,0.7581299074131596,0.6597396356388945,0.6636634487431241,0.6093280133476324,0.5853302852422618,0.3212845204892446,1.9101497759624344
2023-08-10,-1.5896891382934646,0.13862155645567562,0.4918205928112678,0.6429686125538725,0.7607589953354146,0.6618680966806204,0.6699675227651894,0.6137815679148104,0.5897290281398389,0.32612294359670146,1.915812081890165
2023-08-11,-1.607052955872879,0.12001954468469118,0.47652983418652267,0.6271285087645438,0.7445267804128938,0.6449035913643637,0.6548476964664558,0.5964147400579579,0.5730267388281339,0.3112512294214161,1.918304185294294
2023-08-14,-1.6024973318597262,0.12197313788352451,0.4810609907898346,0.632177188094773,0.7519227847876909,0.6509131221868845,0.6578860247692202,0.5984494458132228,0.5777713647376527,0.31043496114292995,1.9129322930026549
2023-08-15,-1.6057339964136146,0.11988844695020132,0.4772125882939483,0.6240503094007028,0.7421591772717618,0.6405712161296511,0.6531856626524402,0.5955483978680758,0.5706222526902235,0.296886884944274,1.9026208813578873
2023-08-16,-1.615370654980875,0.11340905097935347,0.471274381761359,0.6145054653065888,0.7299341899748165,0.6267312085621993,0.6461377016140115,0.589859983429154,0.5602161717053776,0.27990280465402717,1.895273459634901
2023-08-17,-1.6118255994199073,0.12182957973062883,0.4825461652073207,0.6297681740058804,0.7463196552171305,0.6474880247880835,0.6589874759115723,0.5988945832679272,0.5762505041527018,0.296535455930409,1.908361055350315
2023-08-18,-1.6308165071845482,0.11089693088537017,0.4693084155162925,0.613115845442892,0.7291358328030588,0.6280290525932352,0.6488401242394214,0.5843990321504762,0.5626008483730206,0.29490481812553515,1.9257213253100818
2023-08-21,-1.634044322497685,0.10687850679861713,0.46245125429873335,0.6056142641838993,0.7227900496410552,0.6219896963037749,0.6431996001182188,0.5759494493547015,0.5544923767220024,0.2850231095524772,1.9190674320501608
2023-08-22,-1.640296204262388,0.10170915875033451,0.46575812905823055,0.6093576271539296,0.7291613105697713,0.6316121413982729,0.6434392971226015,0.5806796538822854,0.5583014140414329,0.2900092301160899,1.9303054343784767
2023-08-23,-1.6515758175909556,0.08598678131299706,0.4505549530594113,0.5919194685097795,0.7119356563164544,0.6108807225125469,0.6236285964432544,0.5661481965943463,0.5417974990965784,0.2658601218982158,1.9174359394891702
2023-08-24,-1.6616811569788907,0.07979236357514918,0.4487141643630562,0.5914034450011072,0.7158087676970872,0.6148262815655342,0.6198458395526142,0.5641652084467349,0.5434786548840715,0.2723604920926516,1.934041649071541
2023-08-25,-1.6905711574814382,0.06793301453412172,0.43079846398327465,0.5717942489109986,0.6939637670889484,0.5915628731279677,0.6041287880195924,0.5560074369552847,0.5253677798611092,0.24609906404151857,1.9366702215229554
2023-08-28,-1.6831627215748293,0.08451929011151178,0.44344922346431415,0.5826062576304369,0.699958264546156,0.5938108329384144,0.6192995969001577,0.570648067958955,0.5320767147861959,0.24698490960694272,1.9301476311817707
2023-08-29,-1.6630622368325578,0.10457331742996531,0.4686652771438215,0.6129416056844272,0.7410921615968776,0.6444787864623219,0.6715299757806173,0.594035623133302,0.5691664112303764,0.3112481705426039,1.9743104073751605
2023-08-30,-1.6668798084552983,0.11154847773940992,0.4738458161511878,0.6216278153478998,0.7453101972658038,0.6467523388649272,0.6789215553999156,0.613121212957185,0.5670385110995033,0.3335211433422131,2.00040095179751
2023-08-31,-1.6699145565073086,0.10824915386711323,0.4695222434133511,0.6167511348296004,0.7391159712370006,0.6408092850858538,0.6726442472296765,0.6070336127602892,0.5615947049444053,0.32729697644474137,1.9972115329520486
2023-09-01,-1.6771358513714432,0.10565126500686806,0.47007459448302436,0.615862694240293,0.7393641330477522,0.641092037458979,0.6764211575804925,0.6141982663759425,0.5600684876571159,0.33166888546220785,2.0088047368336497
2023-09-04,-1.666752108951758,0.11613862307696053,0.48069528096107306,0.6272373266060541,0.7519823526265361,0.6568498549365235,0.6908347338283336,0.6300674771463353,0.5776413244743878,0.3452608113911543,2.012012920342911
2023-09-05,-1.6694894733410688,0.11650751368197179,0.4783732503230621,0.6254889764465369,0.7500827019188749,0.6534535043430014,0.6850341464127231,0.6231963874324195,0.5681570691491892,0.3328892624200026,2.00237873576107
2023-09-06,-1.6537695997917403,0.12857216516414008,0.48479022575893493,0.6303695199900852,0.7543012981478469,0.6563603765236421,0.6865250561823883,0.6223653526734819,0.5691439493238895,0.33633358974713207,1.990103189538871
2023-09-07,-1.6816722959803236,0.11249377465933047,0.46986843455809324,0.6134918456855074,0.7385566116125449,0.6407020175719383,0.6708148412503093,0.6074768071722542,0.5558896028178874,0.31611411890174207,1.9977864148820643
2023-09-08,-1.6761397304479322,0.11640388477767342,0.47218488990597113,0.6158238570265737,0.7385940118638614,0.6411876256698844,0.6706658066825957,0.6092077557712119,0.5556874310795726,0.32627887886193735,2.0024186093098684
2023-09-11,-1.6811125989547855,0.12036378411739626,0.4783104701497215,0.6229239603644712,0.7499601659344795,0.6546091784906921,0.6863189488789424,0.6205855598590969,0.5679176659833518,0.34318907738052545,2.02430167633531
2023-09-12,-1.6844649209341946,0.1189048048431373,0.47794048415556084,0.6226550172285573,0.7497225534469886,0.6551787914928949,0.6848117144826692,0.6198828119330229,0.566319356051372,0.3413855769879553,2.025850497922149
2023-09-13,-1.7029990849289576,0.10376579167329329,0.4640997835674912,0.6106464008542279,0.7431246305039455,0.6447454580236922,0.6744078604037922,0.6126135601044931,0.5609420473296148,0.32944036890385325,2.03243945383281
2023-09-14,-1.7113008348145224,0.1015127805251741,0.459742297793326,0.6025910556223913,0.7333009493089031,0.6345932855035358,0.6621980859305295,0.6101645546500883,0.5513455613502727,0.31468674938191,2.025987584196432
2023-09-15,-1.7104455919584294,0.10767968513942731,0.46380518250206015,0.6037669298330287,0.7339967319585723,0.630950479224019,0.660236812926264,0.6120915899000346,0.5533472619719594,0.31623950484772523,2.0266850968061543
2023-09-18,-1.7089462778122242,0.10960075750016691,0.46832244887777935,0.6119422324418391,0.7437422571563435,0.6400796815977088,0.6712371964012427,0.6225509152910728,0.5646580638784449,0.3185334985295186,2.0274797763417425
2023-09-19,-1.7175599059628945,0.10468301409961073,0.4621659973728281,0.6034354143367826,0.7311392165332384,0.6249186150902852,0.6536759100851984,0.614557542034586,0.5557441097861199,0.3048033303317975,2.0223632362946917
2023-09-20,-1.7267988893927315,0.09831298571935485,0.45649930499369545,0.5971469057250013,0.7241740241164538,0.6175344588932008,0.6477566817388332,0.6073947134595168,0.549317721222745,0.2925174812368733,2.0193163706296047
2023-09-21,-1.7368177445992636,0.08885424882178362,0.44736326907854884,0.5908878603676986,0.7179679243554873,0.6152111759197754,0.6398900143365666,0.6005202145739155,0.5414555589506239,0.28706506267850684,2.0238828072777704
2023-09-22,-1.7285240828751183,0.1000829665018543,0.46159832180973354,0.6097727302365562,0.7415360964748844,0.6449775463841911,0.6633895909300292,0.6139268881050218,0.5614425149917563,0.31710431858135524,2.045628401456473
2023-09-25,-1.7286157673792142,0.09621978285926026,0.4567540886085832,0.6047127083964228,0.7370070966861789,0.6379134267909891,0.6609399036101443,0.6099021373779528,0.5553472952641723,0.3136723307473199,2.0422880981265337
2023-09-26,-1.730752513235996,0.09562233530525437,0.45271583337133736,0.5990514656110433,0.731082652209744,0.6345568668933201,0.6572110067517367,0.6038240995922821,0.5504369343156785,0.3091350704111174,2.039887583647113
2023-09-27,-1.729957551293957,0.0997876902149743,0.45679668546277313,0.6009651884946996,0.7353809325057252,0.6417775201176009,0.6624016908023512,0.6052459884312082,0.5542493892485322,0.3180380447900694,2.047995596084026
2023-09-28,-1.7261776720688435,0.10572479136107059,0.46623330139091246,0.6142212815587873,0.7468675960485577,0.6512919602108058,0.6745679188841558,0.6180551084974995,0.561543503901473,0.3298782650873809,2.056055937156224
2023-10-09,-1.72883187579702,0.10540808212791034,0.4661726292691922,0.6082477195269139,0.7416398442194087,0.6435691702555323,0.6662098404569233,0.6107263487940249,0.5557350888151775,0.3215512598847454,2.050383135681765
2023-10-10,-1.7311175326419403,0.10226814811977587,0.4632515140461712,0.6035168142460057,0.7375688982885293,0.6417665079030802,0.667897242398184,0.6057419648910326,0.5499620026043056,0.31943548280084405,2.050553015442784
2023-10-11,-1.7298493790025808,0.10518078434794309,0.4677324947090014,0.6087037197481505,0.7357015196731758,0.64229505044177,0.6760924074982688,0.604435979065263,0.5500563602576909,0.3286387835021128,2.058488162504693
2023-10-12,-1.7270729844773547,0.11042960235877186,0.4721731555215997,0.6149189703699779,0.7434244769741273,0.651693442803757,0.6802453740449368,0.6086184695526231,0.5587234055889307,0.3314093372280222,2.0584823217053763
2023-10-13,-1.7179947607720405,0.11129631400396664,0.46829031930315235,0.6081922005517326,0.7336815895056187,0.6392599061785129,0.6697196039726302,0.5946961738682852,0.5481022301851567,0.3192601320323732,2.037254892804413
2023-10-16,-1.7280228206851895,0.09951239460297323,0.4594421361815183,0.6013343295524853,0.730875471413575,0.6340800281669048,0.661822624613582,0.5930728382205016,0.5464654145348176,0.3081682013321366,2.0361910220173254
2023-10-17,-1.736391520648427,0.09697961988486023,0.4604632494809567,0.600053926924918,0.7311050817294452,0.6345421304185555,0.6597079760001117,0.5917455940291855,0.5460518129768743,0.3082781332980495,2.044669653946476
2023-10-18,-1.7495389356081075,0.07773791078441879,0.4438311278303686,0.5823783116446083,0.713188493094718,0.6140303674384899,0.6383748676960245,0.5736786933493861,0.5290906759054256,0.288987317480197,2.0385262530883037
2023-10-19,-1.7725667355661574,0.06419532472695347,0.435165511447331,0.5729634745487053,0.7065634888573402,0.6083399492730388,0.6305578296178738,0.5654859344481818,0.5230319746642034,0.2894484171010039,2.0620151526671604
2023-10-20,-1.7865238619142862,0.05867694037162179,0.4285438232221542,0.5628804105602342,0.691495817325997,0.5987869984261122,0.626955417255326,0.5605620426947928,0.5149954886998495,0.27325724205835544,2.059781103972641
2023-10-23,-1.8054399313830771,0.035071535119819044,0.40519373583521023,0.5380920304614896,0.6632760020503968,0.5701878206590196,0.6052685196942686,0.5375588946601022,0.4912164355566881,0.24615497960417898,2.051594910987255
2023-10-24,-1.7856389751579522,0.055818714353518026,0.42860123063321726,0.5637938735828715,0.692885842318139,0.6023763022729482,0.6263420975870888,0.5588461979481351,0.5193826525075312,0.2726453259318054,2.0582843010897567
2023-10-25,-1.7756164119045215,0.07212658829189614,0.44370451537302075,0.5785675336512653,0.7090413628887292,0.6150355756023831,0.6412264483215199,0.5727901653160322,0.5323245792733498,0.2804817172969061,2.0560981292014264
2023-10-26,-1.7765007325744528,0.07160181885403138,0.44233699582047636,0.5802854985194276,0.7135096562436719,0.6217823572708481,0.6500773709539339,0.5764550431332306,0.5371926696106547,0.28262320219188103,2.059123934766333
2023-10-27,-1.774353563682529,0.0832567040194625,0.4565282400848609,0.5947088876328898,0.7272562057133334,0.6383924666261576,0.6676982441082769,0.5928932097661774,0.5538159704541402,0.30816894463065,2.0825225083131778
2023-10-30,-1.7645862375808785,0.09464057254916697,0.4694584667155118,0.6074738589085213,0.7392524992191932,0.650051325413136,0.6814255789988982,0.6076062999118623,0.5714794940271439,0.32075193541849795,2.0853381729993754
2023-10-31,-1.770111866270932,0.09147358700197336,0.46796455047759145,0.6052139805972399,0.7363567309456684,0.6482431724831955,0.6765712084912273,0.6021498051892331,0.5650957568603692,0.31499947189460203,2.0851113381655333
2023-11-01,-1.7716420301467444,0.09307002488651292,0.46773277126807583,0.608993176709768,0.7399596183727672,0.6520189031057475,0.6801857139120719,0.6047794049838469,0.567057269452516,0.3157131041401275,2.087355134286871
2023-11-02,-1.7854294151068424,0.08227731101441071,0.4583461694273854,0.5986885738853096,0.7290781271770133,0.6412457322908278,0.6709684755809622,0.5951438484878256,0.5568650342340109,0.3045441706763644,2.089973585783206
2023-11-03,-1.7809615623190602,0.08834023059760338,0.46677316502180943,0.6108360567422866,0.741309438910383,0.6550636609245161,0.6852148227714787,0.6183261032997919,0.5693624781900104,0.32668445486994413,2.1076460171890035
2023-11-06,-1.751760413358859,0.10955716755333675,0.4859885142404692,0.6296593663652637,0.756873140409717,0.6720155779667356,0.7032101631581562,0.6444189721801211,0.5853832276316131,0.3499436856230233,2.101704098981881
2023-11-07,-1.7409172606138648,0.11594802180031058,0.4913795583683667,0.6356523576912849,0.7604157452986979,0.6750739284299508,0.705452081782895,0.645541667726243,0.5926733869961086,0.35230163344663146,2.093218894060495
2023-11-08,-1.73623582151695,0.11869169497929664,0.49310106886776395,0.6370249550169544,0.7614735916746431,0.6760875334780557,0.7067035111251655,0.6463806315414928,0.5961733056789208,0.35281138090718744,2.0890472024241364
2023-11-09,-1.7561345891837727,0.11170229236150132,0.4866854123127062,0.6313437966474315,0.7569237716304988,0.6713943633924685,0.7022440228888491,0.6436721742463647,0.5926740177929045,0.3521072291423337,2.1082418183261056
2023-11-10,-1.7682618076101762,0.1075734254318785,0.4844559188150745,0.6310824919659169,0.7570990980387085,0.6712387199181066,0.7031252148182253,0.6452707823874011,0.5935008406572939,0.35288957637278917,2.1211513839829643
2023-11-13,-1.7604986698161875,0.11845572912092403,0.4955351283014822,0.6433913568979779,0.7665706681843977,0.6830769083061364,0.7150401465368172,0.6557141034538075,0.6047071802671599,0.3601694233778921,2.1206680931940785
2023-11-14,-1.7536310194464695,0.12579899039204392,0.49902901955876644,0.6469667550156815,0.7708052353638114,0.6881821849755477,0.7192067632274283,0.6619748422823867,0.6082342920950478,0.36753227379709724,2.1211632932435656
2023-11-15,-1.752859620536072,0.12966202716122574,0.5029398737650136,0.6522829179942247,0.7773569817890752,0.6936275328143509,0.7285035726694005,0.672438869398187,0.6139047852893487,0.37617259342342557,2.1290322139594964
2023-11-16,-1.7666941562218519,0.12038162277001874,0.4946896275591276,0.6449996055443393,0.7708089690534774,0.6871850672950885,0.7224840425390924,0.6683791844257562,0.6079279081252389,0.3690186293688049,2.1357127855906555
2023-11-17,-1.758828628505578,0.1293147198282963,0.5020511662611814,0.6523437349195894,0.7784021552620335,0.694926362385289,0.728381409265741,0.6780916973727884,0.6131261876536054,0.37880585352477697,2.1376344820303537
2023-11-20,-1.7513490303785244,0.14029970656205265,0.5126556767006419,0.6632596688829386,0.7891117261361271,0.7046978433446499,0.7372971839448961,0.6872833391745338,0.6236828511773778,0.38563757124157644,2.1369866016200993
2023-11-21,-1.7667085562795461,0.13069161207490892,0.5044274023147499,0.6575892593666272,0.7845154415087955,0.7015856004206298,0.7342017912465939,0.6875512296407918,0.6187952237598269,0.3839841462176441,2.1506927024971887
2023-11-22,-1.775953505312715,0.1225510981334142,0.4959446894021249,0.6502753476035911,0.7766162635245927,0.6917139649891947,0.7227227419215708,0.6736525778338002,0.6082152996748905,0.36782081137776484,2.143774316690478
2023-11-23,-1.7796341801852753,0.13213496465936847,0.5066654882606287,0.6614711103743215,0.7900281544716352,0.7032159134151141,0.7356949651290527,0.683979877372053,0.6195608748750876,0.38006562252425463,2.159699802709528
2023-11-24,-1.7849848361481524,0.12314517480675048,0.49843867247856877,0.6525150108280725,0.7799348466751844,0.6912259545339666,0.7216050696996821,0.6634268964285635,0.60349965868479,0.3609609263111842,2.1459457624593345
2023-11-27,-1.7966637465754856,0.11774521560612186,0.49488260090507524,0.6522295895603116,0.7806014879211997,0.6957578020225373,0.7290825175140743,0.6641646740174567,0.604860972787055,0.36927235925432633,2.1659361058298097
2023-11-28,-1.7947110675007667,0.12160697455408678,0.5011091065638482,0.6600456358168325,0.7911216890327604,0.7063249340616975,0.7406142595784865,0.6682079799261922,0.6163931711382377,0.38202996849602927,2.176741035996794
2023-11-29,-1.8019221434488366,0.11732818081424164,0.4966505989623,0.655044411978788,0.7836505120670568,0.7011017710030002,0.7355090533237676,0.6598420382280638,0.6099213625458514,0.37733066815574934,2.179252811604584
2023-11-30,-1.8114508811513357,0.11104987528108105,0.49158397859109026,0.649524269731434,0.7786203282622944,0.6973160939274656,0.728679666811519,0.6549942701045018,0.6096244493686076,0.37097186092834916,2.182422742079683
2023-12-01,-1.813142112772864,0.11202416380805517,0.49654115289454887,0.6575139273989471,0.7886835455925453,0.7088708106056536,0.73414005476653,0.6641295070024787,0.6145315806560951,0.37579262203116826,2.1889347348040302
2023-12-04,-1.8140381327145885,0.11217978200200945,0.498121164095717,0.6599350579416481,0.7902120554514496,0.7100986177902411,0.7325587066026237,0.6628090629822116,0.6144612818349493,0.370807564167358,2.1848456968819443
2023-12-05,-1.8318675748083122,0.09281421961869978,0.4798676938677573,0.6420511077051844,0.773320083396848,0.6921874415848743,0.7126316474674255,0.6443340101253547,0.5991373773599342,0.3514107260959232,2.183278300904233
2023-12-06,-1.8237667276255598,0.09911996662258933,0.48629163409585574,0.6479756502867084,0.7773480191497859,0.6967110868666204,0.7172526918229613,0.648190553350186,0.6028003718702236,0.3550963215644568,2.1788630491900145
2023-12-07,-1.824415322443991,0.10122088998473722,0.4850651013358012,0.6437352878041632,0.7714866932695803,0.6927915591734429,0.7108779675813677,0.6462401547134823,0.5972630105341991,0.3517017262197649,2.1761170486637536
2023-12-08,-1.8360779823747035,0.09067179356639504,0.47101764957990677,0.6327032971739801,0.7611621991427024,0.6857632358144743,0.7021164115739382,0.6377498952165597,0.5871757853807643,0.35373919334958126,2.1898171757242824
2023-12-11,-1.823408582658541,0.1003862779878018,0.4810469783478225,0.6432197711400309,0.7726253283226542,0.6961028951553533,0.7128431605991612,0.6499087402051255,0.5989419029356278,0.3653546183768489,2.1887632010353877
2023-12-12,-1.8220319132713652,0.10174900078812797,0.4879632296419065,0.6498844634589299,0.7791600815310205,0.6990225323073845,0.7157892134686115,0.6594131691586217,0.6030651110393415,0.36502527424784953,2.1870571875192124
2023-12-13,-1.8312623241062795,0.09212169080710778,0.4799146614289373,0.6437513892120537,0.7729432675161654,0.6951072580716127,0.7113593929185451,0.6543369156426939,0.5980744719884068,0.3596651603726403,2.1909274844789177
2023-12-14,-1.8388530273798118,0.08899191009622182,0.4770259580174343,0.6427928013532548,0.7733151400407516,0.6921527909504164,0.7083734498098488,0.6510648096387808,0.5975397910620497,0.3565543276147129,2.1954073549945226
2023-12-15,-1.8478416286603794,0.08096010167199708,0.4717569669288889,0.6369524184707208,0.7715955819852983,0.6905280548382169,0.7048387344030524,0.6488190093310635,0.5965286450444857,0.352140902559747,2.199982531220124
2023-12-18,-1.8612985357499785,0.06803850560652706,0.4588266088951241,0.6248235906166785,0.7598154264204416,0.677383172145098,0.6885439092286432,0.6353016338445056,0.584683890539263,0.33622057941981776,2.197519115169794
2023-12-19,-1.8631014847010658,0.06682155025513549,0.45747802341131993,0.6258020467584792,0.7649427383565887,0.6863386499312772,0.6907530842139604,0.6336802424817499,0.5885118452606062,0.3424795578865083,2.2055810425875717
2023-12-20,-1.8701366265865726,0.05789156449148085,0.44622803151239154,0.6147131672463967,0.7511538938870368,0.6791094540374507,0.6818233853424618,0.6212466890390362,0.5784401178295291,0.3304975177470694,2.2006341443336397
2023-12-21,-1.8629670426536395,0.06511190879171354,0.4547827924127694,0.6239695541698222,0.7588378640429643,0.6857002960110437,0.6866889266056536,0.6262881550454428,0.5873759232439618,0.3363458304478895,2.199312873101527
2023-12-22,-1.8795647396371933,0.053935019193854856,0.4432739884288146,0.6115274853912243,0.7423457445199441,0.6687878279360696,0.6739196959317262,0.6161056412813394,0.5749498380621838,0.3212883423747975,2.2008530820119887
2023-12-25,-1.8756360703685377,0.049556909545448176,0.4388169604123482,0.6092554833516266,0.7388017063610387,0.6644205791125354,0.6689129104220971,0.6102165220131819,0.571410668292676,0.3199541329350969,2.1955902033036327
2023-12-26,-1.8834015899892684,0.03613721354845692,0.42585479244711466,0.5953960331692587,0.7237063983172082,0.6460920354826188,0.6533943177258035,0.5995476923895626,0.5598903102911442,0.30175068431205077,2.185152274301317
2023-12-27,-1.8863399627652542,0.041691777341027386,0.43417393051379366,0.6055187496487037,0.7348735678859727,0.6559572031174018,0.6622898659624011,0.6075498001325143,0.568851857963267,0.31201638013273836,2.1983563428979904
2023-12-28,-1.8686252580731266,0.061781622444944354,0.45004113014554914,0.6254879472823961,0.7560819807935928,0.6774706560693402,0.6842656143845578,0.6216275778272643,0.5865907106048874,0.33720433595864807,2.2058295940317727
2023-12-29,-1.8612349511287904,0.07405313326954838,0.46311814297972315,0.6400191817372,0.7673460595303726,0.6955369112657218,0.7054432952740424,0.637747009028847,0.5986150107576533,0.3598242402675261,2.2210591913963147
2024-01-02,-1.8702014032954728,0.06955797983776336,0.4613970825857801,0.640878132861633,0.7701291993984528,0.6978188163034617,0.7099873460926801,0.6424825856526785,0.6036374382133798,0.36727054938790354,2.2374719526833746
2024-01-03,-1.8760979846050316,0.06604636571262272,0.45906189667883845,0.6368822657753563,0.7658598736896166,0.6941697138121653,0.7075248614919001,0.6394594129832161,0.596168404170036,0.3589515241664938,2.2350495087715236
2024-01-04,-1.8799804715907928,0.06420700924217146,0.45687452035616766,0.6344298363067326,0.7628578038142427,0.6910539481806265,0.7030528964262358,0.6346467266037152,0.590661617765025,0.35454426833305985,2.234524739923851
2024-01-05,-1.9011238726095547,0.04928290406650865,0.442767507442082,0.6202066134472832,0.7477839153699833,0.6754019197933264,0.6870683872373312,0.6187751462618355,0.5708182568994085,0.33442216949895526,2.235546042108508
2024-01-08,-1.91865153475812,0.033833191562671505,0.42575652081890214,0.6023540980531006,0.7278419842111414,0.6568449750527399,0.6656167828657322,0.5997105231482832,0.5503139128616537,0.3075746766339647,2.2262262113920825
2024-01-09,-1.912858955407332,0.04084171964684885,0.42946030715820216,0.6091859136904428,0.7339326820510562,0.6638408297659387,0.6703104893821101,0.6058417881213906,0.5575656370971274,0.31094154383379885,2.223800499241129
2024-01-10,-1.9218240866835783,0.03364941155704047,0.42170297305685667,0.599024738642702,0.719046044576322,0.6525142892245291,0.6624525466343338,0.5990023551878406,0.5497729936449733,0.3017836008280057,2.223607687511582
2024-01-11,-1.9137499437958423,0.04840446327732457,0.44074058801090377,0.6204120824671558,0.7428125357911448,0.6749323874955248,0.6733608672491465,0.6105735678499306,0.5667000527334722,0.3220467458333239,2.2357966896291646
2024-01-12,-1.923242761628884,0.04532001611372022,0.43556229372771677,0.6127501497259298,0.7315265768976499,0.6662496568893336,0.6669948387511694,0.6063285362300329,0.5605453949321116,0.30907232479472674,2.2323150864236094
2024-01-15,-1.9271940959616631,0.044890410048101424,0.4363238168069133,0.6112515710716079,0.7290306076206825,0.6621591721813611,0.662004070201186,0.6059306633891356,0.5607116604852088,0.3051890410946931,2.2323831370563547
2024-01-16,-1.9276403478659754,0.0447648463020361,0.4343568769406714,0.6072526061133591,0.7242723891669273,0.6553726326826452,0.654393416935166,0.5999059551060929,0.5546660222253875,0.2991706944405783,2.226811042306552
2024-01-17,-1.9529271017576106,0.021953306229291456,0.41140025758947923,0.5841731961151113,0.6982327764305876,0.6281095089340873,0.6267850528957687,0.575480374483294,0.5309015875504579,0.26865804480648603,2.2215851465640952
2024-01-18,-1.9500329153561988,0.016272829454486396,0.40054871046460977,0.5744457003760167,0.6919060903260095,0.6176036987317599,0.6175153326580072,0.5663972969853345,0.5234880679327415,0.2657380260371673,2.2157709413933646
2024-01-19,-1.9670893040386965,0.007637002100030545,0.3911124440747904,0.5611088721685739,0.6750491543144712,0.6006732909272833,0.6060591823470887,0.558194448766828,0.5124142772393587,0.24783655346052907,2.214925857499224
2024-01-22,-2.0092780401396766,-0.05004757620195806,0.3296294083595943,0.49849046705853983,0.6099380783620129,0.5375270442775869,0.5520691518182852,0.5052891781556264,0.4513172765064465,0.18517545031615068,2.1944534904558255
2024-01-23,-2.003389705509117,-0.04626203424028171,0.33080113702333136,0.5012034521668298,0.6072301034057321,0.5389755374799889,0.5604377867078653,0.5117847677019723,0.45022033771967995,0.18899900317018206,2.1923887086792977
2024-01-24,-1.9826755501990854,-0.028269507411371644,0.34609323842343914,0.5157944362622692,0.6173770093576255,0.5536557028184045,0.5857482038494128,0.5326620864776346,0.45948421716496646,0.1874838291303299,2.1701593793294136
2024-01-25,-1.95875550133232,0.01026450288421317,0.3799233245656303,0.5506950912838918,0.6544249096594114,0.5963627751514935,0.6266252434641837,0.5705622490383645,0.4941983880864503,0.2294660985891227,2.188221599921441
2024-01-26,-1.960608927545504,0.014908984063189714,0.3837000679059721,0.5491764518085871,0.6519600492404747,0.5881207269251195,0.6172338984931475,0.5717206587307492,0.4883349812573825,0.20578360470865856,2.166392532254161
2024-01-29,-1.9817879319042464,-0.0031082691830349625,0.35804351216014774,0.5204233283453328,0.6171286071020448,0.5493927834607999,0.5776220077871033,0.5456292282554749,0.4541788366555053,0.17096399751678007,2.1527519294210244
2024-01-30,-2.012862235032981,-0.02922002372357108,0.33042265409883387,0.48978381359397866,0.5849724903302814,0.5175071004861358,0.541093712517037,0.5116761814060393,0.42054757917646524,0.13688510257160638,2.1497473376045853
2024-01-31,-2.038927787264793,-0.06234123047485099,0.28873321593160595,0.4407519161036234,0.5303966302426871,0.460335061165901,0.48333827208400354,0.4601084882381784,0.372820187249442,0.08340494210946592,2.122332729374257
2024-02-01,-2.0570104859837746,-0.08025262323662416,0.27453600580689813,0.4281899560947581,0.5181717095859193,0.4480908951358011,0.46917056478004315,0.44695950076584606,0.3613193355748462,0.07687079097614766,2.13388127695992
2024-02-02,-2.0834389724227647,-0.1210784384589918,0.23112372109543672,0.37866760847929487,0.4653737948199897,0.3994526746961843,0.43471317178478697,0.41335773573378987,0.3153422299203352,0.023835701303501156,2.1072746737262635
2024-02-05,-2.1387402664178206,-0.1975264344892027,0.1519005917624186,0.27266089544390304,0.3479391324105671,0.30050820767818703,0.3672088028431977,0.35575484274145003,0.23740038038250316,-0.06926069467189129,2.069479571745927
2024-02-06,-2.0912494550779592,-0.13473908339599763,0.2008106165611828,0.311746180018334,0.3727851223800899,0.33003523198129003,0.4208657041205209,0.4059966689360722,0.2878788180017332,-0.01486562560238875,2.076383829475568
2024-02-07,-2.0626242378213764,-0.14302807336275483,0.19195084756497183,0.28782820468147596,0.33970842272087887,0.278828459592476,0.412211898654349,0.4056899943397326,0.2653445923909659,-0.03097221585578642,2.031652021965588
2024-02-08,-2.057267713148029,-0.11973732646483216,0.23702320126471793,0.3625110580650002,0.4310362270207456,0.38965009048434823,0.5211655282601615,0.46607965493654663,0.342424904271333,0.09009569027451239,2.1473634034225393
2024-02-19,-2.0665443465299913,-0.1179516489280989,0.24655384759622598,0.37860042051357395,0.46836502127996416,0.4399983132041095,0.5815196276497967,0.5212511286280361,0.383228777346031,0.1373810127899615,2.2039253593199506
2024-02-20,-2.0673449197833644,-0.11613365773279728,0.2485365885221948,0.3830403687085174,0.4744680243534313,0.44920640377105464,0.5971702630504953,0.5467126185608385,0.4059372301352197,0.15691549750421396,2.224260417287576
2024-02-21,-2.0672803933065347,-0.10568618610580278,0.2608627949931963,0.39642050099127185,0.48890463789362076,0.46278614785066513,0.6131747294746606,0.5659813674976825,0.42782833451206986,0.19887026535231317,2.2661506586588454
2024-02-22,-2.028623751316334,-0.07068660232717044,0.29222594585628014,0.4241534507465567,0.5116356047487491,0.4815659710733774,0.6315039593037014,0.5794008765877561,0.44045011077692986,0.20844064891523512,2.2370644002315667
2024-02-23,-1.9796768241939402,-0.023833251974976863,0.33407428570650477,0.45971861368155764,0.541543319690104,0.5059376331113475,0.6482211188598819,0.592012706703808,0.44712078832924657,0.21100152418674434,2.190678348380682
2024-02-26,-1.9564630645076437,-0.001053722625510338,0.35742437872554483,0.480829480605932,0.5581219572389197,0.5187211164968694,0.6559247840336235,0.595934246544193,0.45196572507912336,0.21740037497657294,2.1738634394842142
2024-02-27,-1.9257993811126135,0.03694886693955713,0.39150527425000564,0.5147058833184028,0.588613677450113,0.5476917280984545,0.6821225302143598,0.6169793408708272,0.4682950007789586,0.2317229196411538,2.1575223007537647
2024-02-28,-2.0198543219885536,-0.05639284841567751,0.30410000209658083,0.4346886739358447,0.5171259898122877,0.486720596685226,0.6331091825929277,0.5774064522537524,0.44242531337839425,0.21800193126115364,2.2378562532497046
2024-02-29,-1.9684010475002556,-0.006172671980887237,0.3508438701385632,0.4768796331294687,0.5558013575934414,0.5214630729430901,0.6667957022170358,0.6048456733937513,0.469375649711967,0.2494467979318579,2.217847845432111
2024-03-01,-1.966398170409037,0.010975389757937597,0.36953095462205005,0.4951986811692265,0.5712377076813108,0.5346854415252343,0.6768213685113323,0.6121569847542241,0.4740514932514633,0.2546534935261899,2.2210516639352242
2024-03-04,-1.9622388712700767,0.017437461762312062,0.3725575907831804,0.4966034644047218,0.5713725556327174,0.5369963530664472,0.6778818487760291,0.6126032971911204,0.4758729294978444,0.25517896142684404,2.2174178326969183
2024-03-05,-1.981476122788945,0.0037384130083760667,0.3595676500024527,0.4848128998403867,0.5597101925589494,0.5229844199798788,0.6572783159239205,0.59260414953049,0.4628792524773832,0.23347125466228189,2.2149473774512245
2024-03-06,-1.9801381121095574,0.0058304841037720035,0.3656684426558501,0.49940526554607345,0.572728560385876,0.5368342394244626,0.6755082009296381,0.5993923269391926,0.47615710456695487,0.24036386074184982,2.220501972851405
2024-03-07,-2.0038943737162853,-0.006922683221683915,0.3549384787552104,0.4920503949628688,0.5656772924156747,0.5330124590838348,0.6707497744551436,0.595604011786571,0.4715424393382527,0.23626251023990522,2.240156883956188
2024-03-08,-1.9934344519560296,0.004588868723090207,0.36790837758354833,0.5036619725432506,0.5730329170482339,0.5443451778952851,0.6836603628658797,0.6015057634391082,0.479230022335394,0.25160902993659684,2.245043481892624
2024-03-11,-1.9836679212375241,0.01563019205816389,0.383916663710896,0.5218196312725875,0.5940856167891452,0.5698888761654584,0.7105607587984696,0.619801749287167,0.4997860252258648,0.2769981721926232,2.2606660934301446
2024-03-12,-1.9821856864888416,0.01576343571974499,0.39433739975268445,0.5350548114747121,0.6089374605389662,0.5853973638334542,0.7269627763916373,0.6396027110576944,0.5122605679669,0.2942712915573786,2.2764569780462174
2024-03-13,-1.9847949190955738,0.014654533000188225,0.39407831642969937,0.5371751902773193,0.6118488877233912,0.5870373301147238,0.7293951018858054,0.642189739003726,0.5161849634905316,0.29859930115898636,2.283394220254557
2024-03-14,-1.9965138031692347,0.008608267135663053,0.3871325959724074,0.5298661920044775,0.6070262654296759,0.5829533345216533,0.727258848552457,0.6374776244432965,0.5106465829410752,0.2947022060837222,2.291216009252954
2024-03-15,-1.9877132474152694,0.022307087628884805,0.4023992834572595,0.5450730520680113,0.6230513195854417,0.5980434525896539,0.7427117037744867,0.6505468891310326,0.5247514809579759,0.3062138867738085,2.293927134189075
2024-03-18,-1.9644731874139363,0.04188820383739768,0.42286165535980474,0.5644661090248141,0.6433836459468758,0.6196463850709666,0.7630918216240821,0.6697831602184244,0.5432423728318972,0.3248094473535759,2.2892826347675093
2024-03-19,-1.9751042266706522,0.039924311432012506,0.42066130452867967,0.5648993004244038,0.6438992557938157,0.6196131569613036,0.7610023885150057,0.6656767004225855,0.5388885815320787,0.3191255337731391,2.2942297604437885
2024-03-20,-1.9607610113254081,0.052553398451810694,0.43663286224795606,0.5797101718055273,0.6568506851580996,0.6310086502912845,0.7716173774462508,0.6728394681394428,0.5464463188573309,0.32350139653308024,2.2842624078584852
2024-03-21,-1.9606855934566567,0.054951266021997534,0.439805906172535,0.5842064238094832,0.6602390442543333,0.6335157859429109,0.7706078283432569,0.6716919006859761,0.5436398204458075,0.320315901232566,2.2810014946892196
2024-03-22,-1.970340394955527,0.04234586276402528,0.42617147615209416,0.5696262182927798,0.646140875702018,0.6181027887389363,0.7529682061073634,0.6564128617855067,0.5260748902224981,0.30501990292716846,2.2753602978826923
2024-03-25,-2.014403036381888,0.01384728158101901,0.39910668284709117,0.5459398959674303,0.6230555461473198,0.6013042972802196,0.7314589715620732,0.6328901759325571,0.5130521848248338,0.2792582865604445,2.293661322942329
2024-03-26,-2.020090268747178,0.014826831347557062,0.4000117412055927,0.5488299856838619,0.6223136334817875,0.603172348360402,0.7340640022494911,0.6353437651981182,0.5170073412437076,0.27228141458593996,2.2923716833331147
2024-03-27,-2.0612926033672783,-0.012451395626981155,0.37264805943643303,0.5175906101704397,0.5848780399655616,0.5652956198470223,0.702075976279895,0.6114617827260975,0.49091365924034913,0.23377277033966465,2.2950653737069397
2024-03-28,-2.0454739388920045,0.00785799707326049,0.3967383589415152,0.546577140976473,0.6177116709728567,0.5971747035803289,0.7180123494987172,0.6280842346200588,0.5120353162981934,0.2587807724273225,2.304254711319324
2024-03-29,-2.0418181804798237,0.020388268864098995,0.4093183986833804,0.5607083772338222,0.6316006009362396,0.613346308289694,0.7302458362115111,0.6409527623888442,0.5233797216558064,0.27333665785361716,2.315154838333438
2024-04-01,-2.026243970210509,0.03600164059457369,0.43059150229191495,0.5843192193647838,0.6578338439110053,0.6417019390002062,0.7563586509404747,0.6611030812123471,0.5484373635529012,0.29770493061429215,2.323948900824798
2024-04-02,-2.0247636749299898,0.03870665110923214,0.4375922407584607,0.5892649023054041,0.6597015508479989,0.6422021447961405,0.7539005988276376,0.6531057385316519,0.5328313480421252,0.28466862944699284,2.3094323043769798
2024-04-03,-2.028270178355864,0.03782357756112332,0.4367257756175186,0.586513171853219,0.6553958136529752,0.6354469710121923,0.7442820287617279,0.635480202599975,0.51221351359692,0.26949208496363003,2.297762263319491
2024-04-08,-2.0548458308265496,0.013018842716242592,0.40936287150691997,0.5603414815045809,0.6320337639073691,0.6115111888317737,0.7193085660817218,0.6143621998931146,0.4901116789426087,0.24782263608976013,2.302668466916307
2024-04-09,-2.045544824691706,0.02451538129292928,0.4226346863895599,0.575119288251591,0.6477463204401187,0.6267888491664767,0.737738191502376,0.6328283608054451,0.5047705581162166,0.2676438795577017,2.3131887042494053
2024-04-10,-2.0606741716108323,0.013374940706847954,0.40707549633100804,0.5570564140264683,0.6279206510790845,0.6019134416659344,0.7071243604715104,0.6069830221602674,0.48317752493941674,0.23944672302259043,2.3001208946334204
2024-04-11,-2.0582843474374406,0.01924178237035199,0.4104422731956235,0.557813396788968,0.6292089370422967,0.6023641509327157,0.7102382984625953,0.6134176081982592,0.4853592110974699,0.23602267756835948,2.2943070250057978
2024-04-12,-2.0650997958447648,0.014764926024734209,0.4007980256264741,0.5478377953562489,0.616633314202454,0.5958281702711998,0.7059008667905808,0.6037481752821693,0.482738079505639,0.22739416031319298,2.2924939561579554
2024-04-15,-2.087911252437139,0.002546065953162431,0.36731496182318324,0.508336973848173,0.5727822872852683,0.547378600016473,0.6695762125631615,0.5876457547680698,0.4438845581708707,0.1879723149069965,2.275883567344133
2024-04-16,-2.124480812700836,-0.03074212365410578,0.3128884699860106,0.43924997686856704,0.49186595283129664,0.46280611396876625,0.585500850233946,0.531350983771731,0.3798526800842854,0.12123484390146885,2.245715656602303
2024-04-17,-2.0954051896686354,0.014278865074005893,0.36780423143519914,0.5196346530344047,0.578019568080691,0.5552480338226533,0.6396877466412293,0.5777546090560027,0.4364439429257647,0.1832705299782987,2.278675719646932
2024-04-18,-2.101278580727345,0.018059645043865688,0.3664102996354645,0.5168394577692794,0.5715801999013931,0.5493356165020443,0.6357555480625823,0.574283244281192,0.4397268389896477,0.18225798158516254,2.2835365623125057
2024-04-19,-2.0985721278818628,0.017677473916098398,0.3625818019038177,0.5080850576320086,0.5639307163345454,0.5449186368453496,0.6295949033247983,0.5698881181763009,0.43174581108605925,0.16542896493790524,2.264001092819766
2024-04-22,-2.1129598378571557,0.011691710384234659,0.3552651560842181,0.498685963172197,0.5549526501519286,0.5421759648420404,0.6240608999864156,0.5593058107708666,0.4267182249382057,0.17404485653028348,2.2870046943874374
2024-04-23,-2.117778876875661,0.011808690828398456,0.3584912233995824,0.5014605960659511,0.5659728501383772,0.5624240428990388,0.6438901964104237,0.5567975819193595,0.4306696969840578,0.1883659617174513,2.3061448385931103
2024-04-24,-2.0971431246085177,0.03553653991297176,0.3829306386632818,0.5235163221073706,0.5889954561777695,0.5826128880376638,0.6620356471249416,0.5709406507924645,0.44471780614862627,0.20068552237865245,2.2978286469871683
2024-04-25,-2.1019525944914736,0.03768239883594409,0.3873099634742238,0.5280695592041647,0.5956231526898595,0.5910784489815749,0.6677682382637496,0.5759972528023114,0.4484497851103542,0.20596763764856388,2.3079202321400354
2024-04-26,-2.0941303318973055,0.05080516504972506,0.4009196860748513,0.5435512423916882,0.6101163419055765,0.6060936768799411,0.6825942072702018,0.5939974179578531,0.46570344957417176,0.22479946765329778,2.318929799550601
2024-04-29,-2.070830132308993,0.08232860948253118,0.43391393467723294,0.5786585118573597,0.6443116876595817,0.6387515503016222,0.7119225032533146,0.6181284173315889,0.4909465752632811,0.2390290363165461,2.309859168625537
2024-04-30,-2.076072733807489,0.07500120119023479,0.4262483306791865,0.5714399486014348,0.6380631472961087,0.6306242067833516,0.7055512707562037,0.6111907101665558,0.486000387106201,0.23316509820775663,2.3092378320152434
2024-05-06,-2.0536301951390223,0.09476862859435208,0.4471259527544769,0.5928674071627574,0.6595953900201019,0.6531615493812227,0.7288937926248701,0.6356465409170471,0.5124784235267518,0.258669765538468,2.312299960677488
2024-05-07,-2.046734765650444,0.10326138426643894,0.4540649345782394,0.5991947374062155,0.6645129304447437,0.6584912321518798,0.7346723751503258,0.641707685428982,0.5193628105112342,0.27180160237707246,2.318536368027514
2024-05-08,-2.05817833266256,0.0924364272208949,0.4418688146608567,0.5860335938541511,0.6495754989416277,0.6432421452549696,0.7206173776209587,0.6268637355144376,0.5069745545453485,0.2582047177380562,2.3163830504006135
2024-05-09,-2.0547235739501697,0.10455154093757078,0.45743175233964556,0.6027765687734877,0.6662396344362337,0.6599839453474029,0.7371975072930363,0.6418788553634378,0.5212030793674218,0.2741722669433774,2.3288958408935443
2024-05-10,-2.066377054318307,0.09360472628905603,0.4514680004862711,0.5952319037327043,0.6579570156302362,0.6515081414469607,0.7306083010630829,0.6267473650879992,0.5110512813604705,0.2588256758777696,2.325202730196074
2024-05-13,-2.0806061850004207,0.08283923511692365,0.4387346665259437,0.5830528229164793,0.6439093450411778,0.6346582479598036,0.7145762550155992,0.6028444944744836,0.4913491875401108,0.23563792196655997,2.316244106966978
2024-05-14,-2.08386316496573,0.08406479529348944,0.4446641846400062,0.5942168008793935,0.6565720930045713,0.648337298298103,0.7302290450856693,0.6122819607601707,0.504464357120323,0.2410180897482651,2.3248812547139925
2024-05-15,-2.099020068974478,0.07422993684042452,0.43726472529855626,0.5889582894655788,0.6506998074976391,0.6420678718405816,0.724391260303745,0.6076140401955434,0.4982408185637859,0.2322492549762147,2.3312693239506905
2024-05-16,-2.097369888988201,0.07529723123064731,0.4408674338453287,0.594501681319923,0.6563865199896768,0.6511547915417967,0.7344818312419059,0.6124148017576732,0.5028501838195919,0.23616475057324204,2.333534639561441
2024-05-17,-2.0775411903308574,0.08297720468170841,0.4504128046324433,0.6066252123337914,0.6709601928432193,0.66729717517898,0.7483644120005833,0.6227470529221184,0.5131686558039431,0.2555412767781362,2.3330824671089916
2024-05-20,-2.085265746995196,0.08464608620974766,0.45149663435078935,0.6095596251245234,0.6790442988117641,0.6717097341362818,0.754058066270656,0.6302502085122695,0.5208078247412158,0.26090531281218327,2.3461710598073777
2024-05-21,-2.094183306499321,0.07281959824358678,0.4421961891138778,0.5997582770168634,0.6676509426030199,0.6617707062467417,0.7447636831098525,0.619223197212195,0.5120919064419905,0.2510002105671623,2.3451835170664816
2024-05-22,-2.0843004186972722,0.07727210880258245,0.44927681524244567,0.6054260746690683,0.6685915937478641,0.6655196229473888,0.7520921645296819,0.6247353357747444,0.5119059429662282,0.2575362800600867,2.341836698757357
2024-05-23,-2.1047899642725305,0.05730214134874522,0.4270677227789438,0.5830953712445618,0.6451487246413742,0.6429612874348029,0.7293638973901,0.6032461478055628,0.4914422766844154,0.23740922836861975,2.3421991926411487
2024-05-24,-2.1306320491272035,0.0427325741730463,0.4149518347170776,0.5792356857388504,0.6368335648748574,0.634097524911221,0.723193807634206,0.5998846811936459,0.48457652126851297,0.2239979702873468,2.354630019414549
2024-05-27,-2.1334524491800178,0.049813669299172574,0.4230253433405553,0.5851834854940728,0.6492765106850847,0.6432237043243364,0.7299031548550927,0.6085092759343279,0.4908707148889634,0.2323421118372456,2.365794561017262
2024-05-28,-2.1402826153875796,0.03941584885281946,0.4103994860295699,0.5738722459150872,0.6385667996661537,0.6334375553328708,0.7180278833925304,0.5977304430986917,0.4787682186155269,0.22686590013053057,2.367148515518109
2024-05-29,-2.1403170869442287,0.04078770349246648,0.41482164765125074,0.5786453003314017,0.6405850580635215,0.6417362917527959,0.7226700563051737,0.5991726206309382,0.48301808536969904,0.22677842919037766,2.3670955161346052
2024-05-30,-2.155597012731988,0.03227269631512432,0.40838064613791103,0.5736297761057704,0.6364931614482028,0.6377179453771206,0.7136959465223918,0.5925398996168424,0.47768837564000144,0.23346173071207765,2.3890587434440644
2024-05-31,-2.157501052827398,0.03509386157684867,0.41202458892333593,0.5801932760982997,0.6455659250772199,0.6538763718032693,0.7299957503846668,0.5948522469171461,0.48255072773242047,0.2469568056475462,2.4044578584749425
2024-06-03,-2.1708012199652362,0.019320153652025256,0.3927349278569864,0.5626389750410437,0.6243688125221117,0.6316109940234689,0.7109851871408976,0.5770140905115881,0.46382984973735175,0.23131830675065237,2.4021195267158872
2024-06-04,-2.1871436103660384,0.012401647420145406,0.39329408381719777,0.5569459563711897,0.6109548278622517,0.6172634269561166,0.7075622656223881,0.5821691893725677,0.4601375817389039,0.21771230932200214,2.4048559196880395
2024-06-05,-2.2010457469301685,0.00016070756294865596,0.3748478031414667,0.5339289135021675,0.5876662002627091,0.5970529964418013,0.6852346100779652,0.5635436160559781,0.438658105476184,0.20159547830900282,2.40264122523917
2024-06-06,-2.2265630043407856,-0.024604820485438345,0.3394051144516523,0.4939122713900545,0.5402974835993654,0.5512052041980852,0.651696423711883,0.5407657280903655,0.4029667678270467,0.15817094181229363,2.384733946153078
2024-06-07,-2.2313489211318056,-0.004041020895338383,0.36086550989337574,0.5184835993394457,0.5666954550358091,0.5778169823046589,0.6721741906506844,0.5590297952690617,0.4233617070264328,0.16905220160506246,2.400401122736867
2024-06-11,-2.2283473045466136,-0.0052366973113651336,0.36373515430907094,0.5249794419237567,0.5817401361955148,0.5897315833411916,0.6694156496354218,0.5553963505221595,0.42944959175002845,0.19440153078026237,2.422748835326875
2024-06-12,-2.2245858502414246,0.003393359538107283,0.3782490385989713,0.5417786847835001,0.599689665304757,0.6101752656504098,0.6838364822274842,0.5660158441501731,0.4420359565784155,0.2048871736103392,2.4294730238517634
2024-06-13,-2.220328245902338,0.0045149661838178356,0.3675937117938556,0.529553828440149,0.5918519041976603,0.6072619057230949,0.682939385237258,0.5534612165584217,0.4354312181034756,0.22245252500265938,2.4427807709049967
2024-06-14,-2.2259220609888235,-0.0006686008935173167,0.36867851209165703,0.531053102665911,0.5953336460961712,0.6108957432360648,0.6846897040273963,0.5576268164909595,0.44049948597360244,0.2194126709479958,2.4453347319368186
2024-06-17,-2.22127764760816,-0.005252792894504608,0.36330741292819874,0.5239779085820514,0.5883485022388131,0.6033860248528549,0.6766741874644407,0.5509783253271074,0.4385436826207873,0.21465380878910567,2.4359314563972654
2024-06-18,-2.20823341766805,0.008739026375206807,0.38132121434177246,0.539543810683291,0.6033358032552092,0.6152006553411224,0.6910566045606874,0.5642475265455722,0.44631414744444625,0.2224641948126356,2.430697612480685
2024-06-19,-2.214296381463959,0.005138614938957606,0.37585135070320813,0.5343628328331349,0.597049530995964,0.6115218360106539,0.6832039831416344,0.5569475154427668,0.4390958201838759,0.2119843906635792,2.426280772127538
2024-06-20,-2.2294917144677253,-0.012616752675638485,0.3554123902941768,0.5141007002845672,0.5742553214147698,0.5868154525440433,0.6590786919487861,0.5372582760784693,0.42069266323291227,0.20307531873537732,2.4325670332031026
2024-06-21,-2.2362922774866214,-0.012921075961496525,0.3556660211259302,0.513001852885938,0.573163652705291,0.5857620367291612,0.6561273028440061,0.5361116918480577,0.4219729281688139,0.1988225262770113,2.435114803763633
2024-06-24,-2.2714797221939507,-0.04687332622494979,0.3219592709574851,0.47708006495240124,0.5333960749355581,0.5430346867671357,0.6175144061218346,0.5072169893305629,0.3863451363297723,0.15551074250095212,2.426990464694903
2024-06-25,-2.2786090533398258,-0.04143651935138063,0.3258005206157309,0.47811852692643647,0.5308114669727172,0.5491865758614054,0.6218367927579922,0.510890228708654,0.39076866480165157,0.13967050418846522,2.418279557528291
2024-06-26,-2.2651700720598704,-0.015495876433863177,0.356173902146651,0.5149434200659845,0.5702986107456864,0.5878431049439296,0.6444384782399295,0.5315332658535877,0.4192503334385803,0.17389019667396446,2.439060268733835
2024-06-27,-2.2854591778452353,-0.033932704497509084,0.3368183320697726,0.49559462933819487,0.552418854309373,0.5733485599994035,0.6285736406034853,0.514035166376894,0.3998012207702277,0.1484280519663123,2.433887229811548
2024-06-28,-2.2853536897832334,-0.028571166396063094,0.3417480928149906,0.5005983449322887,0.5602600181936821,0.5822797234115339,0.6342797273382137,0.5195989207853161,0.4038897088086642,0.15088766972661863,2.4362413595098524
2024-07-01,-2.280400878705876,-0.01825674040268806,0.3569463923978914,0.5126388690115242,0.5689385442712994,0.5895254903767084,0.6466297564351509,0.5346801935193488,0.4119857878210866,0.13972164472900617,2.420122523434882
2024-07-02,-2.28007675050574,-0.015161424618940045,0.3616195905433376,0.5188300203274081,0.5718235059620909,0.5923097687169896,0.6456410047824707,0.5312867126320802,0.4063697660570573,0.12689205109234494,2.4069688015980852
2024-07-03,-2.299682343754928,-0.022705713162157616,0.3558081524887136,0.5112008671249385,0.5641418312381111,0.5831644575374251,0.6359124617217603,0.5214034694319053,0.3975753003076873,0.11855071747626515,2.4182330612311933
2024-07-04,-2.3299673659345026,-0.04814265901392126,0.32772888948575785,0.4871332027531444,0.5394079710327767,0.5564038832749085,0.6076877495922103,0.4992650024236606,0.37323114973027505,0.08690338034572043,2.4168707462802232
2024-07-05,-2.325391179925157,-0.04010563941451743,0.33776575674762427,0.4987576313562976,0.5555215040823561,0.5683806265623683,0.61812234651439,0.5092538329887245,0.3824960079694559,0.10228458449424042,2.427675764419398
2024-07-08,-2.345765472109617,-0.062130779520515336,0.3117332075249098,0.47065318418548013,0.5267461071797217,0.538909232943674,0.5903481355432806,0.48440582213963196,0.35548771469033186,0.07259680803824722,2.418362280147864
2024-07-09,-2.334917786527391,-0.04676852113036505,0.32583880470668813,0.49078720937996945,0.55270731949537,0.5676865386422562,0.60376871356586,0.500218817455862,0.37223525793704815,0.0947892770836544,2.429707063611046
2024-07-10,-2.3401143218082088,-0.05420127129237325,0.31586699995868484,0.4819931259305162,0.5464415371888472,0.5647841184887431,0.5932065171580532,0.4891881805453983,0.3649914001249873,0.09238920979956745,2.4325035316077765
2024-07-11,-2.3178717432522844,-0.031181270355524548,0.3484653339768588,0.5185643224510212,0.5830898501427438,0.6014712011203429,0.6240276890300156,0.5140285201932577,0.39753066875472703,0.12768804106480125,2.445559784317086
2024-07-12,-2.326438309801284,-0.03434093438555827,0.3467951973768201,0.5158845318121805,0.580992701214021,0.5980184056569834,0.6204936965235208,0.5142445111238355,0.3944675525218844,0.12410584115642698,2.4505441509577115
2024-07-15,-2.339651812142193,-0.049771209173434666,0.33067323620687566,0.5009608328720623,0.5659819203997527,0.5842056376807266,0.6075278436405858,0.4969096306145435,0.3843837365768609,0.10474050170336316,2.4443923138455568
2024-07-16,-2.3327305009615493,-0.04299437626320943,0.333138736843752,0.5037375084647658,0.5649765273523982,0.5835431259605158,0.6061849079074614,0.49326009520594843,0.38241933477463563,0.1034433189100271,2.436173819871577
2024-07-17,-2.3513391803734733,-0.05317121673479188,0.32677450669413616,0.4970128036588973,0.5556244040534764,0.5723968107857035,0.5914724369929601,0.47513587721674716,0.37570093952424016,0.09378497957810226,2.4451241599515763
2024-07-18,-2.3466485617935358,-0.050059972043994524,0.3278681575492777,0.4966681788121515,0.5548986905732918,0.5707174141866981,0.586326934820523,0.47048441183417566,0.3782447912359888,0.09192673999609481,2.4385753017896312
2024-07-19,-2.3465411932385405,-0.04650702207054814,0.3296743217602431,0.5000678287350996,0.561496624043328,0.5829567881064145,0.5975009396933146,0.46972664709448797,0.38338417456226404,0.11322204413763048,2.4597632373761718
2024-07-22,-2.343369654371107,-0.04476579282235646,0.3293035276025174,0.5041252410373606,0.567518533082725,0.5970401701540438,0.6075233028351111,0.4697342041775274,0.3852505380083902,0.11857912044535167,2.4619487748164595
2024-07-23,-2.3660522055192312,-0.06897369933097422,0.30690346508443817,0.4831045856421361,0.5491377684398742,0.5780935795135532,0.587789238537364,0.45052244864574886,0.3689519900858029,0.09290265746031201,2.4589548629795437
2024-07-24,-2.3779240606328935,-0.08160975150793227,0.29303239027177097,0.4652353330681536,0.53143860393836,0.5595947834731736,0.5756199691003933,0.4394318366595986,0.3517141553293716,0.0702151499665408,2.4481392105994346
2024-07-25,-2.3757877284618014,-0.07547658651855182,0.29797273209236996,0.4714375489070912,0.5365065271378298,0.5646306759987268,0.5806004342258205,0.4437734714372548,0.35677539673156156,0.07378366312124846,2.44957139158305
2024-07-26,-2.367050291847223,-0.05666749024965005,0.3160918593467656,0.4915736602294982,0.5563011863850046,0.5838615602124848,0.5953841090130013,0.45855894458156193,0.37492916362772405,0.0867489860171119,2.4537992778643356
2024-07-29,-2.3600242307586368,-0.05083324743824043,0.3215911243850253,0.49212557435277327,0.5552833552367978,0.5854943248899739,0.5986770545225548,0.45842955085035053,0.3695223447529224,0.07667468110361374,2.4366989118622513
2024-07-30,-2.359059227702145,-0.043660247875399474,0.3301875220896134,0.4979530633375587,0.5594396535136832,0.590872874564585,0.6033798741738488,0.46202622189863163,0.37379903325772235,0.08255764769567364,2.4416168753978194
2024-07-31,-2.3384697500129668,-0.014687075491350114,0.36073323782716854,0.5315164951017455,0.5926092543193252,0.6264523510237121,0.643612115330138,0.4999447549528831,0.4100676203581244,0.13194036095101952,2.470410110963987
2024-08-01,-2.333112166192214,-0.013471378280893075,0.36079179940300793,0.5320972769980403,0.5930752382339274,0.6264173318088794,0.6432742671017877,0.4987563659284056,0.40867007747405193,0.13004578607873052,2.4631579522709455
2024-08-02,-2.3510837670521325,-0.027916625091256447,0.3468677243177527,0.5176079495919871,0.5803086156828245,0.6137358568476203,0.6308996815018895,0.48761051835198566,0.3977784664299295,0.11949287057572455,2.470576637627858
2024-08-05,-2.3772140248747116,-0.051305275192328574,0.32336860594521283,0.495337738920692,0.558535243433072,0.590665454902276,0.6038881400990993,0.4629325382845149,0.3616408830648646,0.09481799432971304,2.4720320192044256
2024-08-06,-2.3567247786885797,-0.029028583865927965,0.34366636374569676,0.5138593358243203,0.5751571774028222,0.6096494466009897,0.626672795645799,0.48351652237811826,0.3730184941629593,0.11574142484300186,2.4724662035315825
2024-08-07,-2.3691603692957837,-0.033868675891607185,0.3420489169029465,0.5122530960401024,0.5746866520323148,0.6116999812708821,0.6307290672062461,0.4910287038177887,0.3791311486846067,0.11822141388300957,2.487381783178794
2024-08-08,-2.3757198900043015,-0.03174376235344036,0.34505604178447985,0.5116913431851238,0.5708308870371577,0.6029857602899531,0.6249189981700201,0.49299042585311087,0.3793454152406688,0.11221337127128547,2.4879332612755873
2024-08-09,-2.396401182180288,-0.041690376630120776,0.3388712412636724,0.5073096136060395,0.5658058806740549,0.600925131183849,0.6204024377760806,0.4881047630567941,0.373079363180508,0.10423079478097534,2.500631976961264
2024-08-12,-2.4101860890492346,-0.042972618696492305,0.33673909436888794,0.4998775474097579,0.5586826964291889,0.5926534010018898,0.6129416668893065,0.48247407431456635,0.36822942734286845,0.09711261111360667,2.5072987001628415
2024-08-13,-2.411585465695171,-0.03895482269162851,0.34391967738269225,0.5076760674554232,0.5663174133240857,0.6010532008098873,0.6242285974506327,0.4944171040388226,0.37478297202255545,0.1048072686546421,2.5163927343498136
2024-08-14,-2.4135386608689635,-0.0434585440533529,0.33960486484034824,0.5015073044896284,0.5615774830110003,0.5995722022801955,0.6200104309513191,0.4864728550526482,0.3669213622282276,0.09274363822118857,2.5062822990901528
2024-08-15,-2.405385651270263,-0.037239469011473486,0.34888682138724236,0.5103058761856719,0.5726285868887089,0.6134831253774173,0.6262256620320336,0.49622172600693504,0.37282911448870376,0.0988314522964712,2.504217103566735
2024-08-16,-2.4035301090400227,-0.036066014055345354,0.34728102967762636,0.5054923611490522,0.5619209151571541,0.6064335506707454,0.6237354281944294,0.4850529620768293,0.36378106580965697,0.09376709206821585,2.4972972011082395
2024-08-19,-2.419632465656026,-0.03967744157438876,0.3452341947392428,0.504459042189034,0.5614777560806615,0.6063446052427577,0.6183524758253892,0.48307363216513854,0.3624881904958939,0.08659269193727771,2.5062251575933048
2024-08-20,-2.435330995956002,-0.05382492105839337,0.32904374097006706,0.4865240732224879,0.5429995265467823,0.5882619360696983,0.6005483571031011,0.4663788309136933,0.34459966676602033,0.06615834516466695,2.50148934112067
2024-08-21,-2.4417999263729215,-0.05666368765597347,0.3259182927874742,0.48362908842061314,0.5406009839508142,0.5896309833209681,0.5973814339202427,0.4608779892441137,0.3438721833468871,0.06254966356909178,2.504349589942014
2024-08-22,-2.4640930904164886,-0.06897086003297612,0.31208384753272855,0.4696483002215168,0.5246152556395692,0.5722704407340754,0.582466968134576,0.4485133585642085,0.32886269812486296,0.04885512695962815,2.5129482173761173
2024-08-23,-2.4681510319692364,-0.07080660305355878,0.30964408240345925,0.4660782443830332,0.5210807609574092,0.5638343231736328,0.5786728334334248,0.4458368779706334,0.32258250320237586,0.040561019885905956,2.5087120518551425
2024-08-26,-2.466848605621268,-0.05998356698638071,0.32396669482814716,0.4798230205494791,0.5341310399125392,0.5780526157847411,0.5880971644607503,0.4542700627829388,0.33368201863240254,0.051085357014728716,2.5179339626359964
2024-08-27,-2.4880307680332323,-0.07299648664293679,0.30947365681386124,0.46539322773248626,0.517156204382636,0.5640888846397885,0.5751565683935197,0.44475350534226976,0.32247670506785964,0.037858562242441184,2.5258893302756733
2024-08-28,-2.491035054918952,-0.06877463884175589,0.31360537870779415,0.4731659093542275,0.5245054860521013,0.5728152243300529,0.5792058531150217,0.4481645843991757,0.3265726757949343,0.04402674116929163,2.5350617960882436
2024-08-29,-2.481811715749504,-0.05888967013550178,0.3255114995621991,0.489542989900698,0.5435943868917196,0.5922622431879544,0.5940499326197946,0.4564820258831837,0.34332283650486434,0.06381908826318675,2.5456308040126907
2024-08-30,-2.4670966608674147,-0.04071280040488519,0.3427757249857965,0.5076996329398048,0.5609959268280242,0.6110039744034201,0.6154574115331849,0.4866158740614381,0.36102576135058584,0.08437674808512413,2.5514734089525386
2024-09-02,-2.479418713147152,-0.057976260503593766,0.3248783994684879,0.49203925692781253,0.5439307145935147,0.5942733438705097,0.597666005254451,0.46874243476211785,0.34063988922454547,0.06758888759996756,2.547007600747119
2024-09-03,-2.470748505859169,-0.047090652206285985,0.33546658158745346,0.5009811128332068,0.5531523677434428,0.6028000550440489,0.6087917847793556,0.48025083283292697,0.3437863759695897,0.0792119728697928,2.5499604787289614
2024-09-04,-2.479774306412123,-0.05060457642930552,0.331303611366669,0.495147779006809,0.547705429373496,0.5973937848332523,0.6030165590686818,0.4729330078141685,0.33401749781273354,0.0723657990816014,2.5521401054937236
2024-09-05,-2.4787535499142392,-0.04365235553923845,0.34068425782052264,0.5056643251662124,0.5580732757140219,0.6100546607839191,0.6132739755674331,0.48407570523630644,0.34422646090910125,0.07958602354793429,2.5583395734621726
2024-09-06,-2.4986568788374783,-0.060703558301627054,0.32150666303415537,0.4867097046129336,0.5397758930769401,0.5907983557473989,0.5971479047786775,0.4607243434652065,0.330776270050735,0.05470915588718739,2.553366034724665
2024-09-09,-2.5060436043174223,-0.06214576687574982,0.32007687860154094,0.485167112024488,0.5418863384213393,0.5908118461786508,0.5954753232194241,0.4563843833650458,0.32804753578731305,0.049470820428818466,2.55551442474624
2024-09-10,-2.50861818581001,-0.05832456299749448,0.32679602620915404,0.48994271221473845,0.5484915048192585,0.603157993296598,0.605566924103842,0.4576364516328457,0.33312837258401706,0.05957648913319007,2.568194674943199
2024-09-11,-2.51527896811113,-0.062365401692559046,0.32082784995605373,0.48558490035934027,0.5434587342474108,0.5990132675395529,0.6012137139834858,0.45067760819857766,0.3313132879980411,0.06139168721849969,2.576670655329629
2024-09-12,-2.516830396214636,-0.06360651871726301,0.31975693233073116,0.4847856016486179,0.5404558784130046,0.5936340435297699,0.5953922925311377,0.4517917730446291,0.3276656556132407,0.054662833810871794,2.571493230025507
2024-09-13,-2.524725394635819,-0.07369932016137781,0.30914857917458183,0.4699814576540189,0.5235662489286697,0.5731004417918686,0.5869892404470856,0.44625355969528413,0.3102538598144616,0.0323189122851483,2.5570443069209663
2024-09-18,-2.53332813993037,-0.07683276920826902,0.3060638233793215,0.4632110903858851,0.5147360108908038,0.5634424207343599,0.5813543687740862,0.44644411542639867,0.30380697615265856,0.02150937100972767,2.554837510940097
2024-09-19,-2.519807066620433,-0.0579559630559853,0.332342550127132,0.49182838135774687,0.5408524789605507,0.5883961683009032,0.6026487182561452,0.4696203326530039,0.3295490619767196,0.03909289519599759,2.5588999618164294
2024-09-20,-2.518174087563804,-0.05858716502418897,0.3301872123991839,0.4876620465096591,0.5385154703530165,0.5846035434699468,0.5963359943156821,0.4643423917233589,0.3225278458052876,0.03016497073999778,2.548339058303801
2024-09-23,-2.5151478032822983,-0.05450770681849893,0.3339209974337884,0.4913147394880975,0.5406349297505123,0.5874558111969899,0.5969930835526646,0.46670163852519375,0.32294951219803675,0.026135581434910758,2.541283384717208
2024-09-24,-2.4908860376734787,-0.021965677388565343,0.3677812934769857,0.5267902363103574,0.5767958227412439,0.6272682171241917,0.63436205737193,0.5024944626870576,0.36169452506262484,0.07018871199457691,2.561074749668055
2024-09-25,-2.48023480777812,-0.00970906015292423,0.37970479280826064,0.5393037506577459,0.587102479758868,0.640026109638083,0.6449149471925165,0.5141267735045575,0.3737987353045883,0.082402436334288,2.5626372441124077
2024-09-26,-2.4438120967912162,0.0292467144515034,0.41777172806677093,0.5762224707106136,0.6200742486637609,0.6735597964317551,0.6779441601020096,0.5456652531385091,0.40503390751097673,0.11408361853575033,2.557895715326966
2024-09-27,-2.3937357911455814,0.08011224985938349,0.4667769956504804,0.627915614921606,0.6695473852800408,0.7223140504340828,0.725026466764279,0.595175613686372,0.45473004017439633,0.16316117815048153,2.556896969296062
2024-09-30,-2.2671042655886255,0.196320748192426,0.5844150113369075,0.7452069651467877,0.7853864480852408,0.8350379475733712,0.8318200241865592,0.6989105798182929,0.554992445884275,0.2566807183472691,2.5237849839358937
2024-10-08,-2.1334950209947476,0.30886779073909876,0.6828921482492796,0.8311951225235759,0.8610199837174646,0.9014979630870362,0.896541651372657,0.7627711627068845,0.6130903727956891,0.3057819636304577,2.439276984625204
2024-10-09,-2.2555190256154325,0.18423037956975563,0.565450178340043,0.727386578558308,0.7672246914829576,0.8124874240836985,0.807341467048851,0.6792246373509847,0.5313504847103567,0.22973264548541944,2.4852516711008508
2024-10-10,-2.3044311891722127,0.16608388889922093,0.5619037191749949,0.732914335145323,0.7773245217901283,0.8260559555523875,0.8213041855954085,0.6951255095891427,0.5493765551626154,0.2566121306047122,2.561043319776924
2024-10-11,-2.366910698811262,0.10893477185879993,0.5110666295472256,0.6881195791285676,0.7353313976603995,0.7897263550527391,0.7883350901792935,0.6650064318933472,0.5231447661165044,0.2404070310422302,2.6073177298534915
2024-10-14,-2.320295889269599,0.14773933684585808,0.5462360625307168,0.7210644008946673,0.7646212957646941,0.8157966637654007,0.8144187746488701,0.6921910007924301,0.5518811673025018,0.26698251191885713,2.5872784011884553
2024-10-15,-2.3335419985400727,0.1318484874385265,0.5279140195721457,0.7055309664456314,0.751514834818868,0.8029812644741812,0.7970193546716099,0.6703341588280949,0.5329184576093154,0.24559037365051598,2.579132372190588
2024-10-16,-2.3279690126263017,0.13791494757452719,0.5321603836948524,0.7099414072797469,0.7567022437597275,0.8049210087262296,0.8061345241714718,0.675258641478112,0.5338907362489612,0.23771045330389168,2.565679465930193
2024-10-17,-2.342737064647034,0.13019512074078482,0.5264389230706236,0.7017147178901049,0.7533746296093404,0.806975108624427,0.8043473373666576,0.6647192367497468,0.5285520383052192,0.24216595420704456,2.584903018854078
2024-10-18,-2.3111887034400556,0.1609667010780133,0.5493058108893855,0.7273890201708031,0.790517475661249,0.8480919473763547,0.8323232117450998,0.6894638971117949,0.554873029685055,0.3055093314531566,2.616698034893212
2024-10-21,-2.2764789520671744,0.19155525766676984,0.5763186487576177,0.7485779435787173,0.8082878440191721,0.8608453963381036,0.8400016196998155,0.6957048653774917,0.5622413100229413,0.31050209018853014,2.5869810422557045
2024-10-22,-2.286158587746749,0.19091172217477273,0.5783599563760788,0.7575128617190269,0.8217579039013382,0.8787701620082116,0.8594241290648112,0.7138307098337746,0.5774529368025145,0.3269687332100589,2.6131273209568078
2024-10-23,-2.2876672729197907,0.18725042005790277,0.5774764687833744,0.7571986539972628,0.8257160305913024,0.8818428094750458,0.8637374047960028,0.7195216997508312,0.586295740957588,0.33392418993967277,2.621591462859463
2024-10-24,-2.3032021545232566,0.17683008398255726,0.5715324399484171,0.7533276003940234,0.8274440081470972,0.8816355010411124,0.8629965050181315,0.7198056162423223,0.5850607677762655,0.33071245657157167,2.633914611094828
2024-10-25,-2.2739985687052404,0.20628589353014487,0.5962996679473378,0.7775038049158568,0.8493873251908256,0.9037831116401353,0.8816421059763947,0.7374948303045814,0.5988646345387785,0.3443961450693019,2.618394713774542
2024-10-28,-2.248584880204066,0.230482254226448,0.6226942444744918,0.8042250857319793,0.8751145801047551,0.9270472471362857,0.9027794440530299,0.7581149059029675,0.6208626696745165,0.35769072449624,2.606275604700306
2024-10-29,-2.2779618370951207,0.20649808201432407,0.5974667286263877,0.7795815832401178,0.8505930115243485,0.9046520613951837,0.8803260330826894,0.7397104476210817,0.606511314855701,0.34204410915844263,2.620005946253563
2024-10-30,-2.2758220924280175,0.21427565262906478,0.602135508504738,0.782422736155944,0.851106733808431,0.9032473849415806,0.880674411630204,0.7344215937221444,0.5998831228388162,0.3341814624277616,2.610003554855779
2024-10-31,-2.259359195829886,0.23560952285843625,0.6202496784243876,0.7987532674355494,0.8649221172683742,0.9128033429422168,0.8958277088102194,0.7436730172481112,0.6038491089074229,0.350284650305546,2.609643846135432
2024-11-01,-2.3151372462247446,0.19534978381390744,0.5879191797194554,0.7671775101860455,0.8356877041826647,0.8838872923479179,0.8755825072297951,0.7073546123589386,0.5901842235693397,0.32327452490405983,2.6384117711288044
2024-11-04,-2.3017658042102043,0.2133914374286972,0.6050126161380616,0.7858843629329371,0.8617390714472006,0.9131214235778474,0.9063900019679982,0.7238035081445949,0.614726763232617,0.3500316402798705,2.6517974444900747
2024-11-05,-2.2707900747332994,0.24272514322389863,0.6311042286976002,0.8093275315642492,0.8912694274914383,0.951685255097764,0.9387471499708879,0.7458666431543548,0.6349348829675673,0.3905080766107784,2.6612981513440777
2024-11-06,-2.26904446957102,0.24866753221744994,0.6376981641971097,0.8165242209752293,0.8971469276325741,0.957251640839538,0.9458493707788063,0.7530557987971928,0.6384037812853597,0.3929703924984908,2.6620148620695105
2024-11-07,-2.2572061311085108,0.27101976639744263,0.6632143444271358,0.8428399954379057,0.9255997800613052,0.9851277984617755,0.9717672521101376,0.7774962023981143,0.6634393143107413,0.4134259670724615,2.670632098180972
2024-11-08,-2.2643526579350617,0.2653556907896971,0.6626443564323358,0.8391480461213113,0.9270283686308061,0.987640718010736,0.9754581277681785,0.7828339155229755,0.6736635864822073,0.42579079493062927,2.6901434528656907
2024-11-11,-2.2422233871406627,0.2985735924205108,0.6918898443038692,0.8685556978039983,0.9524520112868742,1.009783279051297,0.9947581237428996,0.7996554930807085,0.6875404731828263,0.4393703773055792,2.6815937644462418
2024-11-12,-2.269932805356466,0.28059878518958786,0.6770820063821381,0.859200516899205,0.9438804830975883,1.0043115112859509,0.990813453450544,0.7963606856670322,0.6824209595729485,0.43384909367236657,2.703781899028832
2024-11-13,-2.2762012662364524,0.280269510018797,0.6781993792808978,0.8634476578434724,0.9482044383742455,1.008658302437389,0.9946210845316126,0.7998418029675092,0.6840529340696506,0.43715262029535445,2.7133538865318063
2024-11-14,-2.3197910113503957,0.24603775016670448,0.6472322199840193,0.8328570207946364,0.9191596942824196,0.9821319031379637,0.9678290500771524,0.7746214278688363,0.6561232623232343,0.41320922597544363,2.733000237325839
2024-11-15,-2.33541618388514,0.22287879107081154,0.624283974251069,0.8133246818286991,0.9006302304890156,0.9593613354345945,0.9464093674076804,0.7561649105688609,0.6406165864208982,0.39081816380408785,2.726234347689228
2024-11-18,-2.3824274697087895,0.19728259321724068,0.611567119934389,0.7952487813515979,0.8648650511344871,0.9288230673158654,0.9346876062988823,0.752188130550458,0.6223625863509789,0.36300744595622564,2.7454349156650153
2024-11-19,-2.371660263831988,0.2200492538552119,0.6365160752284345,0.83038695432095,0.9008472829758186,0.9661906823560489,0.9486957157421056,0.7700151299078789,0.6508993395636371,0.39874277586650997,2.770403039698498
2024-11-20,-2.3489071900137337,0.23568574794739278,0.6598503797569103,0.8545975246950551,0.9287544062708949,0.9869708782589435,0.9650326927210826,0.7858199228830395,0.6697902566919112,0.4196549321468178,2.7685621221605516
2024-11-21,-2.35424841861341,0.24074642430651147,0.6655782736339368,0.8604931563686198,0.9297031689761233,0.9884005861431242,0.9680560986400746,0.7881457820027502,0.672755490924109,0.42054214576566823,2.7747905643790785
2024-11-22,-2.3907664774625554,0.20653758989250418,0.6305472666014839,0.824902468767415,0.8932925863497237,0.9544689175110398,0.9255141466613485,0.7485151903112853,0.6378571688912306,0.3765890734168121,2.767355550879368
2024-11-25,-2.3780776787274287,0.22212987235131026,0.6469945926920894,0.8343839769234632,0.906995662878934,0.9693968341899827,0.9441746633624484,0.7530276097650649,0.6519900175190957,0.38907944982894466,2.767157128556374
2024-11-26,-2.403314486683558,0.21347035819932558,0.6377434860238678,0.8274620059102231,0.9010257520271575,0.962956025594988,0.9390644927510643,0.7434850644531745,0.6499260536456807,0.38223654924689965,2.7855510359304585
2024-11-27,-2.3882599316761506,0.22972198608522038,0.6520741089325658,0.8412322519440358,0.9206646937519155,0.9867218796494722,0.9594522646141302,0.7573401559647578,0.6653462035729455,0.4074147553410111,2.7956746870171627
2024-11-28,-2.391189871849758,0.2367840131759113,0.6601209753043454,0.8448273364555569,0.9233628304267881,0.9852649723937711,0.9579633400532368,0.7592488659880273,0.664109096010646,0.40420163349949834,2.7953915053492575
2024-11-29,-2.3850377302653447,0.24898104036990207,0.6746060539146574,0.8580750390946188,0.9401356590052473,1.0082718420166576,0.9760106918657769,0.7708255381981753,0.681631622090403,0.4247964793657288,2.8098342096310747
2024-12-02,-2.368683892617863,0.26788011389185906,0.6961909188097831,0.8796672911110449,0.9610510755645614,1.0286578232306542,0.9980620879817939,0.7927992617092928,0.7040317119544276,0.44733044144813494,2.8160143340659993
2024-12-03,-2.3775629700141443,0.2703664756244006,0.6981983189963651,0.8824290899962547,0.9636085030563278,1.029928049599257,0.9996904572233114,0.7964146200238329,0.7086867931831297,0.449283353308341,2.8268463233224863
2024-12-04,-2.3964634675713956,0.2577923262312282,0.6823407981962297,0.8673892489397461,0.951130515177946,1.0164431199375097,0.9860347861507884,0.7839337815732998,0.6966230421310284,0.43497790390619895,2.8314413714775957
2024-12-05,-2.3840568294571822,0.27254038996985447,0.6968910539488745,0.8800530873738196,0.9626416590418271,1.0264865064165194,0.9967409732423506,0.7988508341884636,0.7114595587833,0.44790509377266197,2.831961923229845
2024-12-06,-2.389576987479557,0.2798784736502399,0.7055018571119237,0.8901397077401528,0.9756093413677435,1.0408221821244017,1.0112952328825464,0.8131449419650516,0.7236117465559703,0.4594629827242748,2.8490399702038327
2024-12-09,-2.389094632042208,0.2794136593156262,0.7036324692645342,0.8886268083860789,0.9735020483303026,1.0398910861950812,1.0110747093012546,0.8118804824556882,0.7211030048606623,0.45588453250584154,2.84497916454805
2024-12-10,-2.381023841915738,0.28255609793863223,0.7081210105276099,0.8922331612350007,0.9791774064696663,1.046984865343019,1.0234460206057245,0.8243430797984387,0.7281952949316622,0.46799801059594726,2.8490218525116857
2024-12-11,-2.370834309605955,0.2991834598241586,0.7203599576123824,0.907026270170798,0.9924532846557371,1.0614552261152133,1.0380133967985106,0.8358619352086356,0.7465740997289395,0.47826569349612946,2.8491000031020848
2024-12-12,-2.372456161612465,0.3081744755686199,0.7310425130834698,0.9173673061810907,1.0042384845712828,1.0725115392117253,1.0501594556271194,0.8459385346296653,0.7595357148798423,0.48800664672762,2.8604628083400856
2024-12-13,-2.3867575427163743,0.2914604355319476,0.7144697153014057,0.8987846702499284,0.9841017145257703,1.052446261496855,1.0317359097670797,0.8264304276652834,0.7404347631038919,0.46811307209193415,2.854870614808309
2024-12-16,-2.3965275223361266,0.2830771325230912,0.7091549223548224,0.8950334689090576,0.9825976958382772,1.0472470522665926,1.0233354706511943,0.8225575691732514,0.7364161833150649,0.45669064064398374,2.853218162980111
2024-12-17,-2.4542404531038082,0.2408139475746222,0.6701198965102961,0.8614916224531558,0.9557410716734372,1.0150855125336793,0.9879366061616559,0.7960651865878643,0.714095285069136,0.42601641843729465,2.880256871541104
2024-12-18,-2.44373917252038,0.24891520414082016,0.6752090022876751,0.8661867018155679,0.9635586997570268,1.0204463222346538,0.9939237872334484,0.8008766861350582,0.7181102368975311,0.4345884173916025,2.8783275899119833
2024-12-19,-2.451758859720408,0.2448718550866507,0.6768287236563992,0.8681724853528866,0.9712128397324471,1.0279294925397735,0.9920734251188785,0.7976436783228724,0.719505781069848,0.4376452426091983,2.8894041023296073
2024-12-20,-2.4412275563425214,0.24894247420691135,0.6848081593317565,0.8807321455057476,0.9871805109512113,1.048993324855758,0.9944300497071455,0.8002752365449276,0.733094967454202,0.46087662957517167,2.902104185917694
2024-12-23,-2.4753044622624274,0.2188065529334258,0.6481966240979322,0.8369167435081962,0.9349695240416412,0.9981506383451737,0.9524258631530129,0.7690488356106872,0.6949500304686448,0.41918412022609514,2.8944885824885236
2024-12-24,-2.4618537499641406,0.23067084432733403,0.659407136545491,0.8471748698220105,0.9407114463870555,1.0114725465353704,0.9642673522502891,0.7781264706821854,0.7075201709477876,0.4297543820744449,2.8916081320385865
2024-12-25,-2.4789097601289165,0.21853797548289575,0.6465099317233308,0.8299875105868658,0.9172109017934326,0.9849097370995846,0.9382826505112583,0.760063194514175,0.6909001051596998,0.4109575818939196,2.889867342022837
2024-12-26,-2.45219118032523,0.22855236895215117,0.6545474716250889,0.8382070005731832,0.9298784000973824,0.9995929269226027,0.952072642677547,0.7649387818881689,0.7016244715819288,0.42536494242727907,2.8775561227525097
2024-12-27,-2.464466319873004,0.22616764449707674,0.6622012806516073,0.8537755993202688,0.945849446774893,1.0104699887202446,0.958697770292235,0.7781044816318977,0.7136729909105444,0.42995803415180595,2.8944243540248107
2024-12-30,-2.470136457052282,0.2247632229397206,0.6531524688656294,0.8392628440958348,0.9345161762088929,0.9988315613195697,0.9487698675564811,0.7659994436452371,0.7025776975721734,0.42043225553881036,2.8905687125910933
2024-12-31,-2.502146751637491,0.19926282913417712,0.6281576740689387,0.817105673764492,0.9118678411173967,0.974466861689203,0.9143757302479085,0.7418395269492717,0.6830273849899523,0.39447535306777765,2.8966221047052696
2025-01-02,-2.5210145105240924,0.18364067677100465,0.6131046072263172,0.8008367286780611,0.8879001316920387,0.9559905599900135,0.8945269479893564,0.7223018251395017,0.668652322496897,0.3681845959146507,2.8891991064387437
2025-01-03,-2.5616927889831547,0.1465097338068377,0.5791152260569005,0.7618817778282485,0.8415871969787642,0.9110307111077169,0.863135437796761,0.6949820759598548,0.6334516237899035,0.3362323732062716,2.897925162189427
2025-01-06,-2.568829016898246,0.14573504374066662,0.5777112632595914,0.7584959588756285,0.8343849497401498,0.909075252022132,0.8602587035664324,0.6953695205961073,0.6315628411798784,0.32962610247995594,2.8984551193782027
2025-01-07,-2.5541610378265815,0.1670406483620934,0.603708844040044,0.7887766052376624,0.8668824685352894,0.9358402202874467,0.8747627930600651,0.707166588494978,0.6528938338153307,0.35345651404656503,2.9076175518731473
2025-01-08,-2.5520651672731653,0.1648824297967698,0.6021380127283562,0.7864827457823543,0.8630850786732556,0.9337891040861008,0.8713059482857003,0.7050724657574591,0.6534192510293393,0.34998994955319745,2.9020551168263635
2025-01-09,-2.557788962245723,0.16517470758894975,0.6064088489105017,0.791504163347697,0.8697611876313832,0.9423595042509686,0.8734318879599047,0.7021793849294683,0.6584295342558341,0.3545210428625334,2.912310005108257
2025-01-10,-2.589105093887542,0.14344386967764275,0.5807588346145701,0.7657230693322172,0.8364772473735405,0.909266040499399,0.8463770095456832,0.6787081989804946,0.6336458538661873,0.33109387413404007,2.920198968021583
2025-01-13,-2.5945246484983535,0.14436413452781557,0.5847981108244261,0.7691813720519413,0.8389015723848919,0.9173092870816102,0.8492535778667327,0.6815757854842203,0.6354080066540803,0.3386280887099078,2.9331527372082618
2025-01-14,-2.5440513062182397,0.1971811898555091,0.637272376768528,0.8198289887663104,0.8776654469472446,0.9634660789789927,0.9026833174755535,0.717852888375811,0.6699698742228044,0.3826546249245571,2.926705931142797
2025-01-15,-2.5518959760179025,0.1916066581611754,0.6327162275710069,0.815344286136678,0.8734889883351947,0.9604645216427454,0.8995642428346197,0.7099287060190054,0.6651791095579429,0.37791631150898597,2.929812287526889
2025-01-16,-2.5521384285386586,0.19376070415695568,0.6364080748277017,0.8203874296249473,0.8783674215718366,0.9663122608544091,0.9073435104126439,0.7222273529755152,0.6737093006345076,0.38536007293742314,2.937498501476082
2025-01-17,-2.560966377577295,0.19442539971033354,0.6380216192778134,0.8212384179684967,0.8793156617174056,0.9692606941476596,0.9111154422693077,0.7271903981022917,0.6769620589071235,0.3903032367987754,2.951269614376071
2025-01-20,-2.5566330438677833,0.20056217049205502,0.6469877904136987,0.8313206917834746,0.8897129856628122,0.9811612177324402,0.9212834275020111,0.7374169115537388,0.6874752755059028,0.4053353586285135,2.961968402496298
2025-01-21,-2.5520485176562415,0.20337225254628621,0.6450302592727792,0.8302192453701964,0.8892273863711558,0.9797819313031054,0.9187695340963812,0.7329442406809187,0.6843606280160411,0.40436781609633865,2.956416333752581
2025-01-22,-2.5680918475848427,0.1954329124218656,0.6369508504070426,0.8189023070913328,0.8787752982604229,0.9699715206900554,0.9072859060281255,0.7207414637330393,0.6747727814927806,0.3959950738201128,2.9640869214049563
2025-01-23,-2.5796300332241713,0.19075429146385042,0.6340143953447762,0.8180204742070113,0.8794506584926477,0.9679849697483859,0.9074110427186765,0.7227921219637621,0.6782820371862891,0.3993150886212225,2.9789451218453946
2025-01-24,-2.5632185613490486,0.20624828095663406,0.6465713003971814,0.8289979350894914,0.8863949067124807,0.9766500961980562,0.925093480424019,0.734347414125196,0.6858857612822938,0.41378789983420144,2.977006461183251
2025-01-27,-2.588143755601502,0.191637053673666,0.6324119001117816,0.8207823076153236,0.8800716862657053,0.9734525512070904,0.9181219077391233,0.7170383168915051,0.684617255545457,0.40761632058230757,2.9957600761838106
2025-02-05,-2.573174230397948,0.19614490608785837,0.6348700213680509,0.8274734907600754,0.8933519814906912,0.9908120249975165,0.934950734602491,0.7299162280439372,0.6877024523619992,0.42060029127642573,2.993774521674375
2025-02-06,-2.549158752188891,0.21811722637220438,0.6530784232320693,0.8448661104133911,0.9091753011126379,1.01209067625916,0.9668112273169642,0.7533983742002195,0.7061221440228345,0.44951225104644027,2.9986710032353328
2025-02-07,-2.53516660505412,0.22928622242160926,0.6633650552907445,0.8568264217133034,0.9216838736744886,1.0244172956325535,0.9791259449730939,0.7673468950019667,0.7214575870296056,0.46127893836157496,2.9964455434156965
2025-02-10,-2.5002259500941255,0.2535361510772174,0.6825793375607213,0.872411534221427,0.9369835192351955,1.0364918722027603,0.9911100566001019,0.7785604874038917,0.7358344012061151,0.47421615832680236,2.9744421084209294
2025-02-11,-2.5129270164901927,0.24887252536073196,0.6779071101875689,0.8674033604767108,0.9324352507394423,1.0318806217218934,0.9896442792619475,0.7764898277310073,0.735367527789562,0.4773776188836209,2.990304635373815
2025-02-12,-2.495489343385706,0.2624847039114659,0.6907971483593853,0.8771343937531738,0.9433100901286705,1.041981304194463,0.9965618022415382,0.7834961389282307,0.741994372969755,0.4834491607171015,2.9789385041028087
2025-02-13,-2.5070660069908532,0.25093434014349686,0.6763209682019461,0.8665230632853596,0.9318105331503558,1.0302908112563562,0.9867764976656908,0.7747785123485825,0.7355853625938022,0.4777648332736621,2.9848308402645163
2025-02-14,-2.496559000205313,0.2557111961147322,0.6780910176792012,0.8691078858114547,0.9344654055800291,1.0317284844690808,0.9877572989344924,0.7742302220533924,0.7374436123148453,0.47994038060927696,2.976499380814591
2025-02-17,-2.4897182504346738,0.26652743986164473,0.6903644815103488,0.8810267003140881,0.9449529009673537,1.0440253584203716,1.0052025041059827,0.7917027955359985,0.7440025528062778,0.493422722722984,2.983140973157659
2025-02-18,-2.526095294866456,0.23895513534547447,0.6670416195609434,0.8576788988681916,0.9212439171265442,1.02457770344954,0.9784986719487282,0.7703592175377718,0.7260313618442921,0.47439864965990897,3.000493944526366
2025-02-19,-2.494497293737235,0.259927839046116,0.6841383549746106,0.8736607161478042,0.9407541203605347,1.0543063634822154,1.0037875682677029,0.7802334180663564,0.7411043126746774,0.5056032252476514,3.0001005189848877
2025-02-20,-2.492799876828944,0.26907248645589393,0.6959699465350263,0.8797830580548788,0.9497745578820971,1.0676024253153982,1.019684721229117,0.7855444473001554,0.747051367459289,0.5162179261429557,3.009017802971901
2025-02-21,-2.476193187339267,0.2822947472740245,0.7099554955612708,0.8888889488885816,0.956390634258682,1.0741484037296345,1.019783315531181,0.7993598185904189,0.7465939875143768,0.5255005934742096,3.0016937808134783
2025-02-24,-2.478703729615987,0.28221098194108646,0.7108562270646955,0.8906396509839665,0.9618229503633097,1.0799467417139443,1.0286694868111708,0.8066313570755218,0.7518066602785494,0.5254407962478139,3.0041445258638024
2025-02-25,-2.4799788168331824,0.28239897627574573,0.7105015990989251,0.8893841323100312,0.9593792196587292,1.0732845845748151,1.0212590134348476,0.7978931850777711,0.7442312421426972,0.5206691061746516,3.0006479230078353
2025-02-26,-2.4632473669795547,0.2987726119861123,0.7241114989108872,0.9059085722826463,0.9740278617601317,1.08959098560535,1.0357446875935625,0.8099210896582038,0.7567483732354208,0.5312849878652051,2.994532354844761
2025-02-27,-2.468168265649734,0.2969331493143881,0.7201478235632957,0.9021327272180392,0.9739831272623694,1.0888580454996322,1.0355052068935635,0.8110588198824538,0.7562823133756285,0.5321964918423544,3.0003647574920898
2025-02-28,-2.510900990512846,0.2623071296352179,0.6885079359692258,0.8693089334771649,0.9458191345822403,1.0627034057570381,1.009728939514149,0.7693485468027478,0.7316581628890731,0.5014575876961413,3.0123585782089886
2025-03-03,-2.509971752525295,0.2672444146868993,0.6924687049990138,0.8758796508380483,0.9511293005500889,1.0700339266439274,1.016970165671132,0.7722601051263825,0.7367456098474712,0.508308771055025,3.0182805235803216
2025-03-04,-2.51337858085229,0.2740839703406366,0.7007321595749217,0.889411054771799,0.9688097654747314,1.0923555130348241,1.0358867234607976,0.7811213543701678,0.7490007905310427,0.5335287897766916,3.046907370628983
2025-03-05,-2.513885699633082,0.27159962929819087,0.6987656724787051,0.8868610229613938,0.9683498331377624,1.0995181055124525,1.0433560453083048,0.7874160590009432,0.7510450204819434,0.5398850559692829,3.053770755602366
2025-03-06,-2.5008509851850618,0.28362759637630475,0.7095463954117399,0.9026941688018225,0.9868051878390839,1.1275128246333757,1.06427387027475,0.8016945861505546,0.7668092748504959,0.5660983753900244,3.0669493605750873
2025-03-07,-2.506696555960504,0.28254816365204727,0.7086603822188261,0.8985733797332967,0.9822966652501475,1.1214507488506222,1.0535630734123183,0.7982006793606767,0.7619569223730717,0.5583745153902984,3.0650710713508036
2025-03-10,-2.5070661456105974,0.2867334106562737,0.71324579026025,0.9019714474838553,0.9873439569273826,1.1277583872612618,1.060994187224037,0.8077451229345165,0.769237835581091,0.565441013410856,3.072507159021454
2025-03-11,-2.498039675042209,0.2928014121453799,0.7171344282484026,0.9051027590532017,0.9902528508599409,1.1320756699010457,1.063818528373421,0.8127327605570016,0.7708154536275101,0.5680630258242236,3.0661027008664337
2025-03-12,-2.4970500470036607,0.29792997609471533,0.7196712188787477,0.9107919072615893,0.9950532725747351,1.1369602977346613,1.0690267365320718,0.820378080066803,0.7735000645485081,0.569449719124706,3.0664997661283673
2025-03-13,-2.5062775918885336,0.2870064329101336,0.712676748033693,0.8996027614612235,0.9860186939173603,1.1267321316029844,1.059229155500391,0.8053275776246506,0.7593605740846765,0.5515910196738585,3.0578686115623928
2025-03-14,-2.5028419492380567,0.29810459284659346,0.7245521958617928,0.9180137065125161,1.0031834870664815,1.148669358133458,1.0856125902322382,0.8256190217204762,0.7794188812633184,0.5713098242040401,3.074151773442097
2025-03-17,-2.502195999355289,0.3020914530707292,0.7287294856213465,0.9237246003441778,1.0102194302407617,1.1544089138770053,1.091330277220987,0.8308856798342302,0.7875192475433305,0.5789811218803045,3.0811771212355943
2025-03-18,-2.5023034910096515,0.30409556813454053,0.7327566940585305,0.9280154255126768,1.0154095800293972,1.1619556030910863,1.0975615666047869,0.8370611860003083,0.7958280671394755,0.5885353848446426,3.090838875854295
2025-03-19,-2.509778023723331,0.29923205777007594,0.7278294634387386,0.922918856657054,1.0129248487818445,1.1593512201446587,1.092553098865148,0.8330297144728405,0.7896406410917425,0.5825832610218254,3.092361284745157
2025-03-20,-2.5083238193537354,0.2984449573533394,0.7277321275507651,0.922387540811693,1.0123310074628131,1.158245650403137,1.0924330756512584,0.8305960308478911,0.7880074928506958,0.5777470989680134,3.0860709183217496
2025-03-21,-2.5280442567387884,0.28363610754827634,0.712800273466133,0.9086305144726303,0.9992645023003149,1.1429905204209816,1.0750097469491136,0.8111841344798822,0.7690397184120925,0.5579511637374021,3.0859954204761917
2025-03-24,-2.54652936129005,0.2679338581965697,0.6996352504243014,0.8934900121456535,0.9825525699001761,1.1206657166969074,1.0548076795377763,0.8025916557417154,0.760758425009475,0.5418226630440619,3.088352024334113
2025-03-25,-2.5555322952591517,0.2681261195392151,0.6995488875072025,0.8896968284738698,0.9757473222292795,1.113549607556062,1.052759730146547,0.80277008950304,0.7581088919493081,0.5370252275375,3.092557522796653
2025-03-26,-2.551872795506422,0.27374942530868446,0.7098741551270704,0.9006365871999508,0.9882872715035137,1.1289407924793438,1.064427194441257,0.8121371368586342,0.7692908511659051,0.5455603869984856,3.0974331825049086
2025-03-27,-2.5664680695766076,0.2682553090948861,0.7088194651402874,0.8961406009824003,0.9836753891952446,1.125230709601383,1.0596858023230549,0.8079952748165846,0.7646836792144454,0.549473130883769,3.1159412004603775
2025-03-28,-2.58744237380497,0.25609966600749706,0.6981089754592754,0.8830372591540266,0.9703818925961174,1.110786499512455,1.0464491859161023,0.7980360973174662,0.7525459181730765,0.5387800856635203,3.126222459468491
2025-03-31,-2.600836830896016,0.2455275380352566,0.6849176861178152,0.8683689058462775,0.9588908194184202,1.101496495222898,1.0397778781523226,0.7839492951568341,0.7432060320337825,0.5332527040778842,3.134089534973901
2025-04-01,-2.5829545478407625,0.2602244011276064,0.6965961182579032,0.8759141035147328,0.9666289854372644,1.1108142607264004,1.051624774043367,0.7951207930600646,0.7540258204838305,0.5460953238958147,3.1290498717365782
2025-04-02,-2.5867125687935113,0.2613267131017322,0.7007437280208122,0.8768645019297644,0.9702859121932228,1.1144200943008176,1.0573545093596617,0.7955718919939831,0.7559105790800016,0.5512638956991978,3.13797646449271
2025-04-03,-2.5957818366855374,0.2527161319319709,0.6936828221889195,0.874559577822547,0.9624877157811871,1.1062635113214354,1.0449584461930301,0.7987035188577736,0.7516619404934547,0.5389181798110647,3.1347000164966032
2025-04-07,-2.696746789678584,0.14763063688451195,0.5859074575961025,0.7790588984928388,0.853770767133199,0.9275217067275991,0.8729549131073597,0.705559033137034,0.6564776925495855,0.3916031847931716,3.0883499744717566
2025-04-08,-2.6523767305437507,0.18717578678333158,0.626399735139851,0.8158775981204247,0.8986177561294301,0.9631881296253925,0.9101167202643641,0.7371499951391527,0.6849850124494903,0.41717547776709063,3.069552208310842
2025-04-09,-2.639788583917427,0.20972676095190546,0.649849653667442,0.8489153402303455,0.9339099389083662,0.9915923350813864,0.932877272950784,0.7558565457780326,0.7064183557926951,0.45243941051462133,3.092227994432049
2025-04-10,-2.6234757497939714,0.23570504456900593,0.6777060248917545,0.8794696925238729,0.9655330007451569,1.0250235628942312,0.9533556353318682,0.7777600170278869,0.7385489759314584,0.483343642198643,3.106819391992615
2025-04-11,-2.6390627211835502,0.24113769665691143,0.6875974871696819,0.8899898539259379,0.9768601425764747,1.0370419049516317,0.9596530002988395,0.7831224683957196,0.7509548566201856,0.5122687845932928,3.151331505776844
2025-04-14,-2.6244858245069507,0.2599157910217446,0.7088548889657932,0.911785158432225,0.9960565581834667,1.0574265554657385,0.9771649399540047,0.7993631379172005,0.7712664817428945,0.5225821509638742,3.1470679754708257
2025-04-15,-2.6337035992548987,0.25664934674984424,0.7093241618175282,0.9126807101552209,0.9957972854437115,1.059810924223105,0.979011491482596,0.8020176027645515,0.7743494204764078,0.5244320086365188,3.1581356078914187
2025-04-16,-2.6482617564365762,0.2413372205662256,0.6954289834179679,0.8953736915192146,0.9780880442165548,1.042281108424259,0.9643539939250345,0.788427692388074,0.7636991746885372,0.516076823235443,3.1643385796720205
2025-04-17,-2.6409842874367597,0.24833471439462382,0.7037389763505514,0.9003207198318819,0.9849190202095877,1.0488527198657076,0.9693222304321799,0.794300682450378,0.7671915394585227,0.518404375828744,3.1593886632655046
2025-04-18,-2.6599845650779956,0.24354340087551954,0.7029855139717323,0.9020255231334859,0.9872397871218356,1.0525271909569436,0.9715273174729081,0.7965389990730585,0.765356925934432,0.5137778782370236,3.17376244331502
2025-04-21,-2.6452638762458918,0.2601826748119919,0.7170215175448366,0.9202128343402077,1.0031519461670644,1.0701844683087642,0.9932695812996898,0.8194802749733667,0.7788880192616269,0.5376798176480979,3.1829436938939906
2025-04-22,-2.6453339378539718,0.2630782710564998,0.7200895757693972,0.92256799613895,1.0059196489038065,1.0718431303662908,0.9916930035702722,0.818578714140458,0.7820118246785541,0.5366391557351817,3.1819730935891544
2025-04-23,-2.6553974455206646,0.26481575070195457,0.7254033493260008,0.9318381159083523,1.0167203135131908,1.0790355319425307,1.004506884929441,0.836180907112721,0.7859408740051367,0.5503606472325624,3.2057580927532277
2025-04-24,-2.660466926188779,0.2576423313380611,0.7146414605045004,0.9213302439910146,1.0080981229787607,1.071092123744655,0.9961671947785611,0.8301130022983022,0.7764701405405079,0.5461780565963724,3.206644982785152
2025-04-25,-2.6630490424901416,0.2611781055644017,0.7177126200397436,0.9254158657911331,1.0125552190648806,1.0743443954049439,1.0022511001609826,0.829069825321594,0.779662608971713,0.5471177840818046,3.210166826571947
2025-04-28,-2.6762097602818313,0.2501630954496341,0.7065083733157179,0.913959491818142,1.0016433035858632,1.0632250626252253,0.9897424123426193,0.8139998839079261,0.7641802977114238,0.5361114396319271,3.212321199913759
2025-04-29,-2.6691284666388504,0.25972547966493004,0.7145114216161457,0.9199173119188456,1.010313590247268,1.0752623983674277,1.004121995806335,0.8189312951682292,0.7723517083939215,0.5481355065368619,3.217263973175713
2025-04-30,-2.658171823338322,0.27190987862442817,0.7268071898526548,0.9277941689036225,1.0169806321037884,1.0815283543434964,1.0168828965676444,0.8245482220948496,0.7750702772524383,0.5613446720909028,3.2195164954292252
2025-05-06,-2.6266866996278195,0.2998918012764879,0.7549154435906853,0.952561060953609,1.0401466696214956,1.1100865585334079,1.052539302700204,0.853012172789013,0.7963255385119142,0.5871935198379766,3.2138802194657967
2025-05-07,-2.6219310061114376,0.3007899927986151,0.7590529424951397,0.9567491880709524,1.0462115453336438,1.1194211730221735,1.0612739822339672,0.8621114102504776,0.8064429179719925,0.5945060098485518,3.21643701595999
2025-05-08,-2.6127495808494285,0.31422306692314267,0.7727086943261904,0.9688790187549258,1.059114903646986,1.1309363912930477,1.0698582983026503,0.8693256850543883,0.8155926408415171,0.6003942603293966,3.213143841178826
2025-05-09,-2.631546402873207,0.3000656087214214,0.7587196484174084,0.9556959867421382,1.0475598847531085,1.1192361628144698,1.059735157194131,0.8613273904012915,0.810727962839168,0.5941673114465474,3.225713714319755
2025-05-12,-2.608895388549185,0.317405027010002,0.773766939659634,0.9705187300082143,1.060932280069017,1.1319125584043208,1.0699448025086342,0.8707758031712763,0.8196482961504021,0.6008336505191954,3.2097290390683813
2025-05-13,-2.6204221785221566,0.31424333373690283,0.7714510397729992,0.9685026269539684,1.0583490157117732,1.1320860047656767,1.0698570005721033,0.8735515965061759,0.8228157891502473,0.6019607467520551,3.222382925274213
2025-05-14,-2.622486545077688,0.3142820328684909,0.7724075723420442,0.9686951442308889,1.057995155590247,1.133683465793016,1.071965612810677,0.8785580625768871,0.8265707267423894,0.6001857298405312,3.2226722749182204
2025-05-15,-2.639549407508486,0.30361146387796695,0.7627563059255057,0.9614566287687387,1.051162254729884,1.1275399760377809,1.0627775664476933,0.8678163124188016,0.8188918175531895,0.5883541496707939,3.227903557179281
2025-05-16,-2.6373405375500245,0.3044626284962786,0.7683972593638471,0.9655180810976098,1.0588321959443892,1.1321883340500014,1.0724606383261175,0.8713235711974963,0.8271733075592902,0.5953252065133839,3.232665744063409
2025-05-19,-2.6318581599663,0.3103512182748041,0.7739237735623387,0.9731665921062082,1.0668265777913937,1.1441699777150822,1.0821515287722696,0.8780237089996327,0.8394593724088596,0.6013588271860156,3.233216987152316
2025-05-20,-2.622394910293262,0.32012993585133376,0.784614046172306,0.9836509942735613,1.0770601649653986,1.1529618862941295,1.091693036873324,0.8878890893303597,0.8459207994848288,0.6077708324146821,3.2301657427079444
2025-05-21,-2.63114578929886,0.3152608911969015,0.7810240520097033,0.9788427377963403,1.0720256748953296,1.151334968028029,1.0889317715739026,0.8793920599930916,0.844245763305876,0.6012480615146816,3.232393850813542
2025-05-22,-2.6494429363769827,0.30186491815467476,0.7699488490760344,0.9661690466674114,1.0591955168348977,1.1403870613387577,1.0786720303996677,0.8691894136383626,0.8354176472053834,0.5916930071986236,3.2411359435756064
2025-05-23,-2.66223457452669,0.2916355474051394,0.7611139929306324,0.9572940974608591,1.0502571297894654,1.130480191363143,1.0670284660436768,0.8590568714654069,0.8268932721122948,0.5822650597477732,3.2444996342744634
2025-05-26,-2.655903379171854,0.2971778755073334,0.7666882598871246,0.9662999094936177,1.0612786623946808,1.1448073537668573,1.0800892509488706,0.865913147095821,0.8348352738948116,0.5908694833357337,3.246772862507588
2025-05-27,-2.6497595075673024,0.3001079964085115,0.7705171304925907,0.9681433052918738,1.063062339381563,1.1445850843914087,1.078817463769053,0.8684603598159332,0.8362900821240873,0.5871560586368918,3.2369155662041944
2025-05-28,-2.6517523592267866,0.29938638670394374,0.7672454537326636,0.9651406722788557,1.0582377764151942,1.140191896008895,1.0744297152226403,0.865419620301486,0.8350138488233408,0.5827451787609467,3.2344975379877337
2025-05-29,-2.639740595715799,0.3102619628378592,0.7807771197424782,0.9818647848836218,1.0827463011457465,1.1634990602147037,1.0894320378853075,0.8781936083390918,0.847613298729243,0.6075499510092346,3.247290546725034
2025-05-30,-2.660266365828768,0.2972272171269891,0.769903387016657,0.970846301579343,1.0715387690958749,1.1539294662662152,1.0768787549918133,0.8594197058930783,0.8394159250408156,0.593466405782129,3.2537327716108977
2025-06-03,-2.644460414098169,0.3068407233561449,0.7788044308058139,0.9797351369986242,1.07805474075932,1.1599431308626234,1.083365077561249,0.8683474673529974,0.8432719111126978,0.6021136284322772,3.246574042530447
2025-06-04,-2.6409886351481906,0.3160215992004597,0.7892750727257491,0.9896385909684041,1.0881651717511946,1.1712987090745828,1.0956717084020124,0.8810306750957647,0.8533845906211933,0.6126420281498769,3.2536306632980683
2025-06-05,-2.6424689899626994,0.31420283991314474,0.7893885294502193,0.9920770204635984,1.0918857417480792,1.1767015536870036,1.1007954212024382,0.8904918703941066,0.8563117305181287,0.6233884356314994,3.2658574255941994
2025-06-06,-2.651102163286482,0.313000405696194,0.7903325033945173,0.994512886832429,1.0951507466129031,1.1793523215014936,1.1047219834670656,0.8902299523091085,0.8563317358861048,0.6255627337554057,3.276664897041888
2025-06-09,-2.634674458446487,0.32506333358419637,0.8018522694459749,1.0040955934861442,1.1053085138179013,1.1899823355057109,1.119407872043416,0.9074993308881365,0.8660191472979767,0.6377771990713411,3.2724516575178284
2025-06-10,-2.6416006851354954,0.31739202555352053,0.7928518448355433,0.9934594484974045,1.0958854245262823,1.1802013145923094,1.1111996945212161,0.8994530294813297,0.858023221325421,0.6319309237941004,3.273531608929596
2025-06-11,-2.642419303400818,0.3212859216819226,0.7986265216813675,0.9998523889937666,1.1024450934035945,1.1864882256834504,1.118293316384794,0.9066842170910174,0.8644386732115603,0.6377808414725813,3.2802001448733993
2025-06-12,-2.638066635858903,0.325801105797765,0.8017741302665135,1.0016608538533716,1.103983101313447,1.1857548205566293,1.1192376264292176,0.9119874016435588,0.8635423067217781,0.6388870067978227,3.276953642656726
2025-06-13,-2.65883341938364,0.30783226432051974,0.7855080004497403,0.9892217550477013,1.089309054284361,1.169955438346594,1.1010666906558904,0.893954998748967,0.8472207568967021,0.6223460116667962,3.2811794310504356
2025-06-16,-2.6514031022387106,0.31654557904085795,0.7928889344020169,0.9953306969687948,1.0967789858255625,1.1827650437245734,1.113947022811806,0.898487081905665,0.8526891582072623,0.6310446238197756,3.2824477260584857
2025-06-17,-2.657250205635902,0.31529010043559524,0.7918243516809431,0.9952816982370533,1.0968896837190214,1.1837922098271303,1.1121914080431587,0.9010566502266191,0.8498106798253965,0.6273236400878399,3.2845738457237417
2025-06-18,-2.6576886464093916,0.316634196857295,0.7905164697925576,0.9911469930690979,1.0908057973638936,1.178800273569265,1.1101711516133832,0.8935672209342334,0.8455736693831182,0.6270200170995953,3.2847086635089866
2025-06-19,-2.674518295204726,0.30105937633964214,0.7736868817904191,0.9727589563632086,1.0729475482266413,1.1594222069482636,1.0910098901010854,0.8766703903180002,0.8302737366310446,0.6131588892161921,3.2876771844209176
2025-06-20,-2.689791747884898,0.29639175254454986,0.7693697747905239,0.9658663483168515,1.0671184168062149,1.1505245738857472,1.0873333106459153,0.8746099835148062,0.8255302849163098,0.6060807253817336,3.295872473266631
2025-06-23,-2.672129258713045,0.3111036035347925,0.7826203348988706,0.9811662468946406,1.0867511022275713,1.1699571744432067,1.1016587352623388,0.8860172326959183,0.8385220332002431,0.6233755256414879,3.295504784354532
2025-06-24,-2.664664728507284,0.32608849300644116,0.8011231481300797,1.002861438933181,1.1089496397184793,1.1962136440327564,1.1263056006980994,0.9017517385875288,0.8608571610220729,0.6474555039023707,3.312120232409654
2025-06-25,-2.6549142689333096,0.3378514334729841,0.8118905754077632,1.0128658453178505,1.1189459239338888,1.2047176605605552,1.1337796124405437,0.911077037042708,0.8710097144022401,0.655263410683239,3.310177679616548
2025-06-26,-2.659804802702903,0.33627165053168184,0.809839942473056,1.009152010808281,1.1172635863827745,1.2014050864402164,1.1304949423545056,0.9093362463856738,0.8698735439845312,0.6518022632940041,3.3116070659969066
2025-06-27,-2.6599052232674936,0.340480784455268,0.816011924203652,1.015538342142306,1.125555003998169,1.2078701045759541,1.137163018452522,0.9154871781119746,0.8744391872474024,0.6574641945292995,3.3173694177967925
2025-06-30,-2.649033125539782,0.35493991559962174,0.8290099735546976,1.0293752503053681,1.140731876459398,1.2216644074474172,1.1514818303355607,0.9283044583268413,0.885997378656172,0.6692774722469934,3.318310597786775
2025-07-01,-2.6560150270635905,0.35494842245013325,0.8300140630375474,1.0302974993239238,1.1424981468249749,1.226477820390189,1.1558458333780564,0.9338973646771747,0.8946373198483424,0.6820404674030222,3.3380554944666128
2025-07-02,-2.67403357311984,0.3459712307185255,0.8252524508863373,1.0263218474083369,1.14052270912782,1.2254275203380791,1.1555246761000404,0.934146236223928,0.8889759074780739,0.6798182226810726,3.353851795800913
2025-07-03,-2.67346001663724,0.3522985238839358,0.8316079915276756,1.0318989749360612,1.1474275778168956,1.2319203778505228,1.1623499296101953,0.9442625215615402,0.8936756455945574,0.6879581147412213,3.3614181313784615
2025-07-04,-2.683544161643327,0.34218025789738554,0.8229347639083253,1.0236877694863677,1.1378399529680878,1.2232815123543386,1.1552983227507108,0.9369592221642227,0.8870860004280748,0.6836522536578676,3.367196415301195
2025-07-07,-2.6752716296510695,0.3476230832783184,0.8281098058963103,1.0307403880783368,1.1471101601473603,1.2309453373447623,1.1609056054454931,0.9436565699165398,0.8931614252827306,0.6873824065298595,3.3626540361809294
2025-07-08,-2.6657684046457355,0.3567664302259479,0.8346280057484727,1.0403329530575238,1.1576768216511104,1.2436443003221482,1.1784404146470528,0.9595605026512942,0.9043955136835659,0.7021207440390466,3.3678891486847826
2025-07-09,-2.6655285617162336,0.35616433447938023,0.8342573763097653,1.0399480752553478,1.1595615265947254,1.241353605929066,1.175404822474557,0.9552305428769553,0.9015573597882374,0.6982657192581655,3.3637942809743997
2025-07-10,-2.6704321366145685,0.35728541966471583,0.8388868690789312,1.0441938576493055,1.1639163472513308,1.247079160698607,1.1781386408065566,0.9549009452731089,0.9041690132828409,0.6976579716012583,3.3680901082158274
2025-07-11,-2.6769274292906067,0.35905785373242977,0.8411089974960615,1.0470811548312882,1.1681363392260244,1.2515039351720403,1.1842005107995324,0.9626522944920828,0.9106396322296039,0.7065818858722381,3.3835093151628457
2025-07-14,-2.680880716816922,0.3620271533315801,0.8468011462942534,1.0530309802071447,1.1754731931344748,1.2594393455697426,1.1915309748726788,0.9679648974224612,0.9184756904056235,0.7144886024129596,3.395369319229882
2025-07-15,-2.6882357671990498,0.3573926597029331,0.8415660016744734,1.0451014692664173,1.167198908397463,1.2522789170658555,1.183661937186221,0.9562932895407373,0.9067730208207309,0.706552635040644,3.3947884022396946
2025-07-16,-2.6869597117137367,0.3625625043289762,0.8468836117634881,1.050696087864118,1.1735505706129223,1.2587800158312565,1.1897664444666782,0.9612537511675149,0.9112278590280292,0.7150521195519127,3.40201183126565
2025-07-17,-2.6758786244105144,0.372988618083747,0.8560835470275243,1.0587554976369185,1.1800488679087047,1.266194233650163,1.1983029814743775,0.9742264292998303,0.9173314168464838,0.726912661709899,3.402791286120414
2025-07-18,-2.6742630158071354,0.3740954171329406,0.8581280844455343,1.060307751745617,1.1832627696317928,1.270694717553456,1.2005472579473435,0.974694190828608,0.9219992657717295,0.7298272816415967,3.4040902974487333
2025-07-21,-2.6645139944317826,0.38404025134207914,0.8686366630586935,1.0722865325903999,1.198669850663558,1.285611040658617,1.2179007838950562,0.9871763098359467,0.9396936740409961,0.7413362313363574,3.405850225768141
2025-07-22,-2.6615254505892922,0.3885391573058761,0.8727077973645191,1.0729087257160064,1.2021909703708369,1.2882184322343546,1.2183344188949399,0.9874381773718773,0.9397796180779955,0.7416651129715474,3.403190563560841
2025-07-23,-2.6755116043852816,0.3801523217823497,0.8659320009370013,1.0662328219621908,1.1964130529935826,1.2819996343649842,1.2137846512960795,0.9812451710294687,0.9341044786534524,0.738306054547268,3.413817658932551
2025-07-24,-2.663055905174278,0.3950897734876486,0.8797592360307146,1.0795255753128565,1.207782585610059,1.2952530076700446,1.2259127068450222,0.9940395769357028,0.944058818320231,0.7471439071561281,3.410199812330408
2025-07-25,-2.67108551815562,0.3940267602904822,0.8811888251868469,1.0804848156020355,1.2108296055186527,1.2994175431249895,1.2312417879206692,0.9996249024805673,0.94986313919391,0.7532212228694127,3.4243067410250343
2025-07-28,-2.6660487936706367,0.3950987865679057,0.8833178998042205,1.081826400993537,1.212930344575136,1.3030309378887601,1.2384434937360036,1.0082412156956777,0.9633232958367979,0.7606464060896284,3.4266951997602666
2025-07-29,-2.656324663116021,0.4007142745360866,0.8867220176295304,1.0848248613552274,1.213812127046658,1.3031393986489348,1.2369285603092783,1.0098093277642162,0.9622314456790513,0.7646160375308754,3.4209407006468977
2025-07-30,-2.6630130143866904,0.39204606253834895,0.8784809921984367,1.0780139304164649,1.2101140195964306,1.2997226234518877,1.2325988637827365,1.005171739119034,0.9620596945868733,0.7598363244171469,3.4228493388038386
2025-07-31,-2.6698890147080374,0.38414720844153705,0.8674618896316268,1.0663556791225317,1.1984353817992255,1.2862320790866049,1.218665060885412,0.9987131208887987,0.9457270293096656,0.7516120898773927,3.4215011045854316
2025-08-01,-2.6712377876680335,0.38894649724202524,0.8744092960861832,1.0703859860862563,1.2022357406836068,1.2924952183925513,1.2262900558347158,1.0028903318889737,0.950297861581649,0.7593708970820396,3.4306086847500743
2025-08-04,-2.6539381773485347,0.40410555988556907,0.8881428294305119,1.0769702367192362,1.2096273537940223,1.304572182242379,1.2421914943965204,1.0089645496619144,0.9579581202141404,0.7768629918959675,3.430801169244503
2025-08-05,-2.6545429807329377,0.4130326969868036,0.8972989208040916,1.086270307997402,1.2180395880994537,1.3158455533864537,1.2543442247422234,1.0187579219279954,0.9677462220654527,0.7871471932043868,3.4416901739373253
2025-08-06,-2.643955117917262,0.4215023287249512,0.9061745477760624,1.0942765727763988,1.2258207811454183,1.3209378027693701,1.261185778448877,1.0258786516412393,0.9725437104644964,0.7974641678705009,3.4414192857877635
2025-08-07,-2.64553073669021,0.41987989149718347,0.9077304508484676,1.0958742413512086,1.2258769652156543,1.3205110682481747,1.2615240769884093,1.0267689723652482,0.971928026948022,0.7961265386465901,3.441657275336801
2025-08-08,-2.6484452974678048,0.4152810756155418,0.9066667630465921,1.0952431079847087,1.2264528958442888,1.3234570777850485,1.262265500407276,1.0286084651511573,0.9733528484459361,0.7980979844311699,3.4465432818989754
2025-08-11,-2.631189774288038,0.4275830000042479,0.9212180725372973,1.1096868903378685,1.237751142681608,1.3366955655422954,1.2744896701442827,1.0433581051441128,0.9931455594552974,0.8151794001548157,3.4463691744428546
2025-08-12,-2.632333123239947,0.4302677110742948,0.92093188386706,1.1102749898310138,1.2387272801918319,1.3364127301932003,1.2753005664616286,1.0432527776573057,0.9908495845365081,0.8122198408020268,3.4445529640419745
2025-08-13,-2.6225909670570395,0.44045111474412046,0.9250431357298934,1.1150247461882996,1.2443431588844833,1.3402172100397718,1.2787537236242983,1.0496360647119154,0.9979536240933723,0.8228727288960496,3.4454636959530895
2025-08-14,-2.6447365529807896,0.4220695991226798,0.9065776605148829,1.0973688411258575,1.2289811125526062,1.3239250212859563,1.2630806920243547,1.0317292680448404,0.9816929506741335,0.8037968010907054,3.4485333540714955
2025-08-15,-2.617150584645116,0.44612049052772873,0.9272247862895904,1.1117010329950958,1.2400489007308688,1.3385985640791742,1.2807035383097591,1.0455874347360643,0.9919143719301649,0.8250773021594455,3.442227886804562
2025-08-18,-2.5951428084526267,0.46265041331021595,0.9464545483208363,1.1290813291646782,1.2532515711423804,1.3484373141162598,1.292690951323273,1.0636388861432415,0.9976051384463477,0.839860856509929,3.4350036649625566
2025-08-19,-2.600345711425076,0.46453499437113965,0.949771979844474,1.1327177207702495,1.2572037855065545,1.35351846483441,1.300766089646284,1.0722184875572591,1.0026520188580355,0.8486948807719324,3.4490405921970093
2025-08-20,-2.6061401568267017,0.4734263219946847,0.9600944886029648,1.1423576197421508,1.2662299632457643,1.3637879613755723,1.3095965641415321,1.0791146710743336,1.0107694633000763,0.8576610886457493,3.463801245472452
2025-08-21,-2.6212090530721643,0.4649364064441349,0.9554360850360718,1.139648234107175,1.2646302096284903,1.3657717800109188,1.3117019781606336,1.0798515364240182,1.012125875415602,0.8584998664595365,3.479708919531702
2025-08-22,-2.612051221529287,0.4757987792473968,0.9637676887987225,1.1474845011576116,1.2699931092243195,1.371483761249007,1.3164401990806553,1.0840470953192098,1.0175395677582537,0.8671202514501224,3.4791714729794103
2025-08-25,-2.600759870169658,0.48720207602259136,0.972226399002419,1.155753228862132,1.2792587562102806,1.3797837054776867,1.326485263269276,1.095643547363141,1.0320578460021155,0.8802179953025244,3.4809778654721835
2025-08-26,-2.604643299664766,0.48792704444412294,0.9738141544559505,1.1598686153026367,1.284892047471612,1.384621265965365,1.3322399653817303,1.0999674317169152,1.0320377690649285,0.8789006571443206,3.4835439568090876
2025-08-27,-2.6244482234862168,0.47058618199368263,0.94862029552025,1.1360334120234388,1.2616499809469877,1.3582322991064562,1.3083262577262629,1.0708211916176225,1.0022198512757032,0.8554786476751085,3.479926871161326
2025-08-28,-2.6073697136135814,0.4841813580306921,0.9577165240665738,1.139077858081849,1.2645997864380505,1.3640402528105906,1.3111058859576534,1.072589161201393,1.0053951268875816,0.8626736794488127,3.470043393062395
2025-08-29,-2.617105235846536,0.4832440780655511,0.9560274818080463,1.140326110387048,1.2609108487590668,1.3596585563319803,1.3075595426703905,1.071589910719706,1.00313701888766,0.8630727164868544,3.4801779523333916
2025-09-01,-2.6051751710412017,0.49625794850412913,0.9676846977953778,1.1485217412652469,1.2703768638483057,1.3689752539164082,1.315050592092627,1.0764626966817838,1.008953688582067,0.8746225696606915,3.4797977407018945
2025-09-02,-2.63398254370556,0.4759576978728328,0.9470301539617392,1.1376365197965994,1.2590351259268318,1.3461015914273686,1.2960246453562574,1.068594591245174,1.001628432316164,0.8528974712547035,3.4868800149602652
2025-09-03,-2.6464590613584726,0.46290094113113434,0.9264950872104754,1.1175255906769597,1.2344320694499813,1.3204691957129946,1.2762465841209276,1.048887190920511,0.9840751543091167,0.8376139675723877,3.484073028930862
2025-09-04,-2.6723015192095385,0.44737137880836475,0.9241265267681817,1.115627508696754,1.230244089117392,1.3123899763837765,1.2703640602050426,1.0484849976558193,0.9840460219326542,0.8160168648135774,3.488318384023118
2025-09-05,-2.6368958054761755,0.46831832759877695,0.9429924495719586,1.1383165609008001,1.2549371794250843,1.3408798055280802,1.2914320636258965,1.0618832225631518,1.0053121888153174,0.8491062897273002,3.4860020952034776
2025-09-08,-2.6278456919657467,0.48380807458016123,0.9583433223926914,1.1517867636046808,1.2673408549158713,1.3525619973250398,1.3056426551718916,1.0720594783347805,1.0179438068275506,0.8664863290621574,3.4943320210279056
2025-09-09,-2.6328165140745434,0.4806656730480569,0.9525738279001246,1.1445387309254478,1.259281657321085,1.3377936701302673,1.2872867038020184,1.0622835817537863,1.0094608621375416,0.8467386561964463,3.4795551702709915
2025-09-10,-2.638503242842444,0.47777041206380233,0.9524436976429411,1.1454687891563893,1.2612513513612564,1.3439856521710354,1.2928841305532526,1.065717577189774,1.0123839620011246,0.8501377202406581,3.4886409630831037
2025-09-11,-2.629556181211246,0.48595370401362437,0.9630888361052098,1.1554156694322137,1.2719301260142868,1.3571182156412815,1.3083491119288695,1.0929829571472853,1.0348310296860288,0.8816400157328617,3.511196196944109
2025-09-12,-2.634126951543446,0.4850312584890247,0.9647656195866963,1.1555345903665466,1.2708754807800897,1.3547719991503002,1.3075244088219415,1.0923139694496238,1.0340660440465734,0.8831856081746738,3.5173125597181216
2025-09-15,-2.630079922007317,0.4855785749830872,0.9629051807461374,1.1541557459831078,1.2698079580794557,1.3529036874679643,1.3059542786389637,1.091697879432579,1.0324565488639317,0.8806247611976008,3.51070468320492
2025-09-16,-2.620642302536311,0.4990734311189013,0.9747615833268167,1.1656091778302091,1.2770487225014584,1.365114157854008,1.323228856275472,1.1002295067793517,1.0403968042322032,0.8914992983469948,3.5121416008833077
2025-09-17,-2.6181632368575687,0.5063156650617829,0.980286556078363,1.1693546375981576,1.2804377123146904,1.3683654022503324,1.3257928111004724,1.1022086252965042,1.0417468720527183,0.8938510636552162,3.512014300512787
2025-09-18,-2.629858322980547,0.49579378421402504,0.9684712035390498,1.1563176979935819,1.2656067703342735,1.3527391447259365,1.3092767245433792,1.0862800048408192,1.0259645752192907,0.8805229402998253,3.510381263280374
2025-09-19,-2.6459803614952584,0.48740416316551904,0.962255460224038,1.1532906707432526,1.2650860241341364,1.346510931698939,1.303644122778697,1.0862111898002933,1.026692371048259,0.8771717805043926,3.5231521419996534
2025-09-22,-2.6370063296874715,0.49552573682180634,0.9671785099031671,1.1498580830610798,1.261378515311694,1.3487810987759303,1.3073388155597576,1.0802315332226111,1.0232911527040776,0.8828658301304927,3.5198721598179668
2025-09-23,-2.6418766831293823,0.4873761140264742,0.9560756359736065,1.1360598811717286,1.2462609744838078,1.3320374293118653,1.2911336236411157,1.0667301743567328,1.0134917640609067,0.8701223587633128,3.5119990418926976
2025-09-24,-2.6279191354666422,0.5045689728452265,0.9700794010955185,1.1514245012321251,1.262810593685149,1.349970091762413,1.3076764972241441,1.0781504908792054,1.0273000249618827,0.8920418267105883,3.519960962177233
2025-09-25,-2.633518358897405,0.49954390242000374,0.9657154381068727,1.1460767975082113,1.256112549123731,1.3451582657187093,1.3013477933539999,1.0709350851946893,1.0226703170939886,0.889629920017802,3.52314827891521
2025-09-26,-2.6501037217542147,0.486940969618832,0.9555746969984003,1.143436279621422,1.250967446131125,1.3372393292342357,1.28978063108984,1.066735543705672,1.0213204219478391,0.8782586331200003,3.528362354874218
2025-09-29,-2.6398982920858027,0.4975524498118484,0.963993021156847,1.1524747715667316,1.2602526434001249,1.3476784729381783,1.2995866051688199,1.074568541775259,1.0295127281478427,0.8893450777840076,3.5292433698698136
2025-09-30,-2.6294766970097534,0.5041839559290303,0.9689511720003469,1.1565248447286296,1.2620490008120329,1.3506015066798915,1.3031882302546982,1.0758296560507674,1.0315720992853368,0.8967907798470481,3.526267476856805
2025-10-09,-2.61273276881553,0.5166455739808345,0.9757195444539245,1.1646420630425856,1.2687065321213384,1.3577375021852476,1.309902704354662,1.0814173559823825,1.0398536539728,0.8993846695636023,3.512117438379136
2025-10-10,-2.628009413875536,0.5095229736252397,0.9690592139433878,1.1626617147792269,1.2722473567341692,1.3594660676681862,1.303280416247303,1.0778595214478544,1.0475026249348294,0.8887703221202173,3.516779735995757
2025-10-13,-2.619760070336723,0.5099830030530995,0.9657449044610872,1.1622425699333174,1.267942251196993,1.3526911564348647,1.2933876577436791,1.0709497178905254,1.0379670761043087,0.8872775731959729,3.5070376435326995
2025-10-14,-2.638071330583961,0.5004225473113656,0.9594027491338096,1.1577307743248555,1.2633682199294975,1.3455868025105233,1.278890967806508,1.0504985615433886,1.0282594637841105,0.8629870896616598,3.5010584202456245
2025-10-15,-2.6314442190069967,0.5088320305125013,0.9708717050017459,1.1695943791243817,1.2770987039910884,1.364978497413665,1.2980219702781775,1.0682866121459604,1.046104857406756,0.8807054825744579,3.5121497015814582
2025-10-16,-2.6430761478677987,0.5003954800374953,0.9627267880019158,1.160504144375195,1.2676010362364007,1.3534564155714004,1.2844884862971488,1.0570190008137503,1.035538532242437,0.8691271142940347,3.512203262161837
2025-10-17,-2.6655639444160495,0.4861113925418671,0.9490167464580945,1.143215322430189,1.2422954818828424,1.327069410107726,1.2575389525397926,1.0326850158813714,1.0104484636348414,0.8344343950725642,3.499998339488618
2025-10-20,-2.6595797155756715,0.4947554967472455,0.9612626225010023,1.1574796689726803,1.259766361303145,1.3441815109899078,1.2704553759020087,1.0434469643866147,1.0224998228788722,0.8486869043449259,3.5082666199206014
2025-10-21,-2.648992985813649,0.5091447519892597,0.97769038277715,1.1742728451363194,1.277662638039783,1.3623444814692742,1.288852023090868,1.0603497697361068,1.0374645446633397,0.8695595018782393,3.5185524876918923
2025-10-22,-2.6552042542214487,0.5093653128489878,0.9785694311094244,1.173524791327919,1.2773972667443532,1.3608127004217987,1.2864194633027184,1.056150247334543,1.0339261591412279,0.8642143644941951,3.5194186187156475
2025-10-23,-2.6586036918777944,0.5126951929492324,0.9823114868402215,1.1817783527825023,1.2822725066356306,1.3630236026759124,1.2866573593091606,1.0586124507065204,1.0357416887872881,0.8624752576167276,3.521078949494526
2025-10-24,-2.663331359573362,0.5129681996322653,0.9833035829553516,1.1845254688052294,1.2893408677889582,1.369227319020898,1.2990805014727396,1.0737098256638582,1.0419201721405806,0.8862838808134927,3.5496152403868586
2025-10-27,-2.653022472442828,0.5179458446719926,0.9895810863063685,1.191296812730369,1.295861011833387,1.37678766086087,1.3071686030474268,1.0823959521924456,1.0535460176078904,0.8962462511310366,3.5492687235738685
2025-10-28,-2.6547683176694097,0.51593929669108,0.9906726178099315,1.1921280223792294,1.2987023476196748,1.3772345230650462,1.3080476045241565,1.0830307066562328,1.0535519012289263,0.8952864448493697,3.5500547625187835
2025-10-29,-2.653343609314503,0.5200319422328669,0.9940565919416178,1.1920864479391322,1.3010468833564135,1.3796843502258267,1.314074290140292,1.0861471057372452,1.0585976983586605,0.8978624972138272,3.5512061065283342
2025-10-30,-2.6666444775661025,0.5064724267772273,0.9795959207656882,1.1793792896630981,1.2917076906959712,1.3708056584148507,1.3019836237907505,1.0739603194897025,1.0494535546342831,0.8877618744351919,3.554406352001299
2025-10-31,-2.671274219695961,0.5067425933998342,0.9858112586264609,1.1873122275679142,1.300668105143315,1.3824439977318348,1.320058435081795,1.0860838854631403,1.0571539935110372,0.9038961373280129,3.5751703570239783
2025-11-03,-2.663797121121213,0.5136092770720128,0.9936981088351464,1.194115780934539,1.3080745456193588,1.3923704487065731,1.3300224085877477,1.094333727137224,1.0653196783606513,0.9053325391070243,3.5691296602282416
2025-11-04,-2.6717530777194702,0.505742269135512,0.9867086030877008,1.1895123672453765,1.3032319522176736,1.386073412603667,1.320669566011371,1.0852543580290093,1.0600282410445263,0.8900533423094884,3.5618064200289634
2025-11-05,-2.658872016502627,0.5151398731859995,0.9946187864611764,1.197496871951958,1.3101558961984336,1.3919682196714167,1.32514992145715,1.0899679005859466,1.0660532508471738,0.8912214378722859,3.5500934543749176
2025-11-06,-2.6629443596048747,0.5142061384881305,0.9953708759551201,1.198904546448236,1.3129808469340734,1.4008390037882148,1.33495673176842,1.0988527597559794,1.0764775238178406,0.9063624814318331,3.5693068410367124
2025-11-07,-2.6619925072876574,0.5161645478802616,0.9954265217244121,1.2001064976552607,1.312471468036623,1.3993509588197892,1.3335859260175602,1.0921853993947028,1.0711071327662889,0.899668988043098,3.56166149533076
2025-11-10,-2.654630686591409,0.5225427377443548,1.0015536697894971,1.208935059956086,1.320553097634672,1.4078626538555,1.3408441569756016,1.094959417326165,1.0787002028167982,0.9035983791252545,3.5582290657166684
2025-11-11,-2.6497460673336093,0.5286954523814489,1.0068098240114485,1.2131036814256948,1.3237864254264806,1.41100704020953,1.3391585521527998,1.0923993789877668,1.0775690253507906,0.8995045011489037,3.5492505684825173
2025-11-12,-2.6594252679594717,0.5224532513763481,1.0019372045784973,1.2101256220061283,1.3223936811665724,1.4078240212707325,1.3333225239912556,1.0850862417566185,1.072390510040361,0.8920870469969254,3.551512314956401
2025-11-13,-2.641575628017099,0.5340737196256021,1.011609486743551,1.2193237407367488,1.331945487427303,1.4177097248475485,1.3442614631913459,1.0947339501418365,1.0812734793355854,0.9024447804424114,3.544020408459515
2025-11-14,-2.6519855903281253,0.5315352651566265,1.0096087889190528,1.2191705542580025,1.3323350189041807,1.4145927241232887,1.3370150831905903,1.0891053176902914,1.076261243813255,0.894533185528391,3.54651877585652
2025-11-17,-2.6477775784265543,0.5330175182020208,1.0099825355089496,1.2177928481454152,1.331978251863827,1.414564831046496,1.3444572782160333,1.0964902977999103,1.0763514551876319,0.8960655022943502,3.5438430807209085
2025-11-18,-2.670499374085625,0.5162241386869112,0.9965810042357717,1.2073373882888552,1.32195609141012,1.4052947783343595,1.337173394186795,1.0870756471919192,1.0656407885104313,0.892772240723293,3.563271614808922
2025-11-19,-2.6835454978860107,0.5039304141870693,0.9817792900866102,1.1989499699455952,1.3106495888393421,1.3940290721264588,1.3235614895221417,1.079837900339316,1.0551591446446027,0.8771878431373946,3.560733341023409
2025-11-20,-2.696613719858394,0.49659414035717736,0.9769751018920473,1.192875229548109,1.303960562504613,1.3874735945180214,1.3185366530099067,1.0761579563725983,1.0469554059620603,0.8689168164473474,3.565530536305745
2025-11-21,-2.7256817276412226,0.4629809094698478,0.9379645978830746,1.153880935040874,1.2614780417735658,1.3444038259772078,1.2813443632212405,1.0402358467211552,1.0119081944298003,0.8281080589359786,3.553789786577205
2025-11-24,-2.701761734721958,0.47283547665689885,0.9525947452945183,1.1702579905156858,1.282603293491769,1.3631785010778101,1.2906249246239212,1.04857407873418,1.0255175191416386,0.8525406865997806,3.554302421321742
2025-11-25,-2.6910893800630573,0.48465272834345025,0.966989551767386,1.185902926608624,1.298906728144412,1.378346542382948,1.3010875201001098,1.0583129548356438,1.0385714889679587,0.8700066698492565,3.561096049912317
2025-11-26,-2.702207405796742,0.48381267082596746,0.9642019877043071,1.1845593515349464,1.293140835120971,1.374734753772658,1.297863447518647,1.057042737678735,1.0337808858793311,0.8658366375968185,3.568044043393564
2025-11-27,-2.7058187558076954,0.4816292760989952,0.965614217416856,1.1869619035559353,1.29821179304959,1.384910072973482,1.3031780960309114,1.05811563471601,1.0415223725202956,0.875049618246748,3.5808683740544467
2025-11-28,-2.6976258605066015,0.4922137457200283,0.976875246374978,1.2018355763556872,1.3133174446357931,1.3995326138863862,1.314612890193699,1.0703263849361278,1.0514689945950613,0.8902089843500969,3.587834844856702
2025-12-01,-2.696242917735528,0.4986180332944436,0.9838500974696589,1.2070994431681277,1.3192846861795144,1.406433104085088,1.3220504514740046,1.0774708357274796,1.0580115366648586,0.8967820919712111,3.5930250097067424
2025-12-02,-2.7018436468259517,0.49321437410221475,0.9782903956536231,1.2009539578441122,1.3148348104332472,1.4001295220021142,1.3162813892519083,1.0720480707287825,1.053670685227808,0.8915293654411389,3.593373012267094
2025-12-03,-2.711418684893803,0.48812318376746217,0.9754518962919891,1.1968854203612425,1.3114793102214444,1.3940689073046764,1.3038312306842055,1.0567122640518722,1.0466478977767997,0.8807094659662106,3.592128150860017
2025-12-04,-2.72234509648971,0.48112411391573917,0.9690883588496774,1.1895864013099695,1.3046637590161048,1.387499458966384,1.2956439753324989,1.0481422737061978,1.0407700496193746,0.8761612827789074,3.5985063792686205
2025-12-05,-2.7045613894880782,0.4929325396160345,0.9806333231112612,1.2008258762861435,1.316486550566706,1.4013265551448377,1.3155825535583816,1.062614189847876,1.0535863546625446,0.8924845209831919,3.5970459104712735
2025-12-08,-2.6919225672538536,0.5024768704434627,0.9851398290823971,1.206014391917917,1.322737658841561,1.4098112225574218,1.3277911697722875,1.0703768376492313,1.0595802820776234,0.9072681404365798,3.5991907076904366
2025-12-09,-2.6965483216973736,0.49662721432029,0.9772667829005031,1.1982226013999349,1.3134404573933958,1.4029730416716997,1.3208160167650074,1.06195132827746,1.0537985126139606,0.9006062283029468,3.5971545500003237
2025-12-10,-2.692011288823957,0.49987867172318723,0.9777342501080906,1.1985421391252848,1.3186294897944728,1.4020898810124687,1.317049585114908,1.0630148334584837,1.0554062974299565,0.8971901080229637,3.5892013968469243
2025-12-11,-2.711587129060908,0.4852334992026252,0.9635195338963738,1.1844383422212132,1.3037356178771473,1.3826734473201274,1.295885777428141,1.0451199843730887,1.0411448087046922,0.882411343719393,3.5939984727803043
2025-12-12,-2.703671214892077,0.4952340561503155,0.9733941894492347,1.188211025002267,1.30324201925692,1.3815632304708303,1.295061207173869,1.043704165245992,1.0403603568577122,0.8872308227888785,3.5909020376809586
2025-12-15,-2.7102611953396254,0.4894570958971004,0.9680777762589992,1.1910631420019455,1.3065608916854887,1.3762950223587629,1.2926484807207117,1.0471645410851138,1.0406684013747736,0.8818849494333653,3.5921461447729937
2025-12-16,-2.7324203661181583,0.4747041174797088,0.9525822106199543,1.1737878565023177,1.2890387175542937,1.3595664401820746,1.277063456766965,1.034143958539529,1.0273316500416712,0.8636302899158875,3.5960506560340484
2025-12-17,-2.7320146736214035,0.48441303450447404,0.9598982823345481,1.1825629964641862,1.2978243144614272,1.3698074206951043,1.2864409406072181,1.0403203331118729,1.0349722350296708,0.8777727693520185,3.6097874429734245
2025-12-18,-2.7371755482303723,0.4830896994429762,0.9620807453846179,1.1860878854705903,1.3022825038682708,1.3740618367789441,1.2911751436615602,1.0446787839350107,1.0386801435793025,0.8794358084282717,3.6166113566586464
2025-12-19,-2.7226724335950436,0.4963205264226746,0.9754464185632907,1.1995670099690832,1.3220654655343713,1.3910284693348904,1.3052655615235356,1.0604350244012455,1.053569540629119,0.8870316837127783,3.6097041173078246
2025-12-22,-2.720925106053529,0.49862542335429727,0.9779599742427709,1.2007482972639845,1.3267739558221314,1.4009167564516254,1.3141468081178622,1.0701202785119774,1.0616347564138637,0.8994953729144298,3.6204204789679615
2025-12-23,-2.72947975178222,0.49585024947911005,0.9726606859235892,1.1950033437051648,1.3222105727535782,1.3959357299481943,1.3056329709048873,1.0649485139584844,1.0578154463880638,0.8957502759225463,3.6252300277047693
2025-12-24,-2.716687553981193,0.5087055043680753,0.9843005765839091,1.2052042903931064,1.3323999537090125,1.4081539361677913,1.3168772140742975,1.0772315876717733,1.0765961176594432,0.9086348911053307,3.625322445086527
2025-12-25,-2.7106773881114252,0.5177908907044303,0.9955609872932646,1.2155806113244543,1.3421232231856912,1.4185713054747355,1.3258797138909966,1.0853121665867678,1.0880338065617359,0.9195113142878011,3.6301887023992294
2025-12-26,-2.7120194352870084,0.5200436520540245,0.9962130612622846,1.2155956127538807,1.34070519132045,1.4165534750162432,1.324630280953273,1.0838519954036954,1.0875415527957817,0.9179877693585293,3.630007204645541
2025-12-29,-2.7169573335478217,0.5226414277419374,0.9988110902425983,1.2163747624703136,1.3415716804329558,1.4148393542686173,1.3196868103919892,1.0793771382132826,1.0843094338984387,0.9162912415256654,3.63324857507349
2025-12-30,-2.7179584035611333,0.5244115821330108,0.9992671261181192,1.2161847716798901,1.339158501811559,1.4106094182316409,1.3150288850579535,1.0751942597490525,1.0791430760872291,0.9135125236182206,3.6314709271793566
2025-12-31,-2.7141879914563707,0.5269002324189355,1.0007004282956333,1.218148024660112,1.3405897028897555,1.4117239613149408,1.3150254495572946,1.0762164362430897,1.078970160767373,0.9146593032582089,3.6288472947145824
