Date,1,2,3,4,5,6,7,8,9,10,H-L
2020-01-03,0.003925848946961824,0.00360239229840255,0.006035254026699646,0.004524146986348243,0.004458119118093849,0.004740986946592679,0.004342847164752377,0.0065884556940719735,0.004147165993654522,0.0044316842001836144,0.0005058352532217904
2020-01-06,0.006707890298149851,0.006146389845176195,0.010801921270767558,0.01036353290189037,0.011606978721396821,0.011526600405301637,0.012155325343646082,0.017636646264392947,0.010803198805168928,0.016404907916888353,0.009697017618738502
2020-01-07,0.01728321122506369,0.016817656835236033,0.022458731198742712,0.021945860373172258,0.023629844362213534,0.023592938084598062,0.027610288996592017,0.029904388796854014,0.027980799443086127,0.03431760359201587,0.017034392366952172
2020-01-08,0.003922954485723206,0.002265200666406399,0.008585305863419887,0.009210175345100526,0.011907168947846138,0.011236311838499309,0.012355378710151771,0.016730779731124985,0.01445717489787665,0.01174447070793699,0.007821516222213777
2020-01-09,0.015262195620110332,0.01631619395918104,0.02233184267388958,0.02239434315329766,0.027383149914099937,0.027173271804193808,0.030175176741883882,0.03384476419476351,0.03299348817259088,0.030254406912172117,0.014992211292061778
2020-01-10,0.015559136976618638,0.01576153963524336,0.020671120151367885,0.021280285369438778,0.02490769977161244,0.02572360626210195,0.027169922236327384,0.02968819808814353,0.027802147289283655,0.024686678023694144,0.009127541047075501
2020-01-13,0.020522966548330315,0.021272325886816885,0.02612215086884967,0.030011392759191173,0.03433003685545912,0.034665446815182036,0.03912141984400493,0.04365043645345626,0.043274148892092634,0.04556951280430632,0.025046546255976
2020-01-14,0.021623767526888476,0.02241937649187321,0.028298811337760865,0.032223301789993636,0.03632893214541099,0.03342105038180119,0.03746202541735228,0.042746486607016375,0.039198997388056704,0.04546473404888792,0.02384096652199944
2020-01-15,0.014414355440027008,0.01476734496160397,0.021247479895450345,0.02643092794255884,0.030071482301186624,0.02899931098378301,0.034196143932138136,0.03916647101029267,0.03816638739179163,0.0423349230799407,0.027920567639913692
2020-01-16,0.008545508060782784,0.007443753781228022,0.014425401010862815,0.020279032196112746,0.025737467085610956,0.02463105607456266,0.032819695884124866,0.03522973991953349,0.03885917522530884,0.04736664640030016,0.03882113833951738
2020-01-17,0.0068400659954450755,0.003959726489372769,0.01191117444317064,0.016523643736711724,0.021904045304410334,0.023243936638430683,0.03255787498742226,0.0314735753134399,0.03686853259241845,0.04297538154077503,0.036135315545329956
2020-01-20,0.013379439140268953,0.012087620295101777,0.02116127197891498,0.025621297200472296,0.02949603092751736,0.03192645230065688,0.0432572204452977,0.04131476195978501,0.04941246819703179,0.05518407182416989,0.041804632683900944
2020-01-21,0.004456290091853414,0.003821834448571121,0.013936107336599404,0.015100650109884652,0.0170736756380178,0.018922988991676014,0.02865893578799099,0.02432526622075071,0.030983225086318886,0.03638195937988222,0.03192566928802881
2020-01-22,0.0019232821020315318,0.00012005311015070904,0.010034440575792144,0.011355397005750445,0.013131416985860525,0.01539200349055251,0.028366135224423994,0.02818154098975755,0.04012695253415042,0.05613092546337375,0.05420764336134222
2020-01-23,-0.023792506346196583,-0.031143798136896723,-0.020983976059027035,-0.02154825837957334,-0.020580520915850067,-0.0197568596392433,-0.008450341834447178,-0.012646170278538031,-0.0003284141122144382,0.013629776509543383,0.037422282855739966
2020-02-03,-0.11761445370537293,-0.1266539610752078,-0.11141417463460256,-0.10946238458832691,-0.1052092656730055,-0.10890704147998603,-0.09798668826675502,-0.10172067944742724,-0.09232565280046784,-0.08394678842355499,0.03366766528181793
2020-02-04,-0.088594476208918,-0.08140181861288026,-0.06585695888739321,-0.06561715346226381,-0.05569389880478491,-0.05640876559624444,-0.04617051853376665,-0.04906214197156654,-0.018340732228835838,0.008557092246929132,0.09715156845584712
2020-02-05,-0.07516633126037016,-0.06111928264174573,-0.0426032497998726,-0.040803388583920824,-0.028147860255446633,-0.02589354924592443,-0.019027029147482347,-0.021775656863598343,0.013831393417037645,0.04017023815172602,0.11533656941209616
2020-02-06,-0.061553426803233544,-0.04352657935202327,-0.01925167792107134,-0.019738099494810684,-0.003222852463631413,0.0004643887906924174,0.00848840352686565,0.00635867591017112,0.04216879529988452,0.07471498014652729,0.13626840694976083
2020-02-07,-0.05731037552603188,-0.034243267715623124,-0.010905260625352403,-0.007454837909898624,0.008336375932045212,0.012950183901455381,0.020297670819907666,0.01667801985166564,0.054535578484741276,0.0882616202856573,0.14557199581168917
2020-02-10,-0.04179251000030182,-0.012481851486563219,0.009889169405638486,0.013943085497387781,0.026683634397811455,0.032010206458830265,0.03500143775214733,0.026900547300574104,0.06158914348672496,0.09958049637120331,0.14137300637150513
2020-02-11,-0.038248307357084795,-0.011953765530289833,0.008327739263587385,0.011129211255457846,0.021791688496588496,0.02383630136169552,0.032283688562209104,0.020814554734222196,0.052121180038036945,0.08192983037816418,0.12017813773524896
2020-02-12,-0.031293013580063346,-0.002416914857729489,0.020251412258437358,0.025090968787877876,0.03702708642292917,0.04056786765199301,0.052491004485498274,0.04106406263903911,0.07712665124926113,0.11210208166020388,0.14339509524026722
2020-02-13,-0.04113597238548913,-0.013858869305918361,0.010004762734493345,0.015639265227283854,0.025579027795103272,0.03258475233875672,0.04319550479552491,0.03080489389577573,0.0660343999995135,0.10247479399626443,0.14361076638175355
2020-02-14,-0.03910278796262222,-0.011190931216173369,0.012193708666762018,0.01616417483592855,0.02806237381401169,0.0365818619009172,0.04559425393034814,0.03546334133943797,0.06734207685655699,0.09464794298344867,0.13375073094607087
2020-02-17,-0.014717216535661895,0.020220029557564006,0.04605364037857275,0.04980015055073837,0.06401500699012655,0.07209501025361134,0.08081137966804977,0.07252478400414566,0.10246890251650076,0.13065618085006067,0.14537339738572255
2020-02-18,-0.010757743957330179,0.029274447141758277,0.05771775112241199,0.06518275744337376,0.08093230999134984,0.09162286034707086,0.10015587839675968,0.09424869700546779,0.12264234799693977,0.1565374947955041,0.16729523875283428
2020-02-19,-0.012193723796697337,0.02904619481818919,0.058765288337664166,0.06291173127476804,0.08233921282266937,0.08881039959548244,0.09599500509320526,0.08532744625155002,0.10515524524788807,0.13053766612138235,0.14273138991807968
2020-02-20,0.00462796612957956,0.048477969864183595,0.0787911450853626,0.08291356759303763,0.10259521195509316,0.10956258572379232,0.11505654202455008,0.1058908250497906,0.12337569831076353,0.13548192462968536,0.1308539585001058
2020-02-21,0.007093603635323748,0.052756686145180656,0.08651277531173639,0.0920710406479673,0.11272945254149537,0.12393852726911227,0.12551673939686508,0.1161187907546486,0.13643801591977125,0.1512613459070793,0.14416774227175555
2020-02-24,-0.000275005579131936,0.051414642346777485,0.09030424882952667,0.09999060212646368,0.1256307885303484,0.14095054887197156,0.14159455116635472,0.1362959399520704,0.1598222960446672,0.17521894573971694,0.1754939513188489
2020-02-25,-0.01641932155425441,0.037207284100011895,0.07869320126569922,0.08957569423617609,0.11817776801856887,0.1387701193403291,0.1411593486827343,0.13722619838056596,0.1674337798989954,0.18337724010458165,0.19979656165883608
2020-02-26,-0.004108666247397018,0.045975221400282186,0.08146962201483379,0.08687114654534984,0.1079192777710042,0.12276641268056837,0.11852091139210039,0.10664545463952413,0.12568833793602707,0.12716572897199283,0.13127439521938988
2020-02-27,-0.000769980886706195,0.05198938101364539,0.08746129881497004,0.09219313759959662,0.11435628307015294,0.1261037138195761,0.12358674706302382,0.11296891538085566,0.12734050454071305,0.12110358286089028,0.12187356374759652
2020-02-28,-0.03448247552977919,0.005671407778406891,0.037609687453088125,0.03843423286337901,0.055843422446795896,0.06597009242294197,0.06166591738011867,0.049472449182947645,0.07170370273096999,0.06333422157377609,0.09781669710355533
2020-03-02,-0.0014824434415170243,0.04692151001897986,0.08093263905526166,0.0840587610911748,0.10199796330726565,0.11193981817602362,0.10669601873932989,0.09222597091909922,0.11493009054844876,0.10184249252605883,0.10332493596757589
2020-03-03,0.005657313651150227,0.05621261725573621,0.08917386491643776,0.09456007360802965,0.11264583395408258,0.12532121916049624,0.1217570596355291,0.10431351194298785,0.12557172471478628,0.11613635917655774,0.11047904552540755
2020-03-04,0.019729669679397814,0.0741616450595273,0.10625629799431507,0.11044960629798348,0.1258144118374509,0.13901281976604676,0.13005208432992613,0.10962328479953876,0.12254443247750603,0.10770115654008189,0.08797148686068412
2020-03-05,0.03929451090650723,0.09486073095553443,0.12934385724076097,0.1330036408828965,0.14886097975410506,0.15639933963093816,0.14886757499409975,0.12513819802945014,0.13273782949835358,0.11267215617383025,0.07337764526732307
2020-03-06,0.0358021505185726,0.09453865814000995,0.1295327883365206,0.1333212189381224,0.14869251098607308,0.15542773147182398,0.14357055601251667,0.11868251899600514,0.12740369757044623,0.10719596206553464,0.07139381154696209
2020-03-09,0.011767111197502775,0.06923049552945926,0.10188107410888167,0.10501086751305383,0.12120612421354063,0.1199693420182918,0.11128471183978644,0.07746683272640173,0.08144994969877,0.04801718532577454,0.03625007412827182
2020-03-10,0.02429397599532784,0.0822356787519003,0.11642270936578807,0.122422146005589,0.13972656212694903,0.14130855429011596,0.1366463646735367,0.10820035246830718,0.11513438099312875,0.08453103332225731,0.06023705732692951
2020-03-11,0.019513297143918126,0.0801281723376691,0.1123879297023398,0.11803705561098482,0.13399912747254675,0.13220051619057824,0.12694882335349497,0.09213762444742024,0.09670729567142392,0.060394655995433554,0.04088135885151546
2020-03-12,0.0036689739777957184,0.061398466991022166,0.09199534686551171,0.09613691269868355,0.11196467306221877,0.11123346285467069,0.10773436994518941,0.07355822833576701,0.07949644763656553,0.0406662483528853,0.036997274375089616
2020-03-13,-0.008858582419754003,0.04677049045395724,0.07944869264008161,0.080449276638251,0.09809118816415613,0.09829815819798525,0.0930264073924165,0.06237649392409658,0.07205519255699883,0.03444225060014917,0.04330083301990321
2020-03-16,-0.027309783659965177,0.0216909772438141,0.052098336338584975,0.048938087909309425,0.06137975323912595,0.05750911803760703,0.04773569273368336,0.008214354431720666,0.015192334935277052,-0.025329694097615187,0.001980089562350025
2020-03-17,-0.03219183982012987,0.016444623895734665,0.04904437658411759,0.04424990433191036,0.05669613942702755,0.05469542200178673,0.043724040074514074,0.010103530990333473,0.01787441143574463,-0.019844891565769195,0.012346948254360703
2020-03-18,-0.0454106968609499,0.0018406689356619405,0.03476959632521465,0.028021613115565558,0.0410756151030554,0.03829016055114169,0.026400592950871677,-0.004047325937870357,-0.0025059773792813454,-0.04152814050160845,0.003882556359341486
2020-03-19,-0.05039832051360481,0.0035389806213461618,0.03657488969869695,0.032715418920846374,0.045321104781802804,0.044974651519188065,0.03595052476504211,0.011481251279494424,0.014113138004423823,-0.01906299011918918,0.03133533039441566
2020-03-20,-0.035901147620156046,0.021541190267630524,0.056036011503159136,0.05057434781120415,0.06311468160451361,0.06296674291872201,0.05188300272915751,0.022457833121087664,0.02273418066307359,-0.01692343451800336,0.018977713102152717
2020-03-23,-0.05956895877692721,-0.0022044915559072398,0.025134805250264267,0.016812313708765035,0.02603383408238784,0.022909063701401083,0.009211479834498007,-0.03112253134835214,-0.02976298918766801,-0.07580735873523413,-0.0162383999583069
2020-03-24,-0.040679956542650136,0.019602177965562777,0.04590383926118294,0.03735643434658352,0.0508836165675246,0.04558949323899441,0.03149620436515511,-0.01020206600088713,-0.008157861060689137,-0.057135043096840865,-0.01645508655419071
2020-03-25,-0.02405270050434022,0.04049090996502619,0.06762306021840467,0.05974967667753364,0.07326046772224235,0.0695286237926119,0.05834098486607299,0.017737488444332997,0.019816626116189298,-0.030294303193692633,-0.006241602689352397
2020-03-26,-0.029324202706052502,0.03297153098385432,0.059255189507543465,0.04941102226093608,0.06384975175489688,0.06019652034381199,0.047202691377142614,0.007141532648506102,0.007472319204665779,-0.05167049323438957,-0.02234629052833705
2020-03-27,-0.02577332177449617,0.036104110513132365,0.0608130170432717,0.049890492868570745,0.06209436765386061,0.05751302017557891,0.04136768264484368,-0.0018614489320359275,-0.0032765274117729816,-0.06793054318672959,-0.042157221412233395
2020-03-30,-0.03739754721444215,0.021637522652165016,0.042589824288695774,0.030427555925914642,0.03765103839657388,0.03398597079328701,0.016006565992343028,-0.027649094461436236,-0.03317177226508525,-0.09755124258591634,-0.06015369537147417
2020-03-31,-0.03529231128750476,0.024611867858631675,0.044907346590791375,0.03381858124227821,0.03872494622066848,0.03320653669248932,0.0156280558555612,-0.029781603680627704,-0.035033122353841546,-0.10381628770732548,-0.06852397641982069
2020-04-01,-0.04070431814455765,0.019739290758443894,0.04065589430410789,0.02714307392100021,0.03200231773447388,0.027858893632512562,0.008537093083710924,-0.03510928173325105,-0.03994938139364558,-0.10919567891224831,-0.06849136076769063
2020-04-02,-0.029212110455623965,0.03465812694389537,0.05687185855319009,0.04525615717966947,0.050805049470256484,0.04993078357209897,0.030864427819851645,-0.00921665111229136,-0.008311383393944473,-0.07419434419891513,-0.04498223374329115
2020-04-03,-0.03451606110756466,0.03027464462583861,0.052237664888730787,0.04145204332686009,0.046547477459404143,0.044678099163331826,0.026809200318533757,-0.017731783727008968,-0.015884317804098352,-0.08535702398772277,-0.05084096288015809
2020-04-07,-0.016767107995675642,0.05428527923913738,0.07770503728059273,0.06985225630052912,0.07855217246546262,0.0788001209727815,0.06162760114420876,0.019007037589234686,0.020734113996581434,-0.047016284293881445,-0.030249176298205782
2020-04-08,-0.015051777630440777,0.06122787993661381,0.08435398126520909,0.07658943228234207,0.08255370683216692,0.08756986543460406,0.06508331041955082,0.02148356034289997,0.023219647669690594,-0.050950134544748386,-0.03589835691430759
2020-04-09,-0.011507883517520546,0.06471903558338357,0.09133161101834905,0.0813793264163656,0.09118200515652686,0.09794426227372507,0.07737364628182516,0.03318187688250721,0.03598542154023952,-0.041752827691918154,-0.030244944174397582
2020-04-10,-0.022059599724683472,0.04924580191851758,0.07294132865806942,0.06220561978030936,0.07109648295323985,0.07564716585315633,0.0518236315002887,0.0021633951972562897,0.003892628648607642,-0.08182937674253399,-0.059769777017850495
2020-04-13,-0.023900750392225546,0.04755301444990156,0.06935905749396294,0.05473996298408904,0.0649526049203678,0.0672161730104582,0.03916110058829479,-0.009385188857268311,-0.009150525022742748,-0.09661895342926222,-0.07271820303703666
2020-04-14,-0.013035208388027568,0.060747301100271836,0.0853426291732649,0.06991111059229609,0.08142009688064002,0.08546863948017089,0.0596553897426278,0.01297424470254287,0.01500136930409389,-0.07363810256409124,-0.06060289417606367
2020-04-15,-0.017931794541634148,0.05472224417522501,0.07827386130533118,0.06182048631938468,0.07371024862060618,0.07794740523514976,0.05316984351992811,0.005978497537663803,0.010698210660446227,-0.08096040319853841,-0.06302860865690425
2020-04-16,-0.01577629615213045,0.05800162865590505,0.08107456151518655,0.06468884297774341,0.07715251928646949,0.08272574280627046,0.0600104903357741,0.01345363939190551,0.014992686693244845,-0.07875458671887843,-0.06297829056674797
2020-04-17,-0.014391335805713841,0.05892502589567815,0.0823195740644226,0.06553207671725077,0.07679715198651609,0.08261563597137574,0.06047839694152886,0.012697857806143952,0.01399621847603729,-0.0822747197873443,-0.06788338398163045
2020-04-20,-0.010262049539811996,0.06484670656622185,0.0895918197071903,0.07400118040876157,0.08754143691215757,0.09378156553995443,0.07401683124631793,0.027275095307803806,0.03160109256987742,-0.0647182643327576,-0.0544562147929456
2020-04-21,-0.0183220968934723,0.057416534911617675,0.08246716675872806,0.06633250180011614,0.0817558166875286,0.08957895385356915,0.06816470808551653,0.021715246189288676,0.028438862126766596,-0.06543823706749882,-0.04711614017402652
2020-04-22,-0.013959540583393739,0.06487360373388686,0.09092611079910727,0.07355484325381971,0.08981459487952462,0.10045604027065295,0.0796121618863023,0.03172361249295797,0.038754418211595615,-0.054480271111007755,-0.04052073052761401
2020-04-23,-0.015773194007179293,0.06473377047315466,0.08952699505316195,0.07271734462693726,0.08557371009988883,0.0963302184473423,0.0747539008721513,0.02458591051311826,0.031480095264280396,-0.06207955001909179,-0.04630635601191249
2020-04-24,-0.02546380360196336,0.053811490982222314,0.07533386352502117,0.058991905692083235,0.06934968697223436,0.0797006148942682,0.057367809725658046,0.004902416140530792,0.008138638784441168,-0.09611639051680135,-0.07065258691483799
2020-04-27,-0.023618272110958762,0.04991138627729721,0.06964967402240475,0.05148277836921484,0.06389957420889023,0.07108376466585366,0.05039473083798723,-0.001320150134080704,-0.00046261765403432346,-0.10865291272198224,-0.08503464061102348
2020-04-28,-0.03791572171867229,0.03097222616002472,0.04910744973554928,0.02833957741547476,0.04107921148692206,0.049283079925905075,0.029597400444971077,-0.022807612987283787,-0.019813591686062844,-0.13345932975298028,-0.09554360803430799
2020-04-29,-0.031598604426468585,0.03384510016906124,0.05121505665802297,0.028229065065564236,0.04120635124491326,0.04860356755469025,0.027200351065259476,-0.02402212586009837,-0.022554323902319293,-0.1433565211418996,-0.111757916715431
2020-04-30,-0.017030291830242367,0.05285397154376945,0.07317904163147583,0.051248471392990644,0.06372412303158571,0.07264944984153361,0.05507463478424933,0.0029684902567264325,0.0012071707657823373,-0.1205971656994655,-0.10356687386922314
2020-05-06,-0.013600159019525309,0.06281467215602562,0.08907575658116433,0.06768528972466467,0.0816624858996287,0.0913851536053413,0.07770153209161892,0.028062902553094782,0.026484765021055023,-0.09129405826002299,-0.07769389924049769
2020-05-07,-0.016890104241395237,0.06104328509329941,0.08689384369408046,0.06370825667605608,0.07968384263357696,0.09026867383402505,0.07564913534989401,0.025282076404212327,0.024884297735803508,-0.09089576847563301,-0.07400566423423778
2020-05-08,-0.008816511425195482,0.07098626827479955,0.09695138179493293,0.0760731081081043,0.09265587108814949,0.10214648127797915,0.08875563872862459,0.039309054184971215,0.0373149160807486,-0.08140527687006316,-0.0725887654448677
2020-05-11,-0.009697712511150862,0.07118613057294654,0.0974179156313913,0.07768700064050127,0.09229355280150098,0.10284085448659427,0.08804450812006151,0.03910206268666242,0.037497857431143804,-0.07841296190699078,-0.06871524939583994
2020-05-12,-0.01497086838836294,0.06767459965926169,0.0942016716014501,0.07538259305083084,0.09065527927362954,0.10295844708602048,0.08899512036340353,0.042582723209387024,0.03943104653254975,-0.0736575784821472,-0.05868671009378429
2020-05-13,-0.013050871781983973,0.07047001063658383,0.09811812798123402,0.08124163982930503,0.09675692632288721,0.1081248953145075,0.09349779971774742,0.050096810181290946,0.04788477341998368,-0.06380416013833838,-0.05075328835635444
2020-05-14,-0.02158590430571847,0.061352929087828,0.09070904924661166,0.07262193867210344,0.08880597163837357,0.10034164658046756,0.0867922088388606,0.04019267717630629,0.036149784538395645,-0.07269260937808192,-0.05110670507236347
2020-05-15,-0.01887197341859595,0.06226375887529842,0.09171776959144144,0.07463235595724639,0.08962761995028568,0.10035753502919309,0.08997144085771194,0.043480478527763655,0.040250263285055016,-0.06624123773628808,-0.04736926431769215
2020-05-18,-0.016164121698158722,0.06507508189820936,0.09338338955155637,0.07483777598100567,0.08825076009060193,0.0926117908935224,0.08062720698168244,0.03473386540685599,0.03076966910278791,-0.078540323975866,-0.062376202277707286
2020-05-19,-0.011407439049660805,0.07147033395901257,0.10287514000830862,0.08366278193950619,0.09646646038699022,0.10505194388231569,0.09310056369714449,0.048655071658381885,0.04720639584897868,-0.054897302515334,-0.04348986346567321
2020-05-20,-0.016684008868219483,0.0665033609487353,0.09910678607398796,0.07701879241425433,0.08925932144847268,0.09470397982021418,0.08401852269486154,0.03947474718220899,0.03686198013990039,-0.06712503636118115,-0.05044102749296169
2020-05-21,-0.020079622143078794,0.06415998981657489,0.09415385641151376,0.07120405060964663,0.08182079502923746,0.08408258819278315,0.07188059244990679,0.02653582983702547,0.021074384328211876,-0.08548750868228253,-0.06540788653920376
2020-05-22,-0.033298710768908044,0.05029857988364392,0.08171482479082025,0.058647413930908,0.0658875707663974,0.06681938828802358,0.05269528585389481,0.009745304214399283,0.0022906076550730584,-0.10862717904487854,-0.07532846827597052
2020-05-25,-0.032030410915261605,0.053821702631768026,0.0820628744729747,0.05850979136165716,0.06499179706856556,0.06521004841917497,0.04876800087732868,0.005465037513536461,-0.0014930227979096317,-0.11111690441588445,-0.07908649350062288
2020-05-26,-0.023617869794123066,0.06678253078860746,0.09775093245278091,0.07704416523315698,0.08459842606706088,0.08630261735402633,0.07381260657332919,0.03018452013748483,0.026886954359034668,-0.07533889873214124,-0.05172102893801821
2020-05-27,-0.02253055571690357,0.06814133355860102,0.09820217924692437,0.07599020525439158,0.08257257151641095,0.08485316188127721,0.0700769965521013,0.023816548870013738,0.018572197296812802,-0.08507773677516381,-0.06254718105826028
2020-05-28,-0.020034913895798177,0.06918401025974129,0.09619574021495385,0.07380502632720651,0.08004808602095329,0.08200473985365342,0.06614116090798253,0.01710922506686461,0.013733543110077014,-0.09675055498322233,-0.07671564108742418
2020-05-29,-0.018661015760963157,0.07302408119009936,0.10147832975760242,0.08136089730493022,0.08723198500967987,0.08999711317302675,0.07589412493133679,0.02665530533271427,0.02180485427823372,-0.08517190905162675,-0.06651089329066362
2020-06-01,-0.0014403885259508496,0.09326930143083899,0.124356042967745,0.10570623413279545,0.11316351552818611,0.11761279160040092,0.10643589954929066,0.06060092890470428,0.05804193926760654,-0.04404493817976725,-0.04260454965381642
2020-06-02,0.0063782605549029744,0.10165380864857099,0.13186488031004942,0.11386384312706115,0.11952134635032245,0.12434352917109663,0.10954570943834716,0.06458177076334899,0.05861602723353398,-0.046752529709335,-0.053130790264238004
2020-06-03,0.004710073858793866,0.09994838475157972,0.1316279244086321,0.11077395561864527,0.11858400753020906,0.12355661191746477,0.10936772257841901,0.06562235206413769,0.06197068524257253,-0.04284635362344022,-0.04755642748223411
2020-06-04,0.005239827089922583,0.10302358492072593,0.13702042041401968,0.1143351420351202,0.12382743539469533,0.1283115801553561,0.11418201752842601,0.06983686260753942,0.06385499026839218,-0.04525860624662023,-0.050498433336542844
2020-06-05,0.006230469439539497,0.1036866343402356,0.1357794037071903,0.1145663901154499,0.12244442276115008,0.12598647008667946,0.117579192054023,0.0685176914945386,0.06527336063621887,-0.04975620732315456,-0.05598667676269409
2020-06-08,0.008809978488577865,0.10495851711657965,0.13802980215630822,0.11375093999903692,0.12118376863491424,0.12610039280848065,0.11536198654972811,0.06487223093685482,0.06372636966666473,-0.05949004464271033,-0.06830002313128822
2020-06-09,0.01219665117955436,0.10759140971493311,0.14257535843029337,0.11841831073422868,0.1259152916635242,0.13143776466299492,0.11824155487325902,0.06901142115412275,0.06823595626330775,-0.05126368696612428,-0.06346033814567865
2020-06-10,0.006640812362932189,0.10331741462057449,0.13821317671712433,0.11527048953712896,0.12281389475022969,0.12885804205079274,0.11960549716695747,0.06796289433905274,0.06926127383313459,-0.05175794092237468,-0.05839875328530688
2020-06-11,0.00033567076857288474,0.09847662757664592,0.13254715992088387,0.11111585568121063,0.11987175411700203,0.12647357753711466,0.11831638892495007,0.0640063693442659,0.06558841068333365,-0.053192898680679696,-0.05352856944925259
2020-06-12,-0.0013534260203101603,0.0970963471717376,0.1298190096197175,0.11110468257236501,0.11983636346969911,0.1271719984501754,0.11851121836247722,0.06602786425299977,0.06564038609803186,-0.04862175809359617,-0.04726833207328601
2020-06-15,-0.0032155874561409377,0.09678143881246708,0.127812280251694,0.1114222817830934,0.11814996855514448,0.12610341854442006,0.11600095335141995,0.0645667853338351,0.06155982606673933,-0.051900458358903695,-0.048684870902762765
2020-06-16,0.007401568279943881,0.11019660582641753,0.1415305685465673,0.12770403009234557,0.13497098580916944,0.1440907523084058,0.13665206991326379,0.08394800133304378,0.08473724051067405,-0.030779280739929492,-0.038180849019873384
2020-06-17,0.010653282178428427,0.11402899946939023,0.1485373234722341,0.13368254001506855,0.13991901216306596,0.1513536810876809,0.14290022170357383,0.08878750641614197,0.08596178041614248,-0.03181879360832061,-0.042472075786749046
2020-06-18,0.015313715410428226,0.1171800292869636,0.14894952914974005,0.13369636498702167,0.14091045974205266,0.15236616243116022,0.14111155046753726,0.08499954145183879,0.08197462244365422,-0.04287797352050649,-0.05819168893093473
2020-06-19,0.019381687197636804,0.11974574321110154,0.15103881051231785,0.1379348301454411,0.14403736751192173,0.1577995204964133,0.14522708931164244,0.09152481905714281,0.09076264102211097,-0.03647006675281776,-0.05585175395045458
2020-06-22,0.018403081558508536,0.11989743260773723,0.1517808813973924,0.1386222639275836,0.14576971696262714,0.16205183953614774,0.14986900152639093,0.09725827037964639,0.0925304010608757,-0.030389476385614962,-0.048792557944123516
2020-06-23,0.012548643150678702,0.11530222055627842,0.14682483857031947,0.13503140722374873,0.14540176000631233,0.1587952052176299,0.14998966406220088,0.0995174532306345,0.09772744753485793,-0.025072564792908446,-0.037621207943587164
2020-06-24,0.013219857978496972,0.11323543220032754,0.14457257848002092,0.13296763225558902,0.14332558254864247,0.15840441551893142,0.14797288584167775,0.09661584705638383,0.09376350629969019,-0.03415148376157275,-0.04737134174006974
2020-06-29,0.00697933885157738,0.10428572161199695,0.13529816502417488,0.1258103421638656,0.1375018746253121,0.15240643709545276,0.14423502508388175,0.09172498800073906,0.09105983914504558,-0.036243711463870454,-0.04322305031544785
2020-06-30,0.013554797679652114,0.11503006184899714,0.15000821012917775,0.13996999067871094,0.15210796088824352,0.16873022947741081,0.16254743997231647,0.11243230387307257,0.10966298218074183,-0.016139096433999047,-0.029693894113651177
2020-07-01,0.0230783618686271,0.123341136198818,0.15760265118080094,0.1487334717795104,0.15837850852499671,0.1734512180068957,0.16393551765570666,0.11268320762068372,0.11012228129539214,-0.013991961157129394,-0.03707032302575651
2020-07-02,0.04256362754059178,0.14290182203304722,0.17621255930483432,0.16727895759706374,0.1762017351432457,0.18724434773392765,0.17557764937549317,0.12660602595908663,0.11440499809975746,-0.010080331010088083,-0.05264395855067988
2020-07-03,0.05998518726029615,0.1590252268801966,0.19278041139509752,0.18248415425343742,0.1907507462707643,0.19869402668765468,0.1846690627455574,0.13188786857067497,0.12273294711100671,-0.008225522070254373,-0.06821070933055054
2020-07-06,0.1072382314343592,0.20211699769323382,0.23622431767265395,0.22571395850340586,0.23178394692912696,0.23937961880387776,0.22277919600349252,0.1682412624584602,0.1574366705082582,0.022508392262149547,-0.08472983917220969
2020-07-07,0.10360641312321063,0.2017351511968154,0.23837388432736217,0.2306190374045582,0.2417013153588785,0.24837659554918354,0.23634638609418268,0.18573077670554689,0.17278926364174188,0.047977468577553806,-0.055628944545656867
2020-07-08,0.12285304167516625,0.22256366037724873,0.25901900712765147,0.2525475322894035,0.26424478954305197,0.2709244639942998,0.25899993171471747,0.20845250325469156,0.19358055256915868,0.0647771996365217,-0.058075842038644604
2020-07-09,0.14299369919308316,0.24476490839319198,0.2796450081439803,0.2778794141661825,0.2895108336851459,0.2965610245491674,0.28619789328779655,0.23741182633687896,0.22212504275658138,0.09598455339389615,-0.04700914579918705
2020-07-10,0.12848213693329186,0.23069475610279896,0.26616495991384476,0.2628588349645771,0.2772370070118202,0.2845766047875083,0.2798279933655678,0.23230187491379847,0.22435785140728953,0.10019880985414309,-0.028283327079148806
2020-07-13,0.1577377033709201,0.26118992883368625,0.300693179150688,0.2966033522920376,0.31152031317538204,0.31675409906849356,0.3128814507562506,0.26833590904557086,0.25765328593436276,0.13709607761373135,-0.020641625757188784
2020-07-14,0.1577053005434596,0.25785405402818257,0.2976838452419187,0.29297838429082707,0.30707826673034083,0.3134556559496459,0.30231423111144357,0.2604343022719508,0.24572207668913185,0.11584886650644426,-0.04185643403701539
2020-07-15,0.14063668040117333,0.23807894354403178,0.2748246303733626,0.2663013500012338,0.28106042200945713,0.2850975904848578,0.2761711707212008,0.22908172717486724,0.21538706794997525,0.07355096218149099,-0.06708571821968237
2020-07-16,0.11366840345964019,0.20438991646396315,0.23815622951087373,0.22847431397210421,0.23836249316482735,0.23882712464072242,0.22685917248336313,0.1737613916758711,0.15714678791239228,0.008428062953280593,-0.10524034050635964
2020-07-17,0.11730019896668216,0.2082461657297753,0.24026242515060908,0.22935957610833815,0.2386266439724597,0.2436005530962322,0.23257402101608232,0.17382254430209593,0.16282930765103612,0.017650442733699947,-0.09964975623298225
2020-07-20,0.1522974357891908,0.24745614699142687,0.28108339919821146,0.26979172967956216,0.2780844643508392,0.28052057627731875,0.2665248083447343,0.2049339172513132,0.1952759003775035,0.04471982634007046,-0.10757760944912038
2020-07-21,0.15383853011968082,0.25163721193722727,0.282065539134937,0.27155495025347065,0.27986377029100423,0.2841426576708687,0.2722354430381365,0.21062737346458327,0.20574695948536575,0.05239155491759967,-0.10144697520208118
2020-07-22,0.1538248755151431,0.2514649843879704,0.28283081968770935,0.27229137918252905,0.28353450584310746,0.2891913186800385,0.2794319499817192,0.21716182311703908,0.21415663327908868,0.06451553159829802,-0.08930934391684511
2020-07-23,0.14912970532526323,0.24826682820459345,0.27918779479989825,0.2663271065088576,0.27570713943382824,0.2850462892239336,0.27582523036685813,0.21013722562898735,0.21626666394178926,0.06579010191523538,-0.08333960341002791
2020-07-24,0.12315964398939626,0.2183167793068941,0.2474750483069114,0.23076062590782165,0.23791691245553612,0.2431045429067693,0.22397326633517076,0.15973740503737238,0.1569373330339987,0.0019463268776865328,-0.12121331711170978
2020-07-27,0.12439315163069851,0.22024061903871514,0.2487374147160872,0.23070925001634673,0.23966775332613108,0.24203207760918255,0.22455203661633857,0.16114588094619983,0.16046745897236073,0.003953021339220104,-0.12044013029147846
2020-07-28,0.13368039290615125,0.23074302019109608,0.25879254462206336,0.24295160060002505,0.2514478794463341,0.2545009265308995,0.2367786368457185,0.1740951628793151,0.17341646896434212,0.01711888989361724,-0.11656150301253405
2020-07-29,0.14842468308178258,0.2471971734043795,0.27706465453878487,0.2638517133110565,0.27360645565677805,0.27872619383358643,0.2625789901218724,0.20377002393988658,0.20846813201387654,0.05695212663202408,-0.09147255644975855
2020-07-30,0.1490538929452759,0.24941711822242704,0.28073782175589396,0.2619542489703676,0.27376351952981776,0.27823538586241453,0.25845124573344436,0.19608395447411975,0.20235272983204342,0.0553035587338167,-0.09375033421145926
2020-07-31,0.15561128654845408,0.25734003910834796,0.2898342978644065,0.2722585677908448,0.28392038259973906,0.2895065831532281,0.27243288706956803,0.20702599218558196,0.21758843116875137,0.07800223714927845,-0.07760904939917566
2020-08-03,0.17644841097890235,0.2816405981068787,0.3164710252319587,0.30273399248071703,0.3124354714637763,0.31519227475334943,0.3014326727746494,0.2395862632787381,0.2515889450922909,0.11752282776949849,-0.058925583209403894
2020-08-04,0.17672657364868685,0.28011577508589003,0.31249945408783075,0.2991200319117256,0.3057659992417673,0.30999832461225735,0.29623136919427984,0.23115630124382464,0.24432840167267605,0.09834592332403048,-0.07838065032465641
2020-08-05,0.17898510699580514,0.28645179586516417,0.31921752697398265,0.30669483526407715,0.31554875742275085,0.3193097502567925,0.3079302535880521,0.24322506771107238,0.2588247034181036,0.11547709657958267,-0.06350801041622252
2020-08-06,0.17730442514045813,0.28591894579526256,0.3190145845441762,0.3058929444851781,0.3155841186962078,0.316761274142452,0.3027192406890055,0.24018905524149492,0.2559098805594961,0.10587069237052757,-0.07143373276993063
2020-08-07,0.1678222257762243,0.27347673700742026,0.30502189228266413,0.2925352962155691,0.29825113459413033,0.30201986683228604,0.2877281487689406,0.22747548028283712,0.23929694443205743,0.09187872475086363,-0.07594350102536074
2020-08-10,0.18654553638541208,0.29276479995985877,0.32271406542298187,0.30507960118240485,0.30888618385805855,0.3070009994913967,0.2935562945441726,0.22922344008128712,0.2413540337008171,0.08208629350472296,-0.10445924288068918
2020-08-11,0.17561126879233982,0.27640161459845175,0.3027937123582472,0.2852495673764521,0.2877100079117335,0.28867857330335717,0.2735028951446916,0.20884033384898307,0.2190672957241391,0.05702591078529649,-0.1185853580070434
2020-08-12,0.17998579304486395,0.2784134858773159,0.3032247923296922,0.2818593883416449,0.2858427693178571,0.2831324579943083,0.26376053847131814,0.19635163328215693,0.20226543169357808,0.03216022604053219,-0.14782556700433183
2020-08-13,0.18801089779294036,0.2894379156814885,0.3123305072278465,0.2895487113269024,0.29345574625957777,0.2872246918674928,0.2683757786011833,0.19754047136838046,0.20699463898680479,0.03311108394722139,-0.15489981384571905
2020-08-14,0.19444909595391496,0.29704307189199997,0.32051300852778913,0.2984168887806544,0.30240759262522476,0.2970660858677668,0.27673764145174273,0.20583520665802424,0.21898037058441439,0.03869258403363934,-0.1557565119202757
2020-08-17,0.20881242752179885,0.3119271396202386,0.3370633170555413,0.31469532279876444,0.3223243946379934,0.3164515430754143,0.2953149329422109,0.22806214585747459,0.24209253055998103,0.06401708959664157,-0.14479533792515736
2020-08-18,0.20894371349192156,0.3150050440285845,0.3426653802559099,0.3213134109810085,0.3296742130221525,0.3225844836453413,0.30666051787161547,0.2381914642296435,0.253182558220517,0.07396943446977268,-0.13497427902214895
2020-08-19,0.20759852346509813,0.3085840354850514,0.3336193014246444,0.3093042558627357,0.315354291664341,0.30253760283613507,0.28838816919856813,0.2206059781469355,0.23029084110029735,0.04109573459524723,-0.16650278886985098
2020-08-20,0.2011874284745787,0.30129884532053264,0.327484499466026,0.30173702403665775,0.30601510896899525,0.29239738158250905,0.27506027864978666,0.2066815585649469,0.21311682902670998,0.020350169733867447,-0.18083725874071133
2020-08-21,0.205623716795044,0.3082008314491219,0.33523168973519946,0.3093923499482624,0.31525529461406,0.3003177521788717,0.28279243393569775,0.21508938840900066,0.21741561516945118,0.02402589165900616,-0.1815978251360379
2020-08-24,0.2056115185081926,0.31223035608869265,0.3400598906814504,0.3157374898335277,0.32381113930239186,0.30755172011598436,0.2898330737938616,0.22443067333621053,0.22658487091212082,0.027240582526204583,-0.17837093598198805
2020-08-25,0.20373687941543078,0.3127935223192126,0.34272350039278576,0.3200011380453152,0.32517853436720556,0.31270080573757736,0.28889686626661243,0.22554136741490663,0.22149172872846323,0.015589871057906646,-0.18814700835752418
2020-08-26,0.1927678729069597,0.2986675434841509,0.32670855504626894,0.30157652118098643,0.3058762076836792,0.2919522629276838,0.2677322458754448,0.2007418974595711,0.19171435639908796,-0.019854094169579884,-0.21262196707653963
2020-08-27,0.19897409448760398,0.30954611933912546,0.3387589587641948,0.3128290579520283,0.32040672077984633,0.3088671963737785,0.2796062346643353,0.2144700158062693,0.20809391076259753,-0.005774928298669461,-0.20474902278627347
2020-08-28,0.2074373874650395,0.3183888180112384,0.3463510617269078,0.320962202157166,0.3296757288353095,0.3191971305625349,0.28928801394274717,0.22523683084129192,0.22484202181256413,0.0046322897529047415,-0.20280509771213479
2020-08-31,0.20573025497007907,0.3180023587455081,0.3463668379741179,0.3213223941919822,0.32777715985170836,0.31905478022027955,0.28885905518053895,0.22735477559798928,0.2282075458455821,0.016337945448464314,-0.1893923095216148
2020-09-01,0.20682126627314687,0.32105304011739716,0.3499196292966744,0.325220168649333,0.3328896928619057,0.3276097056116093,0.296561130086833,0.23628670381997882,0.23684166974202728,0.025722283291144274,-0.1810989829820026
2020-09-02,0.20601393079426822,0.3243124457977386,0.3551083469524989,0.3291069490588604,0.33917351541716223,0.3373451935392011,0.30579604190259746,0.24343431108110877,0.24343185333345307,0.033814180770357735,-0.1721997500239105
2020-09-03,0.20254706159557537,0.3190498422028239,0.34716622195768704,0.3206830237076577,0.3295804327424037,0.32865867961626577,0.2960125231650021,0.23217170072339893,0.23190003207074422,0.017479568348163423,-0.18506749324741198
2020-09-04,0.2000941339030806,0.3178253894107294,0.3483612313026244,0.3216654000606416,0.33206076455461886,0.3288372683371332,0.3006751474974238,0.23292966417394437,0.23273794202820444,0.02448158991097526,-0.17561254399210538
2020-09-07,0.19369898311979045,0.309435528340131,0.3379508221060836,0.3087304334683713,0.31688092338165785,0.31305668754794563,0.28424925730685585,0.21754993063972528,0.21998275874932405,0.01742163605770998,-0.1762773470620805
2020-09-08,0.2069916758152557,0.3212004022218262,0.3503920252623581,0.31804795059055685,0.3259775331234813,0.3226061095471353,0.29195360011913996,0.22493529106083307,0.2271239069744047,0.028313363201981294,-0.17867831261327446
2020-09-09,0.20405818738268353,0.3092320571164461,0.3336416912096378,0.29770199816262055,0.301241360493187,0.2944354012744483,0.25780195640968595,0.1866077535999039,0.18853833447058124,-0.02476506814670839,-0.22882325552939198
2020-09-10,0.17930881754083822,0.2775216591386881,0.301473229618183,0.26467127416136277,0.27102311291614917,0.26021560503637026,0.22330752722206745,0.15097588894811284,0.14437379589838584,-0.10294320614916569,-0.28225202369000396
2020-09-11,0.18113261581946566,0.2828742342686978,0.31205387089337466,0.27639679951982393,0.2852490831158059,0.2743956772839354,0.24183886405401783,0.17216034351369827,0.17262895319258073,-0.06920829217859392,-0.25034090799805964
2020-09-14,0.18454017779693524,0.28784776567528236,0.3209533309459422,0.2841507172113125,0.29515314195144693,0.2849870703998532,0.2556261737030591,0.19085797202881266,0.19964842270609154,-0.013078095238082392,-0.19761827303501767
2020-09-15,0.18356287691794212,0.2872821398576205,0.32089422307174653,0.2849367556858182,0.2981104627105887,0.28960265469374324,0.26371089774504824,0.19850513609439194,0.20581037654972123,-0.010065980663114728,-0.19362885758105688
2020-09-16,0.18176512636532205,0.2844252907105018,0.31529617451041053,0.27846994560889,0.289614803924359,0.281704649896816,0.254986763791459,0.19146051109179826,0.19621071574825766,-0.015080386409141583,-0.19684551277446366
2020-09-17,0.1818086347460475,0.2843545280553556,0.3180383973137313,0.2839491746028058,0.2928776028255206,0.28882209214341364,0.2615078913333931,0.196194354362691,0.20251852673550527,-0.011606988057223402,-0.19341562280327093
2020-09-18,0.19711601120812577,0.3004342556921799,0.33291175863241695,0.2990544885583909,0.30845240802537643,0.30411577272755347,0.27379569082275795,0.20969801111514208,0.21391884536853395,-0.009008942201466943,-0.20612495340959275
2020-09-21,0.19448578635920596,0.29937302778212505,0.3323168133132549,0.29709338732962287,0.3073450653808151,0.3022663950914458,0.26908484100111546,0.20600709233409784,0.21089718608752098,-0.00532013131973938,-0.19980591767894537
2020-09-22,0.18314478111788574,0.28465291783174396,0.3157763997546368,0.281530254149481,0.292284642291408,0.2875680340733586,0.25506037811573495,0.18982419632659753,0.19385581055823858,-0.02526139863709747,-0.2084061797549832
2020-09-23,0.18485029029112357,0.28731254296710496,0.3177653993969415,0.2859937396898383,0.2970627469608827,0.29444515730084186,0.2645986378509785,0.199449511436459,0.20763321623855366,-0.007457771273168889,-0.19230806156429245
2020-09-24,0.16617522121184714,0.2641869047409766,0.2941662662418485,0.260096368111391,0.27181904975898424,0.270178899254917,0.23790175662964128,0.17317633485636236,0.17560230846275793,-0.05152960665558462,-0.21770482786743175
2020-09-25,0.16232381099520907,0.26007800995879715,0.2914926443688832,0.2552018391563285,0.26677070244579576,0.2659321239316932,0.2327060292820245,0.16449412883119252,0.1685657790435245,-0.06064898851547089,-0.22297279951067997
2020-09-28,0.15668760374046764,0.25068072450407985,0.28222839696657204,0.23978962388426947,0.2528917957748378,0.25078692210238,0.21861853513406387,0.14628629273767033,0.1492970452296769,-0.08505061526369322,-0.24173821900416087
2020-09-29,0.15924950523238174,0.2548044192104387,0.28908011524126903,0.24824290968212015,0.2613468969515874,0.2594605270666246,0.2308279013822822,0.15499728830822335,0.16168155812040086,-0.07221724232037176,-0.2314667475527535
2020-09-30,0.15393566927329733,0.2496226536106702,0.28615468883745704,0.24509713607847153,0.2584226295483765,0.2580627875260643,0.23021724163874696,0.15606054139092726,0.15985202203991208,-0.07471068179430636,-0.2286463510676037
2020-10-09,0.1712217301755367,0.272878911344562,0.3109517265840048,0.27424910350524995,0.2868662822917506,0.2890561466341913,0.26160194358006644,0.18748499800112556,0.19772829079380974,-0.022390050848084923,-0.19361178102362164
2020-10-12,0.19118451444678833,0.29681578939124514,0.3365481743238349,0.3015665706794877,0.315891985940851,0.31851321868747595,0.2914799465953578,0.21847391434064037,0.23442851048290994,0.02954994827472692,-0.1616345661720614
2020-10-13,0.18762712211892468,0.29336219895548177,0.3342512794750245,0.30009424457754086,0.31562459316006125,0.3220079558485347,0.2966852755897669,0.2237217299996559,0.2421087854755635,0.050353869859032646,-0.13727325225989204
2020-10-14,0.1819700972447993,0.2863105870197937,0.32626647887292126,0.2919513917114539,0.3082577971878873,0.31597547534250725,0.29038190325916563,0.21682113258826682,0.23929252383062574,0.04988345889787525,-0.13208663834692405
2020-10-15,0.18085085609316226,0.2829549089275464,0.3223065403391688,0.2857246886067352,0.3006036784807837,0.30910696833661006,0.28361424218213277,0.2080435183964521,0.22745136605274716,0.032281672682127185,-0.1485691834110351
2020-10-16,0.1843887065841574,0.2834951129160684,0.32306104400294317,0.2836546976193454,0.29865070795567095,0.30783546020330976,0.2812060664995872,0.20707337501304546,0.22895244199621437,0.039072140717672954,-0.14531656586648445
2020-10-19,0.18215401797682426,0.2809493263920575,0.319392343191762,0.27968659020364617,0.29109742821377416,0.3007132463323847,0.27196887444973794,0.19902746306670457,0.22369019541983115,0.036435211684075,-0.14571880629274928
2020-10-20,0.1841353769914641,0.28617227731393,0.3269403705373627,0.28730548500442815,0.30163012634368314,0.31193862819584495,0.28337882347382715,0.2106062393557991,0.23753500936696076,0.06146412233460627,-0.12267125465685785
2020-10-21,0.17950344137391366,0.27856835155107085,0.3169051397439935,0.27748244741355504,0.29006272003492584,0.30169015535049365,0.27268973291515314,0.19864709280877751,0.22003448935876396,0.039499524135288025,-0.14000391723862565
2020-10-22,0.1761964390701578,0.27598493890829606,0.3150766906801972,0.2745354486299505,0.2864631551459879,0.2990733246803775,0.26962960658817586,0.19341707509535921,0.21663578997581148,0.03594631041893312,-0.1402501286512247
2020-10-23,0.17236915829381502,0.2679486042381444,0.30564470443425873,0.2619807637224453,0.27376352037345414,0.2832024924035243,0.2516406318961763,0.17430578805045094,0.19827563217528543,0.013658369649982217,-0.1587107886438328
2020-10-26,0.16792153014867958,0.2637352268324736,0.3024485906084531,0.2585554012910429,0.27170580548767603,0.2829379658575625,0.2549734567523082,0.18019677040332122,0.20770454394468377,0.030801393307194058,-0.13712013684148552
2020-10-27,0.16408613317788007,0.2621152172194195,0.30054627026162234,0.2577082434536721,0.2725736301487248,0.2862544629382426,0.25859174546948277,0.1853889629636874,0.20740644845045617,0.030705859005963003,-0.13338027417191708
2020-10-28,0.16346426538054232,0.2611522593202716,0.29841456258426907,0.2574215987085696,0.27384075428184446,0.28920589315483364,0.2599699127402794,0.19188725062186016,0.2122523981979331,0.03710829664911828,-0.12635596873142407
2020-10-29,0.16044444689578094,0.2574390601015609,0.2962175920754371,0.2548246579695734,0.27016348689927283,0.2870276546536184,0.26131871669517914,0.1902397433027434,0.21054046526273232,0.029808486679400947,-0.13063596021638002
2020-10-30,0.14305492579529624,0.23444049334965475,0.27035724149449836,0.22697486849420573,0.24200460054985334,0.2611834714815668,0.23364279284907147,0.1658396935629642,0.18036893909097054,-0.011470374968517244,-0.15452530076381352
2020-11-02,0.13698250574086335,0.2279698058429575,0.26653738514637515,0.22039825238687336,0.24005938987496095,0.26105586054901087,0.23759558028998015,0.171733080838863,0.1939460012349891,0.009435185069715902,-0.1275473206711475
2020-11-03,0.15385051098820868,0.24980145963509157,0.2893499873426051,0.24480589462045632,0.26275239281137713,0.2822049800742282,0.2596832194683303,0.19193539180522992,0.21311336933529873,0.026226870660965827,-0.1276236403272429
2020-11-04,0.15158722484119594,0.24688526719205878,0.2847754880642405,0.24053013175619548,0.26077160714324144,0.28243391093674236,0.2561395687453463,0.19064227141731793,0.21620290953179747,0.02149368520765627,-0.13009353963353973
2020-11-05,0.16352986065206365,0.26085907707830214,0.30044834981678137,0.25663848893969343,0.27877739168179194,0.30137736531540343,0.27304199010115854,0.20885358859015646,0.23813732577032556,0.046249642584330584,-0.11728021806773313
2020-11-06,0.16337967014607058,0.25884579237297195,0.29610276458852364,0.25230755615183587,0.2727180876797853,0.295078918190662,0.26439864320734474,0.1948249444582266,0.22061704275467742,0.010416265514765842,-0.15296340463130478
2020-11-09,0.17847760365478824,0.2760764603458321,0.31451553395726317,0.27233933145007716,0.2960939529341375,0.31853603212325554,0.28947471834914246,0.2194277862044642,0.24687222576959308,0.03869553690943102,-0.13978206674535726
2020-11-10,0.174051527088164,0.2707358516728717,0.3079052627982802,0.2661908886011341,0.28880578102373844,0.30997295222663435,0.2830640910160804,0.21200481161611734,0.23255048241484297,0.013670526718190586,-0.16038100036997344
2020-11-11,0.17700306801949015,0.26895579551232707,0.30110568729317955,0.2600206027570351,0.2775678789377384,0.2992943869655813,0.2658727657223071,0.19235173655838944,0.210100703020865,-0.017385959923172187,-0.19438902794266238
2020-11-12,0.17842268441935952,0.27020073277263706,0.3010447182575565,0.2604680505608152,0.2798917408154662,0.2985682727812277,0.2685325119727951,0.19217821411286867,0.21337839833688788,-0.020806510678218156,-0.19922919509757775
2020-11-13,0.17505967013748422,0.2698225919017875,0.30122812750810857,0.26055383362326434,0.27939179792212016,0.2982843297956138,0.26870034056009334,0.1933945120630974,0.2148467697518494,-0.01579275196310263,-0.19085242210058692
2020-11-16,0.19132387292074837,0.286127766379914,0.31759732854952105,0.2735936401817778,0.2932275889992415,0.30941662249184726,0.2766620283132999,0.20069281114081486,0.21818906669871552,-0.019602700403726282,-0.21092657332447473
2020-11-17,0.19356407204732615,0.2860571926456507,0.3157487488515939,0.2687203591712263,0.28662041060025956,0.29846180959287466,0.2671181864886321,0.18879616086207895,0.20629940410214662,-0.03353410327579183,-0.22709817532311805
2020-11-18,0.19755678334912505,0.2911890483894712,0.3218658986684151,0.2751673073437166,0.2919664261631237,0.2996371140658849,0.2697045775422558,0.19065579061599014,0.20749218747431777,-0.02711071265365176,-0.22466749600277686
2020-11-19,0.1968182129890581,0.29293091181314496,0.32194716867562256,0.27888661263946546,0.2942250584045701,0.3027330184371082,0.2755390429264035,0.19510890791198737,0.21109653488257724,-0.019759424060543047,-0.2165776370496012
2020-11-20,0.19865433291552245,0.296248418342924,0.3271108697389496,0.2834465649074347,0.30027692263926775,0.3093540548650986,0.280822113996638,0.20258812488458308,0.21701009139791616,-0.013336163651047804,-0.21199049656657032
2020-11-23,0.20545251109358867,0.30269698494788405,0.3326583787400458,0.2887558372065421,0.3036303349524827,0.3105209133099364,0.28071664592840406,0.20204416075939005,0.2189784277875637,-0.011485489801574782,-0.21693800089516352
2020-11-24,0.20353755096104448,0.3014793290106854,0.3309916570988843,0.2874297768158592,0.3036725485376259,0.31219983106732135,0.27804518303568326,0.20232220386270985,0.21909929248913532,-0.011728010195323265,-0.2152655611563678
2020-11-25,0.19671144490481624,0.29197645175335263,0.32129238404871713,0.2771410925981748,0.291693670781893,0.2972457578706489,0.26167166200149056,0.185577759434292,0.199101922087587,-0.03147339497254818,-0.2281848398773645
2020-11-26,0.19885185221708013,0.29177779892274774,0.31843188775333303,0.27399510250636816,0.28793947762352873,0.2923635881794782,0.25563272584965413,0.1791880851810032,0.19007710547316575,-0.03931585982363281,-0.238167712040713
2020-11-27,0.20398102777481203,0.29552342761339717,0.32012454540527396,0.27478670417210316,0.2888168140639273,0.29220553516923603,0.2543578888028791,0.17614199574367917,0.18868260985537577,-0.049700194070648754,-0.2536812218454608
2020-11-30,0.20298430887008928,0.2940320247089651,0.3186580043657464,0.27450359588534395,0.28648380190292505,0.2878716862861712,0.25194156084471486,0.1711728542530091,0.18539356281390773,-0.052592977833712376,-0.2555772867038017
2020-12-01,0.21248822632983846,0.30515395743203233,0.3296091568807807,0.2866478007788822,0.3002312851125977,0.30226956975378916,0.2661795909012494,0.1864184498414938,0.20125527148335923,-0.03585845097923849,-0.248346677309077
2020-12-02,0.21414744280223827,0.3089339206939374,0.33349158268901563,0.29189846216969456,0.3042712328967516,0.30615025459673395,0.2675119708489934,0.18893355269502435,0.2003525596986202,-0.041337181851733795,-0.2554846246539721
2020-12-03,0.2157343882302711,0.30960645907442874,0.3337346539470199,0.2934617970431789,0.3016204091173432,0.3043851638307414,0.2671304012937947,0.187173420307819,0.19365894136477702,-0.05512777287263994,-0.27086216110291106
2020-12-04,0.21413643858128403,0.3084311277155646,0.33306346347161175,0.29423473533669287,0.3045466818796052,0.30952373971463215,0.26985283707856605,0.19191994290736517,0.1990194712077217,-0.051167644957252664,-0.2653040835385367
2020-12-07,0.20574953421457437,0.3012484721769305,0.32745801983391476,0.28830475586956655,0.2984677267857394,0.30420195202172134,0.2669111237562933,0.18573267092113965,0.1975724620564381,-0.053546192689158514,-0.25929572690373287
2020-12-08,0.20193516589396937,0.2967672135729411,0.3225682310728155,0.2838769787153551,0.2946950128053249,0.2998502362581302,0.26395689971519765,0.18491418358504663,0.19857814150280909,-0.047802610038049004,-0.24973777593201835
2020-12-09,0.18689164179484746,0.2782436296077306,0.3037419155224551,0.2654119407341541,0.27642289445405427,0.27881190252226373,0.24266693788656873,0.1661047814291533,0.17828152710020345,-0.06736868888863143,-0.25426033068347886
2020-12-10,0.1870073895272387,0.27688246604086075,0.3018970992034074,0.264345428775132,0.2755521016116347,0.2796478365185289,0.24359928536446745,0.16839107780893223,0.18134726580218308,-0.07106101107515767,-0.25806840060239633
2020-12-11,0.17323562865968686,0.2596772716853267,0.28367321302166926,0.24584142488879904,0.2573543024660973,0.26184468789832277,0.22702363391126443,0.15048343223217175,0.16626056620653584,-0.08577579720839396,-0.2590114258680808
2020-12-14,0.17734650545285593,0.264070845755439,0.2893161308656722,0.2507446450082731,0.2631710098188704,0.2671238437967175,0.23898991110325993,0.159393968242786,0.1766751084288718,-0.07235291026781913,-0.24969941572067503
2020-12-15,0.17658057620457607,0.2633568392313579,0.28959705678586206,0.24933087073329652,0.2644352367398185,0.2650748057220509,0.23808457652604753,0.16204722869243127,0.17529893691860074,-0.07556840857333862,-0.25214898477791464
2020-12-16,0.16874846556389703,0.2507727472373308,0.2768146426304273,0.2370994556056556,0.250885464864919,0.25363197386633196,0.22621647524088748,0.15261295742962067,0.160427495128357,-0.08702628577473716,-0.25577475133863414
2020-12-17,0.1747842529046498,0.2571708049743529,0.2848857203433047,0.24608589876156048,0.2606913483760024,0.2625945182920412,0.23531599769758357,0.1636377476686139,0.17343180607195535,-0.07174667126924882,-0.24653092417389857
2020-12-18,0.17200087696223093,0.2528008691370755,0.2803811586594146,0.23777610154400836,0.25323383348429707,0.2561245640526133,0.2285730266044136,0.1564073063182125,0.1716257622603773,-0.07097721136540112,-0.242978088327632
2020-12-21,0.17484982231274068,0.2567212208064894,0.28732711579547854,0.2438487476704746,0.2612986318249295,0.2667588258950886,0.24024086618399745,0.17087283908132517,0.18782983903059766,-0.05183648051088868,-0.2266863028236293
2020-12-22,0.16079662395658406,0.23939204264441172,0.26786733832679804,0.2227311119716544,0.23958193920778717,0.24475598537494164,0.21906949096768466,0.14653648757175022,0.16016837511686383,-0.07610637942394197,-0.23690300338052597
2020-12-23,0.15978405652202246,0.23814063829196097,0.2656442690007324,0.2239263401480668,0.24225327543362893,0.247711140318913,0.22526230509513714,0.15310841657848315,0.1721894171418495,-0.0653516917147875,-0.2251357482368099
2020-12-24,0.14419496480935853,0.21894710647639892,0.24346700378475017,0.20383892601002265,0.21973582596914804,0.2262659532909265,0.20423671956890216,0.13552419277133512,0.15580063220982304,-0.09018098459084134,-0.2343759494001998
2020-12-25,0.15176549077608462,0.22762395925601486,0.2545104002418305,0.2131545368103821,0.22815038791886066,0.2359464372631061,0.2133603858258741,0.14549714944254769,0.16721198405916834,-0.07875671959818063,-0.23052221037426515
2020-12-28,0.14153106643393812,0.2154966091274585,0.23900842064740954,0.2007900977583219,0.2145019898891572,0.22276184157794443,0.20042377771471417,0.1325029393521481,0.15264351579933727,-0.08406899066996598,-0.225600057103904
2020-12-29,0.1461792435912112,0.2233871273492802,0.24497720891452351,0.20569219180937134,0.2185476890723501,0.22595264492738626,0.1988579457406054,0.12554785749904587,0.13763804991112757,-0.11423323618168166,-0.2604124797728927
2020-12-30,0.14628634422120831,0.22508605727378542,0.24631546710003743,0.20712641480689434,0.2230369603001861,0.22764553782174568,0.20244709256129095,0.13108739902953043,0.14666825934451516,-0.09885692965527114,-0.24514327387647933
2020-12-31,0.15529184053837963,0.235861030175521,0.2613560747964787,0.22232298844062864,0.2380851708883923,0.24418255454493942,0.2171255646219109,0.1485901418763513,0.1628297126303517,-0.08540783700345897,-0.2406996775418385
2021-01-04,0.1564407598297999,0.24270218033864704,0.271484585980888,0.23496001227893318,0.25255685533364064,0.25762568251225315,0.23471131550777488,0.16708217377401255,0.18553761615552572,-0.054597230073207076,-0.21103798990300687
2021-01-05,0.1558855557983086,0.2401781640775178,0.2689658655432069,0.23714331208499956,0.2536294365195053,0.2576714976706792,0.23527038683005572,0.1662633101401001,0.18224697449593902,-0.05909920952686372,-0.2149847653251722
2021-01-06,0.15542761835351432,0.23218598797119572,0.2557953654390817,0.22173163292080908,0.24055652261674987,0.2408138153760665,0.2197930334020019,0.15120850100138072,0.167921541739497,-0.07653009675408273,-0.2319577151075969
2021-01-07,0.13464145661470528,0.20334785366854063,0.2268568173579662,0.19245971699013747,0.2110297665372985,0.21064514232552203,0.19013979282049276,0.1242325952727588,0.14402387924723378,-0.09383479206066286,-0.228476248675368
2021-01-08,0.13838034146394684,0.20728758960002186,0.23216349533319414,0.19811076317717427,0.21311519437289955,0.21418538455223576,0.18901402163100717,0.12198258762517993,0.13441181067760327,-0.1135822466598517,-0.2519625881237984
2021-01-11,0.11895877804581602,0.18318795467496754,0.2114311593916239,0.1765917781453838,0.19263506748765702,0.19259739210313886,0.16283749026524735,0.10014937615983192,0.11315001601349475,-0.14939690112638124,-0.2683556791721971
2021-01-12,0.12470096718438241,0.1887340365557764,0.2222773683468437,0.18428752759189593,0.20039314226852065,0.2020255738398648,0.1725552888572306,0.10529513652488273,0.12059584799894742,-0.13576815564642528,-0.26046912283080753
2021-01-13,0.11740067357116837,0.1770623338539748,0.20866946927425026,0.17119770801345768,0.18345707570761777,0.18578683004636748,0.1560466121103508,0.08739649778948766,0.09902687089568993,-0.16026002855434957,-0.2776607021255178
2021-01-14,0.12621270002493193,0.18957981812555663,0.21887631594677567,0.1794230252833204,0.19583499243210367,0.1963939058458266,0.16378423924035254,0.08970748289225121,0.09531457758927123,-0.18563892212057978,-0.31185162214551154
2021-01-15,0.1326251777529066,0.19917209203691702,0.23188543172993883,0.1929657249105455,0.2090178607240359,0.2113739106303813,0.17955193692585072,0.10706993444395198,0.11199973720588118,-0.16705330796888618,-0.2996784857217926
2021-01-18,0.13599243756517881,0.20701456973503646,0.24130906925682877,0.20429006582121315,0.22398921912044903,0.23070065523068364,0.19875344899535138,0.12999923082910858,0.13267676501257125,-0.14640450953696482,-0.28239694710214347
2021-01-19,0.14391268233832527,0.2160289316603122,0.24678487587249398,0.21282222241232737,0.22914073847123392,0.23486039434887226,0.19962916030339786,0.132375839097875,0.13128563051000827,-0.15165621969494547,-0.2955689020332706
2021-01-20,0.13937839475107253,0.21370310028786685,0.2454330130236641,0.21270112478276862,0.2298505162492677,0.23531624144067534,0.20577713270116582,0.13795437642973202,0.14349115756003203,-0.1367510119363346,-0.27612940668740693
2021-01-21,0.1407480153784866,0.21608524466390347,0.2498318064616995,0.21955780743654615,0.23450120891692872,0.24384695378188087,0.21438242079339423,0.14426494931721054,0.15801468275195069,-0.13216411502035924,-0.27291213039884565
2021-01-22,0.1287438260249271,0.20272794011861953,0.23859300914569603,0.2087024432763808,0.2245785683775745,0.2318280660557388,0.2041250781192732,0.1331814427120302,0.1531759892003569,-0.14087605202894354,-0.26961987805387044
2021-01-25,0.11451416532510117,0.18395544826311447,0.21864477020642625,0.19170586207453405,0.2073079325219518,0.21597874510073775,0.190808700353669,0.11849075893756984,0.14308421813570232,-0.14438066616617645,-0.2588948314912774
2021-01-26,0.11243031747985852,0.18055983578547394,0.21293276138235803,0.18680618151729736,0.20185769390537261,0.2078771452868482,0.1830106971543721,0.10832430933778012,0.1280004603227648,-0.16429897817387765,-0.27672929565373594
2021-01-27,0.11374839375415603,0.1832977950386386,0.2157022492893918,0.18862221218384237,0.20312796718800852,0.20903197219674696,0.18406300695073557,0.10615648810088758,0.12925906918698468,-0.16359983292123764,-0.27734822667539344
2021-01-28,0.10663920680524086,0.17624456595743826,0.20764704237415496,0.17978659299833166,0.1928426506183433,0.19702911630360323,0.1703746371547021,0.09211132233010753,0.10687159975967964,-0.19513821912953747,-0.3017774259347781
2021-01-29,0.09745635942301092,0.16432483774772222,0.19051980250478917,0.1641263965779259,0.17539600511542547,0.18185246514255785,0.15296823070190999,0.07777270354246046,0.0935609978732558,-0.20985375495119363,-0.3073101143742043
2021-02-01,0.09844154075129238,0.16653823923021363,0.1939197096628466,0.16916816819628228,0.18006637668437334,0.18858861877396763,0.15883007662441245,0.0848622635197672,0.10277452564798861,-0.20088475789086335,-0.2993262986421555
2021-02-02,0.09803581276733533,0.1665344171082128,0.1933318648491597,0.1725149450970244,0.18312380833580091,0.1918015753765972,0.16360346589904645,0.0896463562781463,0.109387911819983,-0.19244191317813328,-0.2904777259454684
2021-02-03,0.08752459356959869,0.15366408594181433,0.17719212892954755,0.1568501252938566,0.16716084434830492,0.17572757031886688,0.1453218564325637,0.06944801422909894,0.09385639174274837,-0.212269800603652,-0.2997943941732505
2021-02-04,0.07235031398353511,0.13429559810133704,0.15626861260880118,0.13528193079419432,0.14817522980104025,0.15689392310225717,0.12750598608363148,0.05363509330416581,0.07841741943517992,-0.2338405322022786,-0.30619084618581355
2021-02-05,0.07559918074592382,0.13225303729123108,0.1496601707273465,0.12810740070454202,0.13978606003340324,0.14559729650086164,0.11261269830026906,0.037005787985403896,0.05312891002597686,-0.2680540686526511,-0.3436532493985747
2021-02-08,0.08135092093093726,0.13613785683380847,0.1535084070535445,0.1286325364160501,0.1397596404519576,0.14626554408780007,0.11291784398027255,0.03822605882509838,0.05694137247015289,-0.2732656491145178,-0.3546165700454549
2021-02-09,0.09138027422411785,0.14939610304661774,0.1686168178059741,0.14529701054839203,0.15659758917823474,0.1647980927537735,0.13384719134377546,0.05837610047824779,0.07971197232901055,-0.24438626242564965,-0.3357665366497673
2021-02-10,0.09698660992649324,0.1559555428004143,0.17662260160554852,0.15526147694935116,0.1664958466262078,0.17247070389399796,0.14121515710313454,0.06687599829792581,0.08597452844583427,-0.24320028645531033,-0.3401868963818034
2021-02-18,0.11534442347994808,0.18106559881726086,0.20471897092604086,0.1861722200132459,0.19569497090673268,0.20052867383451572,0.16800106320508124,0.09085724568579846,0.10826256855719943,-0.21843017439953183,-0.3337745978794797
2021-02-19,0.13985313042477926,0.21022347585765774,0.23462479889434118,0.2165602851673487,0.2258139704084847,0.22959813610320587,0.19587065885836302,0.11665215194564807,0.12927223250656125,-0.19974141021931027,-0.33959454064408934
2021-02-22,0.15003246327255218,0.22190898834199269,0.24721921891116208,0.2271525109333525,0.2370480141192952,0.2365425644307069,0.2000237366930876,0.11767637743593518,0.12792422900162068,-0.19662824329957893,-0.34666070657213094
2021-02-23,0.14642573498485748,0.21608897806130403,0.24087534194131757,0.22219279282748622,0.22946388053918554,0.22871434263813986,0.193266820583741,0.11053282489282283,0.1240893740874745,-0.20471071670431276,-0.35113645168917007
2021-02-24,0.14466262103329444,0.2174437849789839,0.24304697799421757,0.2236820551120808,0.23316955860840488,0.22962936408076498,0.196561583283243,0.1078206146980778,0.11733173551471072,-0.21703507607765155,-0.36169769711094585
2021-02-25,0.15013438132016252,0.21649761996348807,0.2363455739086818,0.216887896502445,0.22334671381868965,0.22026659431701465,0.18655715668098752,0.0961917478366483,0.10630586133312446,-0.22571925060047843,-0.3758536319206408
2021-02-26,0.14483528136115978,0.21527512343578886,0.23672165343500343,0.21698628554559976,0.22397019406452562,0.21956188186108047,0.1820686228831448,0.08968718050841269,0.0953854564159304,-0.24060761882845663,-0.38544290018961624
2021-03-01,0.1542024549576545,0.23123677459405972,0.25430059920831993,0.2374214556063079,0.24630992551390082,0.24662115147963756,0.20715303367266347,0.11677376202048903,0.12180306516842047,-0.20711200700885543,-0.3613144619665098
2021-03-02,0.1512068501810483,0.2280348826868295,0.2511910839511302,0.23363562556233888,0.24168796187214225,0.2408528397523107,0.20134842897169683,0.10988005013117348,0.11091708825795515,-0.22122504995414286,-0.372431900135191
2021-03-03,0.1615377342126212,0.23983237560698908,0.26293898322341963,0.24619233876006735,0.2539928586960525,0.25178943495226247,0.2114791896793116,0.12242741119281034,0.12900496912960774,-0.20355002790068327,-0.3650877621133043
2021-03-04,0.16117598339141795,0.23780596668328388,0.25998512689313347,0.24224616363154527,0.24689420301989978,0.24322884493200694,0.19879652880564586,0.10450798095944157,0.10895014295592408,-0.2316064363270904,-0.3927824197185082
2021-03-05,0.1683657944474329,0.24812630028268018,0.2706114761814417,0.25150551210193467,0.25632489994638696,0.25442779902369,0.20772165192297792,0.11175863304646314,0.11353579320919378,-0.23083292270347835,-0.3991987171509111
2021-03-08,0.16557840735065688,0.24272568781093698,0.2628070131349471,0.2418668140717296,0.2456826442421328,0.2424907410610098,0.19179937263664773,0.09362648875058392,0.09203995122430585,-0.2537920213797954,-0.4193704287304521
2021-03-09,0.15457143740833118,0.22765491695971649,0.24606279796208988,0.2195319225794089,0.22122495528791772,0.2126875824333578,0.16139145677479075,0.060628112069553805,0.059198059687026586,-0.2946102240338784,-0.4491816614422094
2021-03-10,0.14281577857874275,0.21442696685820134,0.2293128854968052,0.20472670843407026,0.20421893328189852,0.19750066533820393,0.14850087850830604,0.04805921095092742,0.05909438599630298,-0.29528101702589254,-0.4380967956046351
2021-03-11,0.15690121350542605,0.22957146268174433,0.24475775285748658,0.22407844774288913,0.22262154459952652,0.21913242341566277,0.16983263230994528,0.07384471890577111,0.08548731790306442,-0.2657108756347071,-0.42261208914013293
2021-03-12,0.1658552006568992,0.2346672062707376,0.24627030251085397,0.22334250135105185,0.22082361776934326,0.21561556169472443,0.16940448130183516,0.07112135074133659,0.08433508747703022,-0.2654180441818539,-0.4312732448387529
2021-03-15,0.17109927428989816,0.23566303393046129,0.24592959294250236,0.22249686143147074,0.21972940776617716,0.20958482324400343,0.16575518249942103,0.062067259081284895,0.07696663466688701,-0.2757056720915555,-0.44680494638145346
2021-03-16,0.18088414561265048,0.2489093455495848,0.2600175918466706,0.2394368879042464,0.23555178501520135,0.22400499383276157,0.17603765969706003,0.07423327854411665,0.08888264922170647,-0.26441322976086135,-0.44529737537351166
2021-03-17,0.18010233158144784,0.25082725622979,0.2635149176947698,0.2438209567305037,0.24003594809690368,0.2293326788861323,0.18254778940953642,0.08111194870659967,0.09678807115335875,-0.25062154824165994,-0.4307238798231076
2021-03-18,0.18033023779627108,0.25060017913142735,0.26125044496893496,0.24150446334765668,0.23980899797018582,0.22811547824548256,0.18334419937226823,0.08366347688648493,0.10378154774397808,-0.24604839172525902,-0.42637862952152994
2021-03-19,0.17879782188353727,0.25134652746265623,0.2621197204855551,0.24057555684438015,0.2426601414172038,0.2270413265946293,0.1824452727110084,0.07909799694491505,0.09584862232267016,-0.2615485563672756,-0.4403463782508127
2021-03-22,0.19161506016315352,0.26520220488493057,0.27661613646177685,0.25524767214669647,0.25911967648883866,0.24342000523919496,0.19947456122015494,0.09854493673468576,0.11326861347376173,-0.24009405225478436,-0.43170911241793775
2021-03-23,0.1873729075516598,0.2609093583552273,0.2699723289394722,0.24769161186600575,0.2526654520084684,0.23215058390483212,0.18637752747410363,0.0837477949725702,0.09058845261501576,-0.27076052325947236,-0.458133430811132
2021-03-24,0.1853159326666174,0.25672039199980856,0.2668890023880072,0.2434058181784309,0.2462133548654389,0.2235886701476487,0.1760039053974414,0.07194031741683135,0.07290331322706917,-0.2890414853591727,-0.4743574180257899
2021-03-25,0.18175305171341735,0.25443831868300254,0.2645638957491055,0.2406979063355954,0.2433141220841471,0.22215295466245746,0.17443154101225083,0.06786976761334756,0.07165779917668566,-0.29853712061171883,-0.480290172325136
2021-03-26,0.18856333181497661,0.26302407121414945,0.2718384044974926,0.25200285571260433,0.25409322583714056,0.23469285383513547,0.19047073147879467,0.08485662678548292,0.09075770953954808,-0.27545015252954436,-0.4640134843445208
2021-03-29,0.18918572195266137,0.26361597659838726,0.2716887191471887,0.2506946646688174,0.25160528516687086,0.23346374651563737,0.19223187906250744,0.08517247402296083,0.09423353888476318,-0.2706171320223853,-0.45980285397504644
2021-03-30,0.18469088384749963,0.25591716135280684,0.26258444280785426,0.23997435224887456,0.24284555065005053,0.22561683844139155,0.1839929410642757,0.07809630871585095,0.0892347253105346,-0.28081881244581347,-0.4655096962933129
2021-03-31,0.19051015924630613,0.2613093696662854,0.2705065895350621,0.24650100523755533,0.24574771890779268,0.22825746425425314,0.1844210732660565,0.07631387499299841,0.08504342039635682,-0.2828084351895165,-0.4733185944358224
2021-04-01,0.19088411219987853,0.2633508430016463,0.2717753807663646,0.2463126807462381,0.24950477256441725,0.23075717627829756,0.18514947850341637,0.07964926540169356,0.09229457487419583,-0.2784715432088482,-0.46935565540872654
2021-04-02,0.19099442879363746,0.26558585892165354,0.27626022984632703,0.2514729559631589,0.25525217881709295,0.237150915235541,0.18994485378655676,0.08943741729912286,0.09821531879402584,-0.27973469777693505,-0.4707291265705723
2021-04-06,0.1946364656006447,0.27397106535944227,0.2859982061841078,0.2643078447472125,0.2657360798625653,0.2453915522111227,0.20062674387324808,0.10088775684364573,0.1078682812636555,-0.26402739782625767,-0.4586638634269022
2021-04-07,0.20041771367002442,0.28112159667229064,0.2916932979580703,0.2693501240234701,0.27074442063427046,0.24798249568006833,0.20722795699889016,0.1048800519799885,0.11630371896510933,-0.24582511138887678,-0.446242825058901
2021-04-08,0.1958620632597303,0.2743989053703111,0.28460569185486406,0.26295529454032146,0.26434555402866583,0.24111945666945842,0.2035657107576133,0.09972253680629703,0.11316742035553003,-0.2636522824506299,-0.45951434571036
2021-04-09,0.1964133702138871,0.27448425635249707,0.28509277285900575,0.26486985454025636,0.26679627283526547,0.24268398690234352,0.20412642629887337,0.10063171208508292,0.11016289974099763,-0.26915269243695955,-0.4655660626508465
2021-04-12,0.19205000897325802,0.2653358210339871,0.2739154085163578,0.25379997327816944,0.25214157750241745,0.2258918563002058,0.1864303897135128,0.08364316168592312,0.0888726196871728,-0.2835995669851715,-0.4756495759584294
2021-04-13,0.18572148397670238,0.2605596303828856,0.268790908414896,0.24623697831368416,0.24720101379230602,0.2191702122883311,0.17847655575138732,0.07904451229497897,0.08179713330141106,-0.3010255060823143,-0.48674699005901656
2021-04-14,0.19303350703606886,0.2707783229625298,0.27944126109586004,0.25803588178418574,0.2586329351257654,0.2328215575475428,0.19074601457336196,0.09565155740225426,0.09652567864517654,-0.28988168820171756,-0.4829151952377863
2021-04-15,0.19355056914203325,0.2709069048619332,0.27922279425783814,0.25941597294321145,0.2598370208849117,0.2291360313841325,0.1867383544529132,0.0939388524994618,0.08878298271531701,-0.30628446721504426,-0.4998350363570774
2021-04-16,0.20884969778532653,0.28823178420428563,0.29809500053981397,0.27743399332267027,0.2782162654576339,0.2464410039117392,0.20205218223430294,0.10745377863532812,0.10107442962051405,-0.2909006381404196,-0.499750335925746
2021-04-19,0.21528959888213406,0.29918681834073596,0.3131558028125721,0.2888839227937517,0.29368563548011384,0.25994453827770714,0.21575376393072118,0.12330205601012009,0.12088347498642708,-0.2786816511006236,-0.4939712499827575
2021-04-20,0.21130386662491904,0.29450532074027147,0.30705363409153313,0.28643963142775763,0.2877224669256633,0.25450545733771673,0.21170152896688757,0.12066920321001384,0.11935788119948192,-0.2833411317085388,-0.4946449983334577
2021-04-21,0.21002025551082418,0.2931507281943979,0.30420038922607934,0.28240112974012543,0.2828120149189458,0.25180047576928216,0.21063709154906182,0.11882317237330284,0.11740786066551678,-0.28998504771672934,-0.5000053032275533
2021-04-22,0.21006244908538188,0.29419102955468474,0.30744929860489745,0.28611918022988814,0.2868546581016622,0.2569688230048422,0.21554797377742602,0.1237358350860738,0.12490302004110797,-0.2848014084384175,-0.4948638575237992
2021-04-23,0.20210443804720782,0.2841150221004434,0.2978705327914595,0.2745059899213229,0.2782903966715145,0.24889597273888472,0.20873699402854756,0.1186813548175184,0.1186171745733621,-0.29749301763184477,-0.4995974556790524
2021-04-26,0.1978807479062348,0.2816515521224128,0.295880027425957,0.2710295276465852,0.27572766813611266,0.2484981361287169,0.2053757969284508,0.11460912789240084,0.10967919633618238,-0.30660906193196236,-0.5044898098381969
2021-04-27,0.191527006018337,0.2757665738300244,0.2879323178397204,0.26228824224820635,0.26763911028556897,0.24310252346950842,0.19890795596944782,0.10778825196711238,0.10253045831677154,-0.31273958262448376,-0.5042665886428205
2021-04-28,0.1923465330612225,0.2765320401483775,0.28797924966726535,0.26257292810778754,0.26777655702477504,0.24590682858166127,0.2006914727859277,0.11248334439763427,0.1110281643640818,-0.30912147168403487,-0.5014680047452571
2021-04-29,0.1962190915446449,0.27659720849571917,0.2883644666660784,0.2612222318141674,0.26482796070295506,0.2433010387578812,0.19940419555848654,0.1055396996433834,0.1039494374804183,-0.32019465806812575,-0.5164137496127704
2021-04-30,0.1856559180733261,0.26648169974710956,0.2786421150224165,0.25143025137931335,0.25425745289054535,0.23412127378470238,0.19422761276333236,0.10064554102985945,0.09932785413755398,-0.32228348990818323,-0.5079394079815092
2021-05-06,0.18941899880801605,0.2697997314356531,0.28227717213189757,0.2531279933035162,0.25713017111474185,0.24080830997504496,0.1995307098742819,0.10536013127874684,0.10152421733951622,-0.309295539031839,-0.49871453783985487
2021-05-07,0.19199276236856155,0.2685229966260678,0.28128426934776435,0.2522782020119583,0.2515980393683599,0.23445819752580369,0.19050923747896784,0.09798626603264407,0.08846267796918238,-0.3249357078630524,-0.5169284702316138
2021-05-10,0.1912658017742328,0.2697746915592828,0.2823324580165178,0.2540339774177797,0.2533140608481294,0.23606122035035268,0.19444937660156328,0.10080405932940836,0.09672339319400326,-0.3044123800705948,-0.4956781818448274
2021-05-11,0.19790399892008603,0.2768842637677141,0.29040565032534077,0.25940327987854334,0.2607384264626158,0.23972780229277194,0.1971264230353761,0.10158621577807277,0.09597559448219198,-0.3044652892153416,-0.5023692881354275
2021-05-12,0.20283587041847895,0.2841606239897051,0.2989183974187875,0.2681105923240814,0.268464294804108,0.25002668554470797,0.2074682457109295,0.113302855028763,0.10846825860490729,-0.2855868924442696,-0.48842276286274844
2021-05-13,0.20025094367852508,0.2813317666701745,0.2970293927890027,0.26507619663001764,0.26467482313940627,0.24551283051315284,0.19635706151672813,0.1058062471385185,0.10023438091141289,-0.29498208182213326,-0.4952330255006582
2021-05-14,0.21332473722637293,0.29393766310752567,0.3097450554161164,0.2792249055705296,0.27934511859034045,0.2603830147248577,0.21005395215787923,0.11870710459461029,0.1121690666288045,-0.2821358370624878,-0.49546057428886053
2021-05-17,0.20706239142223615,0.28258159251671633,0.29982266975108723,0.26947172761945615,0.27199386286059346,0.25338591794067844,0.20360472099413537,0.11673089783338171,0.11198164698613289,-0.2875801614242236,-0.4946425528464596
2021-05-18,0.20880855054308545,0.2858156149163086,0.3045101261911297,0.27405065601275036,0.2767068899677253,0.25775378819178235,0.209637754113235,0.12260898857651213,0.12142734587409278,-0.27333321068172556,-0.48214176122481084
2021-05-19,0.20385353219365288,0.28260520305150316,0.3025642379593128,0.2725791027951404,0.2765116645435565,0.25659644472129894,0.20744238594493533,0.12198985278682292,0.12261017004089259,-0.26991908316843805,-0.4737726153620908
2021-05-20,0.2007223675023471,0.2794859408673624,0.2993921156777821,0.27005683533887176,0.2729960964556019,0.2536387863254076,0.2033753828886093,0.1195729645738446,0.12121697846796732,-0.27429770136714354,-0.47502006886949055
2021-05-21,0.2018051587882259,0.2809819699356861,0.3026479179246804,0.27135539815112614,0.27399928863718376,0.253976424544091,0.20313207936828784,0.11904220748699686,0.12212459731945145,-0.26973280789018284,-0.47153796667840864
2021-05-24,0.2072631526967348,0.28837159673578355,0.3105428841680997,0.27822760819834363,0.28129304486807966,0.2617504596856919,0.21025739272038355,0.12707273850635284,0.12838538239264874,-0.27151108146470093,-0.4787742341614356
2021-05-25,0.21328665227882457,0.2940926267326914,0.31583408033371313,0.28489365443779496,0.28882608981019897,0.2705148355167261,0.22025827839271253,0.13786023908823003,0.1396514687740489,-0.25745189080483216,-0.47073854308365665
2021-05-26,0.21843497772924356,0.3010145516199513,0.3236236518925894,0.2945433417129737,0.2972373331879746,0.2789680659179584,0.22824364174222211,0.14719269452137634,0.14128321201612942,-0.25164992640091577,-0.47008490413015924
2021-05-27,0.2207618538926083,0.3062013374500047,0.33059380825231016,0.30150005115475587,0.3062133067584394,0.28681154779096873,0.23804731116277011,0.15865141135780192,0.15276795589472306,-0.2389400206319635,-0.45970187452457173
2021-05-28,0.2170359137382873,0.3016667280566118,0.3254829992254143,0.29460436456622024,0.3012243789583096,0.2806833113572182,0.23308885536068277,0.15452192880035134,0.1534013782524162,-0.24142044333587584,-0.45845635707416305
2021-05-31,0.2175277574340623,0.30685687630731906,0.33339690062870203,0.3014118247496944,0.3125731814668975,0.29153657380037246,0.24428036683469037,0.174059932353885,0.17617341958401667,-0.21118832516248387,-0.4287160825965461
2021-06-01,0.2216778058746467,0.3130991333835175,0.343365044196439,0.31077272214962864,0.3213361765599567,0.3004319720937086,0.25438934375676575,0.18235529305463608,0.1839391722598396,-0.2057678219405997,-0.4274456278152463
2021-06-02,0.22025306898859537,0.31104777802004213,0.3412678269659882,0.30653981180835715,0.31610012624924144,0.2932496582884737,0.247738332578411,0.17576690253056734,0.17218765303881248,-0.22924101222534313,-0.4494940812139384
2021-06-03,0.2238544055927624,0.3141933421040196,0.3434171377255756,0.30609740134301033,0.31714853392396175,0.2929804387099478,0.2476237676433959,0.1707620739142414,0.16916492358378205,-0.24061660823857706,-0.4644710138313394
2021-06-04,0.22143906765079008,0.3112595562922915,0.34247678230946976,0.30543787103817566,0.3160022023096699,0.2945178651040084,0.25008840430717993,0.1727476085727002,0.1710978284995433,-0.24279583395659243,-0.46423490160738246
2021-06-07,0.22322393124969278,0.3154716938066304,0.34673901582678557,0.31119530745731,0.3242071150134897,0.3023246735023262,0.2614683433890139,0.18156980586124555,0.18262124473180533,-0.23248383239401324,-0.45570776364370597
2021-06-08,0.2245599711860763,0.31879132930220444,0.3503059815520446,0.31282274156256085,0.3252005140709926,0.3010338636153732,0.2604687031021783,0.17509672005608523,0.17515272064292,-0.24588565472061197,-0.4704456259066882
2021-06-09,0.22642500647908254,0.3216260791455372,0.35167013617458676,0.3160141505401273,0.3265707955964533,0.3053057115735875,0.262794721420717,0.17999044146828252,0.17546799824530276,-0.24815119961563173,-0.4745762060947142
2021-06-10,0.22685826066856427,0.3232401424765445,0.3561360254436777,0.3219685443898521,0.3326687483724251,0.3125813308222755,0.2709052122569336,0.1882031319883698,0.18224810860455928,-0.23796206935871372,-0.4648203300272779
2021-06-11,0.22697455523595808,0.31981529792090563,0.3510105213648073,0.3172821568401159,0.3257803486933444,0.3028640992940078,0.26167632586464196,0.17856062426473385,0.17231376501200432,-0.2519178838872781,-0.4788924391232361
2021-06-15,0.21594589777280973,0.30893212359515715,0.3423225895437577,0.30809218045549897,0.3198530317153932,0.29637688520396377,0.25596362931018074,0.1709431762019164,0.16581285275455085,-0.2631455597904258,-0.4790914575632354
2021-06-16,0.21291971311784236,0.3040619588287007,0.3362551657007008,0.30316068993613804,0.31086728661838364,0.2851546231384906,0.2418226143992214,0.15343499629300697,0.14735928762951617,-0.28734594370614086,-0.500265656823983
2021-06-17,0.21166357236793898,0.30240879554633965,0.33613991618752853,0.3054703102338229,0.314875742006547,0.2923768016539146,0.2514392104986487,0.1641498598080356,0.16604387637566329,-0.26265336337742573,-0.47431693574536454
2021-06-18,0.21299259786884414,0.30750879564675526,0.3422441957383716,0.3122997709754139,0.32509654962564016,0.3008122482735477,0.25954165444919275,0.17241100098333445,0.18049223062149433,-0.2471101409711088,-0.4601027388399528
2021-06-21,0.2135360160149455,0.31062380571562037,0.3501451441063487,0.32128425464832044,0.33519521414456743,0.3136716414377902,0.2744192711996557,0.19067534213984155,0.19707060518524858,-0.22322306079251103,-0.4367590768074564
2021-06-22,0.22072058611296588,0.3192703460093146,0.35833519929083707,0.3276393170680528,0.34117285993929714,0.3170849025671062,0.2774197996121093,0.19595120567969637,0.20128214086108207,-0.22082864553459303,-0.44154923164755877
2021-06-23,0.22068648621823178,0.319366553914647,0.3600098207737209,0.32988277838194247,0.34534339630639216,0.3210895310642413,0.28289527291880473,0.2006096210884539,0.20864301455221176,-0.21675526625547642,-0.43744175247370803
2021-06-24,0.22419378365668513,0.3193581691777202,0.3599858883688142,0.32836329149274746,0.34043816629753937,0.31797994570962523,0.27389045309915755,0.18952108632339865,0.19392051822213,-0.24232074835068715,-0.4665145320073721
2021-06-25,0.22696641981571286,0.3209165061267651,0.362022579131943,0.3296654739302027,0.3401837356190444,0.32054287165231504,0.28061649758209367,0.19286362387754358,0.1973557073236341,-0.24296385130386555,-0.46993027111957825
2021-06-28,0.22696296402563276,0.32236935381349346,0.3638819148084723,0.33151968963364975,0.34512333661747274,0.3280020678207966,0.28765258010503664,0.202001980939077,0.2106500232270421,-0.22516318059888932,-0.4521261446245219
2021-06-29,0.22017629166872033,0.31194062138563633,0.3533038845411275,0.3215245339693094,0.3354630641595481,0.3162102526987698,0.279403397433008,0.19378354831899597,0.2045366374499062,-0.2315938770925753,-0.45177016876129544
2021-06-30,0.22190656305478473,0.31503216519444077,0.35725217302215145,0.3257543562950332,0.3416499946283451,0.3216800058009272,0.28859844139322427,0.20607260408386666,0.21795847177317912,-0.21773910816023725,-0.4396456712150218
2021-07-01,0.21950307950772005,0.309902440080175,0.3476528420737264,0.31642382620208365,0.3287901854923957,0.30671315744380256,0.27279994621416626,0.18634573089741557,0.1984943949978449,-0.24195162806491452,-0.4614547075726344
2021-07-02,0.21383066201568354,0.30445167839475984,0.34171131247830855,0.31043896748213445,0.323493144870311,0.3012776747394713,0.2670257565483829,0.1778515430599767,0.1928278635781269,-0.2403030275016814,-0.45413368951736477
2021-07-05,0.2175634308635443,0.3114922633735996,0.3488534244356655,0.3199542941164413,0.33318755037748204,0.3144268791434561,0.2804474832693716,0.19192675230379572,0.2147534104687993,-0.21370016420961488,-0.43126359507315903
2021-07-06,0.22184820216447107,0.3159209478517132,0.3517491154824163,0.32190226585313425,0.3337247109773718,0.31551805877718736,0.2797687411220232,0.18943297959562821,0.20721740668871302,-0.21969971619411205,-0.441547918358583
2021-07-07,0.2210486145165615,0.3168109921612101,0.35449323695412954,0.32586878666157065,0.3395781654953116,0.3248625532120396,0.28971141359723407,0.20246075364974514,0.2231864762307681,-0.19902518470390887,-0.4200737992204702
2021-07-08,0.2137827205891909,0.3076954830133922,0.3453432809187891,0.31779350371508747,0.3314869031805481,0.31767813032420744,0.28543898656401767,0.20079417231205948,0.22216702021432136,-0.193672188059422,-0.4074549086486128
2021-07-09,0.21848658475331373,0.31487315711062264,0.3535501764379554,0.32657352312601173,0.33801635244399764,0.32594933655890185,0.2904170746309095,0.20413061650782158,0.22719894785979605,-0.19171831839227887,-0.4102049031455925
2021-07-12,0.2213644215118449,0.32076763763566574,0.3622919254310364,0.33949731692434487,0.3503966961678248,0.33980874420893376,0.3068046841299073,0.21960908185123043,0.24349078218528392,-0.16759701158839949,-0.3889614331002443
2021-07-13,0.2248608365076549,0.32609518493985445,0.3676450650086658,0.3452493969786929,0.3584451839430031,0.3486822019973208,0.3135944943303307,0.2250452593558367,0.248711238078316,-0.16961585595102915,-0.39447669245868394
2021-07-14,0.2197808018079941,0.31924332769704533,0.3608701648113625,0.3395987467826286,0.35255355282412104,0.342599947464904,0.30697360043237,0.21639640295288365,0.23681984172426734,-0.18429199793872622,-0.40407279974672017
2021-07-15,0.214793733198165,0.31121900642319866,0.3521661903269967,0.3311729716059924,0.34341606068472175,0.33330230446113673,0.298726001849384,0.21194201177961794,0.23247971196615075,-0.1852776117191956,-0.40007134491736046
2021-07-16,0.21458568379202364,0.31107140709425324,0.3515920516922049,0.3309054011508143,0.34134580158940103,0.3307640815247516,0.2974898050428629,0.209676394957953,0.23204080680201472,-0.1909350574549081,-0.4055207412469316
2021-07-19,0.21066682458747343,0.3081070153854473,0.3490639620195655,0.3304112652740322,0.34228479280144847,0.3313235283725022,0.29849827392231504,0.20645357053925922,0.23335674538604467,-0.19332587136997745,-0.40399269595745074
2021-07-20,0.2108484829952465,0.30822505519185484,0.34851222018613776,0.33145023259025275,0.34285791369446555,0.3337948129310371,0.30009732997184785,0.21051738224691105,0.24231806213370055,-0.18387253874779502,-0.3947210217430414
2021-07-21,0.2138736731592487,0.3131820591915914,0.3541491113275294,0.3373891790384122,0.3517614675378295,0.3444109036145303,0.31185440864288666,0.2290761707380863,0.26007138971101507,-0.1481766750204441,-0.3620503481796927
2021-07-22,0.2176172719097371,0.3164938922471367,0.3569947352022206,0.341874610162681,0.35692486144678776,0.3483757256052768,0.3156063075940334,0.2349850899369471,0.2690819167728769,-0.14052587151303106,-0.35814314342276804
2021-07-23,0.21329078626128098,0.30798277449691497,0.34554037677128807,0.3297659790684941,0.3437743219806524,0.334908283247248,0.2997110688486917,0.22737101658719275,0.25618531803825184,-0.15381004496434122,-0.3671008312256221
2021-07-26,0.19908649446840496,0.2929544468721396,0.33163697702909745,0.3144051714896058,0.32911688634583974,0.3177796773900703,0.281036086426078,0.21264904307258753,0.24081802647348471,-0.1644746728415462,-0.3635611673099511
2021-07-27,0.1880369691420886,0.2816052137011989,0.3200935151795334,0.3009215947641307,0.3117938728725161,0.29867128839459867,0.26291981006295984,0.18874013721527608,0.21315197505025787,-0.2040640765410395,-0.39210104568312804
2021-07-28,0.17139410498614432,0.2596136326362644,0.2998655785428612,0.2789609236735588,0.2901524688609599,0.27227472758735827,0.23428195449751563,0.1613659342724571,0.1879934689899264,-0.22604561256393427,-0.3974397175500785
2021-07-29,0.17383876853847932,0.2691500120245389,0.3115647370296003,0.29484959006140643,0.30895475247483306,0.2967317360303978,0.26285295867486136,0.1996683535516104,0.23143744058403554,-0.1623361659269395,-0.33617493446541874
2021-07-30,0.17429632858831878,0.27491439161902786,0.31892181415476084,0.30534136772587195,0.3210385567356768,0.30917269739223,0.27311615060720046,0.2143182536623868,0.24208265454240444,-0.15790355496781713,-0.33219988355613583
2021-08-02,0.18650746013355315,0.2939015046590586,0.3383591705404968,0.3244796772854089,0.3440254883089023,0.3299398933634934,0.29775659908616725,0.2397284653911196,0.2607737753759304,-0.14494817013022446,-0.3314556302637775
2021-08-03,0.19177773423713912,0.2994200086548211,0.34238009956382814,0.33129564608855017,0.3516476667489413,0.3299138440776499,0.29679900253347546,0.23318829770053046,0.2467912219969181,-0.18190838561921738,-0.3736861198563564
2021-08-04,0.19046601743386185,0.30012649824143556,0.3455150988279676,0.3338863243499515,0.3547501966174242,0.3400063151315049,0.30812766696654703,0.25184485643871385,0.2710302653088936,-0.13987181001846627,-0.33033782745232804
2021-08-05,0.1887639026862498,0.29656130854874374,0.3411121697677582,0.32855429944204445,0.3462884091674276,0.33350365053417963,0.2976040068456664,0.241838819670095,0.2598995937805902,-0.14877801062057586,-0.3375419133068256
2021-08-06,0.1864096865075381,0.29405176155245216,0.3389132337186842,0.32832407103207506,0.3441791616626629,0.33194999703013667,0.2963456642747285,0.24268179841583615,0.26365638729396096,-0.14065961264903235,-0.3270692991565704
2021-08-09,0.1994041344483873,0.309905922034367,0.3547174719554733,0.3445561419370059,0.36086550138393936,0.3482047960402028,0.31061607952991194,0.25065619478124224,0.2658466244809556,-0.14322856269225082,-0.34263269714063804
2021-08-10,0.2040408342266456,0.31785800155488075,0.36381381774910726,0.3562596904190749,0.3719946045278689,0.3622054563679168,0.32277561587639964,0.2632787137524706,0.2787332085209619,-0.1410553362822263,-0.3450961705088718
2021-08-11,0.20752423477797635,0.3225235375343528,0.3686006683176413,0.35886397507268464,0.3763017286333851,0.36666427521504547,0.32890385706219616,0.27244551323346056,0.28750898340853887,-0.12589257209473542,-0.3334168068727117
2021-08-12,0.20866101564731837,0.325088230750889,0.371713205067053,0.36109457319940613,0.3781682658614242,0.3676492002554768,0.3285424302486589,0.27430841120776517,0.2926534388291019,-0.11772863382280825,-0.32638964947012655
2021-08-13,0.20860703953020396,0.32491756385185877,0.3713032708769507,0.3613440726805627,0.3810045517894719,0.3671574493162961,0.3302413393518458,0.2747423384985879,0.2913619945825994,-0.12446064084782019,-0.3330676803780241
2021-08-16,0.21442720935905663,0.33144515201692326,0.37930250047358793,0.36895061951110303,0.3863177213883953,0.3712165694368043,0.3293482629795621,0.26589800059410745,0.2857945229243682,-0.1394580743242473,-0.35388528368330385
2021-08-17,0.20138594091753248,0.3149649523336994,0.36052568396905277,0.34696148537254434,0.36370580391881946,0.34360264868447077,0.29925571411271124,0.2357178365146482,0.2550467943522915,-0.1756336715541186,-0.377019612471651
2021-08-18,0.21311451087294891,0.32843680295281363,0.3731149955737559,0.35745016781363137,0.372580026459269,0.35273376258001915,0.3047077202091931,0.241258848384923,0.261840145985125,-0.17271203305979044,-0.38582654393273924
2021-08-19,0.20907898619271678,0.3245056485357695,0.3695037667854514,0.35180988010954645,0.36662194198660497,0.34803573497010026,0.2970067719877161,0.2397760424451886,0.26675953318426565,-0.16376504056700963,-0.37284402675972633
2021-08-20,0.2052892763028959,0.31946061753748933,0.3631916082097989,0.3446512840684749,0.3587451514004278,0.3425778688612211,0.2905219987167399,0.2316726913773231,0.2601613813349299,-0.16705505072307222,-0.37234432702596804
2021-08-23,0.21597286990056883,0.33760437842084207,0.38250599459260054,0.3649029691465269,0.38329745885660155,0.3678121426022991,0.31707633253739115,0.26762761241287963,0.2955056893521333,-0.13093525175451284,-0.3469081216550816
2021-08-24,0.2210231738929959,0.3435554635747765,0.3867866881526311,0.36810841919299064,0.38695406718716147,0.37324197940403214,0.32283157999315387,0.2744659677261017,0.3033466940459538,-0.1259126290947863,-0.34693580298778215
2021-08-25,0.22911555362281164,0.35152125320471556,0.39543959413087515,0.3780307342107517,0.3926467344295122,0.3807866523252044,0.3288232017342089,0.2800831791454096,0.3090132088759634,-0.11558464842590317,-0.34470020204871477
2021-08-26,0.23107480762667504,0.3504673647435923,0.3915604292824362,0.3699692990393884,0.38408738422612015,0.3737342002383289,0.3179100556066259,0.27176697377287073,0.2977924365531647,-0.12743203047853424,-0.3585068381052092
2021-08-27,0.23144231327058462,0.3470947926018954,0.38750109409469885,0.36461725464422595,0.3776100701825461,0.3680062257705636,0.31474486973304067,0.27052988939659744,0.29915899040580374,-0.1265650872731893,-0.35800740054377383
2021-08-30,0.22922135424529308,0.34523955691365055,0.3841914563033427,0.36338652951977496,0.37296004734191834,0.36772231159243574,0.3161266820058154,0.2718704323427018,0.3051684927204789,-0.11845283999956409,-0.34767419424485707
2021-08-31,0.2392001346928997,0.3523622923866526,0.38854595840068556,0.36421446724050044,0.37130868819774077,0.3638228201187167,0.31280079499576147,0.2653748503489461,0.295290615461876,-0.12978421067591583,-0.3689843453688154
2021-09-01,0.2506428430890592,0.3626735466665328,0.39857743467998363,0.37191246810368395,0.37748596991200944,0.3612878069958587,0.3081055711437383,0.2508119583497096,0.2725064489124462,-0.16945287184974162,-0.4200957149388007
2021-09-02,0.2559985976535857,0.36728883421573694,0.40311066380528277,0.37719630501507134,0.3850146307992684,0.3716387525958994,0.3184224479006104,0.264939256259443,0.2887698605683657,-0.14526480527187355,-0.40126340292545915
2021-09-03,0.2644931264277006,0.3773850127864697,0.4131025406114439,0.38514655278387516,0.3904536243814011,0.37494444166233426,0.32023687822787467,0.26028316025451803,0.279358907368389,-0.1665349997616102,-0.43102812618931075
2021-09-06,0.27184851191013937,0.38742812092584117,0.4247013326081709,0.39738533163805284,0.40142093817249114,0.39032859087794347,0.33449911230597146,0.27595838181691595,0.29296738941339395,-0.15928597476047207,-0.4311344866706113
2021-09-07,0.2796978691570751,0.3957151550400658,0.4351040980792965,0.4067808346282098,0.4117763932799764,0.4003915383537966,0.3436567514931439,0.28961795908905,0.31014060835518714,-0.14162259977268665,-0.42132046892976166
2021-09-08,0.29265101330963145,0.41118273103140535,0.45206718608436125,0.4206828788807994,0.42371913655396093,0.4093080790872816,0.34833421978932466,0.2901440688827551,0.3082463494645361,-0.15125701364911917,-0.4439080269587505
2021-09-09,0.2988134765951472,0.41555147870336484,0.45325789554144863,0.41919600026830495,0.4221579187782508,0.40701045267028974,0.348594009346443,0.28550775285234914,0.30745171250773196,-0.15409384119568348,-0.45290731779083054
2021-09-10,0.29161720597295054,0.4088835391566245,0.4454899445508663,0.41206229832146474,0.41673974907025285,0.3999314243930721,0.3439454076504666,0.2816919825091857,0.3049599711464899,-0.1530078222730206,-0.44462502824597105
2021-09-13,0.30015376141098876,0.41909297466919326,0.4521639600456857,0.41869641823381615,0.4188064190978467,0.40266139764736875,0.3460090999184115,0.2816155392862336,0.30334440297634657,-0.1474492971910355,-0.44760305860202415
2021-09-14,0.2838990371295822,0.4042585016503943,0.435804605009286,0.4053726769181532,0.40473739445417917,0.3887893936551753,0.3348183565534754,0.2725168968105279,0.2992950826706765,-0.14361196541243348,-0.4275110025420156
2021-09-15,0.2868404395181978,0.40873601060078635,0.4398278711015186,0.40939925468016625,0.40642784569319995,0.3937650603805691,0.3395134978773521,0.28107836726381674,0.31166926244616655,-0.12837873535377972,-0.41521917487197746
2021-09-16,0.2825212472034198,0.40066659558035905,0.43138093931976346,0.39865271414895387,0.3960321079182372,0.3800007517536218,0.32440028595224785,0.26169358985353125,0.28792074705602183,-0.16301898036953713,-0.44554022757295686
2021-09-17,0.2774527711704271,0.3946492288319969,0.42626641534549026,0.39690036801925715,0.3925000295179236,0.3776700076269507,0.325643786959832,0.26277129293471435,0.2886882202096766,-0.17086153829076922,-0.44831430946119627
2021-09-22,0.27950223942481817,0.3952619774340764,0.4263032771516502,0.39635350980481926,0.3918238750075291,0.3793109660494233,0.33212558594163133,0.2679243390478176,0.2959388483766196,-0.16086901472873527,-0.4403712541535534
2021-09-23,0.29256403322122854,0.4096210328419324,0.4423355039000437,0.409733679910083,0.40433494378278834,0.38824695405110377,0.3389034248903557,0.27291716058557686,0.2953346499880368,-0.17917114142689916,-0.47173517464812764
2021-09-24,0.2804840348257968,0.3963780508647369,0.42717885649966925,0.3951173275508496,0.3899331117717234,0.3704529363462942,0.32147129142751396,0.25559753118338485,0.27317748658454544,-0.20102030977775123,-0.48150434460354796
2021-09-27,0.2639162632609354,0.3736566172247065,0.40629212198942355,0.37591168409639564,0.3670387335957731,0.34606964122934364,0.2962928001054425,0.22503734677866272,0.23626073167672168,-0.2488236764919581,-0.5127399397528934
2021-09-28,0.26463967704616626,0.37439697192044424,0.4077627982427793,0.3781812042349009,0.3686940107255803,0.3513669943559223,0.3008333873896426,0.23232630322514514,0.24594492036523222,-0.24069841309562012,-0.5053380901417863
2021-09-29,0.24708463364495936,0.35318632532224004,0.3880007165911686,0.3557131370164782,0.3429232401992738,0.3227835323752385,0.2698401530917035,0.19699280785769877,0.20547270310674604,-0.2905126956876636,-0.5375973293326229
2021-09-30,0.25473659688933703,0.3647651874013309,0.40219843829741453,0.37108660885467165,0.36157781896003915,0.3412392746930766,0.2936226651161815,0.22218364694215886,0.2380408049169889,-0.2434435803543873,-0.49818017724372426
2021-10-08,0.2743504522924284,0.3885184733780296,0.427424130499953,0.395753867545634,0.3863156576865657,0.36229210208945417,0.3106183833872479,0.2315969441577963,0.23946644495826508,-0.26337910740557047,-0.5377295596979987
2021-10-11,0.27815825281389867,0.39258654642261487,0.42954552196642504,0.3985055622583164,0.38777491501982164,0.36289345345652896,0.3065669522218448,0.22348328045479204,0.2277742955706047,-0.2800995862393423,-0.5582578390532409
2021-10-12,0.2696195083201813,0.38278269547831145,0.4185036415746035,0.38618370128306384,0.37420824946773534,0.3493481559655912,0.2871904374893455,0.20205637600320625,0.20204193955068944,-0.3109869592578012,-0.5806064675779824
2021-10-13,0.2762542102428418,0.3879032568200846,0.4242635490685255,0.39022378239111505,0.3790528482599075,0.3554546831736006,0.29204928020908594,0.20476753725013888,0.20382591982512704,-0.3132008895019603,-0.589455099744802
2021-10-14,0.2755844862417384,0.3885869698512575,0.4269135102572397,0.3942616301796444,0.38451602028205156,0.3630100705203838,0.298310468976026,0.2146825436540718,0.2144849833542197,-0.2961726141306981,-0.5717571003724365
2021-10-15,0.2674341053492366,0.37830680433316377,0.41679944983366524,0.38414133339384987,0.37574395419607126,0.3563636915535647,0.29000797116529126,0.2076911311855009,0.21036345981864188,-0.2951971127547366,-0.5626312181039732
2021-10-18,0.2649947212909472,0.37652391309416894,0.41596684447878957,0.38591912798435246,0.3786747093176549,0.36030193832085966,0.29530603073308176,0.21701817604038903,0.22924700566661035,-0.26144788270162633,-0.5264426039925735
2021-10-19,0.26746861166938896,0.3771066203944826,0.41853241888713016,0.38874580330776504,0.38049326360736735,0.3650857456530367,0.29932434280538606,0.22535356989285116,0.23721245276998093,-0.25119886435324634,-0.5186674760226352
2021-10-20,0.26256989083066345,0.3726479021157437,0.4135643621207482,0.3819070147693576,0.3751165508609244,0.36058901499082663,0.2969380687377649,0.22489698010334402,0.23974444575490378,-0.23982085606419848,-0.5023907468948619
2021-10-21,0.25944793893130447,0.36559619592355963,0.4060273378781455,0.3740874470982127,0.366816129138114,0.3537005505094759,0.2910990126757037,0.2195066371080656,0.2344133838923366,-0.2378823479538713,-0.49733028688517567
2021-10-22,0.25695483554253085,0.362856949001571,0.4018006783780303,0.3694044030412961,0.361915684448794,0.34838490193582633,0.28198458208294513,0.20661267237668038,0.21598522324319444,-0.2631992956016789,-0.5201541311442096
2021-10-25,0.2539733347336075,0.36099762398041185,0.40037197046685025,0.36851446223720025,0.36490062705835985,0.3509132607398261,0.2907980141128144,0.21749109816719142,0.2350744171435884,-0.22964964212247763,-0.483622976856085
2021-10-26,0.25101479397683973,0.3573447495233058,0.39745963170646664,0.3656117985883714,0.360869674905589,0.34874237398770724,0.28508847525980413,0.21317598999362877,0.23086415318810277,-0.23689908561453135,-0.487913879591371
2021-10-27,0.23001780490195814,0.3341568267342937,0.3731432607802205,0.3434674343588795,0.3408796243122932,0.32976539035431046,0.2684564510495435,0.19380593463929527,0.22219090736277744,-0.23469666653822302,-0.4647144714401811
2021-10-28,0.21823941226212712,0.3193327831095087,0.357807482251658,0.3290029648684387,0.32620321593711094,0.31314629995387966,0.2531260418978818,0.17332941898973145,0.19646384405492365,-0.2689813590812181,-0.4872207713433452
2021-10-29,0.23168937089017805,0.3357590709445328,0.37433989810086815,0.3462281389755699,0.34570407865231956,0.3286822102296421,0.2674890573329705,0.19026570350475305,0.2111957225774318,-0.2536190945718485,-0.4853084654620265
2021-11-01,0.2373736583156951,0.3458330751052222,0.38769168905806767,0.3601456338143572,0.35901256548102944,0.34361006796473553,0.2801014899382361,0.2043264681284081,0.22777209637395238,-0.2383886675568123,-0.47576232587250733
2021-11-02,0.22520187332206604,0.3335317587544017,0.3762716864443518,0.34873754939902063,0.349801890847484,0.33304133876548436,0.26862723819460366,0.1923662630497882,0.21474274870729623,-0.2603174354148313,-0.4855193087368973
2021-11-03,0.23106072286984677,0.3413351512662458,0.38356378238066,0.3589398511194883,0.35882885799647357,0.33928556079854116,0.27487299051914255,0.19950755110392482,0.22079298892008464,-0.2568114114445622,-0.48787213431440896
2021-11-04,0.23566238637096498,0.3512867050356307,0.3931714654125502,0.3703670136857796,0.3720911693014049,0.3543564578739563,0.291682994102971,0.21706793161236534,0.24149659153600708,-0.23586727341286207,-0.47152965978382705
2021-11-05,0.2360217580887851,0.35635380938912625,0.39703105961777846,0.37136143817502676,0.37202579477894493,0.35154075802342666,0.2848408835935302,0.2059710778715759,0.2282810113465051,-0.2611244418215101,-0.4971461999102952
2021-11-08,0.2395876149933345,0.36220556011194815,0.4007759181823465,0.37596422903385535,0.3769600425126238,0.3548265007129917,0.2907603365573577,0.20904926248060265,0.23519698502724087,-0.25019577309171187,-0.48978338808504635
2021-11-09,0.24527684615883458,0.3694490811960701,0.4099573929428236,0.38696657237349963,0.38853152577774225,0.36599140227801535,0.30331968524723335,0.22095326608147786,0.2505890360972544,-0.23859342584527765,-0.4838702720041122
2021-11-10,0.2505650466725028,0.37766162650036067,0.41762649831505494,0.3948176058185587,0.39583349128127077,0.37275667698232445,0.3091095735213531,0.22790556823164163,0.2529338255742356,-0.23978133897504883,-0.4903463856475516
2021-11-11,0.2612769438769759,0.3889910055072131,0.4286052021251879,0.4058306923068772,0.4068404644110324,0.38157257810807543,0.31895928855261957,0.2406248800633868,0.2605642191419222,-0.2325355443836923,-0.49381248826066826
2021-11-12,0.2623218315646863,0.39328119444893417,0.436444940200126,0.4137399966325819,0.4147660031269422,0.3924037051295149,0.32737559695674445,0.2549441727433935,0.28068841814059253,-0.2146851310310598,-0.47700696259574615
2021-11-15,0.27213989942828387,0.4059655499714452,0.4512791517183581,0.43054248712978815,0.4289034413034242,0.4049791498792354,0.338057279094581,0.26283049023088356,0.28321901079667555,-0.22535232959863047,-0.4974922290269144
2021-11-16,0.2681688900311381,0.40059844474778283,0.44534132405213556,0.4239867210771656,0.4195090728301617,0.3977652002858508,0.3316613460810545,0.249699441218859,0.27411387981100843,-0.24467189715736598,-0.5128407871885041
2021-11-17,0.27249141712787855,0.40972777772407554,0.4562941466727342,0.4361901974309915,0.4332723427451556,0.4110818431421943,0.34570265067675215,0.268202305373905,0.293916501780861,-0.21677725095838626,-0.4892686680862649
2021-11-18,0.26494708067531403,0.4019123550269936,0.44677102026586163,0.42614275367942916,0.4256122985416362,0.40180931497082206,0.337765163565354,0.2632519000402691,0.2895970774158991,-0.22413445104270346,-0.4890815317180176
2021-11-19,0.27367527676201564,0.4131050122776038,0.46030802141314686,0.4388227116774303,0.43672607853363765,0.41490381364519163,0.35011004864679585,0.2772985638298332,0.30192537423736865,-0.21178143484322745,-0.48545671160524323
2021-11-22,0.2717308219427973,0.41322866560726773,0.4612736464336454,0.44310938764086977,0.44421501196989305,0.4249948765314481,0.3608794275800989,0.2912834542786348,0.3198387520000373,-0.18614970181320703,-0.45788052375600446
2021-11-23,0.2762599090381287,0.4171274834377602,0.46652690360265947,0.4473445355495275,0.4495166080951502,0.4302238701514076,0.36422614351425797,0.2955323810451026,0.3208751045371944,-0.18838810081095722,-0.46464800984908605
2021-11-24,0.27874214365689215,0.42143887364990634,0.47005509662753997,0.45231377614816687,0.45415326323034244,0.437160143145275,0.37002421797228213,0.30048464078093207,0.32419957246605063,-0.18690256133851624,-0.46564470499540855
2021-11-25,0.28233202212199027,0.4240979876524408,0.4731515428005179,0.45490712950913836,0.45661673619723925,0.4374188499897666,0.36903123083504163,0.3005212463563949,0.3220438541817026,-0.195189604926056,-0.4775216270480464
2021-11-26,0.2776019762277898,0.4189811117095154,0.467916550498682,0.4493901748183234,0.45240969656324986,0.4320854506558406,0.36569673368248845,0.2980776653733016,0.3274853943024678,-0.19115480523516518,-0.4687567814629551
2021-11-29,0.26993496224394437,0.4114280093363422,0.4603135227365459,0.44365035254145835,0.4462519320132287,0.4286557167607509,0.36780089364507723,0.30325852669900527,0.33459084168750525,-0.1740910919877014,-0.4440260542316459
2021-11-30,0.2786193075758403,0.423535619934857,0.47443870050527887,0.455657219495906,0.455145523210414,0.43701757540495667,0.37618013205849377,0.3084129600021581,0.3346284523941023,-0.17763134360673616,-0.4562506511825765
2021-12-01,0.2910236541922125,0.4378126473067307,0.49037984035753024,0.4692837977185964,0.4698123137456178,0.4478799883646177,0.3847429712779032,0.3140801647486452,0.3384604876631467,-0.18225692919168318,-0.4732805833838957
2021-12-02,0.2903050252433169,0.4326788820162814,0.4832619033131646,0.4628031572969583,0.45864422982193953,0.4334988025992187,0.3685487413435489,0.29632736495030815,0.3197035583061546,-0.2116586801681867,-0.5019637054115037
2021-12-03,0.2971782596677268,0.43772125435329606,0.48892527874161545,0.46877308507242954,0.46409139855121023,0.43799237513738015,0.3725012431143596,0.299610212120832,0.3247251707526268,-0.2148201207637882,-0.5119983804315151
2021-12-06,0.2896831102451748,0.4256423899392213,0.47402790971326914,0.4540582823256661,0.44866010926373256,0.42292067607107897,0.3561088845645797,0.2777055237129713,0.30460507979191065,-0.2350376537668334,-0.5247207640120083
2021-12-07,0.29332034910933763,0.42818873483572034,0.4768315283408631,0.45217782288492697,0.4438158349202598,0.41644093545217387,0.34792378758760667,0.262066350333806,0.28558696951696494,-0.26286722686318964,-0.5561875759725274
2021-12-08,0.2956815979553063,0.4343743503824602,0.4847838506251184,0.46112363626559494,0.4563169236463425,0.4302220977169009,0.3628707959212469,0.27994770987839906,0.307011368924866,-0.2398050752545683,-0.5354866732098748
2021-12-09,0.30510101581096016,0.44551392345374546,0.4958253129817382,0.4711774347204367,0.46447545658186307,0.4348195287720305,0.3700717790026653,0.2830397727259912,0.3034734251559074,-0.24631430231162227,-0.5514153181225826
2021-12-10,0.30352056751451534,0.4460312768275352,0.4988231390560283,0.4728701194549482,0.4668703204169855,0.43803285113545093,0.37129652353016385,0.2869790439932576,0.3123495079515172,-0.23752224477666384,-0.5410428122911793
2021-12-13,0.30537204590848305,0.44835788738831295,0.5016660632576027,0.4778376786254434,0.4714823673650272,0.4426106952513048,0.376436005279251,0.2916126505291183,0.3173980966218892,-0.2297782117108639,-0.5351502576193471
2021-12-14,0.3056648866727171,0.4513834781134153,0.5085230039323215,0.4823157974177685,0.47631953400371074,0.4481654471481987,0.3820664342345031,0.2987672522663611,0.32070628006249247,-0.2203787140996634,-0.5260436007723807
2021-12-15,0.31057631533398833,0.4566071154258659,0.5124813884610564,0.4846476100802076,0.4769144008446771,0.4476446010872457,0.37903083521358866,0.29790765054326085,0.3194578266411212,-0.2188717164544254,-0.5294480317884139
2021-12-16,0.3166390249662493,0.4671853903667335,0.5234721319060109,0.49553173372787696,0.48709320058793126,0.45830900857508994,0.3875628925891512,0.30457746965135296,0.3259184016158612,-0.21342125813651455,-0.5300602831027641
2021-12-17,0.3160153515406699,0.4659971652965008,0.5208426624298866,0.49050139582421615,0.4784291785519393,0.4467109129059712,0.37688239495630815,0.29158231715908495,0.31193695662604654,-0.2331365642870482,-0.5491519158277184
2021-12-20,0.3194214984037237,0.4675340825325309,0.5174597952519587,0.4814673008932626,0.4670611699280251,0.43099330862448915,0.36168459979638723,0.27286857244060836,0.2953078984215842,-0.2556330979901932,-0.5750545963939172
2021-12-21,0.338493866807936,0.48810744066280815,0.5379693092677863,0.49899937895652224,0.48392065612537616,0.4434716333302341,0.37524332698717816,0.2833829985741278,0.3088650425457071,-0.24663214647901843,-0.5851260132869547
2021-12-22,0.3387153578008875,0.49020415868036726,0.5409858908142706,0.5016685865313685,0.4898447264127495,0.44817249508833035,0.3838098428487573,0.28892539455875726,0.3164935304486649,-0.23996420274185065,-0.5786795605427385
2021-12-23,0.3333474014375362,0.48361819376830867,0.5328294240059563,0.49302691018931305,0.4811112455708695,0.44420473670996996,0.3780833539502146,0.284283126457708,0.3155326871249627,-0.23586096969648523,-0.5692083711340218
2021-12-24,0.3316603573405066,0.4781845852081694,0.5235515034120752,0.4783379829898218,0.46552817396958895,0.4259351356676325,0.35880259170143247,0.2632004042220546,0.2872332013523582,-0.26900775306961633,-0.6006681104101232
2021-12-27,0.34035182501652766,0.4891438412193867,0.532197856304301,0.48670193992065075,0.4710128693340569,0.42838010890172146,0.3632005994769702,0.2668173815819396,0.2867018498046556,-0.26971023742065847,-0.6100620624371864
2021-12-28,0.3420271865685392,0.4932431319912864,0.5372445903228065,0.4947488526870895,0.48043720826802394,0.4377004631538531,0.37203649475138256,0.27377574933477383,0.29510088417282104,-0.2650101130353354,-0.6070372996038749
2021-12-29,0.3433014866517613,0.49411249624848874,0.5385308838018724,0.49490008835647203,0.47976360283017766,0.4354355850223351,0.36820111172622433,0.2732429736313476,0.2925573647946029,-0.2705407766779034,-0.613842263329665
2021-12-30,0.3479077821981907,0.500367037709923,0.5476359379811149,0.5031534568926811,0.49042748943083925,0.44505988689984444,0.3803025741998866,0.2847119721052879,0.30423203307757485,-0.2587608801757583,-0.6066686623739493
2021-12-31,0.353905930522603,0.5097774013940239,0.5542522686268125,0.5110772929841249,0.49690690674795107,0.4510722266564738,0.38769951019376264,0.2906246361261335,0.30928502053595247,-0.2608052530772019,-0.6147111835998053
2022-01-04,0.3694404879774344,0.5288371244580801,0.5721888023984155,0.528667269745479,0.5118702362734278,0.4610843368738305,0.39579114633040935,0.2932207867667752,0.31179500194006926,-0.26377330273218547,-0.6332137907096203
2022-01-05,0.3664997436217232,0.5232941749071833,0.5641686442439909,0.5161499046414441,0.49909787368769765,0.44444705645174293,0.37623715615424985,0.26947611734061916,0.2868110737005917,-0.2891815010652368,-0.6556812446869604
2022-01-06,0.3697237096870886,0.5300422370076285,0.5705919500107057,0.5233903933176403,0.5078560925465447,0.4527772388906978,0.38519356881435846,0.2813852557306515,0.30228263417792717,-0.27608665215656225,-0.6458103618436513
2022-01-07,0.36866492370934084,0.5239131791310754,0.5608461696138805,0.5091796380487674,0.4921009141736217,0.43480143911727587,0.3660242291043928,0.2598997469690761,0.278413037399586,-0.31163223954073727,-0.6802971632500785
2022-01-10,0.37607270347724936,0.5355460694943259,0.571422691547074,0.5203042386918407,0.5030672494715416,0.44470639047574967,0.37476234642383854,0.26854582116906656,0.28404692821276706,-0.30634324202203433,-0.6824159454992841
2022-01-11,0.3776331912891484,0.5352769418903892,0.5719332404100448,0.5182578466141958,0.49905073754081575,0.4396919939073299,0.367860200508578,0.25920779142110756,0.27380087288203997,-0.3204863373933883,-0.6981195286825371
2022-01-12,0.381423679585052,0.5441501216819515,0.583498351161203,0.5314349150876508,0.5124050662079973,0.4539257092252624,0.3845399242190183,0.2766318845695386,0.2936510475681772,-0.30041717741224594,-0.6818408569972985
2022-01-13,0.3793476074559885,0.539419667887696,0.5785075611119007,0.5237667802710716,0.5035878529551246,0.4419896861375601,0.3721833222249934,0.2629863461950941,0.2759417957807185,-0.31560190988944997,-0.694949517345439
2022-01-14,0.3651028604468799,0.5271134789820784,0.565128345057389,0.5142228827246202,0.4950658663793541,0.4352301355158919,0.3686585501999092,0.26547285662065645,0.2804307647809522,-0.29991111024541517,-0.6650139706922956
2022-01-17,0.37206243142494133,0.5402493391886868,0.5812835638423984,0.5318955614456707,0.5111482791383011,0.45082841751466224,0.3869995092199223,0.2833288133065863,0.30066640857501925,-0.28046596585326006,-0.652528397278202
2022-01-18,0.36992512840377034,0.5309746527550152,0.5696684202758815,0.5203191227801627,0.49934627061050546,0.4374815788719315,0.3767352555258705,0.26717895139214193,0.2836677387952341,-0.31085108983494747,-0.6807762182387184
2022-01-19,0.37157497103192677,0.5350966975194046,0.5755029178956086,0.5266413082731757,0.5015525508453661,0.43939222419516927,0.3767029932528239,0.26601278981380966,0.27838672138767917,-0.3158725820447658,-0.6874475530766931
2022-01-20,0.3636742463802327,0.5155030826189975,0.5517999356875916,0.50100691967457,0.47651310356913945,0.4126833680833732,0.35077336501729356,0.2363780445247777,0.2457992334382178,-0.3452826012115663,-0.7089568475917996
2022-01-21,0.3540706963112318,0.5061459674910087,0.5431651178719125,0.494878130723893,0.468208834890976,0.4036048966993364,0.34075823160541713,0.22516364326558855,0.2329084940191632,-0.3772971597196515,-0.7313678560308838
2022-01-24,0.34625328122953797,0.49800846405216664,0.5362722881211186,0.48906205711200157,0.4644574060118128,0.40157350644526435,0.3412202371082696,0.22694838926219368,0.23792263625387194,-0.37193999209465617,-0.7181932733241947
2022-01-25,0.3142076245811172,0.4582555607522852,0.4935261626662633,0.44699462634785514,0.42352317613171975,0.3619926991425766,0.30057534314034945,0.1856678691720801,0.1957396475069369,-0.4221484650385127,-0.7363560896196304
2022-01-26,0.3192743020284758,0.4675520084849543,0.5039037513806586,0.45811514941543524,0.4319628113065609,0.36941392811893137,0.30728240631819487,0.19379397825312694,0.20465475539616942,-0.42331417625053913,-0.7425884782790154
2022-01-27,0.2977825181850152,0.44164194618838415,0.4735699108321946,0.4284859190315697,0.4000819766058992,0.33585295887095357,0.2718118506935703,0.15841323627351425,0.16616422224025856,-0.4636991505627351,-0.7614816687477508
2022-01-28,0.3040850747280927,0.45342349364464424,0.488602179775026,0.44511195509945795,0.4146882301754757,0.3492387559351257,0.28434478077877234,0.17043741885504943,0.17969751296724792,-0.4507507285562931,-0.7548358032843864
2022-02-07,0.3242374576028815,0.47283906001093284,0.5079622125459106,0.4625110658579714,0.430223618914473,0.36568978288234055,0.2976885479692066,0.18090967973858718,0.18909178482231834,-0.447525835786055,-0.771763293388937
2022-02-08,0.344359011324575,0.4929788379369492,0.5256881595853463,0.47784273122774307,0.4453643410842064,0.3782665436063448,0.30670253034145445,0.18869228889083028,0.19776627562067903,-0.43851156787485973,-0.7828705791994353
2022-02-09,0.3503176237621018,0.5011608965647559,0.5358621987321508,0.4880814720640649,0.4596180666312256,0.39220939156007234,0.3208546400603961,0.20769094500461038,0.21622855619535192,-0.40978757929063103,-0.7601052030527333
2022-02-10,0.3541820925440409,0.5021872861397789,0.5343638042111327,0.4865232626612765,0.4579831658379846,0.3881273460984747,0.31453372102219346,0.1996818982833555,0.20640608498432728,-0.42013747078021824,-0.7743195633242597
2022-02-11,0.34615348636328747,0.48833522400803736,0.516810181317953,0.46739201172595907,0.4361581501443813,0.36362478394476627,0.2927141391268442,0.1745105917564058,0.18007807224686173,-0.4490895692765615,-0.7952430556398495
2022-02-14,0.34046140187200197,0.4853628778155782,0.516046938801425,0.467168336356211,0.4352029774130827,0.3644409875736235,0.2955726123093487,0.17465257123281583,0.18160856055592486,-0.44315110144882547,-0.783612503320828
2022-02-15,0.33970239864536445,0.4856650537146928,0.5184198688816731,0.4694829449827083,0.44124654351884457,0.3719575428122694,0.30472422572547847,0.18581247038293258,0.1931225283544243,-0.43624069872931615,-0.7759430973746811
2022-02-16,0.34785368554008606,0.4981592821115246,0.5327748450473874,0.4840731680394417,0.4568021360693575,0.3860764130610881,0.3164004229439261,0.197691782891049,0.2042103357115263,-0.4280594745449892,-0.7759131600850758
2022-02-17,0.3446171700193211,0.49580026067081334,0.530910170891091,0.48131770182930644,0.45487107026439444,0.38458359430251654,0.31433796344011833,0.19693070410550836,0.20386992791076494,-0.4361420999236024,-0.780759269942924
2022-02-18,0.3525717452347949,0.502534552059292,0.5376452244182826,0.4883965450374247,0.46222114806028486,0.3930666913126475,0.3213426146972808,0.20205574393629186,0.20821783562287913,-0.42601801865140854,-0.7785897638862039
2022-02-21,0.35946605250334995,0.5120939531839885,0.5490969092073933,0.4992221782985951,0.475154466138026,0.40685907912630126,0.3356377247172854,0.21542237955983357,0.2228959941927721,-0.40293209991723367,-0.7623981524205841
2022-02-22,0.3497545055866595,0.5018819559226416,0.5386233960270878,0.4871909026253453,0.4627719964785018,0.39487842095215175,0.3227445688033711,0.20340315240377047,0.21073346635585455,-0.4204559932525035,-0.7702104988391635
2022-02-23,0.35706206892124126,0.5128592622988797,0.5504624053671471,0.505336390325748,0.47912464309376507,0.4144410515644059,0.34298416499087375,0.22550486650270743,0.23539199942696354,-0.4041572208666819,-0.7612192897879236
2022-02-24,0.33672965504543534,0.49044183395312746,0.5301713704870127,0.48480543555490135,0.4592789679218378,0.39173715075984444,0.319090322600936,0.2007652187590681,0.2112149220700128,-0.4453084054650049,-0.7820380605104407
2022-02-25,0.3431020951023886,0.499085378167391,0.5395949151898118,0.49536636041313037,0.47090131524117684,0.40187870686716054,0.3308407084660854,0.21356953078262436,0.22126000561966802,-0.4328924398338055,-0.7759945349361945
2022-02-28,0.34180495857533927,0.4978122930700849,0.5384697514321194,0.4933045274073875,0.470425003987451,0.40093007658632746,0.33161154797289233,0.21423253073412712,0.22574625148639235,-0.42649557834450447,-0.7683005369198442
2022-03-01,0.3493610675585096,0.5043059300277445,0.547943994886606,0.5011868545431324,0.4778589503917132,0.40868921976128664,0.33922020910210393,0.2202897966538416,0.2347070906114077,-0.4136835689970358,-0.7630446365555459
2022-03-02,0.3541484720571046,0.509089927693582,0.5535764005769334,0.5058242305255607,0.4806519374792862,0.41220035323969006,0.341268033472866,0.22248974312631795,0.23716834262527262,-0.4081613739223741,-0.7623098459794792
2022-03-03,0.36093174872169903,0.5144696986130004,0.556114816144259,0.5048309360492244,0.4771940949886795,0.4067288500489156,0.33382681726229013,0.213921989164286,0.22537352237019273,-0.41669620753075065,-0.7776279562524502
2022-03-04,0.3538641577773392,0.5041714216081644,0.5448647408284674,0.49265624269815506,0.46690212857629815,0.39351728466917246,0.32343065985875,0.20064715984626377,0.21570868665149964,-0.4332758849791075,-0.7871400427564472
2022-03-07,0.33805066978593223,0.4881781400490761,0.5290812843845611,0.47522583750423913,0.4508048226572318,0.37559223786983564,0.3057174910907394,0.1828190683424099,0.20073426419095616,-0.44188731317196983,-0.7799379829579026
2022-03-08,0.30909353816522667,0.4553857225173191,0.49701252526905515,0.44342986596068373,0.41743221943250486,0.34219123497863896,0.27235978812767997,0.15025039011708827,0.1700561159391608,-0.4718414449998037,-0.780934983165031
2022-03-09,0.28572555597987415,0.4336870666099214,0.4783941572074653,0.42390074276213785,0.40224459577602895,0.3275776761288083,0.2609826914366416,0.1404488423435335,0.16303086036910072,-0.46695169665067,-0.7526772526305447
2022-03-10,0.29883150086698124,0.45101671311245667,0.49562454123970223,0.44001296910198207,0.4191405603253809,0.3455074102706514,0.2786401295887573,0.1598422618833632,0.1826445345560675,-0.44619259571668296,-0.7450240965836649
2022-03-11,0.31094604850444374,0.4598945041846993,0.5049289185856334,0.4502946407391756,0.4274335839674133,0.354109387002441,0.28432417903085977,0.1646165066613463,0.18562827930307316,-0.4437784587166195,-0.7547245072210639
2022-03-14,0.29168459913631134,0.43593437007889707,0.4777089589394637,0.42366861871200184,0.3992993676478944,0.3262285702967882,0.25375304351414946,0.13340777870408335,0.15534922296969517,-0.47524607096777033,-0.7669306701040823
2022-03-15,0.2414180922010714,0.3796495979957326,0.41969543587810165,0.36702309880554196,0.34177128674293267,0.27292340147045036,0.20044071079877773,0.08446285782442287,0.11085447949853795,-0.5088343776761056,-0.7502524698771778
2022-03-16,0.26781992561394874,0.4067857067141898,0.45054155120591166,0.3984206782600567,0.3721308380680139,0.30418276065368255,0.23449874144255026,0.11884454321640803,0.1465464146548144,-0.4750201970632415,-0.742840122677191
2022-03-17,0.27728347283471844,0.4208121651634825,0.4666458020127021,0.41683298058400353,0.3902176520836141,0.32800429673423204,0.25882196651091843,0.14152804927485635,0.17280784412522443,-0.4557490368881851,-0.7330325097229042
2022-03-18,0.2914229554318569,0.43884241299428567,0.4842969043718303,0.43243837163651394,0.40446550166468886,0.341668231692881,0.26768067857608857,0.15077015743634095,0.18064693838992207,-0.4488717478020112,-0.7402947032338689
2022-03-21,0.2970239573118149,0.4472638959537216,0.49410258605836643,0.4433324867583903,0.4151406476807302,0.3534806613314939,0.28183030702915324,0.16617670003991977,0.1966255789049585,-0.42571046557021136,-0.722734422882027
2022-03-22,0.30315379052813635,0.45182396579972794,0.49602263626834003,0.4448444733627691,0.4137262663476462,0.35152713889662285,0.27622903534901233,0.16030039381085948,0.18838320283280408,-0.44057480304722646,-0.7437285935753636
2022-03-23,0.30408568382305984,0.454819428458966,0.5001008788043961,0.4496472801104899,0.4182988303414356,0.3583686427106238,0.2816928105415912,0.16357248590797732,0.19262700240626585,-0.4474382242723133,-0.7515239080953738
2022-03-24,0.29397145554417803,0.4436663008222768,0.48693983896679255,0.43688651277692103,0.4063318171411415,0.3449727545330606,0.27013702720152494,0.15151147369195395,0.17961489562479827,-0.4546708706464556,-0.7486423261906343
2022-03-25,0.2957674865320187,0.44642612196003895,0.48569631133336916,0.4365375510722003,0.4046518863412468,0.34045420871806886,0.26375591437529355,0.14068375205371023,0.16761520885891434,-0.4710215937910006,-0.76678908032302
2022-03-28,0.2980539528369531,0.4466114024869831,0.4856545401433989,0.43336515110692725,0.4006530074600803,0.3346741931915805,0.2571315554774591,0.13479942644961512,0.16040904969978023,-0.4801176228571324,-0.7781715756940861
2022-03-29,0.2890668133193967,0.4351611102850146,0.4739121789510564,0.42186113708539963,0.38976561835141105,0.32384612961225434,0.24893356418795565,0.12520817414517804,0.15227494562883426,-0.4875050266989886,-0.776571840018386
2022-03-30,0.30209209794295916,0.44887123412596786,0.48959449940877664,0.43968730527379796,0.40840708890614347,0.341249310317577,0.2691508784854932,0.14528835596859796,0.1717755151523357,-0.47419806743509835,-0.7762901653780582
2022-03-31,0.3073992851918024,0.45222925799815267,0.4917108549626456,0.4414440251133081,0.4062803215009525,0.33801016268477646,0.2634240517654169,0.1390315755080424,0.16319288991242317,-0.48278117190848224,-0.7901804571002853
2022-04-01,0.31223375338350084,0.4525852298921673,0.49176424372005967,0.4403366209540955,0.4049353259735753,0.33549200718012845,0.2619916862645236,0.1352635188921396,0.16047263070629816,-0.5010722864232482,-0.8133060398067496
2022-04-06,0.3272300330195386,0.4669979534296981,0.5055887747890808,0.4525997388434828,0.41440545268759055,0.34023272391791226,0.2671025855161892,0.13919331509764057,0.16490145304521078,-0.4914941500228075,-0.8187241830423467
2022-04-07,0.3091259211437809,0.44465979538489886,0.4830612903696479,0.4290966389203108,0.389025794869918,0.31508141442834714,0.2445417632824589,0.11607897100654826,0.138944254628185,-0.5212016419404676,-0.8303275630842492
2022-04-08,0.3078407179121056,0.44064815075822505,0.47568893526737044,0.4207510807022077,0.38240844818052233,0.30753220740198867,0.23702099331450574,0.1088564455120328,0.12869743497590388,-0.5328208977014509,-0.8406616156135572
2022-04-11,0.2860673950268319,0.4127574000855766,0.4449429429656351,0.3909938717391787,0.351077601748394,0.2756477906786534,0.20358532315366829,0.07838472717071922,0.09534544713140837,-0.5614006976372944,-0.847468092664127
2022-04-12,0.30463714901403727,0.435026883379886,0.46716617192384996,0.411629352454973,0.3727641264704826,0.2935939757414274,0.2206246153776015,0.09253841503614026,0.11143225668663506,-0.5537821166798895,-0.8584192656939276
2022-04-13,0.2945771819648948,0.4232582210617476,0.45315607658443063,0.39465174641727874,0.355123368782865,0.2745399018723321,0.19731917033095137,0.06817740790543533,0.0825905141102129,-0.5884334317691122,-0.8830106137340078
2022-04-14,0.30028772540711973,0.43083600030219166,0.46346086084621535,0.4045156878165308,0.3650293633715064,0.283436797122579,0.20881643096850025,0.07433077341163086,0.09233663034082797,-0.5738301690030121,-0.8741178944101327
2022-04-15,0.28944324997287035,0.4157250086425515,0.4483381401719789,0.38870534747730834,0.3491976709863524,0.2667225015752601,0.19038132156883072,0.05452159541202927,0.07264351939431471,-0.5970096543325136,-0.8864529043053848
2022-04-18,0.2919395625828666,0.4224351083563083,0.45538020990900746,0.39692355477516517,0.36166079354906894,0.27812336890152417,0.20369089669528853,0.06466580466991803,0.08107620848757288,-0.5968225595648227,-0.8887621221476901
2022-04-19,0.2963707597322244,0.4300117559984309,0.4609650480739825,0.402396015180496,0.36546536099491295,0.2827903781303981,0.2054043690051929,0.06753402629605976,0.08631799232996121,-0.5915691142285256,-0.8879398739607509
2022-04-20,0.29105679095748993,0.42387033847518457,0.4541999863793476,0.3964407554787009,0.35696241551963737,0.27179358789549585,0.195962760590772,0.05484500305785931,0.06993966577835457,-0.6120307683704417,-0.9030875593279324
2022-04-21,0.2641009900741437,0.38968503980956143,0.4169867089606078,0.3604839255385921,0.31842596606535783,0.2320108634324449,0.15536246722973374,0.015393101254492302,0.026647607235490776,-0.656714948264385,-0.9208159383385295
2022-04-22,0.26616482185600643,0.3863625326336607,0.4110552461459625,0.35484481550078734,0.3094670544683194,0.22073283104402625,0.14391084694909795,0.004754058324471752,0.013071006993100197,-0.6745948271627582,-0.9407596490187653
2022-04-25,0.20276382099815612,0.3107481576662877,0.3319522367259952,0.2769071044929147,0.22927450855014214,0.1404012143800315,0.06192566723455793,-0.07381595193373958,-0.06702497336360175,-0.743436697593869,-0.9462005185920258
2022-04-26,0.1719559253047538,0.2779634633728061,0.2968267215680246,0.24040990368287823,0.2001794033223721,0.10856005759928652,0.033883584450263515,-0.10215910652335122,-0.09165495074160485,-0.7603769795310267,-0.9323329048357812
2022-04-27,0.19341493962591408,0.30531015477676127,0.3279775005858782,0.27724740459239944,0.2369438874218467,0.1484582806099612,0.07280518051359654,-0.06170849512784515,-0.05407069441022838,-0.729503668591852,-0.9229186082177668
2022-04-28,0.18435792796702496,0.28939149254419927,0.31299615343648435,0.25728358971742565,0.21931665048218776,0.1292991727984435,0.053780347890818925,-0.07981685572817608,-0.07829497451500925,-0.7515646471854353,-0.9359225751524609
2022-04-29,0.21659709505926023,0.3302602610110132,0.356542347885313,0.3041925261677456,0.26794756037745693,0.17733845614551946,0.10416146396533968,-0.0313438904487076,-0.029158461728374635,-0.7040722713813734,-0.9206693664406344
2022-05-05,0.22507956109008573,0.3453971429401749,0.371493803349598,0.3208495732309958,0.28346910819588267,0.1964184101401065,0.12296994904982671,-0.010267506071240808,-0.01074829138409742,-0.6777399284119607,-0.9028194895020473
2022-05-06,0.20993631115200254,0.33351695899362244,0.3610415525607811,0.31076259143892854,0.27291306796335596,0.1879543425393611,0.11210775910014516,-0.020323933701664167,-0.021766755256403827,-0.6931007013323749,-0.9030370124843782
2022-05-09,0.2220389827481585,0.3499765600511214,0.37467066496068163,0.3284219948141074,0.29009604261512484,0.2026579494923894,0.12696274869832797,-0.0017172603448614467,-0.005662767424648826,-0.6718344666295958,-0.893873449377755
2022-05-10,0.231192749909656,0.36216158422714295,0.38858247013249364,0.3422301355419343,0.30762950462389776,0.22158393963464398,0.1468195532689731,0.01965641139307354,0.017693652251691987,-0.6484377594093796,-0.8796305093190364
2022-05-11,0.22998770466380092,0.36292315174667655,0.39070285094429374,0.34496679086196613,0.30918316918340766,0.22560472916716137,0.1540235773411635,0.02395787241099936,0.026285843512699514,-0.6444126432503454,-0.8744003479141472
2022-05-12,0.23359548709104344,0.3730619141053449,0.40123398380092234,0.3541974551965294,0.3197527633914078,0.23368440562383364,0.16310955470648397,0.034932272204768744,0.034565337587836115,-0.6409140404279207,-0.8745095275189649
2022-05-13,0.2413420862780317,0.38100820393600665,0.40865981663875756,0.3603137739260217,0.325975678850552,0.23737692503595628,0.1683885935508454,0.042285356759105414,0.04151163009456701,-0.6365251323208471,-0.8778672185988796
2022-05-16,0.23995924264822577,0.38251092043451096,0.40896467864707664,0.36253899518071414,0.32823483930888414,0.23843116984190965,0.17148868914365306,0.04283977972193414,0.043958414809834444,-0.6338506677902433,-0.8738099104384699
2022-05-17,0.2377769805507031,0.3793409715131155,0.40747004927851965,0.3619249653379658,0.32672397012654425,0.2406352241856473,0.1714411669821727,0.044466461089244624,0.04598534262612282,-0.6427977081003574,-0.8805746886510613
2022-05-18,0.23943184459545644,0.38765647845696605,0.4163147715861077,0.37140133573063766,0.33696661964982144,0.2475730583697451,0.17915683622320702,0.05291474650680368,0.05094060275408184,-0.6380776845007681,-0.8775095290962253
2022-05-19,0.2417988796855353,0.39227326834193865,0.42151337737875694,0.378475479685119,0.3432794622522853,0.2539215971648629,0.18756960796275168,0.062261557868878145,0.06024379821976385,-0.6300129508651048,-0.8718118305506408
2022-05-20,0.2553399279274845,0.4066424609727441,0.43566073432826624,0.39099608817239007,0.35643927494406197,0.26736695206430494,0.19760817412542303,0.07308135701035173,0.06946369084155705,-0.627479915784047,-0.8828198437115323
2022-05-23,0.2644745530741809,0.419902687759796,0.44972587020797744,0.40774820159435354,0.373153122547308,0.2812750047301606,0.21138977748989846,0.08675927303851841,0.08238523137982037,-0.6191931440540234,-0.883667697128205
2022-05-24,0.23363475393224928,0.38123017843617935,0.4073067594401497,0.3638640398214502,0.3302527267160517,0.23714139017560876,0.16750946212862583,0.04065669929256887,0.036621810896527315,-0.6699419173321157,-0.9035766712643657
2022-05-25,0.25172753301586875,0.40289362444150156,0.4289169321490867,0.385875479227582,0.35124471178378586,0.25938198731182605,0.18832161501954453,0.05721521166656498,0.05546112958990651,-0.6529298887437739,-0.9046574217596433
2022-05-26,0.2633062284745603,0.4118191986180144,0.4359951457053597,0.3940377532597197,0.3574196307514574,0.2643946851703177,0.19168580951904546,0.05876184778507306,0.05585991091992429,-0.6561034487548894,-0.9194096772294503
2022-05-27,0.2635603289751422,0.41234561236991407,0.43638539799151016,0.39491074016894795,0.3589898938460998,0.2650157420779744,0.19108791517839277,0.05976350254277925,0.05592908826946816,-0.6533110906003472,-0.9168714195754901
2022-05-30,0.27056980401365055,0.42377205631404224,0.4480951775922701,0.406622671137173,0.3700664408662768,0.27513153941592505,0.2018693938167866,0.06802180875261067,0.06449479701581409,-0.6468993524757405,-0.9174691564893918
2022-05-31,0.280031002585288,0.4357114318145467,0.46207729557815397,0.419884439158386,0.38546137414177967,0.2891092573907044,0.2163848463076021,0.08121669941308517,0.07736625444980973,-0.6427842908747733,-0.922815293460062
2022-06-01,0.2829131505383825,0.44399688328353665,0.47027187895596834,0.42881176362214773,0.39431722591920393,0.29763557732624846,0.2256594414723472,0.0916772370406159,0.08471987910347092,-0.6383770984974874,-0.9212902490358705
2022-06-02,0.289194288943805,0.4526617777489147,0.48181683188779906,0.43872456615435673,0.40597530860459735,0.3116843381524872,0.2401644826770141,0.10249006228003484,0.10226417652935853,-0.627853214795653,-0.9170475037394588
2022-06-06,0.29617445150196753,0.4658173110447507,0.49730784437985254,0.4556420949368443,0.42474677231471575,0.3334830767947655,0.26153382020243443,0.1252866150704115,0.1265206066848069,-0.6092736651243634,-0.9054481166263316
2022-06-07,0.2966000790922249,0.4626469284576889,0.49169418310324364,0.44956124489847443,0.4214869950487032,0.32803181406308457,0.2559142771321223,0.12002614407973874,0.11684410319316109,-0.6168893816312373,-0.9134894607234628
2022-06-08,0.2984103789020289,0.4618873956126409,0.49100894544092977,0.4477848301946584,0.42013122505535927,0.3232498772264648,0.25425228823742957,0.11773137224314326,0.11363904538355799,-0.6237362935270487,-0.9221466724290783
2022-06-09,0.29215761200364476,0.44599414353781136,0.47330579798428674,0.42823874098403614,0.4014117390074152,0.30228314928459094,0.23229089842324893,0.09551178984232597,0.08768315924311959,-0.6523205384716932,-0.9444781504753387
2022-06-10,0.3033920452876721,0.4589501323870666,0.48785215877989324,0.44575172771008076,0.41984886051926806,0.3204172497599255,0.2508939493998571,0.1164802308968067,0.11038613818794135,-0.6286301355799425,-0.9320221808676153
2022-06-13,0.29607679560636274,0.4598782432353284,0.48847846661251954,0.4504663380732535,0.4243731254686658,0.32482733870873315,0.25737494259868743,0.12310069502391352,0.11922953966431209,-0.6220077178766866,-0.9180845134830501
2022-06-14,0.3058496283517771,0.4639091298991955,0.4893391789588483,0.45272614796999056,0.4228645871653011,0.32411121919985586,0.2547589370369556,0.12027792347643236,0.11550940490796906,-0.6274973495198285,-0.9333469778716064
2022-06-15,0.31504105470043325,0.4671711379114902,0.4908710057853706,0.4545503765257046,0.42234156554686175,0.3235193223020774,0.2518329166565065,0.11552975058072454,0.10750513421539885,-0.6403549798523064,-0.9553960345527405
2022-06-16,0.3124431325798638,0.4712610975091665,0.4963278536463536,0.46195621952032256,0.4314243729217092,0.33569358981369657,0.26264460489868174,0.12845822693849906,0.12101641377830583,-0.6277109646787721,-0.9401540972586367
2022-06-17,0.3113758808836123,0.47054899354378293,0.497748422132288,0.46413606060945256,0.4352399388218025,0.34077686587115164,0.2705734218254752,0.13696300572380607,0.13229708208307384,-0.6122572562405562,-0.9236331371241693
2022-06-20,0.3177314478585796,0.48215253074268355,0.5098580510686664,0.4771191492719097,0.44870476180202457,0.35695241355747637,0.28493345469043274,0.14741490771075175,0.14335730307662464,-0.6062681534506047,-0.9239996013091851
2022-06-21,0.31865744170570764,0.48218815379503366,0.5118023567620963,0.4767835457180179,0.44890068204314126,0.35216714731564513,0.2774876430461593,0.13895319425840003,0.13231747464268326,-0.6222485607684561,-0.9409060024741647
2022-06-22,0.3060406469543322,0.4674964294860016,0.49673591196840094,0.461334741070029,0.43279957688407766,0.3381887606330198,0.262316904837042,0.12467729345868558,0.12052354695268398,-0.6246648582589116,-0.9307055052132447
2022-06-23,0.31682917850090986,0.482119157124821,0.5143515510590844,0.4793108448567631,0.45142531301294997,0.3585695185774004,0.281143985393693,0.14824747584851278,0.14588105344371857,-0.590327206831719,-0.9071563853326298
2022-06-24,0.3205275361169876,0.4907219800767101,0.5243060553761825,0.4906857494505744,0.46242542016818444,0.3729653240667925,0.29381320532863725,0.16134445460119645,0.1604218994672455,-0.5797495226387003,-0.9002770587556888
2022-06-27,0.32400595477491845,0.498243050779517,0.5318414781350922,0.4993127608390155,0.4700656600140741,0.3816468323428596,0.3029177293558665,0.16976031090670116,0.17155657503962013,-0.5715483025937153,-0.8955542573686346
2022-06-28,0.3368387934732635,0.5149571407546901,0.5493510837229407,0.5164774529338263,0.48715956239809216,0.39553361797071784,0.3179115114687798,0.18186670933738802,0.18225061223292088,-0.5633982462878857,-0.90023703976115
2022-06-29,0.3291583171564967,0.5025805457123962,0.5356967999891206,0.5010358413906023,0.4662606016248877,0.37456975724603603,0.2953934511751476,0.15544396562286947,0.1504623392710004,-0.60993370931335,-0.9390920264698475
2022-06-30,0.3344870207656619,0.5092798463658272,0.5414339811997294,0.5098735584974063,0.47501022896098777,0.38522091446955026,0.3067939914007327,0.16610139699172435,0.16267251881410633,-0.5979962954018778,-0.9324833161675405
2022-07-01,0.33614491800030444,0.51038322609179,0.5399777408494171,0.5081819986541564,0.47555661692889023,0.3828650004295949,0.30350948012880186,0.16287443601851587,0.15746033710995078,-0.5991116466904861,-0.9352565646907914
2022-07-04,0.3402375781444808,0.5159857105162224,0.5464270674918001,0.5144609115965625,0.4802901023168137,0.3917061277961156,0.3113999373426318,0.17071048819313372,0.16416911730814632,-0.5905161696678869,-0.9307537478123685
2022-07-05,0.33744838831509155,0.5075400691574252,0.5384088769488297,0.5055285096811108,0.4713180451350276,0.3806788531618522,0.3041346250790926,0.15976155832711145,0.15400046606213752,-0.6012281489626494,-0.9386765372777418
2022-07-06,0.324223082542932,0.49651301057337255,0.5275007814610152,0.49533921883000176,0.4592609677969613,0.3721574061286918,0.29538709325325624,0.15254631925125695,0.1507181515695537,-0.6014301591740623,-0.925653241716995
2022-07-07,0.3261812060990268,0.4984503300368842,0.5312281701405612,0.5000452847032943,0.46515145946518294,0.37995648623992284,0.299355426376288,0.16060126699525074,0.1580019140520459,-0.5804772264760327,-0.9066584325750603
2022-07-08,0.3316779570001159,0.505741592583047,0.537863608396441,0.5066329849472576,0.47066182626349423,0.38519764800732675,0.3001272994403457,0.1589960774280395,0.15455251849446022,-0.5919330869291957,-0.9236110439293124
2022-07-11,0.3294502235665843,0.5033192881696021,0.5311565044909543,0.5002185554443012,0.46061798156730027,0.373494468338137,0.2881247920158514,0.14831958791462851,0.14093328825915563,-0.6007928957703567,-0.9302431193369419
2022-07-12,0.32648213577754065,0.49086899374151516,0.5173911599994521,0.4842291889648009,0.4451266392584635,0.3561410353621885,0.26890095561010285,0.1263884802765792,0.11895112927733767,-0.6267795294248304,-0.953261665202372
2022-07-13,0.33542779843185466,0.5023846838018651,0.5306593735419417,0.49825696136194264,0.4575295896390173,0.3695929260041529,0.28168983390088514,0.13758309752300435,0.12914068667755993,-0.6116152066988421,-0.9470430051306977
2022-07-14,0.32865717461223437,0.501120198004213,0.5310078058436456,0.5023191298823086,0.4636275758686848,0.37662473407310487,0.2917240626154149,0.14943212893614696,0.14701518470264657,-0.5837614056768989,-0.9124185802891344
2022-07-15,0.3037289329978893,0.4754640557232048,0.5047707604760396,0.48067922275827635,0.4446329070841732,0.35847371187385746,0.2778768126672352,0.13686677740755318,0.13565713025231985,-0.5820735494217029,-0.8858024824195933
2022-07-18,0.329213194547673,0.5059563869837137,0.5356755143269889,0.5102866300330862,0.46951297134780545,0.3836138747809438,0.2992690139315639,0.15875265847951264,0.15324059718287414,-0.55829153773702,-0.8875047322846941
2022-07-19,0.3376335554259745,0.5172381790680599,0.5486063221347643,0.5230517031932178,0.4830111681735782,0.3969941230680574,0.30946184475985117,0.16893623092819468,0.15850378293090692,-0.5540924164536715,-0.8917259718796471
2022-07-20,0.3438349700594817,0.5244196376198795,0.5576513533755948,0.5325793564469079,0.49145897412011486,0.4089534465895809,0.31961336728687395,0.17948266909094246,0.16862454132471227,-0.5460741356210151,-0.889909105680498
2022-07-21,0.3394121591757032,0.5198009743074421,0.5531548962024382,0.5290530945081348,0.48728697017300565,0.40475184307939893,0.31524736391535735,0.17885008128789778,0.16052289791688745,-0.5448053284110677,-0.884217487586772
2022-07-22,0.3391630758463382,0.5184665148846779,0.5510318814424457,0.5265728159902288,0.4853813775363831,0.40102133733295564,0.31072939372842284,0.17415415942787268,0.1566469163474381,-0.5459716702416041,-0.8851347460879434
2022-07-25,0.33658506810298094,0.5160363794353197,0.5462397406361087,0.5204477832004274,0.47847912920542457,0.39382755198486713,0.301589273079757,0.1627844183956396,0.14351090641614478,-0.5673963335016793,-0.9039814016046613
2022-07-26,0.342804831666608,0.5243956287912421,0.5553763872298436,0.5314545088281758,0.4884360449558116,0.4033405314351589,0.314681066330697,0.17522146835000532,0.1562397843526751,-0.5538215606958015,-0.8966263923624106
2022-07-27,0.3429493144055012,0.5284703149436865,0.5592485584760678,0.5380941087316032,0.4952979108355238,0.4120675777556295,0.3239924771966212,0.18663003283135207,0.1717642686603975,-0.5287117280416916,-0.871661042447194
2022-07-28,0.3463933510351335,0.5346444710332786,0.5683775850241137,0.5458935162194243,0.5034967604554443,0.42234927944354395,0.3327145310061853,0.19644793441960678,0.17766306714560534,-0.5202217877458648,-0.8666151387809995
2022-07-29,0.34059207654271895,0.5258214664919204,0.5618510061649549,0.5385985271149201,0.4967273252535265,0.41468057705867056,0.3256881159489193,0.18995889963975923,0.17369983730595065,-0.5143398263845375,-0.8549319029272576
2022-08-01,0.3386256984867183,0.5263981599002319,0.5660298985800274,0.5449439493323425,0.5021543014642946,0.4201940148234736,0.33490834033072414,0.19741616335378065,0.18572120532017428,-0.5050066726902406,-0.8436323711769601
2022-08-02,0.3068968791807667,0.4848124365865003,0.5219321319284104,0.5018456650833362,0.4606980785213173,0.3786085534747492,0.2917983066039463,0.15878439357004637,0.14543715690426645,-0.5342459072860428,-0.8411427864668107
2022-08-03,0.3001321474090998,0.4814408571149148,0.519688118983069,0.5027632841153108,0.4598697538386912,0.3785216084084052,0.2922744573732564,0.1583760495064419,0.13783585722412775,-0.5547135235934011,-0.8548456710025021
2022-08-04,0.3092500246340126,0.49647717879068154,0.5373992762950964,0.5185283401345588,0.47650908952237386,0.3956160822985895,0.30723655515578074,0.17240943332981018,0.15086763940322137,-0.5483873089116654,-0.8576373335456792
2022-08-05,0.32519437108241006,0.5124126348753367,0.5550125344044988,0.5360456241185694,0.4936416863085469,0.4118497362787455,0.32095640814016646,0.18525036498464653,0.1601211812938322,-0.5522252175332818,-0.877419588615693
2022-08-08,0.32906207523346775,0.519918477853261,0.5643816810464009,0.5458386025965676,0.5052924732946367,0.42569115172354755,0.33421713522111984,0.20330758960867834,0.18087361952166078,-0.5231998158043251,-0.8522618910377939
2022-08-09,0.3284213472999906,0.5196647798935528,0.5656495190604232,0.548105219302471,0.5073838573324138,0.4296153941626351,0.337918432989127,0.2074664586228971,0.1884588818295143,-0.5129226110002165,-0.8413439583002083
2022-08-10,0.3265029851611317,0.5194644803715895,0.567520620887576,0.5489929068652615,0.5088655283225755,0.43309265950714,0.34305634629184323,0.21306519034278282,0.19449592327152143,-0.5055121430496698,-0.8320151282108027
2022-08-11,0.34453211283538915,0.5389555577336238,0.58553042609749,0.5651652593521505,0.5250699401159262,0.4477919388944591,0.35718955836356275,0.2249368667398071,0.20231771766224121,-0.5092607085822402,-0.8537928214176305
2022-08-12,0.3491845089587702,0.5432683546026377,0.5882516075838268,0.5668238299068067,0.5235363853273841,0.44384312710541957,0.3481005199757632,0.21365744753766916,0.18688529350791835,-0.5289307586387498,-0.8781152675975211
2022-08-15,0.34660409212464943,0.5416623083706361,0.585157216956238,0.5651968383267111,0.5247397220753627,0.4458730723382994,0.3536155063421321,0.22288226420437265,0.20020631912873602,-0.5089669427042368,-0.8555710348288874
2022-08-16,0.3493111513631933,0.5452397900588014,0.590889811781241,0.5712851956441816,0.5301997260477773,0.4514167181547854,0.3613941956902922,0.2301322242093251,0.21198097537994484,-0.49158808170049295,-0.8408992330636874
2022-08-17,0.35457273105315934,0.5509975680139927,0.5961497544533589,0.572786107694438,0.5341164725163258,0.4536964179080821,0.3625539179669737,0.23076447226302396,0.2090072426316824,-0.4907706128941888,-0.8453433439473492
2022-08-18,0.3458140595876754,0.5430266387286877,0.5913987483018242,0.5698582215284144,0.5320388079698786,0.4551126852682686,0.36510137010622234,0.2404750899494325,0.22170873314772055,-0.46852074211471045,-0.8143348017023869
2022-08-19,0.3456743846941261,0.5389727933466224,0.5877632197724959,0.5639532146651064,0.5216296631537646,0.4424745083330794,0.3501736913671066,0.22026706545314528,0.19432497959709658,-0.5047993594252957,-0.8504737441194229
2022-08-22,0.35250934388123234,0.5483317235418754,0.596892512984695,0.5726777632607526,0.529263832916482,0.44904759172061764,0.35459244936279266,0.22743915669786174,0.1967290321707825,-0.5135704924539134,-0.8660798363351468
2022-08-23,0.35317203006464387,0.5487051028164592,0.5992095913996968,0.5732208192756072,0.5312337556232329,0.4519260384399297,0.35934358774976416,0.22835920181805566,0.20542107085604894,-0.4970959611263329,-0.850267991190978
2022-08-24,0.34047822372119496,0.5300314922727118,0.578015117623887,0.5493274623179671,0.4991499190645772,0.4212425280471953,0.3227882437823612,0.18954297596294228,0.15894599375866517,-0.550557431780649,-0.8910356555018452
2022-08-25,0.34938443448999446,0.5365516693720933,0.5820795546081469,0.5522237056391703,0.4976566544802332,0.41905079310365057,0.3165470771763925,0.17873796569437458,0.14281572591598918,-0.5795767438950675,-0.9289611783850632
2022-08-26,0.34898515609198755,0.5348960602481864,0.5797139229240102,0.5476996854913082,0.4940012412033857,0.4152044021521982,0.312299674362664,0.17418824813000508,0.13373295358868104,-0.59776077292702,-0.9467459290190088
2022-08-29,0.3530827687563713,0.5436780126716899,0.5879365597377367,0.5554855076108578,0.5013648124447959,0.42109649456145043,0.321937395822203,0.1826528824825996,0.14305305723342654,-0.5830018585779907,-0.9360846273343632
2022-08-30,0.3587407800428358,0.5500055392456549,0.5906729211427458,0.5589920757847557,0.5008323438415984,0.41835147086080055,0.3152554385659411,0.17292405291608284,0.1299760964407901,-0.6034099037931551,-0.9621506838359921
2022-08-31,0.3518695284206319,0.5390707292561661,0.5732729639676318,0.5401415657262008,0.47816823724084073,0.38949184584276986,0.28422719894695714,0.13566254873188943,0.08797394197700455,-0.6592509670255775,-1.0111204954462105
2022-09-01,0.35240363039688194,0.5366110571216125,0.5708472985185773,0.537028345075202,0.47541885181141,0.38695315596165963,0.2802959687468357,0.131025785388668,0.08134461116407987,-0.6669820161102235,-1.0193856465071065
2022-09-02,0.35611343882073393,0.5452779591067763,0.5816576081317434,0.5485697578281393,0.48845169238504776,0.400557387889953,0.2963272152403387,0.14658540645343365,0.10236073775059534,-0.6419381692037328,-0.9980516080244679
2022-09-05,0.36338259528131145,0.5499877553036314,0.5851617609101296,0.5510283272068863,0.4898324980432831,0.40258660162576393,0.29790833218190077,0.1462514645516179,0.10212718208157953,-0.6370322302308418,-1.0004148255121543
2022-09-06,0.3702508964930235,0.5581688722635914,0.5951013481103519,0.5618220977498924,0.4996606193647114,0.4140310063240481,0.309291572958706,0.16115504464687583,0.12045372981740779,-0.6072943824713164,-0.9775452789643411
2022-09-07,0.36664465254402184,0.5557658289563302,0.5926004291393548,0.5598577742573031,0.49890218277363896,0.41758733703833395,0.31463336432889544,0.16855988472666117,0.13304938717942685,-0.5838707140760045,-0.9505153666200276
2022-09-08,0.36479079068748604,0.5504806376343924,0.5855213317784161,0.5513483333018141,0.4898424609107138,0.40590892142648277,0.3031922718209262,0.156465136947411,0.11869637346659455,-0.6022743723882332,-0.9670651630757204
2022-09-09,0.3720540025671604,0.5568708789836359,0.5887733346823611,0.5553261830396343,0.49165733296483755,0.4070491885008504,0.30274803297315367,0.15342691758430776,0.10928485632933947,-0.618504223501579,-0.9905582260687404
2022-09-13,0.37212770950467744,0.5591711604124275,0.5934244849026135,0.5568536121572856,0.4959940979442426,0.4096108422946711,0.3040530588679915,0.15840898348701635,0.11430272549784169,-0.6162725626358997,-0.9884002721405782
2022-09-14,0.3658919048230285,0.552161549957463,0.5865331584626534,0.549301329661862,0.4874439391419555,0.3995566292339835,0.2945752618487839,0.14986184649685375,0.1068811527890685,-0.626177754529827,-0.9920696593528567
2022-09-15,0.3586024485321351,0.5393980640628111,0.5687581412630209,0.5310020941757122,0.4670614960271484,0.3747424951667269,0.2701750245533506,0.11841913431265025,0.07272350937424539,-0.6785396782034341,-1.0371421267355703
2022-09-16,0.32988046213853356,0.5078167864320728,0.540679521044204,0.5034247923316998,0.4421043067869352,0.3511285068503788,0.24868788959184746,0.09644229189193165,0.05450485719537457,-0.6896308668313431,-1.0195113289698778
2022-09-19,0.31889974066395893,0.49396272546157416,0.5266612675189958,0.48906282900412557,0.42811217765372495,0.3392910855067692,0.234075480504007,0.08650942428196076,0.042566757702797976,-0.7000808714188268,-1.018980612082787
2022-09-20,0.3224644686516559,0.5038045229179903,0.539278009918212,0.5025940501187973,0.44294631065785506,0.3550547629197607,0.24820891837273631,0.10495626694418753,0.06043271702531666,-0.6732540737917503,-0.9957185424434073
2022-09-21,0.33132020490021896,0.5116431577090573,0.5464667056378146,0.5074956431225485,0.44826988129910195,0.35824415235242346,0.2502451402185633,0.10577315041917908,0.056137880851403185,-0.6774660776000093,-1.0087862825002294
2022-09-22,0.3226764086277482,0.5018110537262762,0.5369575694873951,0.5012856661173306,0.44355117491973733,0.35379219857978456,0.24739362781913565,0.10554939424724481,0.058058836385634395,-0.6681790745432806,-0.9908554831710299
2022-09-23,0.3156087873375313,0.4862964297582498,0.5199612941902069,0.48213296641648395,0.4240382375391472,0.33454603496071345,0.22439800189268833,0.0808184099486628,0.029393382288334928,-0.7003235395957846,-1.015932326933317
2022-09-26,0.2907637374466289,0.4598738336749375,0.4962765466703118,0.45807014251318146,0.4018501410052358,0.3147558766055905,0.20515073021940988,0.0657631579263044,0.021833902868610776,-0.6943885988369183,-0.9851523362835483
2022-09-27,0.3098878284524278,0.48855490192353107,0.5237994215944485,0.485840474312158,0.42976330786134137,0.34231370709670855,0.23005369499637096,0.0899390264158888,0.04413720980274615,-0.6789828308074404,-0.9888706592598692
2022-09-28,0.2977288739240126,0.4693936761195379,0.5008286739870342,0.46106761084242853,0.4038727243099252,0.3130933105133389,0.1992196450415094,0.058742392661048984,0.008485967731465385,-0.7193514311078955,-1.017080305031909
2022-09-29,0.28961076041327427,0.46319444346326505,0.4942524571381898,0.4562345930166387,0.39887106395058886,0.3092830297326415,0.1975807664597143,0.05649435259816994,0.005118398058022623,-0.7237733723526512,-1.0133841327659265
2022-09-30,0.2900534100031949,0.46005260054732305,0.48833622119118203,0.4471763803246871,0.38917556259676905,0.29732982484358944,0.1841530271147183,0.03897186287475848,-0.020715771754238034,-0.7574431909062029,-1.047496600909399
2022-10-10,0.28056143362259206,0.44432022830665074,0.4713549307866522,0.4294905809927647,0.372264265968007,0.2802335838296743,0.16504648229400198,0.018957407704097803,-0.04169652059540485,-0.7836611600423172,-1.0642225936649103
2022-10-11,0.2831509541434504,0.4486170751209134,0.47699732417509855,0.43752245941662654,0.3786841029608422,0.2855817434459515,0.17042219030878153,0.023658505464041576,-0.035499268119608,-0.7717143223642388,-1.05486527650769
2022-10-12,0.3014988063624991,0.47249400269679154,0.5033799511295414,0.465217901083742,0.4053961997821689,0.31504425540367675,0.19865261827618796,0.0529400859621667,-0.0035267800580104647,-0.7332502032189095,-1.0347490095814096
2022-10-13,0.30448448012755663,0.48219406678978277,0.5172822357318354,0.47974461402882973,0.41702014981197544,0.3262319665787813,0.20915184922123214,0.0635080061735466,0.005564659500509833,-0.7282440302439623,-1.0327285103715198
2022-10-14,0.3187267619954646,0.5014812931112437,0.5381339485024459,0.501530669372143,0.4413680805389672,0.3506680957829337,0.2363504479053567,0.0902019090663588,0.03277055972138088,-0.7030384331146312,-1.0217651951100968
2022-10-17,0.32738685357346864,0.515612966618457,0.553306114317763,0.5206997677125983,0.4596643999709772,0.3698734051785665,0.2557349015653468,0.10755540040865035,0.048940929215187376,-0.691805483346692,-1.0191923369201616
2022-10-18,0.32568597801151716,0.516018776246567,0.5553175106672488,0.5218381781282124,0.46388689127992816,0.373519023818902,0.2611282006861352,0.11179536527220749,0.056345263122395774,-0.6844148920143359,-1.010100870025854
2022-10-19,0.3177136638092896,0.5079307244186798,0.5462106701095416,0.5136239750014323,0.45588151144966427,0.365550516282685,0.2509265072541766,0.10333682158289732,0.04729999439332136,-0.6917562391355574,-1.009469902944848
2022-10-20,0.31618731740886064,0.5074349403592284,0.5440327996685947,0.5130044011393493,0.45630649489591885,0.3636983664266647,0.2482286283458709,0.1000672719738233,0.04314307657444538,-0.70073064223528,-1.0169179596441416
2022-10-21,0.31636824873013936,0.5087421082733876,0.5447887687008472,0.5143341856616778,0.45660299270728333,0.36504904636654,0.24777445049653873,0.10160437221361632,0.04696521776861194,-0.698520116138138,-1.0148883648682783
2022-10-24,0.2994821079556555,0.4928320427080721,0.5285323321671296,0.4987873359227547,0.443059401394082,0.3519412061439378,0.23231783296021682,0.09084675028009259,0.038480296165872285,-0.7018353755682736,-1.00131748352393
2022-10-25,0.2971603537881224,0.4915757002325066,0.5247790712844046,0.49691182255345057,0.43770900695679077,0.347943520052365,0.22749371992234438,0.08524566312472194,0.032253257514969574,-0.6991932061858894,-0.9963535599740128
2022-10-26,0.3076912283001212,0.5094207274382405,0.545155492424823,0.5196824103617735,0.4603870344995411,0.3707965708421353,0.2525625487950652,0.11041276276236427,0.05690806642298445,-0.6769303708226795,-0.9846215991228016
2022-10-27,0.31246632307584316,0.5133193016232287,0.5475977386440692,0.5217637182687529,0.4611361614615973,0.36968660593908875,0.24754842421351234,0.10434720136618014,0.04569245095577267,-0.6982167963093707,-1.0106831193852148
2022-10-28,0.2821743834119449,0.47601048191670525,0.50724699538947,0.48239302026927355,0.4224264148925444,0.33436585672696273,0.21069858562945687,0.06734983066970877,0.013238311185258651,-0.7300701642819445,-1.0122445476938904
2022-10-31,0.2835701276804501,0.4845998114414145,0.5211843524958923,0.49558049103294816,0.4370715251351751,0.3466439553035798,0.22593225542548093,0.08269502761037767,0.028356250047839024,-0.7163114928099173,-0.9998816204903684
2022-11-01,0.3050592959480744,0.5094127954409436,0.547273516950599,0.5225237238685034,0.4663454127862253,0.37232402525983266,0.25376757149689794,0.11022858220745671,0.05206628203550859,-0.6922963253919231,-0.9973556213399986
2022-11-02,0.31191316152266335,0.5193543302095515,0.5583703731416678,0.5331831643488097,0.4791599793534192,0.38754011288800755,0.2680687250204814,0.12826047094304033,0.07060926034088681,-0.6767522427441084,-0.9886654042667727
2022-11-03,0.3100163695699828,0.5204360006265755,0.5606060057587166,0.5346867819465281,0.48325313876636544,0.3905283747987637,0.27259944739197944,0.13827108239502922,0.08025961208174467,-0.6656440245545785,-0.9756603941245623
2022-11-04,0.3248853651698666,0.5364361902031203,0.575133167992453,0.5504976478493203,0.5004199103738397,0.40918385743552593,0.29276903529443254,0.15773302843409087,0.09965965783079062,-0.6504889776248471,-0.9753743427947148
2022-11-07,0.3331848335126718,0.5462036681057414,0.585312354639633,0.5601068977732042,0.5081727790972677,0.4183200135649851,0.3004240050577132,0.16012641788420515,0.10014552594796751,-0.6542998505032999,-0.9874846840159728
2022-11-08,0.333851250082443,0.5458598365442898,0.5858214137839459,0.5602259298043284,0.5071327312820065,0.41769367913517585,0.29922002981066576,0.15615189083329023,0.09795417117937318,-0.6589370288524177,-0.9927882789348618
2022-11-09,0.3337325069043153,0.5466264697164362,0.587024206232666,0.5588927868126838,0.507259526565341,0.41893728063416513,0.2990905479990922,0.15635676729059772,0.0967180671242372,-0.6575029029554698,-0.9912354098597861
2022-11-10,0.3350306274243843,0.5474145397323785,0.5852286726441893,0.5569334964164081,0.5057089194668988,0.41315898892912384,0.29270025512622083,0.14791270141925758,0.08379432707990682,-0.6707786202707359,-1.0058092476951213
2022-11-11,0.34668961291693956,0.557266854720584,0.593177917223867,0.5656753540729269,0.5107283578833063,0.41705622589786867,0.2993061618082884,0.14908726792548696,0.08226326665074052,-0.6790248733844911,-1.0257144863014318
2022-11-14,0.3477852918638292,0.5577505845476396,0.5923362148968164,0.5638967871323198,0.5122311774119968,0.4164623155779826,0.2949001663658881,0.14459348346645112,0.07719828413410881,-0.6807272332453147,-1.0285125251091451
2022-11-15,0.35696910568253115,0.5721198180994929,0.6088765085730737,0.5823551302940337,0.5311025582239921,0.4365299742076308,0.31987331785788553,0.168562829734986,0.10481733478890952,-0.6558888416853386,-1.012857947367871
2022-11-16,0.35724118299582697,0.5741249872639739,0.6113073070345787,0.5834924890020806,0.5313401487402637,0.433443190162116,0.31609172697772886,0.16345417182354377,0.09835667601173395,-0.6667904067116761,-1.0240315897075043
2022-11-17,0.35997472032146166,0.5780365442950858,0.6170647755431343,0.5879825100208323,0.5371326319738838,0.43665442196706916,0.31999672644993177,0.16559018249769572,0.10136493329882464,-0.6558089490684925,-1.0157836693899553
2022-11-18,0.3536511272649304,0.5706850449609833,0.6100408496636718,0.581404030257326,0.5300983951119579,0.4298290630658531,0.3133626506270153,0.15663140609579534,0.0940980109546853,-0.6663756524301192,-1.0200267796950508
2022-11-21,0.35061769567814727,0.5695559371350687,0.609540139511583,0.5815029009293675,0.5309381706365157,0.43408842157701105,0.3182076939894742,0.16159760127252545,0.10344621755504645,-0.6533085478049875,-1.003926243483136
2022-11-22,0.35521216933074046,0.566557767716627,0.6038247037140908,0.5722785164600845,0.5211221666939236,0.4210998240026609,0.3030326489645305,0.1417123826104617,0.08408277374494585,-0.6840649291164311,-1.0392770984471729
2022-11-23,0.35868894993162437,0.5652506478935321,0.5998642738202196,0.5667626954611708,0.513850501931011,0.41323356465274735,0.29413293910897453,0.13365642831284494,0.07406790103551492,-0.6955597249799448,-1.0542486749115705
2022-11-24,0.35865184958756124,0.5674965660541103,0.6030126468080241,0.5696771916299936,0.5187590998114847,0.41654868552487445,0.29775558789568957,0.13814527388581022,0.07809552069498399,-0.6866023021647818,-1.0452541517523444
2022-11-25,0.3647322014662069,0.5665431843606985,0.5989706278816235,0.5642354032002344,0.5115333252358101,0.4060283441586662,0.2865027335602913,0.12413096666756168,0.058220954924363494,-0.70813156542881,-1.0728637668950183
2022-11-28,0.36109455912277527,0.5608525653363902,0.5940473509353417,0.5593606966872137,0.5056733443923418,0.39987854710990406,0.28141030134784,0.11943377538430747,0.05277610176743133,-0.7087780273456619,-1.0698725864684386
2022-11-29,0.38001899688190915,0.5814382868856586,0.6146280950329993,0.5797583825040451,0.5274593288333229,0.4186783080640833,0.3000507520420679,0.1381160820269808,0.06565606929459543,-0.6947722940756523,-1.074791290957563
2022-11-30,0.38012423197515227,0.5822021636119268,0.6142644110404983,0.5781471914667451,0.5253425487714535,0.4179320363100275,0.2979833087862866,0.1349480950666867,0.06269840458678444,-0.6969880837716677,-1.0771123157468214
2022-12-01,0.3826725074630859,0.589032644690107,0.6213288937220474,0.5864038546529061,0.5336273035009458,0.4292603341406062,0.3094979113477941,0.1460051466830241,0.07697039170328972,-0.6888410394996365,-1.071513546962724
2022-12-02,0.385801154806374,0.594307338689777,0.6292270292624803,0.5929619538950619,0.5405693466823205,0.43761304467375023,0.3148346221490646,0.15236657142124826,0.08532892978305313,-0.682654138600407,-1.0684552934067826
2022-12-05,0.40226066011875267,0.6087224297364285,0.6422912191590459,0.6031790298077558,0.5511179252325217,0.4445207736470284,0.32247748979123253,0.15397826017549676,0.08501127105214501,-0.6849669626691659,-1.08722762278792
2022-12-06,0.39888571372251813,0.604779489271896,0.63962694283346,0.5992975456790349,0.5479591993574146,0.4411521690201983,0.31973126548653397,0.14991044627002495,0.08017673219267231,-0.6963754915157974,-1.095261205238317
2022-12-07,0.3966945369306234,0.6022424873661141,0.6378572221667558,0.5983866473361985,0.5485014056548665,0.4418413157249695,0.3212039883461183,0.1539847641293754,0.0838277000709031,-0.6915795697791288,-1.0882741067097539
2022-12-08,0.3956908416716855,0.6001680887556053,0.634772009091855,0.5955877908155128,0.5438749328281677,0.4364682806813689,0.3161470188830943,0.14847702003000543,0.07970390408244779,-0.6936760716669426,-1.0893669133386297
2022-12-09,0.3944418367863927,0.598603557180328,0.6320470091115089,0.5925765104931079,0.5424439161466653,0.4355321447406725,0.31659515148029,0.1488333237129886,0.0770017350849703,-0.6945204024876739,-1.088962239274068
2022-12-12,0.3830658652870455,0.5891308385025745,0.6261535853126369,0.5870805751983169,0.5378076388139856,0.4339470113797124,0.3169492696799532,0.1518892562336446,0.07993434903737887,-0.6808837662074462,-1.0639496314944932
2022-12-13,0.38653135907824493,0.5920046873237562,0.6263935808334542,0.5859114324408163,0.5337067307764214,0.43001886759611874,0.31030745417581795,0.14564658883735954,0.06778708027261729,-0.6935419132412812,-1.0800732723195277
2022-12-14,0.3831210340908587,0.5898554669752798,0.6252248603941587,0.5854671573223302,0.5354933437535142,0.42991927418509757,0.30734181754598394,0.1416829105341419,0.0648092698325155,-0.706102755245291,-1.0892237893361512
2022-12-15,0.3830209168861375,0.5919166821878019,0.6286809817950894,0.5896263512391771,0.5398028694126371,0.4365292123397961,0.3106481855000166,0.14668966709661013,0.0696343448598438,-0.7019521627595435,-1.0849730796456825
2022-12-16,0.3786961537934196,0.5810294993039666,0.6177136850951414,0.5762097760765581,0.5275119650597014,0.4232210624264676,0.2989429213379067,0.13556945802350745,0.054426654083907205,-0.7119105035884962,-1.0906066573819173
2022-12-19,0.3544409857445877,0.5566803483560048,0.5933036513250113,0.553897273875705,0.5059258356679922,0.4016166946108383,0.2772965512202707,0.11452489544215734,0.0351076756859843,-0.7375580969671988,-1.091999082711788
2022-12-20,0.35475592926418803,0.5577294771076626,0.5944666134227881,0.5529253052844633,0.5041893992793954,0.39689676519264233,0.2723080889738475,0.10850201344874179,0.026990617852628504,-0.7568467260195242,-1.1116026552837137
2022-12-21,0.34916136633728806,0.5500385658967298,0.586062534542574,0.5447174955826959,0.4953959556951186,0.3893588850057261,0.2652121246604311,0.10079845382125457,0.01702381874388227,-0.7616203140470161,-1.1107816803843056
2022-12-22,0.335276809892336,0.5340078694655863,0.570747573681452,0.5309338645946486,0.4813340068315042,0.37471483948063666,0.2506027865503353,0.0859195800452112,0.003016512674516067,-0.777126695393161,-1.1124035052854984
2022-12-23,0.3343291549734851,0.5333050127216227,0.5691765696796801,0.5285887005596885,0.47974001449912695,0.37053532178701787,0.24684249235266786,0.082738425727975,-0.0017879955305191248,-0.7826105060625741,-1.1169396610360605
2022-12-26,0.34318491172977683,0.5455722989518221,0.5847455812729022,0.5436908121806524,0.4973009921400544,0.3872748548324463,0.26643162053370323,0.10505426321608963,0.019103186243401214,-0.7596296344789677,-1.1028145462087457
2022-12-27,0.34920444560643354,0.5523814588411294,0.5903462628056206,0.5487493166290707,0.5044025615941451,0.39374617222352376,0.2750563798210808,0.11164584109241207,0.021042529836434752,-0.7662619986689753,-1.11546644427541
2022-12-28,0.3430667320325759,0.5429130085178369,0.5789321139482383,0.5362797306173258,0.4916510167273299,0.3803930355735051,0.26142594625374505,0.09998019410138792,0.0076461824753157985,-0.777401849580293,-1.12046858161287
2022-12-29,0.33691947504853503,0.5364179625449058,0.5724917219545258,0.5302860207941483,0.48804779527804276,0.3761847900665854,0.2606061824866973,0.09779476442523119,0.008961277630853803,-0.780417442768221,-1.1173369178167571
2022-12-30,0.3448721959428891,0.5443946266485111,0.5809346073749563,0.5382438347692604,0.4952216833263664,0.3823900591662314,0.26535695236908313,0.10570083855501422,0.013716143541232097,-0.7776607078247323,-1.1225329037676224
2023-01-03,0.35870842549522697,0.5643721876388437,0.6030186748282711,0.5615997899440835,0.5192990150338535,0.4049620025486213,0.2900806577056967,0.13250724663538896,0.03934249976100608,-0.7484283568499921,-1.10713678234522
2023-01-04,0.3640239785302371,0.5700259344642262,0.6085505979660543,0.5678539982908921,0.5232768546580037,0.41021024330587075,0.29431553981317365,0.13491817755485216,0.04046411511843515,-0.7473527114554714,-1.1113766899857096
2023-01-05,0.3675121894000741,0.5740476208529272,0.6139115255027007,0.574543553262743,0.5298686040170668,0.41978887457487085,0.30345897275831724,0.14457122600559696,0.047459321515607146,-0.7438935116870588,-1.1114057010871339
2023-01-06,0.3652937238219794,0.5720102434740998,0.6137947966948142,0.5737302567713097,0.530218984322791,0.4179146233578072,0.30219662944753006,0.14377362912140737,0.04456844766091321,-0.7504359054077931,-1.1157296292297736
2023-01-09,0.3686768611523996,0.5770492447773632,0.6188655519964628,0.5803037669629075,0.5377235759542434,0.4242506419195645,0.3093366273115242,0.15067659816277096,0.051229897974519885,-0.74424339550088,-1.1129202566532808
2023-01-10,0.3634924045311345,0.5725089392202076,0.6160506089544042,0.578147971827955,0.5370012190364735,0.4244315123179954,0.3101262801993129,0.15225483266279266,0.051641230319396256,-0.743557040022265,-1.1070494445534005
2023-01-11,0.3595903827073186,0.5670480693647717,0.6087707437811227,0.5687034185682265,0.5289774174998538,0.41647891495486167,0.29996569876000334,0.14278577888346408,0.0398610560998585,-0.7584341645550879,-1.1180245472624075
2023-01-12,0.3603489645225962,0.5673550074069913,0.6128345166017201,0.5707496552041347,0.5301373635842292,0.4179646384784468,0.30056329350767996,0.14213792256761087,0.038381624624691545,-0.7629730146043231,-1.1233219791269202
2023-01-13,0.36783277238781764,0.5745187113424398,0.6184029258854122,0.5764153611962537,0.5349436406987469,0.42260519361900273,0.3042600175852005,0.1470672845958529,0.04096664071303111,-0.7680526110890933,-1.1358853834769118
2023-01-16,0.3782387347092768,0.5861966417761397,0.6311111339244905,0.5909018341399636,0.548162801758682,0.43440500237259844,0.31795875988935224,0.15988339780160107,0.04842783530072737,-0.7616506959020705,-1.139889430611348
2023-01-17,0.37876655093331074,0.5859878836287404,0.630502564106369,0.5891267080495414,0.5472978362491744,0.43299789860157795,0.3171598640184888,0.1596720482601598,0.04615963240550082,-0.7654552363599207,-1.1442217872932323
2023-01-18,0.38376432748763667,0.5927069354631972,0.6374529926870275,0.5969647483340386,0.5534932108190054,0.43881760516704926,0.3214562908845385,0.1612687302100815,0.04869298243467162,-0.7679214262987636,-1.151685753786401
2023-01-19,0.3902803807892434,0.6010160042144889,0.6454348679845794,0.6044094157002372,0.5618288710827924,0.44684594460347327,0.33046878177779676,0.16900337742323476,0.05536002231559649,-0.7690464827755423,-1.1593268635647864
2023-01-20,0.39919563746610454,0.6098224149030869,0.653693641265112,0.6139501967886762,0.5719083999904553,0.4556974762276859,0.33731051853551236,0.17486094235535818,0.06031418781872988,-0.7614779398892866,-1.1606735773553918
2023-01-30,0.40602711329114666,0.6214430441544845,0.6663601767909028,0.628416304526037,0.5868850880029285,0.4721389962955905,0.35226667602338124,0.18659976329364067,0.07509982608837315,-0.7480749275314339,-1.1541020408225813
2023-01-31,0.41069537630631175,0.6273113943279219,0.6726326246935063,0.6339527299160748,0.5915340181737598,0.4749086855848508,0.35455489024523434,0.18482250131525638,0.07417859152791495,-0.7513736725449595,-1.162069048851272
2023-02-01,0.4222125736780283,0.6423457272006623,0.6883552831359406,0.6524409110026615,0.6092854204605564,0.4929823724482131,0.37081883659723514,0.20256277344784002,0.0913711774672478,-0.7314747409392437,-1.1536873146172728
2023-02-02,0.4217263989134285,0.6436545382974432,0.6899158078266628,0.6551438888514047,0.6128276863954416,0.49693451956539847,0.37554685186039755,0.20822780085437118,0.09893584917103727,-0.7288461416389178,-1.1505725405523473
2023-02-03,0.4185582510381887,0.6412822631129181,0.68745123257553,0.6549840083865935,0.6114697660672883,0.4970866152026875,0.3760876682411427,0.20857260914513076,0.10231875490790236,-0.723868427778808,-1.1424266788169977
2023-02-06,0.4194182980480633,0.641221744820233,0.6876705750477887,0.6539204701769076,0.6105284169121782,0.49573956605508296,0.37269428897372425,0.2059119219647945,0.09730523921338313,-0.7293547044294133,-1.1487730024774776
2023-02-07,0.4257623896269116,0.6497024223769494,0.6966640364672188,0.6628800278842827,0.6195715008444443,0.5050038817340532,0.37908382560997306,0.21164111900230168,0.10213235100278022,-0.7281010604788138,-1.1538634501057263
2023-02-08,0.42123963307167245,0.645737025715081,0.6928132408054186,0.6588793424320616,0.6156922355327488,0.5001033947908513,0.3726027976710862,0.20546535894538961,0.09610251363221795,-0.7349683612371373,-1.1562079943088106
2023-02-09,0.4300442817760942,0.6572511501323832,0.7042202997591178,0.6716824576367517,0.6303813941095414,0.5165522611365102,0.3878956059160533,0.22202388039705256,0.11322529605048293,-0.7215446773118357,-1.1515889590879307
2023-02-10,0.43361942132392384,0.6604935377664268,0.705856469832595,0.6729520820444599,0.630170641896524,0.5143708938663013,0.38510856177188574,0.21779677733530578,0.10853258002298803,-0.7301383752213134,-1.1637577965452381
2023-02-13,0.4406483906792527,0.6686731507384549,0.7147488103588965,0.6820927984481379,0.6407545878287364,0.5249123389993743,0.39554305662677386,0.2300907585731058,0.12186245083940955,-0.7174316133643678,-1.1580800040436214
2023-02-14,0.4438265692294756,0.6719627545762936,0.7206835329789417,0.6864832531952085,0.6425576884089202,0.5264402421489112,0.3943922722855,0.23060413940426738,0.11747764070721382,-0.7232755601083681,-1.1671021293378447
2023-02-15,0.44103667253885614,0.6714349558743591,0.7198877604069011,0.6883254517273909,0.6447025269330646,0.5293702457783453,0.3963784382868795,0.23337067195531486,0.12174840861843843,-0.7128363733587756,-1.1538730458976327
2023-02-16,0.42531634647353667,0.6513794762634372,0.6992900441400527,0.66581212159657,0.6221854230688216,0.5075811577401665,0.3728696926598361,0.20817707476407238,0.09450018118829641,-0.7440296555224145,-1.169346001995952
2023-02-17,0.42795381118994774,0.6540364739470081,0.6990241867140222,0.6648988390953382,0.6194702779906638,0.5019170885791929,0.36577938606163196,0.19789807827024097,0.08302378032427375,-0.7650312319729342,-1.1929850431628828
2023-02-20,0.4399899045474968,0.6651482474180422,0.7107712357830951,0.677616282381256,0.6310643263056839,0.5146021264796016,0.3787630324389105,0.21207365722632812,0.09814809567782856,-0.748224267416548,-1.1882141719640458
2023-02-21,0.4463539582356976,0.671841026789147,0.7170813434721219,0.6836643278678753,0.6361253429816353,0.5202228881209655,0.3812467181386977,0.21693345174376105,0.09786366806248802,-0.7510241796678567,-1.1973781379035553
2023-02-22,0.4458496083670711,0.6729020070518426,0.7188371702200472,0.6859276165990201,0.6376991741279064,0.5217986011494812,0.3836476943260429,0.22021485820099243,0.10121133141511651,-0.7496843362973106,-1.1955339446643825
2023-02-23,0.44640569771898175,0.67276895112957,0.7175581727073993,0.685762023275247,0.6364977202328826,0.5192573866808149,0.3814912231359152,0.21837598299496358,0.096956410525878,-0.7597798680343505,-1.206185565753333
2023-02-24,0.44459180191054726,0.6709010195005782,0.715550012483595,0.6839427239729656,0.6348295473021903,0.5159999678747735,0.3783547889156714,0.2155323764452104,0.09301880496517391,-0.760960337185594,-1.205552139096142
2023-02-27,0.4390144380365225,0.6632707960810117,0.7073309728831333,0.6770909846512693,0.6254126934299922,0.5065967919740666,0.36914264593687646,0.20670844142952033,0.0849713201359385,-0.7750883380747978,-1.214102776111321
2023-02-28,0.44911765576879353,0.6742116858349265,0.717064143583827,0.6876413235167117,0.6342470318251873,0.5151911745892807,0.3784072940355922,0.21494750950247846,0.0915796695557048,-0.7639220329168938,-1.213039688685688
2023-03-01,0.4546500959555481,0.6799907789398978,0.7232950785736162,0.6951498777881339,0.641705539624486,0.5238723518952026,0.3878275794896538,0.2230596553381148,0.10212090317117903,-0.7449341298201199,-1.1995842257756686
2023-03-02,0.4570609255843402,0.6785784661048121,0.7207039482184955,0.690571976879486,0.6376389226892107,0.5175355611281762,0.38186671709828973,0.21714256867622778,0.09465967679454854,-0.7479885891092204,-1.2050495146935611
2023-03-03,0.4618484621714617,0.6810495982433996,0.7229212549791213,0.6906803565417696,0.6371151804812759,0.5179380033990055,0.38135787544841593,0.21664017291800403,0.0910712156151958,-0.756173390737785,-1.2180218529092472
2023-03-06,0.4612067825382162,0.6814737518318101,0.7231001060558749,0.6912570632329965,0.639091247251131,0.5205113312482377,0.3835912249682264,0.21941894194807815,0.09346035682699587,-0.7528707654900381,-1.2140775480282548
2023-03-07,0.44949754860105273,0.6646529972032705,0.7044848469728818,0.6712414373389439,0.6179004458453089,0.49706425976440843,0.359000391807547,0.19514757795457874,0.06861480110951881,-0.7776128664698083,-1.2271104150708616
2023-03-08,0.4531435979805348,0.6696844046520117,0.7108744386930428,0.6782633041656999,0.6254811512922885,0.5060717278304999,0.36981536788005176,0.2046863388721167,0.08135689401022374,-0.7632909835355339,-1.2164345815160693
2023-03-09,0.45528736485376,0.6715602216957755,0.7138873479975378,0.6814904082515078,0.6267921941100388,0.508633283567362,0.37189245891881084,0.20719012569133566,0.08474988837790068,-0.7636309307074058,-1.2189182955611666
2023-03-10,0.4415601266468163,0.6569703710113656,0.7002350838480125,0.6692398478007453,0.6128560288139316,0.49519846235802056,0.35764658238757074,0.19407064377249583,0.07209324047318585,-0.776524553176503,-1.2180846798233202
2023-03-13,0.4408968399158716,0.6547480369586035,0.6982256353441121,0.6685013543435085,0.6140495078423496,0.4959104633457635,0.3611376841572388,0.19757498579818814,0.08102851887462545,-0.7626869743643211,-1.2035838142801936
2023-03-14,0.43082729607989884,0.6414646777478716,0.6851165862768465,0.6550867181912107,0.6011235803935338,0.4829795110812709,0.35094249064557725,0.18953806114292135,0.07015100642464864,-0.7744525102624202,-1.20527980634232
2023-03-15,0.4453225456422096,0.6568952755989811,0.6983596956626343,0.6673130952862389,0.613031761273538,0.49099755751024576,0.357288019033014,0.1939887404470254,0.07252628718080038,-0.7795539470412226,-1.2248764926834332
2023-03-16,0.4358732736982583,0.643024561962545,0.6816495988982152,0.6512573312899707,0.5956012564126971,0.4724955401652825,0.3402333925453444,0.1742662585084917,0.05471156632638435,-0.7924111301216736,-1.228284403819933
2023-03-17,0.44037800542417477,0.6486666890763009,0.6868019790848363,0.6569699882494758,0.5993547367828987,0.4785725504626738,0.3469711524142521,0.18224335873975134,0.06589240493797807,-0.7749495780411682,-1.2153275834653439
2023-03-20,0.4355553535413818,0.6450103308587979,0.6847921460263987,0.6543103539474854,0.5950677772720981,0.4773502677727279,0.34529098038911293,0.18064648335536482,0.06212733305874805,-0.7826451862560344,-1.2182005397974172
2023-03-21,0.44349372432596057,0.6585301500981036,0.7005915382830898,0.6719275484231866,0.6133748180995712,0.4954732796520711,0.36208737965405596,0.19940846047007915,0.07859967552290467,-0.771098747980955,-1.2145924723069164
2023-03-22,0.4479554196562959,0.6641376589055459,0.7062286344384732,0.6797625859547641,0.6194473541108619,0.5022259335331789,0.3675932140532395,0.2052850616240229,0.08518991811818093,-0.7635348700242881,-1.2114902896805848
2023-03-23,0.44732625449155305,0.6635845604305088,0.7042432170511699,0.6796514581853131,0.6191742642126951,0.5019303768839667,0.36719402252263017,0.2062333672148004,0.08856649151747532,-0.7577780042536281,-1.205104258745182
2023-03-24,0.4467202801346381,0.6645647457647379,0.7045761651624988,0.6801071261966786,0.618598620185057,0.504297927927775,0.36718581949686896,0.20661800497827817,0.08961156723769685,-0.7555769138651753,-1.2022971939998142
2023-03-27,0.4414041537095216,0.6596321669555015,0.7011937362953327,0.6787637264682543,0.6179598742266188,0.5029589270413133,0.36758132810940014,0.20849947149869164,0.0909073084273917,-0.74434155451493,-1.1857457082244522
2023-03-28,0.43957027571931334,0.6546225389046886,0.6944054955976731,0.6719982967643547,0.6097391431274217,0.4955783511391123,0.3580669802828724,0.2004210292623389,0.07972309581392067,-0.7642502090415791,-1.203820484760893
2023-03-29,0.43097052465043884,0.6457162693218946,0.6861797930584824,0.6660866825704821,0.6048295574903838,0.492273536448988,0.3560740387928542,0.19851844499452392,0.08001371425152913,-0.7604057016676788,-1.1913762263181182
2023-03-30,0.42993514888449014,0.6427597849339577,0.6838003274763578,0.6620522727253095,0.6038384574512626,0.4901499997641258,0.35602972498876095,0.19700212004389703,0.07669424302306903,-0.773681402565128,-1.2036165514496187
2023-03-31,0.43520248698749525,0.6498363384775218,0.6911136574405624,0.6693713841885197,0.6118498632575795,0.4985695699353318,0.36592607997031723,0.2077082341792542,0.08802869647520467,-0.7549888847375776,-1.1901913717250734
2023-04-03,0.44146596677916783,0.6548998616820735,0.6971670456110736,0.6756100810591028,0.6190077299318862,0.5065390721463419,0.3740640934293943,0.21574408534724795,0.10042082522120994,-0.7214800348793321,-1.1629460016585005
2023-04-04,0.4358094455019871,0.6441351186841368,0.6855740864640837,0.6641940414343462,0.6071783672091712,0.49581800927506003,0.3636479232779645,0.20595631861218502,0.09315597683799996,-0.7204556175625016,-1.1562650630644893
2023-04-06,0.4301583733243884,0.6394795180259727,0.6820657225855277,0.6622065589721496,0.6053343510299276,0.4955947504059751,0.3663171407148328,0.21011003343649776,0.09993649260657418,-0.7185055382422455,-1.1486639115666344
2023-04-07,0.43603487812793995,0.6488972777491381,0.6909149635913693,0.6693257478921795,0.6161531515454985,0.5047773169119318,0.3772508741104545,0.221979911932534,0.11202946086449203,-0.7025215671705489,-1.1385564452984893
2023-04-10,0.43068488088998713,0.6386464864818145,0.6796667394090019,0.659826935370248,0.6050559137577483,0.4959569493630529,0.367201837838914,0.21131301150183085,0.10235254429794224,-0.7375169237581332,-1.1682018046481208
2023-04-11,0.4305538672591342,0.6390035714485762,0.6794080959942439,0.6574876505310864,0.604490211044776,0.4972456493486939,0.3664352329143774,0.21199136422900386,0.10553385255485809,-0.7226523654695322,-1.153206232728667
2023-04-12,0.4350529108569235,0.6432195157281232,0.6841438362199452,0.6633991257176625,0.6097523557209108,0.5030740537725782,0.3755880117985415,0.22042717195751316,0.11667052995765427,-0.6946760903152874,-1.1297290011722114
2023-04-13,0.4353507765331588,0.6423141439160014,0.6827618801885534,0.6588185940417822,0.6047228929420294,0.4977919945149606,0.3692135580272678,0.2142951739236987,0.11067640336474671,-0.7086820007437228,-1.144032777276882
2023-04-14,0.4373338443983625,0.6443991383750682,0.6853448464487032,0.662996876166628,0.60801335220035,0.5019714363568111,0.37362764980345314,0.22118066397934166,0.1215569681129845,-0.7041750366013166,-1.1415088809996794
2023-04-17,0.4468718986292742,0.6508149009063529,0.692360589134037,0.6673191097824215,0.6114624164009338,0.5025513693652476,0.37455767370775783,0.22156535048039275,0.11669527074623975,-0.726676751107664,-1.1735486497369385
2023-04-18,0.44503580555920297,0.6454952424434566,0.6877329674190187,0.6613382112776175,0.6039253386150497,0.49465411033212314,0.3668524786490083,0.2149017404879953,0.11082255491656037,-0.7271313381885587,-1.1721671437477619
2023-04-19,0.43879414852197957,0.6369237296294752,0.6805398534303427,0.6530948456468624,0.5979647463453834,0.48972563740550673,0.36328750830662293,0.21252476629796085,0.11177166215576077,-0.7204886423618468,-1.1592827908838266
2023-04-20,0.43226237174162196,0.6268225655675962,0.6688713555577304,0.6435004275740505,0.5858453965962074,0.4785636755234419,0.35598057885709017,0.2070566297848107,0.110924709682236,-0.6911523780879189,-1.123414749829541
2023-04-21,0.41659261882802545,0.6073825227687799,0.6485033250064423,0.6227773269037886,0.5633410554427946,0.4525048888327124,0.327581752414285,0.17663518443857595,0.07497851116675724,-0.7453663754982932,-1.1619589943263189
2023-04-24,0.413348280649026,0.6045277958039549,0.6462007906706321,0.619374603167452,0.5576753831146221,0.44653159261666264,0.3209329253142373,0.16873426264273741,0.06395471944879966,-0.745049456140526,-1.1583977367895522
2023-04-25,0.40246513713359455,0.5841673380844832,0.6264494381061225,0.59616079473752,0.5351754799953432,0.4236443820249923,0.2965255296320061,0.14640023300955946,0.03653344513828119,-0.7660188347078283,-1.168483971841423
2023-04-26,0.4117849161813961,0.6007140437024809,0.642200723814351,0.6114699947185843,0.550131522621076,0.4414086378181087,0.3109746353343999,0.15857543036660324,0.03842624066963792,-0.7895349500145624,-1.2013198661959588
2023-04-27,0.416731369544706,0.605613056807988,0.6465315376237446,0.6179668643393714,0.553410210064244,0.4434385843311626,0.3130600952798775,0.16041103431651904,0.03932686345338672,-0.8110903580301513,-1.2278217275748575
2023-04-28,0.43079493107022815,0.6219605691466932,0.6644226961786676,0.6346200807600317,0.567994842429533,0.45897142643202316,0.32845436432914865,0.17643191303638964,0.06462333179983065,-0.7672267375191489,-1.1980216685893774
2023-05-04,0.4445699913216715,0.6340564776574847,0.6739515407232367,0.6407875840451122,0.5735198502431509,0.46128651837830265,0.3306005872104769,0.17498108420008635,0.06464363119695872,-0.7750515198748663,-1.2196215111965383
2023-05-05,0.4424884420913106,0.6302781672905646,0.667058820497061,0.6320507400122956,0.5634132785537015,0.45100043288184877,0.3195017987870151,0.161276036794401,0.05432207725976608,-0.7851298992342758,-1.2276183413255868
2023-05-08,0.45288571610867573,0.6366379743652978,0.6722823723897074,0.6389503480448572,0.5670787901216344,0.45501491138432787,0.3236719642348074,0.16439994349711456,0.05947582373025546,-0.7763390864536084,-1.2292248025622845
2023-05-09,0.4496684783078594,0.627562485480562,0.6628228848687692,0.625997737400346,0.5516009987385684,0.4398319655512234,0.3058173229604291,0.14369610110221975,0.036325578129582724,-0.7983556542122184,-1.2480241325200783
2023-05-10,0.45052181104088596,0.630984132794007,0.6676134446886364,0.6323313296496947,0.5586029783440628,0.44610743415012033,0.31345378886440695,0.152359497005054,0.04193805047850073,-0.8003299913958277,-1.2508518024367141
2023-05-11,0.45713366537416333,0.6372942554398839,0.6737043286797696,0.638831872756166,0.565020189703695,0.451922455306649,0.31760219219187846,0.1560527132714376,0.046323079031530254,-0.7963855422476426,-1.2535192076218062
2023-05-12,0.4533971310567159,0.631635117395652,0.6668721998601062,0.6292320592331496,0.5553755038566813,0.44064138558426713,0.3082545997612303,0.1464278245367569,0.03644602086726023,-0.8145841863836267,-1.267981317440343
2023-05-15,0.4583006860987529,0.6383552606621308,0.674869561404227,0.6391242909932394,0.5666607439960526,0.45265718912905345,0.32081524271048234,0.16072962530574045,0.04913734507146039,-0.8123837953206609,-1.270684481419414
2023-05-16,0.4528254049590453,0.6333697641431579,0.669212287214585,0.6340517062482338,0.5630519813536498,0.44848957824732394,0.31474524260349146,0.15673769354115435,0.042711195376932055,-0.8341411224515929,-1.2869665274106383
2023-05-17,0.45791348078621724,0.6413340657544111,0.6781031447304036,0.6448576227662002,0.5747454353005707,0.4584097482101785,0.32579671913095,0.16653632084626513,0.05412114950614808,-0.8189832111695724,-1.2768966919557898
2023-05-18,0.4559686898575199,0.6419364129893138,0.6800317327001936,0.6473840841110239,0.579180718106458,0.46050462640579787,0.3294236521388816,0.17134815900533837,0.06141340052708606,-0.7939007483707523,-1.2498694382282722
2023-05-19,0.45225024852871876,0.641120548790952,0.6807458794925108,0.6480769799188097,0.5839951896009676,0.46660974908069125,0.33391157411588246,0.17648007291033388,0.06571842940495903,-0.7993744902987413,-1.2516247388274602
2023-05-22,0.4572379971052245,0.6481755756481629,0.6856838126437341,0.6568283698909722,0.5910960379488687,0.4722332834042536,0.34343549260591144,0.18174895658709414,0.06633448746670606,-0.8098546635570522,-1.2670926606622768
2023-05-23,0.44992943240965283,0.6408999511283402,0.6787372372808868,0.6502955026157564,0.5843812396924783,0.46504313980461154,0.33494140490424823,0.16942470692458664,0.055753073994956145,-0.8307425418331504,-1.2806719742428034
2023-05-24,0.44443973240538037,0.6369498708964483,0.6759780235014138,0.6483184292942531,0.5813675683387074,0.4636665446730691,0.33479139644756434,0.17064135347462386,0.059175883069563145,-0.8229865174505465,-1.267426249855927
2023-05-25,0.44246451704867223,0.6370703703282068,0.6763978428253147,0.6486704935172594,0.5812430872035839,0.46246989257137144,0.3352713541725898,0.17248232036233085,0.05751623967453547,-0.8234442509614974,-1.2659087680101697
2023-05-26,0.4452706511516236,0.6396417907922775,0.6785498333467724,0.6511024052199856,0.5848919716217105,0.46615824245836823,0.33816328091792913,0.17898777226996973,0.06294130036782387,-0.8059346668183689,-1.2512053179699925
2023-05-29,0.44017782974087805,0.6330424406245531,0.672835043443542,0.6440202348703589,0.5781589243030865,0.46064872939287926,0.33482834198321937,0.17660841262185328,0.061548871566870236,-0.8004744939937986,-1.2406523237346765
2023-05-30,0.4406775629899214,0.6352635497086172,0.6747308111860002,0.6455599661361395,0.5805573445159353,0.46380915727175764,0.3388577859869266,0.18081153251551302,0.06619163410163734,-0.7804560390239194,-1.2211336020138406
2023-05-31,0.4347722331391087,0.6298360323283204,0.6706719174955087,0.6416001591683139,0.5762299419116114,0.46204683670994207,0.33535225339149793,0.18060382643948591,0.06793390177766492,-0.7750747275138259,-1.2098469606529343
2023-06-01,0.43535796337802257,0.6315381082404817,0.6724515774975973,0.6425904174528949,0.5764145222533272,0.4643640692701472,0.3379116242748878,0.18594742833014408,0.07110264443647098,-0.7608775954352835,-1.1962355588133058
2023-06-02,0.4446570609803602,0.6421459465384771,0.6833340390053066,0.653445332384327,0.5891770090151905,0.47357017011127994,0.348238845705964,0.19070110200975118,0.07452248153620758,-0.7639967810534326,-1.2086538420337924
2023-06-05,0.44576230110230747,0.6440605937046151,0.6856130428490695,0.655122481359079,0.5898758598937958,0.4744653917039498,0.3498874382985262,0.19360485638981556,0.08128238539787255,-0.7480304478852119,-1.193792748987519
2023-06-06,0.42824948320955486,0.6252213001831874,0.665286855868362,0.6343347540134991,0.5686703433894956,0.45457552696234643,0.3304699610982674,0.1718088283285306,0.05988272399538978,-0.7718005403211448,-1.2000500235306992
2023-06-07,0.42875505491368504,0.6263323830311678,0.6662200416107694,0.6351967301827258,0.5713451768765132,0.45646342294014075,0.3333756504302398,0.17572452205286335,0.06990778719823842,-0.7538639789086385,-1.182619033822323
2023-06-08,0.4324189811941493,0.6256290909981116,0.6651706647051612,0.6317191716763415,0.5679173525342356,0.45324298442903144,0.32822400540621083,0.1680282928454987,0.05916749855221023,-0.772577569717463,-1.2049965509116118
2023-06-09,0.4319522809314221,0.6252651146402786,0.6667747340501822,0.6334715402000628,0.570868016704261,0.4595170733800147,0.33322994757847074,0.17836098753047724,0.07127850835532892,-0.7547389590059843,-1.1866912399374059
2023-06-12,0.4354799380361084,0.6334837417531958,0.6740353486550219,0.6428273337772954,0.5811033999787208,0.4677261843785509,0.3417635943187414,0.18604853596172474,0.07811757972164046,-0.7529252361737282,-1.188405174209836
2023-06-13,0.4359854484247913,0.6346347385982568,0.676554380051773,0.6456578696452964,0.5856828622033728,0.47263037994459783,0.34486998065026647,0.1912168928709552,0.084250907129397,-0.7414205288050294,-1.1774059772298202
2023-06-14,0.4350229648242972,0.6356234002925691,0.6755961513018255,0.6453436626647813,0.5871155491316838,0.47236499602555204,0.34512915802761374,0.19281703735926636,0.08649023782392777,-0.7377014226028509,-1.1727243874271476
2023-06-15,0.43784310525868697,0.6387729271258787,0.6794458785429396,0.6511663228587566,0.593886405614041,0.47975981762525927,0.35198931968243186,0.19738489027745507,0.09155280989218809,-0.7404523229493926,-1.178295428208079
2023-06-16,0.44173026355960493,0.6436481723292473,0.6845900378807181,0.6568710980367776,0.5991987122948069,0.4854839139818136,0.35802660631440664,0.2037427307838231,0.09996207908432365,-0.7248820414305028,-1.1666123049901074
2023-06-19,0.43324426076035816,0.636172826630302,0.6800694379414541,0.6532111159661576,0.5955085624592031,0.484186848610426,0.3574665725687328,0.2100389736728144,0.1063063882804938,-0.7044277478349117,-1.1376720085952694
2023-06-20,0.4252924836742053,0.6299757243543208,0.6732778519815721,0.6479218373270724,0.5937726460764975,0.48053921246691195,0.3555981751033429,0.20803279786533985,0.10565446397172835,-0.7046883603840263,-1.129980844058231
2023-06-21,0.4177299130562894,0.6217381263993884,0.6646271597810203,0.636105629885072,0.5805897048953469,0.4670570813658593,0.3400066571491875,0.18934980841464685,0.08434693608981766,-0.7452764300351427,-1.1630063430914317
2023-06-26,0.40632327903009263,0.6104550402235505,0.6504409294717546,0.6233198890979379,0.5657672683998404,0.45054911885259075,0.3226530732881408,0.16986565376842627,0.06167492384181842,-0.7848790947735532,-1.1912023738036455
2023-06-27,0.4225912606551317,0.6320433215897527,0.6728328001733751,0.6441493227072237,0.5881332051690805,0.47135081030884357,0.34094935617038813,0.18632237763497142,0.07688466380780697,-0.7736113386914256,-1.196202599346557
2023-06-28,0.4262578717813024,0.6355091389046099,0.6746303653758975,0.6448138255706868,0.5869771648999387,0.46893523661100406,0.3387377872790045,0.18196880203515897,0.06725299198845036,-0.7910844109350413,-1.2173422827163436
2023-06-29,0.4279955686864659,0.641753825265778,0.6822069195800504,0.654513518264933,0.5958835719224966,0.48101659702281896,0.3492733636506461,0.19347235771026447,0.07933635294504095,-0.7752766498786091,-1.2032722185650748
2023-06-30,0.4387483547911758,0.6539200145096695,0.694931877533357,0.6674140495712215,0.6108724238490992,0.49465066624976817,0.36196779723704103,0.20583952075603254,0.08829802135001244,-0.7649741410179182,-1.2037224958090937
2023-07-03,0.4481650320253467,0.6622668605057374,0.7025350645470739,0.6755588202034624,0.6167634945090327,0.4997370399739291,0.365699816347923,0.2097096792626709,0.08756136772077483,-0.7768907920348114,-1.225055824060158
2023-07-04,0.448128562811031,0.6650492481798854,0.7058626637800387,0.6803405408052811,0.6233376636265089,0.5059300524398734,0.373366712901065,0.21965246985272446,0.09862312143494646,-0.7654185359569217,-1.2135470987679524
2023-07-05,0.4473924748058484,0.6633901133112471,0.7045939392831423,0.6775072437186689,0.6188604648192871,0.4985673152744492,0.36613853989795037,0.20846286664993133,0.08580489794895252,-0.7795059224181463,-1.2268983972239944
2023-07-06,0.4445447169514853,0.6619707929562496,0.7023513609797456,0.6747163447723287,0.6157431396151235,0.49692145471731597,0.36497778418645477,0.20757918362290043,0.0858433052516806,-0.7714981523922694,-1.2160428693437544
2023-07-07,0.4481597145007093,0.6638015480439842,0.7020781579586886,0.67217034001638,0.6115622211439861,0.4910174027382517,0.3564549911062032,0.1994501475820925,0.07449837792172988,-0.7875793764866637,-1.2357390909873727
2023-07-10,0.45117808730051906,0.6674932780349165,0.704916890623537,0.6764457330457146,0.6137688874868534,0.49315170099754857,0.35841805246570124,0.20092379690694387,0.07252013650263876,-0.7963780484094659,-1.2475561357099847
2023-07-11,0.45575122023408066,0.674181845440812,0.7124268066787909,0.6856895404429493,0.6229766228482478,0.5024717821687394,0.36738330560110793,0.2120565752882416,0.08224438880377949,-0.7882774246296728,-1.2440286448637532
2023-07-12,0.44926673977121806,0.6676574709638065,0.7036110076465301,0.6765234718043234,0.6118545542889735,0.4906714732873515,0.3544285780846748,0.19939981623913977,0.06686268680506305,-0.8122563336665353,-1.2615230734377532
2023-07-13,0.4576097138964505,0.6760199624108553,0.7119344651622513,0.6858067787642722,0.6232284146094126,0.5023435826193814,0.366443782904379,0.20981363516354468,0.07845765111489307,-0.7985056029498203,-1.2561153168462706
2023-07-14,0.4561330391435001,0.6747730030893115,0.7098286550322411,0.6838002086775512,0.6218451368702917,0.5017711587898661,0.36871017140030454,0.21010221892766834,0.0779311941170708,-0.7931406486826819,-1.2492736878261819
2023-07-17,0.45588096141599205,0.6750385233956141,0.7103803991075781,0.6834017030393488,0.6215489722100156,0.5007944454685271,0.3665076678714432,0.20560551060159385,0.07182047676599299,-0.8019056776997109,-1.2577866391157029
2023-07-18,0.45873737993860775,0.6789277708501745,0.7146691076236115,0.6881988731724232,0.6253621604114867,0.5012438430558651,0.3650810973324722,0.20380801535999513,0.06597093434493341,-0.812200656165432,-1.2709380361040397
2023-07-19,0.4626165459406708,0.6805999250521614,0.7153456149239692,0.6877609043154159,0.6239315357204609,0.49925796080326873,0.3639049242433378,0.199841943666433,0.06006970244870338,-0.8175091123305158,-1.2801256582711864
2023-07-20,0.45887154122644563,0.6751415678126238,0.7097901241900009,0.680187480289009,0.6151875269469659,0.48949438697730346,0.35132246326597044,0.1850311263089518,0.04119450278501865,-0.8441966774221442,-1.3030682186485896
2023-07-21,0.46383490535525107,0.678701095270184,0.7134632187867657,0.6816052326634079,0.6155132792476833,0.4888419507777901,0.3461462417616391,0.17753289944534034,0.029651345114389348,-0.865801988238378,-1.3296368935936287
2023-07-24,0.4648155698419462,0.6785468622353216,0.7139109565813835,0.681358599411952,0.6153738529510323,0.48828386787585776,0.3478206471341581,0.17681791669974745,0.029963716199523704,-0.8678798654835682,-1.332695435325514
2023-07-25,0.4799702902935592,0.6941506388373723,0.7301910815383459,0.6991204618710586,0.6337506127591734,0.5083685607008099,0.3653546416703108,0.1940079548281461,0.04584991569732647,-0.8570278864974414,-1.3369981767910002
2023-07-26,0.4866025584162636,0.6987409728735513,0.7331381980306927,0.7007950768488286,0.6316761282643187,0.5033398033246544,0.358216791588263,0.18459426190464678,0.03134881882115919,-0.8796419334740391,-1.3662444918903023
2023-07-27,0.4857030233593535,0.6950439632974287,0.7286110775867333,0.6952472577433386,0.6255641680162771,0.4944892488323188,0.3500091774100795,0.17366902355682687,0.022402303327483077,-0.8924671529035966,-1.3781701762629497
2023-07-28,0.5007201874262728,0.7080970644186049,0.7395783760902783,0.7040319986033329,0.6345319076616195,0.503242529797718,0.35696304924792943,0.17731228659997417,0.025243275676479125,-0.897412737367637,-1.3981329247939094
2023-07-31,0.5086833437654753,0.7169501137401006,0.748499700623996,0.7118662118610964,0.6435466434343512,0.5109704813300501,0.366235917522962,0.18349214315532,0.032821903009136136,-0.8915494224504131,-1.400232766215888
2023-08-01,0.5092132528236912,0.7167796018837873,0.7466595259866292,0.7096866916505249,0.6406172251337063,0.5061273142675206,0.36343388153452433,0.17768455128286725,0.027302519134993708,-0.8943264995341731,-1.4035397523578639
2023-08-02,0.5049377637352896,0.714182883260148,0.7446935369651403,0.7070735126644543,0.6383612691732771,0.5046114727818182,0.3627753888593002,0.17599211258976696,0.02784568137174952,-0.8913104724491755,-1.3962482361844646
2023-08-03,0.5082547301575728,0.7156512658547052,0.7465098943897664,0.7061696426479873,0.6364392680584702,0.5025588625522116,0.36128653339922356,0.17208742609718702,0.024907513771263972,-0.8921775983503376,-1.4004323285079099
2023-08-04,0.5041329823077552,0.7111145929759733,0.7438073437219362,0.7065742619488633,0.6384470544503991,0.5045627229610513,0.36443641412081296,0.17463406434819126,0.029590274443442328,-0.8864170289730439,-1.3905500112807985
2023-08-07,0.49422497891242895,0.7015643403187116,0.7352352621159007,0.6992364146240738,0.6304325093455776,0.4989336772096167,0.3598898721149573,0.1695765961019362,0.026391953225686757,-0.8852716134186175,-1.3794965923310458
2023-08-08,0.4940951236129568,0.7013687886272125,0.7351728590280581,0.6970562905356161,0.6283488048555239,0.4971000855707094,0.3574529923091043,0.16764551442229464,0.022426709878140855,-0.8884142459521598,-1.382509369565116
2023-08-09,0.4901373428582664,0.6959341484727541,0.7286001337339293,0.6906182480137799,0.6206282600893286,0.48945769603376726,0.34983521741366264,0.15953933337370435,0.012979979740169095,-0.9015553884633584,-1.3916927313216243
2023-08-10,0.4961542587465024,0.7021333534973156,0.7335049775545059,0.6939593123761376,0.6252826487191638,0.4926951105717117,0.3524421179461365,0.16224195592757726,0.014113267120776466,-0.9040790059082875,-1.4002332646547895
2023-08-11,0.48114462791319373,0.6857014204170028,0.7179399034687315,0.6781270938435803,0.6088755472646379,0.47564754325671926,0.33560808822140287,0.14553778618358804,-0.0033309546721772536,-0.9211715845496444,-1.4023162124628379
2023-08-14,0.48194152100009013,0.6863042396091393,0.7203443791062474,0.6800299396209392,0.6123742828941393,0.47972103114549214,0.3416469688639503,0.15167393212102406,0.0020374901267113553,-0.9134603150712367,-1.3954018360713265
2023-08-15,0.4814145899857388,0.6831560345482763,0.7158927844444135,0.674553801880075,0.6062886609252924,0.47207609694620345,0.3320646343726335,0.14250102425644395,-0.008420995463430846,-0.92258050094284,-1.4039950909285785
2023-08-16,0.47611006559302843,0.6766532509629462,0.7079339020397896,0.6640398103762474,0.5952072502168402,0.46141618689767283,0.3183354510340517,0.12883449919905704,-0.020732407020114862,-0.9287463421065996,-1.4048564076996277
2023-08-17,0.48302464136386747,0.6873556834266181,0.7217418183898371,0.6800298800984207,0.6099329603479419,0.4756577164697087,0.33269356289594243,0.1440969088854691,-0.007885852487877426,-0.9176721666687867,-1.4006968080326538
2023-08-18,0.4767210420415361,0.6777509494512752,0.7093775729190973,0.6679030990637689,0.598056504125144,0.46223975244923304,0.3186000812168263,0.12625928691447136,-0.0234303752870554,-0.9414179975210867,-1.4181390395626225
2023-08-21,0.4702558660097353,0.671990936175986,0.7024782451188532,0.6587720740905241,0.5899256196675648,0.4558970461499983,0.3117032674050862,0.11843224873934109,-0.028813490895617487,-0.9445742625083965,-1.4148301285181315
2023-08-22,0.46509869571990825,0.6680860597695822,0.7014049086743955,0.6590481920430494,0.5904282922825792,0.4567994556276035,0.3156811079173394,0.12515106103472107,-0.01822534185340749,-0.9315787633598297,-1.3966774590797377
2023-08-23,0.45436079112726185,0.6550638907291209,0.6870798972821757,0.6425510984552443,0.5735456171720155,0.43780278814130164,0.295908299102638,0.10740236435007751,-0.03889239051323319,-0.9555575772415483,-1.40991836836881
2023-08-24,0.44945378230884636,0.6536829279156864,0.6859838376660196,0.641072519167483,0.5746380445309237,0.44056445834480135,0.2969153254039661,0.10846842147793738,-0.036123520389605285,-0.963649622986947,-1.4131034052957931
2023-08-25,0.4446505094157286,0.6406015713420051,0.6704788265421234,0.623199317502443,0.556025621038623,0.41988271193792165,0.2744314521184156,0.08633988632231665,-0.05967087402897803,-0.9957553871493167,-1.440405896565045
2023-08-28,0.4578646732579681,0.653924617751523,0.6843941780494077,0.6330252229704703,0.5646484197271542,0.4268212207439999,0.2828547991378762,0.0937654392389033,-0.05545037016632563,-0.9886557275039219,-1.4465204007618897
2023-08-29,0.4689122932724926,0.6750789520319347,0.7116592482450825,0.6655015868299943,0.6025227097946704,0.46312489125083467,0.32532757010550095,0.1411823816934402,-0.005891987158824753,-0.9306256458091292,-1.3995379390816216
2023-08-30,0.46318817809463164,0.6765088058920213,0.7154277308820555,0.6694921130933427,0.6099202619231363,0.4723009603138005,0.336084861084354,0.15355253575344632,0.011023756178032449,-0.9203435695124876,-1.3835317476071192
2023-08-31,0.45671535536337166,0.6708252823239305,0.7089392265050368,0.6642816491100118,0.604694608833618,0.46835969409957834,0.3300576342837608,0.1499137673125569,0.007139296771660877,-0.9256371152946279,-1.3823524706579995
2023-09-01,0.4647099292753755,0.677119569152332,0.7141192336257383,0.6671615344489804,0.6074058723161215,0.46934586332359873,0.33064933129634577,0.14679136314708563,0.0010478497708789804,-0.9387772968912965,-1.403487226166672
2023-09-04,0.4815809792808161,0.6960292332559986,0.7302044592784814,0.6847459776610065,0.6206531856206717,0.4843176187167432,0.3430292307564617,0.15806514434250532,0.006874047701477289,-0.9332364868331623,-1.4148174661139783
2023-09-05,0.4772773430160571,0.6910694421405343,0.7262134789869875,0.6826070049793458,0.6179184424726598,0.4811759045521146,0.33986568862500216,0.15513799399038938,0.002323154575039502,-0.9474938667427831,-1.42477120975884
2023-09-06,0.4776040902681949,0.6935268525704013,0.7304146185726329,0.6864822124386101,0.6229743745989631,0.48708003668026334,0.34810412687005965,0.16327173409930415,0.010155815278319925,-0.9423197154638528,-1.4199238057320476
2023-09-07,0.4652418454393393,0.6791338320338599,0.7147128321898657,0.6699397637497059,0.6062608399046736,0.47037316487324965,0.3311258449283133,0.1428104680043152,-0.010435493980458396,-0.9629062536750149,-1.428148099114354
2023-09-08,0.4638498694115085,0.6799032095868321,0.716519537644548,0.6714433021912699,0.608901799653538,0.4738215028963521,0.3352453723440531,0.14826591370677417,-0.006725177460082882,-0.9587663216750913,-1.4226161910865998
2023-09-11,0.47463833391437793,0.6914078140590593,0.7276418909782334,0.682312898532583,0.6189077953331976,0.484009114336195,0.3454712193261893,0.1590898617605984,0.00043731549560829114,-0.9582284895852309,-1.4328668234996087
2023-09-12,0.4763050671365924,0.6941062873510438,0.7272637625980277,0.6819859378074673,0.6182538737232737,0.48267283047349596,0.3442604638996331,0.1578108046653029,-0.003036087624526224,-0.9645782080448493,-1.4408832751814415
2023-09-13,0.47157699656188934,0.6865962034430064,0.7173955150779918,0.6696739439826784,0.6066253763540864,0.4704068689831206,0.33130945341050205,0.1423944014458592,-0.01769134780795785,-0.9746958871642153,-1.4462728837261045
2023-09-14,0.4720494469137984,0.683269573184771,0.7112989924004718,0.663412854967275,0.5993733556666139,0.46151481963600627,0.3225928035326473,0.13058548890651075,-0.027903773435048632,-0.9942701634583847,-1.466319610372183
2023-09-15,0.4742486856585684,0.6871641183406785,0.7152821700336128,0.6666218479379445,0.6022830884385777,0.46277796212383715,0.325192275181019,0.13145941603983333,-0.02855046434220951,-1.0016390258528614,-1.4758877115114297
2023-09-18,0.4778979596445549,0.6928830030733403,0.7239940884740845,0.6769610264127993,0.6117691666672357,0.4719307833460543,0.33546498330464186,0.13901458464057878,-0.02393318749463395,-1.0010312067821916,-1.4789291664267463
2023-09-19,0.4767290331659362,0.6878894366987268,0.7150470451423355,0.6667508751777732,0.6006831322096766,0.46028296729881973,0.3221914950781534,0.12525704386729494,-0.03708313616819936,-1.017299559102292,-1.494028592268228
2023-09-20,0.4726948568111598,0.6830651155235529,0.7082988980027802,0.6594053248918375,0.593067035378455,0.4530441663958302,0.31417433516308463,0.1153434464861278,-0.04612363728134945,-1.026293574040991,-1.4989884308521506
2023-09-21,0.4641905079419813,0.6745370519602113,0.7002997071852513,0.6514433761382048,0.5855977475529711,0.4458543165719336,0.30787008860371967,0.10881058147490544,-0.051873510146367124,-1.0312067469141675,-1.4953972548561485
2023-09-22,0.47383150351786046,0.687426289483532,0.7148705743781065,0.6679395382479356,0.6039338083326632,0.46677211285089854,0.3301150906409552,0.13325538447270213,-0.02553571521592332,-1.0043509192516173,-1.4781824227694775
2023-09-25,0.470156438395543,0.6816157676767655,0.7083404362499722,0.6612300958298127,0.5995083627138241,0.46041326775631575,0.3254769358995822,0.13099282274406476,-0.02818809532685233,-1.0027912459357815,-1.472947684331324
2023-09-26,0.4642842943511521,0.6752131422473796,0.7031785549889966,0.6571373498312741,0.5954186394626602,0.4564482961995954,0.3238374502038366,0.12870391580275123,-0.029420178188739283,-1.0090993927144265,-1.4733836870655783
2023-09-27,0.4670696969197794,0.679551395028486,0.7093351455182249,0.664179406663354,0.6015457839463351,0.46433148719457856,0.3290110548834477,0.1357622030538109,-0.029253739008328273,-1.014056393914357,-1.4811260908341362
2023-09-28,0.4694792287804313,0.6859865280535739,0.7175066568540382,0.6739855298429268,0.6107237431994991,0.4728537058022768,0.34067966251142445,0.14613304718966028,-0.015322261048533889,-0.9970280502979953,-1.4665072790784264
2023-10-09,0.46254780764455883,0.6772600714747222,0.7097098286846764,0.6657432086665478,0.6039102592007775,0.4674642405862294,0.33549640754682153,0.1417752846276155,-0.016917556913547273,-0.9936971495192631,-1.4562449571638216
2023-10-10,0.4558553637254136,0.6715986031241182,0.7034127610820056,0.661048564367189,0.6014744467079034,0.4630130162104646,0.33490845240572437,0.14005676459972674,-0.01743965354575198,-0.9907507870917179,-1.4466061508171313
2023-10-11,0.45233686478988683,0.6699385234936106,0.7032560952408015,0.6599472196573926,0.6032912789555239,0.4666808826138606,0.33945172243075905,0.14684390090046515,-0.007477680830280994,-0.9823780171309938,-1.4347148819208804
2023-10-12,0.4627994369400746,0.6790497538723957,0.71167518633022,0.6678329896548417,0.6094937345097758,0.47096494441829995,0.3460759621653191,0.14999996086733014,-0.0050363388751956395,-0.9853073715579492,-1.4481068084980235
2023-10-13,0.4544248802359624,0.6684165653899153,0.7019567846474575,0.6589210233855474,0.5992939855022156,0.4640107307630981,0.3372582033499367,0.1432059971569952,-0.009478279687698772,-0.9804701505272353,-1.4348950307631974
2023-10-16,0.4520039860792409,0.6659643634238686,0.6979793805004166,0.653407834956074,0.5934527551215514,0.45433127789881644,0.3284729424302009,0.13335972794943043,-0.01929187846854387,-0.9901500004208748,-1.4421539865001154
2023-10-17,0.45252476416180143,0.6652489751665442,0.6983176887950814,0.653561079221347,0.5941232166724982,0.45515725754148634,0.3275199769078703,0.13260729618958583,-0.022316812857301905,-1.0017216898216512,-1.4542464539834525
2023-10-18,0.4372955952034123,0.6478413226783528,0.6809208093758793,0.6341857838733331,0.574621843506568,0.4364937177566488,0.30729775734678144,0.11423234090392417,-0.04134893579761416,-1.0173289549201678,-1.4546245501235802
2023-10-19,0.4256100056698143,0.6385486640088518,0.6726332538697515,0.6262940070703447,0.5676311237344235,0.4295111529268655,0.30254571315844675,0.10857495183571676,-0.04800288730843052,-1.0376728750896613,-1.4632828807594755
2023-10-20,0.42332345224474593,0.6345880535596284,0.6673029451052347,0.6199315984482991,0.558594312133839,0.41998865421132453,0.2944864354873914,0.09832718640472457,-0.061526013737426256,-1.062875948286133,-1.4861994005308787
2023-10-23,0.3995654377417398,0.610066421688066,0.643626102405096,0.5953151548243737,0.5334075256812919,0.3952570083020644,0.26949487172494485,0.07174932105369813,-0.08659605132206595,-1.082746415824994,-1.4823118535667337
2023-10-24,0.4168133801244852,0.6318480124369713,0.666938848858747,0.6210795146191556,0.5592704122921933,0.4207299297948529,0.29795163941204333,0.0987822679463762,-0.05809474791696681,-1.0576871395043599,-1.474500519628845
2023-10-25,0.43078863697593556,0.6478399723293599,0.6812666893123933,0.635161010465621,0.5721432912064787,0.4329712108372427,0.3092420864370252,0.10784235762554925,-0.045246327115928554,-1.0398486731073826,-1.470637310083318
2023-10-26,0.4344552345404577,0.6509184180756378,0.683857561375817,0.6358203958202668,0.5738773185604008,0.43595489439481394,0.3120873824942656,0.10989635602547836,-0.04158627243523931,-1.0336632703024322,-1.46811850484289
2023-10-27,0.44586793923815377,0.6652228208133149,0.6987869292995116,0.6526409319157875,0.5917253670738875,0.4545450034829754,0.3279419142942622,0.1298594177551983,-0.027016195697688684,-1.0289181239649676,-1.4747860632031213
2023-10-30,0.44768120526009453,0.6706504548276243,0.7064965696313484,0.661356784874697,0.6029101910056388,0.46810013026755,0.3447738882821697,0.14637990069081433,-0.003154312581539802,-1.0053894314394358,-1.4530706366995303
2023-10-31,0.44749722238064793,0.6686890846191718,0.7055252049050567,0.6596331352554975,0.5993036845978078,0.46482717940642815,0.3407483572231312,0.14129984023954462,-0.00906431704080855,-1.0182505812731473,-1.4657478036537952
2023-11-01,0.44906885788318734,0.6723881676500444,0.7097398770036454,0.6651998198059353,0.6046161541451955,0.4691261579735707,0.34315417848979585,0.14209284306163084,-0.011186713180293394,-1.0240779056519127,-1.4731467635351
2023-11-02,0.44393329842803425,0.6649691506369771,0.7014965837949418,0.6558199674340441,0.5955876961172113,0.4595969000802824,0.33053347285913787,0.12838546078846716,-0.02336153036908018,-1.0429113220163744,-1.4868446204444088
2023-11-03,0.44699381019651413,0.670455821369742,0.709585491238087,0.6655389217916166,0.6073952281519566,0.4767581584468275,0.3465628443370292,0.14709540056354847,-0.0025956017402137543,-1.0244245205998905,-1.4714183307964048
2023-11-06,0.457453578013831,0.6808927488498843,0.7219532069804292,0.680423261998055,0.622922960602977,0.49793701178464234,0.37072011075313926,0.17307388966368942,0.028860324557301045,-0.9866424969095288,-1.44409607492336
2023-11-07,0.4570018270005419,0.6816256678445264,0.723391400361319,0.6827944096039892,0.624128963426102,0.501941400930991,0.37524979118219937,0.18100316976096625,0.03930347045555106,-0.9706015381997289,-1.427603365200271
2023-11-08,0.452675360412768,0.6797009385898451,0.7229502969244006,0.6830098885881173,0.6247382392762593,0.504981433299601,0.379238983617236,0.18673122220638746,0.043332026165801625,-0.9627069269036483,-1.4153822873164166
2023-11-09,0.45123826986626697,0.6786255313090737,0.72079227977227,0.6800885230110553,0.6202292965591477,0.5006093487362283,0.3739263108299792,0.18026886899692676,0.03378267857361997,-0.9844075760171952,-1.4356458458834624
2023-11-10,0.45029677579127486,0.6796412706446946,0.7211099653919084,0.6804344039541425,0.6202632783235348,0.49825219482794936,0.37158171691210284,0.17762515664520862,0.03020728491637353,-0.9888626750870863,-1.4391594508783614
2023-11-13,0.4564417222502773,0.6891361651186161,0.730502610801429,0.6905083697302762,0.6305752892102675,0.5099607129909929,0.3816115506156736,0.18975605878873267,0.04191108915380373,-0.9756576857928392,-1.4320994080431169
2023-11-14,0.4572179970816074,0.6903922920126084,0.731175322973779,0.6918884521243173,0.6330632736837074,0.5140956780445842,0.3881267639586285,0.1976900697566391,0.05266813507608153,-0.9594798064368965,-1.4166978035185043
2023-11-15,0.4616867257295759,0.6952734610236625,0.7372842984192628,0.6983153250216897,0.6393318631733024,0.5226521718684726,0.3943136654559301,0.2039325795171854,0.06019758180565454,-0.9562486657284035,-1.4179353914579798
2023-11-16,0.4562763057648023,0.6891469677372002,0.7305856640853863,0.6903154218684535,0.6313706915975228,0.5141549396402232,0.3862713889839542,0.1947222241874028,0.05013853312666169,-0.9610370506482776,-1.4173133564130802
2023-11-17,0.4584811115431862,0.6944427028521951,0.7376446819909175,0.6972284167406704,0.6397564030033939,0.5227372385995305,0.3953287332260539,0.2052700430311482,0.061483790761405824,-0.9528994961364395,-1.411380607679626
2023-11-20,0.4639947153721014,0.7022201056441277,0.7478989765856081,0.7070050970672148,0.6499670498155959,0.532826166812253,0.4053295673054459,0.21340258542518747,0.07285585725301655,-0.9401791348245625,-1.404173850196664
2023-11-21,0.4647187742549151,0.7016252780577974,0.745600413564714,0.7034910888188773,0.6459453943196409,0.5276618691653598,0.3974465632953213,0.2060233081587851,0.0632530565708057,-0.9563538061784966,-1.421072580433412
2023-11-22,0.4603048509700644,0.6961229376777397,0.73889026215463,0.695833654266353,0.6359119745434818,0.5169171338736256,0.38566101341313974,0.19255460999897708,0.048335971761177675,-0.974164632817825,-1.4344694837878895
2023-11-23,0.46694247098121194,0.7038450105619167,0.7486364906601835,0.7066575312190578,0.6463578081458927,0.5297926297071075,0.3973195542028642,0.2042286654683148,0.05942116088307481,-0.9671946231241312,-1.4341370941053433
2023-11-24,0.4633634800890913,0.6972127495853637,0.7405056524116329,0.6984821009975555,0.635170160921453,0.516336420524856,0.3828583012706695,0.189163118271998,0.03899556374884131,-0.9894741879982766,-1.452837668087368
2023-11-27,0.46023933200844197,0.6942831550544816,0.7386109576897973,0.6971705796087607,0.6352888979578336,0.5164742105450459,0.3834051114935125,0.1923617557286842,0.04377778859580414,-0.9868246314641318,-1.447063963472574
2023-11-28,0.46553189112139504,0.7015996917397618,0.7470807696514354,0.706563033293955,0.644293836423936,0.5257845380692026,0.3918122605302209,0.20164259477450117,0.05227121671860298,-0.9809016015155829,-1.4464334926369782
2023-11-29,0.4585165590151962,0.6963199790653835,0.741186495194154,0.700196241223188,0.638688469807506,0.5194815233578866,0.3868927370386123,0.19718950873803506,0.04674898781368432,-0.987911206268299,-1.4464277652834954
2023-11-30,0.4572215670000708,0.6933490373581883,0.7375891633192105,0.6955615199296458,0.6340468704853321,0.5139674808471626,0.3815079518755645,0.19028759383602467,0.03709256145232003,-0.9967790542354109,-1.454000621235482
2023-12-01,0.460627510177977,0.695559100002941,0.7401949049358192,0.6971789990059156,0.637282332727801,0.5182484363054872,0.38907048079050965,0.19658099443200694,0.048415018286868644,-0.9811601373171946,-1.4417876474951719
2023-12-04,0.46217772902475646,0.6963354648796137,0.7393571291885128,0.6962393202665417,0.6375633962689738,0.5183104675641996,0.3861711211612895,0.19607737962108845,0.047417149353510754,-0.9795939840989487,-1.4417717131237053
2023-12-05,0.44905081583142115,0.6821938599685876,0.7243895418043862,0.6795786266470978,0.6208934104216336,0.49978428254811386,0.36773355731947216,0.17545894663407827,0.023685157906579064,-1.003973666191354,-1.4530244820227756
2023-12-06,0.452208697598911,0.6887903456370377,0.7313655933445403,0.6858724565934143,0.6279269479937972,0.5073460476477253,0.3727916076506089,0.17935706276571,0.028059786319758424,-1.0037875497771136,-1.4559962473760248
2023-12-07,0.45033148222820046,0.6846977738391667,0.7271288222472405,0.6811810762350622,0.6239489825821541,0.504469050857893,0.3699638240286291,0.17700381668779697,0.028160881568335745,-1.00801420625316,-1.4583456884813606
2023-12-08,0.44179247925886156,0.6703507309865092,0.7141148883445704,0.668247060833059,0.6119505105230799,0.49384587847616934,0.3641981254790616,0.17144087980629477,0.027014824948027386,-1.013996823285683,-1.4557893025445447
2023-12-11,0.4491104270566573,0.677817728445576,0.722950995252428,0.6778772605121741,0.6228484582453229,0.5045332996323123,0.37596811154713966,0.18506980065606413,0.0407407978435354,-0.9969915553408726,-1.44610198239753
2023-12-12,0.4544726930686312,0.6823197552322102,0.7272962285318637,0.6823019960485666,0.6271478968859422,0.5086583852398024,0.3786614268819129,0.1879867942697073,0.045133705089432125,-0.9920464965718885,-1.4465191896405198
2023-12-13,0.44926785532271246,0.6785058657181244,0.7222785980770364,0.6774703174773352,0.621470778377082,0.5022555925021586,0.37170592585651463,0.18066457131920885,0.03604375522026724,-1.0007579908118718,-1.4500258461345845
2023-12-14,0.451417440092706,0.6803350168381224,0.7230977128183389,0.6770758882990724,0.6201930048327011,0.5001406638801267,0.3689840696380132,0.17717174354885376,0.028004880877001443,-1.0144961457620432,-1.4659135858547494
2023-12-15,0.4478753667023505,0.6762048644847738,0.7199792639764586,0.6732339476864028,0.6160820170833443,0.4974017743454202,0.3655909954856977,0.17241481810619524,0.022007073423698467,-1.0215015548381192,-1.46937692154047
2023-12-18,0.43765544714208515,0.6631129676293688,0.7056298198032693,0.6593541804229541,0.6016486521955112,0.4834879599223966,0.3511649708083389,0.1594728399630691,0.00824295881992754,-1.0346290851800075,-1.472284532322093
2023-12-19,0.43460815852658824,0.6626418211812835,0.7067848017427485,0.6615448341940847,0.6048499240195949,0.4864681491682622,0.3537737201991169,0.16239918368006728,0.0129342649565185,-1.02958248840357,-1.4641906469301587
2023-12-20,0.4277875831358432,0.6562003529305276,0.6986711133061208,0.6533194899764785,0.5969808059031764,0.47712382442375345,0.3426357453477744,0.1488791813478389,-0.00216230487512877,-1.0457997544982038,-1.4735873376340474
2023-12-21,0.43220499393782763,0.6645837211383804,0.7069429905463359,0.6617204121357365,0.6039425239582179,0.48539948708695974,0.35056609012231155,0.15691846909992835,0.004490170683494521,-1.0418950320525453,-1.4741000259903734
2023-12-22,0.43030404313047527,0.6579135109846651,0.698332139657833,0.6503154576642142,0.5924730408653649,0.47259889176849706,0.33718566615438844,0.1416666694327828,-0.016701062978195,-1.0747362539459773,-1.505040297076453
2023-12-25,0.4257236297334159,0.6525583291956455,0.6949770296353482,0.6478273500811016,0.5886685195638661,0.46862661159847485,0.334570378901826,0.13891597181342255,-0.018456008583476763,-1.0746628024682594,-1.5003864322016758
2023-12-26,0.41945926090702396,0.6437197652171118,0.6837517270932555,0.6350148213269136,0.574971807207123,0.4530767032257315,0.3190746339688813,0.12196372454918969,-0.03657674660677552,-1.0930701131439993,-1.5125293740510237
2023-12-27,0.42506147731097527,0.6503459181199683,0.6913770718156158,0.6427782998518364,0.583921521879438,0.4625344943513502,0.3266876544532141,0.1320850799451228,-0.0294014694654361,-1.0858341728839755,-1.5108956501949513
2023-12-28,0.4394892195513445,0.6696783222246301,0.7131207756891902,0.6644642779202112,0.6065690302116701,0.4853100147411454,0.3514555850791179,0.15315436102566174,-0.012294860283628507,-1.0758680837141028,-1.515357303265448
2023-12-29,0.4427317080621164,0.6789177616604264,0.7250582638413262,0.6787259360126566,0.6217875833238927,0.5024871156002777,0.3670117763765267,0.1698262690161572,0.007754625969673606,-1.0506370581121653,-1.4933687661742825
2024-01-02,0.4485193490022116,0.6876262463661204,0.7320246934680041,0.6851366956643817,0.6252317106820949,0.5033991673019272,0.3632189690514984,0.16696465787422385,0.002537835874600234,-1.0584287916730066,-1.506948140675219
2024-01-03,0.45333973171776965,0.6877388647977061,0.731150330463468,0.6821252081209788,0.6212669268024684,0.4957944025971843,0.355766808438339,0.1584013099298728,-0.005273622030873393,-1.0688441568473612,-1.5221838885651318
2024-01-04,0.4507700795387234,0.6853975751035557,0.7290568877171577,0.6797021701365293,0.6184400402304844,0.49256740351776207,0.351356652286268,0.15374711321333842,-0.00994422627906537,-1.0757175186786678,-1.5264875982173922
2024-01-05,0.4453746841131067,0.6735772762276437,0.7159466232196464,0.6637097669708897,0.6034626981515394,0.4758187182357824,0.3333342666720935,0.13278687414286477,-0.03172573455714561,-1.1040190527081142,-1.5493937368212218
2024-01-08,0.42839972657975567,0.6544944115220136,0.6956422932233304,0.6434962530601505,0.5834748720691116,0.4570335581209365,0.3125428008432318,0.11153591969928708,-0.05263412976043114,-1.1199839502973625,-1.548383676877119
2024-01-09,0.43250880465212416,0.6607186022316058,0.7019451305255074,0.6507542373430996,0.58964117080138,0.46398417132675684,0.31798686445779467,0.11698636969695171,-0.048150763004503515,-1.114278722889173,-1.5467875275412981
2024-01-10,0.42925339148913927,0.656953866524852,0.6969498956479617,0.6434159861254326,0.5826726935902303,0.4556107457781025,0.3084674359695581,0.10737170552214621,-0.06104466729836801,-1.1394922293535081,-1.5687456208426482
2024-01-11,0.4350010181722794,0.6663189157334323,0.7104024247816392,0.6591762110184074,0.5972702998076883,0.4736928572496,0.3286310605657509,0.12994417786482054,-0.03909723896568756,-1.1122164994649804,-1.5472175176372605
2024-01-12,0.4364886144006143,0.6658392968389941,0.7069811418418629,0.6538541234739627,0.5907772355183397,0.4670417608804373,0.3191311731343802,0.12028234834740427,-0.0543222074684169,-1.1320490928096483,-1.5685377072102633
2024-01-15,0.4366896581408786,0.6644400882057259,0.7060677549892843,0.6522427507033104,0.5885250263714109,0.46466440928446523,0.31594687003445826,0.11581714449622704,-0.05842265742922551,-1.132764621548755,-1.5694542796896345
2024-01-16,0.43651719847910925,0.6603941909360592,0.7016852999490689,0.6483389164983774,0.583727078540881,0.45941426469794483,0.31259618901730524,0.1103260166941312,-0.06443979472697393,-1.1391307138228883,-1.5756479123019984
2024-01-17,0.4196133245687784,0.6404403122857281,0.6792496170853425,0.6240347295249534,0.5596720804345189,0.43370897624049165,0.28400090026264724,0.0821074835724728,-0.0954363762643366,-1.1717272586374174,-1.5913405832061966
2024-01-18,0.4075272706212148,0.6266274352862516,0.666465673834512,0.6137700700948036,0.5507634469337074,0.42756796736959446,0.27992768179377464,0.08107276318444115,-0.0961644432191291,-1.1707135474911166,-1.5782408181123322
2024-01-19,0.40184123077417155,0.6184844454650463,0.6562697514338592,0.6025285010170063,0.5377790180507376,0.414489255858877,0.26622495315163835,0.0664022045905802,-0.1143902455233131,-1.1939301301743406,-1.5957713609485131
2024-01-22,0.3592918877390746,0.5636038175132421,0.5975473234413609,0.541219436536839,0.4770089531874856,0.3534205160968571,0.20605035022987492,0.004013449040322095,-0.17558218302433867,-1.2536960868430778,-1.6129879745821534
2024-01-23,0.3685741112616709,0.5682671690060772,0.5978432774297181,0.5408759347115587,0.47573770229397716,0.35427890784729144,0.2087532684496993,0.007916379889140134,-0.17003470939336984,-1.249454913541885,-1.618029024803557
2024-01-24,0.39384230865310205,0.5892553091046716,0.6164757768347299,0.5587547358753407,0.48946167741377955,0.36802665591769934,0.21989579276215776,0.01897534814219723,-0.1636109234100043,-1.2407004392746235,-1.6345427479277264
2024-01-25,0.4257666880385244,0.6273078689673669,0.6562824806329636,0.599370879322793,0.5301909153855512,0.4078163767828479,0.2590638906214656,0.05659236296717826,-0.12971097070436416,-1.2157737173944452,-1.6415404054329703
2024-01-26,0.43310781699410417,0.6325157659819661,0.6588773607070652,0.599720050434633,0.5276379494390904,0.402365539976563,0.250518788412992,0.04429666539786892,-0.14298784447136723,-1.2325484254004662,-1.665656242394571
2024-01-29,0.42485223313286,0.6133661774340087,0.6335477837639776,0.5700466332258574,0.4953555458765102,0.3705994355538064,0.21665153960534123,0.008739203537216168,-0.18048929112312723,-1.2811825546641906,-1.7060347877970514
2024-01-30,0.4062844465494856,0.5878939150522539,0.6027668518706936,0.5383351359520915,0.46069540411688786,0.33724566977716697,0.18256401432627603,-0.02529172414981979,-0.2147551132092923,-1.3218140531160159,-1.7280984996655022
2024-01-31,0.3872067824117261,0.5511798763275311,0.5586785778447598,0.4890147328573988,0.40639090508436154,0.2836599506316346,0.12827451515328075,-0.07671095173920583,-0.2678720292461291,-1.3779872365555281,-1.7651940189672548
2024-02-01,0.3780100457337374,0.5373433831047911,0.5442414690855418,0.47395907610387966,0.39068019950652844,0.2673907244021726,0.11441161369537053,-0.09140833598560458,-0.28147029813284763,-1.3840394960230833,-1.7620495417568214
2024-02-02,0.3607678075077919,0.5031353091508227,0.5011523400415212,0.4274820306372965,0.3428413941428296,0.21729531644619626,0.0635676988419284,-0.1388404147937982,-0.3279614369331183,-1.4289493249573713,-1.7897171324651637
2024-02-05,0.34369183730735053,0.45365873666793066,0.4313641005772143,0.34389040545793403,0.2514552783766987,0.11877378224277238,-0.0399614557296272,-0.24347349214056718,-0.4354746704221899,-1.533175191001925,-1.876867028309276
2024-02-06,0.38600557186087336,0.5122721132557382,0.4924473239054863,0.40459473343882935,0.3098327721072797,0.17011969428301002,0.004046415193883636,-0.21574791449200373,-0.40990213222316824,-1.501446682398209,-1.887452254259083
2024-02-07,0.4096510347597033,0.5372047997476802,0.4952310371894953,0.3962125561158162,0.29694264414376254,0.15278736996878067,-0.0175364437501714,-0.251423314284936,-0.45754740007182076,-1.5534087463638906,-1.9630597811235946
2024-02-08,0.41715884527298236,0.5722904638620415,0.550086185652302,0.46250669341447337,0.37258744433004765,0.234452155106794,0.069718179840101,-0.15329878972399474,-0.3489474094877164,-1.4503968087530397,-1.8675556540260225
2024-02-19,0.42425861475688287,0.5766690500629875,0.5604319729279381,0.4815556443149313,0.40180928501266044,0.27137337752253676,0.10890185655409759,-0.10826807499499216,-0.29755784559526227,-1.383803408773393,-1.8080620235302765
2024-02-20,0.42827013822342996,0.5788192748898768,0.5620561120339831,0.4849979756972433,0.4105835445755157,0.28422264414356224,0.12448583476887078,-0.0908610921096425,-0.2808234584738251,-1.3603139010982848,-1.7885840393217154
2024-02-21,0.4347960218111607,0.5860669591976642,0.5721885423824649,0.4983851143494693,0.4271473021312874,0.3014471706348633,0.14424323126646177,-0.07011457313105846,-0.2558750642650992,-1.3334755601525718,-1.7682715819637331
2024-02-22,0.44281787810321577,0.593522273720634,0.5832547613108939,0.5135090138972634,0.447801579368202,0.32647395125631895,0.17387278316963767,-0.037054714287931174,-0.218507369871479,-1.2926669916460591,-1.7354848697492755
2024-02-23,0.4442632679155327,0.5999965692579772,0.5972252990254956,0.5332828065099782,0.47331279572950113,0.3570542838658379,0.20846581135939296,0.0022053229706896424,-0.17571474698251316,-1.2410145448959995,-1.6852778128115327
2024-02-26,0.4347436797466368,0.6039900430563091,0.6075940198323413,0.5456980045759103,0.4899477459968894,0.37489366182247263,0.2281735375510563,0.025378763878782927,-0.1515150586217962,-1.2171268591600795,-1.6518705389067168
2024-02-27,0.4444513551132618,0.6201401680053789,0.6299739056598952,0.5715618883043,0.5180714678392637,0.4060360692867074,0.26031809887625446,0.06188645406726331,-0.11389318446108919,-1.182745177491716,-1.6271965326049782
2024-02-28,0.4317949875993276,0.5929968689970347,0.588442750477268,0.5192027604451364,0.45649563981585733,0.33588988139721776,0.18124162008587363,-0.020858072909273967,-0.20326863170283618,-1.2816140070957287,-1.7134089946950568
2024-02-29,0.4484530878730476,0.6193398068466417,0.6208053412583131,0.555506022123206,0.4944873568963445,0.3770556959133726,0.2256725375984866,0.024942977540439747,-0.15552593267484038,-1.2267764719765795,-1.6752295598496274
2024-03-01,0.4490824611121356,0.6230331796692862,0.6275061917751931,0.5643410425144466,0.5056141044811394,0.39074872865131455,0.24071116457229388,0.04045414907877767,-0.13772824353556143,-1.2077642355516203,-1.656846696663756
2024-03-04,0.44941405832682146,0.6221820724494248,0.6273299599238891,0.5665407605211538,0.5069327359618739,0.3917518547626427,0.2429253164643557,0.04402374747820795,-0.1313316118960689,-1.2024223668698302,-1.6518364251966517
2024-03-05,0.4503891729030027,0.6159573524578139,0.615094913738838,0.5506127148511615,0.48834809422481495,0.37308406307036324,0.22149060577960714,0.022885350457861126,-0.15197453148592366,-1.2272363749510344,-1.6776255478540372
2024-03-06,0.45135499464740314,0.618770971095075,0.6195980373341591,0.5581028450449255,0.49652700092584884,0.3836020325062231,0.23564535437176806,0.03710029084649179,-0.1353382578579442,-1.2105387045141531,-1.6618936991615563
2024-03-07,0.45191305223946004,0.6139120583004407,0.6105913886935987,0.5488184179566916,0.4872444572332055,0.37342383490592757,0.22893273454748944,0.02916180468331593,-0.14939717219569856,-1.2224591612709028,-1.674372213510363
2024-03-08,0.45697433780593993,0.6185365608772382,0.6178869336640973,0.558661806697532,0.49688456040715745,0.3853926581467949,0.24008522495713192,0.04206658705119447,-0.13261262648640793,-1.2045599954860289,-1.661534333291969
2024-03-11,0.46366983943171247,0.6329899040116876,0.6379058883435081,0.5810274536684495,0.5195433970973701,0.4086209877403637,0.2645024669184778,0.06394098745672508,-0.11265969819098551,-1.1874855073807196,-1.6511553468124323
2024-03-12,0.462934986283066,0.6378476251432285,0.6476456065001446,0.5920656888887462,0.5336544580207188,0.4234466325217241,0.2812376835182028,0.08044235881030201,-0.09566971074120342,-1.169936746281644,-1.63287173256471
2024-03-13,0.456688464712058,0.6358374091045027,0.6466690287352155,0.592745490252763,0.536169751464227,0.42728815928338565,0.28430046214307597,0.08639713908756207,-0.08984229712329436,-1.1665903103721256,-1.6232787750841835
2024-03-14,0.456634780538842,0.633540175059619,0.642855520311961,0.5886462870996374,0.5289803012073128,0.42124281743874703,0.2783789418602594,0.0785970638532107,-0.09786919841772204,-1.1784404926463308,-1.6350752731851728
2024-03-15,0.4660566120683145,0.6438870700742256,0.6551786225486531,0.5997363508633805,0.5419551693169397,0.4348240780732904,0.29413300297841355,0.09350705531766945,-0.07862457494762196,-1.1598681036150778,-1.6259247156833923
2024-03-18,0.47424642415897417,0.6549064927560945,0.6691407544839093,0.6173865527426614,0.5603903644989221,0.4568140529526247,0.3173658091978996,0.12022598654313257,-0.049620040439843374,-1.1287556222420303,-1.6030020464010044
2024-03-19,0.4673961403150105,0.6491017254046972,0.6643710663200856,0.612378674300905,0.558190489932368,0.4561392959821274,0.31685698973187065,0.11946196747897601,-0.051118546559304555,-1.1307999371707194,-1.5981960774857298
2024-03-20,0.47114270247442797,0.653326161854872,0.6722292352925907,0.6208594119219535,0.5674374118806047,0.46957363540777997,0.32998895765157527,0.13616307822358126,-0.0324962688378819,-1.1144264232762315,-1.5855691257506594
2024-03-21,0.47013501868509067,0.6537688818916835,0.6723803111125904,0.6204875919174623,0.5684767058871365,0.47042419769325977,0.33205429535366066,0.13719140692166784,-0.030268253708305652,-1.1129501354861233,-1.5830851541712139
2024-03-22,0.456420416555359,0.6389287256815189,0.6558768470758509,0.6050862841128956,0.5533344666208009,0.45620238666983415,0.31691870206311196,0.12179886590153355,-0.045402151534436545,-1.1231064770538943,-1.5795268936092532
2024-03-25,0.4486026719434996,0.6253311458421018,0.6388615464077642,0.5854799965900668,0.52933925107467,0.43108737695735944,0.28702590139759965,0.09146571943423865,-0.08334243466450447,-1.164863589760201,-1.6134662617037008
2024-03-26,0.4526990374668421,0.6288051101848366,0.640474116532149,0.5886293562740572,0.5305890052920034,0.4319428223695588,0.28678823195392616,0.0918034979630579,-0.0854046483049392,-1.1751496499634548,-1.627848687430297
2024-03-27,0.4399959831163933,0.6104615432832067,0.6183994023149396,0.5596222827364035,0.4981924753441114,0.3977703303566181,0.25048281683188955,0.04986001069202445,-0.1319364230847214,-1.2245440554029705,-1.664540038519364
2024-03-28,0.4446888225328189,0.6216827285305343,0.6340133828121972,0.5779444017062461,0.5205780312180954,0.4234546235915266,0.2780300553116656,0.07969016530970964,-0.09816373015114666,-1.180926551158107,-1.6256153736909262
2024-03-29,0.4561162379427175,0.634976511110493,0.6485085520737234,0.5915930798693383,0.5350913033789718,0.4382823465115744,0.2911235369875632,0.09267887999614906,-0.08765845357673482,-1.1757048658741571,-1.6318211038168748
2024-04-01,0.4720342355660587,0.6557967749568439,0.6714575639474111,0.6172409415597342,0.5613540530095522,0.46252107896041295,0.31433972440723507,0.11712194142101491,-0.06442501542162588,-1.1561398960596532,-1.6281741316257121
2024-04-02,0.4760511539220975,0.6604536826219128,0.6757460985653173,0.6191398598479336,0.5613560886467464,0.4636650208246482,0.3107787731283293,0.11200295168091437,-0.07517713324775635,-1.1732415440808714,-1.6492926980029692
2024-04-03,0.4793753358812764,0.6625702917500624,0.6768600380013937,0.6173677394202866,0.5560600285993007,0.4570400912454916,0.29824415744314,0.09696411916576818,-0.09362106194520137,-1.2021834280267174,-1.6815587639079939
2024-04-08,0.47053346539463986,0.6457957875949194,0.6565885290343046,0.5953494550165881,0.5307000038542706,0.4291667615905335,0.2668994341591896,0.06812775428732969,-0.12138752990344912,-1.2351859657000162,-1.7057194310946562
2024-04-09,0.47621333610224564,0.6589393633899718,0.6720613235226327,0.6128954916787376,0.5480727078184195,0.4484938904289309,0.28419347488930974,0.08580366711079945,-0.10455378583625505,-1.2242428263448448,-1.7004561624470906
2024-04-10,0.4670001535463432,0.6452046579234897,0.6559127372982619,0.5927814081031368,0.5284175064574026,0.42425344141960936,0.2587621407303739,0.059544223666394676,-0.13256446209149417,-1.2523303897380547,-1.7193305432843982
2024-04-11,0.4729588970010817,0.651471720725093,0.6610891376724775,0.5964367547657371,0.5318202122723338,0.42605638938691387,0.26096152931879907,0.061052468920068104,-0.13340432005610942,-1.2589287862511713,-1.7318876832522532
2024-04-12,0.46518815504734073,0.6443195980400893,0.656041894994832,0.5922195769040842,0.5267988313609563,0.41906357809440153,0.25434904649762075,0.0507356030458021,-0.14355192964181784,-1.2712719505971029,-1.7364601056444438
2024-04-15,0.47217447078872943,0.634326036768564,0.63620355586732,0.5670509923808014,0.49361697498302476,0.37859647004781516,0.20975110239487227,0.003255633704917618,-0.1974037890207686,-1.3347160624092105,-1.80689053319794
2024-04-16,0.4512860349068037,0.596688874474191,0.5898937182829204,0.5118822033320538,0.43093487655093876,0.30682997742470985,0.1329841418800919,-0.07754346864601365,-0.28291705497256214,-1.426952353816069,-1.8782383887228729
2024-04-17,0.47553190858662414,0.6329273159153569,0.6324412232211369,0.55883691284589,0.48808989635138333,0.37143128821044,0.20252389457544526,0.003421042620788503,-0.19466514855407022,-1.3301892416756482,-1.8057211502622725
2024-04-18,0.4774733676315071,0.6316842810183619,0.6300733852842462,0.5586319993607554,0.4868383778614878,0.367732230992925,0.20096472964597817,-0.0030032809167617226,-0.20046769063750888,-1.3333817969130148,-1.8108551645445221
2024-04-19,0.47931029353022697,0.6302101093003307,0.627795539949914,0.5532954273670908,0.4788563261368326,0.3588584153672109,0.19058110067038878,-0.012007331503192012,-0.21010988328273306,-1.337848958454441,-1.8171592519846682
2024-04-22,0.4750262880203826,0.6288898075468572,0.6272680028495174,0.5526277188200015,0.4765911020441079,0.3571501666436445,0.18371046295779536,-0.019201102492825382,-0.2219023168737705,-1.3624971503537104,-1.8375234383740933
2024-04-23,0.4667769975097945,0.6232107615626212,0.6233024404016814,0.5539568193239574,0.4854144717272961,0.3702350303719689,0.19526236083781295,-0.0034501644832072922,-0.20356466767628653,-1.3452346462220615,-1.812011643731856
2024-04-24,0.469614199914746,0.6302888369989745,0.6335949926365017,0.5687435612431243,0.5023719824898595,0.3922225899951369,0.22076656853753723,0.02268940707034814,-0.17280892671413897,-1.3088581266630783,-1.7784723265778246
2024-04-25,0.47368621905088065,0.6342772941920137,0.6361134490269473,0.5714977822900817,0.5052262349453148,0.39812631787895136,0.22552931948249774,0.026899089408208593,-0.16909603109228233,-1.30257433473497,-1.7762605537858511
2024-04-26,0.48398356008729404,0.6455956891129973,0.6487535457575881,0.587503564091826,0.522678825540846,0.41406636822501813,0.24385004768023824,0.044146853880005006,-0.15129074044689442,-1.2910403249970441,-1.7750238850843385
2024-04-29,0.4998324709588979,0.6682872736927181,0.6742845708443614,0.6161607558019959,0.55243807388489,0.44561317471080714,0.2768634765432523,0.07643356378378742,-0.11741880219113984,-1.2615526978583749,-1.761385168817273
2024-04-30,0.4966400497503795,0.6651642241633692,0.6682070022130588,0.6132957587337043,0.5467830554293269,0.4388162572510277,0.2701071672934087,0.07136376818683685,-0.1259502534301516,-1.2794137870561435,-1.7760538368065233
2024-05-06,0.5119340307995818,0.6858950594529641,0.6897619266814285,0.6341313338840135,0.5676500425368709,0.4613353823942504,0.293923136729442,0.0948025640900081,-0.09937142938027729,-1.2466832752783785,-1.7586173060779606
2024-05-07,0.5110374707010479,0.6884636317144099,0.6934004326242637,0.6405720512175829,0.5753104487707907,0.46903876308952297,0.3038375959886505,0.10375019876593392,-0.08852477836646228,-1.2327444669776195,-1.7437819376786676
2024-05-08,0.5030594362468848,0.6783053657762376,0.68087773955917,0.6266645516427675,0.5611551360276443,0.45501239898743323,0.28895423331947795,0.08839591212917218,-0.10290574627710802,-1.2480792274026922,-1.7511386636495772
2024-05-09,0.514215164973992,0.6928745386933278,0.6964152421397501,0.6420513255003525,0.5766762444424639,0.47104315946717595,0.30487243054477176,0.10188752204643849,-0.0879245644981296,-1.2376027476232654,-1.7518179125972577
2024-05-10,0.5156704633549031,0.6892545528473432,0.6894301175639123,0.6336394487627048,0.5652805692434905,0.45993179270217355,0.29128344285030694,0.08701573209465374,-0.10057143893068961,-1.2565405138639363,-1.7722109772188397
2024-05-13,0.5165808298596247,0.6838727711256474,0.6801277870098724,0.6182365421951649,0.5473141779648387,0.441162526810415,0.26957550632098615,0.06270845076147696,-0.12490814656126134,-1.2839238437901832,-1.8005046736498083
2024-05-14,0.5193526819845636,0.6897644531564016,0.6859761873012833,0.6269488457275137,0.5571392497655651,0.45197835625638255,0.279576384450521,0.07503613782930176,-0.11511246565365876,-1.2749269206519611,-1.794279602636525
2024-05-15,0.510424763406379,0.6804426146119976,0.6757763108413667,0.6182281222778343,0.5502000053841084,0.4431610668868236,0.27307455173205325,0.06774207265789148,-0.121166430428138,-1.2774568197287404,-1.7878815831351198
2024-05-16,0.5110135100288626,0.6800942940170742,0.6765510965758963,0.6209585922033278,0.5543927960034098,0.4471626532331369,0.27788630599044256,0.0775569426218258,-0.11185355299613282,-1.263303161701606,-1.774316671730469
2024-05-17,0.5221234006634554,0.6909831053480779,0.686310051711687,0.6339040866433916,0.5673350616815536,0.4604528873611175,0.2913399058661771,0.0926560966830293,-0.09625239124527822,-1.2445897579433627,-1.7667131586068185
2024-05-20,0.525138407573962,0.6931536500404522,0.6902537658920621,0.6374280242033457,0.5711137464966369,0.4642284149308848,0.29498569174211486,0.09500942371731061,-0.0928068683885325,-1.237628179160917,-1.7627665867348794
2024-05-21,0.5192939929808844,0.6841253572326543,0.6798613829818569,0.6264301009829383,0.5603612176486285,0.4559182987364791,0.28532525328054703,0.08505658801021189,-0.10317434098545171,-1.2524927227298341,-1.771786715710719
2024-05-22,0.5209848893143078,0.6868579105446408,0.6825741482087541,0.6318735010869112,0.5645006289345925,0.4632844568181247,0.29116902634155456,0.09175742752572376,-0.09582646744824189,-1.2455313023512526,-1.7665161916655607
2024-05-23,0.5021671926860019,0.6654524909128477,0.6607462367289807,0.6106626047653184,0.5428168222824746,0.44233908336865335,0.2693637581423054,0.07156165344668727,-0.12091865965575166,-1.2683514728031553,-1.7705186654891574
2024-05-24,0.4997692023823139,0.6590761455227478,0.6539546910795924,0.6005798806554273,0.5328174611644799,0.4333006613695994,0.2570587389877518,0.059934800497807285,-0.13594896370368212,-1.2880776258347097,-1.787846828217024
2024-05-27,0.50697377492262,0.6664852086229085,0.6634101203861889,0.6085342656166134,0.5421894228705034,0.44099780276863226,0.26484470643978714,0.06684514261836672,-0.13315003875346432,-1.2848583667757258,-1.791832141698346
2024-05-28,0.498274750560087,0.6570266661623683,0.6543567723007441,0.5983685248231083,0.5323725668577756,0.43210804817291965,0.2540946296651866,0.05569296575593129,-0.14341852851232217,-1.298485940007801,-1.7967606905678883
2024-05-29,0.4985832915703477,0.6589089121098027,0.6567069145412715,0.6023504882396803,0.536601100709816,0.43588486121509007,0.25911225400343685,0.061650064254681065,-0.13913766593861748,-1.2991720519940106,-1.7977553435643587
2024-05-30,0.4941527084039351,0.6556511777704347,0.6550269865943605,0.5991173331840475,0.5338976561038878,0.43256614145518796,0.25638418672160396,0.056011919205287475,-0.1498545395500704,-1.3190803418771184,-1.813233050281054
2024-05-31,0.4967252162254555,0.659747066707294,0.6624662825767641,0.6068127387887575,0.5420792598597698,0.4427161343381057,0.2650483606632675,0.06588442144714657,-0.14030857021194107,-1.3139614114802887,-1.8106866277057447
2024-06-03,0.4800861160739541,0.6415565670354523,0.6441598817768438,0.587554094541559,0.5249691457985126,0.42409099762122565,0.24828950103244446,0.04544170021767541,-0.15752631890501698,-1.3319994932786972,-1.8120856093526518
2024-06-04,0.48436141694058976,0.6418930773634584,0.6426796294231328,0.5824399107435448,0.5160820562562518,0.4118860642792746,0.23742321501639468,0.03126472061565582,-0.17153456211693585,-1.3416320607443752,-1.8259934776849656
2024-06-05,0.4706148148096582,0.6252803369990672,0.6264514792730589,0.5659049622181793,0.498882600569367,0.39295886907552213,0.2184012385965836,0.011340320947067717,-0.1943887788076096,-1.3702347405400181,-1.8408495553496769
2024-06-06,0.4516697258035979,0.5976357792014175,0.5963459208428805,0.5336836766759276,0.4619837125337589,0.3531601674371236,0.1798478542165357,-0.03232100642607939,-0.23638810961267498,-1.4148165337811,-1.8664862595846983
2024-06-07,0.46370174748886384,0.6106924711645073,0.6118037388829918,0.5497979274928707,0.48196958564914427,0.37592756480831496,0.20306498262136718,-0.009617503761771905,-0.2136669837397933,-1.3980817966404746,-1.8617835441293389
2024-06-11,0.45708771044203234,0.6098420828794573,0.6146646225010607,0.5533317653940988,0.48969410735693597,0.384801191047873,0.21265180246424129,0.0019428164711481639,-0.2026179648996279,-1.3826111945173416,-1.8396989049593744
2024-06-12,0.45941601011319044,0.6159333189059291,0.6225403429089489,0.5645758237192008,0.5029769782740245,0.39987203106900493,0.22862438797393778,0.017597896747693666,-0.1818816453152593,-1.3606689538697556,-1.8200849639829466
2024-06-13,0.45052469792887795,0.6063875498856333,0.6157660274106981,0.5582877976226286,0.4994974508140114,0.3973520422858207,0.22867405064085805,0.017698968019349153,-0.18010417636915504,-1.3558414225744853,-1.8063661205033636
2024-06-14,0.4550329673275204,0.607099814676618,0.6157429998088134,0.5602429254802889,0.4979441432063794,0.39820241777688425,0.22904867285742705,0.01836812609739195,-0.17970469517043866,-1.357095419153049,-1.81212838648057
2024-06-17,0.4500530341322767,0.6013660513142712,0.611073369463003,0.5540485681726226,0.49234041740061674,0.3912323498890928,0.22295424594799373,0.014715758002251757,-0.18523092847819805,-1.3558702609897415,-1.8059232951220188
2024-06-18,0.4563287249925876,0.6080208797442753,0.6195870320079534,0.5637378210706386,0.5049584139646153,0.4042822066117299,0.23761223239463786,0.03364313523425802,-0.16721285084808357,-1.333534978006315,-1.789863702998903
2024-06-19,0.44893971922956344,0.599193508233232,0.6101546953716364,0.5550083006168356,0.49790100758659434,0.39901427147768487,0.23249767149625103,0.030725287306429212,-0.17003217946670665,-1.3390110101460726,-1.7879507293756365
2024-06-20,0.43386454343194886,0.580372362211722,0.5917472565650159,0.5340210808199822,0.4786411524077573,0.38093962838156287,0.21221116470080273,0.012974059442133621,-0.18839296928374213,-1.364268314904486,-1.7981328583364353
2024-06-21,0.4356825740205681,0.5819752299154646,0.5929174919681718,0.5344873185102964,0.4793795149913402,0.3799582533747741,0.20949963472859204,0.010324674057842834,-0.19207444987439912,-1.377033827952456,-1.8127164019730246
2024-06-24,0.41457961802665094,0.5525411977895871,0.5603540291118351,0.49871260174635645,0.4411264273544093,0.33950920622568065,0.16678691889889594,-0.032893267191537984,-0.23669393033015496,-1.4166985367997031,-1.8312781548263546
2024-06-25,0.41714003614052625,0.5562955507660963,0.5638258054040783,0.5002381551358339,0.4445237763209185,0.34186216164971656,0.16851516699596586,-0.03657795910270849,-0.24057957582335368,-1.424580330784094,-1.8417203669246207
2024-06-26,0.4316078363990168,0.5776943235272365,0.5893332397234788,0.5292866081740131,0.4754617652359987,0.37446456878811285,0.20414656647043916,-5.107614887120415e-05,-0.20443187996994133,-1.3961717103249025,-1.8277795467239195
2024-06-27,0.4192638026466534,0.5606670574146724,0.5690926195077451,0.5092176891015537,0.4559363542659038,0.3538309821463128,0.1840018034881883,-0.018537291663804946,-0.2231496732509739,-1.4170781067380516,-1.8363419093847053
2024-06-28,0.42169269388100955,0.5644361289813948,0.5725967949608144,0.51165914399868,0.4596183785530799,0.35804258648704923,0.18944215104238799,-0.010822889539425277,-0.21494313262609574,-1.40845151934665,-1.83014421322766
2024-07-01,0.4348415032758169,0.5795899057222962,0.5854546863474245,0.5251356125531872,0.4695972598827997,0.3657102700099345,0.19500764303367243,-0.0064521450795331815,-0.21242200505014175,-1.4104051696195585,-1.8452466728953758
2024-07-02,0.43510812626978645,0.5769392803404813,0.58228912287312,0.5228482451778873,0.46930302269800866,0.3664610109985042,0.19429194866368504,-0.004419543547497908,-0.209648020419423,-1.4099060259638754,-1.8450141522336623
2024-07-03,0.4340206836053478,0.571867387285601,0.5751283339065949,0.5140823470081786,0.46019217571585863,0.356087226600173,0.18330618512124497,-0.0158750496126504,-0.2221909424716449,-1.4275235856917377,-1.8615442692970858
2024-07-04,0.4174624200495997,0.550370962559273,0.5508585658351695,0.4886366286977607,0.43280945280941513,0.3273043174458357,0.1546563488955797,-0.04684068951085085,-0.25239412585617976,-1.4595225918527874,-1.8769850119023874
2024-07-05,0.4212706809140369,0.5598560547656345,0.5620321285094859,0.5016847642386207,0.44618786836477015,0.34051988898685553,0.16786995406383312,-0.03299172297467777,-0.2414180158811312,-1.4541827841339514,-1.8754534650479886
2024-07-08,0.4025327006357401,0.5364442513824552,0.5372762333574295,0.4748136476447715,0.41729872288419306,0.31080984824181157,0.138334102517079,-0.061923594202301084,-0.2680157348392715,-1.4807819685707468,-1.8833146692064873
2024-07-09,0.41450797954873364,0.5479460684217614,0.5510613817618459,0.4916746733124466,0.43347842211473137,0.3276622530940636,0.15883665052618728,-0.04169994961537999,-0.24404027940287637,-1.449239974709703,-1.863747954258437
2024-07-10,0.4076194878543059,0.5400490237252502,0.5424463507668145,0.4843643345621519,0.42585315375885163,0.32119463696836054,0.15281077196652584,-0.048165788464386294,-0.2518201592570272,-1.455964721343773,-1.8635842091980794
2024-07-11,0.42701584857305996,0.5674075232700901,0.5723244961829324,0.5154303931314244,0.45990833944868026,0.35532109711355875,0.1891078033124427,-0.014796567545497005,-0.2176230557200417,-1.4243924684772107,-1.851408317050271
2024-07-12,0.42806487032433616,0.5660552643795145,0.5698124908505814,0.5120393066645791,0.4567166954123913,0.3537541175504392,0.1875878191284997,-0.01993178922412045,-0.22215697635422257,-1.4338019837067064,-1.861866854031043
2024-07-15,0.4239522816887269,0.556937949398874,0.5573745174402661,0.4980318063228779,0.4406572093674904,0.33552318356669625,0.16793267681611374,-0.03837950325146537,-0.24077374243197328,-1.451273467806717,-1.8752257494954443
2024-07-16,0.42168549533058297,0.5535867746083961,0.5544037947834598,0.49592263800762426,0.43988206237569477,0.336237772929811,0.17190055814595334,-0.0345121985240682,-0.23504212248456008,-1.4450646725662608,-1.8667501678968443
2024-07-17,0.42283526397495463,0.5496090349441646,0.5489832732699272,0.48915490951590285,0.4299244309638831,0.3259363726904427,0.1596561818346313,-0.05027265578779977,-0.2536093924026725,-1.4747912761116064,-1.8976265400865617
2024-07-18,0.42743468208954133,0.5525808443335574,0.5510198551095487,0.49053056620405094,0.4299758473049471,0.32470812315310277,0.15639109634121692,-0.05196661416967215,-0.2593530940076356,-1.4769496441301193,-1.9043843262196614
2024-07-19,0.4276213787469141,0.5534106513387472,0.5530491371008435,0.4943252992708575,0.43664226559520913,0.3334694361218408,0.16643361224457556,-0.04043492410697004,-0.24774198821077908,-1.4677817957302026,-1.8954031744771174
2024-07-22,0.42381623076265773,0.5521952960468576,0.5524627018139848,0.49501928484740365,0.44108821245191526,0.33886990836637326,0.17475447041870001,-0.03243780555609738,-0.2364155569238808,-1.4543991910670053,-1.8782154218296638
2024-07-23,0.4113215963722917,0.5332111369062879,0.5310000695732587,0.4723287654491042,0.4174328779227369,0.31689564516698104,0.15110378152206894,-0.05537027923810354,-0.2600133525296199,-1.4715747751962338,-1.8828963715685263
2024-07-24,0.4047857592070838,0.522235705209597,0.5171584034621737,0.45699981294565734,0.4022863803503504,0.2996367413902488,0.133192216066461,-0.07465774380798768,-0.27832998981949164,-1.4926032379478076,-1.897388997154892
2024-07-25,0.4104261609036827,0.528808593316337,0.5245986958189764,0.4633641912956737,0.4085867511185682,0.30712338389201044,0.1378509311743975,-0.0717400854363946,-0.27828957624651485,-1.49256441037325,-1.9029905712769335
2024-07-26,0.421439437753518,0.5448082590729858,0.5425909459185547,0.4827244333711929,0.42738146616742234,0.3254358761218344,0.156546676769654,-0.05593067680645908,-0.26071673670438084,-1.4806020859019533,-1.902041523655472
2024-07-29,0.4209438928990445,0.5425725511749141,0.538809291348699,0.48003023779421206,0.4264282059784713,0.32426491852307715,0.15539351924524977,-0.05366328146038103,-0.25424970917938056,-1.4696708924497657,-1.8906147853488109
2024-07-30,0.42470413810932217,0.5466579836621999,0.542847079647176,0.48448927286093235,0.4306698241749644,0.33018708808816905,0.1596270926071485,-0.04558433598384302,-0.24869212290266662,-1.463558615806392,-1.888262753915715
2024-07-31,0.44947196810020057,0.5779266036520218,0.5777213355791289,0.521015262254922,0.4686211718934894,0.36841303963878075,0.1990502198264622,-0.008718352275940727,-0.21309551303949228,-1.4328098103451026,-1.882281778445304
2024-08-01,0.44759901267719715,0.5754313115049556,0.575078040794833,0.5194889127678812,0.46876875745718016,0.36776605498438575,0.20041467289813808,-0.007563457189209155,-0.20920001191943605,-1.427248201336907,-1.8748472140141053
2024-08-02,0.44326488867679176,0.5689532933926414,0.5669259129970818,0.509491294470984,0.4567191444170876,0.35360793138992874,0.18500123499158289,-0.023617425131632234,-0.22925055996737448,-1.4517928838104153,-1.895057772487208
2024-08-05,0.4324574840541973,0.55323253045607,0.5475759311383099,0.48748860982760955,0.4340195098569482,0.32817045171878584,0.1557816160529698,-0.05555881261987233,-0.2631328965706614,-1.4932686645162865,-1.9257261485704846
2024-08-06,0.44091200798220065,0.5691485299342024,0.5653961882099536,0.5071297258510882,0.4546908530418957,0.3495330157660006,0.176968672027836,-0.03304906203071185,-0.23784326822420399,-1.473230644380163,-1.9141426523623646
2024-08-07,0.4394404009046269,0.5686598169893561,0.5655085549285163,0.5073531582123443,0.4550018069149548,0.351013732514335,0.1785826903783131,-0.03141503290503918,-0.23896351885317946,-1.4743065209320307,-1.9137469218366585
2024-08-08,0.4447794255149668,0.5734733628353641,0.569659409650527,0.5082248006632986,0.453540626953397,0.3487463068229218,0.17306219023595257,-0.03913956278670139,-0.2450876954070586,-1.4904271519861658,-1.9352065775011336
2024-08-09,0.4407594610659904,0.5661909905207707,0.5620121916535471,0.5001730246065216,0.4469819201599866,0.3402950167770332,0.16623116298114093,-0.044193217815633255,-0.2522624293625363,-1.5012674659709206,-1.9420269270369122
2024-08-12,0.43787810959825335,0.5651558091634676,0.5594283983880491,0.4964729535077136,0.44157488417572144,0.3339240476844839,0.1588733976065479,-0.054454846115442324,-0.2618708646518307,-1.5171934681464294,-1.9550715777446839
2024-08-13,0.4429118909029665,0.5700386880464334,0.5643182944230337,0.501520913033599,0.44704969729827754,0.3415326651857901,0.1675366618571443,-0.045674276630359126,-0.2527650232890565,-1.5054495422009204,-1.948361433103888
2024-08-14,0.43644351987641977,0.5620614528832225,0.5571050006935039,0.49375616627954466,0.44077300878458997,0.3361185415657616,0.16309201257599645,-0.05063892608516811,-0.25629083858791796,-1.5065923986739092,-1.94303591855033
2024-08-15,0.442495525299015,0.5689990941267496,0.56438302980101,0.5016221664432304,0.4512613523200186,0.3445787087456405,0.17330731879762928,-0.04244644688736856,-0.2465594341491234,-1.4964778609244498,-1.938973386223466
2024-08-16,0.4366976774013263,0.5607150512808146,0.5590006939998906,0.496303242298418,0.4482955068484171,0.34164450685471603,0.17110517814715567,-0.044091458073732284,-0.2481662535102957,-1.5092794677486967,-1.945977145150024
2024-08-19,0.4401827021404664,0.5608398743193727,0.5580253759540297,0.49451171858620535,0.4450609545509066,0.3383945860465774,0.16589013973708444,-0.05102909176001279,-0.25805394889717687,-1.5206895527503417,-1.960872254890809
2024-08-20,0.42599613292943705,0.5436449000358631,0.540511263026427,0.4755217609975612,0.42687440390114945,0.3203867594702223,0.14703518954203845,-0.06904424247259075,-0.2740767941579138,-1.5370820482746976,-1.9630781812041356
2024-08-21,0.4195228644007367,0.5386225828511143,0.5374329096111522,0.4740585912893381,0.4240696437250279,0.3191126353277287,0.14664292999791834,-0.0714852869419048,-0.2766957101497728,-1.5408753903246541,-1.9603982547253918
2024-08-22,0.4112385526942586,0.5264128780618398,0.5230274133940396,0.4607021096241849,0.40814170564385693,0.30412216164113504,0.13137204128916677,-0.08970669513072375,-0.2926763421482531,-1.563933444303573,-1.9751719969978325
2024-08-23,0.4075404521279555,0.5229528161660968,0.519695290677262,0.45782248482528737,0.4048052308459287,0.3016065921504685,0.12899084845187542,-0.09454934592949944,-0.29936580580554495,-1.575744512275152,-1.9832849644031085
2024-08-26,0.4155074680583453,0.5354082635568634,0.5313626433682973,0.4678708577448992,0.4150172295829072,0.3144549200511266,0.137886303320085,-0.08293722088019287,-0.2875002754548866,-1.5663455411039366,-1.9818530091622828
2024-08-27,0.40951333173632753,0.525394665593027,0.5193761162031441,0.454778526959957,0.4010242910430955,0.3005723741833579,0.12256048472953826,-0.09919171728638192,-0.3068186478291386,-1.5875110513814805,-1.997024383117809
2024-08-28,0.40957357557593094,0.5304019245395069,0.526362743703601,0.462128561854509,0.408333152990871,0.3065718612319561,0.12912240926415958,-0.09451409429188437,-0.30269335696688804,-1.5887750619693248,-1.9983486375452566
2024-08-29,0.4104558899761245,0.5409584920621546,0.5402585385145181,0.4779792373902565,0.4265199589213834,0.3244372821077453,0.14728470810677796,-0.0771277214460864,-0.2856735062406707,-1.5729229103370874,-1.9833788003132127
2024-08-30,0.41845737757461127,0.5532108328969099,0.5547396929712796,0.4956844581135397,0.4456511153927182,0.34586877106305325,0.16931634656595024,-0.052767665482976886,-0.2630820605949853,-1.5406472110868048,-1.959104588661417
2024-09-02,0.4086896339705889,0.5415022106252798,0.5397647897986693,0.4788977502992363,0.42709791096846633,0.3256480521391576,0.14716845688040978,-0.07217734298976246,-0.28317787427274954,-1.5567631123718184,-1.965452746342408
2024-09-03,0.41016235418705715,0.5470748382427943,0.5472808682640977,0.4884512486356206,0.4370735141929511,0.33672433063328966,0.16019106261984462,-0.0585134056455493,-0.2698940526336199,-1.5474945972609349,-1.957656951447993
2024-09-04,0.40444854495442434,0.5410247772980911,0.5418065057187387,0.4855263476528004,0.43308500036207764,0.3311673292161407,0.15461783890645428,-0.06505246392533622,-0.27623144898775964,-1.56240973161017,-1.966858276564595
2024-09-05,0.4095636039952407,0.5475352638002245,0.5490606371913673,0.4951946810924148,0.4433066801317545,0.34050580130859687,0.1653341970627924,-0.05350202860410247,-0.2664659931939301,-1.5528856649693699,-1.9624492689646114
2024-09-06,0.4018633125609557,0.5340519520351115,0.5319788865954734,0.476499230274717,0.42328527394735,0.3185018981768792,0.1449616938057397,-0.07586970677958527,-0.289786878406315,-1.578328355065254,-1.9801916676262106
2024-09-09,0.3953687789304313,0.5303946017477216,0.5300861669261397,0.47465437238905506,0.4210147323516884,0.31677520127815234,0.1437563985576644,-0.0776360935454243,-0.2917405259989854,-1.5791197497066793,-1.9744885286371114
2024-09-10,0.3938387733452965,0.5331689393994234,0.533456068123765,0.4798602116371949,0.42791959806842217,0.3253915033417937,0.15214390042441886,-0.06861045310797895,-0.28384619110593967,-1.5714629810491156,-1.965301754394413
2024-09-11,0.38642866833472417,0.5272477359678985,0.5273350108496582,0.47540408646068205,0.4252187362028192,0.3235188877573332,0.1506114963121467,-0.07023753399772822,-0.2861538267938869,-1.5789049876102836,-1.9653336559450085
2024-09-12,0.3868395923913249,0.5263386856692964,0.525283811724312,0.47186007827529086,0.42150519310987367,0.3201775950481912,0.14795496419437887,-0.07345605401057556,-0.2894747155353768,-1.5845478182230013,-1.971387410614327
2024-09-13,0.38233667964161977,0.5176672682021826,0.5139228186786833,0.46053385533309693,0.40736195976282275,0.3062416728635474,0.13224429033253263,-0.09014795069050585,-0.30646499349008527,-1.6057156387111426,-1.9880523183527632
2024-09-18,0.3787295751740773,0.5149137900370206,0.508327587150777,0.45563114289895085,0.4021471935139703,0.29997947611708364,0.12603743449187596,-0.09782915388917746,-0.3142777347053848,-1.6185182553518573,-1.9972478305259354
2024-09-19,0.3981642398553475,0.5368815881721409,0.531715957451923,0.4791198449718841,0.4257388881706735,0.32125583856905665,0.14782612482624327,-0.07449249343722052,-0.29110187725634806,-1.5937272601199366,-1.9918914999752848
2024-09-20,0.3953390350276918,0.5340158302564377,0.5270594324980662,0.4732228847376571,0.4210849502190971,0.31509882490180446,0.14340297111941328,-0.07807817106238948,-0.293615796769724,-1.5951352287704943,-1.9904742637981867
2024-09-23,0.3992302879956647,0.5362074944304542,0.5293971850290433,0.4749241532539014,0.4223756702554821,0.3166189843486631,0.145477222038259,-0.07583313024255334,-0.2934432551260251,-1.5937994956794046,-1.9930297836750699
2024-09-24,0.4340913481349018,0.571551217646773,0.5652003525819402,0.5110794435767275,0.4588707118081291,0.35458422368789283,0.18237746332334295,-0.038258194322829626,-0.25928476275541174,-1.5609419676664555,-1.9950333158013578
2024-09-25,0.4473841880524061,0.5823140159589473,0.5767676913511226,0.5207354739937322,0.4680805341587216,0.36632316155171785,0.19283862451938794,-0.02615780420853987,-0.2475160435052684,-1.5445288638896628,-1.9919130519420694
2024-09-26,0.47928835245225415,0.6156338021924138,0.6100907700516903,0.555734722415881,0.504986024821305,0.4045324494088172,0.22803800944419558,0.010463566607187284,-0.21299014140059128,-1.5151573019523414,-1.994445654404596
2024-09-27,0.5123298067428981,0.6544583969439378,0.6505465703997514,0.6008727657697294,0.5557468468594933,0.45806343639513986,0.2830658015624182,0.06836542650389757,-0.15330767298270387,-1.4542762677199346,-1.966606074462833
2024-09-30,0.5951816136990895,0.7452477188650202,0.7467292078940578,0.704619364633332,0.6638129715267694,0.5734583982621826,0.40423114955293077,0.19603003484162035,-0.02164941004246096,-1.3210760010988911,-1.9162576147979808
2024-10-08,0.6355886409945812,0.793345603313509,0.8010856899948954,0.7681879185785357,0.7390432524297605,0.6602946033858901,0.500903986534734,0.30789850708033895,0.09468927623131398,-1.2058904134516488,-1.8414790544462303
2024-10-09,0.5578966254253694,0.7120174417027545,0.7190911497990355,0.678159080282153,0.6451771479650521,0.560768916215533,0.3950717805686197,0.19568514416206798,-0.021573769523773226,-1.3284090413388736,-1.886305666764243
2024-10-10,0.5710888917031209,0.7220418660231432,0.7277277709351677,0.6850107670911231,0.6526117618486775,0.5685800224882213,0.39705167760333726,0.1944136383879445,-0.02660406792482979,-1.3448321902026177,-1.9159210819057386
2024-10-11,0.5421812441693743,0.6917783598718528,0.6946994569859095,0.6491247220439944,0.6126561890241901,0.5254062100797935,0.3545539108301744,0.14303435652587604,-0.07765300272501026,-1.3878177715095592,-1.9299990156789335
2024-10-14,0.5608726816030754,0.7128264420746867,0.7170375845620136,0.6738792371997957,0.6410518051852013,0.5575894157548529,0.39045042448669315,0.1816829209076996,-0.03654029897617722,-1.333407759363841,-1.8942804409669163
2024-10-15,0.5422989397806698,0.6946033454462257,0.6986997603744662,0.656753461306465,0.623492849975587,0.540412099287857,0.37344251012460805,0.1659203338981866,-0.05223174877424952,-1.3466029759027383,-1.888901915683408
2024-10-16,0.5495426544079706,0.7006577355650613,0.7035924229919764,0.6616212709243519,0.6278566208942976,0.5440929258298012,0.37564414236485055,0.16673059272155913,-0.05263574902732299,-1.345348958848971,-1.8948916132569416
2024-10-17,0.5360631612998684,0.6887967932489433,0.6939084342222761,0.6530428331650028,0.6190896458082947,0.5389220518208869,0.3742855461909286,0.167286023415032,-0.05015318582043508,-1.3402501287993709,-1.8763132900992392
2024-10-18,0.5547770974185751,0.710136967846278,0.7183976344088195,0.6804509020613866,0.6488090347085469,0.5711433605999265,0.4122016335051316,0.21174525692367868,-0.001268352221991259,-1.2938394991234017,-1.8486165965419767
2024-10-21,0.5548517534506806,0.7166996854255879,0.7279715439203849,0.6923309842194582,0.6620947208668744,0.5894749857284296,0.43365971687646915,0.23840176572652821,0.029427479970457485,-1.2619759370331756,-1.8168276904838563
2024-10-22,0.5693755694278876,0.7330169951505089,0.7439383424658196,0.7085999215192882,0.6756283534668752,0.6008292738374843,0.4439546861947619,0.24828898676218714,0.033951156911368234,-1.273328315534642,-1.8427038849625295
2024-10-23,0.5763247247341662,0.7379702246325319,0.7489855279617418,0.7142703352842555,0.6783712371927042,0.6040470594226304,0.44627971981865827,0.2498626771385582,0.03519225968597319,-1.2804868512132512,-1.8568115759474173
2024-10-24,0.5766883547070465,0.7379423192824092,0.7473489460024458,0.7121690153007048,0.6772840771055583,0.6000527136432865,0.4400266068751124,0.24454520682940015,0.026418739960814494,-1.2906408956173636,-1.8673292503244099
2024-10-25,0.589937780500094,0.7546525496929831,0.7652119233224242,0.732797283539095,0.6993331730621896,0.6226005150847762,0.46457316098624113,0.27389256949861823,0.05180884574947713,-1.2673380689288172,-1.857275849428911
2024-10-28,0.6111309294091555,0.7773011817955489,0.7906336066805589,0.7555361989217418,0.7235295167297848,0.6460231019013889,0.489752706400338,0.2963538600110058,0.07250877373614001,-1.2464886126756751,-1.8576195420848305
2024-10-29,0.5915414836054124,0.7557110349840612,0.7704992961536673,0.7340356349045866,0.7028006304623646,0.6254158365641174,0.46989598050756237,0.27277772944142675,0.04806160301176787,-1.2752839917020353,-1.8668254753074476
2024-10-30,0.5910005679799397,0.7556710868259101,0.7704861419316984,0.734641807216282,0.7040635860849422,0.6244819363328636,0.46983570120398854,0.27129045902395627,0.04615103983186124,-1.274994314659031,-1.8659948826389705
2024-10-31,0.5979476045637685,0.7636753784857843,0.7795731925982649,0.7474165406577195,0.7186614045452147,0.6393257799759384,0.48651552997282843,0.28660543362057544,0.06610971630896137,-1.2531038941441137,-1.851051498707882
2024-11-01,0.590367054319328,0.7499578857533723,0.7647736789238371,0.725799268180099,0.6913085128686062,0.6088809876680141,0.44867712544985605,0.2454080741383391,0.018027086898424173,-1.3256544843321663,-1.916021538651494
2024-11-04,0.6039216513312764,0.7676771283974266,0.7862565008319553,0.747937597504255,0.7142872687308012,0.6342735022959509,0.4757352430107622,0.271238850565646,0.043278530307271426,-1.3060395358724175,-1.9099611872036937
2024-11-05,0.6183487677616983,0.7849859783050904,0.8073788093508346,0.7731183245612511,0.7415262882350405,0.6641382807523484,0.5082023415218737,0.3068317917864527,0.08296066092446866,-1.2562689145883459,-1.874617682350044
2024-11-06,0.6192950315686191,0.7896381902745746,0.8127336274210049,0.7791786319247287,0.7469256696252068,0.6708394688868947,0.5156181516374481,0.3113509630363297,0.09028558201613317,-1.2513902621190789,-1.8706852936876979
2024-11-07,0.6462658527158427,0.8158739228164502,0.8382127308532575,0.8068052650514035,0.7727261148148001,0.6968871060291721,0.5387601953431294,0.33017509429323205,0.11072173034524437,-1.2336445195238395,-1.8799103722396822
2024-11-08,0.639234851087737,0.8089339199395533,0.835457424111788,0.8064735340940786,0.7745994689673409,0.6980825159943418,0.5416427178503036,0.33466030785040546,0.1221369626551245,-1.2200425457752162,-1.8592773968629532
2024-11-11,0.6442699854091665,0.8188952132402584,0.8497988776244114,0.825380610856659,0.7968994432350521,0.7274379897078722,0.5719581685982874,0.36865756710135805,0.1564640140768117,-1.193507867643425,-1.8377778530525912
2024-11-12,0.6422491710191642,0.8156209583078154,0.8450401820557316,0.8198203530354793,0.7907917564061594,0.7166857238110296,0.5592290849732615,0.3554209484428043,0.13702706788263058,-1.2175642957971378,-1.8598134668163018
2024-11-13,0.645955019200185,0.8194258978341045,0.8486337208421585,0.8218678003620462,0.7943603519536836,0.7159558528184264,0.5601277921520594,0.35817982067861653,0.13957599994130104,-1.2201872482305542,-1.8661422674307389
2024-11-14,0.6276001137098057,0.7965228801066814,0.8221591942941818,0.7948324296817252,0.7632458406409932,0.6838749298591362,0.526871303057428,0.3266034716858399,0.10245280842235538,-1.259119022728184,-1.8867191364379894
2024-11-15,0.6212462046456589,0.7865936648615637,0.8081309992255569,0.7786368496496576,0.7455989114217322,0.6637998280573258,0.5065998304984705,0.3007846200575674,0.07177097919300231,-1.298315627863358,-1.9195618325090167
2024-11-18,0.6262363454268933,0.7798643183734993,0.7970836483202376,0.7601434266021907,0.7229120521404568,0.6364497363434544,0.47558755846430717,0.26327838941759457,0.030836389983177656,-1.3392779904767909,-1.9655143359036837
2024-11-19,0.6359856336980313,0.7975290575772588,0.8212931961530731,0.7853769565621137,0.7492939279442785,0.665376878116004,0.5070533651051714,0.293493529541185,0.061010479217000396,-1.3000369604136608,-1.9360225941116915
2024-11-20,0.6465150571026949,0.8124594111536375,0.8383053088999255,0.8043289885846806,0.7687765364304185,0.687587731870631,0.5286190965238659,0.3200384666516508,0.08919978868159306,-1.2728015098063377,-1.919316566909032
2024-11-21,0.6482907788220722,0.8160945740425348,0.8417741128357409,0.8078630604862617,0.7727815657881443,0.6920177722721711,0.5302653301895394,0.32134599284423954,0.08847037993405187,-1.2729636638482427,-1.9212544426703142
2024-11-22,0.6182690902558349,0.7822997150194795,0.8052234138237487,0.7684764033565568,0.7322294871448725,0.6544613785087339,0.4913229521584613,0.28498907032158427,0.05103659859987527,-1.3150833863062006,-1.933352476562035
2024-11-25,0.6248739750377631,0.7975019024884755,0.8186377120294362,0.7862386761608156,0.7507172944344935,0.6711918810699418,0.5098167432108349,0.29661967910346393,0.06167582275208881,-1.311408214814052,-1.9362821898518146
2024-11-26,0.6238361963301452,0.7963164621116848,0.8140166503709257,0.7783152361267187,0.7443642051155044,0.663096799121945,0.4997823704977074,0.28790570011325006,0.04668453685061449,-1.3344966094970343,-1.958332805827179
2024-11-27,0.6341912319306711,0.8079238067542983,0.8289337200178998,0.7932445266507157,0.7620374656096475,0.6804651550269994,0.5186022977357103,0.3101550459284856,0.07098797187638668,-1.309061259132118,-1.9432524910627886
2024-11-28,0.6342305796867419,0.8098314275169067,0.8316014749676525,0.7958353503896183,0.7644268300313402,0.683020001684508,0.5193130970468572,0.312155779510295,0.07032673968960283,-1.3102493362210188,-1.9444799159077604
2024-11-29,0.6436741666989988,0.8226201911366608,0.8449649731755773,0.8107413458991138,0.7797771374993522,0.698430823588569,0.5358869538687213,0.3280688904543579,0.0900789065222515,-1.2901297972433887,-1.9338039639423872
2024-12-02,0.6548274152410758,0.8395833883637667,0.8629325617183768,0.832810332553262,0.8021995960121157,0.7211401118073183,0.5594663742709796,0.35032379387863505,0.11354991532936898,-1.2640076145625085,-1.9188350298035841
2024-12-03,0.6591209683076878,0.8418533220742179,0.8658654515178817,0.8337239435619573,0.8029557503847966,0.7232645677286265,0.5604979232445236,0.35202543324149516,0.11541101650768154,-1.2677662354451884,-1.926887203752876
2024-12-04,0.6519154994820251,0.83025809920417,0.8534180664153779,0.8206419709350922,0.7887750797196164,0.7089936694971442,0.5469846954918852,0.33260588120157664,0.09958713369636105,-1.2868354987359976,-1.9387509982180222
2024-12-05,0.6524775589335754,0.835350868433913,0.862287949630989,0.8303169926793443,0.8023737387599016,0.7222218211553865,0.563980113661045,0.3485259818848985,0.12027550007503962,-1.2620413266829429,-1.9145188856165178
2024-12-06,0.6657479809638529,0.8486937410460232,0.874969791304747,0.8404868565121556,0.8138906263354153,0.7320531662265977,0.5712688495363444,0.3577633312544715,0.12907394451411927,-1.257808553063762,-1.9235565340276144
2024-12-09,0.6664666843505033,0.848303219578584,0.8762278826861185,0.839935975641255,0.8128751198494808,0.7302368891178401,0.5712178493840467,0.3539636533612967,0.12623751155686083,-1.2633548791448244,-1.929821563495327
2024-12-10,0.6679767912052526,0.8512036474484711,0.8787558286355626,0.8456012977400662,0.8189902123734986,0.7392792506107642,0.5800011093293312,0.3636990696276953,0.13865694312848278,-1.245916564153788,-1.9138933553590398
2024-12-11,0.6768623866399507,0.8624279419856338,0.8914305113363555,0.8599925009450382,0.8321131031837845,0.7555502125678994,0.5951095812294767,0.3796121589303456,0.1547947405741625,-1.2333756823616144,-1.9102380690015643
2024-12-12,0.6879733219564473,0.8754350797284891,0.9048489070237907,0.8712702908198285,0.8414395317160527,0.764494407740105,0.6063352943841991,0.38683576265578473,0.16267183255950998,-1.230528325739515,-1.9185016476959615
2024-12-13,0.6683698332408641,0.8567422780723158,0.8855581947248239,0.851756053251622,0.822545586864006,0.7465935788049078,0.5867106749015454,0.36839602923739806,0.1456333859932576,-1.2447654066409932,-1.9131352398818564
2024-12-16,0.6695961462860482,0.8545643233844309,0.8832061171953873,0.8481719834667858,0.8162170772926204,0.7406322571342631,0.5772063557331156,0.3608259283581266,0.1366626916011387,-1.2611417478883438,-1.9307378941743911
2024-12-17,0.6589013657191252,0.8335062922364621,0.8576014380628223,0.8154277717320807,0.7832617686116203,0.7038165154753953,0.5368213315673523,0.31751786867344634,0.08896281351417917,-1.3164112842307094,-1.9753126499498337
2024-12-18,0.6628308782926692,0.8362135232414152,0.8609810771456606,0.8201515724558769,0.7893271536456069,0.7105040074230657,0.5449072203121635,0.3256276330425912,0.09921386439609103,-1.3053957833478225,-1.9682266616404909
2024-12-19,0.6578059648738375,0.8352960337489365,0.8613989042689576,0.822666615033417,0.792012367436578,0.7136643457792201,0.549841366764553,0.328560807398873,0.09719406636016521,-1.30800337151194,-1.9658093363857767
2024-12-20,0.6553289850937645,0.8389362402706348,0.8682476107694564,0.8318227495801989,0.8056828217539643,0.7269732441221064,0.5650272802980265,0.3444486816064362,0.11289649895383794,-1.2849142032926286,-1.9402431883863924
2024-12-23,0.6496044831851155,0.8173089093901172,0.8371252508087899,0.7963439776272917,0.7630622727502927,0.6830921000685247,0.5165369320161116,0.29213960803450256,0.05707836588881819,-1.3486565662684868,-1.998261049453602
2024-12-24,0.6624247429333179,0.8306896089733117,0.8506043669310741,0.8069126918200223,0.7760456966026903,0.6952187173643409,0.5284039725880061,0.3027949091786136,0.06470156762166723,-1.3442063229195371,-2.006631065852855
2024-12-25,0.6602893763210508,0.821453974037653,0.8352553644563895,0.788909748926249,0.7577035611582109,0.6732405616789111,0.5060083228409337,0.27866984166723735,0.037471467587379806,-1.3742214951739724,-2.034510871495023
2024-12-26,0.657654808802776,0.8254604127933227,0.8427956831316019,0.7984543054116187,0.7720145001777169,0.6888194650135919,0.5238562349656612,0.29494795779523153,0.05769059137556275,-1.352755349175809,-2.0104101579785847
2024-12-27,0.6660685998276725,0.8347071164970246,0.8528607591944022,0.8089628034690309,0.7810553813314539,0.6964580027671484,0.5308179668542549,0.3018911157816159,0.06308972388694978,-1.3551297686608108,-2.021198368488483
2024-12-30,0.666388755883219,0.8304138293955596,0.8483074447608798,0.8012595116201584,0.7718463800951111,0.685832920954734,0.5184095335585951,0.2894456857836365,0.048618193979553095,-1.3757880546366121,-2.042176810519831
2024-12-31,0.6495341472291797,0.8099276032013794,0.8261921084014129,0.7781235864586298,0.7447069979687178,0.6588264963962494,0.4906076212597832,0.2603662676086529,0.018945051946582265,-1.408181221752446,-2.0577153689816257
2025-01-02,0.6240136462858817,0.785460765698409,0.8032013515052395,0.7561172683343818,0.7219406609248514,0.6365670875997418,0.4706477244920105,0.24287209393520331,0.00860626624047667,-1.4086656858928857,-2.032679332178767
2025-01-03,0.6155894661071671,0.7660034811240906,0.7773188474769345,0.7255788952886935,0.6843240457069859,0.5953686475618991,0.4267882020328481,0.19462009362532912,-0.045868038682166934,-1.4670594843810367,-2.0826489504882035
2025-01-06,0.6216250313529506,0.772719274151036,0.7818973645288391,0.7284692077320187,0.6850312809947521,0.5916155735650904,0.4212509983409671,0.18997961829934146,-0.0576332625845131,-1.4950502527358744,-2.1166752840888248
2025-01-07,0.619239325660232,0.7760277874177068,0.7924157810281586,0.7431996113008453,0.7083073312879382,0.6182395319777558,0.4514975084819475,0.22339951501284697,-0.019924866660196293,-1.4494821098137824,-2.068721435474014
2025-01-08,0.6139889746079217,0.7700935366891603,0.7883033265236524,0.7380922513423683,0.7034550753138438,0.6143853007271503,0.44823905952121157,0.2239441889870637,-0.01787995745664816,-1.4381875699616615,-2.052176544569583
2025-01-09,0.6061698923328164,0.7660711356065497,0.7868134897823343,0.7386011820121845,0.7081471851096426,0.6195010230389831,0.455816366658706,0.23296187568408971,-0.010263725865467843,-1.4315028757585775,-2.0376727680913937
2025-01-10,0.5924056870421202,0.7486498209010561,0.7673374735926277,0.7169209634481546,0.6817695115114402,0.5911791733708458,0.4262279759938198,0.2009467795863122,-0.04686268999660983,-1.475851542203791,-2.068257229245911
2025-01-13,0.5947071182288632,0.7528274135235826,0.771888874211767,0.72317879726287,0.6870000967234966,0.5978427876004326,0.4299833871624321,0.20650574796544457,-0.04795804222607651,-1.4845902496145742,-2.0792973678434374
2025-01-14,0.6172006356461537,0.7814327936030252,0.8073111378952926,0.7635909919333443,0.731780283123357,0.6474970962875446,0.48349824900074023,0.26393034744988875,0.011637460151076376,-1.4168729529171529,-2.034073588563307
2025-01-15,0.6136688935387237,0.7764358713497909,0.8023058125151973,0.7582270839866578,0.7261032634939948,0.6411900524151053,0.4785111370362767,0.2594040456267761,0.007118649777366515,-1.4221519966978802,-2.035820890236604
2025-01-16,0.6179091213339852,0.7819473526376451,0.8074126542182684,0.7633510450481199,0.7324168363360445,0.6462113508026395,0.4843868130230882,0.26457890786909777,0.015303033325820958,-1.415223310908732,-2.0331324322427173
2025-01-17,0.6215722385663366,0.7875002765183238,0.8117170360174427,0.7688424096993012,0.7373446374990933,0.6493758998006701,0.485346713500129,0.26284675141556907,0.011274570848818208,-1.4223941545983183,-2.043966393164655
2025-01-20,0.622465874817477,0.7932857127088849,0.8198742807708038,0.7798866500962319,0.7488455579769792,0.661366089566953,0.4947044406545436,0.27520253078207957,0.021777631721337298,-1.4066280010017147,-2.0290938758191914
2025-01-21,0.6175996448350779,0.789353927417099,0.8166990969283351,0.7772657404832471,0.7475517306778949,0.6595450772819662,0.4923988130193183,0.274715935983512,0.02073203400670557,-1.393684699178485,-2.011284344013563
2025-01-22,0.6118210841478489,0.7813857264790196,0.8075970562190128,0.7671419198954038,0.7380843867087842,0.6505038100087694,0.4789749276269206,0.2629025753521251,0.006929022494859081,-1.4084858402629428,-2.0203069244107916
2025-01-23,0.6162111847376467,0.7831412141947767,0.8084000172954979,0.7675437094636912,0.7378377619452566,0.6498821058940092,0.47637556928514596,0.26218773123290845,0.002833283212733094,-1.419922674021381,-2.036133858759028
2025-01-24,0.6212682843761825,0.7893630648709136,0.8165585394916834,0.7778741989425312,0.7499484966449806,0.6631440245471297,0.49236391304313465,0.2799038282412242,0.01872330593110873,-1.4022590961336483,-2.023527380509831
2025-01-27,0.6273695157286429,0.790599150629376,0.8131147333446312,0.7727727641409159,0.7403590827957137,0.654714361114407,0.47902511603787495,0.2639647978280044,0.00045302014054873774,-1.4385327147470144,-2.065902230475657
2025-02-05,0.6208568145722102,0.7874631137564592,0.8159470243201041,0.7789864716745084,0.753578522031144,0.6723214030881665,0.49621202778056905,0.28647101954629267,0.02010524509601032,-1.423182813225517,-2.0440396277977273
2025-02-06,0.6291548041937115,0.7984368971966334,0.8318892099602802,0.7988216124211356,0.7753844121600795,0.696325284367459,0.5199850040522301,0.3138208507977782,0.052303166880607925,-1.3859973321940355,-2.015152136387747
2025-02-07,0.6379100603382096,0.808811074408841,0.8434668525729626,0.8104963625726014,0.787330372430134,0.7099921050271581,0.5345240116869805,0.3294363817470062,0.0671057338504645,-1.3733700299215277,-2.011280090259737
2025-02-10,0.6417129009644182,0.8171423117996494,0.8537164636821887,0.8252044525011818,0.8033712022565099,0.7302330408515285,0.558349867343862,0.35313340240981045,0.09431522942488066,-1.3496836792967988,-1.991396580261217
2025-02-11,0.6406815139355623,0.8143848689769361,0.8505622678091602,0.8219380186700822,0.7974324080847641,0.7253721083492108,0.5510490588670454,0.3469206846364617,0.0906695714999192,-1.3484731329826822,-1.9891546469182446
2025-02-12,0.6422418856688427,0.8176370451163623,0.8564652503573752,0.8289437501667134,0.8071280576754595,0.7371927814652547,0.5636084111617952,0.3619114657444513,0.107949274345785,-1.3312527940715289,-1.9734946797403716
2025-02-13,0.6395523335234796,0.8115853504665984,0.8475109074575712,0.8179149273199201,0.797069529588617,0.7266863734003893,0.5521843788931027,0.3501591009403429,0.09586175911408448,-1.3486617094564974,-1.9882140429799773
2025-02-14,0.6417847870308905,0.8144026652036555,0.8516511000625121,0.8212962744316042,0.8011677564321017,0.7290629818391096,0.5565053365308714,0.3559620886055399,0.0973040919133978,-1.3511012825609372,-1.9928860695918278
2025-02-17,0.643914315567727,0.8201311409636665,0.858721566591201,0.830608432228409,0.8108490857826899,0.7437235835398117,0.5704988186195796,0.3705617504275018,0.11605121792570965,-1.3274900535007854,-1.9714043690685124
2025-02-18,0.6327217333835207,0.8032503603977338,0.8391053132772456,0.8112187678422305,0.7894418591654802,0.720001190458123,0.5434943068615858,0.34404725097251665,0.08445666655053848,-1.3689924501248454,-2.001714183508366
2025-02-19,0.6361940188097893,0.813459065845841,0.8546074699047823,0.8294897591280704,0.8113999681585482,0.7405359394666393,0.5692572307027537,0.370554631908754,0.11385694244587767,-1.3242572836869602,-1.9604513024967494
2025-02-20,0.6365624480664142,0.8191091641602525,0.8646892026294997,0.8388972897200889,0.824018827632123,0.7526514696777279,0.5814646415945721,0.3797945678136768,0.12468543894350811,-1.3178928725383339,-1.954455320604748
2025-02-21,0.6353059017019592,0.8200856435374564,0.867212859495008,0.840855673281658,0.8275766418959828,0.7589957294769918,0.5915509918099741,0.39510666017613744,0.14427859382838887,-1.2881720744543301,-1.9234779761562892
2025-02-24,0.6403368019174289,0.826403306782706,0.8727263526798049,0.8464034241733273,0.8326858391859956,0.7661920005565382,0.5954422177893186,0.39835720021867926,0.14339657272657094,-1.2965511795862872,-1.936887981503716
2025-02-25,0.6308136524814407,0.8183543184087942,0.8675313590548454,0.841853127780797,0.8301375660229325,0.7628737878665076,0.593836040744186,0.3958798369090424,0.14224831965331644,-1.2984343534268197,-1.9292480059082604
2025-02-26,0.643015030233242,0.8327381910300738,0.880951397122824,0.8561185672650965,0.8462415851226226,0.7788569624734313,0.6063128157808819,0.41123643969226803,0.158468862626233,-1.2849959470614722,-1.9280109772947143
2025-02-27,0.6450647733058466,0.834412760620686,0.8846110609809743,0.8562332250173514,0.8460972599619278,0.7794454187413404,0.6052179977785553,0.4077837037349419,0.15443696209845148,-1.2982867888941705,-1.943351562200017
2025-02-28,0.6343629126543795,0.8177894942585978,0.8649031917930675,0.8317961691963591,0.8185924159676586,0.7495675769148541,0.571473377857816,0.36550525587574945,0.10622705331115462,-1.3641866953106556,-1.9985496079650351
2025-03-03,0.6368853242439751,0.8240826073346399,0.8730318587166612,0.8394393238873789,0.8259955288026264,0.7581487114483134,0.5797763335205508,0.36953845912231714,0.10986813456053339,-1.3695836731628028,-2.006468997406778
2025-03-04,0.6402734231144789,0.8313857100969226,0.884083428694676,0.8540118527737224,0.8381125359238166,0.7727311701105389,0.5940011106421852,0.38393004778898543,0.12550102344611805,-1.3463634824478201,-1.986636905562299
2025-03-05,0.637627235225636,0.8266714870632065,0.8803855742138402,0.8512896526332654,0.8368728725351511,0.7742413463656407,0.5952680192991698,0.38973236982277787,0.1343779142292704,-1.3274555678205215,-1.9650828030461576
2025-03-06,0.6422128632188517,0.835861010410019,0.8916038385856448,0.8660203832856465,0.8528705330980195,0.7913750730633841,0.611942076721169,0.4117794252993259,0.1623585381665332,-1.2917144806955287,-1.9339273439143805
2025-03-07,0.642526248262998,0.8355143794468737,0.8900567690093445,0.8604842504040122,0.8485494709462877,0.7867250292156125,0.6065959049630636,0.40372480959150914,0.1529513070255684,-1.3020941351849633,-1.9446203834479612
2025-03-10,0.6465192521091003,0.8423156715053811,0.898506155308028,0.8685998003546752,0.8560476115164927,0.7924091715027423,0.6133627193972415,0.4096285811398573,0.15549878258482489,-1.30337794458793,-1.9498971966970302
2025-03-11,0.652377595851957,0.8488981850320398,0.9036046901083289,0.8752331291174997,0.8615596137981797,0.7967922605233648,0.6168245122491183,0.41183267249659167,0.15692570582998075,-1.3031862155129168,-1.9555638113648737
2025-03-12,0.6530971930638699,0.8491860237649275,0.9058171927885951,0.8776226591675425,0.8651526787913126,0.8010970057191573,0.6230416850704573,0.4178682202718172,0.16553987422699565,-1.2965917616344795,-1.9496889546983494
2025-03-13,0.6575665017191767,0.8480015185693319,0.9037202887929369,0.8718093463801093,0.8552958679277765,0.7896426556347885,0.610603598684679,0.3992536003654068,0.14249166006537456,-1.3312828164014017,-1.9888493181205784
2025-03-14,0.6718363936890593,0.8646337958711509,0.9223476197921137,0.8890919915849524,0.8739672347092509,0.8066165183163733,0.6268058162568563,0.41581194827977996,0.15960272805367476,-1.3130326197352142,-1.9848690134242737
2025-03-17,0.6763894512843027,0.8693833058380149,0.9278742116748545,0.8941865813044042,0.8801570793988126,0.8112282241996053,0.631046883459915,0.42134668047219337,0.1638747627414782,-1.3037645760279812,-1.9801540273122842
2025-03-18,0.6784799906595075,0.8724740586729557,0.9320116845751175,0.9002947466599263,0.8861420669748441,0.8168241135066695,0.6392998890947684,0.4276839624738465,0.16991701948936108,-1.2981835536331876,-1.9766635442926954
2025-03-19,0.6787426378150273,0.8707087546059527,0.9289325306917501,0.8972978007620299,0.8822001775864043,0.8104004586047203,0.6311932605187189,0.4213263454107342,0.16321214379193555,-1.307689885890012,-1.9864325237050395
2025-03-20,0.6787608444506569,0.8707394105301278,0.9303334459008189,0.8986752317816301,0.8825415989558899,0.8102558074307791,0.6299339654602466,0.41857150741002547,0.16005505885789734,-1.3141547578568125,-1.9929156023074697
2025-03-21,0.6760936189070733,0.864725899544879,0.9208638859915663,0.8879296206807664,0.8675852019268252,0.7954284176721171,0.6102356279384845,0.3969336993388619,0.133786491293913,-1.354957865957734,-2.0310514848648076
2025-03-24,0.6748368964102115,0.8580065841060222,0.9078332140912678,0.8734299331310988,0.8496867850395269,0.7761436913790485,0.5905961702237522,0.37544388736709927,0.11316089761252042,-1.3752327404468425,-2.0500696368570543
2025-03-25,0.6845216811163061,0.8649239790797215,0.9118903387665982,0.8750641866168039,0.8493721825017344,0.7737530341728178,0.585799655386532,0.3672569901729697,0.09648365189576491,-1.4011265792206362,-2.0856482603369426
2025-03-26,0.686725922735529,0.872226965878731,0.9219554206828652,0.8854702739585907,0.8612672589395272,0.7842923067261699,0.5972699954731182,0.3771125715265056,0.10907236243743718,-1.388220626613208,-2.0749465493487373
2025-03-27,0.6871766333904835,0.8720530224431734,0.920222313366433,0.8843962277190547,0.859539530446532,0.7801005778790435,0.592913756154858,0.3706597986645762,0.10062808009558168,-1.40406810301347,-2.091244736403954
2025-03-28,0.6795612878938228,0.8611984444545181,0.9078097830366025,0.8712030044897273,0.8460039016144496,0.7662713472822548,0.5781698803792215,0.35544989382888836,0.08732564431277379,-1.419995835766282,-2.099557123660105
2025-03-31,0.6692734263500753,0.8475675180980187,0.8954947535444391,0.858360485789431,0.8358033098823718,0.7547397031431208,0.567452784684374,0.3437939713377163,0.07839850408443069,-1.4262824648363983,-2.095555891186474
2025-04-01,0.6832122539672021,0.8634390098465359,0.911055805975477,0.8721521200046825,0.8501345144073138,0.7677765061953213,0.5774577448984781,0.3544706564578915,0.08598988971063107,-1.4255406650598834,-2.108752919027086
2025-04-02,0.683159130074124,0.8635515225523206,0.9116838502482016,0.8736939256914797,0.8524586540129718,0.7704316920639541,0.5816662329622813,0.3557737631028979,0.0899036954944696,-1.4191404224430753,-2.1022995525171995
2025-04-03,0.687005008797539,0.8633441299397084,0.9101510300535351,0.8698815206868545,0.8480021597311991,0.7641442075170435,0.5725127534483938,0.345009796252389,0.07451297249445368,-1.4405390450323712,-2.12754405382991
2025-04-07,0.60961988750376,0.7669070822336981,0.8022077690273091,0.7522840454412196,0.7232605465102208,0.6304633300701137,0.43847328099499616,0.21418156122884321,-0.06241205332398067,-1.58526081585507,-2.19488070335883
2025-04-08,0.6436395411726872,0.8017715065244471,0.8378957564870453,0.793054582221919,0.7629093780106236,0.6632644928832058,0.4762510999869365,0.25098687168797335,-0.029813862466231446,-1.5458458052462456,-2.1894853464189326
2025-04-09,0.6542711009482681,0.8193255430037206,0.8588702481300579,0.8138788320266638,0.7878557840650227,0.6914593168070473,0.5059050449441842,0.28472985749564833,0.0020689005194440627,-1.5106523020507947,-2.1649234029990625
2025-04-10,0.665108318118623,0.8379622211563714,0.8825483710893193,0.8396765286081025,0.8159327006623524,0.7199148782086785,0.5383587391091116,0.31572651230359966,0.03605909839372276,-1.4723040822627556,-2.137412400381378
2025-04-11,0.6620078567135248,0.8376228114663705,0.8863960206976675,0.8462773753226446,0.8263802937903416,0.731180131539879,0.5498360095508988,0.3317887053965891,0.05191836038776998,-1.4577322150996426,-2.1197400718131667
2025-04-14,0.6698642431654481,0.8484520622607822,0.9033827733482633,0.8633149092968923,0.8475332078613929,0.749902000350092,0.5717482625642192,0.3513732537334748,0.07289943094576373,-1.432432067376215,-2.1022963105416625
2025-04-15,0.6712319496220177,0.8482956637481996,0.9037788637321384,0.8645023901944553,0.848116787039115,0.7502859116024153,0.5716390611885255,0.35198913068649956,0.07071301375608889,-1.434052913104184,-2.1052848627262013
2025-04-16,0.6714746483960652,0.841809525096483,0.8929492801075436,0.8511704640162984,0.8335806670890474,0.7327282891937934,0.5537042704209099,0.3329417763580693,0.052402069599704594,-1.4598262205781007,-2.1313008689741655
2025-04-17,0.6725635603779894,0.8463973364491533,0.8982629024765836,0.8583787332306946,0.8415788202108891,0.7410889017037456,0.5599002465915331,0.3416110679445496,0.0577651147419191,-1.4567639549020226,-2.1293275152800115
2025-04-18,0.6726896706622323,0.8467041780813813,0.8993177118643959,0.8592376842942808,0.8418748408888654,0.7423769207627918,0.5601811030651338,0.33970408273129454,0.04976211971323461,-1.469734166061652,-2.142423836723884
2025-04-21,0.6752207038984176,0.8563001049323721,0.914561895671701,0.8757703008760683,0.8601518344080874,0.7604858122994091,0.5839755523355323,0.3626650315487564,0.07322359335173229,-1.4409210411267648,-2.116141745025182
2025-04-22,0.6796584359060538,0.8609692636058083,0.9186453684508338,0.880229900833542,0.8635746900097435,0.7618039358722453,0.5834885422305889,0.36230687214744334,0.07074066722276975,-1.4478483979168277,-2.127506833822881
2025-04-23,0.6783887640279725,0.8617705413792355,0.9240007980856745,0.887371833250401,0.8748793068327478,0.7724061636599432,0.5927468818186612,0.37230807014813033,0.07994587398613828,-1.4376629210356122,-2.116051685063584
2025-04-24,0.6802382798280651,0.8590000193435594,0.9192168719829019,0.879771133657602,0.8648972805829406,0.7616664628065151,0.5819799130119716,0.363234514869561,0.06815817106739328,-1.4500379380638884,-2.130276217891953
2025-04-25,0.6841001784658003,0.8637257570376077,0.922272552370992,0.883773960339442,0.8696192180290084,0.7646455908707983,0.5839162798744963,0.3663678497564425,0.07034958246984188,-1.4555860818507544,-2.1396862603165547
2025-04-28,0.6783702071362557,0.852205574318387,0.9077241445579713,0.8698563652786422,0.8571139891185451,0.7526488659174401,0.5711379911498209,0.3526452197756418,0.05850957812427177,-1.4699582516696352,-2.148328458805891
2025-04-29,0.676745362293282,0.8566821950913899,0.9158183238382209,0.8797759545690549,0.869041980524094,0.7639372241418646,0.5842226648441163,0.36431369850425427,0.07258323903497561,-1.4619497368407288,-2.1386950991340106
2025-04-30,0.6738442148026693,0.8563544370310392,0.9207572198319902,0.886879112958915,0.8794705160143012,0.7782107836317756,0.600855689484183,0.38014544942107736,0.08696752334559489,-1.4516974015070079,-2.1255416163096768
2025-05-06,0.6847710068594322,0.8744092845670742,0.9429306811796153,0.9155201744534929,0.9089249751915881,0.8090194700555139,0.6333937021343828,0.41269239818788894,0.11969599923973068,-1.4142367712708643,-2.099007778130296
2025-05-07,0.6916058180317379,0.8810838908782959,0.9504399211572291,0.9212522596588769,0.9162724448812798,0.8150506741374909,0.6395148073285707,0.418287240757061,0.12502294133227046,-1.4066953988314328,-2.0983012168631703
2025-05-08,0.6941314864640222,0.886476555829031,0.9607309794661597,0.9340507540184321,0.9313004868229229,0.8283472410921949,0.6551017572953554,0.43132043552656985,0.13485784694786873,-1.4008657265455442,-2.094997213009566
2025-05-09,0.6935398785301962,0.8823379453464507,0.9527836731667905,0.9246832429610136,0.920273418594043,0.8158720556448172,0.6405319813339694,0.4160945393242689,0.11753437469434563,-1.420864594867944,-2.1144044733981397
2025-05-12,0.7001300117480036,0.8917926896588504,0.963353243960842,0.934972551738223,0.9327628498445417,0.8321182186882254,0.6552609679963152,0.4331271358686307,0.1346777068251237,-1.4042590129618844,-2.1043890247098878
2025-05-13,0.7027565934734088,0.8929659661050238,0.9618209123380049,0.9315397773373547,0.9296812758116637,0.8289863615602511,0.6528614979460229,0.4297552237162059,0.1312314958733687,-1.4021404776680917,-2.1048970711415005
2025-05-14,0.7105814974138397,0.8956844077916747,0.9619236495600239,0.9303135432242281,0.9286167880476107,0.8286377017590687,0.652716022983335,0.427448341419891,0.13077098774836787,-1.3977887604947739,-2.1083702579086134
2025-05-15,0.7053151856252529,0.8885466789295855,0.9534467706367507,0.9226777401043086,0.9193316137265725,0.8179092612238035,0.6418659570669204,0.41436235845427394,0.1191657802498046,-1.4107746803918673,-2.11608986601712
2025-05-16,0.7038816536064441,0.8898003992959547,0.9564359187745467,0.9285198320257877,0.9252092204791177,0.8245066184831092,0.6474615190096688,0.4211771355578073,0.12500623320454682,-1.3966207837965787,-2.100502437403023
2025-05-19,0.7085633890967473,0.8951993031465254,0.9656725317288222,0.9380270589361781,0.9346157621539098,0.8328988666727993,0.6584532116947376,0.43196276756617535,0.1301283507005391,-1.3909149338515887,-2.099478322948336
2025-05-20,0.7130143564866495,0.9021909275435309,0.9736289553604451,0.9489722676261978,0.9453118066584225,0.8442282828294357,0.6692634862353852,0.4437267577868618,0.14130613754683868,-1.3853038771099186,-2.098318233596568
2025-05-21,0.7154866446346595,0.9020815256864322,0.9711378120679064,0.9454715522343745,0.9393195015875445,0.8377654339193297,0.6648901505663588,0.4357047729157309,0.13368121670006136,-1.3973419057070218,-2.1128285503416815
2025-05-22,0.70817677272701,0.892038597031991,0.9602383999127359,0.9333597208101617,0.9266649257691187,0.8244397315461848,0.6538348661119908,0.4234343728510993,0.12019515068180958,-1.4122739846230268,-2.120450757350037
2025-05-23,0.7012124358633732,0.8846159197413481,0.9515413560097234,0.9238286519382786,0.916382017414022,0.813359835268142,0.6422504078812928,0.41229948539682204,0.1080717877498819,-1.4227630847362238,-2.123975520599597
2025-05-26,0.7017623730660565,0.8887861613071608,0.9582889034116069,0.9331997517029399,0.9261320190551082,0.8254784825418366,0.6564898742738278,0.42282472032391033,0.118479999821953,-1.4123672647075292,-2.1141296377735856
2025-05-27,0.7034962511006343,0.8913713233541316,0.9608834182163681,0.9360025115475874,0.9290771228430496,0.8262554359520414,0.6562250093434465,0.42060622536442543,0.11659855886655857,-1.406113912991622,-2.109610164092256
2025-05-28,0.7037110416947358,0.8901893404329997,0.9579765388461738,0.9339759404801586,0.9263743682999099,0.8217036067829856,0.6539928732688871,0.4174523865684921,0.11180248746969207,-1.41394560469893,-2.1176566463936655
2025-05-29,0.7107562413380207,0.9024660904334938,0.9741565230025588,0.9509017248120482,0.9460371107946335,0.8426959623174466,0.6741686203430198,0.43931388856944725,0.12960527259336824,-1.4006674662093779,-2.1114237075473983
2025-05-30,0.709169142918193,0.8964257669775313,0.9647244974798979,0.938581044613187,0.9327668856197305,0.8299201490186006,0.6589925258673317,0.4232784663812164,0.11141079871992349,-1.4256644521012165,-2.1348335950194093
2025-06-03,0.7130398111896893,0.9009069764368267,0.9711669520493128,0.9455059318629244,0.9417225664680717,0.838729971420604,0.6681306247122258,0.43305502750300096,0.12135886226494794,-1.4103377897517444,-2.123377600941433
2025-06-04,0.7195434980517194,0.909346311147505,0.9811341634628734,0.956707209701763,0.952600714387826,0.8497332918419508,0.6785699084192968,0.444821671931787,0.13158626595854447,-1.4006440621702891,-2.120187560222008
2025-06-05,0.7168899264828269,0.9097077998181111,0.98319156695339,0.9611966952541643,0.9591497987281308,0.8546540349248656,0.6871376861440152,0.4522901505393502,0.13857140691154932,-1.4027323949409511,-2.1196223214237775
2025-06-06,0.7202528939261114,0.9129791768862756,0.986401605848682,0.9641582576860679,0.9625976145448745,0.8564085351385279,0.6884966716166475,0.4503246799849521,0.13422800025402665,-1.4104724958719166,-2.1307253897980276
2025-06-09,0.7250895883264713,0.9197135485838474,0.9952886562525372,0.97471222062534,0.9750017141280674,0.8688841415731549,0.7015078549556902,0.4656719847246334,0.14997191538835933,-1.3862458724569697,-2.1113354607834407
2025-06-10,0.720995493283753,0.9131754977820399,0.9876401522711937,0.9660603739984734,0.9641739426210181,0.8588315423867983,0.6901232589529653,0.456914343955482,0.13949127729198965,-1.3913198640963078,-2.1123153573800604
2025-06-11,0.7265535263447058,0.9199781355062369,0.9946593684314862,0.9719639442539025,0.9695877063541686,0.8664331532088345,0.6961953959175365,0.4620989131130116,0.14559660939356311,-1.392306843581213,-2.1188603699259185
2025-06-12,0.724450655584587,0.9198308713011536,0.9955536421561958,0.9733121077861794,0.9711961122843872,0.8698279394429661,0.6981108554889771,0.46424713480081836,0.14934449582418746,-1.3840491225262512,-2.108499778110838
2025-06-13,0.7174656492771708,0.9100199669396876,0.9818545683794457,0.9591904606308963,0.9543649264259416,0.8527938357495166,0.6777794300165675,0.4419587417569384,0.13030744895471894,-1.4108670215113812,-2.1283326707885517
2025-06-16,0.718377501344434,0.9129543148232702,0.988613533538711,0.9669892617511001,0.9632320835119326,0.8613943232626328,0.6886559422093346,0.4538748889774655,0.14064413089068806,-1.3983506910192394,-2.116728192363673
2025-06-17,0.7214798454148356,0.9156329491538204,0.990226342603134,0.968504062777628,0.9628525994879684,0.8609335757227167,0.6870445581616749,0.45194443731188555,0.13662527578568293,-1.4117158733221358,-2.133195718736971
2025-06-18,0.7166384455583731,0.9110348180590796,0.988032130699019,0.9659724681225732,0.9633515775966586,0.8589345721279018,0.6875426866409723,0.4499308087915568,0.13532345812379787,-1.422823686514082,-2.1394621320724547
2025-06-19,0.7066190894250735,0.898103375471823,0.9739332149731057,0.9511243545332937,0.9488896388011475,0.8448032328357655,0.6701769724503621,0.4306307247035378,0.11444000751997938,-1.4548446959282417,-2.1614637853533147
2025-06-20,0.7064499829355533,0.8975531513325685,0.971940289190341,0.9468500708741469,0.944261343608578,0.8391740007579043,0.6626940465080934,0.41970930365334613,0.10173077789785269,-1.4698903976012978,-2.1763403805368506
2025-06-23,0.7106031966418942,0.9068211599691371,0.9840353463645459,0.9628039734177414,0.9617481332056911,0.8562310221378979,0.6799349547513605,0.43744840405536256,0.12132524257048197,-1.444468930919764,-2.155072127561658
2025-06-24,0.7225422282228663,0.9231626427795828,1.003481082348443,0.9860144630623492,0.987074083900709,0.8806775030612418,0.702784293299461,0.45941837098539295,0.13976821791045196,-1.4305201738176625,-2.1530624020405282
2025-06-25,0.7309578193313709,0.9331240660162681,1.0127667573263421,0.995814694778944,0.9979665667023512,0.8903477457086756,0.7139125285173803,0.47024642042426645,0.1513677503907295,-1.4265827451343411,-2.1575405644657115
2025-06-26,0.728609586648494,0.9292969120748623,1.0089516690305456,0.9932716459345832,0.9952630597119059,0.8865601117088134,0.7101250982913436,0.46941434301814305,0.14909944773149564,-1.4275344413519244,-2.156144028000418
2025-06-27,0.7311100967273523,0.9327917071296307,1.0161842695425403,0.9992217630331561,1.0034138048444656,0.8938203788075716,0.7166120259680248,0.4767392490083513,0.1542384149076495,-1.4266026097161797,-2.1577127064435313
2025-06-30,0.7335862069553234,0.939182048304194,1.0265469966550245,1.0085647430533637,1.0157333986886028,0.9100591508572894,0.7306741146042797,0.4937758888746398,0.17256479692734047,-1.4015112466397226,-2.135097453595045
2025-07-01,0.7362989419482883,0.943154364169736,1.031662192482,1.012749886840344,1.0207469645140106,0.9124653878083472,0.7341557177542966,0.496792922848457,0.17442246844214204,-1.4003753975865314,-2.136674339534819
2025-07-02,0.7424571272397632,0.9474364125384206,1.0316225325461688,1.013114872903743,1.0176271154522707,0.9059574526434819,0.7263045597731673,0.4842312550732943,0.16260151370947085,-1.4160160756954165,-2.158473202935179
2025-07-03,0.744550188206816,0.9505019493945607,1.0367872682202182,1.018712903823273,1.0233895231879464,0.9131560312702866,0.7346814848260557,0.4927010412425571,0.16948660879123986,-1.4065383887153822,-2.1510885769221977
2025-07-04,0.744423328769264,0.9464419050402483,1.030154734692814,1.0103588025085795,1.0144738343138946,0.9034684235524472,0.7234505868611377,0.48035237871767994,0.15940441912305534,-1.4156723710345964,-2.16009569980386
2025-07-07,0.7495864771559936,0.9531860269257192,1.0364346487966594,1.0178484650913764,1.0230235433579336,0.9089245539487608,0.7292912958895803,0.4863694126180577,0.16428974021350748,-1.4071128986712433,-2.1566993758272366
2025-07-08,0.7542089765121799,0.9622365485329823,1.046403664850051,1.029164011697423,1.0367181225759188,0.9221995148509877,0.7446303495439562,0.5003010080621719,0.17973176992593184,-1.3963005624469407,-2.1505095389591204
2025-07-09,0.755556776682036,0.9616835459949862,1.0470142374543605,1.0285106186534714,1.036218291225547,0.9213220325556363,0.7436881279575636,0.49635252089979087,0.17525735112986712,-1.4018819703634378,-2.1574387470454734
2025-07-10,0.763318019729451,0.9689893970963085,1.0524862969401925,1.0339822650901023,1.040230050916665,0.9232216193637807,0.7444969538555043,0.495994370160618,0.17158796118841554,-1.4109475420694826,-2.1742655617989333
2025-07-11,0.7649711389363688,0.9726580959562428,1.0556409499336166,1.038457175581471,1.044686349000041,0.9267131154981657,0.750278185637529,0.49985431998929625,0.1744767620058466,-1.406128352781213,-2.171099491717581
2025-07-14,0.7690345066023211,0.9758058270033634,1.0602782906759076,1.0458034866196748,1.0483667875406584,0.9347952426378071,0.7579761458044462,0.5093849846712982,0.17952276801462325,-1.405045391541429,-2.1740798981437495
2025-07-15,0.7588910728257223,0.967142742224798,1.0530197842484628,1.0364506668066567,1.039802194716619,0.9272607135057959,0.7502282154430797,0.5025079176194832,0.1756535347412817,-1.4148023894407995,-2.173693462266521
2025-07-16,0.7631787623016154,0.9719384469403829,1.0595014906578077,1.04287996268272,1.0459541427556143,0.9326881624479405,0.7585555985130519,0.5087607133119917,0.18032917263182252,-1.4134037731894522,-2.176582535491067
2025-07-17,0.7645920181772233,0.9760146810249951,1.0649374436030237,1.0508194067413128,1.0544734183515092,0.9420461466657253,0.7687486189458537,0.5204085610141981,0.19442582837455658,-1.3938918844120547,-2.1584839025892775
2025-07-18,0.7691923939565927,0.9795943718629093,1.0686902289823288,1.0533851935272045,1.0569835583083564,0.945300364040723,0.7708500863262006,0.5226691719087762,0.1951813167703342,-1.3950629358003788,-2.164255329756971
2025-07-21,0.7858153347223079,0.996283410989745,1.0839422702877914,1.0656201789560935,1.0715501567284629,0.9581675500732253,0.7833511659938662,0.5331190855818627,0.20727865446212584,-1.386796065958791,-2.1726114006810984
2025-07-22,0.7969609755893687,1.0047409940378764,1.0888660586965797,1.0673336536390903,1.073524142632059,0.9581751158437383,0.7857789924757591,0.5312227467039611,0.20394028552413454,-1.392780102140536,-2.189741077729904
2025-07-23,0.7926865084321284,0.9983376314054315,1.0826947087230652,1.0614479493368094,1.0653579240829245,0.9517137560132919,0.7786424945754599,0.5237244228959631,0.1979753452682264,-1.4023507608196626,-2.1950372692517903
2025-07-24,0.8033345326730978,1.0105232634746601,1.0952303973486917,1.0731188688542568,1.079652739428766,0.9618597693534541,0.7933776241683828,0.5360708863897053,0.2125514617813534,-1.3926388645456969,-2.1959733972187943
2025-07-25,0.8010296572520399,1.0119853329793806,1.0972750546764407,1.076458368823617,1.0851869323272345,0.9661167529888368,0.7992180223484439,0.5395589279454589,0.21565173132294804,-1.3960936002253872,-2.1971232574774264
2025-07-28,0.7977631721547205,1.0118459392903747,1.0990971239315277,1.0785712560645095,1.088560039072339,0.9705142607914371,0.8083571678147721,0.5464038556441345,0.22431871977799075,-1.3770305398038951,-2.174793711958615
2025-07-29,0.7956005327599841,1.0106822797007087,1.0981608705160357,1.078665314898323,1.0896362949568041,0.9720153156041482,0.8117728663718607,0.5497815937940813,0.23081491799855075,-1.363044484696269,-2.1586450174562524
2025-07-30,0.7985507737403214,1.008245055009686,1.0954136110405677,1.075625480418324,1.085718670804892,0.9650736199027442,0.8046894089867607,0.5414546012194598,0.2223749676047714,-1.3745007749254128,-2.1730515486657334
2025-07-31,0.7823167953082095,0.9935355963683731,1.0807486940454205,1.0621415797851672,1.0747687969919313,0.9545929418108853,0.7952313472647322,0.534972737868283,0.21489050312911728,-1.378012813461778,-2.160329608769987
2025-08-01,0.7869423136987803,0.9996828492679048,1.0868922751954857,1.0690726369130221,1.0820968430438518,0.9617110779522666,0.7990335357660484,0.5407688508425973,0.21741483464916603,-1.379806326560636,-2.166748640259416
2025-08-04,0.7913774636272598,1.0071038178941487,1.096788450617377,1.0797826435426972,1.0944453279562074,0.9746908072279843,0.8128000043638306,0.5544780132343083,0.2343649988647085,-1.3625882297605496,-2.1539656933878093
2025-08-05,0.7981255020211572,1.0160927246455749,1.107564910680661,1.0911466204049336,1.1051288537656438,0.9850763821788094,0.8220212217212561,0.5622394095850446,0.242669933334072,-1.3583260717456782,-2.1564515737668355
2025-08-06,0.800698199478639,1.0219253412282556,1.1140746877966277,1.0984326203922565,1.1139526632712151,0.9940857021116051,0.8322397952724979,0.5722662067605955,0.24899778399173092,-1.3470350091198087,-2.147733208598448
2025-08-07,0.8013632185690905,1.0218587394874457,1.1149251552726758,1.099332610508284,1.113883182965546,0.9955583258824647,0.8334104209218248,0.5723709412985817,0.24742295462800865,-1.3516384388436653,-2.1530016574127564
2025-08-08,0.8039577971980842,1.0232344179136543,1.1143941089671356,1.1000665689815154,1.1133722246417386,0.9966829588224083,0.8339472406579991,0.5718398811336213,0.24550319790346986,-1.354172034026258,-2.158129831224343
2025-08-11,0.8093874034400291,1.0332510354825195,1.1247028550005231,1.11431252441399,1.1287070957959957,1.013693509781396,0.8509692765872716,0.5880576781315202,0.26646899139351027,-1.3338397519332255,-2.1432271553732556
2025-08-12,0.8111761844458651,1.0343072617015852,1.1256419384185563,1.115014168294537,1.1285250680356076,1.0147050799592434,0.8516953545497656,0.5878236009783387,0.2636865726655138,-1.3388657918708349,-2.150041976316701
2025-08-13,0.8125762213967791,1.0375459864707124,1.1289627945374443,1.1186129783522467,1.1314117870473699,1.02106390842026,0.8587983755097824,0.594046461563546,0.27425355100216015,-1.3177572495412762,-2.1303334709380564
2025-08-14,0.8021333335761439,1.0224693912085978,1.1113551158152888,1.102098366935032,1.113356502638743,1.004143129464734,0.8388181725745005,0.5758962381077388,0.253635949932941,-1.3416149477891632,-2.1437482813653084
2025-08-15,0.8096630873405386,1.0341495510631984,1.124514305221817,1.1162232583018574,1.1301858401379883,1.0226153533684184,0.8583940655335319,0.5988849024286377,0.276620960316686,-1.3136052474070365,-2.1232683347475763
2025-08-18,0.8165792447178761,1.043219687502192,1.1360520580834457,1.1285462162377644,1.1437102916419553,1.0372101209051698,0.877242702506089,0.6151894203720369,0.29568263458665633,-1.2871145400185044,-2.1036937847363815
2025-08-19,0.8204795920192808,1.0500367807645112,1.1422114713295393,1.136526411666431,1.1503636589552968,1.0423405292092782,0.8800599605476609,0.6183974633290267,0.29696075473964406,-1.2878317167910218,-2.1083113088103036
2025-08-20,0.8305214392675674,1.062708121142889,1.1540769934910002,1.14858882033303,1.161488379409737,1.0511458847513395,0.8887049350947023,0.6250071327504328,0.3001231089279941,-1.2976451393456279,-2.1281665786131962
2025-08-21,0.8354893948947845,1.0648979339990028,1.155941097452923,1.1489457204594091,1.161432467432727,1.0494237259333812,0.884923686829183,0.6213717550502315,0.2933945707347254,-1.316614191887518,-2.1521035867823035
2025-08-22,0.8367850552121849,1.0655009097185342,1.1589294595242667,1.151533332164011,1.1667282701887427,1.0582526328767912,0.8937770054833762,0.633517447615918,0.3054064043679126,-1.3009459403487498,-2.137730995560936
2025-08-25,0.8452060783441238,1.0721765606709588,1.1671442049793244,1.157798377114716,1.174234718535018,1.0683682914240389,0.9054257186098944,0.6436975823824262,0.32212596618647843,-1.2804738186170017,-2.1256798969611266
2025-08-26,0.8494619454993363,1.07923446177463,1.1751638498745913,1.1641928520440652,1.1819972671615762,1.0727233433904924,0.9097216957682147,0.6410958420967081,0.3193109626861122,-1.2954339268047634,-2.144895872304101
2025-08-27,0.8310548234280297,1.054728969018921,1.1510516972954494,1.1356157005489427,1.1538252248991212,1.0480775378974316,0.8861446986083558,0.6178383147145828,0.2933747440988483,-1.3163571261713267,-2.1474119495993578
2025-08-28,0.8305321427528931,1.0549536720393096,1.1528905267748155,1.1389621364086044,1.156949297249531,1.0547640810651249,0.8929006611371759,0.6287312107776575,0.30704039916235965,-1.2958437433412597,-2.126375886094154
2025-08-29,0.8298024332017948,1.0532295909821556,1.1493325561182772,1.1356237554105402,1.1534350697631888,1.0502637285576917,0.8904972202089981,0.6277316941853172,0.3057926963462477,-1.2994240379319149,-2.1292264711337108
2025-09-01,0.8316178617346454,1.0580362046083946,1.1580016976126661,1.1447287484836968,1.1643541948382168,1.0616006666884836,0.9009610709315596,0.6384272911289659,0.3178403350828771,-1.285965498749355,-2.1175833604840015
2025-09-02,0.8298543930183111,1.0506728421065203,1.148633457571705,1.1316770469687063,1.149561447409897,1.0427636083572391,0.8808221852809964,0.6152144008556828,0.2898550586686046,-1.3202507750159331,-2.1501051680342456
2025-09-03,0.8158554762192205,1.0326032635566127,1.1300942202955053,1.1108261717224686,1.1290082651408788,1.021034412412597,0.8584465131530818,0.5953791104737699,0.2733806155986696,-1.3365582484479106,-2.1524137246671327
2025-09-04,0.8207256054447997,1.0371110309603602,1.1330072472097816,1.1106609958385245,1.1265638276027854,1.014569164220107,0.8456554044832378,0.5793205647372761,0.2496159563190279,-1.3729915372380157,-2.193717142682817
2025-09-05,0.8269606644189368,1.049128411827989,1.1509070339114775,1.1312870871246654,1.1484464792837237,1.0410669246600284,0.8765200703521819,0.6118373977546958,0.2828995464240564,-1.3348480259960762,-2.1618086904150147
2025-09-08,0.8375762036088303,1.0627232941594773,1.1647792000922135,1.146064798891337,1.1637734516068265,1.0552410157550136,0.8919874841965231,0.628165396204564,0.2966941809819795,-1.3309573356057054,-2.1685335392145375
2025-09-09,0.8363397793053617,1.0596239683707231,1.1601166174515236,1.138501522391759,1.1547980458432645,1.0455625665701154,0.8789823408682098,0.6129648882328204,0.2769783233231526,-1.3481539310751294,-2.184493710380493
2025-09-10,0.8344611964456162,1.0599996233352431,1.159928813237362,1.139981926878352,1.1558588791705908,1.0465163488432279,0.8791640983784684,0.6143082546822445,0.28205199819247045,-1.3408315576181749,-2.175292754063793
2025-09-11,0.8385609321875296,1.06788024286167,1.1687930388820762,1.1514825880072797,1.168953758450308,1.059511917448902,0.8968798988902837,0.6364515437807303,0.304986318329022,-1.3038403800205118,-2.1424013122080434
2025-09-12,0.8361054559761008,1.0652143391361484,1.1671166210001513,1.1498181735056272,1.1672899168402824,1.0589179268110092,0.8964788557336812,0.6366798691132723,0.3062793297163438,-1.3020541277379722,-2.1381595837140748
2025-09-15,0.8345820649677587,1.0642104694768657,1.1662347843937673,1.1493607881991281,1.1658288978239375,1.0584123896717985,0.8960854640195866,0.6387159406545059,0.3044354556922526,-1.3039638353355505,-2.138545900303311
2025-09-16,0.8367299243030771,1.0700428860422364,1.1744262143278634,1.1605483810137085,1.1785618200448515,1.0709402894449944,0.9086828242922184,0.6532849973922709,0.32059232893934597,-1.2896021421828472,-2.126332066485926
2025-09-17,0.8384022627294473,1.071461032455149,1.1748517945704824,1.161307434046531,1.1812530861285904,1.0735175836262896,0.9153540675292062,0.6592839811581186,0.32745467357128805,-1.2847595175151392,-2.123161780244588
2025-09-18,0.8256021628107815,1.054854474973807,1.1575407157380655,1.1443607893282521,1.1636386320937329,1.0575525802910446,0.9033342557679301,0.6438239002272289,0.31746762782113824,-1.2892778412135144,-2.1148800040242977
2025-09-19,0.8257844440927524,1.054545471982931,1.153535707985261,1.1385247095582456,1.1584112573421903,1.052317939648566,0.8994738837378667,0.6395995305302221,0.30979317538027734,-1.3019407043877234,-2.1277251484804776
2025-09-22,0.8182033224326623,1.047664953454548,1.1482756829591017,1.1344850892927385,1.1569829507579212,1.054511604217642,0.9016041984851659,0.6480268579768083,0.32230268261161055,-1.2848384270140862,-2.10304174944675
2025-09-23,0.8141175612810145,1.0382264683017328,1.1355615439572877,1.1210997440415313,1.143122831016179,1.0403390053843593,0.8878774504603688,0.632188548551486,0.3095770917809366,-1.2969112842689445,-2.111028845549961
2025-09-24,0.8206804970965702,1.0501618359331626,1.1488048419712737,1.1372724232861942,1.1608874068790989,1.061678728446189,0.910157734718103,0.6524113282444916,0.33084971233727273,-1.2889833307674428,-2.109663827864015
2025-09-25,0.8131646823089979,1.0428429220075148,1.1411223635176402,1.130615326104147,1.1562732380064762,1.0556814834203063,0.9070388096773031,0.6504680073555624,0.32858156442379727,-1.2942948876971874,-2.107459570006187
2025-09-26,0.8149771572546802,1.043640127260668,1.1400808084578404,1.1275408056140062,1.1504887577366967,1.0491464399602155,0.8989141377536664,0.6362434181882669,0.31018935239860945,-1.32325940142707,-2.138236558681752
2025-09-29,0.818324978990712,1.05019330764158,1.147251281308297,1.1353529723663944,1.1585534716034975,1.05790791848157,0.9082069693599735,0.647646031997016,0.3244789259659027,-1.3050354857817266,-2.1233604647724404
2025-09-30,0.8163225470963595,1.0502272555146914,1.149319312434758,1.1376194801017885,1.1635624866672223,1.062918082714299,0.9161759385183373,0.6580073806526984,0.3335718539255402,-1.2996954367783067,-2.116017983874668
2025-10-09,0.8254987609367853,1.059318491145816,1.1564539804471525,1.144758369899847,1.170263271465938,1.0730463370529677,0.927329175048621,0.6660678442919548,0.3439995123354673,-1.2976362383875983,-2.1231349993243853
2025-10-10,0.8352418692349033,1.0684932760006565,1.1634822246036525,1.1489193519269476,1.1707063956636037,1.0710857960576239,0.9190718563389133,0.6551533354087591,0.32492749870586324,-1.326875291812488,-2.162117161047393
2025-10-13,0.8302738787726643,1.0631655805337787,1.1589245766145897,1.1461059828913993,1.1679247808906688,1.06791327792499,0.9161371390925447,0.6523125231721144,0.3226607549920598,-1.3289824680224422,-2.1592563467951083
2025-10-14,0.8371349062825496,1.0652300250647988,1.1560052475462217,1.141054512860481,1.1575948887513008,1.054619187651933,0.900191246286882,0.6323248537084654,0.29527313480916206,-1.3622952280879788,-2.19943013437053
2025-10-15,0.8428931963428962,1.0754031885722724,1.1679738073500154,1.1536231703641169,1.1703081625603768,1.0688934186289731,0.9168495965608013,0.6497824233141944,0.3161533792832535,-1.340643886939183,-2.1835370832820806
2025-10-16,0.8409454198446342,1.0694836008218729,1.1592669728807101,1.143969096690578,1.1584376626805797,1.0574740647193621,0.9029246937764779,0.6339799348413451,0.302376235724008,-1.3530009817178796,-2.193946401562515
2025-10-17,0.8324803056003023,1.0568948087273948,1.142442763420812,1.1243655397099042,1.1369452324714295,1.0342593786317933,0.8774620679768874,0.602942969686298,0.2663471935874642,-1.3889486960031177,-2.221429001603421
2025-10-20,0.8372111391034615,1.0653743353511853,1.155406580972941,1.1390211786843827,1.1509146075337475,1.0492898989745754,0.8918490989677391,0.6163559482242978,0.2804342788871747,-1.3749213825609725,-2.212132521664435
2025-10-21,0.8451149426053938,1.079236675075649,1.1714910346570098,1.1558599297593712,1.1684956331203564,1.0674237418515418,0.9065626415594199,0.633305467299311,0.30115700217189983,-1.35232891840755,-2.197443861012945
2025-10-22,0.8476593306047033,1.080375014153177,1.172759218784838,1.1563132617075833,1.1671705480321095,1.0653080859921387,0.9021127665228815,0.6276779021061246,0.29308051220543496,-1.3593257078136216,-2.2069850384183263
2025-10-23,0.8546717463867926,1.0880399416205666,1.1798815850730513,1.1623503734309493,1.1720802683300084,1.068198153807235,0.9027446660782265,0.6276449868518842,0.29002294931788214,-1.3707184320083814,-2.225390178395175
2025-10-24,0.8497209727006401,1.0834810647853133,1.1805028958200563,1.1647594520695947,1.1752420722844301,1.0739396832225883,0.9137299297211852,0.6396592477849228,0.3093613086716212,-1.3454156814865081,-2.195136654187149
2025-10-27,0.8523073868489501,1.0880472542527964,1.1862398147954931,1.1697245185826164,1.1814900264187385,1.0821796940813893,0.9224357920667997,0.6506327125169984,0.32007068899874996,-1.3273688167260558,-2.179676203575007
2025-10-28,0.8506361901847259,1.0879487335628928,1.1872099428978447,1.1713395640627429,1.1823628527619117,1.0824387216338716,0.9235942231806057,0.651196976726191,0.3203511544405388,-1.3291935387358569,-2.1798297289205837
2025-10-29,0.8501418315776436,1.0871555454659616,1.1860232537831712,1.170997428331951,1.1825189039590327,1.0861062309362761,0.9274284050111076,0.6573765392328227,0.3279872833949619,-1.3174632052381432,-2.1676050368157878
2025-10-30,0.8452575470518761,1.0782161621972204,1.1768534415130738,1.1612064693056579,1.17254556879979,1.0727091401439253,0.9149582820617098,0.6439684836281663,0.31137687112899165,-1.3347221136172063,-2.1799796606690833
2025-10-31,0.8505744547152182,1.086790747295061,1.1881040208397846,1.1728704904633456,1.1830834235547136,1.0840300457224157,0.9256296831044699,0.652272117362439,0.3201407704840155,-1.3365464237536968,-2.187120878468916
2025-11-03,0.8572834066956542,1.0958403162263695,1.1973653944613658,1.1837811902974056,1.1921367815828174,1.0912779620105748,0.9339587162634427,0.6584796929288373,0.3233986830823692,-1.3324004691608398,-2.189683875856495
2025-11-04,0.8569335816529354,1.0961666033843713,1.1946703313575542,1.178885848070524,1.1858928921487568,1.0828794073765193,0.9223703860471746,0.6461256170753418,0.3060429183978594,-1.3467486550500047,-2.203682236702941
2025-11-05,0.8612230306429884,1.1026221683139055,1.202236490990501,1.1871273833823044,1.1945187974704738,1.0889884809479122,0.9298548691229833,0.6503753709995658,0.31220718573844036,-1.3385553038829594,-2.1997783345259485
2025-11-06,0.8630878126452012,1.1047769588459682,1.2037274661493917,1.1888344948103697,1.1994798484765434,1.0950117678183477,0.9372054750162138,0.6582668907777082,0.3205742025800847,-1.3271417108379253,-2.190229523483127
2025-11-07,0.8667921737351995,1.1065290009991768,1.2040822115035408,1.1886140770912152,1.1986493380606855,1.091141152057546,0.9341127859492826,0.6540308499525541,0.31478934414075066,-1.332607476693142,-2.199399650428342
2025-11-10,0.878356792900549,1.1175377606893453,1.2123254299755144,1.197232428448978,1.2074888201267302,1.0962695951515447,0.9391493615893717,0.6579108939066965,0.318539548533528,-1.3319025980278838,-2.2102593909284334
2025-11-11,0.8819738591697246,1.1214533847020192,1.2163008743809032,1.1998479370741388,1.2103813727065642,1.097679044858781,0.9401958905946649,0.6551490101471243,0.3164960509775206,-1.3292002661883324,-2.2111741253580575
2025-11-12,0.8805503818251836,1.1193992461965099,1.2133962948848251,1.19515854724071,1.2045373566606175,1.0897374881818787,0.9351089111066385,0.6469809233640885,0.30986643570684336,-1.3385574700313503,-2.2191078518565344
2025-11-13,0.8839388325990398,1.1253525090255956,1.2209332754260889,1.2041480516170977,1.2144787449890075,1.1008872943865036,0.9466069933972922,0.6606959345468251,0.3265655814815286,-1.319713890258118,-2.203652722857158
2025-11-14,0.8834507796649756,1.1260396368342767,1.2198689772915101,1.2023287663082403,1.2103886815309977,1.0959274210996302,0.9419705214271119,0.6553363500947109,0.3163382190382529,-1.3312780870664127,-2.2147288667313885
2025-11-17,0.8795382404552153,1.1251662136739848,1.223654246109543,1.20522692021918,1.2138277578198515,1.0976621303022838,0.942072812772426,0.6579051133394144,0.319332671110045,-1.3232533918642229,-2.2027916323194385
2025-11-18,0.872160007327423,1.1173433540627,1.215149137878495,1.1969141865712414,1.2027150565693077,1.0886131523654827,0.9295391085115351,0.6445505193553346,0.3053938489058909,-1.3446861846482072,-2.216846191975631
2025-11-19,0.8657632543343692,1.1066228431639573,1.2040821795277776,1.1840142387944024,1.191692221760917,1.0770501789925235,0.9158781830277781,0.6310737112140659,0.29418225074766974,-1.3608090490790095,-2.2265723034133793
2025-11-20,0.8629953951945385,1.1014129562725985,1.1997450748327658,1.1784078126760416,1.1841780694356427,1.070739499239534,0.9087498499784061,0.6228729873403935,0.2828726969102919,-1.372131305014824,-2.235126700209363
2025-11-21,0.8369711560350552,1.068464461006523,1.1670476642953622,1.1437438442639642,1.1494419867933918,1.0338276573865197,0.8711824348767728,0.581214126328213,0.23642422493314075,-1.4236833092490468,-2.2606544652841025
2025-11-24,0.8425680420117944,1.0831005909947735,1.1830538031665758,1.161409196660404,1.1683463458078611,1.0510815936732343,0.8922120660407582,0.5991347019611867,0.25229532812178823,-1.408164621535437,-2.250732663547232
2025-11-25,0.8467122258594298,1.091117185765717,1.191819529017931,1.1726342877211606,1.1808736724868738,1.063990370217075,0.9057310096193055,0.615318143069987,0.27169353918403943,-1.3801312046650414,-2.2268434305244718
2025-11-26,0.8429453682821872,1.087649808888038,1.1871751325103725,1.1666904487694063,1.1748127187328783,1.0593041302677118,0.9035768100292267,0.6115469848516796,0.2694453901498285,-1.382216836613233,-2.2251622048954207
2025-11-27,0.8431728124342316,1.0904381052167473,1.190574019034697,1.170647442682632,1.1793361262050102,1.0644350412560923,0.9072111106629986,0.6164846953829469,0.2738214918232149,-1.378740456426872,-2.221913268861104
2025-11-28,0.8465532296081254,1.0977702503292956,1.2002256211968265,1.1810577837807938,1.1922523809959304,1.078381485782788,0.9220034759965883,0.6318958905770554,0.289288615203636,-1.3585521992600598,-2.2051054288681855
2025-12-01,0.8529515290492229,1.1054714214113681,1.2099483260695905,1.1884556824575023,1.2017488589349858,1.0854200242494696,0.9289578809608735,0.6378117155514987,0.2918498290598323,-1.3612381117375374,-2.2141896407867607
2025-12-02,0.8512077963908989,1.1015513029778103,1.2045433179041978,1.1841509956588399,1.1954916803122289,1.0786010421627468,0.9214436255954619,0.6315448422642093,0.28175084658228744,-1.3631645876716179,-2.2143723840625174
2025-12-03,0.8498016537611159,1.096708851625906,1.1975408545576092,1.1773571257958262,1.1878518154993587,1.0703474800203299,0.9130464425699372,0.6230089928903819,0.2713655697854928,-1.376456351586318,-2.2262580053474346
2025-12-04,0.8451392348089332,1.0908955908641258,1.1915459045524548,1.1684765139510978,1.18069833368422,1.0628128868541333,0.9075542429754274,0.615575308806934,0.26414147337247723,-1.3884261947860763,-2.2335654295950103
2025-12-05,0.8504648338642471,1.1018577947318664,1.2047624968496704,1.181804749818629,1.1971705245837974,1.076897849282738,0.9238809922492169,0.6310084361207962,0.2820579887503276,-1.3698938988632365,-2.2203587327274845
2025-12-08,0.8487054419932998,1.10290219305155,1.2079298221687054,1.186946777022848,1.2038253656056412,1.08618995591844,0.9347259164556476,0.6432848310834326,0.2974340231047015,-1.3445636959854048,-2.1932691379787057
2025-12-09,0.8403254328773105,1.0947948806762948,1.200593751329078,1.178745977938825,1.1965946816795638,1.079757161465059,0.9293666836747632,0.6349947121095151,0.2927596664426101,-1.3506713503028103,-2.190996783180122
2025-12-10,0.8428618656290648,1.09686632323874,1.2019616640349913,1.178939781791298,1.1959527091031512,1.0793273807756283,0.9282694770201789,0.6354560073172779,0.2948233657307625,-1.3488334843063339,-2.1916953499353995
2025-12-11,0.8340539809912635,1.084374963640212,1.187728931050559,1.163822997223222,1.1788836690052242,1.0623535981575472,0.9122946836950616,0.6157687508533473,0.2742185631033845,-1.372984484558243,-2.2070384655495072
2025-12-12,0.8345537091857591,1.087386697100679,1.1914674230423221,1.1674000588713145,1.1827913276542306,1.0673178303637554,0.9159562725212638,0.6201160138978222,0.2770466072238087,-1.3717972721245684,-2.206350981310328
2025-12-15,0.8350040322230403,1.0863725587725928,1.1903264283769495,1.1645821351231929,1.1821518329067822,1.066853177558028,0.9126781033261171,0.6185225911096057,0.2721207074736811,-1.377133827939424,-2.212137860162465
2025-12-16,0.8286839723278601,1.0765601501326287,1.177578387917624,1.1502732817371037,1.168470465700731,1.0497562951831938,0.893405309052395,0.598480807987658,0.2481903922168143,-1.4040744881876475,-2.2327584605155084
2025-12-17,0.832939341561257,1.082450058905017,1.1838988059931719,1.1577169333058996,1.176007980393163,1.059044703369864,0.9026198553239266,0.6091488253068147,0.26093398663164247,-1.3948689542880364,-2.2278082958492944
2025-12-18,0.8380959408054144,1.0871521869660177,1.1881976557558611,1.162448317511564,1.1812676873611776,1.0607080938828988,0.9042741949587908,0.6096813843135573,0.25812414403265876,-1.3976480498297335,-2.235743990635149
2025-12-19,0.84531334868646,1.0983751651044824,1.201749597417795,1.1783618885474247,1.1968320177162741,1.077229605036642,0.9235120502594316,0.6255671039308633,0.2728634333459271,-1.383796833622215,-2.229110182308676
2025-12-22,0.845122467305804,1.1008644356548618,1.2058090690074017,1.183462910068457,1.2034849650660855,1.0843579194162465,0.9305646455899828,0.6327934448351255,0.28431674920989236,-1.3733793229491733,-2.218501790254978
2025-12-23,0.840135510675223,1.0950621974629293,1.2005094259877118,1.1762555807447046,1.1975769610490021,1.078609190630451,0.9270523599181734,0.6276120632579537,0.28056487150873366,-1.3791387231086736,-2.2192742337838975
2025-12-24,0.8443421053012737,1.1035132305028232,1.211211369108093,1.1887087737537108,1.2092538583853683,1.0914473631335515,0.9405707290638318,0.6423662682003928,0.2952973717802311,-1.3573572348788792,-2.201699340180154
2025-12-25,0.8479246072350026,1.11107761234349,1.2212348126222594,1.1987973250502986,1.2197498536412459,1.1006256879169163,0.9521111731644661,0.6540260338835568,0.30417796967493105,-1.3441342769286675,-2.1920588841636715
2025-12-26,0.8467338418804558,1.1084480973887705,1.2173266823094184,1.1954236558842841,1.2169782924477155,1.099832881180352,0.9497402836198492,0.6544239654840295,0.30643751638326405,-1.336233075900025,-2.182966917780482
2025-12-29,0.8415752329507775,1.1061847058967123,1.2166227778044179,1.1958142023868692,1.2161845285265482,1.0988505668435966,0.950215311032382,0.656938313847341,0.3041492139283891,-1.3415519132728804,-2.1831271462236588
2025-12-30,0.8383319239853416,1.104848190654658,1.2160245154826397,1.1943990115364194,1.2138464470823311,1.0979741503755853,0.9504199944205028,0.6553287691580808,0.30100848258732216,-1.3494890492463314,-2.187820973231674
2025-12-31,0.8382508178812981,1.105702688900849,1.2181352778542072,1.1978785362053583,1.2161273634624394,1.1009423777217613,0.9536616799059721,0.6547283885931522,0.300944819502993,-1.3493333867911437,-2.1875842046724423
