Date,1,2,3,4,5,6,7,8,9,10,H-L
2020-01-03,0.003721491851496489,0.004039724894899429,0.006004601529878044,0.00513531644433772,0.00512205345398396,0.004839077722515051,0.0069374652571993056,0.004705210193617783,0.004380561471488651,0.0019062400131023651,-0.001815251838394124
2020-01-06,0.007767315394651528,0.008571001246587164,0.012545174504623804,0.011363596841992136,0.014460909275774262,0.012817481505435508,0.011758591812819755,0.01412643523853455,0.01235514984079547,0.008385947032514782,0.0006186316378632537
2020-01-07,0.01862689572318563,0.020560355837561148,0.025877996987684816,0.02462787694251079,0.026399512336826792,0.026223617171584033,0.0258371158863053,0.030622079372963268,0.027511347306478993,0.019271025594848175,0.0006441298716625432
2020-01-08,0.004267867284517626,0.008047822579719893,0.012717057214502475,0.010139079588690404,0.015880105761533914,0.013723108413808603,0.013838994795028488,0.0133133232127381,0.010472416866223518,3.1318283163984245e-05,-0.004236549001353644
2020-01-09,0.017932273657327337,0.02201102170168848,0.026680425336556558,0.02772732229779784,0.02994819191329412,0.028283879966318336,0.031193086720345226,0.030210685088440298,0.025990095506960374,0.018164147176215933,0.00023187351888859405
2020-01-10,0.01727971831859988,0.021325611598784138,0.022850218978958305,0.02705788090389395,0.027558410244607374,0.02415988158049706,0.028961512984284295,0.027446218418883127,0.02164032467804322,0.01497856328560028,-0.0023011550329996022
2020-01-13,0.022977911103135774,0.026847080439861414,0.030157599507216096,0.03637980113160922,0.036928052417054075,0.033951163322562344,0.03946793268881259,0.040177157907335254,0.037782745359190587,0.03388189861294098,0.010903987509805204
2020-01-14,0.026021846826254774,0.029324560212971026,0.03134446665778964,0.0367838157156547,0.03890477028589974,0.03602390780564683,0.038814641126916884,0.03743820770823472,0.036050298609625726,0.028499074182200285,0.002477227355945506
2020-01-15,0.01865492235056142,0.020945492067884014,0.022879147205863527,0.03216499700050961,0.03296523333939224,0.030267067779179743,0.033836496482053405,0.034873315714623584,0.03305914130174001,0.030167119693118062,0.011512197342556638
2020-01-16,0.011641349867786956,0.012983285354187149,0.016215577641311145,0.026288025780320703,0.02851259048765585,0.02869150234441143,0.032086681904678116,0.03396656305878325,0.03238921687265669,0.03258078832278872,0.02093943845500176
2020-01-17,0.007213916793352381,0.008603059907937052,0.012569116855216396,0.02363679026858086,0.02666084220660996,0.02629526259030233,0.03248781903550953,0.03140684516569313,0.029651853429920647,0.029752701536726538,0.022538784743374153
2020-01-20,0.01615089325782925,0.0163906214158756,0.020610498191880863,0.03060225273462922,0.034541585381036397,0.03455782442977613,0.041823570748341324,0.04149691425604113,0.04275544253931787,0.043920927952492854,0.027770034694663603
2020-01-21,0.008558660384241301,0.008273584377173751,0.009553646043031699,0.018931848597148578,0.02221460897056928,0.021115106733844324,0.026873066864092313,0.025421948957561447,0.025068558149622666,0.0276585598206623,0.019099899436421
2020-01-22,0.005566971099054362,0.004061071232720911,0.005623071172584015,0.015020880061120838,0.019032106293092543,0.020849560558467605,0.026951279280558738,0.02928778825337222,0.033406893650426886,0.044978779788442634,0.039411808689388275
2020-01-23,-0.024586700958940926,-0.02705967994636298,-0.025041684639000923,-0.017326865561156653,-0.014715861369833577,-0.013294497512906147,-0.010976420951534428,-0.011041839775024972,-0.005590372281778243,0.004049107712092714,0.028635808671033644
2020-02-03,-0.12231640183162516,-0.11621107639004777,-0.11901995599900564,-0.10714133078213081,-0.10520749788998313,-0.1007641536047443,-0.10370578457885402,-0.10135308447001559,-0.09505507861329007,-0.08444850140177881,0.03786790042984635
2020-02-04,-0.07284839082937562,-0.05418246287438813,-0.06475668243613202,-0.05163791758846434,-0.05661898345741917,-0.04346218192418428,-0.054184034875320905,-0.043659724627934715,-0.05227565356943356,-0.025504261217258184,0.04734412961211744
2020-02-05,-0.05178184488545377,-0.03149206176295597,-0.03835299661757484,-0.02679929324378344,-0.03037395320699715,-0.014407120514216533,-0.02566142519868599,-0.011925053349846157,-0.025395738520758854,-0.004872610611776816,0.046909234273676964
2020-02-06,-0.03489518256654309,-0.01425655025824702,-0.016323414407106884,-0.0033203944774197122,-0.005027279241276841,0.010571971144884645,0.0025373390483978756,0.015990334494386575,0.0032215550160522126,0.025872850547624147,0.060768033114167244
2020-02-07,-0.02553926679864215,-0.002509249793608146,-0.006921422046346182,0.006580789435282668,0.007837366875705932,0.01993539149950111,0.015557489047905498,0.027687057577932103,0.01283302927161441,0.03515555996800922,0.060694826766651375
2020-02-10,-0.004976825142498725,0.018951867513200004,0.012329298679863173,0.024350234487189627,0.02509941606521677,0.03707625877423973,0.028618267095016508,0.043244545682397176,0.022707118978338294,0.04338067720742113,0.04835750234991987
2020-02-11,-0.0075895760978462335,0.01610998805042838,0.007864980083496618,0.02122939041104312,0.01990569098396772,0.03366855313272891,0.021666977996242637,0.03508829499835865,0.013132055226798613,0.04042708164518552,0.048016657743031765
2020-02-12,0.0033143652072885835,0.028063969007995886,0.021029776155237927,0.03561740882923663,0.03303404052356967,0.0509038873267273,0.04023770832093368,0.05797615897773892,0.03553513691610209,0.06576665168406925,0.06245228647678069
2020-02-13,-0.00952876062027948,0.01669425737447068,0.00978035287677258,0.025133264518162224,0.022496919843714977,0.04153678952631688,0.031748118896005345,0.048759333711533626,0.02583805894759957,0.058335057581644506,0.067863818201924
2020-02-14,-0.01038776601078014,0.01689066661242116,0.011567019693469507,0.026469152430596152,0.02421522137867099,0.04437050907191916,0.03152580497375219,0.05142076768113356,0.02875421796885339,0.06039053837282845,0.0707783043836086
2020-02-17,0.019217299912423737,0.04887751628504335,0.044058092643517587,0.06116013986574013,0.05950412383872672,0.07975620465979934,0.06555485336757727,0.08936030587576518,0.06365960082720509,0.09223949097161263,0.07302219105918892
2020-02-18,0.032471083768356696,0.06288064792213308,0.058010060318954164,0.07765879918428326,0.07674245616785036,0.09876431637352465,0.08354711831012546,0.10492266488171934,0.08258340733762236,0.1094349301505009,0.07696384638214424
2020-02-19,0.030984076864748154,0.06381213574033974,0.05716698098735349,0.07647502599849867,0.07452272285003785,0.09266719403866205,0.07686595241824098,0.09382473790816108,0.06947994952866691,0.09035451935476907,0.05937044249002094
2020-02-20,0.05110634989898665,0.08207279202379958,0.07497538541139438,0.09327202790598005,0.0934134496762539,0.11073412769087727,0.09405027681801696,0.11054089756209487,0.08759409060299643,0.10842633007185518,0.05731998017286856
2020-02-21,0.05674591711954465,0.08834558089172964,0.08304743907476769,0.10122103572235328,0.10259602315485399,0.11967953568288676,0.10293419801180967,0.1224983581150701,0.09898905139409804,0.12778421846127536,0.07103830134173073
2020-02-24,0.057246253730498735,0.09226947964375361,0.09101282002673038,0.1087315815475442,0.11395241105079189,0.13560657200198356,0.11544847828785079,0.14029103639364082,0.11656809447054438,0.1492100913743362,0.09196383764383748
2020-02-25,0.04304319855993584,0.07824638092763683,0.08231740042424876,0.10044120911264896,0.10974663067503525,0.131315796473117,0.11493684475486385,0.14003807651807618,0.11677653271243095,0.1577247194563801,0.11468152089644429
2020-02-26,0.04805040248269229,0.08398161892259912,0.08228409546328208,0.0982001764691194,0.09932334057271316,0.11344021801465051,0.08862998744574896,0.10916402683388055,0.08344719299154546,0.11176942856656658,0.06371902608387431
2020-02-27,0.054676706061934865,0.08955896763700594,0.09014934629510106,0.10182700647999013,0.10336515681163472,0.11766603130108849,0.09112782674880848,0.11261315319072435,0.08464224388902103,0.1100838611031424,0.05540715504120755
2020-02-28,0.007555661232891586,0.03948944762200045,0.03567419069733507,0.04984252888873819,0.048556921643022416,0.05898284176238308,0.03665260865221972,0.053774121958748936,0.027435048903680696,0.0566500436922244,0.04909438245933283
2020-03-02,0.047430528800446195,0.08078864759328765,0.07797530211928234,0.09570521105705856,0.09076717402625556,0.10510634540332303,0.07857546084424455,0.10074524360470614,0.06954379412825512,0.09281633052670345,0.045385801726257266
2020-03-03,0.05813788233170996,0.0906982725862046,0.08758947361976321,0.10655980073456278,0.10252218859973516,0.11818066893159092,0.09129988165969306,0.11086960613141073,0.08049203652167407,0.10438521853114197,0.046247336199432026
2020-03-04,0.07768131789745938,0.10722511039877637,0.10311818072193082,0.11985498188079305,0.11111057209868375,0.12875561688557227,0.09644394904172907,0.11797903536437072,0.08222819367186948,0.10033390245228205,0.022652584554822695
2020-03-05,0.09823002236194601,0.12980932808817436,0.12400718005985968,0.14212832955042837,0.13004298473586384,0.14609965902314206,0.1134784523268301,0.13200405129231324,0.09404453304401775,0.11070921953971237,0.01247919717776639
2020-03-06,0.10420988499591324,0.13215292527524689,0.12573786019011876,0.1409191735735358,0.13104499264982658,0.14402909144174925,0.10505226553329595,0.12481417661701527,0.08523002847387039,0.10034919635680122,-0.0038606886391120074
2020-03-09,0.07958136423123141,0.10622960218985898,0.09695980022682699,0.11416881074049379,0.10250832275151969,0.10915389658801686,0.06498636288883514,0.08170437137106329,0.04152512740450935,0.04981805291095543,-0.029763311320275963
2020-03-10,0.09686329775723679,0.12363086615382607,0.1140289209032969,0.13111161059553916,0.12343620002741165,0.12907033842789495,0.08864414103298711,0.10632328119193193,0.06938351412628313,0.08777416939407098,-0.009089128363165788
2020-03-11,0.09732012745171044,0.12137193394499987,0.10895151627912289,0.12628671240344916,0.11451013625101408,0.11855296219002466,0.076473969982613,0.09352585813696136,0.0508614583849224,0.0639467283524755,-0.033373399099234924
2020-03-12,0.07954648375138271,0.10387500769034151,0.08956899719785939,0.1068419545777296,0.09447879862490077,0.09695503992343119,0.05482354285407494,0.07231838940589008,0.032964809994126244,0.045827066678367244,-0.03371941707301544
2020-03-13,0.07021225408786934,0.09157411322149575,0.07506223219894781,0.09203125978586915,0.08213813776421644,0.08166637584898556,0.04141342726210814,0.05852006577362297,0.021427420190772758,0.041401241992244195,-0.028811012095625116
2020-03-16,0.04965629162824756,0.06650703818002474,0.04691591355792296,0.05810454357417291,0.0415603812930154,0.03864588865163571,-0.004696107025287881,0.006595680666564914,-0.02790149056280462,-0.015913883749157177,-0.06557017537740471
2020-03-17,0.04855417768253072,0.06255730858604422,0.04243864947170511,0.055228261951944815,0.03699087841069029,0.03446376410117104,-0.006748130337566333,0.004838377067183601,-0.02868042201137275,-0.009516744296447312,-0.05807092197897801
2020-03-18,0.036623772013577666,0.049653048131724546,0.02701302115561205,0.03823524258367664,0.01968540041390336,0.017797631702272,-0.026036634797719588,-0.011458260931340551,-0.046992784295179814,-0.028291602899997714,-0.06491537491357535
2020-03-19,0.04464191713657445,0.05354126509835771,0.03308024618007248,0.043862974035578185,0.027083050694107748,0.02326412763325117,-0.017627248459929475,-0.00038832578325772443,-0.039478977198297245,-0.013451594287402543,-0.058093511423976965
2020-03-20,0.063335814021338,0.07224642747325434,0.050012496144366744,0.06142028566008258,0.044645393567553746,0.03941751675564909,-0.004557526557883031,0.010130029283857043,-0.027137118574071913,-0.011724678823232323,-0.0750604928445703
2020-03-23,0.035755481720249366,0.042655473452307996,0.017576391140471048,0.027087570761652593,0.008885687902770181,0.0005500505001953468,-0.05121607580914853,-0.037607620116037556,-0.07479496083021406,-0.06794824856592473,-0.10370373028617405
2020-03-24,0.05594335680025583,0.06462977299216263,0.03855609718056123,0.04906720423837533,0.02927190910182825,0.020746906168810045,-0.029556815338680743,-0.015299064526251294,-0.05258780989282834,-0.04680413768682909,-0.10274749448708488
2020-03-25,0.07532473484067989,0.08554424491453994,0.05925274583154103,0.07194287007997358,0.053625111096540876,0.044298806164915196,-0.004693083560899418,0.01141813546710907,-0.02663501990008692,-0.018571340457847682,-0.09389607529852753
2020-03-26,0.06783887026970559,0.07601424886395113,0.05017018082334136,0.061107889461708295,0.04396327397765783,0.03411519566585061,-0.016373631876523097,-0.0010402460216316876,-0.03911338788524117,-0.030879818870158816,-0.09871868913986437
2020-03-27,0.07226351590523171,0.07571236394153272,0.05142773070566692,0.05954608429172485,0.03990167626091222,0.028391510460323923,-0.02160874097345783,-0.008348940452180195,-0.04817029407136179,-0.040881359181750884,-0.11314487508698255
2020-03-30,0.05253334134474158,0.056924931315480355,0.02988218005583705,0.039291403694056974,0.017944316028430506,0.0034210155847833393,-0.0451078817038963,-0.03295208074204163,-0.0707041981846557,-0.06540315567207493,-0.11793649701681647
2020-03-31,0.054381707560472406,0.05959337767652677,0.030344217464085364,0.039773423985880185,0.017281649299387004,0.006910307411244338,-0.04893626646303531,-0.03463326580039773,-0.0714075457428889,-0.0670325457615915,-0.12141425332206386
2020-04-01,0.05045482093764536,0.05155999720352231,0.024621931229642402,0.033683461139546,0.010587101731349172,0.0008777309360443923,-0.057081467784149326,-0.040783604564564084,-0.07664274832659522,-0.06700241743387492,-0.11745723837152024
2020-04-02,0.06409400161541608,0.06675322194112421,0.042830852112026724,0.05164652163344911,0.030625607509700108,0.02095118539574174,-0.033487422168995,-0.013459738334938513,-0.05089049767516681,-0.03232308710082568,-0.09641708871624172
2020-04-03,0.060717446910749484,0.06258171767211451,0.039289933062810284,0.04806179630593632,0.02620840829729409,0.014841188653648037,-0.040334098786599826,-0.021733015739167687,-0.058827139915596835,-0.04300756275553908,-0.10372500966628853
2020-04-07,0.08415315544080892,0.08850726245571837,0.06746208675395934,0.07515925711985154,0.056578412674556516,0.047650494875842615,-0.006733219062816709,0.014108066868209819,-0.02279785019818096,-0.008025195426300792,-0.09217835086710968
2020-04-08,0.09361968169214917,0.09642006949473464,0.07452337709528985,0.08098642886882834,0.06163252122575171,0.05037328584973792,-0.005380928780772185,0.018446829827280353,-0.023950268546602656,-0.011317865167187986,-0.10493754685933712
2020-04-09,0.09756497878469131,0.10321806387257813,0.08079876308158661,0.08843418889931705,0.07065939173208984,0.059177870487533514,0.003824074847626967,0.032534141163881786,-0.012298689598018345,-0.0048037741545766946,-0.10236875293926798
2020-04-10,0.07996571662775734,0.08655336558311244,0.062068569103008855,0.06614861781606751,0.04858250781253691,0.0365087062291806,-0.022371878225225558,0.003058943212551672,-0.040208974726400684,-0.035905778911859344,-0.11587149553961666
2020-04-13,0.07630531719091357,0.08032534539491075,0.05556930909017235,0.05795206659152547,0.04043607160941229,0.02915617081512325,-0.029360405363865895,-0.00844227013633313,-0.04843548551865802,-0.050311896754734374,-0.12661721394564793
2020-04-14,0.09034829130497486,0.09402323015985059,0.06890622528119282,0.07366521999828715,0.05749759344482297,0.04403570902921971,-0.009794535074976348,0.01262588831758164,-0.025474804857861987,-0.022740976638912995,-0.11308926794388784
2020-04-15,0.08295487585353523,0.08668476218520405,0.0603735172182989,0.06805353606807485,0.05174236799460121,0.03622864958014271,-0.01379689969978191,0.003979669043852432,-0.033256967527975134,-0.026291947216691054,-0.10924682307022626
2020-04-16,0.08624840323556829,0.08771263689328557,0.06308326663503167,0.07047792301874022,0.05324532726877488,0.040618815201012064,-0.006754246615597939,0.009637469180962583,-0.02861535757632454,-0.01884520577590928,-0.10509360901147756
2020-04-17,0.08678514882199724,0.0884544874258089,0.06027863372948878,0.0700501212141897,0.051487153029599275,0.03935029372903035,-0.0068266207044903795,0.01104041638233578,-0.028261504011196464,-0.01643663598435691,-0.10322178480635415
2020-04-20,0.09514502793304952,0.09668387915216356,0.06762215430477521,0.07925221186069356,0.06191602314005637,0.05157497543095106,0.0060455373822704325,0.025037088632932997,-0.015643259649324823,-0.0007326124353416487,-0.09587764036839116
2020-04-21,0.08944339149168659,0.0919389558907891,0.06058771378997472,0.07438437123735837,0.05520563333236853,0.04734813751633054,0.001668344725597879,0.019410524516167756,-0.022202616413037127,-0.006453949205342947,-0.09589734069702953
2020-04-22,0.09713508465796769,0.099863237078462,0.06723848892068522,0.08345415922818855,0.06436116720381713,0.05931564026806655,0.010399444132366932,0.0295055896980348,-0.012932815510739574,0.002156628586329622,-0.09497845607163806
2020-04-23,0.09736571185942393,0.09864509689973239,0.06644119302202313,0.0805151883190647,0.061319968258327966,0.053754185751969726,0.005884153520547631,0.023647414151204638,-0.017847006320770267,-0.008654405210582874,-0.10602011707000679
2020-04-24,0.0854146745092767,0.0858832384765082,0.053496260830880785,0.06350727003224635,0.04670678967649449,0.03488809580026292,-0.01195032820859302,0.0027827078528469447,-0.04348103528726284,-0.032037274491360415,-0.1174519490006371
2020-04-27,0.08091446711554709,0.07898751286585085,0.046476987817018145,0.0563190812239444,0.03843241994239498,0.02760229219478797,-0.016692563189304815,-0.004951921772164253,-0.04850097079694748,-0.03702852436572079,-0.11794299148126787
2020-04-28,0.059568885809547355,0.05403414325263399,0.021349514024939578,0.028106669446182543,0.014097600328893095,0.004298948418885014,-0.03891766020955376,-0.025760856847352784,-0.062517434437823,-0.04072155055020884,-0.10029043635975618
2020-04-29,0.06058602272460125,0.054243686163383056,0.024307017389912724,0.02698081662935481,0.017838593980717698,0.0014002656083294115,-0.038520878590351616,-0.02807154582911956,-0.06470275164000219,-0.046137739797804556,-0.10672376252240579
2020-04-30,0.07857310826685417,0.07468369582913072,0.044256361592555846,0.0510004462374629,0.040231934196703456,0.023656617207393246,-0.013619618856886055,-0.0033834968807698734,-0.04166416284211421,-0.019322066738147726,-0.09789517500500187
2020-05-06,0.09015272763873373,0.08941033046224,0.06072303175986861,0.0674619766153628,0.059689779978336424,0.04159659802934748,0.006394212621059235,0.018228519159122204,-0.019322525992831126,0.00477125909778953,-0.0853814685409442
2020-05-07,0.08850244383279629,0.08690754246329693,0.05676205405030145,0.06479018289464286,0.05723810811102247,0.0397596082735514,0.004658569027890013,0.013981020421819519,-0.017805424398404452,0.003959774793480502,-0.08454266903931579
2020-05-08,0.09919740114195989,0.09764652331195196,0.0677487803933643,0.07553728352220453,0.06831807134393653,0.05183321212555797,0.017656667092111063,0.026216175942824202,-0.005926547190661387,0.014858353757683525,-0.08433904738427636
2020-05-11,0.09784955809521537,0.09862460277141291,0.06947226305118202,0.07557795120813404,0.06802911402297825,0.052965437273653285,0.017067633625127056,0.02687218816023187,-0.0054736980287874975,0.016099512169746765,-0.0817500459254686
2020-05-12,0.09564085685888367,0.09574755225097123,0.06549493889554603,0.0718988858155547,0.06667195873999433,0.053862765789325216,0.01726322083081437,0.027384138439655592,-0.0018951397262461376,0.02031140067718508,-0.07532945618169858
2020-05-13,0.10042529529853719,0.09930000673315953,0.06995888794165951,0.07684432712422704,0.0726589155274484,0.058888375354867406,0.022236549869693648,0.03613528947727773,0.005100723440893713,0.026907079196189475,-0.07351821610234771
2020-05-14,0.09311643178568313,0.0927480271397355,0.06332328901022843,0.06852637087243807,0.06471961801958123,0.051473542188372745,0.010958259069533537,0.024842826274107645,-0.005662470604494342,0.0177602668413819,-0.07535616494430122
2020-05-15,0.09603068495141194,0.09501810824411151,0.06437830100602261,0.07080562198829693,0.0675526909955809,0.052299713244442936,0.013197048493761548,0.024265358249644545,-0.0028373793202768503,0.025591904150322003,-0.07043878080108992
2020-05-18,0.0967385093750427,0.09572107209280674,0.0625462272793046,0.06643325481504701,0.06191063586990979,0.047385229964160246,0.007851757341318426,0.02125088513766513,-0.009114038870661988,0.013975602311811167,-0.08276290706323153
2020-05-19,0.1061623347765666,0.10375674380539127,0.07237687909847332,0.07597511403424342,0.06992853332955776,0.057302814999027715,0.02154598644357416,0.03501776780182668,0.008642023515994617,0.030597023295083965,-0.07556531148148263
2020-05-20,0.1030713144375759,0.09941752321761683,0.06672116692853519,0.06882991270008204,0.06392322838955988,0.04934183942571991,0.010984207359335044,0.0237677882146167,-0.002653811741228168,0.018847743659451792,-0.0842235707781241
2020-05-21,0.10202238562394732,0.09554737215040093,0.06210307327328555,0.06092994588092089,0.054581295592867826,0.03976704623067194,0.0010657040039251994,0.01001285194548901,-0.01698325043603072,-0.0005929636099650734,-0.10261534923391238
2020-05-22,0.09225583244230472,0.08425867271712348,0.04820826652386637,0.04743148954790219,0.040213969429191546,0.02249797741616874,-0.016466327128369256,-0.009935620677040926,-0.03995063625430047,-0.023230029540626848,-0.11548586198293155
2020-05-25,0.09681739679891072,0.08727754057707701,0.04988993800655651,0.04555599235992908,0.036329356828660314,0.021946983435561094,-0.019413882626659607,-0.01219610677068253,-0.044229846423336466,-0.028674976181511897,-0.1254923729804226
2020-05-26,0.11167861687566817,0.1027755879669367,0.06785235403384719,0.06519871775016227,0.057986177125272556,0.04303991407332633,0.002772592416725228,0.012687650499001085,-0.01755908896745628,-0.0029030347420818114,-0.11458165161774997
2020-05-27,0.11770216051302282,0.10397672818882774,0.06749947083534179,0.06527245563329204,0.05603496179733219,0.040501604958931056,-0.0029732977278282124,0.010115316265036752,-0.026160950232815963,-0.01822264068915142,-0.13592480120217423
2020-05-28,0.11671027156162131,0.10196414386927496,0.06531538908647344,0.0617265268180139,0.0523848189496147,0.038430013158643306,-0.005356501717198384,0.005421878847076042,-0.03292142789988727,-0.023107953679535338,-0.13981822524115664
2020-05-29,0.12477126192562177,0.10878790049029696,0.07091055926160242,0.06876881659047294,0.0590267829796519,0.04480187263868134,0.0022094056297537034,0.014964642452936366,-0.024036675994969642,-0.017467289758794965,-0.14223855168441674
2020-06-01,0.14284511066262595,0.1299969981886812,0.09263926788227717,0.09220727455389152,0.08744114438362119,0.07336791096669734,0.034551638323538525,0.04683292525102195,0.010050318532976867,0.022894765105276552,-0.1199503455573494
2020-06-02,0.15296936702810288,0.13868610469334364,0.1019495203061777,0.10126036478859707,0.09257603981831264,0.07937070357362624,0.03844200617269958,0.04401311069521294,0.00933252592044929,0.02414773247072129,-0.1288216345573816
2020-06-03,0.15373326207589025,0.13863600508751026,0.10146483646966584,0.10123737499926053,0.09397960848731671,0.07753591904010058,0.03589506942745294,0.044044670637510795,0.008376851041426363,0.02753410816292732,-0.12619915391296294
2020-06-04,0.1611234995277088,0.14389623810295216,0.10855337863653151,0.10756684623780594,0.09909957731278546,0.07949090043481513,0.03800621913853993,0.04559066040680264,0.007879565872780901,0.022288709578902534,-0.13883478994880627
2020-06-05,0.1611537988576429,0.14311785589490136,0.10609508705142734,0.10472847386699742,0.099433900960175,0.07864937450554377,0.039332003440714275,0.04489584050829471,0.008864183422379386,0.023159649885842393,-0.1379941489718005
2020-06-08,0.15898215554006806,0.14076495544328183,0.10530129216320867,0.10519130483719992,0.09964060051232217,0.07686954140594669,0.03914020046237901,0.04345428657868661,0.006050993121644425,0.02101881413209015,-0.13796334140797792
2020-06-09,0.16361951765743496,0.14403467488624452,0.10987797631438108,0.10608048037132793,0.10325920270613864,0.08004091497833872,0.04289713827606101,0.04992360923554713,0.013837354596784904,0.027899910594905375,-0.1357196070625296
2020-06-10,0.15915130602340954,0.1391376726634297,0.10716489608292534,0.1022190642108565,0.0991078297458598,0.07931276158998826,0.041119840013034224,0.05131528556876612,0.012926558442939126,0.027847601364863334,-0.13130370465854624
2020-06-11,0.15491459368335384,0.13481532478184532,0.10177888885660555,0.09829313543445743,0.09801017489963847,0.07673442599627024,0.03456072683053306,0.04789215357816732,0.00955287314554698,0.026098118276024252,-0.1288164754073296
2020-06-12,0.15448484236344037,0.13511048433865644,0.10070065364334461,0.09619841960928523,0.0983945223240503,0.07485211257383369,0.0353995393401674,0.05043046266188596,0.01162931909918017,0.02714293710550619,-0.1273419052579342
2020-06-15,0.15466143040134842,0.13337746891812965,0.10099076629894901,0.0934486307981795,0.09894362689925551,0.07362072274320418,0.03301423350054387,0.05071764113092624,0.008022482857749213,0.019594510511536368,-0.1350669198898121
2020-06-16,0.1664178908780971,0.14603388737463915,0.11412846690191239,0.10807946081948316,0.1176980146124809,0.09218455480093464,0.05226045914891651,0.07201583924842088,0.030378879880865583,0.04035711165649267,-0.1260607792216045
2020-06-17,0.169832363130159,0.15097417382250766,0.12004745248233042,0.1163287777161548,0.12218414352107954,0.09818645292693812,0.055705463467519534,0.07804978773051768,0.03084431774548399,0.04095111191430778,-0.12888125121585128
2020-06-18,0.17192487972201506,0.15159133521436782,0.11964286495847543,0.11555897709384073,0.12226825415051107,0.09770705331156121,0.0554015771311737,0.07126683189184567,0.027151534112737533,0.04020500646869455,-0.13171987325332057
2020-06-19,0.1749079565194524,0.1531605234210119,0.12149689753115066,0.1174836109742058,0.12482965834419196,0.100345595681232,0.06128823457181366,0.08090485487354239,0.03629315489479768,0.04936930602838488,-0.1255386504910676
2020-06-22,0.17368185092735908,0.15316719829021672,0.1220695375434579,0.11748581722968186,0.12343137514897917,0.10362395365028543,0.06539344543560537,0.08519886171113741,0.042380853191499424,0.0584578705699449,-0.11522398035741425
2020-06-23,0.17001043477208327,0.14829829573637698,0.1170459347255068,0.1139953021888068,0.12112644635620322,0.10048732633738847,0.06654641952100714,0.08756726127907173,0.04776352356566754,0.06232281568586575,-0.1076876190862176
2020-06-24,0.16596294795079633,0.14628060573603113,0.11457955738660365,0.11215085976584453,0.11552297278960875,0.09849108087266749,0.06653834635578462,0.0834907895861748,0.045318509031646886,0.06070141436699012,-0.10526153358380629
2020-06-29,0.15946514448064167,0.14047800048942272,0.10589537155688573,0.10582498189998384,0.10820508852435771,0.09221978647339746,0.06091922905759348,0.08142212658601922,0.041861992735270415,0.055888347724019585,-0.10357679675662217
2020-06-30,0.17115810665890194,0.1515667083899383,0.11713745963065442,0.11943929798800411,0.12303716519682742,0.10896655377531533,0.07883235145035661,0.09910611290050772,0.06061152045409504,0.07716901462203743,-0.09398909203686459
2020-07-01,0.1765668891471401,0.15550972766723462,0.12285791521180135,0.12479617249241648,0.127318642056413,0.11256319878923575,0.08510486709535052,0.10363975500401099,0.06608545307005519,0.08201534611821236,-0.09455154302892782
2020-07-02,0.19147201188224042,0.171275012605501,0.13792882253068364,0.13920962812760423,0.14276126819740545,0.1253823160801821,0.0993851456558317,0.11636520129927085,0.07853942914406276,0.0957298268640369,-0.09574218501820357
2020-07-03,0.2057136177143151,0.18564058861219332,0.15193719468103323,0.15335718132542756,0.1537193006245595,0.13584938311205605,0.11093299426186674,0.12369834725305402,0.08889615152137628,0.10418056086693703,-0.10153305684737812
2020-07-06,0.24139101490835932,0.22257073310729236,0.190850695031979,0.19316404960756398,0.19486159124920407,0.17614480254991,0.15096128827604713,0.1631669542860906,0.13036717127122963,0.14908243072167654,-0.09230858418668283
2020-07-07,0.2442706484200241,0.22432230906714706,0.19399153562045496,0.1978322971425791,0.20371826391433295,0.18609519965278118,0.1644206987522908,0.1755445344887631,0.14971857739168998,0.16648798366671666,-0.07778266475330751
2020-07-08,0.26230364666984285,0.24247072906185935,0.21380078248151338,0.21877724696337872,0.22285462281264506,0.20644379143383315,0.1882320469787629,0.19740928720040857,0.17464329892531702,0.1901667200466147,-0.07213692662322824
2020-07-09,0.2833963001201556,0.2642711540217248,0.23730693820453702,0.24406076735038484,0.24948051645298416,0.23380912071151783,0.21618918107804813,0.2242803032408943,0.20319395057081402,0.21623545052501084,-0.06716084959514486
2020-07-10,0.2713492301808848,0.25218729361882103,0.2242872916153371,0.233722763429221,0.24087431526193853,0.22638837699556752,0.21080249834255874,0.22040938966891532,0.1948631556804833,0.21098241541794147,-0.060366814762943435
2020-07-13,0.30121147740481097,0.28333625032884474,0.2569128398055751,0.26621979928786993,0.27485706703022345,0.2635134553725226,0.24717894691765865,0.2539828261510223,0.22818902561701365,0.2442277838473219,-0.05698369355748914
2020-07-14,0.30351514420471754,0.28080602629624124,0.25769636054545786,0.26335986735937755,0.2694423400716767,0.26154459637402894,0.2375777475845709,0.23869689551350426,0.21080572473251835,0.2267983408758585,-0.07671680332885908
2020-07-15,0.286157921425124,0.2606846701514879,0.23094731932304702,0.24004794621236947,0.23742405984029144,0.2347585470017886,0.20996912949198057,0.20751812637672373,0.18120179843005849,0.19062704245658096,-0.09553087896854306
2020-07-16,0.25574240438041285,0.22722623297038239,0.1962055667241664,0.19777035781429242,0.19451352089149865,0.18510770708665222,0.15481939070504758,0.1557196305705396,0.12789626028561524,0.13222115793195652,-0.1235212464484564
2020-07-17,0.26226033503804136,0.23066098738930874,0.19655649111014264,0.20115610600747627,0.19647862867924346,0.18611102151381817,0.15893409928072338,0.15991885351917332,0.1347109911768657,0.1366326981357436,-0.12562763690229786
2020-07-20,0.2999183281903907,0.2674800974993137,0.2348295266621886,0.23952098753197593,0.23467825158611597,0.2232401629883945,0.19258564540979023,0.1931581986015532,0.16690318740629823,0.16752215184767544,-0.1323961763427154
2020-07-21,0.3049446379484645,0.27062505424337496,0.23653298582244547,0.24297318284052688,0.23929449762548047,0.2275114750998607,0.20091585561017247,0.19720587237781512,0.1742230449134009,0.16903338252069447,-0.13591125542777016
2020-07-22,0.3039654280654311,0.271100787494402,0.23924500977709873,0.24336142125492502,0.2431085509536234,0.23337394587512458,0.20602970302055224,0.20509802742244063,0.18459525113692066,0.17768722848416774,-0.1262781995812635
2020-07-23,0.29938399070658467,0.26669125298287794,0.2362540488935349,0.2409789440754623,0.23763098959208132,0.22842738205192387,0.20201916799672748,0.19968817796771277,0.18268998828777,0.17709055204595667,-0.12229343866062815
2020-07-24,0.2709838409500923,0.2363252909997676,0.20040001066040258,0.20572987803733797,0.196865006918844,0.18184531369018533,0.15198597710376946,0.1501140618339593,0.12656777179176507,0.12165846603648267,-0.1493253749136098
2020-07-27,0.27301694696617057,0.23713677893340235,0.20159760693972395,0.20629485052931812,0.19360896260392602,0.18214208529471393,0.15439481374584832,0.15202181344901616,0.1289060072268963,0.12592653238731388,-0.14709041457885683
2020-07-28,0.2880299379674198,0.24897586632773228,0.21278989551820754,0.21763782182735464,0.20306443530364152,0.19432945861550738,0.1690285477489423,0.16425505049010258,0.14037453592416468,0.13418541356956776,-0.1538445243978522
2020-07-29,0.3021175296149342,0.2673257686926938,0.23317965095852505,0.2372573737768944,0.22715896805649824,0.22132222944272073,0.19662280761008324,0.19688409482204147,0.16941023315801435,0.1685069308147001,-0.13361059880023424
2020-07-30,0.3045234898012976,0.2712715325066708,0.23397843726531525,0.23581991827247129,0.22448570117616165,0.2189800861106556,0.1942567364581559,0.1951296774283812,0.1642912761212878,0.1617713859144968,-0.14275210388680096
2020-07-31,0.3146051509567161,0.28060486785374994,0.24547528451518155,0.24542740978021446,0.23488184943811283,0.23065498421922928,0.20758231434799296,0.2096364366570281,0.1781182311360669,0.17570362468462383,-0.13890152627209237
2020-08-03,0.3384208904757523,0.30690624884037354,0.2729486941458954,0.2744393619928154,0.26625650379301136,0.26540279211596074,0.235814026385246,0.24085376171547107,0.2069507023795984,0.2062226806493029,-0.1321982098264495
2020-08-04,0.3364049199121562,0.3052411624144365,0.2666760987679341,0.26986147919702963,0.2581723447668446,0.25818144577673285,0.23066315432569184,0.23419387794187083,0.19742212175490334,0.19661758141381058,-0.1397873384983457
2020-08-05,0.3455822655323722,0.3127019220473106,0.2761057163063061,0.28052579755491747,0.26343210162642805,0.2699444187212455,0.2422894151978483,0.24450594752044957,0.2086369583414847,0.2070983012415019,-0.13848396429087037
2020-08-06,0.34383394463601463,0.3112619963096063,0.27392072929419503,0.2776404483648512,0.2593271435536969,0.26621632872469575,0.24065323188295146,0.24012488165310678,0.20670846673951154,0.20461194114862696,-0.13922200348738772
2020-08-07,0.33205609365355054,0.29743073046336155,0.2608208158594571,0.26557547252262265,0.24638011570652607,0.2517235514939706,0.22364517317359478,0.22829447219529228,0.18974165915557994,0.18897108435794127,-0.1430850092956093
2020-08-10,0.35192427438782414,0.31294498357500616,0.2736520324818943,0.27741298079359394,0.2581170674539192,0.2608619928563933,0.22658341147157948,0.2325414675986209,0.19201665321184508,0.18227128737777717,-0.169652987010047
2020-08-11,0.3355316200608881,0.2950109197102372,0.2527228183203075,0.25781652552669393,0.2381795593074097,0.24198032699415217,0.2057660844405378,0.21381598950958616,0.17048094546532486,0.1626915436623542,-0.17284007639853396
2020-08-12,0.33625527026077706,0.2953676248125705,0.25503336036387064,0.25535616513991466,0.23540891406186662,0.23280483329429102,0.19505877745943043,0.20018481328225057,0.1514588960271912,0.14916224387621452,-0.1870930263845626
2020-08-13,0.3508112941365136,0.3036923449292226,0.26330789997707693,0.26481033516558594,0.24208719541715254,0.23749207000721542,0.19813346426313055,0.20242689588817794,0.15408117245668093,0.14826855006479012,-0.2025427440717235
2020-08-14,0.35968904602069923,0.3091215385681478,0.2707330383408238,0.27325234810748333,0.24876340295981142,0.2457715313481391,0.20480219392684545,0.21251637169462262,0.16546280624584428,0.15910329064191578,-0.20058575537878348
2020-08-17,0.37189957610315444,0.32224828945592754,0.28562957865635125,0.28980676509162107,0.2683583084433793,0.26638514958176024,0.22641003882380722,0.23499991186350092,0.1898009767372177,0.1842958048066368,-0.1876037712965177
2020-08-18,0.37751476688582547,0.3284920495496035,0.29162266200694686,0.29783589317289527,0.2770399388401194,0.2759788086061832,0.23519156992846638,0.24410809380172674,0.1965470395941131,0.18694124346417643,-0.19057352342164907
2020-08-19,0.372824307534005,0.3213657076346848,0.2805966124603861,0.2834128282996459,0.2650624562934199,0.2587147831508187,0.21712598794323407,0.22528127239693047,0.17275094642847294,0.1593349439450759,-0.21348936358892906
2020-08-20,0.3674881022439156,0.3144761862238831,0.273183074905869,0.27457400192395265,0.2526402296104086,0.24502861372533014,0.2020177425405936,0.2128412563735085,0.1588379682594589,0.14332498011949396,-0.22416312212442163
2020-08-21,0.37580835606769275,0.32128593030432473,0.28053601554312246,0.28269536666438094,0.2587391248510988,0.25418309481928864,0.20936640218271355,0.21906005914965518,0.16314149252706397,0.14760845754041835,-0.2281998985272744
2020-08-24,0.3798852936196126,0.32561938078297226,0.2852426193334725,0.28882180416369785,0.2658698423996901,0.2589701258829458,0.21712600965591727,0.2264464306616659,0.1703665951135211,0.15381272212074343,-0.22607257149886917
2020-08-25,0.38661709291954804,0.3326356068656995,0.2900516256625219,0.29062598861812167,0.2682328648323722,0.25793413871523585,0.21191085585678673,0.22241651966012957,0.16351519931698644,0.14378382993361608,-0.24283326298593194
2020-08-26,0.37262038256518126,0.3185111254477208,0.27535653771846036,0.2712723859248255,0.2452499556975039,0.23443534326187876,0.18587380088793531,0.19793292440067053,0.1367607022462675,0.11892465851544791,-0.25369572404973334
2020-08-27,0.39098605289295063,0.3338194000742227,0.28938735885313494,0.2837264027099485,0.2583015426063816,0.24618642765335685,0.19815489486123997,0.2077500193784085,0.14974642680560535,0.12677330266749998,-0.2642127502254506
2020-08-28,0.39713554845509197,0.33802645950014776,0.29541404210851674,0.28885773065743864,0.26688921133465,0.25467762648679554,0.21044049230617556,0.22507161054489608,0.16236182603183302,0.1461913855537976,-0.25094416290129434
2020-08-31,0.3976701185721542,0.336512667805001,0.29740377366907644,0.2886877080940551,0.270426072683509,0.2586703364191205,0.2122040472885895,0.22761430007688602,0.16420409726515528,0.14467896344980877,-0.2529911551223454
2020-09-01,0.40369977771271276,0.34074187837407766,0.30355307919701746,0.296964856494643,0.2764025980727155,0.26519236824931325,0.2182030849943772,0.2331022110694542,0.17025930306019285,0.1498724022933405,-0.2538273754193722
2020-09-02,0.4081057576840092,0.3493636694256825,0.31380219465212256,0.302930931973606,0.28545712892588093,0.2737428313028776,0.22627008611390403,0.23901092888347403,0.1715869195366165,0.14634755461804266,-0.2617582030659665
2020-09-03,0.4030395165538347,0.3435734978506473,0.3074208605719729,0.2933812002629163,0.27534518228366606,0.26578842025076566,0.2150203987979075,0.22860422967131705,0.15828285812044846,0.13387415623521573,-0.26916536031861893
2020-09-04,0.4058678701945113,0.34876141407837424,0.31232427665692225,0.2968001298469971,0.2778073608252899,0.2694847753743593,0.2151280748790204,0.22915871306204455,0.1548349666924364,0.12857644313047625,-0.27729142706403503
2020-09-07,0.3994033571325993,0.341908283757098,0.3068755046080858,0.2876403792422138,0.26764696097136953,0.26011057702447515,0.20257693394835205,0.21475663522345162,0.13573292502227283,0.1014353581417437,-0.2979679989908555
2020-09-08,0.4140716621770351,0.3541950601779188,0.31944228475404707,0.2998020871485073,0.2783530578188555,0.2708392907455183,0.21148863244397437,0.22605032275979964,0.1412044031945002,0.1012360463770331,-0.31283561580000196
2020-09-09,0.40345236952895325,0.3428512948283037,0.30190867062651294,0.2773190876462737,0.25004804701169975,0.23944159147018987,0.17708277166192576,0.18836597199352012,0.10173225916457442,0.06541771179432569,-0.3380346577346275
2020-09-10,0.3668352898686559,0.3072434906525541,0.26173320572356773,0.2327461911092138,0.20845825686231556,0.20119914004328257,0.13407981049206813,0.15095397172627734,0.0647252705807091,0.04104175610983814,-0.3257935337588177
2020-09-11,0.37880216415744317,0.3162995300633647,0.27357647260525936,0.24605059166650606,0.22566589824857064,0.21721892714314717,0.15343561869322386,0.17086595607612587,0.0844170184638321,0.06227693883036685,-0.3165252253270763
2020-09-14,0.38787418765975107,0.324773942178252,0.28460384876198447,0.2595713114145338,0.24148272598483134,0.23599334361018723,0.17702306094474873,0.1897462027560865,0.10725551014428614,0.08151169310446332,-0.3063624945552877
2020-09-15,0.3854204861689267,0.3238721271640381,0.28365247540782346,0.259640058833291,0.2444646894936342,0.24219437328177004,0.1813383287371989,0.1946233688115833,0.11463684902526189,0.09165593511844965,-0.29376455105047705
2020-09-16,0.3806861899266941,0.3169649807206861,0.27858386904359667,0.25432237577497596,0.23677417250332786,0.23720729913020408,0.17298197246728736,0.185006368792686,0.10808802337650514,0.0874002702920125,-0.2932859196346816
2020-09-17,0.385435782117824,0.3218080575939198,0.28360950283653175,0.26101871696357715,0.24438729062617082,0.24204468679191332,0.17766026785144717,0.18647626536378548,0.1082399659314554,0.08693949202704224,-0.2984962900907817
2020-09-18,0.3962224872541389,0.3348141565668944,0.29722405285771536,0.27374019103494296,0.25607986900680263,0.25432155627474085,0.19099105860045293,0.19883835595040064,0.12466946256101175,0.10272323523540587,-0.293499252018733
2020-09-21,0.3950490516116968,0.33281173996193963,0.29477111000015643,0.2717126649721179,0.25280707270522706,0.2534886508646458,0.1895789795494022,0.19575280738065154,0.126836729991591,0.0998761468899914,-0.2951729047217054
2020-09-22,0.3808537920774334,0.3176764580094382,0.2798141538047519,0.2563673095564035,0.2370981675907453,0.23626009493359973,0.17353540946609547,0.18056169663529656,0.11039647263553067,0.08500201877333503,-0.29585177330409834
2020-09-23,0.38695576842660656,0.32377400052763916,0.2856727879816631,0.259548809385488,0.2436054260544495,0.24425087703413165,0.1819445261527242,0.19128789974093424,0.11762206602702031,0.09612235851684073,-0.29083340990976575
2020-09-24,0.3645358194431562,0.29987215938003214,0.2611454889111563,0.23339586707794466,0.21732956307395557,0.21526858967400397,0.1540065997862968,0.15979655009864177,0.08915779793347578,0.06638694140089882,-0.2981488780422573
2020-09-25,0.36130671318249524,0.2935776655697182,0.2561056815704508,0.2278047416818759,0.21231983878673596,0.20948425124068296,0.1475265929901674,0.1548176941387409,0.08180936162487766,0.06128131271035944,-0.3000254004721357
2020-09-28,0.34738481213928296,0.2809793094158264,0.24141338485865083,0.21340865882764767,0.1972517300079386,0.1934099207745559,0.13257813795933948,0.13988853031127005,0.06583355533395066,0.04918356821849628,-0.29820124392078656
2020-09-29,0.3515997588034893,0.2856303246117504,0.24707907858194106,0.2189681921744373,0.20522110745885708,0.20583431528294385,0.14398119298959008,0.151127775415089,0.07718826296780756,0.05995915362568466,-0.29164060517780455
2020-09-30,0.3485710442411427,0.28328205333426976,0.24435148546563437,0.21656908908713265,0.20421411259355765,0.20340317450739992,0.1412283274833288,0.1493740413217938,0.07440411519898608,0.056422761762835484,-0.2921482824783071
2020-10-09,0.3718191990013998,0.30968574809137916,0.2712411805471076,0.2448657358922181,0.23349908435569902,0.23525169100276058,0.17576250943621805,0.18246682847120507,0.10953175070588053,0.09463697289254772,-0.27718222610885196
2020-10-12,0.3933966474928847,0.33273220116442653,0.2966898083051226,0.2726052162762021,0.2622792791043898,0.2672703122899026,0.20893946008325848,0.21784349952714285,0.14792121373380923,0.13389661017130572,-0.2595000373215789
2020-10-13,0.3917341037196075,0.3303469873583814,0.2950834221192045,0.27362106124175706,0.2641711790500911,0.27361732719175064,0.21479619644626197,0.22586591068998363,0.1542521441772515,0.14148574990057822,-0.25024835381902916
2020-10-14,0.38468180619949,0.32314649304326837,0.2895201286665378,0.2676742384435852,0.2593365197580896,0.2692970370922476,0.21046531908361038,0.21910327438885024,0.1486511682586233,0.13437188785627457,-0.2503099183432153
2020-10-15,0.383366633772322,0.3208044369796523,0.28266047939815975,0.2621657467161116,0.25313370226940546,0.26312200827875504,0.20183482316149745,0.20842321731188485,0.1360783479485257,0.12048607109643239,-0.2628805626758895
2020-10-16,0.3871645354395562,0.3215970413248302,0.28460645834548204,0.261509116347095,0.2516237290716872,0.2650420601603213,0.20279861025597073,0.20929855739929445,0.13612519447962454,0.11677089981645178,-0.2703936356231043
2020-10-19,0.3837782198638227,0.3191818279157983,0.2797695953192969,0.2582803973651181,0.2467702582561778,0.26012172924041305,0.19679371085526046,0.20085196386486523,0.12876662240132475,0.10995732807383032,-0.2738208917899923
2020-10-20,0.39027696755731955,0.3256161851398658,0.2887320029645382,0.2659531839160391,0.25681718711414137,0.27032199783182226,0.20666331615811823,0.21610221595705398,0.1439098065479846,0.1258839663818888,-0.2643930011754307
2020-10-21,0.3809895903026811,0.31687863024165197,0.2796702928644401,0.25668323204526616,0.24586546906029735,0.26026146382063553,0.19213228033419805,0.2021998626728098,0.13009415377305933,0.10947898741444442,-0.2715106028882366
2020-10-22,0.3781740471444128,0.3142138968112341,0.2761689539937725,0.2560508717939387,0.24358178239720374,0.2568636792532069,0.188684639727143,0.20005703564868255,0.1251901590980097,0.10314625226941594,-0.27502779487499673
2020-10-23,0.37054683292931834,0.30547338525484874,0.26683755139064497,0.24582759477219226,0.22953416606506313,0.24319308567761475,0.1740634209684353,0.1794235498674631,0.10599563622150292,0.0810837201409583,-0.28946311278835996
2020-10-26,0.36784811436296033,0.30352231527449486,0.2662366784518012,0.2465198384833774,0.2311338122925383,0.2450926572600374,0.17673540942924768,0.1841534235123313,0.11318120664974925,0.08575531861016146,-0.2820927957527988
2020-10-27,0.3661168412221572,0.3024633822976023,0.2655211198775548,0.24640752556512346,0.2328121735278535,0.24218935154268065,0.17570948257146737,0.18687525295145815,0.11691842395763839,0.08956150926891923,-0.2765553319532379
2020-10-28,0.3662143328881439,0.3014854281512722,0.2656908069114774,0.24746117208991025,0.23494361992529358,0.24362979642012744,0.17680203351250923,0.19176587454598615,0.12139783943490592,0.09453099210155681,-0.271683340786587
2020-10-29,0.3647882015793023,0.29827846273219816,0.26209427292876625,0.24448383997244963,0.23241662381519818,0.24106301442441774,0.17189343877841928,0.18887458470323387,0.11815273884173685,0.09517616282134948,-0.26961203875795275
2020-10-30,0.3414684277708287,0.2715748755902827,0.23591465262909747,0.2200208783116536,0.20644394444357508,0.21529635602800457,0.1426024736122599,0.15846166088411998,0.08594299845418477,0.06786741403732985,-0.27360101373349877
2020-11-02,0.3371624002260322,0.2655248431339667,0.231115934186603,0.2191933737430533,0.20849622690579983,0.21984962707861896,0.14681029341368443,0.16558886621728647,0.09562144979989759,0.07555938044190116,-0.261603019784131
2020-11-03,0.358180773109884,0.2866947451566295,0.25402919958146797,0.2382443863800553,0.23005285396237923,0.24405244164934983,0.16860764255992616,0.18791057030158992,0.11454522292113814,0.09062413963219135,-0.26755663347769254
2020-11-04,0.35506808433969517,0.2826639272452824,0.25044965050754026,0.23695587343930896,0.22722628244772958,0.24362186890881826,0.1666065223671577,0.18762790848005365,0.11174020207644472,0.0887144211441422,-0.2663536631955528
2020-11-05,0.3676434741027842,0.29753147294998333,0.26464190396039783,0.25421562508007106,0.24492041680896212,0.2632181387793658,0.18597583824291503,0.2068297478392161,0.13364982276472426,0.10850102622852749,-0.25914244787425655
2020-11-06,0.3622608959100585,0.29330680458456393,0.2604106381543828,0.2477235240113625,0.2371206571345798,0.25503817029866344,0.1723518221271421,0.19090059441509205,0.11551994916237526,0.09324924527891407,-0.26901165063114424
2020-11-09,0.3795343851143019,0.3101404991506409,0.2786350754473019,0.26832297837994135,0.2557094402731659,0.27847734248343464,0.19778219319073218,0.21521908966258754,0.14095992535333315,0.1249151585348797,-0.254619226579422
2020-11-10,0.37624297388699857,0.3063631776286826,0.27278491853230946,0.2635646223321637,0.24873877832228966,0.2706185885078467,0.18535118132480588,0.20231813385822411,0.12138022990769681,0.11075692466146812,-0.26548604922553026
2020-11-11,0.37393787316871896,0.3031606879207845,0.2669182868486885,0.2550992965685049,0.23931097681285932,0.2588986846936936,0.1688274784803842,0.18236732198990518,0.10055100498754839,0.08498134121703199,-0.2889565319516868
2020-11-12,0.3792615546528743,0.30593756854248294,0.26884349626963766,0.2551451813736454,0.2368709850262358,0.25973258427704426,0.16731496153382877,0.18336294628838257,0.09956760511268181,0.08499621330579632,-0.2942653413470778
2020-11-13,0.37990017515681435,0.3063450488715841,0.26859290278780035,0.25386299854965455,0.23591008679424005,0.26141661013797374,0.16885694224224618,0.18462869609076032,0.10045387223255554,0.0846796679659777,-0.2952205071908364
2020-11-16,0.39372802943409546,0.32076891418679604,0.2839611655359214,0.2665392264623352,0.24748151949665897,0.2709286836127212,0.17746329304893768,0.19103292447373152,0.10423840129807509,0.09022470062847529,-0.30350332880562
2020-11-17,0.39355049632360173,0.3182867904520359,0.27905025182572296,0.2608823994167558,0.24148137447453732,0.26190680329158444,0.16604955555498876,0.18025831487557958,0.09467771693338417,0.08084873163512243,-0.3127017646884791
2020-11-18,0.3990714163523982,0.3242547658712316,0.28475457042034685,0.2656978425525265,0.24585336796187815,0.2675820853246263,0.16883220085669678,0.18412029553315776,0.09814230320998774,0.07897353659132703,-0.32009787976107096
2020-11-19,0.40111969331320557,0.32642488027775,0.2858241806613596,0.26836920838117,0.2446836008446939,0.27108393089913446,0.1741575221778302,0.1876353583673247,0.10296821489705776,0.08641861282685012,-0.31470108048635526
2020-11-20,0.40459843267016465,0.33036460529465506,0.2891401333631423,0.2747720182310768,0.2493935223302901,0.2765428336666913,0.17975951917060973,0.19227101748615177,0.11095457713572202,0.09353477849618355,-0.3110636541739809
2020-11-23,0.40776939566079934,0.33424855167777695,0.2905287030748584,0.2777560317388574,0.24955652555780852,0.27992476981858755,0.1800474111104819,0.1957254877977591,0.11602381483514504,0.10155366676271416,-0.30621572889808496
2020-11-24,0.4060883066294143,0.3346932208555311,0.2890988255726841,0.27716977465101056,0.24962444370131912,0.2779470555222209,0.17916603673105594,0.19518271130094353,0.11664754572527573,0.10059982069804485,-0.30548848593136924
2020-11-25,0.39792775659867863,0.3263827337593871,0.2804084162307718,0.2655727346284267,0.2350614422107616,0.2644120366725865,0.16357153363950128,0.17828153468924837,0.09594664939111791,0.08253836529753443,-0.315389391301144
2020-11-26,0.3984724608048225,0.32474039852393194,0.27621541307678027,0.2621849949241097,0.22907023632178214,0.2583021272243958,0.15812591985459273,0.17050891396939052,0.08902695912605947,0.08145971542958622,-0.3170127453752361
2020-11-27,0.4017381404145065,0.3250398008800601,0.27480109186531027,0.2634852527350898,0.22746233386293688,0.2571334022197021,0.15625510066576995,0.1676058444171057,0.08636788077095918,0.0842017603329635,-0.31753638008154284
2020-11-30,0.4012018459244128,0.3246630785140679,0.2725555338164442,0.2611187369626449,0.22417028599298092,0.25330398855510716,0.15179226052532452,0.16395909582405752,0.08268436317546077,0.0841633196040136,-0.31703852632039903
2020-12-01,0.4104444345639503,0.33254662417780234,0.28267726647962155,0.27099878501250324,0.23637215401038894,0.2682113870380405,0.16874612985987816,0.18076893377391104,0.10029641966544907,0.10249331723238997,-0.3079511173315601
2020-12-02,0.41272385241840953,0.3371354449672053,0.2858783470957116,0.27423978864204607,0.24130408359357708,0.26881420044084564,0.1722672049442948,0.17925203125441877,0.10110966419376523,0.10078814614300231,-0.311935706275407
2020-12-03,0.41389465075326304,0.3367371532420013,0.2853526010704738,0.2742096131267228,0.24041231686986742,0.2666147299222297,0.1698913574814972,0.1741431120840375,0.09520440027352164,0.09405478732983015,-0.3198398634234327
2020-12-04,0.4146595904996124,0.33818592833185523,0.2861740384715192,0.2767357653108532,0.24280320716499731,0.2696782656545671,0.1719811068571943,0.17655930482402912,0.09778834267096087,0.09812919847172435,-0.3165303920278878
2020-12-07,0.40810236385724125,0.3314841287288594,0.2818467847484175,0.27092354323407497,0.23714576551406163,0.2666530861185873,0.16627266055350415,0.17221013524023893,0.09321653952451012,0.09337467044544798,-0.314727693411793
2020-12-08,0.4039898590052831,0.3272276980120221,0.2768937899268347,0.2675429781951965,0.23563659115213678,0.26382942239894924,0.16324797528061868,0.17077557237206686,0.0923863242881072,0.09693916504509208,-0.3070506939601908
2020-12-09,0.3880009375345068,0.3093192200175572,0.2586322951841921,0.2495002669108669,0.21633634510886063,0.243605638226351,0.14206537641659192,0.14995683142807323,0.07242178217113296,0.07849806262545131,-0.30950287490905526
2020-12-10,0.3887793115839221,0.3101037242504206,0.25855268787736024,0.2474443017528023,0.21626902719630955,0.24335957194223223,0.1425217776480235,0.14814257480202614,0.07374927562771116,0.07780601442978569,-0.31097329715413613
2020-12-11,0.3717609174852705,0.2919813251014148,0.24065106724041707,0.22757981305464287,0.19733170178265935,0.22644914798092136,0.12481911804747498,0.13391354961357071,0.058283760947142715,0.06596077827965843,-0.3058001392056118
2020-12-14,0.3772528436508037,0.29714286304758525,0.24586653201132672,0.2342687210457515,0.20451569609981538,0.23419116778499793,0.13201675281770073,0.14264035038895473,0.06719187603748505,0.0785001892587554,-0.29875265439204796
2020-12-15,0.37372890562245165,0.29556556042087473,0.24534679193821707,0.23275151165131164,0.20424541579046518,0.2329405609494583,0.13514118278941178,0.14125606946443758,0.0685001378291835,0.07786997101240653,-0.2958589346100448
2020-12-16,0.3604267348349371,0.28172722914236487,0.2331624100343321,0.2176441140929814,0.1906365811078038,0.22004853300437235,0.12109159456454592,0.12887064578265087,0.061935585324896736,0.07374977793842594,-0.28667695689651085
2020-12-17,0.3659568259029073,0.2873743248887659,0.24036109151380738,0.22641762947498734,0.19995913249089725,0.2288710158485424,0.13282981349998188,0.14118598852320927,0.07338685099564504,0.08961851693564846,-0.27633830896725853
2020-12-18,0.36024406680246795,0.2811394355340965,0.23407847862419323,0.21801910132470922,0.1925795473057417,0.22349622498058952,0.1260394588542358,0.13826568933650984,0.0739167102886102,0.08928020777948541,-0.27096385902298226
2020-12-21,0.362998986663376,0.28579537188384524,0.23991342081278827,0.22300101671968448,0.2016742021204912,0.23062837931187147,0.13736595516344202,0.15277007855238714,0.09340874188407766,0.10946915588597356,-0.25352983077740215
2020-12-22,0.3453743038058162,0.2668829311128973,0.22228496519794874,0.2045421981047428,0.18075295418306409,0.20832797756133142,0.11392620766423694,0.12725849378724072,0.06789467555241485,0.08666769500978184,-0.2587066087960341
2020-12-23,0.34347887144745554,0.26435699917947225,0.22017314590287212,0.20514161272322856,0.1807119687004057,0.21126510261735373,0.119545603895999,0.13225774352206834,0.08146288305078053,0.10339056921767355,-0.24008830222978172
2020-12-24,0.32193648819265075,0.241571638017145,0.19639935465203653,0.18208745745778965,0.15855517126803725,0.19130411172743983,0.09785223582591682,0.11210032618405091,0.06606500248573281,0.09307877326053107,-0.22885771493211943
2020-12-25,0.33189336210335935,0.2523265944966608,0.20703404581323365,0.19402257862239475,0.16739718096587128,0.20092741569950778,0.10641160284509116,0.11830296867464675,0.07426679494864631,0.10500153651904291,-0.22689182558431617
2020-12-28,0.3152128032638507,0.23627555150244844,0.19138509102493234,0.17991457768099575,0.14892861594188053,0.1873498570795241,0.09462274298466264,0.10968058021151741,0.06447665254893106,0.10687562909199831,-0.20833717417185213
2020-12-29,0.3202200362966094,0.24165710048734185,0.19604480737219102,0.18365408368253153,0.15248953229275417,0.1880174785649172,0.08825298131890565,0.10205518069438566,0.05150744763480976,0.0877501893605688,-0.2324698469360403
2020-12-30,0.3202834698225032,0.2419294985679561,0.19631159672408266,0.18342781136283653,0.1539152906118661,0.1911146666908855,0.09331349741422856,0.10754839133691797,0.06283725717840338,0.10526323816603786,-0.2150202316564651
2020-12-31,0.33136399207770895,0.2546702465058031,0.2088056398772267,0.19847323430233,0.16797677294790173,0.20641930992590019,0.10504963931911325,0.12315909823791929,0.07786608040276218,0.12555211687601675,-0.20581187520169192
2021-01-04,0.33763790488474277,0.26280263097547646,0.21710624942857773,0.20867501965335233,0.18030383007125414,0.22292020845114652,0.12151809053317478,0.14199948230461812,0.10201953176322082,0.15262401321759916,-0.18501389166714333
2021-01-05,0.3325787026323603,0.2562591906117645,0.21396675029557025,0.2044473502135383,0.17815114484390354,0.21928048244817652,0.12097824693068147,0.14263325648210237,0.10688651044040737,0.1620669182709462,-0.17051178436141382
2021-01-06,0.31888892508748085,0.2413162484429502,0.19886314134499486,0.1893585282289408,0.16173775082150035,0.20221235858237763,0.10676011644473216,0.13226741251211838,0.09746642336957424,0.15912861529684252,-0.15976030979063804
2021-01-07,0.2850648054805763,0.20435516035468088,0.16180485990068585,0.15082317858658756,0.12721838969890586,0.17097451856439502,0.07938132162725407,0.10844675570998197,0.086816668565805,0.16771868707641258,-0.11734611840416342
2021-01-08,0.28596940875445137,0.20768516965822137,0.16511035251803752,0.1530550345731674,0.12953725883436568,0.1709958344412633,0.07600174768494052,0.10413115839975347,0.08124869987873276,0.1603816587751383,-0.12558774997931282
2021-01-11,0.25621005862477786,0.18172281315410607,0.13883225893366669,0.12884938338870527,0.10625250592561537,0.14824090351733976,0.05679079630713455,0.08204481097923909,0.061205813534352234,0.14105126260241344,-0.11515879602236415
2021-01-12,0.260058202832283,0.18598011479725282,0.14415303619920278,0.133858874225361,0.11016449349853762,0.15378492860424922,0.0655081331915529,0.09183900583890754,0.07430899295238041,0.16448879625673268,-0.09556940657555003
2021-01-13,0.23701091734141358,0.16625602109609852,0.12332954915116805,0.11802161608316941,0.09317340427240325,0.13559186268709553,0.052545159312968825,0.08105447275531778,0.06213014666418068,0.15575985308003956,-0.08125106426137375
2021-01-14,0.24918057832923776,0.17981116566953242,0.14039537456672296,0.13098811665814458,0.10561584417006163,0.14464547542894018,0.06009731965959454,0.07981505943189342,0.04862528156747212,0.12939673079432362,-0.11978384753491389
2021-01-15,0.2700180774005314,0.2006975020738151,0.16050288163544546,0.15169199262361616,0.12348474938128458,0.16137232866408582,0.07096456506652658,0.08571826957115466,0.05516856841893819,0.12808081495174264,-0.14193726244878854
2021-01-18,0.27991108243729923,0.2129856384359658,0.17231449921893796,0.1644123729199951,0.13733786348351945,0.17665770977261852,0.08794528016437628,0.10369023503812067,0.07488376330276407,0.14726052133948653,-0.13265056109781248
2021-01-19,0.29340690766646366,0.22482065063475554,0.18548927980218624,0.1751217556105897,0.1454567985672791,0.1828044692293442,0.08970647052128536,0.10315707459296287,0.06566908799089335,0.12863953480855367,-0.16476737285790977
2021-01-20,0.2939375136532971,0.2228851788300774,0.18175464631365135,0.17558627346942854,0.1453486182122498,0.182631730214011,0.09381882590808782,0.10804876868220278,0.07760298688793033,0.14432564028039996,-0.14961187337289694
2021-01-21,0.29619664246835153,0.22558964976803142,0.1839968662873267,0.17997006698006668,0.14758217704815324,0.18715668245896686,0.10068722961029342,0.11780052532990529,0.08783996439990867,0.1613329908644915,-0.1348636516038598
2021-01-22,0.2843602645412819,0.21340863202791466,0.17009832717819884,0.16909928289441759,0.13264964787040529,0.1729557444548405,0.0904891397672212,0.10674865570500455,0.08133880174614304,0.16269148751179158,-0.12166877702949004
2021-01-25,0.26268947637610673,0.191149626828779,0.14894355886110583,0.15136567293891523,0.10850818359271527,0.15381322004185458,0.07799975396064392,0.09831959879544523,0.07757925380447907,0.168813432110881,-0.09387604426522546
2021-01-26,0.2626980320400413,0.1903312256635442,0.1463145732258354,0.14934001010953593,0.10192356139139692,0.14781342195635938,0.06772944516039606,0.08427096502784936,0.0635065641184529,0.14264446786313223,-0.12005356417690877
2021-01-27,0.26563589527814574,0.19274312752519832,0.1479625271080093,0.14966869492815196,0.09941600513264608,0.15050749014932094,0.06974642149361378,0.08460749046767907,0.06281449785925736,0.14537573189030537,-0.12026016338784011
2021-01-28,0.2635581544618233,0.18911603111021125,0.14447858492866933,0.14409259896669613,0.08877200621866688,0.13668923299684257,0.052154720388005775,0.06387102521985714,0.039065086315489585,0.11166941351828605,-0.151888740943537
2021-01-29,0.24871799948749312,0.17397268242979766,0.13055302362274124,0.12777693758281558,0.0723063451288729,0.12161475221615246,0.0375504369102101,0.04834476997405865,0.026565435343536985,0.09978479320135573,-0.14893320628613715
2021-02-01,0.249229504083349,0.1754626250892975,0.13227518357844076,0.12963606270416556,0.07727240900307837,0.12636859928876493,0.04661898040760884,0.05982748184334097,0.03564473997060283,0.1090342066687578,-0.140195297414591
2021-02-02,0.2488331752830218,0.17470021423152798,0.13426941958516195,0.12840172680574893,0.07903535304657885,0.1276962393333492,0.04857934381399353,0.06352163683140635,0.044629778225820024,0.12492014061045872,-0.12391303467256284
2021-02-03,0.2330873378787179,0.16005952894859607,0.11829638027042447,0.10936414765231214,0.06206243836837464,0.110043354371683,0.031796536312408794,0.04666419373203495,0.03036906356270275,0.11178270139278385,-0.12130463648593386
2021-02-04,0.21469756806892254,0.13991612234826514,0.09782139339361687,0.08855029642970111,0.043792529136945244,0.09278096235303096,0.014226576764585608,0.02643470763719665,0.011803006883608833,0.09801286225770957,-0.11668470581121275
2021-02-05,0.2140862788682288,0.13652846403961677,0.09278096703312257,0.08057431358978182,0.03200309256802652,0.07978634957462927,-0.002833504039851671,0.006698720782637228,-0.011790065931899383,0.0768980630472328,-0.13718821582099577
2021-02-08,0.21430036831701574,0.13606036063845411,0.0920665650752348,0.07874756106610317,0.030136912250876686,0.07593782937199633,-0.0037595104392009688,0.007464141700112642,-0.003592351381956165,0.09211940227693327,-0.12218096604008223
2021-02-09,0.22528370003836715,0.14873798716568626,0.1056421735997074,0.09357683544571987,0.04626372075566035,0.09373859801125581,0.015778869245807053,0.02939884017382535,0.021717025846758192,0.1224975317401657,-0.10278616829820121
2021-02-10,0.23484488608029327,0.15640879205747912,0.11290962091426666,0.10120524448965472,0.05276381784663961,0.10023616042966403,0.02228032543190299,0.03431837578482233,0.025306729486712448,0.13335818177941325,-0.1014867043008798
2021-02-18,0.2615681352177882,0.18429235030374763,0.14212416925346516,0.13122090683089793,0.08355911162057707,0.1336278092361082,0.051397621483568315,0.060408703236594856,0.04367385001964403,0.13932054177532313,-0.12224759344246489
2021-02-19,0.28992002957334934,0.2135083463636936,0.17449338679981197,0.16259269419599987,0.11676308878009489,0.16804337733192964,0.07997618970745446,0.08777845790278913,0.06210080611852018,0.14251868282431074,-0.1474013467490384
2021-02-22,0.30569871013070726,0.2268036118645743,0.1887316161418021,0.17478045979445642,0.13026990490719642,0.1793030521599709,0.08716674206747059,0.09036054164834476,0.060547426026186714,0.12424063073696068,-0.18145807939374636
2021-02-23,0.29960010178606084,0.22114054191524068,0.18170158672588924,0.16877697941391934,0.12134023039208977,0.17110325642733348,0.08182301821657131,0.08633914606748055,0.05532734584762253,0.11878481169634987,-0.18081529008971076
2021-02-24,0.303296669983319,0.22561947941751556,0.1870142665689172,0.17312329941161353,0.12595002684843404,0.17373739751840048,0.08252205791882583,0.08442056959222034,0.04526919425679855,0.094362528172087,-0.2089341418112318
2021-02-25,0.29685152310664764,0.21943859748494374,0.181437481172692,0.16521888686464506,0.11824649564805075,0.16585493415007824,0.07166305527388346,0.07670181065234503,0.039327895438190555,0.09107425840478263,-0.20577726470186478
2021-02-26,0.3029570361057199,0.22335455246210692,0.1882755288858471,0.1679048147484212,0.11936564066435153,0.1618300262850951,0.06498849771369797,0.06550399454363494,0.02114651437781062,0.06755809801099946,-0.2353989380947202
2021-03-01,0.32077918668355765,0.24004400259558617,0.20781033655682427,0.189163799913086,0.14067496003930918,0.18649098035617803,0.09159072370021204,0.09055923426742062,0.047342711107189114,0.09324727560730084,-0.22753191107625662
2021-03-02,0.3160181303912097,0.23654889089190284,0.20396495866640013,0.18551590303997065,0.13697006814424148,0.17846290973375686,0.0845386120954312,0.08465079286631472,0.03821749451170073,0.0816331015502905,-0.23438502884091902
2021-03-03,0.32427735939499575,0.24491603496995482,0.21399325170301853,0.19672825462849877,0.14836351928725072,0.19239418911863654,0.10097510122721577,0.0992460269390779,0.05514201503656133,0.09861327227398213,-0.22566408712101346
2021-03-04,0.3256572239191729,0.24425207808968205,0.21078781421344028,0.1926127611170103,0.1408093698343933,0.18595815835165186,0.08919199593862867,0.0848685035132625,0.03297912769429813,0.06388393886133206,-0.2617732850578407
2021-03-05,0.33781081967638915,0.2570773531705818,0.22257271565896022,0.20471294662808487,0.15339477960247458,0.19411698160777832,0.09577289545786433,0.08855148964295242,0.036082313388754964,0.06045517252549814,-0.2773556471508909
2021-03-08,0.3335902779847757,0.2518768690276406,0.21508020907355452,0.19604569367316113,0.14640907318282714,0.18523300805821735,0.08436744247132867,0.07108666239457449,0.01414096733053425,0.026018040550675567,-0.3075722374341
2021-03-09,0.31658415672717904,0.23611246197473998,0.19375198138063143,0.17128261546074752,0.1196555810148417,0.15859578014447306,0.05314719211289053,0.037442625636830436,-0.015546949373131516,-0.003653144467385863,-0.3202373011945648
2021-03-10,0.30129351297903123,0.22025132348827856,0.1769458032151431,0.1561983452510695,0.10500885857385946,0.14271837196684084,0.03981339801597367,0.02818158909759033,-0.019150496463152908,0.0011417685062673072,-0.30015174447276377
2021-03-11,0.31598337757679995,0.23546966072080344,0.1964158494393588,0.17285492489299975,0.12480238413328473,0.16535884626614192,0.06005132415637398,0.049864861703094426,0.008158837548534838,0.030582438434670088,-0.2854009391421297
2021-03-12,0.3183034889876129,0.2380831261699939,0.2003806016581744,0.17477628666951198,0.1250113545619142,0.16268261984613414,0.05963391046260287,0.046944439530227915,0.007794816275849809,0.03144802933900741,-0.28685545964860537
2021-03-15,0.3208922122171592,0.2397809119888176,0.20080450167923433,0.174395391601559,0.1259697782933452,0.1604815137861428,0.05437230950965107,0.04383622815662804,0.00085659186224947,0.011248072075210249,-0.3096441401419488
2021-03-16,0.3396180192012141,0.2552897050150028,0.21808944426686852,0.1915631841854263,0.14106199372296768,0.17469758470542643,0.06661646291685594,0.052951953207134486,0.008691504008952869,0.013993561133394282,-0.3256244580678197
2021-03-17,0.3439460837156987,0.25877991476153406,0.22051837397677015,0.1963401595531502,0.1466348580759629,0.17880684624388393,0.07360987038406322,0.058411956791594534,0.01764037688070845,0.021787146021038834,-0.32215893769465975
2021-03-18,0.34385460519067795,0.2591465602155893,0.21761198231962509,0.1943110029343471,0.14574980853778816,0.17646486802766764,0.07439397929776306,0.06094981277058639,0.023632497123212887,0.02924421132401536,-0.3146103938666625
2021-03-19,0.3466891727966694,0.26445110486734297,0.21924451728287908,0.19552313728797382,0.1465334783962132,0.17578444854120087,0.07187502092823028,0.05437246473147607,0.012465580965086504,0.010443058241971608,-0.3362461145546977
2021-03-22,0.3591529094358784,0.2770381344501924,0.2348889231306438,0.20929520031207513,0.1622532387361223,0.19298328890037225,0.09299147873345645,0.0758994524402424,0.03142659510506261,0.02549403675866141,-0.33365887267721694
2021-03-23,0.35279604292699945,0.26975763040644224,0.22478659181655852,0.20262821930927502,0.15112441105975183,0.1815009404994094,0.07846528133763249,0.05960685877953105,0.01528708953145562,0.0037631442374721005,-0.3490328986895273
2021-03-24,0.3504265330408598,0.26494776499896716,0.22071952413727852,0.19577393560715736,0.14374160370446967,0.17692912908241307,0.07096893226402892,0.051000795556975696,-0.003777436456029168,-0.017782486399514137,-0.3682090194403739
2021-03-25,0.34681221780953503,0.26052891223952723,0.2148809214142892,0.19433903948999687,0.14240715095355985,0.17394106615483337,0.06681801322850846,0.04565864752104316,-0.006665900393084885,-0.017368625845963378,-0.36418084365549835
2021-03-26,0.3564717389261636,0.26795420037435264,0.22343315324925808,0.2046519885356591,0.15448872472458544,0.18669559800999852,0.08088406834747018,0.06015518611824743,0.013350728818028597,0.005770937885320019,-0.3507008010408435
2021-03-29,0.3539462408366424,0.26788876172915455,0.22297180992514448,0.20225926263558325,0.15273741238713312,0.18977774281167753,0.08223332314236273,0.060941176465705106,0.017278309450910315,0.010254543952964892,-0.34369169688367746
2021-03-30,0.3437489239987713,0.2551999338779578,0.21126042988338137,0.19080904271448024,0.14108236303471997,0.18082105437686624,0.07665549769383762,0.05326145389194644,0.015186017696829635,0.01312829817216085,-0.33062062582661045
2021-03-31,0.35441320970153467,0.262377695591355,0.21820112896186683,0.1953522506405452,0.14253025503720163,0.18392300663948283,0.077346991071211,0.05328877220863711,0.011328550475036944,0.006054626530121328,-0.3483585831714133
2021-04-01,0.35487162133596356,0.2634867086887754,0.2199127789347126,0.19412074971840715,0.14211774423008475,0.18322216093954236,0.08085744248416359,0.056795849914454105,0.017527484988017327,0.01731288232922765,-0.3375587390067359
2021-04-02,0.35947996797505416,0.2686378339418815,0.22498449282930927,0.20086576202421763,0.1453258439536395,0.1881180468265558,0.08545591311861202,0.056382796436895345,0.022477383212736242,0.021870101797328373,-0.33760986617772576
2021-04-06,0.37031089767732756,0.28114602092968993,0.23615435046185687,0.21092685352220225,0.15791107251592812,0.19917075438422693,0.09488209017557958,0.06561389125343216,0.029882771902976283,0.028421582633536946,-0.34188931504379055
2021-04-07,0.3796272056351364,0.2888358702219685,0.24198327306435238,0.21836589867072773,0.1634090998581857,0.20447654393447884,0.10183793400907601,0.07525848548219098,0.03536591812164719,0.03376663153820742,-0.34586057409692894
2021-04-08,0.37006550155302126,0.28065590987214717,0.2332603423392372,0.2120155745421332,0.1544449525169686,0.2006572177448992,0.09786029195573626,0.06676249002002471,0.028419712671011378,0.030974029615338773,-0.33909147193768246
2021-04-09,0.373773313807035,0.28384978770486147,0.2375043834477682,0.21634705118470726,0.15564328543450295,0.20187451735338588,0.09697267002055737,0.06213122546979941,0.023462469479776024,0.023570202652555057,-0.3502031111544799
2021-04-12,0.36649815750137615,0.27552195806531515,0.22731660791393923,0.20439697040468466,0.14186907196970874,0.18829852627816515,0.08170078453544719,0.04479891257482872,0.006428256713733448,0.0006968466716130058,-0.3658013108297631
2021-04-13,0.3608562623895969,0.2683353584786272,0.22029276924294466,0.1986158439786662,0.13428803548308288,0.18016584356958387,0.0737548750694792,0.035796007624829845,-0.0028595150244586642,-0.004238486876298436,-0.36509474926589525
2021-04-14,0.37514622448307977,0.2799115228068313,0.23204152937658312,0.21048244852824413,0.1482797035742541,0.19231060155587165,0.08368837324323808,0.04562981642523595,0.009701251307033098,0.007608133903575398,-0.3675380905795043
2021-04-15,0.3790574305351367,0.2820889400103371,0.23271233025890106,0.20945442329498606,0.14394807002473073,0.18786875180093887,0.07970966676592536,0.03789019510216493,0.001339109561477942,0.0001757920366151607,-0.37888163849852147
2021-04-16,0.3985751507076009,0.30357234435014385,0.25175679348546126,0.22730873717109007,0.16232869810350398,0.2077060955494507,0.09636401721660377,0.05241671565816417,0.010770940341676048,0.005160334509850312,-0.39341481619775054
2021-04-19,0.40938395607612876,0.3134279527646064,0.26354691492252097,0.24065874774442086,0.17283463497850007,0.22229831505343675,0.10879968943609145,0.06572226550549425,0.025886473660197515,0.027821497533229995,-0.3815624585428987
2021-04-20,0.40520276010695766,0.31006405978392154,0.25789617584802216,0.23627351820522866,0.16559295897067644,0.21799531041017237,0.10535470409482847,0.05979396830806277,0.021674290692366302,0.029042286680542827,-0.3761604734264148
2021-04-21,0.4027378404403311,0.3074387541139839,0.25479431491258503,0.23309101002429528,0.1619199522688533,0.21533474311863318,0.10176759025167398,0.05710027297110803,0.019764752395487136,0.02628114206868205,-0.376456698371649
2021-04-22,0.4049340329621853,0.3116470484252862,0.2585191454882338,0.23692717673497465,0.165362428663764,0.21970185674502543,0.10608709143340118,0.06148648835860272,0.025295904321015843,0.030029985165861015,-0.3749040477963242
2021-04-23,0.3920926553205086,0.2981857326266955,0.2478701058465101,0.22662353920215955,0.1574548694827932,0.2091342148319681,0.09663278494124278,0.05330615783240142,0.020500647192804148,0.03146135101104815,-0.3606313043094604
2021-04-26,0.3906772338070084,0.29621448123825317,0.24602127515886318,0.22605055034817417,0.15402091066572965,0.20650632805601732,0.08870780425342899,0.04548328401963912,0.014718425999483607,0.02425260460264013,-0.36642462920436825
2021-04-27,0.38342983491151156,0.28804901535848787,0.240428210262297,0.21871706238468092,0.14665170866815702,0.19829380102595523,0.08088851480039093,0.03617286250799612,0.009795842027553951,0.021239124995563224,-0.3621907099159483
2021-04-28,0.3850447705348454,0.28708243754493074,0.2393048175026045,0.22015800608160996,0.1473475916038337,0.20045914395476055,0.08007268934814338,0.03975247527923172,0.014892984352022798,0.033001851361074495,-0.3520429191737709
2021-04-29,0.3865464108171672,0.2856701516594134,0.23678561511643015,0.21714205130015313,0.1441886065185806,0.19557689225941471,0.07569098917743057,0.03259998493772172,0.009074904753711296,0.03485007579058879,-0.3516963350265783
2021-04-30,0.3775989878765647,0.27571902578590585,0.22765311183171924,0.2087424166234855,0.13410748549106938,0.18874262441557565,0.06700852401089004,0.0256397063316837,0.0015141544584435958,0.03466987805983451,-0.34292910981673014
2021-05-06,0.3838955968140106,0.28175831297261655,0.23165363421631396,0.21084335679722593,0.13860027689833115,0.19256916117965242,0.07270716222605392,0.033139456874808654,0.005802768471739047,0.037616798457453665,-0.34627879835655684
2021-05-07,0.3812254529903202,0.2817554926054501,0.227717767939779,0.2065072539278732,0.13625313072155879,0.1877268135091927,0.06498432903465358,0.02753856998759116,-0.003169084093943706,0.020530738387016318,-0.36069471460330377
2021-05-10,0.38251406622782413,0.2834138282596643,0.23013960103088554,0.2106493793484352,0.13583426140429752,0.18965296784296193,0.06831391080781285,0.03389714856533156,0.005539556391101864,0.033305463285594326,-0.3492086029422297
2021-05-11,0.3909457460578814,0.29158160204503314,0.23496075504050654,0.21728635877633976,0.14131068247918713,0.1933682067782945,0.07258468924172573,0.03785004296052393,0.004511305358426754,0.029807763591993962,-0.36113798246588735
2021-05-12,0.39871090719282426,0.2995973040487019,0.24260274167157506,0.22617381375654996,0.15121071643412606,0.2046831291064661,0.084714406403741,0.04895313727000984,0.016138616139188103,0.04230750527194187,-0.3564034019208823
2021-05-13,0.39845603692238396,0.29717533898669973,0.23931128727129977,0.2225177025323122,0.1483055649428554,0.20129860482635395,0.07687169430611399,0.04199215249712576,0.00573577599490196,0.028553600625015593,-0.3699024362973683
2021-05-14,0.40921581215701214,0.3109654818305527,0.25336436774293836,0.23391187058705637,0.16197203001896684,0.2147830857908523,0.09123867774152446,0.05768743186661459,0.018230106657170786,0.04230690318188869,-0.3669089089751234
2021-05-17,0.39568125747610555,0.2979005036531399,0.24011227802507126,0.22202436422635854,0.15177194477024888,0.206767298391185,0.08743831128929529,0.05474910951493942,0.01976938648049639,0.05175923332205851,-0.343922024154047
2021-05-18,0.3991182595230039,0.30369820517778473,0.24568415783805522,0.22722650160385935,0.1552700145722843,0.21082711424654937,0.09669965600273554,0.06412131514179886,0.02674471076673192,0.05751075177922851,-0.3416075077437753
2021-05-19,0.3968555078082895,0.3021656149401559,0.24268163931229722,0.22459701390308887,0.1560107769117285,0.20953050590193117,0.09573544387248849,0.062481874991501596,0.025640212944374824,0.06004875331821299,-0.3368067544900764
2021-05-20,0.39364565244451144,0.29910552839050697,0.2399835631005203,0.22142269633734996,0.15476021479697377,0.2082675236927737,0.09522634250090468,0.05770505597624923,0.022778455477447147,0.05219060791622058,-0.3414550445282908
2021-05-21,0.39797074635360535,0.30372475914997976,0.24216910965037775,0.22485374139226375,0.15640831429438454,0.20924998544346357,0.09348250376005977,0.056465400224242554,0.021785814037389162,0.05214952629440745,-0.3458212200591978
2021-05-24,0.40487152375507446,0.3116143913796824,0.24984503767214483,0.23137804403247508,0.16359295917032263,0.21838631176254628,0.09951887443512974,0.06097874243003312,0.026573600852373962,0.053814152144003036,-0.3510573716110713
2021-05-25,0.4084397804161073,0.31559154209834483,0.2552921914587141,0.2352521966682011,0.16921628638701863,0.2261146843338525,0.10770086237342864,0.07241738997155855,0.04085898208814646,0.07578896099516864,-0.33265081942093855
2021-05-26,0.4169515948975471,0.3257983875574224,0.2644752427541618,0.24455832392224502,0.17615974633941978,0.23483619199779293,0.11461131770841958,0.07888979463262963,0.042263008129729066,0.07925544393097189,-0.33769615096657507
2021-05-27,0.42409874774991807,0.3315580931374612,0.27122051682663223,0.25223685263911055,0.18417911595419045,0.24415701324278966,0.1233078046986577,0.08758019769292257,0.05466605168290433,0.08851072115255099,-0.335588026597367
2021-05-28,0.41870260445383667,0.32545483338823733,0.2645263945905801,0.24814003005574858,0.17998341507417653,0.23927056431471766,0.11974240205563721,0.08278850832828526,0.053713739223415706,0.0868735590593987,-0.33182904539443786
2021-05-31,0.4255226462188453,0.33372921641141484,0.2727743583772597,0.25849166872064056,0.1914066551525879,0.2549075982208872,0.134144544896404,0.09819825154548677,0.07200839794218009,0.10436767193532329,-0.32115497428352185
2021-06-01,0.43591778564038614,0.34416473898867955,0.28266992427004745,0.26910781943353906,0.20121033375284209,0.26150852259288593,0.14117715786228094,0.1039403816625772,0.0770792502659629,0.10773345039189966,-0.32818433524848634
2021-06-02,0.43752853144541126,0.34446690958258636,0.28250630377261376,0.26516910871267313,0.19577389418184188,0.2512163671908129,0.13402991489594454,0.0925689291519626,0.059395474254753416,0.09115358570550622,-0.3463749457399049
2021-06-03,0.4412542690390308,0.3476832053023352,0.28478945292327335,0.26622972082873375,0.19403109495536314,0.2505080566153916,0.13014565733239986,0.08751678650567506,0.055524956408316804,0.08583266151541775,-0.3554216075236129
2021-06-04,0.4382874253240968,0.3442680671100189,0.28242389104493937,0.26464630180107834,0.19224419903697332,0.24995736423661202,0.13203940336494857,0.0875590711761607,0.05885576483819512,0.09087512788186983,-0.3474122974422268
2021-06-07,0.4430254324384156,0.3505073491876107,0.28802032883814904,0.2726780177583549,0.20065725359733194,0.2594000634003008,0.1413124300073389,0.09527884235626535,0.06813048484402946,0.09621277295624177,-0.3468126594821736
2021-06-08,0.447688266963301,0.35436933743309634,0.2909527978272627,0.27237470409916037,0.20129111071928063,0.25763256614452473,0.13805810937069168,0.08839051672508881,0.06257926046922714,0.08309211928088532,-0.36459614768241544
2021-06-09,0.4514949559946476,0.35809639906369195,0.2936482339209829,0.27523395434818904,0.20280026259761033,0.2586048895808914,0.13848227846631128,0.08863265889125568,0.06326783871095738,0.08631582913731994,-0.36517912685732745
2021-06-10,0.45351089367749,0.3618307929283684,0.29885911843402413,0.2824977086940388,0.20825363178125678,0.2641601496325331,0.14541776465252118,0.09465912920369325,0.07120544645040064,0.0953123520334968,-0.35819854164399295
2021-06-11,0.45317044465276224,0.360424796658236,0.2937957943481274,0.2764693068679638,0.1995528130207284,0.25369048355648355,0.13617897769138737,0.0824881597323349,0.06068989435535736,0.08675291043662761,-0.3664175342161344
2021-06-15,0.4443388449767474,0.3528881703944229,0.28760241541455217,0.27058972037229256,0.19363644614520342,0.24607330967358407,0.12646065193724082,0.0717085314773455,0.051320694802792326,0.07533007564511558,-0.36900876933163157
2021-06-16,0.4405958743386652,0.3465493848003523,0.28144705626148214,0.26225775832229675,0.1831065246841087,0.23660340687063636,0.1131716378866899,0.05973350517137851,0.03731177754490535,0.0457672856345557,-0.39482858870410925
2021-06-17,0.4392754605623805,0.34617417883657975,0.285266852150697,0.26575783133520076,0.1891236651553414,0.24310211844998986,0.12166994603005382,0.07323195401034274,0.052104081558895184,0.06506245277074363,-0.3742130077916366
2021-06-18,0.4450063001336181,0.3520843527257595,0.29383852058813664,0.2731293475240782,0.19662895821369947,0.2542517916082938,0.12897484813792065,0.08197132520062882,0.06043279706909528,0.07882448156946624,-0.36618181856415155
2021-06-21,0.4514873707473809,0.3605818821245799,0.3026970571026796,0.286462302636173,0.20954485743733853,0.2675391069296341,0.14435661587247037,0.09424400008368247,0.0753904595248755,0.08995824923849327,-0.36152912150888733
2021-06-22,0.45966689524561744,0.3677390965762439,0.30859435538580016,0.2913069952321926,0.21562693944667247,0.27265126051339766,0.14835754859663766,0.09924973204595545,0.07791223327120811,0.09580386651209181,-0.36386302873352533
2021-06-23,0.4584207179884851,0.36734399925177963,0.31177034464992587,0.29294236158412146,0.22018645763582545,0.27355801496056875,0.15162112909257763,0.10187717964898439,0.08799402937703177,0.10490912396768137,-0.35351159402080345
2021-06-24,0.4603670243102618,0.3664633854320747,0.30834734910359923,0.29042875445398786,0.21711498084519995,0.2649559436314649,0.13962652888825516,0.08896432643975397,0.0756487243984438,0.09225222371247344,-0.36811480059778806
2021-06-25,0.4593281497140065,0.3655799368949332,0.3055252680601538,0.28904417719166714,0.21797763273609544,0.2654271705681926,0.1436960959932335,0.09561247180638782,0.08089827869885491,0.1039139300006513,-0.3554142197133549
2021-06-28,0.46173370383617157,0.3686592510532116,0.31021172792256874,0.29452505175076565,0.22441461267893184,0.2737773602082532,0.15175318998503265,0.1028079254874372,0.09035045034059419,0.11361495268003924,-0.34811875115613206
2021-06-29,0.4536647881438363,0.3590018684349981,0.30090811176640453,0.2858048481460579,0.21661392980231994,0.26513908030875777,0.14228074703484345,0.09343256240929433,0.0821776221404251,0.10458183652326272,-0.34908295162057335
2021-06-30,0.4567973162734989,0.36274498072099715,0.3068117050681956,0.2926300720892651,0.22433575460693603,0.27169886649484537,0.14996294495284862,0.10508242882529781,0.09170068870064883,0.1152585371339655,-0.3415387791395332
2021-07-01,0.4504811066517502,0.3549293622658694,0.2969786122297518,0.28116542787231213,0.21234151818739683,0.2577128594066799,0.13240287956024013,0.08557153974700066,0.07474969627651777,0.09720197439100733,-0.3532791322607426
2021-07-02,0.4482660639239993,0.35167407999481265,0.2918587407613396,0.27920654562945696,0.2088181620778211,0.2559121783569587,0.1239214261387335,0.07974686587492527,0.06691796103523723,0.08516193404007313,-0.36310412988392593
2021-07-05,0.4605641400725121,0.3606870823269876,0.3012752717344679,0.29117988193880934,0.22150362442027477,0.26824376977483505,0.13591727649332702,0.09574479970778546,0.07955997278193973,0.10310590256194618,-0.3574582375105657
2021-07-06,0.4627055454362421,0.3623326101076166,0.30492600843542833,0.2930642318896133,0.22168393504984168,0.2663879461263024,0.1324491346518497,0.09433133417659022,0.07613596435143066,0.10223967513051752,-0.36046587030572436
2021-07-07,0.46497662938160017,0.36553161332501766,0.3097171807889451,0.2989545500422334,0.22778192117804086,0.274281296991832,0.13999076312335607,0.10469587588271465,0.09085989551506617,0.12107646671893063,-0.3439001626626693
2021-07-08,0.457632024907653,0.3561103821675067,0.3012792935187488,0.2907307276436805,0.22106199060487422,0.2700213555939678,0.13633910496379534,0.10204209009891496,0.0895407522502437,0.12262654078644786,-0.3350054841212049
2021-07-09,0.463737643719536,0.36422121538701324,0.3086603265469778,0.2968069865915839,0.2270182222915056,0.2741221109057075,0.14237220371220285,0.10467825721865102,0.09623322660495366,0.12849567895150996,-0.33524196476802587
2021-07-12,0.47127260945276955,0.37119939676956143,0.3190602356268913,0.3077022461995857,0.24072952277224177,0.2865932802516189,0.15920105215650346,0.11886075070054675,0.11176216159903363,0.1489158658560658,-0.3223567435967036
2021-07-13,0.47423599114523063,0.37621627863332624,0.3240614209715069,0.31471614117062713,0.2460980994537451,0.29329812923688964,0.16455122110763604,0.12632470666647538,0.11672728059601994,0.15133743806341796,-0.32289855308181253
2021-07-14,0.46905703664770276,0.3698470434211366,0.3179264066273245,0.30777673941659706,0.2403967354029751,0.2865167692711646,0.1560424388686325,0.11718788201918193,0.10550063892276887,0.1391454436600793,-0.3299115929876233
2021-07-15,0.45799806224997225,0.35852819917465495,0.3056589722641814,0.2953255468504447,0.22934481339311014,0.2788276480338827,0.14935909776737585,0.11138931481939399,0.10740587710610319,0.14896069974186305,-0.309037362508109
2021-07-16,0.45604057735879244,0.3562968370211675,0.30434642794367067,0.29343696091106264,0.22771018381958674,0.27585500544797625,0.14797578384050472,0.11223756696696587,0.10834755761178819,0.14514732609467018,-0.31089325126412204
2021-07-19,0.45321646664021226,0.35416239415838585,0.3054208888747337,0.29094873509204133,0.22801107059786868,0.2775487965723135,0.14862174402830025,0.1144741805478015,0.10269814406843332,0.14059553716283418,-0.31262092947737785
2021-07-20,0.4534586164282444,0.3540594907080889,0.3073238898879553,0.29195939540148635,0.23068636855361963,0.28052624295913964,0.15084947660393452,0.11807972671765032,0.10862050766254273,0.1480445463033822,-0.30541407012486194
2021-07-21,0.4607012631575504,0.3631042538538561,0.3158792890496104,0.30178689583513696,0.2409906999035772,0.2920652794637212,0.16257621111170675,0.1327439326289318,0.12408451199182413,0.17253455171034723,-0.2881667114472029
2021-07-22,0.463556321114207,0.36796195059468223,0.3187554730055444,0.3057295285109628,0.24563663682012668,0.2964448327647178,0.16834834260899667,0.13817783761496397,0.13011436585953726,0.18158061840917197,-0.2819757027050348
2021-07-23,0.45335080825822666,0.3563062791660928,0.30622768264013656,0.2925340744433317,0.23529698535455662,0.28211712355792296,0.15732072724064827,0.12752704443570514,0.12411025495411895,0.16883894998412824,-0.2845118582740982
2021-07-26,0.438772467557682,0.34413842567407743,0.2938812370193876,0.27741477115729346,0.22285247767774338,0.2657955628932502,0.14239715302530778,0.10970951031952111,0.10791185335143681,0.15105320777525943,-0.28771925978242235
2021-07-27,0.42996697687307306,0.33221914180933954,0.2793292624499495,0.26270546130824013,0.20892972981223862,0.24801505790337933,0.11902688488875748,0.08582599053311106,0.0783778988965879,0.11637612934890064,-0.31359084752417216
2021-07-28,0.4073454494048949,0.3098205727639965,0.25628971926864175,0.23909176865870674,0.18074811590036674,0.22331738587387712,0.09099702762343893,0.060756352731831824,0.05910621060420207,0.10130046956216165,-0.306044979842733
2021-07-29,0.4167133410622887,0.32331646884909904,0.27378364517699516,0.25633547544484286,0.2050104661756784,0.2504578915356455,0.12173937282368527,0.09519679382906258,0.0977474915869034,0.14534800757536415,-0.27136533348692427
2021-07-30,0.42259412075028685,0.33182292783998363,0.28422730300609794,0.2681961303237527,0.217696771110377,0.26361680214111916,0.1306392717458067,0.10413546947900354,0.1043565683788835,0.14694588451958707,-0.2756482362306995
2021-08-02,0.43908814165178417,0.34899563086867225,0.3045033644392228,0.28771394263530314,0.24404083638986554,0.2836106620273409,0.1497111863801142,0.12411253443278135,0.12295486104143276,0.16470614592392915,-0.2743819957278547
2021-08-03,0.44500996355975436,0.35507176831028464,0.3107534501919768,0.2917213064086533,0.24912368773242194,0.28278043289035876,0.14580864219554485,0.11726481649198742,0.10612137545194408,0.13656154538526427,-0.30844841817448976
2021-08-04,0.44674335417827865,0.35674537604026746,0.31481079390052175,0.29711108832705707,0.25659188630127283,0.2953606448208337,0.158484381081935,0.1328596439473143,0.12836561758855028,0.16772134126686697,-0.2790220129114114
2021-08-05,0.4432685754754152,0.3520595961895171,0.30998427828150166,0.2909051202401978,0.25035431402578295,0.28626677246868754,0.1486915021692483,0.12474332625366194,0.11910899163041526,0.1588826738252312,-0.2843859016501837
2021-08-06,0.43942012430954447,0.34903931174751773,0.30905758711398057,0.2866306754172549,0.24713214420418292,0.28545133845228643,0.15202660765392784,0.12382875782714431,0.12482013522072323,0.1673624676299598,-0.27205765667958437
2021-08-09,0.4558373723212791,0.36598603579346894,0.32312843774109407,0.30313673113476186,0.25966144577571876,0.2974645337412996,0.16234119266271196,0.13306874371136926,0.1332738230131509,0.16655413815187486,-0.2892832341694039
2021-08-10,0.4643758586444936,0.3742770176287367,0.33430041551805617,0.3170422186984085,0.27134007884144484,0.30651393453091874,0.17591637742107258,0.14188306230948963,0.14419247891884107,0.16897632131092669,-0.2953995373335666
2021-08-11,0.4684756212726383,0.37887874249211123,0.3371286913453549,0.32223553740352007,0.27683563271258044,0.3109446342116498,0.18531738352320745,0.15188875021730788,0.1544089750428938,0.17624339004857056,-0.29223223122406744
2021-08-12,0.46940468806433705,0.3811631830481827,0.3389483667647257,0.3246327796823306,0.2797569537467495,0.3139512709536407,0.18716227583582049,0.15763852477564982,0.15661303393040812,0.1797927204913844,-0.2896119675729524
2021-08-13,0.46875705754028824,0.38108166437415925,0.33864747192750266,0.32647944871796264,0.28040038888548346,0.31369421181767937,0.18810509768339106,0.1603333405287634,0.1542527062135149,0.1733826790446188,-0.29537437849566917
2021-08-16,0.4752582849654292,0.38689867917612214,0.3457077189164861,0.3319011422414815,0.2846613382565349,0.313688887252889,0.18733411331805347,0.1598900629937901,0.14831520839085865,0.15848485104551588,-0.31677343391991303
2021-08-17,0.4577679773828669,0.36709406688718155,0.3235716707681657,0.3086353704477006,0.2596622354669724,0.2892500253106953,0.15963145587228203,0.13292683775254763,0.11569589197531638,0.13018449408852045,-0.3275834832943461
2021-08-18,0.46894206324205867,0.37718809983014345,0.3329925459679948,0.3169558849243288,0.2680960572978073,0.297993031277533,0.1693456864438401,0.1404010001824626,0.12103315934603125,0.13846333031837985,-0.3304787329236785
2021-08-19,0.4655700724696775,0.3740623637770386,0.330162873325359,0.31091503746828136,0.2624721555884156,0.29352932005359755,0.16690958482879026,0.13731816086185464,0.12172238436681217,0.14556007662296538,-0.32000999584671186
2021-08-20,0.45962884384019936,0.36709853605358816,0.3231444425861757,0.30540420332288365,0.25813616139464196,0.2869462652703863,0.15711282926935943,0.13316270199585284,0.11594346407966014,0.1415332901799414,-0.3180955536602577
2021-08-23,0.48021923306562175,0.3905345878895078,0.3469468121480786,0.33058908330368864,0.286217933605779,0.31374778663092934,0.1859346660322791,0.1572290684304487,0.14251972877136249,0.1663201751669059,-0.3138990578987156
2021-08-24,0.48553188890619847,0.39603437218580795,0.3519236946294381,0.33643809601448793,0.2909822783308818,0.3162215738140786,0.19007858783448947,0.16170419917099058,0.14718958987950614,0.1771747812056507,-0.3083571077005475
2021-08-25,0.4953820038636578,0.4049787598434066,0.36035638662469327,0.3446799546783624,0.30070730534188983,0.3217884189619632,0.19667309520912896,0.16476099071888473,0.15439247384963498,0.18503243916053777,-0.31034956470311975
2021-08-26,0.4958330738832074,0.4033812152239885,0.35481329487977986,0.3391069307575131,0.2931927251144706,0.31327580485997975,0.188911669786016,0.15517100254343166,0.145252628662904,0.17087560544047709,-0.32495746844273005
2021-08-27,0.49112283718684596,0.3992499536316989,0.3488897413642514,0.33397863027697483,0.2905878366613787,0.3054002545690287,0.18450999049066016,0.15217022334704206,0.14798008911684218,0.17911915810093582,-0.31200367908590987
2021-08-30,0.48584054428877343,0.3949515826082125,0.34807538144215755,0.33287038152083825,0.286541490580888,0.3074984384569293,0.1849689912093992,0.15520978585803197,0.15208544421446443,0.18826028472504439,-0.29758025956372874
2021-08-31,0.49232277299067806,0.3970785199236182,0.3465866600945517,0.3358632914767284,0.28347662918035904,0.30430901458405507,0.17618114608327978,0.15155120474081474,0.146694973603787,0.18794890558134889,-0.30437386740932887
2021-09-01,0.49967996365031475,0.40495019988182995,0.35037979152736504,0.3385634581725471,0.28251054045409696,0.2984912279145098,0.1690819132816425,0.1453215677905453,0.13044661401728005,0.1639918047847466,-0.33568815886556785
2021-09-02,0.5022257655049194,0.40985174280511844,0.35446915683501845,0.3455565968511639,0.29103061462251434,0.31023459890231764,0.18191945359933037,0.16057379809230818,0.14826746174586103,0.18186308800308687,-0.3203626775018322
2021-09-03,0.5095117406827337,0.4189787041590173,0.36310536488147327,0.3533140815979806,0.29508955467699366,0.31473655043023985,0.18151976011615026,0.1607874607834134,0.13786331981704833,0.16283464129028719,-0.34667709939244634
2021-09-06,0.5177911483944294,0.42909528463497165,0.3749319479319888,0.36657986466464654,0.3075348793719189,0.32814743874733154,0.19487765020012426,0.1754391331287127,0.14836567588614308,0.17334899109620747,-0.3444421572982217
2021-09-07,0.5264233864387406,0.43763245510200227,0.383067440784853,0.3722485155549631,0.3171077796930558,0.3373049994246248,0.2036339281179789,0.18833118301438803,0.16773289815655476,0.19663412937261615,-0.3297892570661242
2021-09-08,0.5403154642231385,0.45108910584732803,0.3952150156823861,0.38436144637050346,0.32528554063069876,0.34410239375026236,0.2101055584152049,0.1903250483187276,0.16907643172834674,0.19404156784332283,-0.34627389637981537
2021-09-09,0.5431804842905888,0.4527710770002468,0.39264545189183486,0.3809843534314633,0.32422305918447175,0.3438841094473682,0.20740590416842625,0.18874809953231966,0.16877231345041127,0.19967883458319155,-0.343501649707397
2021-09-10,0.5346277672945448,0.44449345571249843,0.3837189283105558,0.3738287626894634,0.31793881293001713,0.33831396242898615,0.19937352937264774,0.1817495717850926,0.16790731168649514,0.20921166654290824,-0.3254161007516362
2021-09-13,0.5447840699521098,0.45201004568542663,0.3888275395777979,0.3758426165961936,0.32117357121461976,0.34074170331483433,0.20268311640752498,0.18306788674263982,0.17153971177487168,0.2132706357031247,-0.33151343424898483
2021-09-14,0.5316864788827219,0.4382257744229018,0.37465079214729574,0.3640734375561482,0.3066109072888876,0.3274690328923306,0.19287729276603702,0.17614216777578,0.16588364773225675,0.20709909778608596,-0.32458738109663565
2021-09-15,0.5366324175413678,0.4432991268498373,0.3789984971891605,0.3670189561040458,0.3119302520957582,0.3365132599020693,0.20065782887903957,0.183373462971435,0.17389003401603753,0.2154106237854676,-0.3212217937558999
2021-09-16,0.5312377659263695,0.43500297451424375,0.37046736475784503,0.3569416890674729,0.2997427340631769,0.32248007398373646,0.18530992142607924,0.16344397238077069,0.14963778283430443,0.18482915676319595,-0.3464086091631732
2021-09-17,0.5255037893686031,0.4288769378487977,0.3655599893873243,0.3528006788483236,0.2982515234824729,0.3225675695963267,0.18338541402312705,0.16145624250925872,0.15091192148265942,0.18119662278981963,-0.3443071665787831
2021-09-22,0.5258619748978436,0.4290760877120503,0.3657468546036898,0.35377278817523644,0.2998409716432415,0.32607179954600773,0.18585029153510343,0.1681185463080358,0.15829603268795062,0.18987873047256668,-0.3359832444252765
2021-09-23,0.5388813398304277,0.43953835005949704,0.3779253429317348,0.36539262925408206,0.3092790428955564,0.33421005652814845,0.1922033804655867,0.1701775565920032,0.1597049419014056,0.1863332734913148,-0.3525480663391125
2021-09-24,0.5221250332427082,0.4252684849941372,0.36318182282052314,0.3503978036727037,0.2926935406946985,0.31796822499582517,0.1755342476395298,0.1534838212929579,0.14150109731627875,0.16544896012523902,-0.3566760731174688
2021-09-27,0.49713356965909644,0.3992270344233259,0.33827724166273554,0.3255277587134142,0.2684183028561375,0.2953507333655218,0.15063238350387964,0.12403113665295727,0.11364870503501621,0.12824754841144625,-0.3688860212476498
2021-09-28,0.4990388841209653,0.4019916400818051,0.340290411869677,0.32979991925162955,0.2712358552704883,0.2971923777048911,0.15482308275462114,0.13341687675383251,0.12213840430213771,0.13236542745966381,-0.36667345666130113
2021-09-29,0.4789502372361399,0.37952222868179003,0.3153153740377912,0.3032199459102431,0.24296741230843466,0.2659541884328827,0.12187485414198823,0.09942322420757688,0.08802265849104883,0.09508550201582325,-0.3838647352203163
2021-09-30,0.4952367368101491,0.39688748948654773,0.3350625206882806,0.3222478545106504,0.26423674627693405,0.28728797460280053,0.14514877377159247,0.12234243753330469,0.11438033751285637,0.12202766246957145,-0.3732090743405773
2021-10-08,0.5180574747275928,0.4231005815157508,0.3597076992819038,0.344658751484504,0.2835348767290952,0.3056671067207676,0.15913093868739947,0.13185891122143906,0.11491110739796298,0.11117462194912489,-0.40688285277846753
2021-10-11,0.52088550834028,0.42381002937892515,0.3617434627103793,0.34514708183667747,0.2829351114309258,0.30358155244930535,0.15474541315151108,0.12257635380086294,0.106030307042491,0.10456226319051475,-0.4163232451497649
2021-10-12,0.5115368244612026,0.4140975385640681,0.3487675357183371,0.33284620013805777,0.2692997404182174,0.2875632286726145,0.13386339768214597,0.10191044513622641,0.08107527057985896,0.07880519174759625,-0.432731632713606
2021-10-13,0.5172467005586282,0.4187114617371067,0.35458764022202033,0.33666809181209667,0.2732220901293552,0.2905405199658209,0.13668255080339503,0.10547444552664045,0.08178650620355322,0.084475406263797,-0.43277129429483085
2021-10-14,0.51938380627611,0.4239285234785975,0.3594641179226604,0.3448368888900608,0.2763856156546558,0.29937732308782905,0.14364342934568797,0.11345150755050534,0.09162372782732747,0.09089589360796259,-0.42848791266814706
2021-10-15,0.5086349050752168,0.41359831411625303,0.34944142907051434,0.334844199689944,0.26551412372259336,0.29103416168877266,0.1334656445309572,0.10795537195279403,0.09038556459515949,0.09559614970611034,-0.41303875536910606
2021-10-18,0.5090361259346873,0.4167270613723897,0.3535997366403128,0.3397288246709278,0.27150431230474226,0.29546300226847166,0.13919253083286137,0.11817789529008288,0.10426378426614409,0.11363472553264717,-0.39540140040203964
2021-10-19,0.507927526464684,0.41580820998200946,0.35539945583067345,0.3424131074738434,0.27290132166739617,0.3006646032789177,0.145925907454588,0.12778633798596484,0.11500449286438341,0.12312672414344142,-0.38480080232124214
2021-10-20,0.502517848228865,0.409826347892024,0.3494463834558992,0.33930627297023164,0.26874366463011573,0.3017351630409224,0.14369623297221154,0.12663919606671983,0.11723404036649794,0.12785886631288143,-0.3746589819159831
2021-10-21,0.49316961663749137,0.4002140385163303,0.34119746807879525,0.3323181117099171,0.26181524013059326,0.293584087864317,0.13876630039084434,0.122900942399118,0.11662499104341052,0.13108378079115246,-0.3620858358463384
2021-10-22,0.4883875743384552,0.39436223424747036,0.33603072910481635,0.3249497309517855,0.25403088664254764,0.28416519413703,0.12826822677793992,0.11098849388857737,0.10301121402197051,0.1173740157955532,-0.3710135585429015
2021-10-25,0.4851762214462095,0.3930508984219273,0.33829784018034814,0.3263990598471246,0.2580321416356191,0.2913863974866904,0.13739566832849492,0.12454502660072676,0.11859802477129931,0.1393825693228973,-0.3457936521233117
2021-10-26,0.4811607565072657,0.3894351692203475,0.3334820451641862,0.32214109027295945,0.2530060755765988,0.2871435657299531,0.13408239589019164,0.12012500154594756,0.11547310450282162,0.13610224844130592,-0.34505850806595934
2021-10-27,0.4578087999173965,0.365658424317411,0.31248659188867745,0.30075068606625854,0.23328827203698982,0.26688588564567717,0.11797230442972853,0.10423983040137016,0.10512885385511428,0.13585194060335082,-0.3219568593140452
2021-10-28,0.4430534212029007,0.34938884050831714,0.29915375047088266,0.28465612124268536,0.22003189505967152,0.24855285234787397,0.09552175472357385,0.08370144933166056,0.08181254674380058,0.11066435229093942,-0.3323890689119608
2021-10-29,0.4609236842422275,0.36889856198545623,0.3151482482818427,0.2985595973762065,0.2374483139517541,0.26428755426543427,0.11136626488285487,0.10200616243754967,0.09372307256189102,0.1242291264372391,-0.33669455780498797
2021-11-01,0.46963330730115826,0.38083761041013625,0.3285281727545999,0.31182962920648144,0.254282286023105,0.2806461953172643,0.12917514188124235,0.11873553318348501,0.10711602810570404,0.12556133095543404,-0.3440719763457238
2021-11-02,0.45682300251299607,0.3682171252970606,0.3181813150947611,0.30037761470751323,0.24497166456959504,0.2681859034341531,0.11645562361547886,0.10720652373421853,0.09465977054012392,0.10579047211122401,-0.3510325304017716
2021-11-03,0.4652306063182164,0.3771679056709812,0.32875305399597843,0.30820940499216676,0.2522822542482265,0.274976076387233,0.12485464172696037,0.11377365068001334,0.09887329554532816,0.10611327652098573,-0.3591173297972302
2021-11-04,0.4748780567974151,0.38891951807666736,0.34173065054403007,0.3223606672010668,0.2662741768585032,0.2928161514878898,0.14183896727941747,0.1306755055335092,0.11176479852859836,0.11892060001675,-0.35595745678066465
2021-11-05,0.4794869431841776,0.39339015854035536,0.344963712421754,0.32161682973930134,0.2650012137819877,0.2899235752977283,0.13788735942582597,0.11726216842941324,0.09564001746961938,0.0959890761871032,-0.383497866997074
2021-11-08,0.48616635963021754,0.40005662541798614,0.3505391890489145,0.32697918039649626,0.2712022877033067,0.2931845501306741,0.14214448902636917,0.12239501167840565,0.0963310801392276,0.10497856512427954,-0.38118779450593754
2021-11-09,0.496043514563547,0.4098291155313162,0.3626119377256002,0.33759741932084014,0.28355996562416874,0.30480498651129095,0.15276577509161424,0.1358625433483913,0.10532644181501362,0.1128978441689797,-0.3831456703945669
2021-11-10,0.504883786420792,0.42005696302572976,0.3716141285285398,0.34556499838553184,0.293538713317348,0.31277341554256877,0.1592387940635694,0.1384130258998325,0.10585770531785618,0.10633688614532225,-0.3985469002754693
2021-11-11,0.515537227307917,0.43199673169602343,0.3828288866877105,0.3555618117751275,0.30480642255951707,0.3230006151845282,0.1692582857706497,0.14791557649842213,0.1152925809009144,0.11337777575906104,-0.40215945154885546
2021-11-12,0.5207952696714834,0.4401414836673072,0.3930893085646455,0.366045740316192,0.31616391123097964,0.3363857228096049,0.18132588627023252,0.1605384293348083,0.12639352889237196,0.11924763158510335,-0.40154763808637955
2021-11-15,0.5369914210300597,0.45809223184312475,0.41159687616374513,0.3818953271204863,0.33087785573399975,0.3499077858699129,0.19218005005443223,0.16439183321795914,0.12404208350729498,0.10143484984330246,-0.4355565711867568
2021-11-16,0.5312594586204464,0.45031778612156537,0.4049705381094735,0.37428460962375554,0.3242219875081905,0.33960706203119584,0.18256747081325753,0.15351894725244142,0.11687226881297033,0.08738374735367242,-0.44387571126677355
2021-11-17,0.5431307382111984,0.46328274112282214,0.4172055991803153,0.39089186156823574,0.337392311026178,0.3537681722581631,0.1944533747501852,0.17035134513251482,0.13248682495462874,0.10597591250697366,-0.4371548257042242
2021-11-18,0.5338726051250428,0.4528631018065869,0.40663587947097324,0.38168363422954626,0.3291911410125562,0.34603067808862037,0.18645346740215726,0.1649388071877232,0.12706550276632647,0.1037667134393035,-0.4301058916857387
2021-11-19,0.546345540150147,0.4655827323820778,0.41944406749818397,0.39348288130552944,0.33931657613997596,0.35726752827184755,0.19901925481582955,0.17801089747125654,0.138492894122822,0.11695252362393477,-0.4293930165262117
2021-11-22,0.5460497880924656,0.46640902271730766,0.4236038281491253,0.4007701719624092,0.345363789927104,0.3661138654375753,0.21147569873068872,0.19090232300939086,0.1538122175398475,0.13873023089823236,-0.4073195571942327
2021-11-23,0.5510075261066307,0.47256333416193264,0.4290573964743668,0.4040426496013351,0.35009826855742116,0.372214766200512,0.21555072221718952,0.19482906890417248,0.1526345128781564,0.13607478120291489,-0.4149327449037153
2021-11-24,0.5573014145940821,0.4784463832805606,0.4362308467040448,0.4103042683092806,0.35759963134150535,0.3779466516406995,0.22063836999614095,0.19679097095709314,0.1536603213355245,0.13157985285448046,-0.42572156173960113
2021-11-25,0.5619228359910915,0.48194539244660173,0.4393335582342788,0.4131282457511896,0.3571091162427,0.3789614487205685,0.2198252115801806,0.1969757896943115,0.14991956663344427,0.12462917988194558,-0.43729365610914533
2021-11-26,0.5563337371709894,0.47563975933440317,0.43362565096279293,0.4100118545517934,0.35482469868166683,0.37614359759619864,0.21930447062391498,0.19836824398538538,0.14833824901987488,0.12473023525201796,-0.4316035019189709
2021-11-29,0.5475603260459043,0.46893837146000106,0.42825649833443735,0.40620806048335706,0.35084423198718495,0.37376539350207527,0.22383121632094727,0.20446552204853335,0.1526638107299318,0.13410021095806948,-0.4134601150878343
2021-11-30,0.5624473675845512,0.4832163118004479,0.4388961741321813,0.4149135513630691,0.35969627723248865,0.38061365462964886,0.22991287342390582,0.20789633891631845,0.1525521805850211,0.13468631182579,-0.42776105575876067
2021-12-01,0.5789644818373719,0.5005200245570475,0.45360265818476586,0.42917169193087035,0.3716656890277553,0.38999535720809525,0.23858546080868379,0.21092460608517827,0.15231857001816665,0.1342778287301558,-0.44468665310721567
2021-12-02,0.5730238155104319,0.4913183643863564,0.44323815368593816,0.4174787270343635,0.36054986558064445,0.37148099159641895,0.22383201938029937,0.19403137845434465,0.1353529967802227,0.12260442494036357,-0.45041939057006786
2021-12-03,0.5764168227806804,0.4955922888796197,0.4458628767891292,0.4199157064277801,0.36404084204061277,0.3758586987311017,0.2262065735026511,0.1982577336213919,0.1409819272322476,0.1323450773375965,-0.44407174544308337
2021-12-06,0.5590794555823198,0.47877873472648014,0.4306440547190413,0.4010219112319637,0.3463651165984838,0.3585994165954901,0.20989834306860788,0.1850192995574078,0.12529168272164792,0.12246076540528777,-0.4366186901770315
2021-12-07,0.5592447120931934,0.4783750436609664,0.4277561696715469,0.39520654028820223,0.33906832706926626,0.34984317269803394,0.19980690616895988,0.17186908959140806,0.11170858092810387,0.10937832932358926,-0.4498663827696036
2021-12-08,0.5633668629586114,0.482909821393933,0.4348301631169523,0.406572478239699,0.35152597434905264,0.36499923003350015,0.21667088845980054,0.188650871181395,0.1318223597722961,0.12995218457259125,-0.43341467838601966
2021-12-09,0.5727208963659691,0.492100749076227,0.44328737418006886,0.4131100194443748,0.3583954790931081,0.37178085664188093,0.21969986174784215,0.19078612034196554,0.13346876015636672,0.13059026132152157,-0.44213063504444705
2021-12-10,0.5791491478291133,0.4963253589448351,0.448013961960187,0.4190682888424838,0.3608423319254739,0.37369361641499266,0.2208278406444777,0.19153380353893595,0.13460906145435314,0.13393829853855355,-0.44521084929055926
2021-12-13,0.5827065740930892,0.49748547281695826,0.44991386494462937,0.4223673631657113,0.3656938756218267,0.3742112453384181,0.2242578914118485,0.19659147087413606,0.14396606746195462,0.1445426154157517,-0.438163958677337
2021-12-14,0.5920372258221185,0.5067234834703336,0.4566981315395139,0.43044604333777037,0.3738169823546652,0.3800371555015412,0.22847533506703743,0.19814409313894712,0.14581076641983098,0.1400642785703959,-0.45197294725172205
2021-12-15,0.6002394320323728,0.5115064395181784,0.46132261184735135,0.432971798253151,0.3744818183201896,0.37995861482493964,0.2266536895903382,0.19803853690075063,0.14393721253498237,0.1359982800920703,-0.46424115194030197
2021-12-16,0.6098006519579029,0.521080102288249,0.4701796985569862,0.44271542468503083,0.3835033344591763,0.38675831147325906,0.23584931467259893,0.20734898023077206,0.15220272682492775,0.14213370240292916,-0.4676669495549732
2021-12-17,0.6104161925063096,0.5184432295177992,0.4636928555502445,0.4360142382512,0.37653722750328333,0.37670673562065243,0.22643272868086595,0.19567080100194356,0.1362736277056393,0.12427116211577055,-0.48614503039053847
2021-12-20,0.6137233613227243,0.5176784858205995,0.4600400286879642,0.43133031360951324,0.3643778729965068,0.36577431839700525,0.21272956540628546,0.1796437794399947,0.11283943992324708,0.09873861439616262,-0.514984746926561
2021-12-21,0.6377238182244095,0.5386449715587406,0.4798909580993102,0.4472415888806148,0.38125022003183945,0.37916730955994,0.22578267822823592,0.18900072792310976,0.12442149507594032,0.10740627989695901,-0.5303175383274498
2021-12-22,0.6394859167655538,0.5400188978388023,0.4834102377009709,0.45057672692349565,0.3867196264806574,0.3843771322669221,0.23482237030803654,0.19567379195781173,0.13131962907422315,0.11116430382650268,-0.5283216129390504
2021-12-23,0.6266784978139579,0.526634987126143,0.47210397185406144,0.44207128209702296,0.3791864767106067,0.3787406258046496,0.2357467032938186,0.1959774061494304,0.13555224321511694,0.11620911675941549,-0.5104693810545418
2021-12-24,0.6163414314620644,0.5123752040568187,0.4587718979736633,0.4252851603669189,0.3622901053635844,0.3621480961851446,0.2188223635686899,0.17588471268192526,0.11494586523559008,0.09527823513208787,-0.5210631963299759
2021-12-27,0.6283851916360402,0.5236601172120801,0.46744284947363907,0.4328873399612353,0.3672057268511053,0.3674457485871363,0.22274448920509018,0.17728038670337948,0.11337746834957195,0.0930856053927377,-0.5352995862433019
2021-12-28,0.636292161976416,0.5304840494328616,0.47373045379803264,0.4389724477300814,0.3758938025918062,0.37412321202699395,0.22557344575592317,0.18306688907392224,0.11930080606596855,0.10256024102159536,-0.53373192095482
2021-12-29,0.6398712131653108,0.5333425651456987,0.47466755196728067,0.43927112047027145,0.376518285609224,0.3721841091669211,0.22327999464375428,0.1806939956563804,0.11566732632237335,0.09269638042452066,-0.5471748327407896
2021-12-30,0.6502690258404994,0.5428403999183873,0.48335832359564823,0.4481046046218335,0.3855794536018628,0.38268039907496426,0.2343072016707718,0.18987662147695475,0.1263759851839069,0.10033289638689692,-0.5499361294536019
2021-12-31,0.6564040179034921,0.5500844974727065,0.48983475707769636,0.4545791871971081,0.39036916735386457,0.38971968257557116,0.23830349046335494,0.19614409133972766,0.1310578162132287,0.1059756014961492,-0.5504284164073424
2022-01-04,0.677129228366761,0.5696244351490497,0.5103626359277813,0.47191255419233014,0.40499773806423667,0.3987926060187391,0.24563865323823206,0.20275586255305866,0.13048591429960082,0.09609863060420942,-0.5810305977625511
2022-01-05,0.670066964783185,0.5630064796472163,0.4990839167362981,0.4600606392294555,0.39092726209937045,0.3802508182470373,0.22767140024201013,0.18197683875780638,0.106888709253603,0.07574443734023555,-0.5943225274429489
2022-01-06,0.6802703206648544,0.5742559232811196,0.5107644197212444,0.47029619879077295,0.4049915376158893,0.38925403722523105,0.23644446477371203,0.19075328442067524,0.11043372050701002,0.07837625229587553,-0.6018940683689784
2022-01-07,0.6665719883419765,0.5606115771624807,0.4970167640638101,0.452266216033812,0.38836582651559115,0.3725483016254274,0.2171300827423406,0.17553770650824915,0.09093718806966923,0.0598956076790687,-0.6066763806629074
2022-01-10,0.6822782782627339,0.5723013725799285,0.5094070881311865,0.46352267923550056,0.3986072975853485,0.3792878020247508,0.2262857601363559,0.18063367843043182,0.09544565429824681,0.06301934555354201,-0.6192589327091914
2022-01-11,0.6854105786317937,0.5715774512623271,0.508241754447973,0.46192721018883376,0.3947664757418647,0.3777770307090351,0.21896798827571604,0.16971200812698808,0.08324831247433524,0.04925599225430794,-0.6361545863774852
2022-01-12,0.7003410681366424,0.5853731837097709,0.5202762080723183,0.47367977045525933,0.40714375018328447,0.3911055524749583,0.23322499344060926,0.1840074428415201,0.09809037603895915,0.06665741867847905,-0.6336836494581629
2022-01-13,0.6993962939868709,0.5817551451434954,0.516105039036417,0.46508723522860046,0.3989728825342244,0.3813344828055834,0.22096834608591148,0.16844423176983828,0.08091299239669338,0.047813314747505234,-0.6515829792393651
2022-01-14,0.6871726884530434,0.5710534275453,0.5034412017089677,0.4587047864560082,0.3919450061438662,0.37722757912046817,0.21917933961152436,0.17216419356369114,0.08199610737885892,0.05231263532088193,-0.634860053132161
2022-01-17,0.7054512609542217,0.5896410679885696,0.5196181864368914,0.4722131539037848,0.40730415510771656,0.3920051082578346,0.23571003699203164,0.1892277465359516,0.0985162621449587,0.06696557344014578,-0.6384856875140755
2022-01-18,0.6865469676015102,0.5710565629920975,0.5017417267359605,0.45818598716460895,0.39384349986284584,0.3790137044573754,0.22379094667095664,0.17878062146029636,0.08588509386442772,0.06424500272936398,-0.6223019648721458
2022-01-19,0.7004512002299126,0.5813380814943331,0.5086883476455258,0.4622655231010092,0.3945563197676337,0.37923742222464857,0.22321927216673199,0.17302743622426114,0.07834137307772392,0.05249693388966154,-0.6479542663402506
2022-01-20,0.6712607634732641,0.5528137103578414,0.4782275701292419,0.434319645530237,0.36860493330124416,0.35341639283707327,0.19718475659554469,0.15040648861659742,0.059559443381332275,0.041688352192469684,-0.629572411280794
2022-01-21,0.6668366968897196,0.5465340610721378,0.47225025444420926,0.4273633588496953,0.357782271718857,0.3410658665809267,0.181903180538774,0.13461240635844157,0.041762605145707093,0.020117630643347623,-0.6467190662463714
2022-01-24,0.6570701316563655,0.5380629240139255,0.46637677976668823,0.42220749182046446,0.3549428356466707,0.33916618511629804,0.18236751410968127,0.1346507685657985,0.04438129269572936,0.02917245432009019,-0.6278976773362748
2022-01-25,0.6175585169719827,0.4971722358342115,0.4240893321195778,0.3830344350690512,0.3130303540537689,0.2986014511066684,0.1399898495325461,0.09045924932715854,0.0034646187881223547,-0.010450639154997048,-0.6280091561269792
2022-01-26,0.6288453547232267,0.5078404214388496,0.432072506044781,0.3912960517429491,0.3220201987823886,0.30538390900601736,0.14628908851585393,0.09733166757924654,0.006369572579049287,-0.0062022237439794395,-0.6350475784672055
2022-01-27,0.5978968302789057,0.47625838323080294,0.39986116410958333,0.36009757889312494,0.2891497068650707,0.27248157774001536,0.11130033794395615,0.06506159251972345,-0.02726831215067912,-0.03612583885546475,-0.6340226691343699
2022-01-28,0.6195909444803512,0.49833743266697955,0.4196325876048953,0.3794986155736675,0.3062042443072582,0.28829089541171327,0.12212451776751096,0.07249945212945566,-0.023220962209063237,-0.045455554418108494,-0.6650464988984591
2022-02-07,0.6354204798497246,0.5132088754784924,0.4347985567208877,0.3933759840673063,0.32145200615058234,0.30466444574279405,0.13799726399655143,0.08738881730440348,-0.013351992882288841,-0.03269362437735317,-0.6681141042270772
2022-02-08,0.6546350440183536,0.5317098954387375,0.4510785521991669,0.4078079413984229,0.3373145088547983,0.3193819111624233,0.15076295178799082,0.09866388238538382,-0.004852537219276027,-0.02871460545525546,-0.6833496494736084
2022-02-09,0.6614122824835379,0.5414576116192269,0.4624647634861952,0.4189808706376637,0.34936809520756945,0.3325370431913736,0.1669432591455477,0.11491810582397587,0.016440621431304737,-0.0036415378918467634,-0.6650538203753841
2022-02-10,0.6580337969103202,0.5373649826581195,0.4583387920184756,0.41579966908109955,0.345236585472724,0.33064244991348224,0.1623008535500015,0.11021088696003609,0.013542708219877804,-0.008968036145408927,-0.6670018330557286
2022-02-11,0.6407661410538029,0.5164964289954728,0.4381232801843561,0.39403567982082705,0.3212396838397372,0.3100381391509144,0.14034716134912847,0.08771292655679395,-0.007653247384382941,-0.025767249750536413,-0.6665333908043388
2022-02-14,0.6447866916485405,0.5203677590461211,0.44035189561542687,0.39455366866250363,0.32195459443530206,0.31101615682688794,0.13948969902909725,0.08453779472020889,-0.011684425806471423,-0.02935929341115578,-0.6741459850596958
2022-02-15,0.6456566379878221,0.521247879111233,0.4440063130713085,0.39617649429281054,0.32703331699837984,0.3157280763813002,0.14585973664509028,0.0912675958164595,0.0010442488295394365,-0.015481916640354636,-0.6611385546281763
2022-02-16,0.66496908018642,0.5378241680934213,0.46014665027945595,0.41026124288153426,0.3399755205402289,0.3275587516580533,0.15708482252943382,0.09979152955572852,0.008571305478810538,-0.011570739255185241,-0.6765398194416048
2022-02-17,0.6632592443621305,0.5343241688778113,0.45689149228789033,0.4081225953219454,0.33737464832421804,0.32323942516166726,0.15421677546089477,0.0959497839601064,0.0044278295447050895,-0.008097936682948812,-0.6713571810450788
2022-02-18,0.6694618169981454,0.5425230694834371,0.4625340892193377,0.4138820904413799,0.342047518133552,0.3295586912601606,0.16095765506454332,0.10376826795092457,0.014992163364505184,0.0009153539201732994,-0.6685464630779717
2022-02-21,0.6799285992598446,0.5554871319557962,0.4744241173431058,0.42843031092947786,0.35535909122828535,0.34297644624885665,0.1734900951668524,0.11995858579502505,0.028068788965703785,0.013404558583274207,-0.66652404067657
2022-02-22,0.6701539202869911,0.5445775465995764,0.46271699775016045,0.41733176496142316,0.34226579503294213,0.32952035550318887,0.16208526380268573,0.10695347944779451,0.011698355443545139,0.002830589741468395,-0.6673233305455223
2022-02-23,0.6852172168187228,0.5598686606186823,0.47796595583400925,0.4329901897000742,0.35968076136666854,0.34976363257732196,0.17809155059008192,0.1271065634599607,0.027900443591400197,0.01903722183756612,-0.6661799949811563
2022-02-24,0.6641408442794635,0.5363611020468262,0.4563714799256067,0.4088612890636364,0.3397134972773367,0.32681402952382776,0.1541562266884754,0.10092060681119758,0.0012011895119109633,-0.011001792208940007,-0.6751426364884031
2022-02-25,0.6756008208344089,0.5491650487548081,0.469202908597242,0.41917256237052936,0.3498551562343424,0.3341009557729305,0.16343108965860276,0.11061385410111128,0.011078672647652575,-0.0009141071039587279,-0.6765149279383672
2022-02-28,0.671154309501949,0.5443101484791668,0.46686694950200724,0.4159335591465869,0.34882209481954096,0.334705991679129,0.1667016106772534,0.11377951799506862,0.014501350239829397,0.00966922927332272,-0.661485080228626
2022-03-01,0.6807786374235646,0.5536324873122768,0.47766240433260254,0.42376455452806494,0.3578588560139442,0.3427079684646417,0.17358843522867018,0.1220946550507786,0.021544908616160943,0.014850683494932878,-0.6659279539286314
2022-03-02,0.6869229131513905,0.5605239602612212,0.4837402840259533,0.4285216202509577,0.3611942258837175,0.3464275898243097,0.1769520604131328,0.12456811803575928,0.024343654330779417,0.013666160459439048,-0.6732567526919512
2022-03-03,0.6859287882910942,0.5603094462638865,0.4821903197087329,0.427992816779484,0.35639740470808506,0.3441221731934526,0.17375063523812834,0.11921634114444572,0.01877880926717046,0.0066140509997375824,-0.6793147372913563
2022-03-04,0.6762820524334147,0.5496078434492259,0.4708061719340222,0.4174306182837493,0.34709235428911245,0.33190408995617265,0.16180717796655053,0.1087915140436853,0.004918049989937917,-0.007546486824377436,-0.6838285392577917
2022-03-07,0.664253061204991,0.5358344142308535,0.4551584787970383,0.4029497891122828,0.3315778342238874,0.3151674759836852,0.1434723471774923,0.09087806524048644,-0.012228202026400969,-0.024134682541173822,-0.6883877437461644
2022-03-08,0.6341151550734984,0.5037621358647238,0.4228365987506934,0.3683909514111098,0.2973853168069219,0.28263428697610077,0.11251730948736463,0.05812068674177448,-0.04142283617483143,-0.05435660256449103,-0.688471757637989
2022-03-09,0.6131714291232409,0.48218048063568736,0.40564340699298185,0.3515046690891074,0.28192332740579745,0.2697646284702905,0.10031832935188295,0.0497532751623138,-0.05076170553012732,-0.055840144435962615,-0.669011573559203
2022-03-10,0.6280225371358229,0.49990458465790544,0.4210404441618545,0.3676315400467528,0.2998754583845355,0.2886218360361928,0.11819115346721783,0.06854994537538449,-0.0327163443430698,-0.03543381749742086,-0.6634563546332433
2022-03-11,0.6373717712050245,0.5093959022680473,0.4291538930638511,0.377352253610901,0.30836802536488467,0.2964340453002201,0.12367108490998156,0.07585102815472836,-0.028476809618482743,-0.032103043047108315,-0.6694748142521324
2022-03-14,0.6136227114895013,0.482149753854382,0.40421839338607746,0.3496498384907572,0.2805108417380822,0.26852182406558145,0.09448308671454958,0.048382585867812064,-0.058138782654330895,-0.06299668434332353,-0.6766193958328245
2022-03-15,0.5629939343708878,0.42930266419059826,0.3497855505566958,0.2963047968026388,0.22506317633955147,0.21603746591757023,0.03983009545322124,-0.00035067536268804794,-0.10524757127432488,-0.10569974387711248,-0.668693678248
2022-03-16,0.5875699801241528,0.4563310440687927,0.37764762468634183,0.3283268814212554,0.2565726659917133,0.24935569971522273,0.07285863625356848,0.03313144855072065,-0.07242897707093188,-0.06599472451291852,-0.653564704637071
2022-03-17,0.6032352910220495,0.4744593489385081,0.39543680377871737,0.34898681110397756,0.2781298286806066,0.2703052126022864,0.09378773133499446,0.0521242121456755,-0.05101274690846329,-0.049635581368515244,-0.6528708723905643
2022-03-18,0.6193587820174605,0.4897252338058174,0.4113639342868058,0.36289076901560696,0.29193528932899965,0.28479801518723247,0.10491066615280606,0.06346588630953083,-0.04337075999515683,-0.04311072576859113,-0.6624695077860512
2022-03-21,0.6343885405512051,0.5025334565007623,0.42366421322497577,0.3768884885821099,0.3057839835728016,0.29829959077344725,0.11541043080892088,0.07348122823367127,-0.029299116254315347,-0.03327902743554931,-0.6676675679867539
2022-03-22,0.6380244157365929,0.5048326479525956,0.42404376812011874,0.3755813197890212,0.3015774524291789,0.29551001016078854,0.11048609117743352,0.06771687797844267,-0.036457194055452447,-0.037273856080335996,-0.6752982718169284
2022-03-23,0.6387090613742842,0.5084138518609738,0.4285241180563083,0.3795346391820165,0.3046635529099108,0.30051996006824866,0.11722861510869591,0.06996370012603845,-0.03566832861086998,-0.037520067723175995,-0.6762291290974597
2022-03-24,0.6254901765610367,0.4950301576961446,0.41557587785898653,0.3668545163943437,0.2937171947491849,0.29026887717658534,0.1035179834991192,0.05726745478814102,-0.04741305111786524,-0.042354414370848595,-0.6678445909318849
2022-03-25,0.6287535225719053,0.49813274134767643,0.4172079121886503,0.3664360595358609,0.2913668193771627,0.28550535094262713,0.09502026744512378,0.047806702997433614,-0.058766017876736104,-0.0622931553127626,-0.6910466778846676
2022-03-28,0.6249548086886486,0.4949570170890905,0.4118523428684689,0.3637089864712472,0.28637940350644775,0.28261208084542233,0.09122220421724915,0.04621091422371514,-0.06353434154262867,-0.06852540460893469,-0.693480213297583
2022-03-29,0.6105650666644592,0.4824053619600191,0.39906874768993733,0.3517723620529437,0.27649077975295006,0.27245051083713323,0.08253812040821759,0.0370046364819449,-0.06843989238899413,-0.07272978078919126,-0.6832948474536502
2022-03-30,0.6231525138376638,0.4964790102961365,0.41366754858386257,0.3677488258447325,0.29680414271484623,0.2900161759238295,0.10019175342406964,0.055063869668487905,-0.050135403739882546,-0.052476141964273595,-0.6756286558019371
2022-03-31,0.6320537995127997,0.5010031558121248,0.41642940394533484,0.3707500613677331,0.29474420591948985,0.2850085650980437,0.09594653976654792,0.04733356007983283,-0.061055170358388686,-0.06367259622440807,-0.6957263957372075
2022-04-01,0.6265237680893071,0.49697825318079936,0.4136323266343728,0.3677511664487562,0.29289727646145824,0.282583750120685,0.09654982644079232,0.04580987116159781,-0.06388758275517167,-0.06623532689223645,-0.6927590949815432
2022-04-06,0.6425342397073381,0.5101913818326225,0.426213405634362,0.38093862358714214,0.302323707685372,0.293952195235078,0.10408989472427363,0.055136324914132215,-0.06213739709507278,-0.06786058798511167,-0.7103948276924494
2022-04-07,0.6214090470597814,0.48747144260560776,0.4017705594577816,0.35585815640084417,0.279820658674671,0.2694897958686748,0.07827691819809632,0.0285175626619415,-0.08658593075489643,-0.08898853089092282,-0.7103975779507039
2022-04-08,0.6106123779612854,0.47933815629596843,0.3924589421541306,0.34715797099319823,0.27002583426639654,0.2645583851486491,0.0722044880452267,0.024957382722536614,-0.08971746398914295,-0.09633769623434409,-0.7069500741956293
2022-04-11,0.5829237616510929,0.45360482823071163,0.36338956684419427,0.31972406042858104,0.24134460920961168,0.23453345617115495,0.04178234330884392,-0.008445665482527676,-0.12164933324277422,-0.13115547209397443,-0.7140792337450671
2022-04-12,0.602738042931487,0.4731557443214735,0.3835843639769622,0.3392018516749935,0.2617645848696347,0.25361177732596857,0.05920115126348989,0.008047776931391859,-0.10645025878033225,-0.12058053627782775,-0.7233185792093145
2022-04-13,0.5882358564003852,0.4579597068283832,0.3658233976317435,0.3229635927098549,0.2417258627137272,0.23160000764088254,0.0346284801505093,-0.014358763682391425,-0.13077769319528887,-0.14419662110467157,-0.7324324775050565
2022-04-14,0.59325693340029,0.4661552938775747,0.3733033358697321,0.3309994718332431,0.24932578525944574,0.2373319021068947,0.042014632850274895,-0.001585189623333802,-0.11603228220501097,-0.12691330713652313,-0.7201702405368127
2022-04-15,0.5748284273054289,0.44886161971705757,0.3556913382538356,0.31512901154135603,0.23004702417043987,0.22037738040395868,0.024195445022468585,-0.0184476311782728,-0.1333776177537991,-0.14000675477146304,-0.7148351820768916
2022-04-18,0.5886600249971751,0.46296947722218595,0.3684952940114014,0.32749286964471563,0.2384436159817346,0.22727080312820472,0.03252099211161457,-0.014770679827722406,-0.13204201450584913,-0.14135816044959007,-0.7300181854467647
2022-04-19,0.5924677483472187,0.469908056807089,0.3720578901913756,0.3324693517743303,0.24417845455265857,0.23205797343205817,0.037373564620583916,-0.009456080496263664,-0.12787708716091073,-0.1388822762081234,-0.7313500245553417
2022-04-20,0.5905721674853683,0.4698222614325449,0.3660749637864087,0.32722996414153577,0.23668738134946868,0.22269317696029972,0.025573168995506025,-0.024697822696642936,-0.14552562653101758,-0.16676532124377474,-0.7573374887291427
2022-04-21,0.5598804628519313,0.43555418686167713,0.3293171020057337,0.28976998869391046,0.1972840567368292,0.18138843801836313,-0.014737010871319144,-0.06569957104383892,-0.18669642535057757,-0.20505846070345723,-0.7649389235553882
2022-04-22,0.5554975084260507,0.4314494984495789,0.32355746182113887,0.27914146236129633,0.1868249982476213,0.17233779159902649,-0.02390209776128685,-0.07594743435530414,-0.19951039847710622,-0.21505301590372478,-0.7705505243297752
2022-04-25,0.4743027305245553,0.3514521139755261,0.24400221125944438,0.20087681281882225,0.10573007037943592,0.09322030957333806,-0.10258662176064035,-0.1505020658819149,-0.2706829805070342,-0.27748732085756805,-0.7517900513821231
2022-04-26,0.43088549999154746,0.3140067760791138,0.2054333570204043,0.16673872694503675,0.07474014212291287,0.06372771456877872,-0.12935630470954407,-0.17237810257633931,-0.28751924969750803,-0.292050605852196,-0.7229361058437432
2022-04-27,0.4542908068424955,0.3427158888405129,0.23644561679750464,0.1983833433359602,0.10809120789520638,0.09810916445255746,-0.09408125017117315,-0.13304655000497057,-0.2490959371523141,-0.24630244896337777,-0.7005932558058731
2022-04-28,0.4365752370467734,0.32188729309832875,0.21546253966075415,0.17750358244785772,0.0880699578190684,0.07513607988893217,-0.11032191800655455,-0.15272642245253457,-0.2642990125480513,-0.2519211040341187,-0.688496341080892
2022-04-29,0.48505296371579315,0.36988701360469917,0.26365201719025644,0.22359435907243524,0.1358744605571287,0.12249755486965715,-0.06398864472024128,-0.10740217994313088,-0.22129349674055468,-0.21680607698533352,-0.7018590407011265
2022-05-05,0.501563067876508,0.38809354018914693,0.28272087641854543,0.2399348483691799,0.1555964003091019,0.14153689071126027,-0.046392539281554665,-0.0871061786709215,-0.2051177055275011,-0.20528502726705583,-0.7068480951435635
2022-05-06,0.49810799236470577,0.38356327509220434,0.2760780301857453,0.2308624067421174,0.1465275863449702,0.13032841734121894,-0.05698132062690562,-0.1029629531296034,-0.22414403410899889,-0.22971585575036216,-0.7278238481150676
2022-05-09,0.5157700383509995,0.40503820951307545,0.29280176762102417,0.24816398194792347,0.1637008565195071,0.14801256084478331,-0.04087482134595013,-0.08752287939286181,-0.20871275867953692,-0.22213751484838776,-0.7379075531993871
2022-05-10,0.5326596112585633,0.4196141655414974,0.3095121138956626,0.26589137966126714,0.18039930347271235,0.16671118864177106,-0.02316797431106456,-0.06910558438709927,-0.18934744379684917,-0.20544335128976482,-0.738102962548328
2022-05-11,0.5344129061428975,0.41965966257310716,0.3099895621943015,0.26883293430806826,0.18162307806299136,0.17019497835531805,-0.01874917193270221,-0.0650551978541519,-0.1856415007181784,-0.1934550563695852,-0.7278679625124826
2022-05-12,0.5466301697070899,0.4318675302121317,0.3207089737089122,0.2799840425143511,0.1910787888869376,0.18153919908976998,-0.008918220139923829,-0.05844860218183218,-0.18179917474603194,-0.1968540371652559,-0.7434842068723457
2022-05-13,0.5517280358368386,0.4370303283945667,0.3285522936173501,0.28904554888836803,0.1970868488382406,0.1868689053224933,-0.000842978551356845,-0.05164766856021703,-0.17629591084007634,-0.19261540568721577,-0.7443434415240543
2022-05-16,0.5518833977681639,0.43943199339185807,0.32952269862121164,0.292987102680397,0.19835117877487882,0.18745159183389762,0.0013143079456986416,-0.050742822546981176,-0.17515323491246598,-0.19139904048614395,-0.7432824382543077
2022-05-17,0.5490483808376448,0.4364489352732803,0.3274705402044486,0.29169120900662426,0.19758993402584188,0.18571387964096644,0.0003621919363773617,-0.0514946359761085,-0.17717045742142876,-0.18814282204798044,-0.7371912028856252
2022-05-18,0.5631274837834722,0.45003819964121156,0.33943707165372133,0.301781478919702,0.20704546001301355,0.19313368585948656,0.005440337568697326,-0.04946495196985459,-0.17601478000133752,-0.19170327293533418,-0.7548307567188064
2022-05-19,0.5701482097278742,0.45843910908203145,0.3461501124580958,0.3066759985530638,0.2141358249069879,0.1981867395762728,0.011006739409093122,-0.04289058543757122,-0.16993907466785588,-0.18205548798595866,-0.7522036977138329
2022-05-20,0.5770306051470347,0.46952727222273255,0.35603367675633835,0.3192251044835276,0.2262179155114871,0.20926136938142012,0.0239764571545494,-0.029340112210455814,-0.15870005663068218,-0.16958739197419592,-0.7466179971212308
2022-05-23,0.5926650304314471,0.4894786246263598,0.37153390255887575,0.33655159051340583,0.24067722207351633,0.22137875813895977,0.03669964431957699,-0.017952870542604416,-0.15069400355159043,-0.164191225560737,-0.7568562559921842
2022-05-24,0.5499948623242932,0.4463702408806035,0.32840338168363387,0.2934051257791762,0.19737350719728186,0.17821809439566894,-0.007960279049921144,-0.06075295793405998,-0.19445619411562087,-0.20379157116269705,-0.7537864334869904
2022-05-25,0.5682783254987808,0.4655508079335701,0.3497863006459706,0.3151515515416814,0.217661235969195,0.2009735383012824,0.014489836482537658,-0.03987750785458462,-0.1760306278487474,-0.18934724915485804,-0.7576255746536389
2022-05-26,0.5727936893934007,0.4697119399312807,0.3553373339273775,0.32107280309015596,0.22130339846714656,0.20636241412771936,0.01773728662386034,-0.034031489385151395,-0.1698480678240672,-0.184727515441014,-0.7575212048344148
2022-05-27,0.5730453563159177,0.47058364274226533,0.35801774763298,0.3233303182791939,0.22306302849701007,0.20614564227102292,0.01648641255441789,-0.033939829148399894,-0.17077636142220012,-0.18274192814813248,-0.7557872844640502
2022-05-30,0.5841023752320669,0.4840142215025676,0.36964076372197613,0.33513220924083625,0.23405226167575716,0.21715958486616713,0.024280421210636983,-0.025388756671665538,-0.16324373575145695,-0.1794699702542811,-0.763572345486348
2022-05-31,0.6019831172676334,0.4980675420899469,0.384259057057017,0.34836687275402456,0.2459992980170202,0.23031573487028373,0.034950884765828194,-0.015320760086730766,-0.1558239123034862,-0.16980634910907844,-0.7717894663767119
2022-06-01,0.6206456362409494,0.512946587664057,0.39457144120807114,0.35814208650817775,0.25405381182495507,0.23690596962201557,0.04094037206480701,-0.01089956428900121,-0.15497814435727864,-0.1722048655186834,-0.7928505017596327
2022-06-02,0.6465956770445594,0.5303195303068291,0.4077521607753428,0.3703804194418555,0.26502409930334425,0.2488771807543925,0.05068048995803176,-0.003571940964016697,-0.14870889337312865,-0.17175043108062138,-0.8183461081251807
2022-06-06,0.6664930311094608,0.5479476837848647,0.42555165914346443,0.3854576342517387,0.280517506798565,0.26537794220068767,0.07045761798244721,0.01296096777432786,-0.12922450003686525,-0.14982494121863107,-0.8163179723280917
2022-06-07,0.6548070811171437,0.5377135028563771,0.4167647477926534,0.3787181712557773,0.2734716987399225,0.2623860353004461,0.06575526009564556,0.010946527299948657,-0.13016838512341578,-0.14599267554745807,-0.8007997566646016
2022-06-08,0.648163224390706,0.5320654563954621,0.411289868472564,0.37432646973563616,0.27083904394503633,0.2595367108847025,0.06468828577770026,0.00938430627749592,-0.12667896747445373,-0.14077429722346635,-0.7889375216141722
2022-06-09,0.6256883147022962,0.5083423734518819,0.3910990306334862,0.35393899537492907,0.2502934468368333,0.24007611721146166,0.04527623700604981,-0.010644806485942775,-0.14620710523552655,-0.15282167886122,-0.7785099935635161
2022-06-10,0.638585138650845,0.524423071135269,0.4071870281709261,0.3709232078747607,0.2678702508706884,0.25892875688830097,0.06381932546345483,0.009007924358450652,-0.12286344536273362,-0.13405446790593062,-0.7726396065567755
2022-06-13,0.6416704584824108,0.5283740328803133,0.41227400814755405,0.3768509595100971,0.2717428844494827,0.26491872822023455,0.06890426470013421,0.010697352945891697,-0.12108930877226717,-0.13406967488542137,-0.7757401333678321
2022-06-14,0.6383393473044724,0.5249662237512428,0.41012218881797274,0.374236064851722,0.2711139397404866,0.2655017917370972,0.07116730089226839,0.01390554561991127,-0.11860697066330415,-0.1304206763173711,-0.7687600236218435
2022-06-15,0.6372012964749111,0.5253153043273012,0.4095344466716433,0.37546015513980946,0.26821394849210345,0.26594607470548726,0.06910655859388373,0.011808520824878155,-0.1219607293274162,-0.13414234324233915,-0.7713436397172503
2022-06-16,0.6473066714843468,0.536170639842902,0.41965453761140187,0.3883275574001741,0.27872989227889766,0.2743359515537546,0.07772018619049181,0.02017373107271008,-0.11657321704296564,-0.13385622960546698,-0.7811629010898139
2022-06-17,0.6468334260147376,0.5374728351555835,0.425601451266832,0.39092718710390195,0.2828480721195775,0.27861764910110076,0.08287183440121867,0.02697024049500492,-0.10559854534026561,-0.12067184681099151,-0.7675052728257292
2022-06-20,0.663201036216631,0.5542464470608789,0.4408771804694649,0.40211448850702675,0.29541249166849487,0.2895750526865581,0.0918474929927233,0.03780232777803195,-0.09823121618904418,-0.11643478501943416,-0.7796358212360652
2022-06-21,0.6655097241992199,0.5540146109441113,0.43984954591268927,0.40071849316263336,0.29163706779037035,0.28428448489590474,0.08312191761815352,0.031766844563254404,-0.10876216920018063,-0.12667991273066476,-0.7921896369298849
2022-06-22,0.6515845247984342,0.5402916801113725,0.425361329901311,0.38713077497734577,0.27710724338341697,0.2692622363889967,0.07201189535413977,0.01851373775658339,-0.12059167841792845,-0.13675804332230146,-0.7883425681207358
2022-06-23,0.670723581345239,0.5587471501614463,0.44526291194823403,0.4063639999190167,0.29606739605450155,0.2900686655254579,0.09471390052375045,0.03811854510330486,-0.09801471386112329,-0.11602103150035302,-0.7867446128455922
2022-06-24,0.6829395104921913,0.5715720562251871,0.457831871951295,0.41655634356379656,0.30768602180093224,0.30057772559257184,0.10612955400148104,0.0488731842846158,-0.0880589453445205,-0.10817873864588994,-0.7911182491380813
2022-06-27,0.6902919138697391,0.578808930669342,0.46530888641465423,0.4268390979074259,0.31425589667744686,0.30552104629177995,0.11035333841022715,0.05783215104212539,-0.07813098107843158,-0.09481907637237515,-0.7851109902421144
2022-06-28,0.7120289997505193,0.5968678255803613,0.4811687668872742,0.4417889153380256,0.3297087171193674,0.31869432052017704,0.12215392556110988,0.0671054170618178,-0.06906709011360704,-0.08304240546232743,-0.7950714052128468
2022-06-29,0.6956424428986983,0.5774822069528646,0.46353756019288583,0.4231218569610351,0.3074035722214453,0.29797531227575647,0.0962974787263017,0.04101981398936201,-0.0940997893670278,-0.10926826049100662,-0.8049107033897049
2022-06-30,0.6996081033482279,0.583219504837718,0.47141387181126426,0.4322239210906501,0.3161824194886537,0.30693522335305945,0.1052701579119398,0.0516834789771627,-0.08179738748704493,-0.09341784678267452,-0.7930259501309025
2022-07-01,0.7005928407510587,0.5834233406616166,0.47086187630007914,0.43050671998402157,0.31498757846243913,0.30462292958744297,0.10158263490100215,0.04833071531829661,-0.08430302243263592,-0.09431912350418911,-0.7949119642552479
2022-07-04,0.7035481511324694,0.5874583825403618,0.4757136917224043,0.43509444816080095,0.32001367068994346,0.3139494955071752,0.10853397237744858,0.05434922542014233,-0.07342317559349044,-0.0819292220467154,-0.785477373179185
2022-07-05,0.6916118669179869,0.5756668230666299,0.46587200049307803,0.4237115823013096,0.30879475198619805,0.30644940740221205,0.0998940629618514,0.04671257007840206,-0.08071715583348929,-0.08197547396679986,-0.773587340884787
2022-07-06,0.6873249301654739,0.5704313296784079,0.45921740519777193,0.4166347342551098,0.30114284094138594,0.2977628138993381,0.09261354580198766,0.03571312374967791,-0.09276829888857313,-0.0974243515229248,-0.784749281688399
2022-07-07,0.6888150778714688,0.5736737572825976,0.46336670284829057,0.42269212083865015,0.30708149437121507,0.30510681267629336,0.10213629652131513,0.04279058413567945,-0.08312124947123634,-0.08559259161484513,-0.7744076694863141
2022-07-08,0.6978701703128065,0.5831111095950036,0.47102349481102856,0.4282784205604871,0.31107770574968424,0.30824909319533955,0.10205148894363042,0.041682051519375735,-0.09065610814012683,-0.09471846059149022,-0.792588630904297
2022-07-11,0.6919874235020239,0.5763812518423983,0.4650969272831834,0.42027181177108,0.30498871436964764,0.3007660676493767,0.09572055449716141,0.03331111106220917,-0.10314575150169758,-0.1120674962733412,-0.8040549197753654
2022-07-12,0.6735923397629884,0.558936557973677,0.4470589144280223,0.40235984709754813,0.2889089003870319,0.2837897054692744,0.07776768677179219,0.016720530524721843,-0.11760518679248391,-0.1253515281050887,-0.7989438678680774
2022-07-13,0.6890337020976837,0.5754819325795302,0.46099340599606264,0.41686598423710447,0.30239307769672896,0.29488838748934904,0.08910330315795108,0.027279168303437278,-0.10857869388784891,-0.11833511125042144,-0.8073688133481054
2022-07-14,0.7003268811024324,0.5808067547916791,0.46552455320465125,0.42167097602026987,0.30905597485698727,0.30145010875324996,0.09778479791043591,0.03830175795852997,-0.09990602980110612,-0.10877452593720524,-0.8091014070396378
2022-07-15,0.6793602460131378,0.5610945575113102,0.4444277199760507,0.4022212785124206,0.29119436448053065,0.282589999663033,0.0817953280539484,0.02406804015087595,-0.11238825043192852,-0.11981344489534804,-0.7991736909084861
2022-07-18,0.7120436728250409,0.5909484347200887,0.4727391201520865,0.43004967006305034,0.31718720960565006,0.3080408825201697,0.10537979585144686,0.04572569789721816,-0.0934838718614267,-0.10292890560910475,-0.8149725784341459
2022-07-19,0.7263023722737096,0.6047565464461867,0.48588905885569345,0.44219689143197194,0.32938366881225606,0.32062593867076244,0.11539574652319869,0.053246798266154485,-0.08602112452529719,-0.10395858413684886,-0.8302609564105589
2022-07-20,0.7327006126187406,0.6124559965754874,0.49441243862842893,0.45056043687659253,0.3408336569295528,0.3306327418055788,0.12497718747169234,0.06306229952067502,-0.07400497529924316,-0.09661383478868436,-0.8293144474074254
2022-07-21,0.7335269532998555,0.6110141780515357,0.4916897390379204,0.44881699973480926,0.33691288092546057,0.32785185107199427,0.11985840550664703,0.059270010492496396,-0.07991035010321423,-0.107295052672731,-0.8408220059725869
2022-07-22,0.7332314179489928,0.6105966330915654,0.4910298695573134,0.44796350331753393,0.3346399967205333,0.3245189029752028,0.11637651826149084,0.05500359914267282,-0.0862210274177175,-0.11147704375577433,-0.8447084617047675
2022-07-25,0.7308579043758863,0.6060055940572224,0.4865901256929616,0.44138585990606777,0.32497982659351243,0.31672002437234364,0.10742390274766557,0.04330041453754136,-0.09746229787782401,-0.12923216667339044,-0.860090071049277
2022-07-26,0.7372172464080565,0.6139798205637875,0.4966015267946821,0.45198581677673016,0.336250808210215,0.3290355330124496,0.1188415964741747,0.05554461842080084,-0.08435698702088101,-0.11850444002794092,-0.8557216864359977
2022-07-27,0.747781556467251,0.6240289483434573,0.5053967655917291,0.46154967469111197,0.3455944019835453,0.3380105936607247,0.1272815106567029,0.06572894953365614,-0.07521235700616391,-0.11187249266881187,-0.859654049136063
2022-07-28,0.7598937325211633,0.6341948097602998,0.5127434258682283,0.47094537773379336,0.3541185890980345,0.34447177969208714,0.13439937623928988,0.07258275706298274,-0.06644530793813479,-0.11068042197577799,-0.8705741544969414
2022-07-29,0.7558838081292986,0.6309780469420335,0.5061687536180801,0.4644248619105512,0.34835673877854084,0.3381161861078416,0.12809478002376865,0.0696861946308886,-0.07314388307025431,-0.11682441420835994,-0.8727082223376587
2022-08-01,0.7632454167932992,0.6381734789559267,0.5093407034244434,0.46676287937582706,0.35350910613721803,0.34301767605435374,0.13436441332088803,0.07604479604142289,-0.06589098942013781,-0.10873727417377885,-0.8719826909670781
2022-08-02,0.7220424005901207,0.5958071957082585,0.46610274777470834,0.42539961160886086,0.3139284041160941,0.30201614736390714,0.09478074855194799,0.03769680261996729,-0.10101942947484768,-0.14173793920043903,-0.8637803397905599
2022-08-03,0.7232913352477905,0.5971068028028644,0.4623704888099795,0.4218742962686063,0.3112254351491855,0.3007960339230894,0.09266155429834057,0.03132802119829135,-0.11072261093691475,-0.15531277978615915,-0.8786041150339499
2022-08-04,0.7405634482406321,0.6149617760855796,0.4794474386242431,0.43951206258628234,0.3266106738109805,0.31663839298035806,0.10465224488562981,0.042628480315117574,-0.10113459812122119,-0.1495436421599844,-0.8901070904006166
2022-08-05,0.7569535599217648,0.6298955524745945,0.4940898434538035,0.4537392043000654,0.34317575899045394,0.3286876853616852,0.11917665970348873,0.05513065080266037,-0.09353008622079263,-0.14065748130583977,-0.8976110412276047
2022-08-08,0.7705472705063563,0.6423313940477451,0.5087200222933688,0.46678119799118206,0.35683782387704865,0.3415475675027882,0.13238702938001448,0.06808805088064396,-0.07701020374149023,-0.12644695379398982,-0.8969942243003463
2022-08-09,0.7761226673997652,0.645274650091603,0.5116032808781972,0.46823935958168356,0.35674546878970925,0.34443519776684184,0.13470978840965553,0.07390890607208815,-0.07367088248883079,-0.11920916480988131,-0.8953318322096466
2022-08-10,0.7826271411382583,0.6508103358485919,0.5154798472752671,0.4713652233843624,0.3605802548356828,0.3460962625022116,0.13614858989221362,0.07690911848387054,-0.07078914050245513,-0.1212883748465914,-0.9039155159848498
2022-08-11,0.7964204240747722,0.6657738789124464,0.5305772760697852,0.4864085889425154,0.3765323681890292,0.3604286862857297,0.14770591200340055,0.08873637801720326,-0.05812707633770554,-0.11382361478817202,-0.9102440388629442
2022-08-12,0.7923356588078067,0.6636457314356253,0.5310214764499995,0.4853553226129445,0.37253029017225336,0.35642226220854983,0.14073838896384386,0.08031409401851342,-0.0661996692567609,-0.12313848793505063,-0.9154741467428573
2022-08-15,0.7903107135165262,0.6635349520669573,0.5308363157240046,0.48743072106993096,0.3751627731083492,0.3606431456659745,0.14799285226795156,0.08743761803908823,-0.05765642898784622,-0.11031267718953455,-0.9006233907060608
2022-08-16,0.7968568204290247,0.6711635443688264,0.5374906332500192,0.4932324944994601,0.3825962023483533,0.3662403687072897,0.15544449579154399,0.09655211611676234,-0.047931634671915205,-0.1029705576046667,-0.8998273780336915
2022-08-17,0.798801196418997,0.6746455368914038,0.5395491265976712,0.49559595871917766,0.386176386548116,0.37043508111070206,0.15731773350302267,0.09693842127729323,-0.04583667335197528,-0.10133168274826093,-0.9001328791672581
2022-08-18,0.798130638858407,0.6755335615884648,0.5396529773712986,0.49529005157657957,0.3886654223274648,0.3730836529618058,0.16089420116412437,0.10139126202519852,-0.03977520681498429,-0.0984278756350384,-0.8965585144934455
2022-08-19,0.7890209593241314,0.6669974240926151,0.5311937127196257,0.48490913791904544,0.37894892180140566,0.35911404184269846,0.14390531541450424,0.08549082560996811,-0.057643330253636896,-0.12307777456320279,-0.9120987338873343
2022-08-22,0.7944333604366669,0.6755147346783004,0.536518811406128,0.4913708845733783,0.3841931162260295,0.3644207946546457,0.146693696746085,0.09028674773629078,-0.05448591663763847,-0.11663335955909143,-0.9110667199957585
2022-08-23,0.7972544279923012,0.6801936790350512,0.5407617064589059,0.4950978732987375,0.3869880738237098,0.366887446777951,0.15155038442776064,0.09323468383862993,-0.04892599695110803,-0.11113488209620803,-0.9083893100885094
2022-08-24,0.7756256511802183,0.6572801971770742,0.5160783038040533,0.46822066027757336,0.3557784922401011,0.33445479381222254,0.11472735522345658,0.05410406868542521,-0.08933163618888781,-0.14955418175458032,-0.9251798329347989
2022-08-25,0.7735556485233173,0.6575893873589399,0.5147992470359963,0.46586521836592154,0.35315027577291463,0.33148495012335644,0.10861575191577987,0.04509815230124351,-0.09965552492062184,-0.15662434761691202,-0.9301799961402295
2022-08-26,0.7713358827034271,0.6532763249312797,0.5131917364580059,0.46132831328805946,0.34911619453511716,0.32789063998849866,0.10136356317690746,0.03912047127949461,-0.10759221115031989,-0.167673317704458,-0.9390092004078854
2022-08-29,0.784151483122981,0.6660198592970632,0.5230915494239611,0.4698858415095742,0.356655279493612,0.3353761200623874,0.10838116790232179,0.045250843452707495,-0.10149821347034606,-0.16163127426512122,-0.9457827573881025
2022-08-30,0.7924352605091508,0.6723685716258139,0.523237546624387,0.47060090870149257,0.35401298905214984,0.33061745733520703,0.10073345152635248,0.03561778765202335,-0.1146612286408061,-0.17423067646622503,-0.9666659369753761
2022-08-31,0.7731742740125462,0.6534750375674897,0.5009154098540816,0.4476240462851521,0.3291387495689359,0.30294054364935563,0.06947388298723446,0.002779731120603618,-0.15194702576738275,-0.20857572952615946,-0.9817500035387059
2022-09-01,0.7740230480655251,0.652431850047206,0.4983833129557369,0.4436303386743863,0.32653199668357963,0.2987116533364189,0.06630309288286494,-0.0032365226589616356,-0.15846943721208806,-0.21499201114292352,-0.9890150592084488
2022-09-02,0.7896232034867694,0.6665304848041473,0.5121368287996508,0.45658233947294735,0.3425272878702589,0.31286602345462405,0.08240586807974473,0.013229447764694252,-0.14512182695934603,-0.20843156200647872,-0.9980547654932482
2022-09-05,0.7955560703794989,0.6704085154139914,0.5157044815585405,0.4574691211311135,0.3443821826572618,0.3135678236682291,0.08370911740043518,0.01304831359518212,-0.14088338902642353,-0.20333631788017137,-0.9988923882596703
2022-09-06,0.7991053921427244,0.6769355438738723,0.5233215400378324,0.46713357652295245,0.35634280654486833,0.3256675330542434,0.09790140511434477,0.029008576877924512,-0.1187775529406357,-0.17559475325691945,-0.9747001453996439
2022-09-07,0.7977318432441275,0.6767662288433737,0.5231131640340477,0.4687980123360991,0.3607242515747745,0.3281459605926654,0.10392298856281817,0.0346213717569048,-0.10764721355564033,-0.1640337899049213,-0.9617656331490488
2022-09-08,0.7893870450514459,0.6695481116677306,0.5134423429538402,0.4603247398261675,0.3511717091599976,0.3181103482864821,0.09308820284946552,0.023897072408302533,-0.12017954414711084,-0.17640545185402998,-0.9657924969054759
2022-09-09,0.7886425797851354,0.6693419805058133,0.515039517541535,0.46195348629296884,0.35058991660302186,0.3173575131580155,0.09120533359741713,0.02191089780764257,-0.1232932345730421,-0.17565704812160188,-0.9642996279067373
2022-09-13,0.7962185516984158,0.6752140311459608,0.5189251882821492,0.46706735947638667,0.35483189860139414,0.31883726415030705,0.09435946931506954,0.02248343685376729,-0.12312021712666586,-0.1787266150692163,-0.9749451667676321
2022-09-14,0.7929658940653203,0.6704092467857851,0.5123771062015302,0.460392185020632,0.3483640413195582,0.30937571018539556,0.08489421621664957,0.012192266550079711,-0.13541442449979732,-0.1911166036756678,-0.984082497740988
2022-09-15,0.7740367607731722,0.6521306324863125,0.4935481182952358,0.43957396932979487,0.32536307512819373,0.2855729165129321,0.06032980855148728,-0.015328214633555187,-0.16807016988218848,-0.2264158789885248,-1.000452639761697
2022-09-16,0.7469029193561962,0.626545952108142,0.4692746902524161,0.4139029717057377,0.30173367626326664,0.2607531198208462,0.037941767714327314,-0.03516932355004882,-0.18969993399605667,-0.24873082489328752,-0.9956337442494838
2022-09-19,0.7274933712333569,0.6103990303776999,0.4548821058568341,0.39918524005511696,0.2881268959044384,0.24941226889408608,0.02721906648019081,-0.04639188775298776,-0.19908396895027822,-0.2537650378694653,-0.9812584091028222
2022-09-20,0.7412451008942723,0.6261098839111078,0.47033353264790184,0.4147103370811166,0.30260498734583025,0.26456759314476475,0.041278227691258024,-0.03301912209101862,-0.18419959317976148,-0.2387292140016936,-0.979974314895966
2022-09-21,0.7492885824629023,0.6337716433443783,0.47681580536582646,0.4201355369253707,0.30611856444174546,0.26775620041814413,0.04161550139370498,-0.03281184063181959,-0.1860623541437502,-0.24008458161361837,-0.9893731640765208
2022-09-22,0.7428221850667659,0.6277184218600305,0.46937171158155644,0.41490419387841243,0.30054762306377536,0.2628238883716251,0.039083530079836136,-0.03284216118725073,-0.18403385037040845,-0.23907036439874424,-0.9818925494655102
2022-09-23,0.7220703184270483,0.6076512253801879,0.45185213080217795,0.39401895011708055,0.2793655152618285,0.24230671994325498,0.016772933368317172,-0.055887709650931136,-0.20491617219477287,-0.25793470751590714,-0.9800050259429554
2022-09-26,0.6981549852947457,0.584054031029043,0.4268401797726158,0.3727075512110414,0.2598813280188671,0.22444910642668386,0.001800412624251891,-0.06961010779188509,-0.21689289278702095,-0.26299000110840703,-0.9611449864031527
2022-09-27,0.7272423619398826,0.61278367234449,0.45496244920686785,0.39892713277583564,0.28756995788235296,0.25064668637407606,0.025149109036214715,-0.04837482924958504,-0.19567691848753918,-0.24949473858242102,-0.9767371005223036
2022-09-28,0.709279488227928,0.5919751278412237,0.43203791449879936,0.37489880530226866,0.261630316337229,0.22107162567759397,-0.0055610608844066794,-0.08114823801972743,-0.22876263987851106,-0.283911753487998,-0.993191241715926
2022-09-29,0.7032461797052294,0.5859435504905545,0.42637838532841876,0.3686890903140063,0.2573117298508916,0.21592100520430035,-0.010963251865875216,-0.08519856477811318,-0.23265906289591898,-0.28338026763981117,-0.9866264473450406
2022-09-30,0.6943044897992998,0.576562355850101,0.4187196423286287,0.3590748070083833,0.24495580531514477,0.20255281406543862,-0.02507132118009393,-0.10231135599701421,-0.25171051877889233,-0.30156755308018623,-0.995872042879486
2022-10-10,0.6770431764936531,0.5606001977720635,0.4040376695243437,0.34215993082954,0.22790420035119266,0.18504454663484204,-0.044608996723876346,-0.11878705151372562,-0.272658462318386,-0.32543296951254796,-1.002476146006201
2022-10-11,0.6798515185811842,0.5633885514079033,0.40936232767561676,0.34598872122863245,0.23313964862252212,0.1924265910140601,-0.036414542147281695,-0.10991572025160758,-0.2663444932287542,-0.31562771372521664,-0.9954792323064008
2022-10-12,0.7064338839801333,0.5908488579173856,0.43768659853113434,0.3749500575215573,0.25999857385935154,0.2207393769188225,-0.007547639858153127,-0.07901672097312025,-0.2387107605800816,-0.2891047583645612,-0.9955386423446944
2022-10-13,0.7232645262818879,0.6079447515771788,0.4517171779875416,0.38789071348195386,0.27326895650112787,0.22948720505769435,0.0011032978684813888,-0.07106026551403795,-0.2357915236910684,-0.29246067332724274,-1.0157251996091305
2022-10-14,0.746115637039042,0.6288461441455178,0.4755420398560699,0.4101598486092662,0.29380325313047684,0.25321886086939555,0.025671903236093543,-0.048013057858400904,-0.2098287364917991,-0.2688963911505696,-1.0150120281896116
2022-10-17,0.7706195937507508,0.6525297573072282,0.4960920232289167,0.4265761818315202,0.3102689838954386,0.2699911726378299,0.043310666932091985,-0.03728281772956672,-0.20169775065559095,-0.2650308949297457,-1.0356504886804965
2022-10-18,0.7743839723729667,0.6573477111625755,0.4974398327581374,0.429438042656431,0.31308838287289736,0.2720453075098444,0.04762725512838978,-0.033362649172058695,-0.1955444869618647,-0.26293578193600714,-1.0373197543089738
2022-10-19,0.767061627055997,0.6516339331984851,0.4913378960771774,0.4241006317726267,0.30463671640910145,0.26164282638619546,0.03835796197805712,-0.042648508486674286,-0.20620197855619976,-0.2748009492652723,-1.0418625763212692
2022-10-20,0.765685513556987,0.6517134352717943,0.4911127146561543,0.4226658173586377,0.3029545142206469,0.25982722805199054,0.03331823680136623,-0.04700980691349359,-0.20837257085224836,-0.28212041619099537,-1.0478059297479823
2022-10-21,0.7685903955818387,0.6551894425530896,0.49164265891381004,0.4248963091271849,0.30344197832451225,0.260899393285224,0.037431005043876475,-0.045489841531205215,-0.21000545810855756,-0.28448059969228057,-1.0530709952741193
2022-10-24,0.7537157605593932,0.6404744470358419,0.47767098406314334,0.4095223006965133,0.2914136765991842,0.24873301577199064,0.02465729176608917,-0.05530637041579371,-0.22302470901955848,-0.29501081211882957,-1.0487265726782227
2022-10-25,0.7479403749710761,0.6375163765414319,0.4749265845577513,0.4070918787130914,0.28754218287417765,0.24539296035349376,0.01977463384905915,-0.05959395800540728,-0.2254016129832715,-0.29490885681918194,-1.042849231790258
2022-10-26,0.772938662257862,0.6597481553376433,0.49600166801333767,0.4295221877846435,0.31095804297264934,0.2677579883304419,0.04152673660555223,-0.03899173107865139,-0.20411440367572986,-0.28087431510038174,-1.0538129773582436
2022-10-27,0.776706514501559,0.6616698855783593,0.4956314415456938,0.42835493542824765,0.31004674011751854,0.2643472269387687,0.03813626635872698,-0.045290395372180006,-0.21342995042974716,-0.29246038068232677,-1.0691668951838857
2022-10-28,0.7394817222144424,0.6247538372533195,0.45988012898255753,0.3889896083020897,0.27378376031839796,0.22726977050758382,-3.303966671525799e-05,-0.07892337858853021,-0.24695361119960968,-0.3240289538044444,-1.0635106760188868
2022-10-31,0.7581588419897081,0.642710315234441,0.47530440950073194,0.40327892784730596,0.28653989791428996,0.23958055792323768,0.011959149060917319,-0.06720953435528206,-0.24043702005845147,-0.3221816939658492,-1.0803405359555573
2022-11-01,0.782143549802771,0.6683956456155009,0.4999509987700251,0.4274605801094532,0.3134083823765751,0.2661521020534365,0.03698556383808384,-0.042513242741943874,-0.21218607766263506,-0.2947156837861545,-1.0768592335889255
2022-11-02,0.7930960045302771,0.6799292743281683,0.5126963167941457,0.44132299376278483,0.3279600368996418,0.27998271561667853,0.049739653937811885,-0.027000671112387766,-0.1980584912088461,-0.2815890864266694,-1.0746850909569465
2022-11-03,0.7961877775371792,0.6836284924142704,0.5181531219732908,0.44551770516381806,0.3333774084848176,0.2859831213121333,0.05401870965906118,-0.019386215008148758,-0.1936722906186391,-0.2804181868150536,-1.0766059643522328
2022-11-04,0.8079328654239778,0.6950945049325706,0.5306155466807602,0.4598450447496417,0.34946685379293246,0.3025758589759842,0.07134682584816146,-0.00014963919774572954,-0.17127237002256007,-0.25087397925386984,-1.0588068446778476
2022-11-07,0.8180286508591023,0.7050766414322855,0.5396407578026384,0.47006837440891386,0.3562595554962873,0.308990243865478,0.077084724706591,0.0022307979899556874,-0.16982540922326925,-0.2515134622046199,-1.0695421130637222
2022-11-08,0.8195333424923149,0.7057378456060978,0.5397500620845338,0.4695015419463339,0.354800387045944,0.3061396709004333,0.07475044862391253,-0.00043027099040434703,-0.171913754270234,-0.25455294640984916,-1.074086288902164
2022-11-09,0.8189477215629027,0.7057834619252484,0.5405584889526263,0.4707554105736764,0.3554410196421038,0.30919544005231975,0.07675816697678445,0.0015787614072253877,-0.17246517099303307,-0.2610693219360409,-1.0800170434989436
2022-11-10,0.8176036136903604,0.7045196434530103,0.5370543502189666,0.4699205822601169,0.35123464040564545,0.30660338264839865,0.0728641591472949,-0.006483256298502267,-0.18250248590843451,-0.27535516239641245,-1.0929587760867727
2022-11-11,0.8229349201580372,0.7098548922343682,0.5430438887149789,0.4750446801424867,0.35548049827872563,0.31054932756365805,0.07669926773277076,-0.006733379939725332,-0.17933826398027947,-0.26696786477122203,-1.089902784929259
2022-11-14,0.8253619812936598,0.7112546631819049,0.5427555874792463,0.4724033570661201,0.35251772359317396,0.31127170993693576,0.07565444041142677,-0.0064369881707875935,-0.18533606109362916,-0.27468071218095197,-1.1000426934746117
2022-11-15,0.8403863061987954,0.7272449267273343,0.5612264384782367,0.4907971811312537,0.3732373757145601,0.32982479402786385,0.09775668030632342,0.016240101357240615,-0.1606860008093419,-0.25237224651232065,-1.0927585527111159
2022-11-16,0.8442675987634778,0.7292231374137521,0.564084802030918,0.4912484026697552,0.3723891908924016,0.3271951805178839,0.09396228757495088,0.010602176476545357,-0.1688191004863781,-0.2637536139595077,-1.1080212127229854
2022-11-17,0.8526298506302732,0.735828606531263,0.5682286667702477,0.496180513290589,0.37639323397668245,0.3309944694477177,0.09862831716685323,0.01358290428550897,-0.16386649490998828,-0.26227172207312616,-1.1149015727033993
2022-11-18,0.8451594242589217,0.7293044959030359,0.5619996308742167,0.4879950604424801,0.3695066791059677,0.3238317359015468,0.08927659195869331,0.008258599156743932,-0.1719085947905638,-0.2716687416668668,-1.1168281659257884
2022-11-21,0.8471071782890571,0.7305878314945133,0.56281280812333,0.490602893529434,0.3705761964998931,0.32664729131244546,0.09496287358462953,0.015820913978442548,-0.16669529270770567,-0.26790122710157765,-1.1150084053906346
2022-11-22,0.8416090644393319,0.7237030805293457,0.5532313930569671,0.48214171881579104,0.36013440380427203,0.31312649265746345,0.0808722203284164,-0.0022416511570702603,-0.18512681727122168,-0.2842577866213563,-1.1258668510606882
2022-11-23,0.8330925993120928,0.7181500384869309,0.5463288219169461,0.4753044789733344,0.3531622366763287,0.3055714076110452,0.07574820487170843,-0.007426101979457004,-0.19138423067110152,-0.2862394469910125,-1.1193320463031053
2022-11-24,0.8378210192495747,0.7217794574889747,0.5509722420205767,0.4789070599343034,0.35556020350507234,0.3082816706302292,0.08035021891741055,-0.0035724335836683934,-0.1875062719845728,-0.28269451338925444,-1.1205155326388292
2022-11-25,0.8306799645130682,0.7168720962524147,0.544038839737039,0.47005198690115124,0.3478286106604345,0.299916345844775,0.07109531366058983,-0.01697162982677571,-0.19870493440113504,-0.2936821433476128,-1.1243621078606811
2022-11-28,0.8238143705833924,0.7125701265210646,0.5376020540990243,0.46446124641871334,0.3429718136187977,0.29547878346982165,0.0676443082119629,-0.022755712090474636,-0.20021245731786622,-0.2974670448092494,-1.1212814153926418
2022-11-29,0.8429245606745316,0.7312035513212611,0.5567815596139116,0.4827052678481498,0.3637039851427816,0.3134513461991527,0.08500597540311051,-0.005126086525691086,-0.1837066658162002,-0.27756395875454876,-1.1204885194290803
2022-11-30,0.8400204194756878,0.7303435754694219,0.5561951094137353,0.48185926798847994,0.3601812004176242,0.31257942867370964,0.08085881628185332,-0.007493581360391722,-0.18446740698207767,-0.2750758147227714,-1.1150962341984592
2022-12-01,0.8482333944175128,0.7380797237294087,0.5652721159106194,0.4914241311795206,0.36943325324109916,0.32347293912239894,0.09108409967601062,0.00105749824778299,-0.17405684949184447,-0.2696965798498284,-1.117929974267341
2022-12-02,0.859793422375304,0.7477797270011174,0.5744099359956535,0.49953347996672837,0.3780841795669795,0.3306658586838323,0.09677218195124918,0.005789385819461757,-0.17244924647602547,-0.27168067638525634,-1.13147409876056
2022-12-05,0.8685237586571241,0.7562950332101559,0.5828424309264627,0.5082577992470204,0.38529109114288157,0.33818856822796955,0.10624647100826282,0.011222144377401336,-0.1660416048358362,-0.2638898832989955,-1.1324136419561193
2022-12-06,0.8622610012481552,0.7513846297140764,0.578908308073242,0.5041062078635945,0.3816205655990746,0.3322810394730037,0.10311663379146722,0.006605083434150998,-0.17021565768678484,-0.2665855116323745,-1.1288465128805294
2022-12-07,0.8611553370393105,0.751464186089062,0.5794242717242537,0.504043119882732,0.38280469182109556,0.33501673706610074,0.10444810206832346,0.00782147348023303,-0.16962911021105698,-0.26524633621733146,-1.1264016732566415
2022-12-08,0.8585412558901897,0.7504057497504685,0.5759502247730635,0.5007003406566118,0.37932507605633453,0.33315876803597205,0.09917838841736708,0.002273389221866838,-0.17565595570436487,-0.2683183722079891,-1.1268596280981784
2022-12-09,0.8544997133734987,0.7466911927267844,0.5728881333326257,0.4969350542952904,0.3774808679764704,0.3305238199351334,0.09884700787141912,0.0029019026763937835,-0.17488574210637745,-0.2639857480557815,-1.1184854614292798
2022-12-12,0.8520338931175752,0.7453803581118487,0.5702671267368974,0.49522948213771456,0.3742180729367208,0.3267120907939457,0.096968237726397,0.004389742467899057,-0.17724634250161236,-0.26455561670366157,-1.1165895098212364
2022-12-13,0.8512845397269161,0.7443666133983344,0.5674422047807836,0.49379269081312643,0.3706934296847347,0.3227067489434647,0.09253236837505868,-0.002259318495367058,-0.18664199322846242,-0.2708248614886685,-1.1221094012155843
2022-12-14,0.8486637225171153,0.7453773733357393,0.5658248723900193,0.49180965494893947,0.369075127521033,0.31883617205535086,0.09075878044103654,-0.006907437130130831,-0.19142132119598987,-0.27687969806035917,-1.1255434205774741
2022-12-15,0.8538947699833295,0.7509284617426001,0.5703464907060328,0.49520287381859573,0.37284203143454864,0.3207095314575005,0.09225539982852406,-0.00348357166312722,-0.18680922122163096,-0.27297497098941303,-1.1268697409727422
2022-12-16,0.838961969699436,0.7361696499555546,0.5565509430536498,0.48245191593797615,0.3598796295011112,0.3103150260415132,0.08114994877495299,-0.013559130434215565,-0.1939601768551843,-0.2782203860148771,-1.1171823557143128
2022-12-19,0.8136357367841749,0.7126689923647854,0.5332910592401753,0.4592931451269291,0.33690239398453614,0.2884535456739933,0.059195581744267194,-0.03731563698320718,-0.2153997935348012,-0.29715821253024494,-1.1107939493144194
2022-12-20,0.8162557261166851,0.7150558569263693,0.5327632034149892,0.45861847672334516,0.3358250141047513,0.28498948415260894,0.05287459131340071,-0.045838172728679745,-0.22709365701763295,-0.3132082861275747,-1.1294640122442594
2022-12-21,0.8073620192762471,0.7054580005389118,0.5251816322455151,0.4500877607224665,0.3285508128007004,0.2762289969528409,0.04307908236062296,-0.05303444582811543,-0.2318677926033936,-0.3165619534928838,-1.1239239727691306
2022-12-22,0.7888898625353259,0.6875763163239201,0.5096551058212433,0.4357101404267602,0.3140634022858519,0.2628312531839669,0.028224184207920344,-0.0681582352659016,-0.24405586228394935,-0.3269730865048403,-1.115862949040166
2022-12-23,0.7881341764020358,0.6860589766749114,0.5084159389162081,0.43253649013506723,0.3111762139035303,0.26049720890662603,0.02383993675253666,-0.07084426901489005,-0.24686019339610277,-0.3337559099549249,-1.1218900863569603
2022-12-26,0.8032055172062791,0.7038946266328564,0.5250673130495522,0.44975158845096386,0.32950014636092745,0.2774114648745685,0.04232618202101421,-0.054182871800561985,-0.23000782251208093,-0.3158901037691885,-1.1190956209754674
2022-12-27,0.8064210088341801,0.7085112846534432,0.5302701388785894,0.45617023620056507,0.33685598462819266,0.28346032478293703,0.046966875856234006,-0.05004279553023052,-0.2265240579778082,-0.3134422872051395,-1.1198632960393196
2022-12-28,0.7907907356945344,0.6947112704073816,0.5159592844522262,0.44393453117680964,0.32767899223576075,0.2733439116141548,0.036549720337126584,-0.059942649980334745,-0.23746524665921542,-0.32233046659633624,-1.1131212022908705
2022-12-29,0.7854791863629244,0.6903133487296935,0.5111743916430047,0.44066154066386504,0.3234106407030237,0.26928993855941724,0.03448680087683705,-0.062201580771035735,-0.23882442454173838,-0.32815299520718616,-1.1136321815701105
2022-12-30,0.7934622993277057,0.6985749905485779,0.5202748114518526,0.4498209775182358,0.3315319692755962,0.27741976345472535,0.04178487640356235,-0.05875927279231514,-0.23601561032898444,-0.32657618532692023,-1.1200384846546259
2023-01-03,0.8202672565124429,0.7240318289758785,0.5454302268197877,0.47165798484272026,0.35528826636936733,0.3015272742048912,0.06683213299870053,-0.03711062734884013,-0.2143970984024941,-0.3097178860955223,-1.1299851426079652
2023-01-04,0.8290574604679852,0.7319351562305327,0.5516855007774608,0.4799835809835265,0.35969512839189305,0.3057899340568879,0.07014778289972526,-0.037500240116587064,-0.2140601954004973,-0.31210134753821395,-1.1411588080061992
2023-01-05,0.8350588245210137,0.7367745415033391,0.557387674045964,0.48389559598382154,0.36452882315102236,0.311815610276906,0.07608881143851723,-0.02864960075291017,-0.20708268879195582,-0.30020852980086554,-1.1352673543218792
2023-01-06,0.8332271695905873,0.735194582092277,0.5563481833154081,0.4835245594632647,0.36231468963053554,0.30961686802127486,0.07460764705611272,-0.03158442762376819,-0.20985930726557334,-0.3019910353819957,-1.135218204972583
2023-01-09,0.8390745876523379,0.7422122454542748,0.5617625058814394,0.49101734949942843,0.3683417851271056,0.31573104457957757,0.07872885159351044,-0.02605057347154776,-0.20458301096371243,-0.2940355757019995,-1.1331101633543375
2023-01-10,0.8367923397917955,0.7397434532530522,0.5598420049431553,0.4893404824170009,0.3658802524224006,0.3149532753735184,0.07795947883068663,-0.027001710859398655,-0.20599638175586366,-0.2910943550363316,-1.1278866948281272
2023-01-11,0.8255752539585774,0.7292762366004144,0.5508347683737216,0.4805773852072186,0.357618318748305,0.30688351696608474,0.07069728231711547,-0.03511348360128282,-0.2147119553971488,-0.29957476552813816,-1.1251500194867157
2023-01-12,0.828810821426679,0.7318371605153258,0.5544071404871369,0.4819428428806294,0.3576125446360853,0.3070543530711018,0.06913157276272121,-0.0357155894818801,-0.2154082128119103,-0.30385978670098274,-1.1326706081276616
2023-01-13,0.8321910602443799,0.7357156738519832,0.5586876217846208,0.4880839173389161,0.36226496305693484,0.31152215792719506,0.07385078509933687,-0.03297695487328311,-0.21087305426944666,-0.301200733804421,-1.133391794048801
2023-01-16,0.8466083997556897,0.750153342971358,0.5704611595918796,0.49968570012046154,0.37327053872309196,0.3236220937064559,0.08341673524987811,-0.021229757791918536,-0.20146007369740168,-0.2925914340938837,-1.1391998338495735
2023-01-17,0.8467870923631012,0.7498453352696778,0.5708239073049393,0.4995952041927947,0.37227932762956484,0.32143360468052995,0.08202345650118162,-0.022470194970449844,-0.20458100576024305,-0.295218978884625,-1.1420060712477262
2023-01-18,0.8562308688054397,0.7583573864962295,0.577088217751825,0.5051343949210688,0.377282784619253,0.32687272924210764,0.08530714168631558,-0.02163994562067459,-0.2028430253489888,-0.2967960324754645,-1.1530269012809042
2023-01-19,0.8652679235159069,0.7669791357011367,0.583841075597097,0.5125233843120752,0.3862791801143953,0.3345943590627411,0.09243197453625347,-0.014266934693584723,-0.1968401422447921,-0.29691724629636357,-1.1621851698122705
2023-01-20,0.8708153713736553,0.7751766979102203,0.5914696712953629,0.5201730094118107,0.3942280168975261,0.34279185868016715,0.10090666236394757,-0.007267467973884466,-0.1895062758019614,-0.2852216038289937,-1.156036975202649
2023-01-30,0.8874163220503571,0.7916786963423678,0.6071787834958497,0.5348897602620406,0.4080552184447573,0.3546059080534046,0.11318374863045805,0.0058583297555286,-0.18055997239764757,-0.2768642557501792,-1.1642805778005363
2023-01-31,0.8943278470198799,0.7966481105775893,0.6126027059878891,0.5381256810758756,0.41217097835066446,0.3555357533912184,0.1159635058523796,0.004830072928293532,-0.1797728574329185,-0.27894158341402003,-1.1732694304339
2023-02-01,0.9109817350798731,0.813430268783456,0.6281209988727698,0.5562867343565124,0.4301442438093211,0.37217814064942256,0.13293929704680593,0.02181236296756061,-0.162648076023887,-0.2640733381230721,-1.1750550732029452
2023-02-02,0.9160464865025241,0.8176924505254345,0.6305073968533651,0.5626676287515164,0.43363425742150785,0.37757219769747047,0.1351668933701229,0.025317799338017994,-0.16117188233776752,-0.2650979300369275,-1.1811444165394516
2023-02-03,0.9174638296430914,0.8193752795510103,0.6309012915515223,0.5644189084521778,0.43398165523707577,0.3769564769369529,0.13507097478058686,0.025660316415773505,-0.1622308469735499,-0.26937982866865723,-1.1868436583117485
2023-02-06,0.9210183855646747,0.8215719307557954,0.6315572155553658,0.5645018519595987,0.4327199560850591,0.3736673664970646,0.13303187843266465,0.021147863689127428,-0.16597407696957148,-0.2799062691517439,-1.2009246547164185
2023-02-07,0.930226858371462,0.831374895231401,0.642122865932236,0.5740364413443965,0.4392066872399245,0.38127842097964837,0.13817878505129794,0.02551617913747496,-0.16082846639318824,-0.27849332497748475,-1.2087201833489467
2023-02-08,0.9279197416473031,0.8296125412708546,0.6388860465158247,0.5678706033061588,0.43561878159070894,0.37598902134522405,0.1315368083241056,0.0195390486631277,-0.1679589681061627,-0.287063753001516,-1.214983494648819
2023-02-09,0.9387541763653927,0.8423513137253541,0.6505142213354177,0.5810106410345138,0.4499282259655743,0.3908737925460466,0.14675974700690975,0.03534510284523601,-0.15273460369772676,-0.272792398101637,-1.2115465744670295
2023-02-10,0.941800380500658,0.8455247529532468,0.650417994437127,0.5822064980459926,0.4492072054129912,0.3904530525122975,0.14475632208446215,0.032006928118875455,-0.15783061821924307,-0.281501793667587,-1.2233021741682446
2023-02-13,0.9526075373616854,0.8555153830936323,0.6603021537223988,0.5924657450668188,0.46050188094371514,0.4019983011076361,0.15548216859520547,0.04106859554328429,-0.14853288408386334,-0.2712403315121351,-1.2238478688738201
2023-02-14,0.9557210498463085,0.8576901844496342,0.6636624938370542,0.5937738850796472,0.463709205226076,0.40373275031316375,0.15546112079994276,0.03947034189625407,-0.1509428753969179,-0.27286127345442246,-1.2285823233007305
2023-02-15,0.9591839274103307,0.8592904476773833,0.6652234887083021,0.5962341634572551,0.4646450234760407,0.40530163542043335,0.1567631168074194,0.04390361173071911,-0.14853083037229814,-0.2703316149215895,-1.2295155423319197
2023-02-16,0.9354066169103248,0.8351692514399539,0.6413615182969581,0.5745995148751522,0.4399467395981679,0.3815444465027963,0.13249037488230117,0.02055411823294906,-0.17089317245390345,-0.28884048348866115,-1.2242471003989854
2023-02-17,0.9376180851895922,0.834973778499772,0.6386989064815052,0.571767799686826,0.43701929659736716,0.37809987252707256,0.1262266051055821,0.010803265130811427,-0.18080808158557107,-0.3071760438976592,-1.2447941290872508
2023-02-20,0.9460920776013774,0.8452015689909614,0.6504925448108523,0.5841105382062065,0.4481910622539012,0.3901035573658681,0.13951511952723414,0.025244210797909235,-0.16493915779290969,-0.2858068650618778,-1.2318989426632547
2023-02-21,0.9502229261637772,0.8497046024354831,0.6551834147543548,0.5876686748766629,0.4529503948208002,0.39585770881913834,0.1433268231274862,0.029676575309405984,-0.16234872016275242,-0.28368688084059546,-1.2339098070043724
2023-02-22,0.954242137749448,0.8556846548725481,0.6580777842308234,0.5908554958679568,0.45628234511939464,0.397724034666636,0.14465774635591522,0.030525656494847942,-0.16365670878363503,-0.2877519511348631,-1.2419940888843108
2023-02-23,0.9556479506936751,0.8577985551339616,0.6579242356630369,0.5886854673328088,0.45409435501905504,0.39469069171651866,0.14134813168624666,0.02576432881672969,-0.16919806433949314,-0.29323013062607134,-1.2488780813197462
2023-02-24,0.956883472594955,0.8567050183415305,0.6565891764848589,0.5869768019167554,0.4504752695238026,0.39179448266526706,0.13822737389275452,0.023538999654634397,-0.1725298435592376,-0.29866960340094056,-1.2555530759958953
2023-02-27,0.9475792766673407,0.8470597862985798,0.6474706185616071,0.5790879401865645,0.4419165823598594,0.3831684496644263,0.1304050137122396,0.013670329100727923,-0.18084709227651038,-0.3068362131850582,-1.2544154898523985
2023-02-28,0.959004861207947,0.8573081500550741,0.6570496615470967,0.5873775876061126,0.4511077559107873,0.39176808614395353,0.1388188600838175,0.022636204943637717,-0.1724570425916122,-0.2959070049836425,-1.2549118661915892
2023-03-01,0.9666836408253762,0.8644960480449971,0.6645463214355368,0.5945854369880583,0.45841718694108713,0.399939643933253,0.1466177283453331,0.03201156139602284,-0.16220035327853122,-0.2801335767873561,-1.2468172176127321
2023-03-02,0.9660849906578741,0.861151547638945,0.6605906764024886,0.5910128563970093,0.4553663131972961,0.3945480593132189,0.1410621983125111,0.026606587133728002,-0.1660269230446052,-0.28439169915716317,-1.250476689815037
2023-03-03,0.9645562535693747,0.8608016369033802,0.6610201188164819,0.5896651180990349,0.45630275868064635,0.3939391187193024,0.14098628854741238,0.026434444133263478,-0.16624444046011838,-0.28478028471255595,-1.2493365382819304
2023-03-06,0.9661840311040353,0.8625423621196888,0.6622561796908588,0.5924806347773002,0.45970911325657815,0.39761101215365785,0.14321919866775512,0.02774469829025066,-0.16686939576336954,-0.2864040698511549,-1.25258810095519
2023-03-07,0.9478179699297193,0.8421475235692557,0.6410961835497109,0.5713291495453926,0.4379154787877596,0.3745913843180093,0.12232503817641585,0.005898299551484607,-0.18941504895915418,-0.3054754457254118,-1.253293415655131
2023-03-08,0.9605748438225382,0.8515563167033816,0.6490193423496806,0.5809651197125976,0.44669803521493545,0.38256512290835204,0.12968154764606535,0.015610832481563839,-0.1812520488447512,-0.3010945567445312,-1.2616694005670692
2023-03-09,0.9725618914483616,0.8596105927322659,0.6536935054256773,0.5836230380747212,0.4494628943767705,0.3835906221228048,0.1291198942081244,0.014626510527117706,-0.18451800389556108,-0.3056802688547628,-1.2782421603031242
2023-03-10,0.961712266269034,0.846029347773698,0.640767144029586,0.5704627722883701,0.43577040053558325,0.3712736018061878,0.11547044731004212,0.0008145128910152129,-0.19996630401690138,-0.32075261103552655,-1.2824648773045604
2023-03-13,0.9575475234865045,0.8422194241242799,0.6394035520999418,0.5696924607270147,0.43626653015593425,0.373618104472314,0.12075366348694773,0.006345753700990688,-0.19070889684441988,-0.3075128968427357,-1.26506042032924
2023-03-14,0.9437583235396203,0.8285578873436102,0.6267009579935396,0.5566394580980558,0.4236930542224051,0.36138942587170236,0.10914532935169277,-0.0030651733632997315,-0.19863967287729353,-0.3171603818353834,-1.2609187053750035
2023-03-15,0.9596755300078489,0.8424290904911372,0.6384662494797229,0.5660237991151068,0.43396209730895474,0.3704877494115849,0.11726250577328448,0.00284914703415263,-0.19649363373843495,-0.32024948333123726,-1.279925013339086
2023-03-16,0.9453172433394034,0.8265461725878318,0.6229392031961848,0.5489158474788043,0.41720040886382903,0.3541625247591965,0.10106115552440717,-0.012031419221570435,-0.21192919286053832,-0.3372190785603663,-1.2825363218997696
2023-03-17,0.9490340689349663,0.8305988611434876,0.6276934490580909,0.5551122413171259,0.4223510223604968,0.3607888461302651,0.10826044574705858,-0.0027309493277762366,-0.19862787805417728,-0.3233101131137053,-1.2723441820486716
2023-03-20,0.9484590621415202,0.8290292007077976,0.6240431633147941,0.552725967120725,0.41849032725634905,0.35585174591286856,0.10357267182283239,-0.005479169537781359,-0.20392385627265425,-0.3270069202949954,-1.2754659824365155
2023-03-21,0.9664209346361539,0.8463053341951904,0.6415658858561946,0.5703796766754347,0.4342638280652957,0.372167031881306,0.11829325061935174,0.007970043935247334,-0.1898750186381799,-0.3168505782543357,-1.2832715128904895
2023-03-22,0.9759502163398975,0.8544363503106812,0.6479861395179032,0.5768323717731824,0.4407329097939857,0.37630432395602864,0.12124059627831926,0.011160119092978184,-0.1849056597959775,-0.30720217353022067,-1.283152389870118
2023-03-23,0.9737605149895022,0.8511732806320389,0.6438243776448324,0.5743850016263939,0.43909786690187275,0.37313938567331156,0.12359821274256888,0.012600984987231235,-0.17803732997916807,-0.295181549016594,-1.268942064006096
2023-03-24,0.9768957790892058,0.8527956596453546,0.6443884873038237,0.5756423405059223,0.4393334584866233,0.3715127181016161,0.12240319216872145,0.011547546011460044,-0.17660877527904056,-0.29298320590219684,-1.2698789849914023
2023-03-27,0.973682252305032,0.8485080630363702,0.6411600424181324,0.5731798803722953,0.43716743573548666,0.3727068939931167,0.12309695639160188,0.013455710092817309,-0.17068517382365994,-0.28948376585865243,-1.2631660181636841
2023-03-28,0.9676131473286205,0.8421249234615777,0.6345431271768017,0.567193852872157,0.42852004631522084,0.36648812197170916,0.11343392127571147,0.0035123364156157966,-0.18172836591054145,-0.303601550080876,-1.2712146974094962
2023-03-29,0.9570560298126365,0.8350446233496169,0.6284027004184768,0.5622225545788883,0.42375893735873826,0.36334128933832877,0.11047485268718009,0.0020497312889498475,-0.18168075430947586,-0.30217930563109763,-1.2592353354437338
2023-03-30,0.9492988990302693,0.8316385671009212,0.6237895538289089,0.5594993469642472,0.42137301831119783,0.3624750436958561,0.10928976017322892,-0.0009254351698015084,-0.18535225280621984,-0.30427710941271124,-1.2535760084429803
2023-03-31,0.9563074116499243,0.8382478159936237,0.6323966263902355,0.5680771619955075,0.43064341740013834,0.3708072910317547,0.11859611408087205,0.009340047576936242,-0.17299949761735534,-0.29056864861451664,-1.2468760602644406
2023-04-03,0.9620880907051915,0.8439178748859442,0.6369945469106288,0.5729502715575369,0.4373144598611619,0.3783354990805241,0.12739919864537755,0.02235716761634904,-0.15712419050304455,-0.2625653442336614,-1.2246534349388527
2023-04-04,0.9457191390862559,0.8287440536150743,0.6241394141169919,0.5596881549976659,0.4251820075091334,0.37052684270808667,0.12043119978972167,0.017393517101620536,-0.1572987775123934,-0.2612611620637631,-1.2069803011500186
2023-04-06,0.9407631643406081,0.8239948007043529,0.6232511656723677,0.5577073460853307,0.4240320983295008,0.3708656740972713,0.12374051526819907,0.020922544160459366,-0.15349910422976096,-0.26082873170092324,-1.201591896041531
2023-04-07,0.9496773393746852,0.834952994718341,0.6360494510714385,0.5683871249121963,0.43569625110178,0.38065867732634434,0.1331703041320759,0.032156030738069885,-0.145694871593427,-0.2519613048179221,-1.201638644192607
2023-04-10,0.9363344871570082,0.8240192296487524,0.6241231563163974,0.5579212890388487,0.42637422562431454,0.37123426817348903,0.1271452405077043,0.02165405948023298,-0.15964092910949673,-0.2777329854721833,-1.2140674726291911
2023-04-11,0.9327268545643337,0.8221816030694088,0.6231450891226694,0.5570847083281888,0.4271435292800531,0.3725459758449473,0.12964128306023043,0.02586016268861728,-0.15387903245632098,-0.2686985526724468,-1.20142540723678
2023-04-12,0.9406954214044779,0.8290285241776387,0.6321025143071797,0.5640248234749604,0.43374897610470464,0.37994159473715927,0.13808227129673267,0.036701044749341674,-0.14431634284206132,-0.2550996363297491,-1.1957950577342267
2023-04-13,0.9393615977642983,0.8269784960216261,0.6302386465861426,0.5617339648197941,0.43257867832871305,0.3756798022493305,0.13283417492462363,0.03106543267634107,-0.15321596399518733,-0.27173364300138597,-1.2110952407656839
2023-04-14,0.941442716789918,0.82954812056633,0.6337146747780901,0.5644680057834183,0.4365807241843078,0.38166373765468237,0.13718269702773245,0.036849740786459875,-0.1464979211920526,-0.264450999461296,-1.2058937162512136
2023-04-17,0.9457953070568355,0.8334281444129946,0.6376441351093242,0.5680302954270742,0.4394466951279419,0.38281692973727016,0.13714027221315364,0.03507535134373432,-0.15169390074153355,-0.2719302235179145,-1.2177255305747494
2023-04-18,0.9391415548067708,0.8268202462584915,0.629884499346942,0.5607179853844133,0.4333601031918033,0.37824593361480685,0.13100514667013527,0.029181297536508645,-0.15557988571706274,-0.27090967218537443,-1.2100512269921446
2023-04-19,0.9326365815024452,0.8203100976388094,0.6240373108676501,0.5563501553254595,0.4279126820994805,0.37466927876463496,0.12876514081971402,0.026688537657348212,-0.15683114398306497,-0.27215973934291215,-1.204796320845357
2023-04-20,0.9221741499172837,0.8085453171470819,0.6128499351029932,0.5472737324059217,0.4181008321944186,0.36744075721090247,0.12335269442970945,0.027582746819506565,-0.15534505905706958,-0.25505912740236486,-1.177233277319648
2023-04-21,0.9008215263641522,0.7861937492391818,0.5915496512321836,0.5243411739779211,0.39451843728945707,0.34327114241584594,0.09378807895898958,-0.005995603900197703,-0.18734871827280405,-0.2979689310516813,-1.198790457415833
2023-04-24,0.9001622460163462,0.7831554583158417,0.5871667359540581,0.5190200409020576,0.3913408557806692,0.33728660252906884,0.08616978875854381,-0.011477945045594849,-0.19284228812672197,-0.3054938982959023,-1.205656144312248
2023-04-25,0.879366576622931,0.7626522551178245,0.5662738370732052,0.4969755713126419,0.36851818249770335,0.31484389855622197,0.062078391722028434,-0.034116167630953154,-0.21584049823830337,-0.32098243696515866,-1.2003490135880892
2023-04-26,0.8982668510571696,0.7800828062059808,0.5834536415893129,0.5115255359713897,0.38297195017055424,0.32767281905586765,0.06884094214757505,-0.031278966274580544,-0.21719604921367505,-0.32997241937982746,-1.2282392704369967
2023-04-27,0.9044712569343503,0.7838033601930321,0.5885806081353829,0.5158899211470529,0.3863850815222598,0.329306330127859,0.07031418916262909,-0.03155895458517839,-0.2205723136856167,-0.34302489768177014,-1.24749615461612
2023-04-28,0.9260671781075316,0.8035252126640899,0.6055815440270202,0.5337158295594091,0.40298114003388086,0.3452527985313931,0.08711299596745442,-0.011256090423178839,-0.19902651319266706,-0.3147104832801682,-1.2407776613876995
2023-05-04,0.9414649256511533,0.8133433935446125,0.6126179417492847,0.5405631341888977,0.40788883599300607,0.34890723367182713,0.08559908497562696,-0.012723945089674999,-0.19823101819477085,-0.31790095980829824,-1.2593658854594512
2023-05-05,0.9373701658530067,0.8073620107317003,0.6051006656764506,0.5314517214964736,0.39906976055208426,0.3375172390758115,0.07435755707050079,-0.021654038428339323,-0.2081584644422965,-0.3279718915863445,-1.2653420574393508
2023-05-08,0.9399770082542239,0.8104463851650208,0.6080798489683584,0.5355666622757045,0.40539182256651074,0.34061492723817005,0.08086309419905116,-0.014244990727273952,-0.19868457577602824,-0.31576422240514546,-1.255741230659369
2023-05-09,0.9272818956388965,0.7973040091526952,0.5937481817208937,0.521378757796582,0.39020209699045827,0.32565460858023787,0.06496217275019286,-0.032294470845835005,-0.21429352997348367,-0.3307685409045227,-1.2580504365434189
2023-05-10,0.9354552731354577,0.8051164766221487,0.6017217911309736,0.5289463517016848,0.39801146389164116,0.3310791967482041,0.07101394908922234,-0.028180581122344284,-0.21547864112797355,-0.3358962601610348,-1.2713515332964922
2023-05-11,0.9468856144915472,0.8153657828029325,0.6091050689711756,0.5366786232225016,0.4048655196516351,0.3360382199041723,0.07629912642917726,-0.026260709549189024,-0.2142100046089731,-0.3390566639622029,-1.2859422784537498
2023-05-12,0.9417206272895909,0.8096608307356966,0.6021060040386244,0.5287815826725633,0.3976194144742096,0.32748404000861947,0.06796739933867203,-0.03780067025211391,-0.22751623293662598,-0.35810914661541343,-1.299829773905004
2023-05-15,0.9504569393510494,0.8192889406236856,0.6094403198813471,0.5385015960502969,0.4089061716089076,0.3377247858295577,0.0789830908361975,-0.028536646898737073,-0.219229516107684,-0.34906722697786735,-1.2995241663289163
2023-05-16,0.9482829493092828,0.8158075368059015,0.6052064991985566,0.5356943729388423,0.4049671186109601,0.33202084576468516,0.07392626801653548,-0.039616871746187235,-0.2306984394824968,-0.36633747841105185,-1.3146204277203344
2023-05-17,0.9643832023064645,0.8295935921759906,0.6186205919531499,0.5467085763967718,0.41620202441077336,0.34084216861757377,0.08121801630012561,-0.030180818689950283,-0.22483242726398414,-0.3615324100141231,-1.3259156123205873
2023-05-18,0.9704466593844245,0.8336797832031,0.6227946428186615,0.5504729153263641,0.4199832144954308,0.34368330650020895,0.08294664077314562,-0.02629615012532781,-0.21807225848621595,-0.34815219284398263,-1.318598852228407
2023-05-19,0.972012083282247,0.8359223384911928,0.6249486860779833,0.5535063806011539,0.42299980256008646,0.3486701875232954,0.08475819690670082,-0.022872623156498267,-0.21640013188608354,-0.3558207017051337,-1.3278327849873803
2023-05-22,0.9806185146344712,0.8442483400774332,0.634531281242914,0.560307209981847,0.4297713959326398,0.35502807271409126,0.0888170008172884,-0.021639281757372574,-0.21776390454768438,-0.3628234285210601,-1.3434419431555311
2023-05-23,0.9773048609165806,0.839608480752766,0.6286971661943768,0.5542982791225388,0.4211657294730536,0.3459277159398279,0.0776541197198799,-0.03477034743829307,-0.23428000473291996,-0.37877539486487244,-1.3560802557814529
2023-05-24,0.9796765860097697,0.839706359796985,0.6275605063603074,0.5532167194245292,0.4211175994866303,0.344828699573691,0.07767558466495708,-0.03616743967878191,-0.23675211286694964,-0.3803521792513757,-1.3600287652611451
2023-05-25,0.98226449797488,0.8410929602220473,0.6282632634756039,0.5533472810246474,0.4208317092376907,0.3435283378123308,0.07540293437192153,-0.03619853691373836,-0.2392116639997568,-0.3810171257255725,-1.3632816237004524
2023-05-26,0.9849308613860559,0.8436070974457583,0.6309024686654815,0.5581825558400918,0.42494607487986863,0.3464291671653926,0.07874206223881175,-0.0314573937253157,-0.23001075229775544,-0.3683256232900296,-1.3532564846760853
2023-05-29,0.9766640986991632,0.8351142697767641,0.6242037954663974,0.5534849755517908,0.41884853715571185,0.34236537002208967,0.07676949361429482,-0.032850709961964396,-0.22877098848169294,-0.36625752855246235,-1.3429216272516253
2023-05-30,0.9786833705833085,0.8371884366759528,0.6265016075455782,0.5555732585013969,0.42243540083936937,0.34413504462947286,0.08142572689126441,-0.028132723079738492,-0.2211312659863923,-0.35249857247503336,-1.3311819430583416
2023-05-31,0.9728963064885836,0.8343386917973078,0.6210656156505318,0.551172023105914,0.4212843685749799,0.3414136027432101,0.07987311229339512,-0.028680072038421652,-0.22019562052245506,-0.3510138034007276,-1.323910109889311
2023-06-01,0.9737771087809974,0.835094257256647,0.6221114932576458,0.5547274348397262,0.4218471764345356,0.34564501391768415,0.08406673008244582,-0.024607598052722522,-0.21467235808301927,-0.3430066488905601,-1.3167837576715573
2023-06-02,0.9837600539895344,0.844543183322301,0.6321627861574936,0.562019704584619,0.4298278167140182,0.35502416764551525,0.09194531416238667,-0.016841215489385955,-0.20939529012579333,-0.3390645286285578,-1.322824582618092
2023-06-05,0.9879973443908682,0.8484507100834937,0.6340604327836262,0.5652239689665918,0.43194718605601184,0.3574771470106679,0.09624079939898607,-0.013479926241446675,-0.20351987706114213,-0.33455832755066106,-1.322555671941529
2023-06-06,0.9674094593272382,0.8270806269314104,0.614669083147879,0.544198023378497,0.41031535243424166,0.3375467793234303,0.07589871484768394,-0.03396322595229999,-0.22423336939655358,-0.3540292186099514,-1.3214386779371894
2023-06-07,0.9687536867687698,0.8301034476391786,0.6163162764628353,0.5480347448549951,0.4142267372398586,0.3410826201127227,0.07995486851735627,-0.028421824930626005,-0.21542190486382837,-0.34695785276981594,-1.3157115395385857
2023-06-08,0.9661733877126126,0.8273735271822681,0.6122665291352258,0.543763733425956,0.40997099154211497,0.33670952428010076,0.07405180582376429,-0.03332638789623314,-0.22305641954584468,-0.3567753003442312,-1.3229486880568437
2023-06-09,0.9638641987743969,0.8272357849987136,0.613884033443492,0.5476249446362186,0.413543447315373,0.3425228029132719,0.08245296860679356,-0.0236129870166649,-0.2134702047530836,-0.3398548258617509,-1.3037190246361476
2023-06-12,0.9765824012259421,0.8371691366934448,0.6244796317229704,0.5545887881570898,0.4199599207067484,0.3506518580967168,0.08922961668956025,-0.01881044625941823,-0.20968428217939378,-0.3382945086108958,-1.3148769098368378
2023-06-13,0.9815169612463981,0.8410299838260936,0.6277866034037123,0.5556259142047653,0.4217571740654416,0.3545584015900487,0.09340804428871602,-0.016430057778993194,-0.20350011666250528,-0.3274846111956948,-1.3090015724420927
2023-06-14,0.9809723310503464,0.8413587883850326,0.628445245053337,0.5560981760275436,0.4212519810609949,0.3557818321888508,0.09520779883521162,-0.014992988932955805,-0.20361961321595606,-0.3244973234997364,-1.3054696545500826
2023-06-15,0.979439401607362,0.8436600123001393,0.632520763018925,0.5596304039952783,0.4241277479929224,0.362342048371281,0.10256919551195501,-0.007531383868858221,-0.19775604193948568,-0.3194485009572716,-1.2988879025646334
2023-06-16,0.9821661957029557,0.8469231544720506,0.6362854718468542,0.5637044062657349,0.429772995731514,0.3682582219150377,0.1099720717453144,0.000734255637980942,-0.18895006575925424,-0.30229333260280383,-1.2844595283057594
2023-06-19,0.9761525364491607,0.8437254507521301,0.6322158241247587,0.5622523836865704,0.4293504592050072,0.3678256091247438,0.11217024292612159,0.004040265558464112,-0.18642526455707992,-0.2913180766291717,-1.2674706130783322
2023-06-20,0.9696745075366182,0.8375852414738933,0.6270823161719029,0.5592087222442651,0.4245251113192186,0.36451152789243946,0.11185085365170239,0.00013219221183303435,-0.18934528622481953,-0.2916321602169656,-1.2613066677535836
2023-06-21,0.9601168144578044,0.8283098129291094,0.6178081188521057,0.5506095684122633,0.4118072764886975,0.3508827973262541,0.09599769615524922,-0.019238943456106987,-0.21376614915711942,-0.32804077158369777,-1.288157586041502
2023-06-26,0.9469861004657246,0.8146418811720888,0.6035530137316322,0.5360838976601179,0.39652473512730446,0.33543945707941525,0.07755156831776243,-0.04062992654176627,-0.23753828929514223,-0.3582458139669444,-1.305231914432669
2023-06-27,0.973535743731373,0.8395743339526791,0.625697689111858,0.5553304339452614,0.4162789831792638,0.3517263247485593,0.09347061907138549,-0.025946255365913676,-0.22181412025416367,-0.3480114300455606,-1.3215471737769335
2023-06-28,0.9771291296028132,0.8430010509762836,0.6268171949130795,0.5547561777177472,0.4161548865188749,0.3492957100990419,0.08820516478897406,-0.030377491839001333,-0.2301883204935889,-0.3626062134353505,-1.3397353430381636
2023-06-29,0.9906358042282147,0.8555076054134481,0.6368245283545851,0.5653264703529568,0.42618451723038014,0.3594175738234591,0.09732818697285972,-0.02243304492804348,-0.22478169557717562,-0.355652079011038,-1.3462878832392526
2023-06-30,1.0057927415595522,0.8698541346496902,0.649631862721995,0.5778109516725618,0.4378823776483668,0.37207112760238725,0.10821814525278303,-0.012404242560848409,-0.21240270092016378,-0.34660337110710376,-1.3523961126666557
2023-07-03,1.0110053112509456,0.8751706335549826,0.6545032195929338,0.5824660671097764,0.44175846972581373,0.3762477144565156,0.11246277308399003,-0.00878019577999228,-0.20783461604875544,-0.34771811118679097,-1.3587234224377365
2023-07-04,1.0175675187967894,0.8823347199277509,0.6616186075517203,0.5871097824346895,0.4492531027668678,0.38290046528946653,0.1186231586634077,-0.0031414037827989377,-0.20079394167980513,-0.3424274198295366,-1.359994938626326
2023-07-05,1.0165334193300402,0.8791710895599941,0.656680718160543,0.5825656190693459,0.44471652108604787,0.3785516094517141,0.11117821042654462,-0.010906702393835333,-0.21225869903321318,-0.35684199330792926,-1.3733754126379694
2023-07-06,1.0162440501407686,0.8791279282484001,0.6564757896459498,0.5821511182010498,0.4428963152217339,0.37665486727033964,0.10887917149995613,-0.012802884561120137,-0.21330296258056022,-0.3550009112278825,-1.371244961368651
2023-07-07,1.0157788554767164,0.8783918560092636,0.6544207117715913,0.5804772576531141,0.4392608480814279,0.3708756472358561,0.10223555994565203,-0.020412455114517905,-0.22226198524917032,-0.36898022008695147,-1.3847590755636678
2023-07-10,1.0185681224186331,0.8804982124677856,0.6548043976725764,0.581128557969671,0.43900751315545467,0.3723380233244505,0.10523998714753133,-0.018547861239120708,-0.2212067755052562,-0.37122477590595626,-1.3897928983245893
2023-07-11,1.0274742051535766,0.8894135323411939,0.6645742049993244,0.5899695548039242,0.44803058155103176,0.3811110988118513,0.11523249218320351,-0.010725594368562935,-0.21429056375452507,-0.3657215629962559,-1.3931957681498324
2023-07-12,1.01970800093696,0.8794030225963615,0.6536636637891933,0.5802852728871166,0.43853487852269024,0.3704230523677349,0.10431659193583259,-0.024017868842313654,-0.22729925287382693,-0.3888371164660743,-1.4085451174030341
2023-07-13,1.0270381088197162,0.8870290951059786,0.6638213490486422,0.5894206845448305,0.44935732905583115,0.3798284946441219,0.11497565460904731,-0.012890747599581902,-0.21579438729676234,-0.3714727559568119,-1.398510864776528
2023-07-14,1.0271454577391446,0.8865850437519267,0.6640875950321935,0.5896576131177532,0.44741217355974167,0.3813051172851739,0.11273662917419834,-0.01372606272018497,-0.21835613903883225,-0.3669297375813077,-1.3940751953204522
2023-07-17,1.0321157975112039,0.8885545007399833,0.663346767447476,0.5897130816353005,0.4441011890784117,0.3788038883821554,0.10726189048486752,-0.018353019158286757,-0.2239758857510103,-0.37433483813442053,-1.4064506356456243
2023-07-18,1.0382074174131697,0.892430267862617,0.6668102335418175,0.5920536220518423,0.44567164627917044,0.37995237959797334,0.1056474929234401,-0.02141827937768325,-0.2279791060933889,-0.3834234563550367,-1.4216308737682064
2023-07-19,1.0405717769402532,0.8928993744143869,0.6679688428452631,0.5897766511764918,0.4434147670254367,0.37960036994594143,0.10331511084796341,-0.02538264692548741,-0.23050358432648438,-0.3876843582158828,-1.4282561351561358
2023-07-20,1.034419730681207,0.8857717572573273,0.6602139748533591,0.5803062054143693,0.43305421595477545,0.3700820588692959,0.09208607539683537,-0.040921880003977014,-0.24775187412524935,-0.40707935727743066,-1.4414990879586376
2023-07-21,1.0368997528088724,0.88974674858159,0.660870629781572,0.5787117387232099,0.4318875065358018,0.3657537232189456,0.0870055164253693,-0.04820618069739209,-0.25718653705787947,-0.41785509776904506,-1.454754850577917
2023-07-24,1.0412196848762925,0.891501764392545,0.6621233472005108,0.5794902086743582,0.4314055033750865,0.3666644014500366,0.08521342528417702,-0.05040793287994089,-0.25980702314503773,-0.42024859450038327,-1.4614682793766753
2023-07-25,1.0557440021233286,0.9068730515877343,0.6787797205630411,0.5944462103596603,0.44743037053564716,0.3829358316870366,0.10197961331581307,-0.031893941066090725,-0.2419714020060429,-0.4024501901436712,-1.4581941922669994
2023-07-26,1.064141179156372,0.910692309192873,0.6797367352658032,0.5934940330986878,0.4443345238134102,0.37645156897444276,0.09450062774445053,-0.041242411515204254,-0.256581421205116,-0.4185824923901999,-1.4827236715465715
2023-07-27,1.0592191459939522,0.9062007749623238,0.6735700929698815,0.5870427525630532,0.437374840967273,0.36925346727866487,0.08609619780524785,-0.050544143586245656,-0.2646230489759612,-0.42718442905909554,-1.4864035750530473
2023-07-28,1.066549587332735,0.9140069878401602,0.6809422028332348,0.5941364959705112,0.4457822813691184,0.37780102920595354,0.09351907242178702,-0.04305948357347328,-0.25895328237589205,-0.42029079875978753,-1.4868403860925223
2023-07-31,1.0703490060862209,0.921001654396035,0.6881635867185785,0.6016321391773821,0.45569466322643015,0.38628085684161706,0.10125498266474482,-0.03398626058612745,-0.2502607370388385,-0.4104892330672327,-1.4808382391534534
2023-08-01,1.069201964003018,0.9195483898112318,0.6840906263129933,0.5985562667786363,0.4531388675939904,0.3815381618003401,0.09604824416726525,-0.037059731772745394,-0.2512917975409996,-0.4124693045629231,-1.4816712685659408
2023-08-02,1.0681876033392341,0.9187782505514931,0.6817282057424733,0.596953618872906,0.4506301510215048,0.38155169146997386,0.09445620236760241,-0.038766666942792224,-0.2526932521117483,-0.4135373361687079,-1.481724939507942
2023-08-03,1.063957189717646,0.9165167027477082,0.6802071850779455,0.5953812096768271,0.4491886067143377,0.3806927926027865,0.09345897794537396,-0.03835584812257169,-0.2505881067599969,-0.4106403528119001,-1.4745975425295461
2023-08-04,1.056626989052457,0.9116855861790804,0.6774663403934935,0.5946695337905025,0.45015219960872604,0.38382998558709,0.09701802956369061,-0.03490172333085323,-0.24679871030344078,-0.4007352012291677,-1.4573621902816247
2023-08-07,1.0460218425466241,0.9027723034162972,0.6692226441434651,0.5877591789477611,0.4421389400575182,0.3778904697630096,0.09206037741020123,-0.03917524181853512,-0.24803153096452185,-0.40230763627767085,-1.4483294788242949
2023-08-08,1.0465544993255096,0.9019646486605509,0.669107916324601,0.5868638733076702,0.4407010570059601,0.3780230309745652,0.0909886024101305,-0.04240659065793767,-0.25147678010149543,-0.40992997768822104,-1.4564844770137306
2023-08-09,1.0406266381603229,0.8961470299213786,0.6620782698401665,0.5804493936491364,0.43468987821088995,0.3692088340786024,0.08370192178678165,-0.04909750190001354,-0.2612118586392632,-0.42228027716812183,-1.4629069153284446
2023-08-10,1.0490100948710128,0.9024104486587536,0.6666142664496948,0.5852233700623882,0.43781688358978904,0.3721043092070406,0.08310022312352959,-0.04868001249521065,-0.26058759577185614,-0.4204327736495812,-1.4694428685205938
2023-08-11,1.0366776912944407,0.8900894149559472,0.6519276526142713,0.5700423718394159,0.4220761525924629,0.35510343880444223,0.06499172439888554,-0.06629206786287026,-0.27973307640144807,-0.4426688570650596,-1.4793465483594999
2023-08-14,1.0394835364241612,0.893209720043573,0.655761361728992,0.5735463051946417,0.4265939552942531,0.3577603453558582,0.06997347376389208,-0.061289747525668924,-0.27568435174907524,-0.4386060088785355,-1.4780895453026965
2023-08-15,1.038533373748066,0.8894267719484732,0.65137858626835,0.5672880028130369,0.4195517455216796,0.35028449120712124,0.06204096309439425,-0.07185432000344473,-0.28615046951017015,-0.44542353473592944,-1.4839569084839952
2023-08-16,1.0299388409413324,0.8799273551281396,0.6429433885526245,0.5564069515989134,0.4083401870076719,0.33968176330251026,0.05087493771030843,-0.08202514509613089,-0.29359981835559074,-0.45529268695522457,-1.4852315278965569
2023-08-17,1.0475254492312376,0.8971749245579731,0.657076614236946,0.5710407471798631,0.42237950586617184,0.3521378774035517,0.06246516412440653,-0.07174279284848807,-0.2831887095086668,-0.44776272053642197,-1.4952881697676597
2023-08-18,1.0476453301065198,0.8908474154484711,0.6464736894388599,0.5598860419777861,0.40890892577937904,0.3367982128126229,0.04658037063403158,-0.08944852667329378,-0.30536780532859176,-0.4721460217348795,-1.5197913518413995
2023-08-21,1.0446076376314877,0.885225942065936,0.6400989399701158,0.5537663441212407,0.40240344710210557,0.32930229479109163,0.040021852578196425,-0.09625201991564736,-0.31436654077474924,-0.4806187517170191,-1.525226389348507
2023-08-22,1.0374192318073474,0.8800756928528052,0.6386676837321325,0.5553602292859275,0.40239042748259707,0.33360395197269344,0.04493074578766108,-0.09055567881586882,-0.3073880949619784,-0.4644911858213943,-1.501910417628742
2023-08-23,1.023484816008963,0.8652720205574407,0.6230509964289647,0.5396020299646435,0.38801828457501736,0.31607732083656626,0.028048666165408034,-0.1091703752746718,-0.3266371238323863,-0.49035117104007275,-1.5138359870490359
2023-08-24,1.019889969521772,0.8629578994008295,0.620383266372168,0.5392333403838899,0.3864025082096944,0.3161614969835141,0.02766341662981899,-0.10953216422578624,-0.32605809090288423,-0.48796747752758957,-1.5078574470493618
2023-08-25,1.0038537268471672,0.8460300252759486,0.6024151280584037,0.5201538662416129,0.36844977544249946,0.29603518176374166,0.007528566921438846,-0.1307734835118018,-0.3480915225144642,-0.5072872915654499,-1.5111410184126175
2023-08-28,1.0147684392318403,0.8559591498292567,0.6123683791504781,0.5275286632973183,0.37753025208588564,0.30526110845514015,0.016585211565081512,-0.12253840788843175,-0.34149664598517465,-0.4946509569700248,-1.5094193962018656
2023-08-29,1.0593828818722641,0.8951491382471969,0.6484393110438814,0.5634959979490204,0.4116268424736156,0.3382095716778539,0.05147941089267493,-0.08612549573409395,-0.30444014573592104,-0.46230670482674036,-1.521689586699005
2023-08-30,1.073184803167072,0.9057368440291731,0.6581702825092229,0.5722745033336826,0.4182349365019762,0.34322890843838844,0.05643914415721644,-0.08026778182177098,-0.3003984059476405,-0.4613482413371934,-1.534533044504266
2023-08-31,1.0695709717248636,0.9033904099664313,0.6540870845706018,0.5671289954568043,0.4111252918394529,0.3385520654513401,0.051289192887471385,-0.08570178800538367,-0.3052825326649581,-0.4707767911786391,-1.5403477629035032
2023-09-01,1.0709769795185071,0.9056321421856827,0.6561407753908164,0.5677322534997046,0.41309856462086575,0.3412789056965697,0.05187301695451499,-0.08704902070828971,-0.3056031567153654,-0.476413710238759,-1.5473906897572667
2023-09-04,1.083679535519482,0.9183686684530185,0.6699611177996954,0.5807461821489001,0.4271567329775336,0.35624215989888547,0.06493280502275633,-0.07416572025222926,-0.2927475703790043,-0.4638232306211472,-1.5475027661406298
2023-09-05,1.0829862566742576,0.9173074479348039,0.6679502591930468,0.5792831143913014,0.424240384678052,0.35163963932987513,0.059700962106530385,-0.07943473208977032,-0.30179702405900005,-0.4777022482605109,-1.5606885049347692
2023-09-06,1.0910838166034158,0.9251804417086965,0.6754695671857004,0.5873342608669972,0.4292395447507674,0.355382689437168,0.06445925469324865,-0.0748805829700779,-0.30025733594732973,-0.4776429709303798,-1.5687267875337962
2023-09-07,1.0759293508924417,0.9102223273205897,0.6589200828767401,0.5695358476277878,0.4115069731250424,0.3380990058454623,0.047708374696591865,-0.09405200736420913,-0.31900095884763796,-0.4945376132196493,-1.5704669641120916
2023-09-08,1.0787566806395508,0.9134717709282779,0.662327959108937,0.5736799741087437,0.4137411814216945,0.34157988177060744,0.05149739558789242,-0.08979735590730986,-0.31762545360479844,-0.49709341931503137,-1.5758500999545828
2023-09-11,1.0877076825731662,0.9217756012328846,0.6719817078132734,0.5853338637584172,0.4240341844691769,0.3514664018124554,0.061356612313812176,-0.08167208193411502,-0.30826546723836706,-0.489950290094359,-1.5776579726675257
2023-09-12,1.0862185261911128,0.9209658904479804,0.672526408076625,0.5856478970641349,0.4237521148447322,0.35084922352202247,0.059895080085561346,-0.08197097121669715,-0.3108267092850868,-0.4939307996269978,-1.5801493258181112
2023-09-13,1.076719975077966,0.9096456186322053,0.6610509598880382,0.5740260633315779,0.41200037125291034,0.33867431827752525,0.04901590033254258,-0.09387988013716206,-0.32089167637453,-0.5046771791395911,-1.5813971542175576
2023-09-14,1.0682455401089332,0.9013270913528192,0.6531125427677016,0.5658087188981448,0.40340264111067275,0.3323907571881813,0.04108362369407238,-0.101927333191871,-0.32840766234441926,-0.5150219611404675,-1.5832675012494013
2023-09-15,1.0712538663339046,0.9048675240558013,0.6581935114094021,0.5707785236163936,0.40677312192876003,0.33454267123127013,0.04260860146901023,-0.10268753052491689,-0.3314613763887356,-0.5219368816467047,-1.5931907479806098
2023-09-18,1.086285232276452,0.9178415474541788,0.6698751278753452,0.5791658579152829,0.41263924822224657,0.3417053736925727,0.045912408765551596,-0.09981583583702844,-0.33043760412117257,-0.5201510800099778,-1.6064363122864302
2023-09-19,1.0750210733165952,0.9066412267947079,0.6591572427571692,0.5699015913665623,0.4027658279325175,0.33084207384165787,0.03553691337084121,-0.10982960028115338,-0.34205376478322747,-0.5294444890486527,-1.6044655623652482
2023-09-20,1.070643698640272,0.8997567362698361,0.6507428937656922,0.5627064898341869,0.3945885728576365,0.32325500105089633,0.026507612103802817,-0.11724456832848953,-0.350546880776337,-0.5356470640433676,-1.60629076268364
2023-09-21,1.0622710304296283,0.8913297639778156,0.6430235741764176,0.5543091746928017,0.3871986028251082,0.31677155595006323,0.020960679145622028,-0.12476432388332676,-0.35658017377154727,-0.540909956026912,-1.6031809864565407
2023-09-22,1.079657587503123,0.9091810268886207,0.6620928876284843,0.5737152406297125,0.4058515087708874,0.33480795926016543,0.04141327508574992,-0.10618735787391663,-0.33728612084069814,-0.5169101722522528,-1.5965677597553762
2023-09-25,1.0745589404623117,0.904821511012817,0.6577584127504787,0.5693873238927638,0.40126803669883343,0.3305505947913003,0.03723129328897733,-0.10933349599311637,-0.3401700106684791,-0.5212247593341307,-1.5957836997964432
2023-09-26,1.0688869220550286,0.9005893752125455,0.6548265585596893,0.564528309031542,0.3979312782289173,0.3264367244381827,0.03393332443356267,-0.11214746747188471,-0.3450338614102061,-0.5261607753437495,-1.5950476973987788
2023-09-27,1.0748136310067633,0.9060317933505084,0.6614653242445353,0.5706787986797355,0.4029339767015063,0.3313003331152449,0.03977254975960005,-0.10859714836978143,-0.344633024267204,-0.5282080407993234,-1.6030216718060875
2023-09-28,1.0835081199124177,0.9167997070188152,0.6711606953356083,0.5805186338748105,0.41155562495564335,0.3416462067608136,0.049456555046464026,-0.09869892243334094,-0.33370024214836497,-0.5191639713411184,-1.602672091253537
2023-10-09,1.0711655850924382,0.9060869168294319,0.6632973472100357,0.5744986423154064,0.4064372920717054,0.33790214221802994,0.04604359214023459,-0.10237434032453006,-0.3347016271219473,-0.5169686110630475,-1.5881341961554867
2023-10-10,1.0658608631270763,0.9018234329420282,0.6592088433779221,0.5705595403732892,0.4017883762719384,0.3349006813820326,0.04262904795816494,-0.10251417479440623,-0.3356368477395287,-0.5173476939448225,-1.5832085570719
2023-10-11,1.0665511646255903,0.9021490782309998,0.6614741443279902,0.5724820602493731,0.40409744240501894,0.3370329520558444,0.04823380971681868,-0.09778874635659116,-0.3312541858489061,-0.5129923919164942,-1.5795435565420854
2023-10-12,1.0709594915778178,0.907045439890434,0.6680534527634918,0.5802067522648344,0.4099279388363259,0.34468319967792543,0.05405717323745599,-0.09372859678572545,-0.32622879724965564,-0.5093316801323436,-1.5802911717101624
2023-10-13,1.0581391669936255,0.8955152756398679,0.6594993979415008,0.5724410577658917,0.40374258567654275,0.337984421423717,0.04836118254704308,-0.09840669796551975,-0.32942273859633925,-0.5122017036739587,-1.5703408706675852
2023-10-16,1.0546472861603604,0.8926186821148597,0.6539185083220436,0.5662722337467251,0.39630300347722386,0.33042218069260004,0.04092934300957494,-0.10736075104740991,-0.33738726308247574,-0.5227184407000492,-1.5773657268604107
2023-10-17,1.055755187829483,0.8924420972373354,0.6525862725179248,0.5646501051608893,0.3946885368211373,0.3290170548312896,0.04015585808526679,-0.10887001983583464,-0.34053912929580565,-0.5267498181511523,-1.5825050059806363
2023-10-18,1.0359603992131659,0.8727004414723308,0.6317890224018647,0.5453133576755665,0.37591379236907163,0.3125431398672463,0.021896242971484597,-0.12526483918234604,-0.3585162156875805,-0.5400089675450926,-1.5759693667582595
2023-10-19,1.0323929271313796,0.8684915574655716,0.6252685432132188,0.53859916568667,0.3681476480743158,0.30331070995174025,0.01357434304729841,-0.1350286978143066,-0.372268312487152,-0.558719428415509,-1.5911123555468898
2023-10-20,1.026320534351081,0.8627177200012743,0.6189684387221146,0.532312974506303,0.3606714777034497,0.29548644140434677,0.0008032463931546066,-0.14515165550209125,-0.38546388611426885,-0.5764387303279402,-1.6027592646790223
2023-10-23,1.0000242537157706,0.8366429669927549,0.5921423017257842,0.5062998396756162,0.3345719069981058,0.27127166319237783,-0.02453918684388196,-0.1677460191546853,-0.40786442336427003,-0.5935782743910039,-1.5936025281067756
2023-10-24,1.0369542840360841,0.8696377128469579,0.6228056888965869,0.5330584027843144,0.35981629540427923,0.29213093716190663,-0.003053196025119217,-0.14851303076783284,-0.3882240992288506,-0.5789055573547442,-1.6158598413908294
2023-10-25,1.0531482988483305,0.8867287428097066,0.6381180141299506,0.5470112469082441,0.37296914138697007,0.304457920434592,0.007808258495134845,-0.13563291761784513,-0.3765989515441149,-0.5677741791945903,-1.6209224780429217
2023-10-26,1.0521299400106114,0.8872431944505624,0.638324963399536,0.5508408926863301,0.3758374600742065,0.3072587944230481,0.013492636157385019,-0.12883366403831273,-0.37280525558422195,-0.5637833091141263,-1.6159132491247385
2023-10-27,1.0701296572546566,0.9026830296946589,0.6544101594120144,0.5683898363673314,0.3911252646893586,0.32510046178091206,0.02942821217188296,-0.11548387618445305,-0.3619076569686877,-0.5551329775237899,-1.6252626347784471
2023-10-30,1.0787478987618966,0.9136926854177301,0.6666166846977851,0.5813894743783744,0.4035183608813472,0.3363861055753572,0.044261243628574455,-0.09993595863502369,-0.34620577245894196,-0.5405792349446885,-1.6193271337065858
2023-10-31,1.0797888024179958,0.9127161778887937,0.664741762126523,0.57818989852988,0.3996935290038277,0.33288183788163556,0.039313172450352686,-0.10517994184332298,-0.35345524915803617,-0.5503989080182156,-1.630187710436212
2023-11-01,1.0879334463140509,0.9193485221176896,0.6711146828473596,0.5818413703729219,0.4031333427587799,0.3344683052952916,0.040379966951554165,-0.10530259646813132,-0.356193818587398,-0.5585250491922631,-1.6464584955063144
2023-11-02,1.0794362056618962,0.9104322322216569,0.6613821270941062,0.5716382516288301,0.39324288859069745,0.3229906778404141,0.0292350719102145,-0.11569045564065827,-0.36647290413039113,-0.5740679227419415,-1.6535041284038383
2023-11-03,1.0893754547404546,0.9205354066469796,0.6702882247001987,0.5826811912225471,0.40703962934817217,0.3361795196400532,0.04536726134575596,-0.09969399389646394,-0.35045326728100185,-0.5598893062913418,-1.649264761031797
2023-11-06,1.1021563674720356,0.9354302003001733,0.6868737573604617,0.6005607749629152,0.4276175291786308,0.357121320017986,0.06650599203263985,-0.07643078030668587,-0.3254473905588855,-0.5287290905409671,-1.6308854580130034
2023-11-07,1.105087040086973,0.9388496714829574,0.69004390999291,0.604375090824227,0.43077972621550326,0.3608230364157014,0.07065863968046121,-0.06967783331199269,-0.31863081137930443,-0.5184053067299774,-1.623492346816951
2023-11-08,1.1050283372484908,0.9387242386518934,0.6910453687103182,0.6049590459456741,0.43133153607326025,0.3627723168489898,0.07568002373188029,-0.06930632287806095,-0.3151348260762037,-0.5123798088064906,-1.617408146054982
2023-11-09,1.102846287088871,0.9350336558648796,0.6863626548897604,0.6003590271885156,0.42721763643754124,0.3568425441838935,0.06996162291141787,-0.07807718894555704,-0.3236624396248425,-0.5236725057999966,-1.6265187928888682
2023-11-10,1.1045271109501131,0.9367663585469485,0.6872591177757805,0.5999587369473715,0.427565622900176,0.3535654347601494,0.06823808707664349,-0.08097269911907216,-0.32893799030615734,-0.5293626446547394,-1.6338897556048533
2023-11-13,1.11665937785903,0.9484484155080277,0.6979444134624018,0.6102902410215646,0.4378768315427266,0.3623113629875405,0.07765464381828023,-0.07114557498224444,-0.318200671578889,-0.519041002855508,-1.6357003807145387
2023-11-14,1.117155222000382,0.9493759835018605,0.7006621786355748,0.6148063905752205,0.4420944381158155,0.3673832655883118,0.08403009894670196,-0.06315775541222621,-0.30948942601121643,-0.5079700637496678,-1.6251252857500504
2023-11-15,1.1228388707361912,0.9555997674748774,0.7067083117588244,0.6208370886091398,0.4479576410942886,0.374439518651786,0.09171457152482355,-0.05571686341853836,-0.3046263346682811,-0.5049649127500375,-1.6278037834862293
2023-11-16,1.116275144962345,0.9490883622569617,0.6992268002745348,0.6140676308502856,0.4410587940146653,0.36616153962290315,0.08363912891159371,-0.06467424565366231,-0.31050721476153886,-0.5143331719186492,-1.6306083168809948
2023-11-17,1.1234298122965256,0.9575599126276487,0.7081235377251909,0.624056703319969,0.45045194136034483,0.37557236513639225,0.09234520768871392,-0.059507233532297914,-0.3030443120378419,-0.5114621441561147,-1.634891956452641
2023-11-20,1.1344611899859498,0.9671173515526512,0.7189056591768022,0.6338849860475652,0.4606733550054762,0.3845794645295137,0.10029793156191305,-0.04930998453670554,-0.29342854852741074,-0.5038051767317725,-1.638266366717723
2023-11-21,1.1300773121091923,0.9636157304464512,0.7152276754624218,0.6291371640579628,0.4564185028150126,0.38041449742075517,0.09420863141254092,-0.05651909917144572,-0.30134468895169897,-0.5137689723889959,-1.643846284498189
2023-11-22,1.1246040592027975,0.9569434399242466,0.7087706397843603,0.6203517119706597,0.4472322428002452,0.3690418274128603,0.08205503683933987,-0.07037822472184088,-0.31555884676672796,-0.5286431287276084,-1.6532471879304067
2023-11-23,1.133378002599187,0.9679213376324343,0.7181418725447295,0.6312533951544015,0.45782852089147336,0.38070969473528793,0.09373856749425229,-0.05916262526869433,-0.30706258560667316,-0.5226909641419192,-1.656068966741107
2023-11-24,1.1243274643453214,0.9584663761477296,0.7094343691220977,0.6221111299302631,0.4459991651938508,0.3689645462966162,0.08080062712985962,-0.073899661626993,-0.3235947130084226,-0.5419424397290197,-1.6662699040743418
2023-11-27,1.1245968643375361,0.9596679027529941,0.7081011117329908,0.61986675944229,0.44693509743232857,0.36995401429805025,0.08302846361023235,-0.07192658892300674,-0.3219081548025728,-0.5454744274841662,-1.670071291821703
2023-11-28,1.1371001349639784,0.9700127840450683,0.7176768459043238,0.6292405354985244,0.4560526331868053,0.3788356720135603,0.09031918821020817,-0.06633530291948271,-0.315638187971621,-0.5435365074469787,-1.6806366424109578
2023-11-29,1.1321474994340102,0.9651946255884932,0.7127630173447905,0.6233846676494176,0.450722464466978,0.37226349610253334,0.08458848391253389,-0.07199901325197612,-0.32290984500305914,-0.5507965365814161,-1.682944036015427
2023-11-30,1.1258527194666996,0.9599487512166758,0.7083771590855591,0.6183479561587334,0.44645345766530825,0.3671693424262886,0.07933714177878137,-0.07742178248496213,-0.3298623279968992,-0.5563042822491249,-1.6821570017158254
2023-12-01,1.1261996035383464,0.9629273753522535,0.7125321722750233,0.6222537358699288,0.449671929219147,0.3737027370037768,0.08393928255728769,-0.07081342282615058,-0.32002006339314104,-0.5403367347588759,-1.6665363382972231
2023-12-04,1.127648372662936,0.9626748806974504,0.7124851225121526,0.6217486179463055,0.44939835827330266,0.3725130667330515,0.08390432064587469,-0.07121733730099031,-0.32000255146537193,-0.5410412512759928,-1.6686896239389297
2023-12-05,1.1145111922950774,0.9493332837844916,0.6969031135186076,0.6057777651251967,0.4336036453963464,0.3533037736983935,0.06429364361790492,-0.09223798775595299,-0.34362801533828113,-0.5650099844681364,-1.6795211767632148
2023-12-06,1.1231370822247013,0.9574704149091509,0.7036279840540787,0.6119755762001208,0.43896586778195745,0.35701345516827643,0.06819700881582924,-0.09038376093694414,-0.3401933130590686,-0.5618234224000805,-1.6849605046247826
2023-12-07,1.116784694935029,0.9523155205336936,0.6996088357628513,0.6088846069498939,0.435911456754141,0.3546988388939037,0.06514164150779499,-0.09146988939954932,-0.34170935106252953,-0.5632403838291158,-1.6800250787641455
2023-12-08,1.0953004416328616,0.935056375386869,0.6849465596590215,0.598918806525823,0.4281723521798467,0.3478184967523213,0.059356400604101245,-0.09584343609357807,-0.3447680772078709,-0.5619410951484297,-1.6572415367812918
2023-12-11,1.102815092839784,0.9444648323326295,0.6943216149105679,0.609484244356755,0.43964775185899924,0.3586917185655996,0.07123289741529541,-0.08408050030547903,-0.3300321939771863,-0.5485573269707773,-1.6513724198105617
2023-12-12,1.1069857361206503,0.9494091348830291,0.6993878318849315,0.6133566476726091,0.44457202838529264,0.36344885828680346,0.0752108484818278,-0.07990202436488536,-0.32704866937367805,-0.5454203731128496,-1.6524061092335005
2023-12-13,1.1056222527040234,0.9475532332153446,0.6950337896797685,0.6105780605113713,0.4398791593632542,0.3575933143249215,0.06654475738800922,-0.0877768668196432,-0.33895880870903183,-0.5590948761176392,-1.664717128821663
2023-12-14,1.1073944428128806,0.9492856339782892,0.6962842868234864,0.6102250494662701,0.4397661992580499,0.3553172027126646,0.06291890982284803,-0.09347679382656517,-0.34628417819171264,-0.5714416601143971,-1.6788361029272783
2023-12-15,1.106831779493649,0.9472455368510909,0.6936736228183606,0.6050698118799156,0.4359740992259959,0.34967325123485526,0.05746285191708014,-0.10023031307446302,-0.3532903789277109,-0.5750614396911138,-1.6818932191847633
2023-12-18,1.0935944709208014,0.9342680336627156,0.6800729343781846,0.5921435888795634,0.4231126059274713,0.33538356092797633,0.04307921712127209,-0.11576529168040917,-0.36685389553375003,-0.5858322335490834,-1.6794267044698852
2023-12-19,1.0981596657301915,0.9380104782319906,0.6815825879186193,0.5935906234626532,0.4245513753121535,0.3369223012570686,0.0443633457801805,-0.11453684730910504,-0.36493049551455276,-0.5832325812066286,-1.6813922469368205
2023-12-20,1.097006662664018,0.9346401590334016,0.6739815346431667,0.5858996401862295,0.4152805182479151,0.32551799633130274,0.030751101011307472,-0.12772227221931404,-0.3793671140856565,-0.6042918395202352,-1.7012985021842537
2023-12-21,1.1057791868039142,0.9433767913599657,0.6819122582683229,0.5926134093795842,0.422060451924467,0.33270908714795383,0.03631772827365194,-0.1222060381067658,-0.3734878541914653,-0.5961521134564312,-1.7019313002603458
2023-12-22,1.0928068571539302,0.9312626186962014,0.670995767327427,0.5819790844804358,0.4107421503379411,0.32137849056477713,0.02381293578352292,-0.13565249148588826,-0.3913206065399901,-0.6186055794193399,-1.7114124365732706
2023-12-25,1.0838129065447861,0.9234513748492942,0.6652470665107698,0.5766479294295734,0.40798863845822336,0.3181455788179325,0.022807394345549056,-0.13602317613013584,-0.38903654544026106,-0.6162428389869532,-1.70005574553174
2023-12-26,1.072246191294539,0.9129317346609834,0.6520954544708801,0.5639060293818783,0.39408494965375385,0.3043818455661306,0.008154894168367633,-0.1518527142049061,-0.4061761073959681,-0.6303353635992265,-1.7025815548937662
2023-12-27,1.0793674910526738,0.9209132407393852,0.6597438689795533,0.5717974782332813,0.40187676912950293,0.31302916426850397,0.01703500991150766,-0.14334960467867666,-0.3992587679124506,-0.6235496166339662,-1.7029171076866407
2023-12-28,1.1053146860050846,0.9428445347198372,0.6808876359112461,0.5916942813845903,0.4226676929714185,0.33096766164512054,0.034051887431712946,-0.1253127760514362,-0.38233514361801607,-0.6076760737648853,-1.7129907597699705
2023-12-29,1.1205828651320857,0.957648233571177,0.695484161399741,0.6036962170770329,0.43763849577839475,0.34655369991832474,0.048173675546409764,-0.10956167572326264,-0.3678456956851472,-0.5906804473313028,-1.711263312463389
2024-01-02,1.1314086754258672,0.967424407362016,0.7026710973555131,0.6068403067127842,0.43907830886356347,0.3480968025677263,0.04614635672980394,-0.11184180111607708,-0.3728135742799386,-0.6027535887690495,-1.734162264194917
2024-01-03,1.1265289448272124,0.9652774091659688,0.6993317919530648,0.6034595460157807,0.4357021624281353,0.3426639883400365,0.04135385978207347,-0.11646953160088909,-0.3800555494394469,-0.6082947256749394,-1.734823670502152
2024-01-04,1.1269384613045936,0.9644124798617809,0.6990670810485794,0.601264891939765,0.43338983455776137,0.33919550999717407,0.03578771618683446,-0.12071374811897019,-0.3875059829709874,-0.6184329905308342,-1.7453714518354282
2024-01-05,1.1134146902636357,0.9507905972807124,0.6847976092320753,0.5881911955635094,0.4179757544739453,0.32233380661330185,0.018368363105151077,-0.13925262150573786,-0.40971176665370423,-0.640612032100346,-1.754026722363982
2024-01-08,1.094410661146708,0.9317468156321814,0.6656121413798598,0.5693966487989081,0.3962323859082872,0.30046773130255505,-0.002575740802351612,-0.15967687813523412,-0.4290661009204684,-0.6545226701166229,-1.7489333312633313
2024-01-09,1.10378533282129,0.9386729261010213,0.6736028753448077,0.5758777113138196,0.402562461409683,0.30555748080805667,0.003263157943877139,-0.1554526586883682,-0.42446604270914534,-0.6532849150933024,-1.757070247914593
2024-01-10,1.097452770256107,0.9319776933931406,0.6674362312194535,0.5687082323793851,0.39668413354412585,0.2972221099813055,-0.006811592627660592,-0.1657559022119373,-0.43855258706812017,-0.670192643804156,-1.7676454140602633
2024-01-11,1.1103915064203354,0.945949484434082,0.6819896627007286,0.5853290787032693,0.4124910016232104,0.31378567002183866,0.01200383377562041,-0.14614628321638162,-0.4189774300743463,-0.6496835483038849,-1.7600750547242205
2024-01-12,1.1058275174607723,0.940459048261082,0.6778367074247382,0.5803275650901611,0.407869762523219,0.3077909039815901,0.0029791161665677635,-0.1560057795488511,-0.4301804211508744,-0.6648702767289529,-1.7706977941897257
2024-01-15,1.101615347150584,0.9389269605394127,0.6761269937335107,0.5786985812750737,0.40568555912796084,0.3054596565688003,-0.00022755086183197772,-0.15711460929010165,-0.4317299001434731,-0.666221228589315,-1.7678365757398995
2024-01-16,1.0964310178009316,0.9340848649864589,0.6713300428583965,0.5730492878508423,0.4014685826470262,0.3013217298771719,-0.006154137879477741,-0.16171092778571275,-0.434543524720409,-0.6678365262528694,-1.7642675440538014
2024-01-17,1.074346094532151,0.9121441739592325,0.6478298224609956,0.5478894953624822,0.3777056363659192,0.2768945364402915,-0.033602752758454396,-0.1900727132667456,-0.46318185129642797,-0.6962754091704111,-1.7706215037025625
2024-01-18,1.0569684950460476,0.8965264874396129,0.6343167118712489,0.5385618171488641,0.3678979521587417,0.2693555584320782,-0.03817009344485569,-0.193196145929804,-0.4635692258887692,-0.6838376014439534,-1.7408060964900014
2024-01-19,1.0436431071439864,0.8849219843905589,0.6228558888898847,0.5275371675442952,0.35489771427053635,0.2576171851770749,-0.05228859687507762,-0.20689760619928374,-0.47795140366476735,-0.7006243656449467,-1.7442674727889336
2024-01-22,0.9794660255399281,0.8214616937691162,0.5608541873646812,0.46509824306386993,0.2937255241100689,0.2001215838675281,-0.11178995816391937,-0.2649116432217449,-0.5322866639606888,-0.7408466056757611,-1.7203126312156896
2024-01-23,0.9692120165472932,0.8145314454354404,0.5575188456433025,0.46553587458410745,0.29595983306595697,0.20573824297583312,-0.1040810041718438,-0.25527084003347333,-0.5210825777168093,-0.7272497523371397,-1.6964617688844332
2024-01-24,0.9802050841107177,0.8305377046145472,0.5750725860059729,0.48341720225012835,0.3127428142175375,0.22147397200086333,-0.0885354471666211,-0.24151931852925537,-0.5081628564454843,-0.7168005430005665,-1.6970056271112846
2024-01-25,1.0281811095883542,0.8755310370122207,0.6156208094657258,0.5228253052299959,0.35111570454547814,0.2577364425762241,-0.055398536130478196,-0.20875406023504037,-0.4786552613225205,-0.6932575574697171,-1.7214386670580717
2024-01-26,1.0252531563901413,0.8761737197436341,0.6194433156842477,0.5226998174799979,0.34936572808979116,0.25344677071348237,-0.06124614445731219,-0.21880617691256854,-0.4893756299004118,-0.7053977432290399,-1.7306508996191816
2024-01-29,0.9911498258481422,0.8436032439921031,0.5898397452304974,0.4932505972267742,0.3210380965640519,0.2270039809010626,-0.09052997798914027,-0.24726434028266253,-0.5195446409986617,-0.7389944525326358,-1.7301442783807786
2024-01-30,0.9560675132469971,0.808895097551905,0.5574292092816395,0.4603754933783436,0.2887403815919162,0.19681149639270817,-0.12125614315209601,-0.27913902356535225,-0.5483521912023916,-0.767581914736671,-1.7236494279836687
2024-01-31,0.8990331926143657,0.7518188778173508,0.5046769922897866,0.41042221164149995,0.24127725021329666,0.1490260532860736,-0.16845401551482247,-0.3210748355208718,-0.5860383927626921,-0.8007868396768858,-1.699820032291252
2024-02-01,0.8799187574269878,0.7317471056328718,0.48604398990978437,0.39194733110267155,0.2263112730508858,0.13634158456353984,-0.17990995016833597,-0.33257355297644364,-0.5934188629533874,-0.7992170595846955,-1.6791358170116837
2024-02-02,0.8241192452978308,0.6781118625192454,0.43624384542256517,0.3442643306931054,0.18233648025466676,0.09246126092785456,-0.21980649679239597,-0.36935504553291726,-0.622284255468863,-0.8274495844095122,-1.6515688297073434
2024-02-05,0.7106843072725187,0.5702818786000383,0.3384133015125059,0.25191412744512176,0.09776824806587622,0.011850571991032996,-0.2972732054549313,-0.43903508208668385,-0.6825376622345273,-0.8731156778285029,-1.583799985101022
2024-02-06,0.7256522205936919,0.5899835067318506,0.3687233140147175,0.29669259048233787,0.1479596336489639,0.07131948418425971,-0.23722335909847697,-0.37421546955286494,-0.619088779778494,-0.8193038097328746,-1.544956030326567
2024-02-07,0.6746635566635775,0.5433859929072196,0.3332834664459064,0.27229694401047383,0.1341107715889271,0.06733141481609677,-0.23374085156890909,-0.3638838192913493,-0.6044989986356624,-0.8165298052440515,-1.4911933619076294
2024-02-08,0.7857867223779978,0.6445870808795684,0.42489958372628633,0.36121139685856607,0.2141158907228097,0.13555028799446384,-0.17022419139892958,-0.31335496944311036,-0.5679540400404927,-0.790155667925359,-1.5759423903033574
2024-02-19,0.8244194327858013,0.6882891674024323,0.46082145007479963,0.39757050647069253,0.2448417427298642,0.16237948729844978,-0.14603845094997933,-0.2930987663117267,-0.5474568728718845,-0.7580468945967543,-1.582466327382556
2024-02-20,0.8374931273133304,0.7025393322191233,0.47382065721059585,0.4092129972360748,0.2540895670929707,0.1714143019941556,-0.1373873723599685,-0.2833087117146625,-0.5386524316388462,-0.7494804101696482,-1.586973537482979
2024-02-21,0.8620102054565496,0.7277100940612717,0.4979075436370275,0.42786228226514994,0.2724008339799873,0.18727439113114522,-0.1260773084063382,-0.27321468402827875,-0.5314847963481504,-0.7412676060887107,-1.6032778115452608
2024-02-22,0.8878499874657919,0.7532613582504726,0.5220786518809087,0.45294794735042876,0.295566314682615,0.20980626379594505,-0.10468985415428633,-0.25047992155642196,-0.5136622799861442,-0.7213429050904998,-1.6091928925562922
2024-02-23,0.9231516847707691,0.7853289678868283,0.5560579750505397,0.48415912745607426,0.3259750989275301,0.2382815087234297,-0.07951332314299583,-0.22982038532081428,-0.4975544363249169,-0.7086769556524382,-1.6318286404232076
2024-02-26,0.9526168624276965,0.8084691974852173,0.5752449475270834,0.5029792557538981,0.34233533728727983,0.2524369405771737,-0.06870049358685881,-0.2214699218020706,-0.49347754921373477,-0.7103721594122927,-1.6629890218399896
2024-02-27,0.9810079562470163,0.8358081934539631,0.6021799845910007,0.5303796448416644,0.36911618256668566,0.2804162442537972,-0.0406907688227032,-0.19475306120094438,-0.4674257761278007,-0.6819909619318412,-1.6629989181788578
2024-02-28,0.8978557910296504,0.7593751772750443,0.5281139348022533,0.4626928024158422,0.30248873992257463,0.21918327130857992,-0.09545931803565293,-0.24722351755726418,-0.5099786194032915,-0.7184596445431175,-1.6163154355727682
2024-02-29,0.9346094991680695,0.7962230800754132,0.5661482397499314,0.4999021776807103,0.34317273715934804,0.260077769602158,-0.05517234739107946,-0.20684516260960017,-0.47248023086497865,-0.6834042050386527,-1.6180137042067226
2024-03-01,0.946488381145637,0.8061627985178458,0.5772502940904363,0.511620665942851,0.3544356521250007,0.27242701210286696,-0.04456811280703675,-0.1952914243777403,-0.4635863636956532,-0.67069227641592,-1.6171806575615575
2024-03-04,0.9431379760830878,0.8055629873690617,0.5754029645108106,0.5126105158325898,0.35424829797544144,0.27392224678012717,-0.0393235415267021,-0.1904243560753949,-0.4578865354979834,-0.6616521494423472,-1.6047901255254353
2024-03-05,0.9197515790583621,0.7828924984036296,0.5541971452344531,0.49276466010580844,0.33768919308671114,0.2570711903414694,-0.05216392381966641,-0.2019188141719051,-0.46695132259024236,-0.6664289657158948,-1.5861805447742574
2024-03-06,0.9350407888713691,0.7969406809678344,0.5680146821770289,0.5054280207596114,0.3492847577181269,0.2676460353840756,-0.04413335194066367,-0.1977213257688313,-0.462416253388477,-0.6650074763612491,-1.6000482652326187
2024-03-07,0.9345893117407316,0.7974633830426738,0.5652105834038431,0.5027639802760537,0.3426794177833641,0.2578174756365823,-0.05604501543702424,-0.21309295357909408,-0.4782472192743074,-0.6827371024388674,-1.6173264141795995
2024-03-08,0.9411510781770788,0.8050390587155106,0.5731971484703523,0.50939745445854,0.35289030460605725,0.2685221989265197,-0.04409779082859537,-0.19855299786636058,-0.46451277507116745,-0.6654592053309941,-1.6066102835080733
2024-03-11,0.9627560482981967,0.8262571098901795,0.5950068215053866,0.5310950043722236,0.372438831956983,0.2882668619128583,-0.026207215829108635,-0.1810868744321768,-0.4485233364043562,-0.6497103931189123,-1.6124664414171095
2024-03-12,0.9812556724900403,0.8453900231189714,0.6126947561797493,0.5489811904430635,0.3861544984954008,0.30078112139319246,-0.01630202103448935,-0.17187210494705898,-0.44513170642545724,-0.6500476530198411,-1.6313033255098819
2024-03-13,0.9824882485758294,0.8453139851730685,0.6138985740387328,0.5512029386507815,0.3886200369490645,0.30106477300820816,-0.014637387180983974,-0.16914082126637656,-0.4420813206256097,-0.648834691557814,-1.6313229401336438
2024-03-14,0.980664043684346,0.8431720669262001,0.6113736664867522,0.54638095993045,0.38260038203036467,0.29608596143693455,-0.022871032868913586,-0.1778708860521909,-0.45162083901912065,-0.657114582436471,-1.6377786261208174
2024-03-15,0.9975966419925368,0.860541951014619,0.6297985336196222,0.5602284534876834,0.3985705174468541,0.30935936759531946,-0.010657367379413016,-0.16618679710240022,-0.4419201046565529,-0.6483139512764292,-1.6459105932689664
2024-03-18,1.0204637746559189,0.8814560903958033,0.6493855567576953,0.5799436420977034,0.41926388740781817,0.3287427036322826,0.009275554791176092,-0.14768016321322464,-0.42264206989705455,-0.627881537958549,-1.6483453126144683
2024-03-19,1.0214766025492987,0.8800813596137927,0.6497582156167675,0.5784084354862581,0.41605034232846766,0.3268163901840556,0.004269379773341286,-0.151699390932926,-0.42834538493076685,-0.6366117536910083,-1.6580883562403075
2024-03-20,1.0346604744457017,0.8925955506886314,0.661934864508709,0.5901669392117561,0.4254934932626483,0.3404733863415518,0.016560398602860647,-0.1413328299479385,-0.4202657644283152,-0.6282659175858529,-1.6629263920315551
2024-03-21,1.035138410421586,0.8963509870619829,0.6632570330054331,0.5922603255648252,0.4255012086840559,0.34159617040621737,0.018010972339821046,-0.14088868582959374,-0.4217201100830633,-0.6295798300748848,-1.6647182404964713
2024-03-22,1.0168845751727331,0.8808635684523207,0.6466802287912179,0.5739870767789228,0.41075183204842597,0.32718900106666443,0.0034706699084875933,-0.15387206763555686,-0.4328761451143504,-0.6387898412929112,-1.6556744164656447
2024-03-25,0.9938628045780975,0.8578631544952945,0.6249695573302557,0.5482359019025492,0.38519821703291324,0.30393195951133906,-0.022864245191480993,-0.179869612971338,-0.4597229640705491,-0.6643863553111068,-1.6582491598892048
2024-03-26,0.9970030123946947,0.8626363300228056,0.6278682565732474,0.5508652876063846,0.38776230052874255,0.304936644661365,-0.02182146187679612,-0.18186111712596442,-0.4649384566650731,-0.6730427809351889,-1.6700457933298842
2024-03-27,0.9720133787478235,0.8392058936948461,0.6005846420957373,0.5213452398130088,0.3574542504873993,0.26968725543395927,-0.060137824387282685,-0.21919408822973707,-0.5056232849288731,-0.7088050910448477,-1.6808184697926718
2024-03-28,0.9934852511885083,0.8590225981025044,0.6184443441295111,0.5423125147300026,0.3783145323887571,0.2944192390770582,-0.0339429364801129,-0.1931700612500184,-0.4782331000103262,-0.6814344466782052,-1.674919697866714
2024-03-29,1.0101738770933957,0.8769744411147538,0.6327505740499515,0.5566746382455736,0.3919302411402755,0.3063214307564816,-0.021785763267992177,-0.1843440644968612,-0.4677727250630506,-0.6776937183271268,-1.6878675954205231
2024-04-01,1.0349052641881302,0.9019887616693806,0.6586483629513047,0.5804332466273855,0.4134670294143774,0.32891417222888053,0.0008275712796946347,-0.16361892394682942,-0.4475804246893753,-0.6584618545502027,-1.6933671187383335
2024-04-02,1.0442500062960185,0.9103665241882496,0.6616242052719518,0.5837686654011474,0.4126715459027796,0.3263792055290857,-0.004834687701799203,-0.17181542349767814,-0.4579380890839515,-0.6754916316047248,-1.719741637900744
2024-04-03,1.0441993988954419,0.9103664307008902,0.659868648914895,0.5773377353870391,0.4026080217654445,0.31688374088519744,-0.015745326166144727,-0.1843042145099382,-0.472656446544793,-0.6916817795680673,-1.73588117846351
2024-04-08,1.0113706659615163,0.8812022839278253,0.6321900041074572,0.5520344464449408,0.37995075589589916,0.2950494076706074,-0.04044371844990731,-0.20612042247070664,-0.49304982470224595,-0.7073781484678711,-1.718748814429388
2024-04-09,1.0320382888263322,0.900322191683175,0.651702837577961,0.5705029379080511,0.3973714373191865,0.3106947239247086,-0.025971681630643728,-0.19361311032142597,-0.4831467689542199,-0.7038179960018718,-1.7358562848282049
2024-04-10,1.0114604922110568,0.8774732569173844,0.6308114831732801,0.5487126643126554,0.3757781754928909,0.2902459818803954,-0.04806308278264931,-0.21448461716455935,-0.504508591957644,-0.7222307534793566,-1.7336912456904143
2024-04-11,1.016422893366068,0.8835565302342445,0.6325664769927183,0.5516883019061545,0.3778866561345722,0.2931281398642197,-0.047708101860067506,-0.2126834278681936,-0.5041808238927968,-0.7229499812886019,-1.7393728746546708
2024-04-12,1.0137229214481662,0.8770177034967487,0.6251642581221002,0.5461080845458105,0.36991398257542146,0.2835878210483782,-0.05676294727733078,-0.22119905601651355,-0.5147890989854265,-0.7306722774785492,-1.7443951989267164
2024-04-15,0.95694297411517,0.8301405709184971,0.580261137980783,0.5058949226435563,0.3337851128311718,0.2550812857285233,-0.08594526923199354,-0.24208829286823672,-0.5328659490035393,-0.7401247638424031,-1.697067737957574
2024-04-16,0.8831326865268847,0.758659187499853,0.5068377859404973,0.4395988365612147,0.26707480864193506,0.19441064913069356,-0.14474011490206662,-0.3003957622660117,-0.5867834030772199,-0.7864809627386776,-1.6696136492655633
2024-04-17,0.9567783016684839,0.8296306271826555,0.5745240426045157,0.5033072452802323,0.3313951198483383,0.2553243885819374,-0.08800692891461416,-0.2483194741857931,-0.5366216312748155,-0.7395515270545904,-1.6963298287230753
2024-04-18,0.9534407012540894,0.8278662099676913,0.5704528549959419,0.4990751753844404,0.3273147649035156,0.2504880116398936,-0.09090264656201934,-0.2485546485714625,-0.5364601142429686,-0.7380623762160721,-1.6915030774701625
2024-04-19,0.9464093558845547,0.8238201788143544,0.5670627045630988,0.494973412721215,0.3212374717960722,0.24603379632009267,-0.0978614737775473,-0.2542525818319283,-0.5437497230581492,-0.7466103215812666,-1.6930196774658224
2024-04-22,0.9461682852190408,0.8187228139114406,0.5625331187142849,0.4925658029663934,0.31857115722103296,0.23944656797223554,-0.10313128299860454,-0.26035474081979537,-0.5527663643410822,-0.7659804944244725,-1.7121487796435144
2024-04-23,0.9649029047619712,0.8374465418466328,0.5759439806446618,0.5032747611926947,0.3268663270499804,0.24509148738038947,-0.10134405874968469,-0.25993670836195465,-0.5560375197740933,-0.7722159512519973,-1.7371188560139694
2024-04-24,0.9880088190625168,0.8582580407601701,0.5942215695453175,0.5203438572737541,0.34556424634655314,0.2623075587625516,-0.08339417754984205,-0.24134309405133658,-0.538282503039354,-0.7489957561419137,-1.7370045752044316
2024-04-25,0.9982458692187746,0.8680239953708021,0.6029623700899587,0.5266393661440079,0.350567411166789,0.2636518616059353,-0.08324969656218037,-0.2400658843249987,-0.5401827267897116,-0.7488529796176725,-1.7470988488364483
2024-04-26,1.007996628616511,0.876921577103412,0.6132549288795331,0.540421175497997,0.3640811754464889,0.2789147343408631,-0.065788264206761,-0.2222398294184898,-0.5206103341488477,-0.7266706062761172,-1.7346672348926293
2024-04-29,1.0471708071321437,0.9109591696298591,0.6467434965400982,0.5718473142488039,0.3932207976371839,0.30617631254138894,-0.040902944977162806,-0.19756502621001557,-0.4987362722491418,-0.7099594814663248,-1.7571302885984696
2024-04-30,1.0469864824753918,0.9099822269977789,0.6450049106248821,0.566417695613216,0.38691775876781487,0.29741505631886644,-0.05005299876227473,-0.20727032215289073,-0.507696818202037,-0.7246910912860247,-1.7716775737614177
2024-05-06,1.07304658170203,0.9348907192449556,0.6674287715085013,0.5887687572024007,0.41069060084794257,0.32030678502099463,-0.027628281662288777,-0.1834412563837196,-0.4870876890063717,-0.7055906657661983,-1.7786372474682295
2024-05-07,1.0833351679666876,0.9449155612921819,0.676623743295185,0.5964207562676838,0.41883490226033127,0.3270405889506798,-0.02097711240946336,-0.17726958418123473,-0.48290562220710986,-0.7038735061662581,-1.787208674132947
2024-05-08,1.0712991770876006,0.9345250900825363,0.6656204425174886,0.5846444419241259,0.40407814517239593,0.31248682180029785,-0.03658904898336531,-0.19252332201901615,-0.4965466539643982,-0.7175455926249875,-1.7888447697125893
2024-05-09,1.085481834517001,0.9507588573319207,0.6806529397411913,0.5967994602010265,0.41858897516527815,0.3271306253772446,-0.025345638523463686,-0.17850093744072984,-0.4800649552479142,-0.7029976902528204,-1.7884795247698224
2024-05-10,1.070804863349593,0.9390934225680351,0.6694057248741839,0.5869416409510896,0.4075831959264414,0.316652615531873,-0.0354895055471061,-0.1855750480779849,-0.48656351912155016,-0.7104523448017522,-1.7812572081513462
2024-05-13,1.0475843607577013,0.9182043410284405,0.6484053500189364,0.5678033665551073,0.39073016062761384,0.2985191356514386,-0.049767499179223726,-0.19769216141309823,-0.49693392376162127,-0.7180920941925137,-1.765676454950216
2024-05-14,1.060692107119433,0.9308976248069206,0.6613063234484131,0.5788917779009093,0.40111721116193294,0.3064205343171046,-0.04457102783716512,-0.1911324453509407,-0.4923658635938075,-0.7175078623777771,-1.778199969497211
2024-05-15,1.0568414455867745,0.9250225684618324,0.6551432745647834,0.5726282610964185,0.3936825277637357,0.2973231282152635,-0.053019440875774974,-0.2005295536701785,-0.5021665783517378,-0.7264821469890875,-1.783323592575863
2024-05-16,1.0682770429505473,0.9352818332081327,0.6640077344967805,0.5789096476408156,0.3979568420405436,0.29993627961145036,-0.050517569573573604,-0.20003811179964323,-0.5013748584181241,-0.7239581788231866,-1.792235221773735
2024-05-17,1.08342149811147,0.9493764670937203,0.677425765113905,0.5929481613295035,0.4108240629900671,0.3145727759943727,-0.03729566539004557,-0.1870787834833866,-0.4896795440675442,-0.7122293441668426,-1.7956508422783137
2024-05-20,1.0839182078946548,0.9476985790964728,0.6778015089665022,0.5948664459404828,0.4132285901344149,0.3185688294908658,-0.032880782711749004,-0.18215706860396805,-0.4798798913432674,-0.70226356361218,-1.7861817715068358
2024-05-21,1.0708802949281455,0.9360652985237351,0.6677217455313186,0.5854342626380047,0.40410621469478203,0.3092908538135986,-0.04135044151270365,-0.19198249582253718,-0.4904391846569679,-0.7109987076713925,-1.781879002599539
2024-05-22,1.0784673940366938,0.9420166672076697,0.6751086347935662,0.5922620115468782,0.410312950364417,0.31532025867283825,-0.03561098476517893,-0.18999634083844838,-0.48864216120823856,-0.7095764461983265,-1.7880438402350214
2024-05-23,1.0575017779486098,0.9204595229870667,0.6523343144539658,0.5719840202297911,0.3880140296018051,0.293005769865832,-0.057092662724619554,-0.21111761323323544,-0.5110232656558487,-0.7302058494423211,-1.787707627390932
2024-05-24,1.0495795140515327,0.913823246448918,0.6439001460246307,0.564199265204462,0.37722872647937217,0.28187199093884036,-0.06871943058211705,-0.22285010318770931,-0.5222114339799794,-0.7463365951199389,-1.7959161091714728
2024-05-27,1.0530768775307155,0.9210141218469255,0.6499831303117547,0.5692515965152444,0.38293444232206786,0.2875492251842982,-0.06021937466143438,-0.2152352401240151,-0.5128182528234349,-0.7352481982363481,-1.7883250757670648
2024-05-28,1.0422921210442087,0.9120939861814764,0.6390000929269838,0.5609657717878266,0.37324480220975853,0.27656303123056036,-0.0720871932457267,-0.22486321835371142,-0.5225298337416271,-0.7462733047629526,-1.7885654258071624
2024-05-29,1.0483472263970195,0.9176186474369039,0.6439933398551101,0.5643250067090687,0.3748807154476076,0.2774834164221452,-0.07003792742702607,-0.22291696765246513,-0.5209441727456949,-0.7432572949626668,-1.7916045213596874
2024-05-30,1.0445326545491938,0.9133132857838523,0.6377638865902723,0.5586419420029916,0.3709477989668813,0.27190358490817873,-0.07415376140818201,-0.22750368100152443,-0.5290483374095808,-0.7545203242020225,-1.7990529787512173
2024-05-31,1.0558187382163517,0.9231005240450327,0.6487057034302817,0.5685664548779297,0.3794003829186611,0.2803779980586405,-0.06620691671194753,-0.22399154607889077,-0.5260434672207752,-0.7545238226626619,-1.8103425608790147
2024-06-03,1.0261454281146352,0.8974938015902759,0.6246028560053875,0.5456334925381986,0.3587616296278924,0.26431023812748033,-0.08249732575365572,-0.2361321320655793,-0.5353701178690744,-0.7583376710300579,-1.784483099144694
2024-06-04,1.0027594581708954,0.8771021092435929,0.609883497386236,0.5349303285135132,0.35080522420417776,0.2552729827297007,-0.08420738056136846,-0.23519873526034407,-0.528127056643338,-0.7503556750599489,-1.7531151332308454
2024-06-05,0.9820425045067881,0.8544998710867165,0.5884508664685054,0.5133712910542342,0.33239916059587526,0.23570130967761801,-0.10188187733880655,-0.2516973403886409,-0.5437166533343937,-0.7659580648922236,-1.7480005693990128
2024-06-06,0.9319192311463742,0.8041764014456111,0.5446972122117425,0.4726955375509132,0.292650179566088,0.1976663389843451,-0.1329070187564093,-0.28056250499497615,-0.5634533488964992,-0.7780749467290802,-1.7099941778754555
2024-06-07,0.9662752420439472,0.8408776081557592,0.574526955028953,0.4979225649334419,0.31499875348910705,0.2116744893643293,-0.11979723936513419,-0.271451478129753,-0.562463718770813,-0.7789752360865875,-1.7452504781305358
2024-06-11,0.9702156740903641,0.8417829363738201,0.5802865697978886,0.5033066771805585,0.32309849652250733,0.22182310143902875,-0.10915169096449108,-0.26291368874578824,-0.55529302091148,-0.7763659356333831,-1.7465816097237483
2024-06-12,0.9866882901154228,0.8596748560642758,0.5962695523517811,0.5182895366496428,0.33635622780773394,0.23436304729605215,-0.09905533205368194,-0.2526880168700564,-0.5468318642131824,-0.7660829468667036,-1.7527712369821276
2024-06-13,0.9944959726396043,0.8550103081350537,0.5920649969340835,0.5138221688511933,0.3319524978835566,0.2315308359924446,-0.1026892882147109,-0.2566949750961514,-0.5521422799763652,-0.7711100917301024,-1.7656060643697078
2024-06-14,0.9890953220375822,0.8522808859469091,0.5920290079996272,0.5145989644120477,0.3329947465080105,0.2337404310407878,-0.10104106633094864,-0.25386164890627533,-0.5490478038396022,-0.7679025620705529,-1.7569978841081362
2024-06-17,0.9764111223014076,0.84129723339738,0.5829818163823058,0.5077672075224421,0.32838877784355835,0.2309962382969675,-0.10081109662382313,-0.25410294186913823,-0.5500194614543873,-0.7682153422783741,-1.7446264645797827
2024-06-18,0.9909826993696266,0.8581661403718953,0.5987136907340209,0.5206863247777546,0.3433435101542936,0.24375311482727646,-0.08633522563909336,-0.24497327958931242,-0.5411829722498974,-0.757714242314541,-1.7486969416841684
2024-06-19,0.9892002424623081,0.8555599813650069,0.5964456125174936,0.5177951077052297,0.3354972355113059,0.23600691966016513,-0.09536915079575815,-0.255443170845993,-0.5512273921497628,-0.7660530542465303,-1.7552532967088392
2024-06-20,0.9831161666965843,0.8363581550751369,0.5772664052705176,0.49628183437658296,0.31452736429030165,0.21393660437660672,-0.11609646184166492,-0.27566009537051694,-0.5725083229326964,-0.7871053581306421,-1.7702215248272273
2024-06-21,0.9804373283411111,0.8365294257526456,0.5757034818355671,0.49595986242268497,0.31276868140269104,0.2123280394215324,-0.11846610722026063,-0.2776264398009736,-0.5752726058501079,-0.7892297659346283,-1.7696670942757402
2024-06-24,0.9372885093808737,0.793536269730418,0.5333876563329654,0.4556330785839477,0.2734431548685545,0.17431714277709048,-0.1545365296100964,-0.3117321698638273,-0.603736877618473,-0.8122360988004591,-1.7495246081813336
2024-06-25,0.947454074040656,0.8033657320820821,0.5423548044145498,0.459864445382052,0.27599486168965065,0.1728425612440276,-0.15884876633335748,-0.31592510418623115,-0.6133938619692819,-0.8250037270168348,-1.7724578010574914
2024-06-26,0.9805184902403588,0.8363156927280514,0.5743639657777145,0.4930335940808541,0.30740064347001006,0.20592637935826183,-0.1311120543684346,-0.29058186429151495,-0.5891389733556288,-0.8073594488618175,-1.7878779391021768
2024-06-27,0.9645382107997945,0.820928886437067,0.5565674046649293,0.4739026032965743,0.2896097351026581,0.18722168224360214,-0.1512275590043266,-0.312105796448015,-0.6101266924249247,-0.828029633936318,-1.792567844736113
2024-06-28,0.9655801748727089,0.8216048878629852,0.5580581891172085,0.47697528464502403,0.29356136283663103,0.19167277074753708,-0.14488428893980027,-0.304015464572597,-0.6022870098931916,-0.8149648078882619,-1.7805449827609714
2024-07-01,0.9721067616622104,0.8319741986313125,0.5683203411624199,0.48611889264429975,0.30155787101002,0.2001099835131579,-0.1383325754157543,-0.2943902886985199,-0.5948445763468678,-0.8085318407426356,-1.7806386024048468
2024-07-02,0.978107822429113,0.8416021617403006,0.5760101536142168,0.49146901660761055,0.3011885418275872,0.19883651706572922,-0.14208644533335013,-0.3004171761112926,-0.6040774055480896,-0.8193290147249922,-1.7974368371541058
2024-07-03,0.9719812540412218,0.8361544718062085,0.5710219628486344,0.482918795113435,0.2911228051252445,0.18837144760635663,-0.1552927319673866,-0.3143821391882332,-0.6171438858777744,-0.8276289452044315,-1.7996101992456541
2024-07-04,0.9384891694871529,0.8031971417782301,0.5392894177379719,0.4526457539322411,0.2627863319608081,0.16216449804157995,-0.17961973942294643,-0.337973688033568,-0.6375200681791363,-0.8420841999590559,-1.7805733694462096
2024-07-05,0.9537063085736159,0.8186495967937284,0.5555751769121045,0.46646885718662157,0.27600962133998597,0.17483785525959056,-0.1704961358034564,-0.3301335438867761,-0.6352179104817733,-0.8405509678904045,-1.7942572764640212
2024-07-08,0.9253512712609697,0.7898930894155312,0.5259461532498024,0.4369729411216655,0.24825604639567167,0.14640683841679797,-0.19897391877496878,-0.35632616089252506,-0.6576794341457379,-0.855040313347071,-1.7803915846080416
2024-07-09,0.9360600138443348,0.8011406206073498,0.5381636879250585,0.44991173066668316,0.26477727594923417,0.1666943435136845,-0.176516023799433,-0.3344596109954646,-0.630236153223957,-0.8273233880377298,-1.7633834018820655
2024-07-10,0.9262917205982438,0.7910163557113302,0.5299067154258248,0.44217509209791805,0.25708704765284596,0.16024088333429076,-0.18089282100367882,-0.34236190130566435,-0.6365308680909479,-0.8305198624851386,-1.7568115830833835
2024-07-11,0.9624253687530754,0.8294661655575628,0.564886332472344,0.47807290476387,0.29054305542866143,0.1911991536690646,-0.15178905678965765,-0.3161859747413434,-0.6103708276005659,-0.8105232602399796,-1.7729486289930558
2024-07-12,0.9620884714614965,0.8294187123136062,0.5641137199416332,0.4773398070055454,0.28790540837640904,0.1867405648510557,-0.15707807932765186,-0.32160301211777703,-0.6157970793368378,-0.8169654061605562,-1.7790538776220537
2024-07-15,0.9432655291752355,0.810070456782111,0.5480099596673076,0.4601901219849164,0.2702603339175584,0.1704919724444231,-0.1705296710689583,-0.33403731928024055,-0.6272162371777044,-0.822494914202581,-1.7657604433778176
2024-07-16,0.9406929289918058,0.8057202010156281,0.5436516103556549,0.4591882085106512,0.269668261239583,0.1713595002397553,-0.16813292964988139,-0.33164466135699794,-0.6224826399535377,-0.8110022308362137,-1.7516951598280204
2024-07-17,0.9341245257556527,0.7994405388273992,0.5358521153825377,0.4497322116015899,0.2611926730341269,0.16001603334789946,-0.1828546393811146,-0.3449222995708061,-0.6389380526850559,-0.8282009311960489,-1.7623254569517024
2024-07-18,0.9307031929645272,0.7981696391694104,0.5332351518117354,0.44865783993971137,0.2607264526572306,0.15820206935963543,-0.18281890053110397,-0.3443972365394934,-0.6363740915668858,-0.8237146970593543,-1.7544178900238823
2024-07-19,0.9402080990794298,0.8039085983523273,0.539571109791586,0.45639308453033384,0.26718124255656023,0.16574562666498927,-0.17619269128898282,-0.33859202824716006,-0.6294999797657858,-0.821711165868349,-1.7619192649477797
2024-07-22,0.9460349870040337,0.8099194517941181,0.5456167556773653,0.4614938230443554,0.27057392999297863,0.17022542410592406,-0.1699313541682379,-0.3333888708244271,-0.6260803978562131,-0.8214820570277557,-1.7675170440317902
2024-07-23,0.9308464852804051,0.7946109831148522,0.5291362722553073,0.44147347519919744,0.25217419108796174,0.14952987593093386,-0.19188118803372037,-0.35868920626034745,-0.6528030372343503,-0.8500316405026497,-1.7808781257830557
2024-07-24,0.9135651194542179,0.7789031827378076,0.5128183088474312,0.42611902687664494,0.2365083465805703,0.13541107871060784,-0.20710027013179488,-0.37379690854547976,-0.6691113382043132,-0.8645817543805889,-1.7781468738348076
2024-07-25,0.9249485180406676,0.7879518085536563,0.5202656042834873,0.43314461190174075,0.24303488000892112,0.14092044420785388,-0.2024902078179352,-0.3705246498639988,-0.669059322854939,-0.8720080026384935,-1.796956520679162
2024-07-26,0.9419907108308225,0.806408709212905,0.5391625994756268,0.45121850631605853,0.26001904715808866,0.16042842159793924,-0.18627018037747248,-0.3556770975891051,-0.6552480876338348,-0.8603476487110968,-1.8023383595419202
2024-07-29,0.942173547870699,0.808164532399439,0.5394638779406266,0.4524356680323699,0.25985773104726334,0.1620021619988537,-0.1846390032940992,-0.3540781651557225,-0.6566346734703429,-0.8598612063697387,-1.8020347542404387
2024-07-30,0.9507766317728743,0.8158366274335314,0.5475839168609452,0.45989587235755713,0.26669894689374635,0.16620109556502488,-0.18079704877226144,-0.3507691094586517,-0.654762805343485,-0.8613008892826702,-1.8120775210555455
2024-07-31,0.9806457393670691,0.8478231478278697,0.5810259363590701,0.49407512879731597,0.30197530768941716,0.20177155841609584,-0.1429254172483826,-0.3124087485716668,-0.6173041418535193,-0.8290747074978719,-1.8097204468649422
2024-08-01,0.9823368638665763,0.8485215096261134,0.5830836701092453,0.49528778275350993,0.30245085243770975,0.20289744977383647,-0.1425899020159743,-0.31248870890193714,-0.619543630645259,-0.8314047037024668,-1.813741567569044
2024-08-02,0.9724790704172489,0.8412896051739575,0.5738571079518493,0.4849721798678791,0.29013484840460696,0.18966603046911462,-0.15714334136117242,-0.33048360176904773,-0.6376513901655789,-0.8497986033044658,-1.8222776737217157
2024-08-05,0.9521722203752832,0.8217711684200057,0.5510736053990268,0.46362275433280936,0.2651565401836376,0.1640141524209445,-0.1851841821453501,-0.35844761273607956,-0.6669134237501597,-0.8824754188482282,-1.8346476392235125
2024-08-06,0.9729332086459513,0.8449458910926985,0.574596552798127,0.4854707865541888,0.285340591576607,0.18497623239772124,-0.16581932781407,-0.34143394223697426,-0.650410691157911,-0.8729302694834444,-1.8458634781293968
2024-08-07,0.9742717518065133,0.8448079108581134,0.574787698953832,0.4839943539688433,0.28487173536787674,0.1825698352051788,-0.1646259996736254,-0.3401559305021406,-0.6484428604544961,-0.8731961516876887,-1.847467903494203
2024-08-08,0.976367391507034,0.8479370872447155,0.5760799503946868,0.48504237480235907,0.28354157600816154,0.17993706801594345,-0.16818886764323024,-0.3479788486756165,-0.6554455049099367,-0.8824548793090451,-1.8588222708160802
2024-08-09,0.9722120338563838,0.8420085039478393,0.5690073993529635,0.4785748157798844,0.27563375227273357,0.1714518316524986,-0.1763137951583024,-0.35728624260346276,-0.6651921001137923,-0.8871821088022549,-1.8593941426586398
2024-08-12,0.9714393806375228,0.8384246962597386,0.5651532569165687,0.47059662219630305,0.2691548784019441,0.16561145725664964,-0.1842991771549331,-0.3673734121205934,-0.6753840467839103,-0.8955490210152471,-1.866988401652771
2024-08-13,0.9793868652013938,0.8461621448104514,0.570616328621522,0.4772306581191197,0.2773381400760286,0.17297546441989692,-0.17735563720330413,-0.36018620756042663,-0.6693249826063279,-0.8878425260904607,-1.8672293912918556
2024-08-14,0.9757890584410961,0.8402752134829714,0.5658363853293915,0.4707044841573458,0.2703235352690572,0.17080750994474247,-0.18194203764597805,-0.36519989080083215,-0.677668234726661,-0.8951159756658474,-1.8709050341069446
2024-08-15,0.9799943918394324,0.8459921446822463,0.5730714979672806,0.4794558738539956,0.2800224066663834,0.1812814991126825,-0.17049657059588813,-0.3556492698392479,-0.6690223636502414,-0.8854999499607396,-1.865494341800173
2024-08-16,0.9745254260218107,0.8431090959468013,0.5683365706759113,0.47398068274428506,0.2765000353876938,0.17915090083298799,-0.17631033786866912,-0.3618272730650235,-0.6728671779702442,-0.8943866348235491,-1.8689120608453609
2024-08-19,0.9699785368051527,0.8398578898078197,0.5646641056623546,0.46888201172248245,0.2730133544792327,0.17282110755241076,-0.17901022064270244,-0.3639628895051055,-0.6774346132696502,-0.8976938322546248,-1.8676723690597785
2024-08-20,0.9516391066915196,0.8219694737277167,0.5455822999879201,0.45112558696715116,0.25526918981327446,0.15585688783474178,-0.19591374864028355,-0.3838293988323986,-0.6925214783813333,-0.9114248642713171,-1.8630639709628376
2024-08-21,0.9498957487091358,0.8202259173297107,0.5430510564778349,0.4485396930909847,0.2528095886623733,0.1529642101945616,-0.20057528099949723,-0.38700011585141614,-0.6967286392893651,-0.9147906786381431,-1.8646864273472799
2024-08-22,0.9376614559605729,0.8078022763430055,0.5289222806599515,0.43321756544930157,0.23649068966880066,0.13651274498990448,-0.21731941443483885,-0.40305937105667744,-0.7136625445924984,-0.9298807493779773,-1.867542205338551
2024-08-23,0.9267570435107628,0.798542889715343,0.5230270990464533,0.4282446762518557,0.23236674995752257,0.1330613262421696,-0.21874204575491346,-0.4063084369251137,-0.7146112513002975,-0.9305926539785613,-1.857349697489325
2024-08-26,0.9444120092347273,0.8165792801706985,0.5385115516281208,0.4427328712583791,0.24356367129942638,0.14228797766363271,-0.20821132309324608,-0.4001981445378978,-0.7105797973323205,-0.9303928879021247,-1.874804897136853
2024-08-27,0.9362648520216056,0.8049395667780092,0.525941432785181,0.42935645290281443,0.23020210551754677,0.12665813353014568,-0.2241443184198934,-0.41699865805660613,-0.7278577253517753,-0.9466785226384289,-1.8829433746600355
2024-08-28,0.9475071772709132,0.8138453988072575,0.5330552963637432,0.43507858224254875,0.23596532818023214,0.13150241605971594,-0.221975160166999,-0.41417193620528536,-0.7265558414061175,-0.9497668124125173,-1.8972739896834314
2024-08-29,0.9612820464780559,0.82647690434548,0.548152432321227,0.45045147247152395,0.2515469771867073,0.14547701162055598,-0.20569263038263919,-0.3980976164078823,-0.7104911338555444,-0.9389733892980724,-1.9002554357761292
2024-08-30,0.9756065715359074,0.843278506866252,0.564132675494646,0.4682730916260794,0.27004980620150687,0.1656146389317278,-0.18584642001648133,-0.3759756125250932,-0.6870109546922091,-0.9137243228938955,-1.8893308944298037
2024-09-02,0.9636791111225574,0.8306561798836708,0.5488448706140158,0.45317664755435394,0.2538418302711738,0.14951790507774174,-0.20548913385645828,-0.3946596940578662,-0.7079059058317357,-0.9370307167355,-1.9007098278580583
2024-09-03,0.9690816405873907,0.8384743757407497,0.5578925665644715,0.4630479037707568,0.2636900721001893,0.15955526372653075,-0.19440021234944593,-0.38330412734259567,-0.6956298066178119,-0.9293723263529879,-1.8984539669403795
2024-09-04,0.9620671427555461,0.8324192103638777,0.5521075758716435,0.45874440081686635,0.2584939560664024,0.15398744271751463,-0.19938611112733098,-0.38756962532505046,-0.7038919207248272,-0.9410062155290334,-1.9030733582845802
2024-09-05,0.9718831883209109,0.8428624857635599,0.5604062312140486,0.46947712020108284,0.2676986984003791,0.1656994772562052,-0.19127110695269844,-0.3803179164524001,-0.6962765537756096,-0.9345346404598405,-1.9064178287807523
2024-09-06,0.9520108721352739,0.824703349493641,0.5392571064400011,0.44935592802354674,0.24708390034650263,0.14779881593874564,-0.21065216630139044,-0.3990805910540504,-0.7158968275290859,-0.9494387393614618,-1.9014496114967365
2024-09-09,0.9513788108075845,0.8264270581114848,0.5417330445441103,0.44811945798157615,0.24581967715542571,0.14575574623792642,-0.21400901344978968,-0.4034774580243635,-0.7215964028824958,-0.9586133382948665,-1.9099921491024519
2024-09-10,0.9602898836630308,0.833929528770437,0.5473758765129343,0.4541823878136533,0.25188482985568367,0.1503482091919086,-0.20756261602125703,-0.39850492604753757,-0.7162753029810115,-0.9558248024237329,-1.9161146860867646
2024-09-11,0.9562187199653311,0.8278413248862128,0.5433162832281964,0.4499166315568356,0.24837434120983276,0.14475949405963362,-0.21162611066018916,-0.4028408347156327,-0.7189789043544931,-0.9585437731505702,-1.9147624931159022
2024-09-12,0.9542087363553979,0.8274382651398872,0.542407718473259,0.44619214163179877,0.2463697285481854,0.14434259167951752,-0.2141858253164462,-0.4066900540487156,-0.7240648006380208,-0.965562326756572,-1.9197710631119709
2024-09-13,0.9392618069923413,0.8150479770539163,0.5302551683950755,0.4324877091215168,0.23520873251053268,0.13191324982881936,-0.22745358166534563,-0.4213343534018265,-0.7404763262747438,-0.9789502947654188,-1.918212101757761
2024-09-18,0.9277570345616862,0.8049021754818562,0.5214820513715419,0.42481236320559634,0.22751572316033492,0.12588736201961964,-0.23340418610872113,-0.4231883402529258,-0.7436164115344058,-0.979036752669518,-1.9067937872312049
2024-09-19,0.9533985688191218,0.8319937139218642,0.547600735040461,0.45026206008287395,0.2513080952501191,0.149995330914718,-0.21147997421366868,-0.4047195913303895,-0.7257368036173777,-0.9632758426596791,-1.9166744114788017
2024-09-20,0.9475206966357966,0.8266938948214695,0.5415513695062179,0.44397677823706383,0.2463871036536035,0.14621434318357776,-0.2142122290798052,-0.40914799977941124,-0.726725592871898,-0.9618950218273129,-1.9094157184631104
2024-09-23,0.9492935956465276,0.8284155027624576,0.544147930389766,0.4469216433834509,0.24831268871087067,0.14804871506574646,-0.2124537295161342,-0.4074050822128703,-0.726736854680112,-0.959420577430837,-1.9087141730773656
2024-09-24,0.9835838991677436,0.8626987275078983,0.578622246081477,0.4822411207380134,0.2844835583458911,0.18389455062854193,-0.17738317943631582,-0.3714837327616331,-0.6893617129514278,-0.9200612419944335,-1.9036451411621782
2024-09-25,0.9937816347719883,0.8746651191176469,0.5895980006839334,0.49467334182318684,0.29591121340054194,0.1951708751689843,-0.1637101432090784,-0.35984587398037127,-0.6784100931078839,-0.9076286973756391,-1.9014103321476286
2024-09-26,1.0236403152780669,0.9069419426352738,0.6219897847684642,0.5283940496920093,0.331052139391188,0.23103132917746158,-0.12893055272940684,-0.32181968868654776,-0.6435954511799277,-0.8701150490400482,-1.8937553643181162
2024-09-27,1.0685624737101946,0.9497888959474998,0.6663452615209658,0.575750214958306,0.3792508497178594,0.2795174767211646,-0.07748154030443435,-0.2681554049595152,-0.5855124201536295,-0.814246381081688,-1.8828088547918838
2024-09-30,1.180739135363865,1.0566463018868744,0.7701175704165195,0.6859913541634994,0.4920178763885026,0.3914583516810278,0.034429762990135296,-0.1542896168018343,-0.4697456863278792,-0.7028864000098444,-1.8836255353737104
2024-10-08,1.2645805571666366,1.1310938635408623,0.8399931065911009,0.7614516569425448,0.5764802609991224,0.4714226340029285,0.11835625416952779,-0.06330930595625878,-0.37870419324147353,-0.6283309410946941,-1.8929114982613318
2024-10-09,1.1703240585255474,1.0330123865558554,0.7425372167951052,0.6645264457143015,0.4744660466119862,0.36934056906476115,0.019080109957889585,-0.16542170546362414,-0.476805041822336,-0.7193076770778797,-1.889631735603428
2024-10-10,1.1790183928198963,1.0446124967988966,0.7537131901622726,0.674302213817521,0.48128875808390453,0.3736044994903117,0.019940315973830426,-0.1657605920063767,-0.48504955736982597,-0.7307004573279433,-1.9097188501478406
2024-10-11,1.1398462877060491,1.006760864292528,0.7169432394068928,0.6333477061311685,0.44209529246477364,0.33247154986198846,-0.02508435499809509,-0.20871081773760186,-0.5265949833418941,-0.7652298290087807,-1.905076116714831
2024-10-14,1.1654072984741508,1.0341847902510057,0.74412796603291,0.6637749897183789,0.47259820388179213,0.3648956165893481,0.008633136371446228,-0.17443959201619064,-0.48795796334905417,-0.7278851318818099,-1.893292430355962
2024-10-15,1.1522543794419071,1.0193945496328158,0.7293869414174975,0.6465670120290696,0.45536435237358946,0.3486213837429438,-0.008829921713344468,-0.19302638450532678,-0.5068621031863055,-0.7481813251812629,-1.9004357046231712
2024-10-16,1.1585203383139673,1.024714684756659,0.7350095491487033,0.6523322745066072,0.4598728689542459,0.35347975406802096,-0.005124163622980462,-0.19175506053990168,-0.5059322304488937,-0.7514640487783475,-1.909984387092316
2024-10-17,1.1526351179330445,1.0173368966031453,0.7271501951030567,0.6450215888712584,0.45443621874144646,0.34719439932002355,-0.009545997321969542,-0.19517066242298017,-0.5069821665765928,-0.7531870595769224,-1.9058221775099682
2024-10-18,1.1798967490414902,1.0430556705082918,0.7540564931662019,0.6749318180691264,0.4848938749368826,0.37952499515079574,0.025898660592271548,-0.15801463072463037,-0.46648735266509594,-0.7073212475538737,-1.887217996595365
2024-10-21,1.1940602716602275,1.0566660267011618,0.7664449498799004,0.6881101273207367,0.5005150079861153,0.39569405253737294,0.04534423174217675,-0.136711579291997,-0.4410108591401014,-0.6883042096722478,-1.8823644813324765
2024-10-22,1.207160274848941,1.0721489766260308,0.7833168050121668,0.7018244174710754,0.5130725899529432,0.4088767608663692,0.0542284467113423,-0.13174426146563428,-0.4400389259933335,-0.6867269862350145,-1.8938872610839568
2024-10-23,1.211178087168704,1.0772340390159563,0.788660171274867,0.7049456436281879,0.5171634001978385,0.41183849047506216,0.05523232707999433,-0.12886127891799892,-0.43968707236399657,-0.6890304970118959,-1.9002085841806011
2024-10-24,1.2131381265692578,1.0777247396988285,0.7897313662387411,0.7046032632264962,0.5148655590598936,0.40676990863229984,0.04972429482905339,-0.13728170135142717,-0.45099448412388926,-0.6985917986246282,-1.9117299251938873
2024-10-25,1.237700375532898,1.1006539868300378,0.812833834302022,0.7255513860130893,0.5386159719539783,0.43236648598119976,0.07202691817144471,-0.11442756254142,-0.43523051988362216,-0.6847632754209585,-1.9224636509538577
2024-10-28,1.2676628270836166,1.126089769058132,0.8410811596253573,0.750039337100795,0.5621477448916161,0.45654109815721144,0.09373309696161268,-0.09376983439047484,-0.4191099315769778,-0.6702797204568787,-1.9379425475404968
2024-10-29,1.2431609188056822,1.101559640140485,0.8138853008843822,0.7262229998991236,0.537275313305,0.4335854514320736,0.07291731823299774,-0.11583305970202414,-0.4365817364682934,-0.6828935718468534,-1.9260544906525372
2024-10-30,1.2397396686917048,1.0982010141848084,0.812371911505996,0.7265351567669672,0.5356998282002728,0.43603838743387896,0.07299392993790366,-0.11455044811405635,-0.43390892349321936,-0.6826431443936938,-1.9223828130854002
2024-10-31,1.2544479223197018,1.1140505345512393,0.8282733597186536,0.7387868535127745,0.54800941111376,0.4513740799050182,0.08612063624123271,-0.10037205356683046,-0.4208049553100999,-0.6692996251698037,-1.9237475474895072
2024-11-01,1.227872850296118,1.0879261967954237,0.7999521468558541,0.708823587574276,0.5171871975247153,0.4181383983276715,0.0532383350684519,-0.136572385259143,-0.45204442214137663,-0.7091208879453011,-1.9369937382414208
2024-11-04,1.2515572833078392,1.1111158305450333,0.823898753267027,0.7307182168042433,0.5403944497567689,0.4387258722915871,0.07482978212745424,-0.11489197383748811,-0.43125984530363426,-0.688675984797821,-1.940233268105662
2024-11-05,1.271066913560978,1.131545272544465,0.8479966983047867,0.7584165109928547,0.5687525518293872,0.46971246682639484,0.10675832460205047,-0.08101679644426081,-0.3968614667779353,-0.6473001528743645,-1.9183670664353443
2024-11-06,1.2757016962361092,1.1381924863748338,0.8541480374484396,0.7656316769684142,0.5743062622025656,0.47585280583981104,0.11341379816515956,-0.07529096681755164,-0.3935261346654585,-0.6461111154313597,-1.9218128116674706
2024-11-07,1.3015596731466734,1.1646603101585078,0.8813565655772936,0.7897986965740179,0.6008772221168189,0.5014382824744632,0.13457478461385344,-0.05273736506075406,-0.37355087768136386,-0.6273503071317157,-1.928909980278391
2024-11-08,1.303798419564279,1.1638384808564615,0.8813806744887369,0.7916022811951635,0.6020429553697773,0.5014115385701797,0.13731065350163882,-0.05064209218024726,-0.36897158836926464,-0.6227681076062239,-1.9265665271705048
2024-11-11,1.3291694541126937,1.183664490335602,0.9024092137320118,0.8152097308337722,0.6226303591726107,0.5218896225529823,0.16020053295459397,-0.027500888548422704,-0.34494027147952977,-0.5986810825553733,-1.9278505366680687
2024-11-12,1.325056772593714,1.1794501991396213,0.8964983347732727,0.8073253313866932,0.6147232292729978,0.5117197239046404,0.14797133480123373,-0.042498783845988125,-0.3613070763804347,-0.6168247571379778,-1.9418815297316934
2024-11-13,1.3310903166895827,1.1833596301831657,0.9006588636317122,0.8098496815172455,0.6172235020830189,0.5132752352406004,0.14760825605332,-0.04252742061197231,-0.3621757087326141,-0.6166787697942672,-1.9477690864838515
2024-11-14,1.303545455271207,1.1564608373749505,0.872310817061268,0.781968255752856,0.5871131270759111,0.4846010994900637,0.1166622658780537,-0.07652271639064065,-0.39335803290920673,-0.6499503886761222,-1.953495843947331
2024-11-15,1.2910397444616133,1.141843194838012,0.8554834871113065,0.7630785052534743,0.5699653783035186,0.4649810242171798,0.098379644491634,-0.0980972171007984,-0.42053182507291526,-0.6835079807068014,-1.9745477251684165
2024-11-18,1.2738822409788153,1.1269749754883063,0.8384103165252204,0.7433125597757055,0.5467967057425885,0.4407866512714879,0.07216503949438283,-0.12567728943446208,-0.45136900415749315,-0.7143549814019079,-1.988237222380725
2024-11-19,1.2994125035044284,1.151004254507527,0.8648246487026743,0.7697253594087518,0.5720578234621136,0.4667670511141392,0.09675982450789895,-0.09692523025437938,-0.4232619287364202,-0.6861911639172263,-1.9856036674216566
2024-11-20,1.3229881334368048,1.1734328411142925,0.8858604621770008,0.7913188944626233,0.5933009864037123,0.48965887646899675,0.11666219580639003,-0.07772932443308822,-0.40494718942381125,-0.6697213938574749,-1.9927095272942814
2024-11-21,1.329525081247108,1.1798399284253047,0.8908138320510014,0.7956252347609359,0.5963269662251244,0.49101070711500633,0.11694407224310258,-0.07962350178786537,-0.4065926565062177,-0.6701379109333292,-1.999662992180439
2024-11-22,1.2922044707363922,1.1438208049744947,0.8536878747492087,0.758098999499998,0.5591028102229318,0.4534173164823181,0.08066318046021632,-0.11702863810683889,-0.4446925968387839,-0.70824836459106,-2.000452835327454
2024-11-25,1.3174432384336145,1.1684670060886468,0.8765202429412707,0.7769730969730237,0.57477437586116,0.46682553124023163,0.09155025979385129,-0.11216897448539487,-0.44370002458141106,-0.7130249262649909,-2.030468164698607
2024-11-26,1.3128147805641073,1.1648452615409284,0.8715696145642502,0.7687092393095442,0.5656460991348603,0.45637567428479303,0.08360771486338116,-0.12219304190125366,-0.45566325091075105,-0.7281090335699274,-2.0409238141340365
2024-11-27,1.3252344339829354,1.176641462612846,0.8854099249401194,0.7830471250197597,0.5803423756220665,0.4754112964069964,0.10338189622218058,-0.10092414928510383,-0.4314740898316117,-0.7018096098951603,-2.0270440438780977
2024-11-28,1.33521089269793,1.181948266094776,0.8916970891084123,0.7881630721709252,0.5811234617272858,0.47493144755467465,0.10177479998864634,-0.10394105569506815,-0.4342984815001058,-0.7083368444486404,-2.0435477371465725
2024-11-29,1.3487793605062581,1.1961201709014309,0.9049379517845918,0.8027460036966881,0.5946688727135547,0.4898710570510522,0.11455385956593124,-0.08633769516636461,-0.4165642171139774,-0.6868788222179365,-2.0356581827241964
2024-12-02,1.3670969460770888,1.2164043801707902,0.9266355033333977,0.8255019625525656,0.6178892507832499,0.5118854632380192,0.13576345495565645,-0.06689407868110409,-0.3973431212363799,-0.666330745093477,-2.0334276911705675
2024-12-03,1.3710189948158058,1.2210552262650192,0.9296117533958392,0.8281733367503588,0.6185350337711837,0.5127315243162219,0.13621251617065896,-0.06794529744766663,-0.39713076496584815,-0.6675318185140899,-2.0385508133298975
2024-12-04,1.3561869759695113,1.2062832015304465,0.916262999541525,0.8162130276554886,0.606860427226962,0.49850770259984256,0.12126660737843746,-0.08404417025502801,-0.41355767611712385,-0.6798644557058735,-2.0360514316753866
2024-12-05,1.3700009228509518,1.218998402095797,0.9279742376516226,0.828100570973972,0.6204894532997572,0.5096456002271618,0.13392368461193666,-0.07059267658933856,-0.3985552097149929,-0.6664504151514715,-2.036451338002425
2024-12-06,1.377911039756401,1.2298303659996594,0.9396100971669471,0.8389687551304712,0.6299365676824208,0.5221757869493767,0.14545324998382728,-0.06144412666877547,-0.38995441234187034,-0.6585711422936581,-2.0364821820500607
2024-12-09,1.3834138538805356,1.2320850732301465,0.939505742942765,0.8409121640875707,0.6288128472342889,0.5212805369703668,0.14192407745461305,-0.06600126732803496,-0.3950324167876236,-0.6670142585686321,-2.0504281124491692
2024-12-10,1.3874111370125424,1.2356243658349175,0.943350113422014,0.8470854486765759,0.637752069221204,0.5291696481048933,0.1492123450160562,-0.054851642316781635,-0.38265531013191273,-0.656076177272521,-2.043487314285065
2024-12-11,1.397429698051747,1.2500964994143096,0.9578645731938183,0.8624524140593177,0.6536218173540309,0.5451884926373171,0.16497807036099868,-0.04007904621998002,-0.368353210589822,-0.6508979833649022,-2.0483276814166507
2024-12-12,1.4116760122366359,1.2635701564667774,0.9721017490020758,0.8728375768997776,0.6651952528384304,0.5510100120761213,0.17153425958668658,-0.03484711254615268,-0.36081661690696876,-0.643701316942889,-2.0553773291795263
2024-12-13,1.3951921570834889,1.2467449774089587,0.953304261017931,0.8538434480792756,0.6457708350977924,0.532520495671283,0.1541472193828471,-0.05681622736586848,-0.3763234145185371,-0.6630661324102803,-2.0582582894937707
2024-12-16,1.396942228924928,1.2467854162531933,0.9510044877319587,0.8501381293183535,0.6405118989240904,0.5258677541216121,0.14676652184181818,-0.06613005439480694,-0.3896734826589966,-0.6784902448532798,-2.0754324737782093
2024-12-17,1.354246584386095,1.2063746984112995,0.9127692406702164,0.8158008063101492,0.6066404432462693,0.49184399875990387,0.11460567314283746,-0.09968640589949881,-0.4219372608551719,-0.7034590439928313,-2.0577056283789275
2024-12-18,1.3554473012484851,1.2100400074314592,0.9163819512349181,0.822287254214943,0.613294732787975,0.4967920588810961,0.12301199944424451,-0.09216089014473304,-0.4117727667240266,-0.6911676489495496,-2.046614950198036
2024-12-19,1.3540114776700023,1.2103949570436818,0.9182820586432539,0.8230273450651335,0.6134123913135175,0.4988282768794726,0.12327996220277013,-0.09185911830153472,-0.4102083470863805,-0.6909390504598247,-2.0449505281298284
2024-12-20,1.3717326012627438,1.224803588022267,0.9294770428401428,0.8315777140727086,0.6237622997193684,0.5084490268295458,0.13189589603217444,-0.08040398667477705,-0.4002481153493785,-0.6788075357336277,-2.0505401369963727
2024-12-23,1.32672030028261,1.1790725306259833,0.8888441731020001,0.7921332588386619,0.5859614591328407,0.46772709323777545,0.09243890762735214,-0.11841958352076809,-0.4369026441809312,-0.7161355443526043,-2.0428558446352154
2024-12-24,1.3345736583922323,1.1900708577612789,0.9018429556563551,0.8043318779746543,0.5983431482867739,0.4811008808362135,0.10176616315954189,-0.10554154979329658,-0.4265779875433169,-0.7085091950730241,-2.0430828534652576
2024-12-25,1.313716793154891,1.168738389026634,0.8819044393550127,0.7838808803982013,0.584013761308658,0.46482953521825576,0.08245355515121164,-0.1235218452077301,-0.445269209816505,-0.7281376370812821,-2.0418544302361745
2024-12-26,1.326404805965238,1.1798988621094806,0.8940606210512924,0.793560332208617,0.596249230160024,0.4748551386998806,0.09576237425090124,-0.10943956052741577,-0.4318355044916159,-0.7127692804184319,-2.0391740863836714
2024-12-27,1.3377004193984252,1.1943105969916146,0.9052675795202246,0.8037920757685127,0.606642192562269,0.481213805861508,0.10247791494280901,-0.1058899790921402,-0.4312118032326415,-0.7157126930551435,-2.05341311245357
2024-12-30,1.3274932610363466,1.1835903584526977,0.8921892837910798,0.7947761160786557,0.5961576043618532,0.4729517456511567,0.0926617201987071,-0.11413445020233114,-0.43904170707701246,-0.7240987161292955,-2.0515919771656432
2024-12-31,1.3076424862033917,1.1636571241058409,0.872327641725123,0.7717972115713612,0.5722522642374894,0.44859004291207694,0.0650664384832423,-0.143159591835481,-0.47007039935098494,-0.7612374547982392,-2.068879941001632
2025-01-02,1.2908565780109187,1.1464597904276732,0.8528182743545445,0.7520300216955004,0.5547326999588866,0.4281893959440501,0.04614612578345308,-0.1628378719659513,-0.4877966638325832,-0.7820162810518645,-2.0728728590627843
2025-01-03,1.2561655141591583,1.112318629355993,0.8172708210748776,0.7150148797065525,0.5175805807651475,0.39634752724696776,0.00811066479055065,-0.19992194917652995,-0.5291906759172473,-0.8231911486775151,-2.0793566628366746
2025-01-06,1.2583772780043005,1.1159082465534405,0.8177263762764647,0.7174109973328093,0.5169304909787981,0.3939008687875271,0.0036790976311981216,-0.20919951134497386,-0.5393388378243884,-0.8376482245787895,-2.096025502583091
2025-01-07,1.2808001786504888,1.1375704711670154,0.838726503431178,0.7360188520559433,0.5363027296228641,0.4141766203148427,0.023760143262708696,-0.18871561555432292,-0.5135698500393114,-0.804321615559744,-2.085121794210234
2025-01-08,1.277053866248851,1.1346525229227846,0.8353485359514028,0.7326035741631597,0.5323427349287708,0.4111862620721011,0.021429585931590524,-0.18993408040001042,-0.5125046594215656,-0.7999097856462561,-2.0769636518951087
2025-01-09,1.2777274167948154,1.1365235707634376,0.8374840859538649,0.7332389722627518,0.536132027458683,0.4128444983291032,0.02298999189591499,-0.18511739530820634,-0.5075770449017765,-0.7941116950850194,-2.0718391118798363
2025-01-10,1.2547094107853003,1.1130099150692876,0.8114233825670425,0.7050992449539322,0.5088213860633682,0.3887775548626966,-0.006144541989062474,-0.21419564254733198,-0.5364894886055515,-0.8244691883513982,-2.0791785991367
2025-01-13,1.2624147793424523,1.1195667615967144,0.8193716248934338,0.7087494691722513,0.5125383555027097,0.3919073593138239,-0.0036593363155826356,-0.2146830351790002,-0.5380893856200096,-0.8289244013451902,-2.091339180687644
2025-01-14,1.3059222994557218,1.1622344913568876,0.8612450927999606,0.7503786621490308,0.5549586344098761,0.4360955895377798,0.042193203263675615,-0.16678487207095577,-0.4863683403980291,-0.7710857683626776,-2.077008067818401
2025-01-15,1.3034824447862121,1.1586966758583648,0.856504829911297,0.7463077759961421,0.5489702454993168,0.4319829456170702,0.03627252644632078,-0.1719004616857575,-0.4930896965227056,-0.7786307817479198,-2.0821132265341333
2025-01-16,1.3075979238063071,1.1636062316362805,0.8615835432573056,0.7519237620682809,0.5551260231334284,0.43720890804418705,0.044129143370093396,-0.1650499154765408,-0.48598621916023094,-0.7740614890457639,-2.0816594128520727
2025-01-17,1.310082361008155,1.1670986873164588,0.8637640932925634,0.7533603127696736,0.5552608515418246,0.43843989559707974,0.04576529843964586,-0.16318075615683916,-0.48627742505070765,-0.7731097125194062,-2.0831920735275626
2025-01-20,1.3248262255583714,1.1817303950987443,0.8743339850275872,0.7636699850471863,0.5637863378219213,0.4463335251582014,0.05272095693032075,-0.1565420838187268,-0.479218927111105,-0.763086127185098,-2.087912352743471
2025-01-21,1.3203814898231099,1.175281327515804,0.8692943847236527,0.7596524685492742,0.5607809831594298,0.44350527867339534,0.05282352366900289,-0.15656483664092363,-0.47509288771631386,-0.750113915625545,-2.0704954054486566
2025-01-22,1.3134259362731868,1.166165099474971,0.8583161552858646,0.7483382193963999,0.5505051628591504,0.4314913404495328,0.038981021330177876,-0.16866339956937232,-0.4858234063801764,-0.7581109457737186,-2.071536882046907
2025-01-23,1.3190461643776856,1.1694125070533887,0.8583307625576152,0.7468375053575227,0.5487161333626137,0.43042127664830093,0.03649242549326148,-0.17216146741164215,-0.49081204971562387,-0.7640329074052793,-2.083079071782967
2025-01-24,1.3282963608589953,1.1796326641118853,0.8673722473845052,0.756266285926324,0.5585820728522828,0.44252829564247587,0.05004688591455398,-0.15957973621845473,-0.4747885369149335,-0.7437142984320299,-2.0720106592910272
2025-01-27,1.3279250297360095,1.1806979109957838,0.862368622310868,0.7500978406994782,0.5509798680382537,0.43356726233320286,0.039715063840596504,-0.17367052411779207,-0.49452514012031634,-0.7755635099609393,-2.1034885396969507
2025-02-05,1.3388462682550064,1.1897300124744843,0.8724060784430295,0.7597536210830466,0.5626133593426211,0.4443657451335928,0.04948357034811691,-0.16341756091149184,-0.4814065797073322,-0.7658789915773518,-2.1047252598323603
2025-02-06,1.3549786986420302,1.2057818141036953,0.889657451597128,0.7778870703247607,0.582125710848405,0.4647971261862268,0.07182055172612872,-0.13657522577426337,-0.4508336817696642,-0.731778911804793,-2.0867576104468255
2025-02-07,1.3627053582872957,1.214510533410354,0.9010671179799817,0.790532188495059,0.5947899203574624,0.4798801061292517,0.08527138987042507,-0.1236184489489266,-0.4360006153789177,-0.7156979312453805,-2.0784032895326785
2025-02-10,1.3809257763732419,1.2321863614612591,0.91940687977563,0.8082695017114276,0.6123101466580598,0.4986364715396593,0.10203277237624832,-0.10582643681631108,-0.4206542238102277,-0.7020583866529797,-2.082984163026224
2025-02-11,1.3782917036166704,1.2292508236643638,0.9148799636516056,0.804665859610613,0.6075884758058391,0.4939065086159079,0.09856154408119755,-0.10901652536876098,-0.42526696665994346,-0.7045793952261068,-2.082871098842779
2025-02-12,1.3825588685666443,1.2332196036615108,0.9205682803009654,0.8113841406477655,0.6161620867622787,0.5036572668535818,0.10963757146819236,-0.09516335005471732,-0.40760408882632204,-0.6848561294166922,-2.0674149979833385
2025-02-13,1.3693468308023171,1.2226489147906405,0.9108672285937447,0.8020870037107241,0.608671412934916,0.49524450537249104,0.1004839360905003,-0.10295901070449832,-0.4188357276025601,-0.6999487563619746,-2.0692955871642935
2025-02-14,1.3734089826566418,1.2262087859935933,0.9121831309935572,0.8038595629604459,0.6128037117733522,0.49705333328427026,0.10118777757785151,-0.09872006581308727,-0.4143039857575357,-0.6979126480126298,-2.0713216306692734
2025-02-17,1.3873022061420008,1.2417161598311108,0.9250322870835117,0.8144315969961742,0.6260206985075422,0.5039718874133966,0.11125209084789167,-0.09043778205382744,-0.4035425777762634,-0.6804596905959734,-2.0677618967379763
2025-02-18,1.366320155731731,1.2217015434366019,0.905606075519953,0.7911194582826674,0.6032971678098473,0.4812272485567328,0.08670668546186586,-0.115714944076777,-0.4320350976735754,-0.7117671052862504,-2.0780872610179832
2025-02-19,1.3841500485475187,1.2388986454829227,0.9215366517662621,0.8089263780344151,0.6235336667018159,0.5012141717816345,0.10873882116442525,-0.09127349455715558,-0.40490140733390206,-0.6780079004042019,-2.062157948951722
2025-02-20,1.3964356698729505,1.2497269707115226,0.9314742231999185,0.819183193838389,0.6342167996642724,0.5094656055529805,0.11752622344993473,-0.0842940276521987,-0.3978246634758083,-0.6742119789627932,-2.0706476488357453
2025-02-21,1.3967127141852167,1.2491281378342445,0.931980491324135,0.8198390184184023,0.6392122777014988,0.5184869740841503,0.12851222882965374,-0.06924973881313541,-0.3770032474724469,-0.647102198013348,-2.0438149121985663
2025-02-24,1.4041976649737071,1.257895250707521,0.9401593280686094,0.8238437277989757,0.6449039306147607,0.5220334053434946,0.13049045578913096,-0.07023144226425279,-0.37802566707093505,-0.6521611477553327,-2.0563588127290413
2025-02-25,1.4010202224368027,1.2534899004651798,0.9350290404368402,0.8212062871906725,0.6409720863870243,0.5177611783854466,0.12776523553588784,-0.07468482652491439,-0.3802108963786997,-0.6595416026776008,-2.060561825114405
2025-02-26,1.4152522980723214,1.2670691204726183,0.949218258114631,0.8364457689428776,0.6565925199643942,0.5339101635222407,0.1394182207383499,-0.05912191590857729,-0.3656479665935644,-0.6464837123411385,-2.0617360104134614
2025-02-27,1.417770298124343,1.2684439661099627,0.9496992692160228,0.8374851442086598,0.656580942599901,0.533872109455737,0.14014712526637185,-0.06079749030590427,-0.37289091341124014,-0.657594274624548,-2.0753645727488923
2025-02-28,1.3953163251286467,1.2477648561654524,0.9250204463695048,0.8130933716167925,0.6287647495611013,0.5040111957358513,0.10565152814374168,-0.09942905457464404,-0.41606558123866366,-0.7103993815802725,-2.1057157067089203
2025-03-03,1.4046086732934182,1.2547044334183575,0.9310962835337803,0.8189921099413894,0.6336755536904588,0.5114337964263166,0.11211475320041543,-0.09328878620960525,-0.41348461106358897,-0.7149873621601526,-2.1195960354535717
2025-03-04,1.4185043727152635,1.2683265345640793,0.9438114735977453,0.831333850362817,0.6445681589766155,0.5252783815191312,0.12365268101817208,-0.08068496084552698,-0.40010834886819757,-0.6993365848209826,-2.117840957536247
2025-03-05,1.412516395960075,1.2631657115896855,0.9424784861257545,0.830751589905725,0.6434243362453157,0.5260926186375541,0.1288898227654377,-0.07334576157336299,-0.3905133491491207,-0.6867586289402398,-2.0992750249003156
2025-03-06,1.4268651598199742,1.275412937413977,0.9556335906863491,0.8431090165671411,0.6571988273790333,0.542878623645276,0.14711616301679073,-0.0522191563977899,-0.3672132740102766,-0.6567904192493893,-2.0836555790693643
2025-03-07,1.4234290312610194,1.2724916423074868,0.9523615006019055,0.8387623369184029,0.6545473687222657,0.5395035938294082,0.14420985754839488,-0.057451206847415254,-0.3779863069762585,-0.6671441388367132,-2.0905731700977332
2025-03-10,1.4353056698479514,1.281971398000712,0.9606398536234761,0.8462841082400323,0.6611057431005902,0.5465275822623044,0.14827378836424907,-0.0544315308111793,-0.37765632460190496,-0.6708181246069674,-2.1061237944549194
2025-03-11,1.4389316086881716,1.2879260986540333,0.9665915563288134,0.8517481257896172,0.6642215120620747,0.5528510588984059,0.15247124593340802,-0.05117722936172888,-0.3768352050217126,-0.6681698270926119,-2.107101435780784
2025-03-12,1.440882651780358,1.2908703814496538,0.9696651716465887,0.8553239175955345,0.6703752195544485,0.5561911140822489,0.15762422135634502,-0.04569381347975561,-0.37132794350047865,-0.6643853459913178,-2.1052679977716764
2025-03-13,1.437469161181308,1.2871728047900142,0.9653773472328673,0.8485710217454455,0.6614452478014301,0.5462973596084197,0.14296878894585005,-0.06335081468061023,-0.39147124314000037,-0.6896890780739254,-2.127158239255234
2025-03-14,1.457706459762695,1.3038955533969063,0.9818416874037204,0.8638265666048262,0.6771082608250626,0.5616043547459455,0.15682013686194848,-0.04603500569268986,-0.3743668919639822,-0.6670433884235573,-2.124749848186253
2025-03-17,1.4654440022220854,1.3119125290952376,0.987563431754729,0.872314533605159,0.6822509038366995,0.565289221868716,0.1599638123359817,-0.04201858572631592,-0.3698022794922534,-0.6635134469874657,-2.1289574492095515
2025-03-18,1.4730066664002026,1.3172862506459257,0.9941513061631726,0.8775057552038632,0.6872431713813152,0.5697274535428057,0.16567883318387838,-0.0368467592596434,-0.36547644467713847,-0.659650735943599,-2.132657402343802
2025-03-19,1.4672113266618156,1.3142457037826807,0.9923697328232569,0.8749043319408913,0.6842926853293555,0.5656213895649403,0.16068786558542725,-0.042740156180776534,-0.372337272340855,-0.6702373714301691,-2.137448698091985
2025-03-20,1.4693468540546248,1.3172444145107662,0.9959340574693254,0.8751020200683015,0.6853831545279842,0.564846017035726,0.15904521780962155,-0.046788670970995774,-0.37756737285548353,-0.6791357549493361,-2.148482609003961
2025-03-21,1.4586686680962597,1.3073360848610567,0.9857793073232862,0.8633633446387107,0.6719452403927751,0.5480936597685679,0.14161738387612435,-0.0682885295985303,-0.40243798461210945,-0.7097591616402662,-2.168427829736526
2025-03-24,1.4337562087607705,1.288207498324367,0.9676753810961479,0.8462779280956,0.6576401849972744,0.5340073962866059,0.12945909889870202,-0.08155197817031336,-0.41513630547575364,-0.7187267280416633,-2.152482936802434
2025-03-25,1.4384825242118404,1.2916698431400042,0.9698696939683792,0.8478031302679784,0.6588148295571128,0.5319380652019903,0.1236941417067487,-0.08922612621872503,-0.42607610483765246,-0.7413173913260215,-2.179799915537862
2025-03-26,1.458026044981186,1.306486769336657,0.9812193782412691,0.8589439004747318,0.6667779048493956,0.5428531697564123,0.12933778869615956,-0.08235515456789132,-0.4213705074943317,-0.7350333573452796,-2.193059402326466
2025-03-27,1.4558325534317857,1.303982037944658,0.9773805385036979,0.8563711478207333,0.6625663775107545,0.5392600171916246,0.1251966539746808,-0.0884639279359869,-0.4285612533325293,-0.7422288227801103,-2.1980613762118963
2025-03-28,1.4409987882209345,1.2888776045583625,0.9637130393071346,0.8438134464785522,0.6491028781269973,0.5263230643718728,0.11212337599385286,-0.1030880010017561,-0.4400657761232792,-0.7510871296856843,-2.192085917906619
2025-03-31,1.4285307400441083,1.27763969135792,0.9513346370155994,0.8324352326151768,0.6375326692813916,0.5151007401213129,0.10149041172828896,-0.11291848327876994,-0.4520263437904203,-0.7568002234516648,-2.1853309634957734
2025-04-01,1.4527593302954926,1.2969227615892047,0.9686560225917431,0.8462732944463998,0.6494976981832397,0.5271185740099215,0.11265551289867137,-0.10521136270660561,-0.4481250307161992,-0.7626839556983899,-2.215443285993883
2025-04-02,1.4571993505757244,1.2985396031567218,0.97136873618063,0.8483171649194574,0.65288447625383,0.5284153842147911,0.114857109391682,-0.10500406160167428,-0.4468316671407603,-0.7588551095265444,-2.216054460102269
2025-04-03,1.456384989915027,1.3002753267882894,0.9705620268137428,0.8440724615095199,0.6480328026239213,0.5212536936847073,0.10466876901386632,-0.11545927711101271,-0.46138365794177405,-0.776676628701345,-2.233061618616372
2025-04-07,1.3290963659082289,1.180070318421441,0.8467628476040838,0.7191729063309085,0.5276108222016616,0.40528846831455634,-0.019661881261631375,-0.23257063377161125,-0.5781030929185684,-0.8901974236058254,-2.2192937895140545
2025-04-08,1.363117790900672,1.2154477011343516,0.8867487684888982,0.7615791310641045,0.5693830687244449,0.4415257802433622,0.017198091753729147,-0.19421413404214355,-0.5467315922718955,-0.8621800544980943,-2.2252978453987664
2025-04-09,1.388270511592061,1.2404855526459824,0.9124682422166311,0.7836697528575135,0.5937146953553075,0.46758165757853204,0.04129599678950513,-0.1674242923230287,-0.5215266402852133,-0.8330739973776718,-2.221344508969733
2025-04-10,1.4189823333810763,1.2700972794083214,0.9402264841985037,0.8109073730143144,0.6210622227107507,0.49164618617052197,0.0682498142277473,-0.14272152715079608,-0.4966656661153298,-0.8050701328789164,-2.2240524662599923
2025-04-11,1.4266655603857918,1.278031561553355,0.9475024082598058,0.8201506176323083,0.6270944706137894,0.5012252563277642,0.07691638513611347,-0.13298721024944585,-0.48764410473481395,-0.7935644588177958,-2.220230019203587
2025-04-14,1.4443509336922076,1.2980680992980596,0.9680571852453945,0.839548515622073,0.6465763673303319,0.5196981905324494,0.09294667653518798,-0.11459400943352957,-0.47167214652596884,-0.7792208883608416,-2.2235718220530485
2025-04-15,1.4507136111185766,1.3031776103399746,0.9712437575328705,0.8417415118608808,0.6475572424973735,0.5176323868408699,0.09081603440619286,-0.11756564340827443,-0.47591466032746454,-0.785183222167558,-2.2358968332861338
2025-04-16,1.436265917400248,1.288721115524778,0.9560203253210708,0.8287685638931803,0.6347682456271027,0.5027950457142141,0.07489514520627888,-0.1313970183344276,-0.49056587002416996,-0.7996159447745849,-2.235881862174832
2025-04-17,1.4506029192064311,1.2993806480347714,0.9660794454420514,0.8364765679380842,0.6422976228780319,0.5085126231449202,0.07791222250614784,-0.13006526822640702,-0.4899056349241124,-0.8028018312353545,-2.253404750441785
2025-04-18,1.4494096583912894,1.2990643806293714,0.9656520628516142,0.8360854061308812,0.6395451239727539,0.5068197263902845,0.07564391865577731,-0.1330198013571865,-0.49254671509696646,-0.8068371862295699,-2.2562468446208586
2025-04-21,1.463042482949371,1.3122881417363166,0.9808242189459282,0.8547017265275348,0.657758450872892,0.5244554016051558,0.09636363473386272,-0.11298405642848215,-0.47227837609980305,-0.7850437053584463,-2.2480861883078163
2025-04-22,1.4693080305294015,1.319512739216104,0.9869362263467394,0.8599303464463408,0.6598563469970439,0.5256893951708264,0.09330149653505657,-0.1129443992030928,-0.477745384533981,-0.7925811680789667,-2.2618891986083676
2025-04-23,1.4792689778129882,1.3274796270053157,0.9945174345783704,0.8657944399464774,0.6653344572504161,0.5334222284567699,0.09920732746583846,-0.1100605777556388,-0.4695750281190186,-0.7815486731138822,-2.2608176509268696
2025-04-24,1.4742490119375744,1.3217370639225212,0.9897416698964489,0.8591874779774724,0.6582733594260511,0.5270988743560224,0.09235659669184104,-0.11933760224067182,-0.4808016655740363,-0.7966865791115507,-2.2709355910491245
2025-04-25,1.4760441363516346,1.325696724173059,0.9915250048560709,0.8607115951613682,0.6623988626094084,0.5282967554933676,0.09614432097431919,-0.11766398843726783,-0.47801388863829664,-0.7942718458279634,-2.2703159821795973
2025-04-28,1.4650497392152906,1.3127191637758415,0.9792319530387584,0.8470366580753157,0.6482314262041339,0.5146720933828467,0.08308740871788517,-0.1307274825495919,-0.48843740114500656,-0.802927085656108,-2.267976824871398
2025-04-29,1.484560608262356,1.327971374594097,0.9918362356251639,0.8557808081915741,0.655990128234892,0.5235538249681837,0.08995896518940298,-0.12604404469597347,-0.4848887012179297,-0.7998806133215022,-2.284441221583857
2025-04-30,1.4965484901904635,1.3361936538552996,1.0025176317662445,0.8658200897771897,0.6630293278022724,0.5318043099385612,0.0979776607583085,-0.11921415211620534,-0.4742096207644831,-0.7910326732948619,-2.2875811634853247
2025-05-06,1.5231816215498146,1.3634084649499394,1.0291085383620329,0.8918064013451416,0.691332286167795,0.5587042885217649,0.12536327672087233,-0.09139624324863577,-0.44564780180877106,-0.7611251901781091,-2.284306811727923
2025-05-07,1.5330874436661834,1.3716664499334628,1.0362006384464544,0.8990850945320596,0.6970701224149535,0.5660459393322053,0.13093068881370992,-0.08560080836706124,-0.43951072658202495,-0.759523256273025,-2.2926106999392077
2025-05-08,1.546899530488586,1.3855088833957798,1.050468766483351,0.9129067773326985,0.707068416888837,0.5765470305229283,0.1395690090281632,-0.07747440510784456,-0.4335296495559587,-0.7549040261529498,-2.301803556641535
2025-05-09,1.5411195449525796,1.3787522971644377,1.041604880120017,0.9018928925816282,0.6983316816299583,0.5635636219737823,0.12708189040885612,-0.09103907573022343,-0.44892879552045406,-0.7719732307719739,-2.3130927757245527
2025-05-12,1.5500895546807378,1.3878377770075627,1.0520467985721835,0.914106379533376,0.7101497426821498,0.5787102018204968,0.14122572074779632,-0.07595145235789497,-0.4323462397635748,-0.7543177942984346,-2.3044073489791717
2025-05-13,1.548164898817101,1.3856613762966237,1.0512513862065207,0.9144604434496946,0.7081200833938455,0.5787183600883693,0.1395188878220417,-0.07637387539916986,-0.4359956384902784,-0.7564371155581926,-2.304602014375293
2025-05-14,1.545609677281083,1.384092342156602,1.0476843279885117,0.9141940096331389,0.708123954101555,0.5800951128906382,0.14010134182526696,-0.07362865696253687,-0.43185929675951656,-0.7478728833618898,-2.293482560642972
2025-05-15,1.5455079330480406,1.3830480136793146,1.0429194566427555,0.9073091180471239,0.6971938505492791,0.5691283558612816,0.12869160637493174,-0.08712856009234762,-0.44801334441216767,-0.7691679503850253,-2.314675883433065
2025-05-16,1.55294597794618,1.3892456565167293,1.0488796982556186,0.912089108066033,0.7018367889488653,0.5728404403982671,0.13380421048218627,-0.08084107279588391,-0.44285388576039597,-0.7649455411903096,-2.317891519136489
2025-05-19,1.5651956826885027,1.400794075881478,1.0602265634018149,0.9223000913643921,0.7111480437839395,0.5829259118918415,0.14064327237590693,-0.07550267147587719,-0.43817222235263165,-0.7673206702019927,-2.3325163528904946
2025-05-20,1.5779742174563791,1.411978223531998,1.0716337853424849,0.932400796648321,0.7212598799530122,0.5922181983226282,0.14909491660922497,-0.06706966632264537,-0.4320467202357534,-0.7634899310712887,-2.341464148527667
2025-05-21,1.572528933289658,1.4077899632238287,1.0664972718680956,0.9290854313202235,0.7156833247016584,0.5886554984377772,0.14288584487167483,-0.07072865831003287,-0.4371225500595485,-0.7694542538795305,-2.341983187169187
2025-05-22,1.5598124176096917,1.393732744373599,1.0564159065594647,0.9177864051127018,0.7045055683733735,0.5775249190851,0.12952320945476717,-0.08436077266936244,-0.4475627041745001,-0.7796339608592741,-2.3394463784689643
2025-05-23,1.5528496895005732,1.3853909867049095,1.048268314397937,0.9079819557045666,0.6947459056533212,0.5665400402104859,0.11969552495677116,-0.0947613397336982,-0.45982584682658617,-0.7924501755196697,-2.3452998650202415
2025-05-26,1.561853007896084,1.3953301399286029,1.057188712699659,0.9157091913169592,0.703594805243524,0.576257308400002,0.12883270554285053,-0.08624001903713997,-0.4518694878212408,-0.7839588966581662,-2.3458119045542487
2025-05-27,1.568098764471326,1.4015991723724737,1.0621378494271723,0.9165205335458423,0.706225000702892,0.5775041373101962,0.12884764755847233,-0.08626608049683616,-0.4531167183211159,-0.7895198635320877,-2.3576186280034124
2025-05-28,1.566302804232051,1.3989664143512823,1.060078301701185,0.9144351860043074,0.7049763262150717,0.5743612650943569,0.12552491755366033,-0.09119692721867449,-0.4585105663792432,-0.7940764790143802,-2.36037928324643
2025-05-29,1.5839327694721823,1.4145300067081883,1.07817511869176,0.93202294303162,0.7214933135708145,0.5912651148162485,0.14375053522120138,-0.07638806025921588,-0.44137826702490773,-0.7803612299423509,-2.364293999414532
2025-05-30,1.574245243870696,1.4034788390305282,1.06877375927023,0.9198680435691321,0.7111651951715897,0.5784781243531599,0.12875247836333298,-0.09179263770161522,-0.4573466892139853,-0.798409278068918,-2.3726545219396127
2025-06-03,1.5821959672875359,1.411383216516816,1.0775754238662725,0.9279004253418165,0.7197033482926708,0.5870185375130229,0.1378520528964476,-0.08242920310716915,-0.4492031816755308,-0.7911091979862251,-2.37330516527376
2025-06-04,1.5921836766187347,1.422879981323406,1.0905312524295427,0.9387479904865857,0.72888059692531,0.5960213604805263,0.14654534437730574,-0.0727755848623907,-0.44091460100682106,-0.7810948991190105,-2.373278575737744
2025-06-05,1.5938997334790521,1.4258755937829422,1.091836585983826,0.9399311734542696,0.7326188788180302,0.600759305205011,0.15180713672280766,-0.07167915942817123,-0.4339910586254092,-0.7734040264458429,-2.367303759924894
2025-06-06,1.6023700896526607,1.4322029242456225,1.0941161205574463,0.9430582555611605,0.7333302188588687,0.6006371404552793,0.15161101538529514,-0.07603240559874226,-0.4377272780068216,-0.7806042943443533,-2.382974383997013
2025-06-09,1.6134167950876124,1.442590083873238,1.1053186976148737,0.953195993022088,0.7444206122453337,0.612664745918616,0.16586015722184544,-0.06210426715034983,-0.4240514027396456,-0.7641284657523802,-2.3775452608399914
2025-06-10,1.6054747376902085,1.4346289163638566,1.0982504123433179,0.9438171960217223,0.736689837946281,0.6041214971307928,0.15671658763425708,-0.0700305640304845,-0.43379834210597334,-0.772193960691633,-2.3776686983818403
2025-06-11,1.6127957060241693,1.4407495042558067,1.1049242364207106,0.9504865593178186,0.740932595959406,0.6104467713567783,0.16138560239353633,-0.06456340757899731,-0.429051748304493,-0.7697648797547676,-2.382560585778936
2025-06-12,1.6152420042729894,1.4416937714622682,1.106235590492831,0.9531497559790668,0.7414008787514412,0.6126308087834388,0.1639525397976313,-0.06121321820307349,-0.42582778868832133,-0.7678598346466677,-2.383101838919656
2025-06-13,1.6014241382056538,1.4260278949057268,1.0912840175479086,0.9364630727966394,0.7235844240963603,0.5958548691147728,0.14587085729292965,-0.08089489780166526,-0.44396653259642915,-0.7831994931412003,-2.3846236313468525
2025-06-16,1.6110566979506165,1.434555889960265,1.099367374647024,0.9441798899618841,0.731512773158185,0.6018122234243083,0.1526396983150224,-0.07405543931848767,-0.436944101889764,-0.7701647782979054,-2.38122147624852
2025-06-17,1.6112033885376722,1.4340343868989196,1.099701297107945,0.9442835319668109,0.7302177793546107,0.6023589224210113,0.15221103923875662,-0.07770641140636053,-0.4387133458672144,-0.7764858205207817,-2.3876892090584523
2025-06-18,1.608010218165225,1.4322978246730267,1.096126263645395,0.9415311806244612,0.7254733810319456,0.6011949474153243,0.14811937194611685,-0.08088718547763472,-0.44233128426317064,-0.7780187432514559,-2.386028961416679
2025-06-19,1.59175956651565,1.4167764436644776,1.0827241540922221,0.9261884724993377,0.7098841922802197,0.5845739906889005,0.13058390406752501,-0.09873735780179926,-0.4615973439782317,-0.8007054359131655,-2.3924650024288137
2025-06-20,1.5890112288241804,1.4153519324742345,1.079436070997044,0.9217855645051156,0.7034017640992049,0.5788940926172575,0.12374331919323422,-0.109143400554734,-0.47150109668081425,-0.8129273686456481,-2.4019385974698264
2025-06-23,1.606977286517348,1.4313592066519587,1.0935272505511773,0.9366968533981633,0.7180296366162182,0.5927440400817813,0.13874062298613446,-0.09399934429455492,-0.45461099481779255,-0.7954078742599945,-2.40238516077734
2025-06-24,1.6320441534324843,1.4532715310254032,1.1150001700383934,0.9563376704813558,0.7384921954467697,0.6132440686005967,0.15700641283964584,-0.07615784082835594,-0.43736043213872455,-0.779913403459491,-2.411957556891973
2025-06-25,1.6378791407273428,1.4599157099359346,1.1219032659148536,0.9656380890312033,0.7462339709968254,0.6242006167747731,0.1670448542776495,-0.06341061984546596,-0.42598285308999273,-0.7659540369225888,-2.4038331776499295
2025-06-26,1.6350560861296155,1.4591129840713035,1.11867029037643,0.9631187349523219,0.7436232586429554,0.6219507291241684,0.1643741186101881,-0.06661010380987095,-0.43022223675715304,-0.7684680609373248,-2.403524147066938
2025-06-27,1.6429180755618622,1.4670668667492166,1.1259598105103803,0.9700858124750841,0.7503834531840559,0.6271971488660304,0.16714045887346177,-0.06085420777101744,-0.42732483154594,-0.7674992289387643,-2.4104173045006245
2025-06-30,1.6550958683831147,1.4792375368034458,1.1382228616514998,0.9805756620956595,0.763083815594972,0.6377294466325645,0.18062852980564192,-0.04678631970475204,-0.4123676041242901,-0.7487028262367662,-2.403798694619879
2025-07-01,1.6597251162550823,1.4844504236567664,1.1421667768150137,0.9848235434910791,0.7668737331633829,0.6402871434936749,0.18357957498116662,-0.043838282968296595,-0.4082949554541213,-0.7501597102401942,-2.409884826495275
2025-07-02,1.6630634620645557,1.485925387396592,1.1425542035656653,0.9833851475398196,0.7613536111723724,0.6333053301207874,0.17708506700336826,-0.050896843477694284,-0.41896918215661616,-0.7639275664307883,-2.426991028495342
2025-07-03,1.6692362136040786,1.4908050267282338,1.147414798657652,0.9891637977985995,0.768480882012424,0.6418658217169344,0.18186753091941116,-0.0449232437269805,-0.4125594170495165,-0.756388120173706,-2.4256243337777827
2025-07-04,1.661038511805592,1.4813451401862054,1.139258245689923,0.9807644289964199,0.759680596821301,0.6332833727860777,0.173203349730133,-0.05333953552083032,-0.4216429593478863,-0.7591952825479783,-2.4202337943535683
2025-07-07,1.6744537198538705,1.4911768001980827,1.1478016951972616,0.9897547223026651,0.7676305196279505,0.6372876885695299,0.17720981804750585,-0.049284597101970126,-0.4202518888117436,-0.7564012293826721,-2.4308549492365406
2025-07-08,1.6835894803284426,1.5011344167349259,1.1577521962902928,1.0014781456086082,0.7790359295130159,0.648355943847609,0.19104943073378336,-0.037245192515455494,-0.4066672515190389,-0.7416709534628416,-2.425260433791282
2025-07-09,1.6865185942969276,1.5025551467596978,1.159014953109493,1.001584044374104,0.7776668929850794,0.6466929102325725,0.1877311367483878,-0.04170546968365957,-0.4117011923798327,-0.7471202467419013,-2.4336388410388268
2025-07-10,1.6910856825774163,1.5059982374090426,1.1642567535078243,1.004851354198689,0.7808871423011416,0.6503844408369799,0.18787939123600836,-0.0407460038362254,-0.4123182896132692,-0.7513982146775803,-2.4424838972549945
2025-07-11,1.6919467655481533,1.5094522430777977,1.1661016063626912,1.0075209764249096,0.7845528266666716,0.6527593962677439,0.19237910957714896,-0.03429475714697157,-0.4078050236011761,-0.7434839651061961,-2.4354307306543475
2025-07-14,1.7040134131219198,1.519304075633974,1.1737138265928393,1.015156497619395,0.7894528314554812,0.6586606131335302,0.19759087659399632,-0.03260117531153807,-0.40590879789166184,-0.7459425582446201,-2.449955971366538
2025-07-15,1.694232682192762,1.5100363163751307,1.1637424320704828,1.0057454296674793,0.7789239897856607,0.6508823982068936,0.18915247717847533,-0.038614476275541695,-0.41310745514068736,-0.7473223866949108,-2.441555068887671
2025-07-16,1.7045400867221359,1.5189969461270907,1.170118092239136,1.0142035214593856,0.7844105014001896,0.6569409943728186,0.19267615706321045,-0.035341345045749775,-0.4110035017391963,-0.7476429400918552,-2.452183026813989
2025-07-17,1.708495333722909,1.5234865960987172,1.1762706196686634,1.0216682872625402,0.7926671207188317,0.6668860557579425,0.2031252805585797,-0.023663055922347888,-0.39792289507812734,-0.7309237476933564,-2.4394190814162635
2025-07-18,1.7139094392424234,1.5263135249199535,1.1795441723313098,1.0243055170220792,0.7953630116639346,0.6672569601142113,0.20475136842496627,-0.0213259466672023,-0.3970003354183109,-0.7288252977031542,-2.442734736945576
2025-07-21,1.7304522652209444,1.5428522530102922,1.1975175939238953,1.0398068246290526,0.8098160794366611,0.680490361767754,0.21716474415755274,-0.011475698423198717,-0.38836986755135355,-0.7224134059470533,-2.452865671167996
2025-07-22,1.7334506123054993,1.545178733830816,1.1990785305892906,1.043544776598433,0.8139469568069999,0.6845273166003293,0.21961638771879538,-0.01070568232360217,-0.3887341305406519,-0.7246243582531422,-2.4580749705586395
2025-07-23,1.7300973733576976,1.5401851097803307,1.1922059860925045,1.0361747890949073,0.8077370199561918,0.6766904608109086,0.21136959607702654,-0.018573260451395637,-0.3980572469675372,-0.7300863977448593,-2.460183771102555
2025-07-24,1.7405017567100254,1.5515139613678244,1.2035231595610467,1.0469850825539408,0.8189030935431691,0.688659860269238,0.2245294486916737,-0.004497208868317077,-0.3826088587940267,-0.7169161660157661,-2.4574179227257895
2025-07-25,1.7493486010576391,1.5577881717667235,1.2081645818232152,1.0507365210476018,0.8205467399184736,0.6881506604010439,0.2259892063717682,-0.00293997195217693,-0.38477374227961547,-0.7191275293323336,-2.4684761303899707
2025-07-28,1.755584221998625,1.562361990441302,1.211521229357958,1.0546427965058067,0.824801049351112,0.6915768387635971,0.22916199037460697,0.0033406970701375127,-0.3801489764204266,-0.7069641368796049,-2.462548358878228
2025-07-29,1.752969266655326,1.5614296893198816,1.2114122635901985,1.055843068452447,0.8252428472817827,0.6942540675042298,0.23354922968526357,0.0074657823872276655,-0.37268512169161433,-0.6979164899890632,-2.450885756644387
2025-07-30,1.7513189756178844,1.5593931868863598,1.2078597829940527,1.0541458718962455,0.8212809301001225,0.690866615716011,0.22811404155071005,0.0006116740404903407,-0.38238196593293133,-0.7110785310265465,-2.462397506644429
2025-07-31,1.7368764908852858,1.5479533509227685,1.1966230254702703,1.0421758382812496,0.809787344815461,0.6810743221157742,0.21819974307253637,-0.009282207876858625,-0.39193287326814885,-0.7188022553055242,-2.455678746190808
2025-08-01,1.7510048171101282,1.5582764502926822,1.2040538794858962,1.049623308076905,0.8178177659766143,0.6859356672431548,0.22051594817971534,-0.008761975957878306,-0.3917789485044894,-0.7253952153231829,-2.4764000324333093
2025-08-04,1.7645202463519996,1.5704794238008644,1.216034360509924,1.0603435586733991,0.8301639462564865,0.6988376221104453,0.23254858002159937,0.004652831880360248,-0.3805021521211539,-0.7163523141048943,-2.480872560456892
2025-08-05,1.7761428808902633,1.581274348404344,1.2253590518183881,1.0705211324903923,0.8412944322540903,0.7077817596784737,0.23947103617646084,0.011369383713009558,-0.37400011122491167,-0.7100016492467591,-2.486144530137021
2025-08-06,1.7826139459431152,1.5877934369013278,1.231594393415322,1.0761494126426006,0.8487215958096139,0.7149378122355834,0.2490752044722301,0.019476073846768506,-0.36224002375918574,-0.7010097115288916,-2.4836236574720054
2025-08-07,1.7828071858608034,1.5881117790822248,1.2334125691134836,1.0772528677717084,0.8486374795773388,0.7142691318688268,0.24871091960685604,0.018227233860542588,-0.36477893047868515,-0.7006980447724788,-2.483505230633281
2025-08-08,1.7888471010833529,1.5917763591291854,1.2377274127141729,1.0794565293270477,0.8487970848965295,0.7112962338320022,0.24632205841020224,0.015605949100371105,-0.36736292473968035,-0.7061767501269299,-2.4950238512102816
2025-08-11,1.803070374764747,1.6065470630105363,1.2514692884698893,1.0954523027947256,0.8634666721262865,0.724674365776957,0.26150038851034574,0.030178766924557614,-0.35319431349954095,-0.6899953554996763,-2.493065730264422
2025-08-12,1.8021855482559659,1.606117521595024,1.2509318127713247,1.0954476738747454,0.8632818563690183,0.725948102708446,0.2601348331226222,0.027873626698618013,-0.3534934835195541,-0.687264841102205,-2.48945038935817
2025-08-13,1.7998850483994142,1.6081528889109216,1.254779435443492,1.0982614023798618,0.867201457695916,0.7320114681737643,0.268207470567523,0.03671783586699468,-0.3403228297301566,-0.6679257742818779,-2.467810822681291
2025-08-14,1.7780030206288011,1.5870581380741977,1.2371953222607324,1.0796952470017986,0.8492498425662738,0.7123964741713689,0.25162049680247034,0.020003102081620677,-0.3558351204746231,-0.6796416819812561,-2.457644702610056
2025-08-15,1.7858071507868007,1.5988935211696687,1.2516941915938076,1.09615066413235,0.866833167530234,0.7319580024065404,0.2729514759669581,0.04434669386988442,-0.33389414381486343,-0.6596327545795476,-2.445439905366347
2025-08-18,1.7926599690392517,1.609641268407436,1.26541568091627,1.1083499993023995,0.8798441027921149,0.7450314785411382,0.28939477744099623,0.06317083566956705,-0.3139105281014756,-0.6358070814961361,-2.4284670505353865
2025-08-19,1.8041822356427863,1.6194893929315777,1.2729229342773913,1.113936934616502,0.883502822242112,0.7480069402814191,0.2914299591707483,0.06546219693047409,-0.3143890112337608,-0.6375354275425901,-2.441717663185375
2025-08-20,1.813647105883285,1.6295785759538302,1.283700406728924,1.1255913145610716,0.8904761982363664,0.7565536597328536,0.2969218118724786,0.07029747690188176,-0.3098555611214892,-0.6347445900113187,-2.4483916958946024
2025-08-21,1.8182122334726942,1.6330245747390117,1.2828372598344109,1.1259327540343436,0.8900037475425764,0.7539322538979014,0.2908977280817116,0.06450479600794314,-0.3170410545639023,-0.645650582070727,-2.4638628155434197
2025-08-22,1.8145245178135894,1.6322863525772757,1.2845287398516372,1.127767952143022,0.8943288518490247,0.759909965336633,0.3006960748264114,0.07883852004744599,-0.3036169398712846,-0.6223358915271586,-2.4368604093407464
2025-08-25,1.8176561946018486,1.6367123110526547,1.2914469971673008,1.1344876721537034,0.9024561549034795,0.7677398563711583,0.31141749377461764,0.09414719098085425,-0.2852014184169801,-0.5977152067150515,-2.4153714013168983
2025-08-26,1.8261563171997275,1.6475714493492346,1.2976615987815734,1.1390935493266077,0.9061258644976936,0.7678072112766,0.3133315196350386,0.09148299421949492,-0.29106148490738026,-0.6032728781581258,-2.4294291953578515
2025-08-27,1.79632126483324,1.620204041090617,1.2705874433635957,1.1138899049303006,0.8822963809705903,0.7433513253960786,0.28761440101951136,0.06894639681753988,-0.3132938700052633,-0.6171259628470928,-2.4134472276803307
2025-08-28,1.793217931832377,1.6189093774989416,1.270468800844588,1.1165238816455305,0.8860028313838616,0.7474368377493845,0.29586044855945265,0.07971793491294836,-0.2972030755433961,-0.5916125983984104,-2.3848305302307855
2025-08-29,1.788235566751407,1.6142222761559244,1.2667422402112176,1.1143605513093884,0.8838585880437995,0.7436517964819986,0.2935421196032736,0.08085709132685356,-0.29921437193907485,-0.5925327238710503,-2.380768290622455
2025-09-01,1.797728610822943,1.622413110993384,1.27707698600273,1.1226355076431918,0.8936214041109679,0.751602746392117,0.304315918996564,0.08900599651257284,-0.2871052302618244,-0.5842549911152123,-2.3819836019381535
2025-09-02,1.7909693613929056,1.6125673424790234,1.265984499561528,1.1097234713891349,0.878444359592,0.734893752969682,0.2852980133131881,0.06757186160905965,-0.31290538706686133,-0.6163017525375085,-2.4072711139304124
2025-09-03,1.771672289040857,1.5919826326409747,1.2474126526602127,1.0905699878557564,0.8582757546310655,0.7164797798135838,0.2657360838997759,0.05063280384326574,-0.3304018610465938,-0.6348376751927414,-2.4065099642335968
2025-09-04,1.7796673296602694,1.5978899938267606,1.249244562510432,1.0911306088859902,0.8526881653525726,0.7082144882974648,0.2523143477829438,0.03542470514568119,-0.3557569225022962,-0.6691302165579337,-2.4487975462182017
2025-09-05,1.7941037971690892,1.6137428589117329,1.2694768043862554,1.1119750001260422,0.8756804207484282,0.7321418505058409,0.2803579598175255,0.06373443531608483,-0.322488678496406,-0.6370766295479299,-2.4311804267170176
2025-09-08,1.8127318894180173,1.6299029240257503,1.2856709620400961,1.1268576534820065,0.8885854292970935,0.7461344607144887,0.29232647179233945,0.07686156556896753,-0.31290446437858244,-0.6326933920602379,-2.4454252814782538
2025-09-09,1.8078907926393615,1.6248998621378634,1.279143247222568,1.116937495016658,0.8781784563730134,0.7346389133309937,0.2814546722008151,0.06537552064353808,-0.32757926211300464,-0.6477966817393205,-2.4556874743786805
2025-09-10,1.8101259616986523,1.626765198041177,1.2804320607848294,1.1183528613585394,0.8783360370268738,0.7372296235437037,0.282123276406571,0.06399753100621772,-0.32758920239572836,-0.640913232779139,-2.45103919447779
2025-09-11,1.8173934271315608,1.6359179958095265,1.2895211301246894,1.12896797854656,0.891298243209115,0.75162703452768,0.2977676949502881,0.08284055907394021,-0.3022218822657847,-0.6060308686802507,-2.4234242958118104
2025-09-12,1.8139300430895475,1.634491236001259,1.2882180098869627,1.127349692946105,0.8875618069803801,0.7503495609468475,0.29798702178720843,0.08313201593739153,-0.2990156121492539,-0.6047342587478217,-2.418664301837368
2025-09-15,1.812322756636337,1.6345492972464752,1.288549576092159,1.1283525782547477,0.8856184688996338,0.7477292760308372,0.29760226860274724,0.08191699049496136,-0.3003630612537268,-0.6049525748561394,-2.4172753314924753
2025-09-16,1.8240580659601895,1.6457993247555718,1.3009369737238912,1.1395039430928688,0.89595386212162,0.7577924864357204,0.31153491896815866,0.09020434356710656,-0.2912318728502772,-0.5929292921638861,-2.4169873581240746
2025-09-17,1.8238382322456108,1.6465998117764633,1.3020173283527103,1.1412572980760378,0.8987535595325543,0.7598392641557511,0.3167472524371262,0.09592248073084195,-0.28378367162903934,-0.5856501511067741,-2.409488383352384
2025-09-18,1.8052988038423665,1.6290412596224892,1.2852883721291974,1.124151777612276,0.8848818456386788,0.7472687363030035,0.30508901445002246,0.08286869946145252,-0.2946085128638277,-0.5929607786938519,-2.398259582536218
2025-09-19,1.8003985003161385,1.6253145312494244,1.280468581685033,1.1200614274658651,0.8804719469633704,0.7439835369237955,0.302454377140298,0.07709638653383517,-0.3002552198936005,-0.602524363276773,-2.402922863592911
2025-09-22,1.7952926506008422,1.6222062405171462,1.278514630473467,1.1189820520224243,0.8793344311169385,0.7459672459339147,0.30401346833264703,0.08259192981536444,-0.2955164733253689,-0.5867466767122276,-2.3820393273130698
2025-09-23,1.7844518316351325,1.609849125681446,1.2672389521059053,1.1050428551220415,0.8680548814239255,0.7344163460001565,0.29120992164297527,0.06928825766338136,-0.30832924781572363,-0.5985980289463354,-2.383049860581468
2025-09-24,1.8016043845676264,1.6254515833826093,1.2819594710294118,1.1208833867740597,0.8832945148431892,0.7502671312749705,0.307746180253305,0.08636488094050573,-0.290247916435622,-0.5859952179229928,-2.3875996024906194
2025-09-25,1.7923468037017836,1.6176675403165375,1.272550154376425,1.114673311735765,0.8775881634618176,0.7447596974233129,0.3020450115127406,0.08240150480857673,-0.29169925117834816,-0.5834365729781529,-2.3757833766799368
2025-09-26,1.7942771909348585,1.6170090514431938,1.2712991292713363,1.1119000446634817,0.8734722078430236,0.7375469173818063,0.2896676284462786,0.06772400810005211,-0.3102556352935617,-0.607282085189377,-2.4015592761242357
2025-09-29,1.8040001802726309,1.6246065506165952,1.2776043222549152,1.1174773918102883,0.8797841307603843,0.7449960965046057,0.29685877431220264,0.07875617399163914,-0.29706455213322475,-0.5867507116861927,-2.390750891958824
2025-09-30,1.8033720905247326,1.6246183489256454,1.278536772083673,1.120928752913285,0.8832500589220721,0.7489218556736702,0.3031533992290107,0.08455370377896435,-0.28634459750067875,-0.5755734989323591,-2.378945589457092
2025-10-09,1.8031938837846746,1.6283145864708752,1.2832539520446835,1.1265531616537992,0.8916116922635658,0.758282902800454,0.3158465234229845,0.09407973077696397,-0.2737072444216394,-0.560951616513814,-2.3641455002984886
2025-10-10,1.8121989599197124,1.6355895503259363,1.2875505478033127,1.1300227524391249,0.8935544891592515,0.7563583142078498,0.3115166941054964,0.08653752221674356,-0.2924063747867098,-0.5933314165785165,-2.4055303764982288
2025-10-13,1.8104247586627182,1.6316603833605048,1.2840580446678564,1.125063832115956,0.8888349565223113,0.7521052903926082,0.30826715886440015,0.0818490146431094,-0.29582318170601396,-0.5926195039773168,-2.403044262640035
2025-10-14,1.8104242595157685,1.6293163315828294,1.2796422009826438,1.1179439809070901,0.8785731850140477,0.74134890827245,0.29351897576153485,0.0650358557873123,-0.3197810814298788,-0.6214985994875887,-2.431922859003357
2025-10-15,1.8204976833486497,1.6415645750120407,1.2946011301040066,1.130614879449177,0.8943292347218302,0.7550123137681465,0.3087812168091722,0.07972370224215417,-0.3017707449591053,-0.6047275314228809,-2.4252252147715305
2025-10-16,1.8125004776479807,1.632326470399644,1.286927611913511,1.121242811825321,0.8823632175619877,0.7435247609416027,0.2963084942278005,0.06629648041891191,-0.31367586123518537,-0.6145677604044121,-2.4270682380523927
2025-10-17,1.8017106585720721,1.618576759116811,1.268309314450168,1.1044990601921185,0.861658953812478,0.7192042037528062,0.2709234029209529,0.037026864695525005,-0.3487440716292304,-0.6505858764217638,-2.452296534993836
2025-10-20,1.8169443470075657,1.6329054533252745,1.2838804662463457,1.1171151868570097,0.8745776733039394,0.7311611928965763,0.283096042020149,0.04705755939473097,-0.337921716418646,-0.6405007872873906,-2.4574451342949564
2025-10-21,1.8360552858590395,1.6517668202933844,1.3017022625536323,1.1328284012784249,0.8895649953611816,0.7456157411448825,0.2988791961398938,0.06133356716334986,-0.3228300796240099,-0.6212184214032631,-2.4572737072623028
2025-10-22,1.8399787897399424,1.654471062939085,1.3037221927481064,1.1333280847245588,0.888438042731144,0.7423389842387718,0.2939656342678703,0.05260775723779683,-0.3297216966900188,-0.628614890231877,-2.4685936799718196
2025-10-23,1.847682871461346,1.6622864941172877,1.309779344534834,1.1370336172081426,0.8918122453899227,0.7428633938043656,0.2936777358476746,0.05139935310555838,-0.3314347967729473,-0.6328093685868802,-2.480492240048226
2025-10-24,1.850158565221628,1.6638913754260574,1.3127695722074237,1.139319218816244,0.8946856209263344,0.7457829012925747,0.30002745956645205,0.06081689973441838,-0.3169019390937525,-0.6082092024907286,-2.4583677677123563
2025-10-27,1.853850195075909,1.6675986380633532,1.3177570757809813,1.1442391944523693,0.9007171207013854,0.7542125206758855,0.30867975022357474,0.07126141115731678,-0.3040596121073168,-0.5911375201438551,-2.444987715219764
2025-10-28,1.8572214949979835,1.6694755522382285,1.3187892290771939,1.1457998738837727,0.9015526172230527,0.75607785111042,0.308069537487986,0.07159411784073405,-0.3070980561596845,-0.5962479853028214,-2.4534694803008046
2025-10-29,1.8488653272491964,1.6626790140250862,1.3157792288189307,1.1455723800339936,0.8988663092092327,0.7583766089547773,0.3142269297036493,0.0804526737120412,-0.29363432977757203,-0.5755647360063044,-2.4244300632555005
2025-10-30,1.8407141068438428,1.6536204545743982,1.3054252094091783,1.1348415391651767,0.8868086600597046,0.7478486748024051,0.3026775022977925,0.0670812154557858,-0.30856265322269916,-0.5907341686251733,-2.4314482754690157
2025-10-31,1.855474358304755,1.6675510104065672,1.318403421207815,1.1459398998275399,0.898315680070111,0.7581862944686039,0.3127817242029196,0.07421774815495863,-0.305061864000668,-0.6015091135646932,-2.4569834718694477
2025-11-03,1.864695691157747,1.678390366393203,1.3275862877826607,1.1564138759507099,0.9062532832245428,0.7660918184662272,0.31970847639381933,0.07872858365524393,-0.3010797793181553,-0.5983165286126607,-2.463012219770407
2025-11-04,1.8644666238448544,1.6771026331513317,1.3228220136181525,1.1513448013093068,0.8983078556214736,0.7601059832290022,0.31032454270255627,0.06627678896312943,-0.31553340626125076,-0.6146487514565292,-2.479115375301383
2025-11-05,1.8736356711097149,1.68503898452465,1.3312233261216233,1.1601672224582888,0.9042374632718158,0.7666441948356889,0.315436718509734,0.07231912970668054,-0.31031329425275506,-0.6104399160665521,-2.4840755871762665
2025-11-06,1.8759523903402715,1.6862353859276125,1.3330491608274013,1.1630346498775543,0.9069374204819595,0.7710925265646893,0.3207743462382229,0.0781910554878648,-0.2992290335929133,-0.5948650314199937,-2.4708174217602648
2025-11-07,1.8775316592657498,1.686673895547196,1.3329662838020535,1.1620227312750862,0.9058327792971526,0.7680970107256477,0.31865697404282484,0.07447772937656462,-0.3030129697780613,-0.5997611863884313,-2.4772928456541807
2025-11-10,1.8850861643388384,1.694748630023892,1.3419373137022585,1.170373223038909,0.9141882542614271,0.7773379225157137,0.3251820135396045,0.08181295662704098,-0.30022057403483415,-0.6001848462447594,-2.485271010583597
2025-11-11,1.8912650608917492,1.7015827130108843,1.3457997119935305,1.1742434973703897,0.9155050082498545,0.7800213944180168,0.32620606951707865,0.0833078706601536,-0.302729622218325,-0.6075715209965071,-2.4988365818882556
2025-11-12,1.8906343867289972,1.6994374866604185,1.3428400554651514,1.1705186568527652,0.9120289821741084,0.7736989066645573,0.32076753737027497,0.07389753619873399,-0.3133314818072182,-0.6169646487846774,-2.5075990355136737
2025-11-13,1.897506152139223,1.7063431800272755,1.3508541642946768,1.1794935495385108,0.9207410038685979,0.7826318865813239,0.3306609603838008,0.0864689562139928,-0.29701038668444213,-0.5964468367649315,-2.4939529889041534
2025-11-14,1.9029926411636864,1.709570425117296,1.3510318480783219,1.1793689221445567,0.917742620453011,0.7784750409850322,0.3249892387144675,0.07952017967598045,-0.3106363037066414,-0.6153331137754079,-2.518325754939093
2025-11-17,1.902764722751396,1.710233281857602,1.3528503962788678,1.1832606668634034,0.9191876047297062,0.7792453931993052,0.326435091637033,0.08055623614733379,-0.3075412693162782,-0.608503047934726,-2.5112677706861204
2025-11-18,1.8979406830417562,1.7025681571695315,1.3430776538652773,1.1745542895608443,0.9074901090127132,0.7688322412454973,0.3111398993009249,0.06512205959128194,-0.3220844667713915,-0.6235920768413099,-2.5215327598830646
2025-11-19,1.8800289007853392,1.6894540963035716,1.3293612448023961,1.1627647643169554,0.8957219748521971,0.7563814692107749,0.3000338825796405,0.05404983456120372,-0.3311914131333662,-0.6297027926828721,-2.50973169346821
2025-11-20,1.87404211616734,1.6844276494171717,1.3230363641374392,1.1584247741638118,0.8907237431321786,0.7483920295590003,0.2929737777341719,0.04608809851968333,-0.3414516573410536,-0.6394653285758958,-2.5135074447432344
2025-11-21,1.8330135114139012,1.6461138975312395,1.2848772529669972,1.123660999122113,0.8556673064596735,0.7130980511115153,0.2580403854044278,0.01159140061859315,-0.3790168337343107,-0.6850442253883661,-2.518057736802266
2025-11-24,1.852377561016116,1.6630859354376109,1.3019633144461265,1.1390881884774842,0.8718335859030162,0.7296315826049682,0.27627899226812175,0.029014248093831834,-0.36637714507378244,-0.6745041160119555,-2.5268816770280704
2025-11-25,1.863391625801585,1.6744926026776263,1.314021893379102,1.150551320928306,0.8838865087988839,0.7405844126947783,0.28812680738854646,0.044191419987217866,-0.35172134568635693,-0.6504163972077998,-2.5138080230093838
2025-11-26,1.853183851793854,1.6701094939214316,1.3098900060517333,1.1476258739583547,0.8815895528472968,0.736778370696304,0.28374692212659486,0.04053740810581554,-0.3539926489232098,-0.6511846461285288,-2.5043684979223815
2025-11-27,1.8617485783963816,1.6779957172190676,1.3154688162769241,1.1526354944108193,0.8864581291942933,0.7392950752498502,0.2860037753521405,0.040359062971324654,-0.35288176797474463,-0.652355132803461,-2.514103711199841
2025-11-28,1.8743275546685871,1.6903501238664724,1.3283267213276015,1.1640430421914514,0.8975451446233791,0.7502803329204146,0.29587107479230373,0.053306133084970245,-0.3380975736850172,-0.6377372590124684,-2.512064813681054
2025-12-01,1.8779788129836343,1.6936625906676344,1.3335780216933708,1.168706954006227,0.9052579575310424,0.7580650636312867,0.30304655921947066,0.05926025821476675,-0.3309163839000895,-0.6299397060947799,-2.507918519078413
2025-12-02,1.8722702014431891,1.6894025737542513,1.3288790548311376,1.1646926851544583,0.9019678344016898,0.7531600230163482,0.2982636252241087,0.052422048721976505,-0.33899842734203056,-0.6376077099725692,-2.509877911415757
2025-12-03,1.866802747899979,1.6841596024103438,1.321783846164542,1.1588320754129584,0.8952164767738391,0.7467101103887367,0.29182848070124273,0.04684262246256454,-0.35089038486513185,-0.6533784368556521,-2.52018118475563
2025-12-04,1.8557460431133364,1.6734162598095108,1.3144793308203304,1.1502964023065545,0.888703872505637,0.7390241769125372,0.2859653488662065,0.04162828996000317,-0.35573801782397424,-0.6577792452694218,-2.5135252883827572
2025-12-05,1.8687535448390398,1.6860651775274194,1.3263755574935194,1.1626425437269547,0.9013029232741258,0.7537668838849514,0.30177401390707326,0.056462106069516724,-0.33962971783729756,-0.6401707652128259,-2.508924310051865
2025-12-08,1.8749373443425,1.6918336579030784,1.3319623700809295,1.1682686221471432,0.9055339066628022,0.7619054668502521,0.3097129913491321,0.06675443474840137,-0.3278917095535944,-0.6183101410052274,-2.4932474853477267
2025-12-09,1.866960223351303,1.6850897410839618,1.3252267953597696,1.159732527773259,0.8995325568047633,0.7564260029810117,0.30262922085275296,0.06009253936597555,-0.33671329798947847,-0.6243963218831701,-2.4913565452344724
2025-12-10,1.8614515454901617,1.6822709232422108,1.326638273826941,1.1599195377172706,0.9007484191835446,0.7578532348746229,0.30384771526690973,0.06346553336984888,-0.3333805080483718,-0.6198603269295467,-2.481311872419708
2025-12-11,1.84463502638913,1.6644273013032533,1.3113119598568415,1.1443373343689964,0.8845355779674693,0.7425887140934166,0.2881350805159039,0.04596168296865506,-0.352952317625324,-0.6351354490179313,-2.479770475407061
2025-12-12,1.8408721987757692,1.66122467849504,1.3133498176947231,1.145101311401062,0.8843666565965822,0.7485351463276848,0.2924751721172121,0.05383396817900458,-0.34438561675347795,-0.6258097372189907,-2.46668193599476
2025-12-15,1.8410966713420398,1.6631191718877776,1.3143522970244081,1.147360399695389,0.8836831023260522,0.7452221346256881,0.29216083350078054,0.04852558382612969,-0.352825349928103,-0.6338980023561925,-2.474994673698232
2025-12-16,1.8270047247781167,1.6499855843881155,1.3011037500433118,1.1330155375016806,0.8697814963920206,0.7296277237425548,0.27459614372315905,0.030121259605744452,-0.37269145330251663,-0.6578908163095625,-2.484895541087679
2025-12-17,1.8306657684614076,1.6545665028968515,1.305507044565435,1.1390490721856146,0.8759819882775691,0.7361457025687485,0.2824406070326206,0.040696352210489256,-0.35922333663291534,-0.6386212329850978,-2.469287001446505
2025-12-18,1.8428794588035635,1.6639951667305248,1.3122310772791563,1.144152449631816,0.8788487204414618,0.7370998783285638,0.28151365754621677,0.03960168103722045,-0.3634300450877151,-0.6472735568745984,-2.4901530156781617
2025-12-19,1.8570754656842592,1.680222397147428,1.3288479629527306,1.1584471892632078,0.8961443262217088,0.7519866144773717,0.2960738651579384,0.05368985936303091,-0.3493297524636701,-0.639847803447225,-2.496923269131484
2025-12-22,1.8586811547098494,1.6830356552268633,1.3316643657891913,1.1635257315910092,0.9014505619217773,0.7559658482551823,0.30028566798447137,0.061023515479270714,-0.3383831337149207,-0.6225557497104292,-2.481236904420278
2025-12-23,1.8539333109536391,1.6769113186612403,1.3248679055696246,1.1565529257754865,0.8950028875661964,0.7509130938979688,0.2951022043387086,0.0548764241269236,-0.3436563020954609,-0.6229782955161801,-2.476911606469819
2025-12-24,1.8641964357287666,1.68773867813687,1.333928499322479,1.166630220228848,0.9075682943111153,0.7627204355649773,0.30777181599760567,0.06881339534251289,-0.3277666597414246,-0.6049683376941517,-2.4691647734229183
2025-12-25,1.8744545330633477,1.6978261166201756,1.3435355093835173,1.1763427737122751,0.918246197479905,0.7705720685360653,0.3161146907806209,0.07886019421094737,-0.31862755129180736,-0.5944632392969194,-2.468917772360267
2025-12-26,1.866158151717908,1.6920877550953919,1.3401062683592024,1.1738548903094008,0.9143713966219378,0.7698680904780323,0.3166227566048106,0.08246432890582403,-0.31536723797200716,-0.5837727045988075,-2.4499308563167155
2025-12-29,1.867345974843512,1.6922229976924366,1.3408073929832816,1.1738759062705217,0.9144278274186491,0.7677754117985665,0.31503405377947213,0.07686795113087948,-0.3192259898841436,-0.5868862188981907,-2.4542321937417024
2025-12-30,1.862416480472585,1.687894353495397,1.338756643972351,1.1715254194784965,0.9109063185135693,0.7659143573602036,0.3137581368197915,0.07385327851762154,-0.31948865556300676,-0.5855864602402182,-2.448002940712803
2025-12-31,1.8666311709851555,1.691253104565153,1.342418115118105,1.1750091632037638,0.9123670017953844,0.7652487618735611,0.3129560060070893,0.07423065061762417,-0.3217164924086602,-0.5841014817300485,-2.450732652715204
