Date,1,2,3,4,5,6,7,8,9,10,H-L
2020-01-03,0.005713309266692652,0.005300087414872557,0.006068770456520948,0.00471827924001629,0.0033765874667822885,0.004211479258659142,0.004613787895499371,0.004844286808178251,0.003956169758214556,0.004446905660570292,-0.00126640360612236
2020-01-06,0.01284715182433954,0.012543305663969509,0.010505706400674383,0.01200221543398447,0.011569629583491484,0.01126726643803326,0.014403517450164827,0.009859920526776542,0.01095854447642807,0.008790984403769287,-0.004056167420570254
2020-01-07,0.028960450855301738,0.026858542506779756,0.025379317008863762,0.026040240633985197,0.024152382755093495,0.023339340938262926,0.026215730532350687,0.022228799520213408,0.022764029359476322,0.019151108931181233,-0.009809341924120505
2020-01-08,0.012982867441558715,0.009167077207453998,0.008970049805342578,0.009620022844414398,0.010229715180702897,0.010026140457485577,0.012957982591343484,0.008238091268506055,0.012839685904661582,0.006570004024251074,-0.006412863417307641
2020-01-09,0.03074467661618304,0.024193723169570507,0.024867448960892654,0.024815897016653057,0.026785192811774126,0.025328078300380488,0.02774677597015033,0.02350657879883565,0.027115247149909292,0.022229182509801305,-0.008515494106381735
2020-01-10,0.028336525873443118,0.021572090705192858,0.021645128884328006,0.021344270400382972,0.025380893208265514,0.02138361120738418,0.02542181248684991,0.021603994991954402,0.02466562603174721,0.02101595711194426,-0.0073205687614988565
2020-01-13,0.03605616025910436,0.030605237931481538,0.03249313610246605,0.030837495211000574,0.03669360179774227,0.03437961853430836,0.03412037595590797,0.03387871595241885,0.035718197503406574,0.032376002915798556,-0.0036801573433058047
2020-01-14,0.0373581655999482,0.02990984306107802,0.031914857113696175,0.030014660722149394,0.03807793228906674,0.03549520537773517,0.03659495476885029,0.03335411243854652,0.03537174657816708,0.029527956516746105,-0.007830209083202096
2020-01-15,0.02914668582408722,0.02408874187110544,0.02563081577673788,0.02552267331401811,0.03208037685145712,0.029880675877530252,0.03314456030410812,0.028323801230919363,0.033572923258036284,0.027465901690625332,-0.0016807841334618876
2020-01-16,0.02385370559112946,0.019556775839786496,0.02576011002101981,0.019268102725344665,0.027620955390520112,0.02620631080737718,0.029056560527789106,0.024315321295176114,0.032126451372410804,0.024741921288406084,0.0008882156972766257
2020-01-17,0.019971109358785863,0.015499453067664152,0.02269090197415995,0.01628053319229407,0.02389019910311603,0.025482069563043944,0.023484872897556533,0.022391662195391817,0.029598578215453898,0.02563740733234557,0.005666297973559709
2020-01-20,0.026608777677901492,0.02349252113974097,0.03142429161983869,0.025470792420040717,0.03442752990849514,0.036434639163366596,0.033200858582123176,0.031196786795625462,0.040039173220966305,0.037820242021875505,0.011211464343974015
2020-01-21,0.013429674020041023,0.00820381358176346,0.018838859661403015,0.00973940155581654,0.01929125872587661,0.02448522661502399,0.01961421804621605,0.019637669783256727,0.030417257961889776,0.028610301461039028,0.015180627440998006
2020-01-22,0.011758637367172428,0.011442250207000544,0.02367124423115335,0.01255479494195655,0.02028064966862262,0.02631399681587449,0.02226225959606298,0.01857733169857107,0.029945288394082465,0.02560527895471757,0.013846641587545144
2020-01-23,-0.02550611482522517,-0.023809448051271644,-0.00894748819339675,-0.023243897154394448,-0.015013787606009403,-0.008190880434638875,-0.012873086208411908,-0.015148165920347692,-0.005674279703806167,-0.008730986681410015,0.016775128143815154
2020-02-03,-0.12229283678312913,-0.11414805689369623,-0.10062835844076004,-0.11262486713508887,-0.10293503987237435,-0.09770885733093589,-0.10621897429637654,-0.10382197999864784,-0.09562658104879286,-0.09882704491044014,0.023465791872689004
2020-02-04,-0.07070091405732737,-0.05514936042249734,-0.035989030574335765,-0.05981378532665944,-0.046307952825274876,-0.040324129699394584,-0.058445913143139384,-0.054107687624800754,-0.035424185237243014,-0.06790007368682179,0.0028008403705055973
2020-02-05,-0.040165745266598156,-0.028251423642628684,-0.010892170450319129,-0.033520325758712395,-0.01875786505539156,-0.013364878603888176,-0.03540678524810215,-0.02740946563569418,-0.010347983966469083,-0.048351273243581,-0.008185527976982833
2020-02-06,-0.019827896706578023,-0.0026566307741662867,0.0163224564744636,-0.00834678892293602,0.009163296825872465,0.013794702814144997,-0.008261435991862374,-0.004083949279343753,0.011718913809932369,-0.02914706524566683,-0.009319168539088794
2020-02-07,-0.00826443464611495,0.0025680918033058383,0.02726090159832078,0.001795722480228832,0.019417706747581805,0.027057823947980106,0.004842190617655614,0.007583616139099119,0.021073380050974665,-0.020454214287613307,-0.012189779641498342
2020-02-10,0.009128522722003835,0.01234004663366802,0.04120168981324525,0.015572765382739353,0.03390085369945857,0.04242150018605335,0.022057137917262385,0.02710763435928737,0.04212854506452334,-0.0018076545210393112,-0.010936177243043133
2020-02-11,0.00899856447774852,0.006995999134330336,0.03375128456518489,0.008913595277193702,0.02762665098724925,0.03606029250609602,0.01574375197789577,0.021604908314086926,0.03833397779194259,-0.003171238730435972,-0.012169803208184478
2020-02-12,0.02541080760279605,0.024046732097615348,0.052714244631547294,0.02999968625004519,0.04684716295319685,0.05534535642333878,0.03327662882560439,0.03636935909708127,0.05158038252988104,0.008016634890155933,-0.0173941727126401
2020-02-13,0.012295937695391551,0.013071887433579638,0.04218185537337277,0.023534069106820075,0.038246551794242356,0.045421884863923345,0.02434391812739605,0.025697339774730064,0.03984396119560321,-0.00239772590520081,-0.014693663600592344
2020-02-14,0.016844062427705683,0.014601502015177518,0.044924665667523726,0.024179827295436537,0.03843913610276902,0.04544417308137791,0.026094786947638945,0.02773499633031108,0.04104624833598788,-0.0028157041314786427,-0.01965976655918431
2020-02-17,0.05323779486805771,0.05007998038486711,0.07735857095552778,0.05764775460501648,0.07349665361945648,0.07983445650881604,0.06097425924037066,0.06041803464530357,0.07494804243914883,0.027373136185655338,-0.025864658682402352
2020-02-18,0.07522595182858384,0.07019931860048305,0.09762944049428379,0.07734863500694361,0.08747384095226114,0.09381957522223774,0.07701289793141314,0.07545184806586466,0.08678824842084068,0.037793917979128434,-0.037432033849455384
2020-02-19,0.07402542398876621,0.06223097591638015,0.08544716813850407,0.06647193619530958,0.0749918427809279,0.08947693291886787,0.07149616490645543,0.07439732744180418,0.084681553761858,0.03660930677433202,-0.037416117214434164
2020-02-20,0.09608646506445521,0.08000105034919161,0.1022235250884231,0.08224006797548437,0.09522731183566872,0.10741495578245937,0.0893959723431415,0.09135634114207927,0.10294560445019382,0.05454464708401189,-0.0415418179804433
2020-02-21,0.10995754371489459,0.09273788993977178,0.11606663708310239,0.09324973616487855,0.10573750406613219,0.11588182809404073,0.09685032931300948,0.10115663171919066,0.10917742013053669,0.05916230309710409,-0.05079524061779048
2020-02-24,0.11978784122856984,0.11145556996236242,0.13445243087355957,0.11048957347438049,0.12263271605641338,0.13030261478560026,0.10954492621406398,0.10863023466583958,0.11202663876360237,0.05648517857713051,-0.0633026626514393
2020-02-25,0.10821762162810171,0.11239259938413415,0.13610343323931215,0.11519533412053773,0.1193213482911002,0.12607546784430032,0.10620441937964707,0.10200390385432848,0.1010497410437778,0.042822804779887605,-0.06539481684821408
2020-02-26,0.09544733978332176,0.08312706955251968,0.10522330700019766,0.08553672492730849,0.09508696566993743,0.10539741451250317,0.09227848760444207,0.09810927487951376,0.10465337175417654,0.049930394119177976,-0.04551694566414376
2020-02-27,0.09876161317328136,0.08162307904431798,0.1076431799045577,0.09051150064245311,0.0964635527139078,0.10986958741177448,0.09962409771755773,0.10488223202243087,0.1080553079795039,0.0563936804459289,-0.04236793272735244
2020-02-28,0.040361811512220125,0.023188317462044236,0.05161898022919116,0.03533722009900735,0.04239627421136648,0.05465683727330421,0.04272491216557567,0.05048273969245912,0.05741785722264603,0.01351291596076655,-0.026848895551453554
2020-03-02,0.08569347575264691,0.06678752794689674,0.09297746950188474,0.07821442655675945,0.08696273637767218,0.09625728121334626,0.08480687345735824,0.09283182825032854,0.10007608955774441,0.051339499258839114,-0.03435397649380777
2020-03-03,0.09991368374048071,0.07809349921305281,0.10589130605381003,0.09025373370447151,0.0993381823838654,0.10888235791774221,0.0964922078511105,0.10342937533146987,0.10747935298971752,0.057407113747818025,-0.042506569992662654
2020-03-04,0.10721549128507894,0.080917161921882,0.10835932989222033,0.09588543193718096,0.10696022654671913,0.11975056634854225,0.10952272910631908,0.11715198008416475,0.12184739704720851,0.07263011469432105,-0.03458537659075786
2020-03-05,0.12452086126496764,0.09401058116383211,0.12193135786633996,0.11163581674500611,0.12602315749491375,0.13844929591636038,0.131387765330344,0.1388518962941397,0.14122423439513862,0.08896104570924739,-0.035559815555720235
2020-03-06,0.12770352593892326,0.09224117909346334,0.11661110314212254,0.10627257402337209,0.12269297489483824,0.13767510982636172,0.1308854570491258,0.13646094189058225,0.1358851170789283,0.08330288570356637,-0.04440064023535688
2020-03-09,0.09164951680152791,0.05243803380627957,0.07700804343560538,0.0673049459328207,0.08108892417478868,0.10535464572019522,0.09785826855653265,0.10727872769443339,0.10588274546841422,0.05809989581873908,-0.03354962098278882
2020-03-10,0.10587846507433049,0.0747668723137755,0.10751560399890242,0.09842158952685057,0.11169308155481651,0.13096042275004324,0.11921362162231519,0.12589201820128848,0.12323549116844262,0.0705399956648377,-0.035338469409492757
2020-03-11,0.09776514873031364,0.060042644584319835,0.09231657141787278,0.08430755092776117,0.09879543033374744,0.1231857320314156,0.11146215506570231,0.12007283179878932,0.11733529478755926,0.06600728617856855,-0.031757862551745064
2020-03-12,0.07566419665205074,0.03977110515257666,0.07259869596138087,0.06786528883788541,0.07948578488535264,0.10313514848703206,0.09047296326628775,0.10009419230142214,0.09816241493437843,0.04942801813242032,-0.026236178519630386
2020-03-13,0.05754922606926629,0.027955384365414324,0.06175059970215071,0.057193985488092305,0.07007489619993884,0.09192945334837958,0.0752110694640717,0.08768048788770545,0.08665498271399286,0.03913641756679345,-0.01841280850247281
2020-03-16,0.018546312326382465,-0.016541837934094347,0.010288314657300214,0.009336828737729862,0.021106786883584472,0.05074086484626325,0.03632864414679485,0.05414810229657102,0.05946282002877893,0.01625972764765552,-0.002286584678726916
2020-03-17,0.013156329177177106,-0.021096160203949103,0.0076946741374798785,0.010267897656379171,0.024890905851645592,0.051877771694595086,0.03206785092122806,0.05160613811060327,0.05536530465687869,0.014096495109092243,0.0009401659319151637
2020-03-18,-0.00010864669341809248,-0.038605196803830746,-0.011579618823175963,-0.009736582603030189,0.0059820369280533005,0.035715961235695495,0.01604345814178134,0.036597407817614294,0.04067541345079169,0.0012664337654984745,0.0013750804589165938
2020-03-19,0.004503963584748676,-0.028632387575447213,0.00030735521230342705,0.0037569451262902138,0.02150398269966671,0.04732963819029386,0.021125561573337212,0.040692501547348284,0.04283899106419224,0.00028996372586196273,-0.004213999858886687
2020-03-20,0.018890707108063832,-0.017590374104962985,0.013365924368816732,0.014867990559040986,0.032519568304382254,0.06297853077494485,0.036317443838911403,0.060986012602314975,0.06102369402341912,0.014309965122256735,-0.004580741985807071
2020-03-23,-0.020476640245817895,-0.06161486274375566,-0.03204733682600691,-0.029523880058746794,-0.016642868473041764,0.01820309829527228,-0.0006257846884938703,0.02613666402716639,0.031027851443395607,-0.012266977363407332,0.008209662882410589
2020-03-24,-0.0027065980905626903,-0.04212247379629463,-0.008938260822704096,-0.006785872942731832,0.005483708188333474,0.039998247662377515,0.021103209377044067,0.04964820486497302,0.05329314484537617,0.006091925338924274,0.00879852342948699
2020-03-25,0.02515268564547082,-0.015066684490168195,0.014748892780731136,0.018729893898166317,0.030807499304551594,0.06335602982558712,0.04481533102850665,0.07255221674298526,0.0742228655235205,0.02352505239223584,-0.0016276332532349537
2020-03-26,0.018286970816916,-0.02386933439488304,0.005761948607431969,0.00668460465672603,0.017109123351478357,0.051324013664248366,0.0339228622256265,0.05993016481202369,0.06465666894388619,0.014865843931989814,-0.0034211268849261593
2020-03-27,0.008816615094871985,-0.03344377886184105,-0.003281943036299917,0.0005563153940554141,0.010076212579834987,0.04605031788446092,0.031570918860185156,0.06035885155474251,0.06852047356452302,0.02227729966092791,0.013460684566055953
2020-03-30,-0.016285312638198414,-0.05871417907957438,-0.0294232227578699,-0.025060965753117746,-0.014552970227812732,0.01973569039740079,0.010314627985023094,0.04149798572151602,0.05131448561080007,0.00970532699792511,0.025990639636123553
2020-03-31,-0.017721746673537098,-0.05856923122269608,-0.02970221198493293,-0.02457637519614972,-0.017486661206057744,0.018640296420490525,0.010641116455791674,0.041453947134404895,0.0560987664995762,0.01119740230431722,0.028919148977854345
2020-04-01,-0.01975303072736289,-0.0669829959086343,-0.03701359358048341,-0.028568857451033217,-0.02399258717615102,0.014366758866240444,0.005242239464185082,0.03306482860147171,0.051128018609499906,0.0062898502190106035,0.026042880946373522
2020-04-02,0.008974885560989049,-0.041493212763366774,-0.013677792706094708,-0.003035220407456518,0.002006897269930835,0.03899473388889839,0.025077634037998325,0.048960127451204996,0.06625724028968874,0.017488646541567867,0.008513760980578846
2020-04-03,0.002490909962985145,-0.04601513182029326,-0.016334592393720662,-0.010801624386410824,-0.007911162480676496,0.03162782425223408,0.01927027867648015,0.04597211412358316,0.061319775609391385,0.011765977870842824,0.009275067907857707
2020-04-07,0.03585702531996654,-0.013030468982550565,0.0171340637548641,0.02420713479582781,0.026656884735892783,0.06370311602513684,0.050484811144009524,0.07478308095262176,0.08569422667177147,0.03413281778839701,-0.0017242075315695056
2020-04-08,0.04001971216297973,-0.011075155275732405,0.019088229021805677,0.02800513925009139,0.029855518999782744,0.06962091347642865,0.056451624564386224,0.07825182626592134,0.09158744102220777,0.037609561118769216,-0.0024101510442104956
2020-04-09,0.04775651553754315,0.00024775150789627456,0.030997765811267487,0.03923477729378332,0.03777523644582674,0.07983243708887186,0.0656697230836567,0.08437981077383007,0.0974498719881295,0.040316518724300685,-0.007439996813242438
2020-04-10,0.0224351551529772,-0.025266948995350844,0.003245990222155451,0.009963666137822541,0.00798180742173547,0.05481781207919823,0.04179262466364719,0.0662771628787937,0.08060736476391658,0.028195418233961808,0.0057602630809846355
2020-04-13,0.012070510720526147,-0.031291438190450854,-0.00859454350554301,1.8309308183590833e-05,-0.0031892290783890297,0.04667717221184184,0.033582146869808635,0.06082414370122887,0.0757862737685915,0.023809292997784122,0.011738782277258
2020-04-14,0.03302198798412068,-0.008839717656575829,0.010091282695482515,0.020335595582341166,0.017313174063925442,0.06733547201777569,0.052413473737310964,0.0754387606324104,0.08861135269162347,0.03410584000426933,0.0010838520201486793
2020-04-15,0.03064505793750684,-0.013954199522255448,0.004702803146030147,0.015386487048928648,0.008491697552120748,0.05841434131892141,0.04521602320474928,0.06663248843131873,0.08078295482025026,0.027213894102058052,-0.003431163835448758
2020-04-16,0.03524179816407136,-0.007254197167799059,0.008374927223927025,0.01950201058483117,0.014563595204432275,0.06108646697184903,0.04711468629510199,0.06992395494456431,0.08536077858635599,0.02953706458674744,-0.005704733577323887
2020-04-17,0.036077712780048336,-0.006942380956060988,0.008767134184994082,0.022251067246511498,0.014473306028812452,0.061278547849699,0.04474700260520499,0.06756785477171445,0.08598808057744584,0.028596300913148884,-0.007481411866899421
2020-04-20,0.04769050728203955,0.004471485500736362,0.021355992970984138,0.0356869647479092,0.02725863879391032,0.07115379821613997,0.05918962160354344,0.07733420747752337,0.09514669576121225,0.03497828781990542,-0.012712219462134104
2020-04-21,0.039022081046191995,-0.0023444610229573773,0.014337019422931809,0.031739698397896234,0.024259178239077972,0.06880226549009193,0.05401907716876111,0.07008078623181155,0.08928424865089624,0.028977566561276275,-0.010044514484915694
2020-04-22,0.04756570186346467,0.005778747810957747,0.022737219621238307,0.041853410111418785,0.03312256505978474,0.07925436964914624,0.0641810675045361,0.07861633080376577,0.09818880708481101,0.03656194024500926,-0.011003761618455383
2020-04-23,0.045051286448516734,0.0016133918845054251,0.016468150858713802,0.035094371104116465,0.025988573429782103,0.07450173417066012,0.06061428932584083,0.07693169413965512,0.09531240654062322,0.036640896671024464,-0.008410389777492245
2020-04-24,0.025362149945814462,-0.01885195092814944,-0.0033772547447887373,0.013601432942064923,0.005690201356097539,0.05647047377800868,0.044406447979317976,0.06214396923029883,0.07994393025825622,0.027492546923516853,0.0021303969777024152
2020-04-27,0.01876412671436175,-0.028168636233623805,-0.011633328134988366,0.006147946284736126,-0.0023781906590870337,0.04931676381502271,0.03747181659380973,0.05713179325526637,0.07603347004936437,0.026165288436218306,0.007401161721856581
2020-04-28,-0.005841024129605292,-0.049104794402373364,-0.035841478463842905,-0.013492741446043687,-0.020174254406361846,0.02456274337749853,0.015515638116060566,0.04028518436382399,0.05740011840289988,0.008788649907793478,0.014629674037398795
2020-04-29,-0.008714595807543342,-0.04830514156100924,-0.03676194054007391,-0.017048958525106264,-0.020770090033474287,0.02101548433150377,0.013851645357485454,0.040315648463850405,0.06080454979199313,0.01082868560308094,0.019543281410624308
2020-04-30,0.014196666231223199,-0.027153077205847982,-0.015756579656797196,0.004033991196893554,0.0021139843549415026,0.043492395886751606,0.038197920704923075,0.06445462115674425,0.08480519242041666,0.033719341735791594,0.019522675504568418
2020-05-06,0.032844509155765735,-0.008818254248833875,0.002726159539166311,0.024259014673496223,0.018223678323674445,0.06057038821026772,0.057790083587033775,0.08311922899233282,0.10446752851933208,0.05020668171483279,0.017362172559067076
2020-05-07,0.030552137510336377,-0.01098031149554356,0.0024264893319681058,0.02331077954921052,0.016286121120506133,0.05764151152299674,0.05489612240677531,0.08245732630424349,0.10084034695372465,0.04657632216120077,0.01602418465086441
2020-05-08,0.04104741136685028,-0.000472893882515181,0.012999285483297544,0.03393890262242091,0.028006878906031152,0.0691411325335863,0.06623739597183376,0.09652321770410256,0.1133243721562416,0.057972832552901365,0.016925421186051108
2020-05-11,0.04120618915353994,0.0016401757014650959,0.015708733714449245,0.035601183432025764,0.028423599543419754,0.06969417856767232,0.06460070855140618,0.09599218933956909,0.1114144094201957,0.057838836399799406,0.016632647246259485
2020-05-12,0.04003220339940997,0.0008720277726780575,0.015040948772286051,0.032374319980793966,0.02836423600432201,0.0682625960835604,0.06673667269244556,0.0954009947181885,0.10991286392009501,0.0586393709413461,0.018607167541936146
2020-05-13,0.046118499215419925,0.006372127324780602,0.02328367521899643,0.0376804322484674,0.03564075105144682,0.0719573333062281,0.07125799366685287,0.10087959305051555,0.11555101162881924,0.06357137345223307,0.017452874236813156
2020-05-14,0.03648545230599365,-0.003340308855059185,0.014733503166704125,0.02805198769894829,0.025422680949759486,0.06220056856410913,0.06464000435859148,0.09182585087138481,0.10891824991483944,0.05590356856745787,0.019418116261464235
2020-05-15,0.0365997736669526,-0.0022585074539484703,0.01703634065746715,0.030198122443893055,0.026305336680934717,0.0646257979084055,0.06715888963900762,0.09417008401237757,0.11530031200044472,0.060247993598438056,0.023648219931485467
2020-05-18,0.0372254937714422,-0.0016912492573589652,0.014344429530900173,0.02783457045412345,0.02201154113343036,0.060409990385709045,0.06148250439567991,0.08670383877806172,0.1083132293165158,0.05263066120812051,0.015405167436678318
2020-05-19,0.04392782993412144,0.00585010385119947,0.024393606095773047,0.037728849790987486,0.03241167885759317,0.07394485542937393,0.07460425592493489,0.10190530147136494,0.1223390693932537,0.06623461650244233,0.022306786568320892
2020-05-20,0.03601855853087557,-0.0017817149772741169,0.01571886360607816,0.02964312898029254,0.023008168576915136,0.06399605936673533,0.06666118805367836,0.09192449726426274,0.11400206859147535,0.06336845673430581,0.027349898203430246
2020-05-21,0.028704606624530338,-0.009623338096246475,0.009787096871400601,0.02153022128851381,0.013405750629949049,0.05380164667290334,0.05683041302217937,0.07926981686998924,0.10200682901563428,0.052004021148383386,0.023299414523853052
2020-05-22,0.013797478660877445,-0.025717587990288258,-0.005932638675921883,0.006339957681022846,-0.005069456611649564,0.0380055612214998,0.039498222462244145,0.06301994349938217,0.0865535398744623,0.03530568058535293,0.02150820192447549
2020-05-25,0.014838274085545545,-0.024245562693326554,-0.005481139845239778,0.006363419613418407,-0.005156486904468845,0.03802116996565349,0.03437038773366682,0.06397694551420098,0.08180191045816577,0.03220806462713505,0.01736979054158951
2020-05-26,0.030736767861296754,-0.00628463382414491,0.01570567850984419,0.028248520887662464,0.019112067379902325,0.06082222525795408,0.05653980797794737,0.0857946835700138,0.10380260113252004,0.05146630186601038,0.020729534004713633
2020-05-27,0.02932992333043184,-0.009166397676478167,0.012180572159923419,0.023591179021326354,0.012682598887290664,0.057604606338310375,0.05441294860715896,0.0825717226046962,0.10124571835543333,0.049872771131637315,0.020542847801205483
2020-05-28,0.024308230168254986,-0.013504820768170254,0.005318450293391473,0.022194944863364714,0.009568847269952715,0.054753402140564136,0.05148457613092468,0.07990797622428163,0.09929981555172775,0.048551037685097845,0.02424280751684287
2020-05-29,0.029247044406974836,-0.006770044869439206,0.012526533798439998,0.026789090416430267,0.01828325646344063,0.06429897889878264,0.0590708616182714,0.08675794518654102,0.1083192287830082,0.05685805498398395,0.027611010577009126
2020-06-01,0.05411749914285734,0.01848872245670738,0.04232693579453842,0.05443390056257466,0.04697005559221781,0.0915286704508479,0.08844709675898267,0.11724068312025746,0.13731272426130625,0.08325839822674433,0.029140899083887003
2020-06-02,0.05991920632323126,0.02399824920810618,0.044092715477962195,0.058811385067115154,0.05043994394262904,0.0958676279435445,0.09429287442693518,0.12235837384894495,0.1425044537817428,0.09059280227231484,0.030673595949083587
2020-06-03,0.06269144025281627,0.024623270877704943,0.04480704440099172,0.059644212489585645,0.04903863784118588,0.09565419198262025,0.09554786701208116,0.12124253357076249,0.1407902986002523,0.08914259467182993,0.02645115441901366
2020-06-04,0.065563428028002,0.027317109669892738,0.04662244231164324,0.06194431180055031,0.05155075580409271,0.09921721602490492,0.10045242846590065,0.12591446598644665,0.14369844657722958,0.09302010587467768,0.027456677846675694
2020-06-05,0.06404184393914153,0.0256451592970908,0.045856172361856115,0.062194153663709645,0.05018999876015591,0.09975820346879494,0.0996920605592936,0.12592712798945732,0.14480263388024203,0.0941087098846841,0.03006686594554259
2020-06-08,0.06291821532222153,0.023339376976052536,0.0397364043082979,0.06205840787389023,0.048876953763451865,0.09711086260057439,0.09953971247697546,0.12555592235706198,0.14481770431333832,0.09434707082220323,0.03142885549998172
2020-06-09,0.0662850185039626,0.028876266594899613,0.0447033737907525,0.06826410338502666,0.052823052976225714,0.10129474693186469,0.10459477290445351,0.1287522709594863,0.15007755312305465,0.09804583496229881,0.03176081645833623
2020-06-10,0.0639688131509388,0.026546295733302847,0.04464775974621523,0.06458931027952218,0.052600247968114994,0.09880490925208525,0.10216984100486234,0.12802474076337564,0.14671345212144937,0.0937865911098097,0.029817777958870924
2020-06-11,0.05857467912232589,0.026312384573827494,0.0386383980779039,0.06169098999579701,0.04873023738401769,0.09459017126840442,0.09768291104191086,0.12478627562364399,0.143097156250097,0.09034873276237508,0.03177405364004922
2020-06-12,0.05988964064698715,0.027810928613459292,0.0390276610981414,0.060364550432078556,0.05037755653154016,0.09470322915855715,0.09746429997739174,0.12356367456184303,0.14357000660275626,0.08832265955254226,0.028433018905555135
2020-06-15,0.06117014399752197,0.02828846445353841,0.037089581025339644,0.06144284029449394,0.04661779758094361,0.08973622399220986,0.09437732140810781,0.12093416519918142,0.14121808456837132,0.08680409095770612,0.025633946960184173
2020-06-16,0.07489166482226824,0.04443391316008776,0.05341332932664719,0.07718880414832598,0.06577703886301418,0.10884913341264606,0.11315011896776395,0.13742589543591588,0.1603080015745203,0.10555209562979723,0.03066043080752901
2020-06-17,0.0811004936451139,0.048151874630247074,0.05931476455962492,0.08058891292163466,0.06822942423924419,0.11191867842278484,0.11623836915354395,0.14336548097511642,0.16541496320494056,0.11030864592935191,0.02920815228423803
2020-06-18,0.07850890023127499,0.04796053037088466,0.054568322478360215,0.0770504776216736,0.06761400375855264,0.11167539510331713,0.11676121745236867,0.1439076739839768,0.16647547602025042,0.11068444978245663,0.03217554955118166
2020-06-19,0.08145307013395627,0.05407467370159968,0.05886768329371679,0.08190914477952987,0.07525785271528736,0.1158127084904334,0.12258417803569598,0.14843153588225885,0.1712201678506929,0.11369835716609164,0.0322452870321354
2020-06-22,0.08343997333442801,0.05288351074144408,0.060171964665813364,0.08439787927896142,0.07605350141610238,0.11904442331212381,0.1255610334800959,0.1532647086735162,0.17611999258422267,0.1172154147354151,0.03377544140098711
2020-06-23,0.08140370756685557,0.052724502399729936,0.059109115945055905,0.08372583261458048,0.07619180656289648,0.11833154977180219,0.12568480201649473,0.15121096703135842,0.17337627400478134,0.11704468205938517,0.035640974492529634
2020-06-24,0.07588673730694662,0.0481725214694476,0.05754904126885058,0.0808477320671428,0.07323728929476128,0.1157841088826913,0.12452308536441768,0.14823610052684189,0.17321937377145483,0.11528358300321391,0.03939684569626732
2020-06-29,0.07218287614028296,0.043613722144155515,0.0537687076937939,0.07607103414218169,0.06690762623792061,0.10841554280351733,0.1162969379856887,0.1415903914631139,0.16783596527537858,0.10942769217707966,0.037244816036796725
2020-06-30,0.08522005711393583,0.0584206260497537,0.07059574789692992,0.09081336510935495,0.08197700008396168,0.12535002065063972,0.13224909061739187,0.1577131589760336,0.18399359703026083,0.12510518761823025,0.03988513050429443
2020-07-01,0.09280244299623203,0.06519839757249941,0.07487024756004407,0.09786726560875454,0.08912310668663086,0.13063774481186566,0.1348746002472385,0.16134481313352683,0.18730158767464034,0.1274167392940111,0.034614296297779096
2020-07-02,0.11192734728201607,0.08321942132197677,0.08803931396711605,0.10760863204576676,0.10532203331889574,0.14526727429629088,0.14926836655162684,0.17280779393711193,0.20001102768322215,0.14006216649151587,0.028134819209499826
2020-07-03,0.12502665502621307,0.09242800457221598,0.09928281269287786,0.12068004296100666,0.11596458215883396,0.15958760101682506,0.1619651414973511,0.1827654890531332,0.20990943062697218,0.15278882733353,0.02776217230731695
2020-07-06,0.1660457803376979,0.13090286352041314,0.13978713680815336,0.16316459526890925,0.1552744360651254,0.20176991220306406,0.20196937964644618,0.2235669205761403,0.24934408917604972,0.1873921683723616,0.021346388034663752
2020-07-07,0.17597297617295304,0.13920751428027636,0.14809627426162317,0.17485517077768545,0.1637483928643805,0.21252832984855968,0.21061953429129412,0.2319873609446419,0.25613015158535385,0.19957562553902947,0.023602649366076468
2020-07-08,0.1973746968430263,0.16035059944128402,0.16606665814828775,0.19569622874853435,0.1838861223711242,0.2350399189264093,0.23439591836293228,0.2523684038991267,0.2772468348473818,0.22177452455932872,0.024399827716302454
2020-07-09,0.21933891208526618,0.18457112733211398,0.19036773872140955,0.22062420778718722,0.20909528582013395,0.26246844011982284,0.2590257728144701,0.2763103140354275,0.30602111707481117,0.2501089917267306,0.030770079641464464
2020-07-10,0.20632448855447774,0.1770149096543259,0.18071470419982588,0.21438157324214435,0.20174640695906468,0.2561810751390168,0.252429850173231,0.2662466041365363,0.2924811403083822,0.24463824035710444,0.038313751802626694
2020-07-13,0.23671405705211487,0.20913183265361884,0.2155533356357191,0.24895366463070773,0.23608243039018842,0.2909261972540718,0.2866165819800171,0.29974819276724524,0.32654497759317064,0.2766965776902082,0.039982520638093336
2020-07-14,0.23144234402431954,0.2008249977348944,0.20639173660354823,0.24001691139608594,0.2299832017312235,0.282401503914465,0.279195768389633,0.29703348008963326,0.32141671121561427,0.2689380199368231,0.03749567591250352
2020-07-15,0.20262199895716196,0.17438579905217644,0.17831965304779132,0.21314620930235353,0.20202349266487749,0.253067216495669,0.25002647701412317,0.2703001110295223,0.2957938110973641,0.2480624649450821,0.045440465987920134
2020-07-16,0.16001267199369906,0.13030190332091252,0.13344014896089168,0.17026787236125057,0.15645964767326448,0.20651961605353134,0.20508322211150948,0.2258337844948078,0.25203932761576936,0.19753066364290997,0.03751799164921088
2020-07-17,0.15471239698791453,0.13041239251536044,0.13563516020982805,0.17202564515882646,0.16164274212900762,0.20957737400046977,0.2114220934593101,0.2324751219621768,0.2594874214847503,0.2062209940626114,0.051508597074696856
2020-07-20,0.18761862983856165,0.1705469173618348,0.17368362646659508,0.20768708450018214,0.1988803661095449,0.24658720255409725,0.2477092974307768,0.26875911744598646,0.2948785918556035,0.2353250130603436,0.04770638322178193
2020-07-21,0.19256959737490545,0.17460467472987679,0.17586326600609894,0.21088237546140526,0.2008852662130772,0.2516902123734943,0.2524734649517364,0.275222640744629,0.29908035657539467,0.2416501346424682,0.04908053726756273
2020-07-22,0.19564253630401812,0.17903762127936615,0.179543581787029,0.21387538724875238,0.20563590775252302,0.25656644021328356,0.2582013626353464,0.28001248881827095,0.3028909823850483,0.24769618392120737,0.052053647617189204
2020-07-23,0.19112524716269547,0.1791887697021818,0.1770871288501237,0.21108989345015497,0.1983337229406199,0.25077316139944106,0.2555312116008039,0.27702191708117374,0.29995877285786693,0.24230028104004148,0.05117503387734596
2020-07-24,0.1478904816992515,0.13344199168744014,0.13462781192751694,0.16564663310708333,0.15568878903665473,0.20772172421019106,0.21669480188442392,0.2348972904045609,0.26228398894751354,0.19562039841623835,0.04772991671698681
2020-07-27,0.15099278645095682,0.13349048050713455,0.13877226814747548,0.16777758574143548,0.15766468381882282,0.20922413075933732,0.21778584220157354,0.23573606594687269,0.2646327070730473,0.1932659753230049,0.04227318887204804
2020-07-28,0.1627014476040694,0.1418385728450221,0.14863620848326137,0.180198125129503,0.1686595439878439,0.2187397450599926,0.23131633646277816,0.24993313109765625,0.2779390284926556,0.20718582346693992,0.04448437586287047
2020-07-29,0.18772500095744019,0.1657222021907498,0.1742928757082893,0.20494525612968645,0.1901133768679624,0.24368947034302044,0.2559589517957487,0.2752891723365932,0.3019146477231979,0.23324458250838623,0.04551958155094599
2020-07-30,0.18832924507964818,0.16288147924236596,0.17150820599867728,0.203817862022882,0.18871698559176114,0.24378398518477437,0.25297168438836387,0.27438119286456425,0.29909389549430965,0.23069518166221134,0.04236593658256312
2020-07-31,0.20107926229116443,0.17623960771687475,0.1879730901675812,0.21754873259381563,0.19945780677909838,0.2554973078844951,0.2644465852647524,0.28557950000462146,0.30738453619651773,0.24047530446115375,0.039396042169989286
2020-08-03,0.2298747408846522,0.20501325501038728,0.2189989226452441,0.24951960004945506,0.2298752180674389,0.2844821174667993,0.2932081920546083,0.3125851454620739,0.3344069702253497,0.26810707655345606,0.03823233566880381
2020-08-04,0.22351458096815355,0.19725330137801514,0.21085637890856596,0.24014313990183375,0.22367234045388334,0.27751244300914707,0.28890163411186626,0.3087824468731575,0.3307411317138648,0.26167608294392286,0.03816150197576928
2020-08-05,0.22689153048004254,0.20752931046345888,0.22117534150803914,0.25153579423230904,0.2357957875974353,0.28884130150422094,0.29933005464456763,0.32067011214009894,0.3393300037717769,0.27099740747871814,0.04410587699867555
2020-08-06,0.22342595655206085,0.2039730980838678,0.2184884200078026,0.24884012851386478,0.23480279327978806,0.28703426388707237,0.29895313362811454,0.3187620668936797,0.33802454412806515,0.2649908885424,0.041564931990339116
2020-08-07,0.2089658521377085,0.1895029145813576,0.20606774271562325,0.23419747854740156,0.22207326276405548,0.27150476531112383,0.2857287937776902,0.30705146720248455,0.32463856515333506,0.2507755625070636,0.04180971036935509
2020-08-10,0.22029991738048726,0.19852416611789364,0.21293029715262812,0.24025640019552383,0.22433726146317629,0.27959795366308293,0.2954248781103585,0.31784273586033834,0.3369385021107805,0.26027673077378505,0.03997681339329773
2020-08-11,0.20616461797998775,0.1790983293391788,0.19359492893785948,0.22272388042462646,0.20292774733503777,0.25890374678687683,0.27419296015280564,0.29807120878062343,0.3159158457284745,0.24087129125573273,0.034706673275744906
2020-08-12,0.20085024113937322,0.17119032853271746,0.1851758318971871,0.21139278482789478,0.19515431604417502,0.25206271874755287,0.2692001708137752,0.29716703851530585,0.3130268965181282,0.2304433681234337,0.029593126984060414
2020-08-13,0.21039182975002346,0.18109312466097865,0.191511195085399,0.2157166373347562,0.19981399231783165,0.2557861753803024,0.27543568779368005,0.30186669639244906,0.31991735529791016,0.23570963548794682,0.025317805737923298
2020-08-14,0.22056785249732241,0.18847727494367789,0.19632453148176632,0.22545624714580945,0.20795763466151607,0.26463500271820445,0.28436534890065046,0.30658320921737464,0.3305399117604428,0.2468048831195209,0.026237030622198412
2020-08-17,0.23920497978313263,0.2087634028846332,0.21667339356407447,0.24527936603942593,0.2274553060556774,0.2865919275869132,0.3025280652040575,0.3246444681697456,0.348502022616345,0.2628722501485546,0.023667270365421867
2020-08-18,0.24161614758052385,0.2153244560754956,0.22364349059100194,0.2532972128712787,0.2338154431359815,0.29459877231832526,0.31089848108783946,0.3315982020387842,0.35747688837786046,0.27307936881156425,0.03146322123104028
2020-08-19,0.23184608130782025,0.20351259577181757,0.21027030406582564,0.23714440547705817,0.2174237100398202,0.2755102435965764,0.29524248941632414,0.3142147448817003,0.34055192441990845,0.2571067625884402,0.025260681280619805
2020-08-20,0.2244215246354095,0.19341841870744972,0.1979593109419672,0.22306026197486722,0.2058472996533813,0.2631236291990422,0.2838466704341223,0.30577799795557703,0.3282795376458222,0.24693208995937732,0.022510565323967717
2020-08-21,0.23183097193101737,0.1998976560238817,0.20362122114185122,0.229344846066008,0.21209087583958505,0.2693898038120793,0.29208368794238515,0.3106503108342702,0.33701023036262634,0.25338758636212705,0.02155661443110957
2020-08-24,0.23442094511983763,0.2050360911472219,0.20743045744215938,0.23549909550164702,0.22225072039311453,0.27513682987682925,0.3013315026555257,0.3188036931524543,0.34250879733029366,0.26058558846099955,0.026164643341161815
2020-08-25,0.23396432019367783,0.20187760923649445,0.20715518778421446,0.23392647709122308,0.22114848645747326,0.27420532902973654,0.3003270594663317,0.317693986854129,0.3427127577848265,0.2644053776844423,0.030441057490764357
2020-08-26,0.2199651911071221,0.18140805258102347,0.18493992311104523,0.21478005623642335,0.2006825448482062,0.2521436578030005,0.27478299604539574,0.29281106152185177,0.32257931018779573,0.24378569804692599,0.023820506939803802
2020-08-27,0.2294592288448692,0.19370764255113213,0.19708610660786577,0.2301062404538371,0.2149114981866882,0.2674779837997972,0.2879480027611712,0.3063724597383001,0.33617019678141574,0.25381156607779587,0.024352337232926555
2020-08-28,0.24127417107245214,0.2039509574516105,0.2078246651972156,0.24121247200110196,0.2220457542030486,0.2753139420873784,0.2940445762416905,0.31962356761341254,0.34883276262164814,0.26451600424768235,0.02324183317523008
2020-08-31,0.2405173920709604,0.2026341274539035,0.20975192073499171,0.24576151552023126,0.22626996060410914,0.27646661762253844,0.29421205122203403,0.31817595076903704,0.34952291896180077,0.26671503613367903,0.026197644062718493
2020-09-01,0.24417698425047943,0.20786701971450536,0.21712911351027778,0.2518490256039135,0.22930436289593198,0.2848074961493482,0.30192830820671346,0.3252606505011225,0.3581756535221699,0.27077966968218903,0.026602685431709447
2020-09-02,0.2472848457880585,0.2090287960170881,0.22424569882599468,0.2577443876851644,0.2385256569685078,0.2944086967352784,0.3081048101110382,0.33320303888680286,0.36153182458058597,0.27711469975949554,0.029829853971436907
2020-09-03,0.23980277078469475,0.1990557090554284,0.21468552371549185,0.248741120803757,0.22836793525411841,0.2832641655179334,0.29924727187907646,0.32311263736423035,0.35327602968167554,0.2680858075101755,0.02828303672548068
2020-09-04,0.24005294727374954,0.19974300061266534,0.21718808392183697,0.25229759250361466,0.23242956933447056,0.28555389587220337,0.3030594523163659,0.32231910919064977,0.3534858323536415,0.2664965222728105,0.026443574999060904
2020-09-07,0.22762132182413508,0.19095432925262373,0.2066852520273611,0.2426056243317841,0.22083704515568275,0.27388223899312814,0.29322241052546366,0.3067756089318095,0.33903234959268186,0.25388368303008646,0.026262361205951327
2020-09-08,0.23996195717043156,0.20138339507240074,0.21697128850876846,0.25593687955066735,0.23478197768888634,0.28560620986882296,0.30364145635340434,0.3152369780150248,0.3444570975446207,0.25933980656678685,0.0193778493963552
2020-09-09,0.22197946088502965,0.17672093813915518,0.19017658147456631,0.2231452359293259,0.20939359080326536,0.2571464249602918,0.27602578522236404,0.2857657599994943,0.3176886600354159,0.23355774645805125,0.011578285573021513
2020-09-10,0.19140337027313942,0.13406007805026124,0.14717722029146196,0.17828209989903296,0.1656263231102359,0.21585664259393297,0.24080904025296374,0.2526313113020885,0.2877384529608541,0.19984269490042528,0.008439324627285773
2020-09-11,0.20380395440478544,0.14683513487556693,0.1614914351144037,0.19439168510750002,0.18284199623708888,0.23223357755157137,0.26153929247008834,0.2691593277659855,0.30356933552342197,0.2115314895892918,0.0077275351845062686
2020-09-14,0.2165422676756991,0.16019217048902054,0.17648660520152057,0.21305070583987018,0.20887963202619877,0.25633336816424385,0.28075847088936223,0.280726357367604,0.3151106354620722,0.22014159313867165,0.0035993254629724646
2020-09-15,0.21705512867931576,0.16303943566694828,0.1794565807358308,0.21579522167483653,0.21056769404911402,0.25798207264112916,0.2840830423970496,0.2846877380150853,0.3176820437603822,0.22607107705909502,0.009015948379779147
2020-09-16,0.21178863400538733,0.15682651372326295,0.17316294740813074,0.20842894245657234,0.20134175742734706,0.248543965691585,0.2749107052348699,0.27770122558789745,0.31100325575030335,0.22046895101491554,0.00868031700952811
2020-09-17,0.21622704551726885,0.160935324363469,0.17844403719636345,0.21353482494724307,0.20400404021796012,0.2521467963833839,0.2783410609926558,0.28048908942338285,0.31360565925196215,0.22455794971358986,0.008330904196320897
2020-09-18,0.2319553090937202,0.17770367847869895,0.19066960729089105,0.228188364783705,0.21561872678168587,0.2646153508647837,0.291705473490155,0.29426722983412273,0.3259573363888154,0.2375385086388696,0.005583199545149315
2020-09-21,0.2325951195923524,0.17636386734474035,0.18977945311057182,0.22586276244736492,0.21609582199018756,0.26291665877033576,0.2888869509749059,0.2918043869122427,0.3217274727241215,0.23481298690509916,0.0022178673127466702
2020-09-22,0.21577428545278537,0.1607547852916692,0.17422248218130934,0.2096980459637004,0.20022820031266048,0.24681021563361064,0.27384393113898675,0.27556548162621697,0.30790939276231466,0.22211620100037363,0.006341915547588159
2020-09-23,0.22171752756164628,0.16515940205075416,0.17988827031057703,0.21676482224791857,0.20854529362787005,0.25502927722584295,0.2840717457238087,0.28233982986869277,0.31443933237598304,0.22808394875739318,0.006366421195746799
2020-09-24,0.1971559290822689,0.13987275799629434,0.15469835738609286,0.18806795309656288,0.17789695306922584,0.22213232051130158,0.2537958603541186,0.255565645143383,0.28940127054260056,0.20499072869763435,0.00783479961536536
2020-09-25,0.19126077122113094,0.13592538485020356,0.15049140041070325,0.182947399027613,0.173314585061248,0.2169818975796983,0.2479280009195126,0.2510616002611572,0.2838496283024718,0.19847484496391835,0.007214073742787306
2020-09-28,0.1787473183184489,0.12295091777353612,0.1383913260940369,0.1681495982905274,0.15832157095038593,0.2028241888533337,0.23155880330619108,0.2365813572877527,0.26906882354776007,0.18523519756497228,0.006487879246523287
2020-09-29,0.18642935147946885,0.13210664376277986,0.14770148166170277,0.17720523706200797,0.167614843632413,0.21480019818745957,0.24035367571338448,0.2451039930027612,0.27662983787163503,0.19096028075107596,0.004530929271607014
2020-09-30,0.1841957315418949,0.12823384385126668,0.14639875232926108,0.17685323067043593,0.16737810297946318,0.21260648965771906,0.2382149734896851,0.24067316516750237,0.27428987322018,0.18637752362929494,0.002181792087399945
2020-10-09,0.21274851976666803,0.1553541223666853,0.17443120825924638,0.20792121080601106,0.20137684415998233,0.2448428053392427,0.2710905980974556,0.2711732986605064,0.3049238010570324,0.21353219218231748,0.0007836724156493561
2020-10-12,0.24173314718728664,0.18339123806637309,0.20511854039755079,0.24029278600138526,0.23656798045518235,0.2770711437673137,0.304423736699294,0.29915985287162467,0.3318618601660675,0.24138270500373113,-0.0003504421835555851
2020-10-13,0.24416382779821005,0.1839062988570579,0.20818527852263718,0.2429422803862783,0.24317002967455734,0.28259201479511475,0.3090600123283498,0.3018438164181978,0.33300385343303684,0.242249285716687,-0.0019145420815231467
2020-10-14,0.23742241945091883,0.17856265296608217,0.20102948237502227,0.23622535125825975,0.23766063291610676,0.2785001598984036,0.30310568420701195,0.29551637735738556,0.3268905182346859,0.2333964810334138,-0.004025938417505138
2020-10-15,0.23191514893596704,0.17152746339904684,0.19148597055263084,0.22947761131964223,0.23142741823985813,0.27179693388622866,0.2946442332255705,0.28820414318535403,0.31818714067300263,0.22845049824716618,-0.003464650688800976
2020-10-16,0.2336894789760039,0.1725047412437887,0.19154111476961466,0.23014953218290304,0.23488704214027545,0.2736406560253661,0.29466745533444627,0.28714179214817465,0.3170976351792608,0.2273768149180816,-0.006312664057922426
2020-10-19,0.2301790127574185,0.1678282970996788,0.18524712990216385,0.22337266083858423,0.2275744844202086,0.2681534621443602,0.2893165557119355,0.28305381832252996,0.31379529969767117,0.2227646964166464,-0.007414316340772232
2020-10-20,0.23783940808950912,0.1754707007008257,0.1956329149251094,0.23304463900936892,0.23772111787845832,0.2779007280980977,0.29750482362261194,0.2928187094395558,0.326830102043306,0.2380243242688982,0.00018491617938894665
2020-10-21,0.22950726753514542,0.16376261595542824,0.183740131344828,0.2208314899897117,0.22402124501008458,0.2655064207472934,0.28377690316945825,0.27994450447093744,0.31442669013200975,0.22853278971308727,-0.0009744778220582458
2020-10-22,0.2244703611364778,0.15890937957003626,0.17739771848532035,0.21885786003827384,0.21895927627504339,0.26374681274307166,0.28146085076709265,0.27784989858993997,0.3134599915862434,0.2274658673686433,0.002995506232165388
2020-10-23,0.21213408399775746,0.14459825129702514,0.16362973423464244,0.2073497482326328,0.2053000354266296,0.24999371970983503,0.2683904403873356,0.26332748146570256,0.2967656106937277,0.21033184544562697,-0.001802238552130608
2020-10-26,0.21314128421790696,0.14605624144515858,0.16474494101934622,0.20779080168820202,0.20784159459629692,0.2515491915253088,0.27048903539472435,0.2671934737718359,0.2976883982511254,0.21212218714971587,-0.001019097068191223
2020-10-27,0.21384754686812418,0.14623176312504854,0.16628430167644834,0.20765849911766224,0.20944747748588974,0.24946218883632817,0.271447442349308,0.2678745296270261,0.2975131521382557,0.21422077719208849,0.0003732303239641782
2020-10-28,0.21612103818372091,0.1474244360962351,0.16867023740413606,0.21046319651117623,0.2112959254089237,0.25075399854822833,0.2732728257586392,0.27000993075982405,0.29959446617956326,0.21453526220317598,-0.0015857759805450722
2020-10-29,0.2143932242915304,0.1443448390387248,0.16737938355141413,0.20782545185230158,0.21119364133230892,0.24682607688764457,0.2713125567276326,0.26609099557341626,0.2969648032203399,0.20985507563564423,-0.0045381486558863215
2020-10-30,0.1866233061303446,0.11851134370942393,0.14100234541582315,0.18261653296527547,0.18439949802535688,0.22007927290850524,0.24369906461352905,0.23954097645876138,0.26991751846967876,0.1802844314728002,-0.0063388746575445635
2020-11-02,0.18314526837663053,0.11686928036753193,0.14365178461303388,0.1840669752365589,0.18833678440634094,0.2255909020277413,0.2467920256142544,0.24323036232725637,0.2721864213382581,0.18171310399127297,-0.0014321643853577384
2020-11-03,0.20684418347891143,0.1393534473394179,0.1649928873876778,0.2025734770078893,0.2077727513202157,0.2429522907665384,0.2643556306628855,0.2645155411293746,0.29600694712674014,0.20356460872565077,-0.003279574753260829
2020-11-04,0.20305067708483812,0.13593747134774078,0.16314270850572948,0.20280955306723558,0.20616596673123416,0.24105405130105304,0.26295670513225355,0.2621293551285407,0.2913531968189226,0.2017845990818697,-0.0012660780029686014
2020-11-05,0.21898030792046086,0.15447050235493115,0.18091091230919892,0.21937741628274923,0.22506280634537923,0.2604390427354759,0.2787971606086076,0.2790434549454565,0.3107127091143786,0.2180782039896309,-0.0009021039308301226
2020-11-06,0.20912646625859133,0.14491787505474452,0.16840365078698522,0.21147340225297837,0.21437240017795942,0.24867671713858577,0.26853635034379425,0.27179684293216233,0.29833263568904916,0.20995920682716826,0.0008327405685767571
2020-11-09,0.2323672636375706,0.16696239261747955,0.19131133640883574,0.2314526525712467,0.23515275195411928,0.26865725474622937,0.2914371383087426,0.29455707014079663,0.32006589560878046,0.2324990692766824,0.0001318056391116304
2020-11-10,0.22474637910871034,0.1581768689984281,0.18287802098552042,0.22512228203950124,0.22370571827258665,0.25728975696004314,0.28104381078035495,0.2858876001301929,0.312030849667677,0.22146639673645024,-0.0032799823722602676
2020-11-11,0.21517385192754301,0.1481484008431551,0.16944623497642902,0.21204430325488177,0.211129157632447,0.24602486853889058,0.2676628386424342,0.2725970041593485,0.2971093327800294,0.20808051106584205,-0.007093340861701116
2020-11-12,0.21527270976474358,0.14974092107249237,0.16945027625490222,0.21325407219586331,0.21440532258170475,0.24457671797674252,0.27065597121734947,0.27222329768676273,0.2996786601562691,0.2076747306917872,-0.007597979072956526
2020-11-13,0.21534428396119018,0.14863361776298625,0.16935383827450817,0.2124232795910137,0.21153746747188668,0.24397334871674917,0.27075384199011465,0.27539610666959574,0.30124857607675837,0.2100497201180132,-0.005294563843177131
2020-11-16,0.22418076053013988,0.15727513014862576,0.18168008000714353,0.22286015777790338,0.2227476924724796,0.2560972285810412,0.28144405595224775,0.28373131766562304,0.3106600633119531,0.21764659366365224,-0.006534166866487794
2020-11-17,0.21730560801993914,0.15178667458637132,0.17660908599130845,0.2170790291530311,0.21509322575582113,0.251185830713231,0.2720675502134803,0.2742791373838101,0.30149037340485074,0.21031444139530825,-0.006991166624631056
2020-11-18,0.2224165153610434,0.1555451735512224,0.1783972180200099,0.2194898249638235,0.21837550838720163,0.2544449424838006,0.2770543954071577,0.2786457825604102,0.30624691823386196,0.21430674940150451,-0.008109765959539064
2020-11-19,0.22794513300950206,0.1587495856836168,0.1805461195573899,0.22105925483080396,0.22044702455049528,0.2568295829876747,0.2793854377101045,0.2821977282752213,0.31008707170328637,0.22055484830011132,-0.007390284709390916
2020-11-20,0.22950876899651343,0.1656582503086859,0.18579401354266756,0.2291186555152141,0.2283943426203353,0.2654535693508105,0.2836955102285858,0.2857356519113055,0.313097481759405,0.22368712846424646,-0.00582164053226715
2020-11-23,0.23265713809887162,0.17097254755140634,0.19167441103127092,0.23538450831143534,0.23355464632780149,0.2696940070874859,0.28806915782916137,0.28528502377276627,0.313288647989345,0.2227572973131536,-0.009899840785718197
2020-11-24,0.22960212277182387,0.17135122073125542,0.19207853958415402,0.23467866254716963,0.23218208587577263,0.2689001270191954,0.2873917647181983,0.28385347595068705,0.31311373807649445,0.22320666908978642,-0.00639545368203763
2020-11-25,0.21775259901860858,0.156979996366042,0.1752613323379888,0.2217193940502185,0.2170469060543944,0.25609165602373785,0.27413953522096934,0.2693105990683715,0.2996607977420789,0.21193677119308008,-0.005815827825528686
2020-11-26,0.21398323405674513,0.1532951886687062,0.17243110358248723,0.21670076737218433,0.21323573134568957,0.25249070745152596,0.2680492531751242,0.26514611660603055,0.29542458750322953,0.20721271722069398,-0.006770516836051346
2020-11-27,0.21219821230936703,0.15180831575544607,0.1736515205509557,0.21602066536732972,0.213747146095506,0.25579732032099517,0.2670083728692797,0.2635877341662514,0.2927727312175674,0.20936333394784598,-0.002834878361521245
2020-11-30,0.20868553520863203,0.15051193177761998,0.17054912993857552,0.2127123609341278,0.21013104511595226,0.252252302264933,0.26479421854741353,0.26203641241236847,0.2915677679628878,0.2080168666418099,-0.0006686685668223242
2020-12-01,0.22419774955679195,0.16325192314529804,0.18295376353010956,0.22589252934113518,0.22237947140807465,0.2669319560222679,0.2779360773624285,0.2767028862542944,0.30502428870485376,0.2197394441163627,-0.004458305440429449
2020-12-02,0.22659621156768273,0.16385428462559687,0.18210876831671954,0.2269836075199455,0.2239993165592878,0.26983646752561147,0.2805449763565165,0.2786483617611085,0.3073216944314993,0.2245873058480833,-0.0020089057195996273
2020-12-03,0.225870141179555,0.15905115875917977,0.17766002960087052,0.2241653129825513,0.2222497012881263,0.2682789375026236,0.2785986616672666,0.27886806009362153,0.30574215678741656,0.22274550744133664,-0.0031246337382185895
2020-12-04,0.22766702796001903,0.16174071451344169,0.1816797260295883,0.22583042927029787,0.22447684176667262,0.268894896078409,0.27953539763733093,0.28315601410438057,0.30828247253964736,0.22454466464879108,-0.003122363311228163
2020-12-07,0.22431668412750336,0.15778236418794728,0.17664041795581745,0.2211016145999018,0.21833171525115933,0.2627717574326818,0.2745402347912715,0.2793892536875952,0.302132826454974,0.2168445256233346,-0.007472158504168972
2020-12-08,0.22329648761017543,0.15603934926145674,0.17417650256153253,0.2192962595990495,0.21672236909571502,0.2613227438357676,0.27134714268130883,0.27673181968258054,0.2981590165709545,0.2143658307537238,-0.008930656856451826
2020-12-09,0.2022969898447524,0.1386988160628078,0.15580197224292278,0.20091761480187084,0.19862936739433423,0.2431365628210451,0.2512054689349804,0.256760434027676,0.27975355466917917,0.19461559187577282,-0.007681397968979773
2020-12-10,0.2034069192732379,0.13819766199509842,0.1561077901853542,0.20028864141888342,0.19951182660614725,0.24436185015514267,0.2508412645643349,0.25580007369424185,0.2799236616894407,0.19394864027969486,-0.009458278993543264
2020-12-11,0.18481842920275438,0.12255786257204791,0.13802594947411612,0.18643769852575265,0.18324103780693493,0.22833292550315537,0.23273803192736076,0.2389196858792388,0.2642324754268952,0.17601623587303314,-0.008802193329721453
2020-12-14,0.193115920348282,0.13019237634913253,0.1447263403114937,0.19391567448832647,0.189265922310578,0.2367464569001831,0.24125038693125575,0.24567238545388742,0.271266483178903,0.18433724807954197,-0.008778672268740264
2020-12-15,0.1924677351016954,0.13043203445425852,0.14338099577615507,0.1930023426631456,0.187518839928346,0.23666566754104962,0.24135757619665585,0.24336216410554612,0.27055392233758746,0.1848026940955102,-0.007665041006185416
2020-12-16,0.17611512231769438,0.11477191262968237,0.12967567984947495,0.18099255410223447,0.1766862805675038,0.2284399236768487,0.23250598345116255,0.2320151730692438,0.26143333091048704,0.17400517856913106,-0.0021099437485635336
2020-12-17,0.18753209527737774,0.12686028945575148,0.14042820264404482,0.19083838954633503,0.1885827531183786,0.23803499679407175,0.24076096566388505,0.23840892568856176,0.26972304652570894,0.18101784405189827,-0.006514251225479689
2020-12-18,0.1808677259798921,0.12196762605599638,0.13407941963281095,0.18711435613817445,0.1870512338693239,0.2367517299528228,0.23715721733539524,0.23121033307395367,0.26498389461015054,0.17321727479101987,-0.007650451188872449
2020-12-21,0.19023418814273615,0.13125427428029207,0.14553476169655846,0.19720382822059682,0.1978980212288363,0.2473050064755162,0.2470402357469916,0.2431576804914293,0.27380849803497953,0.18167652000120316,-0.008557668141533241
2020-12-22,0.16712160113123997,0.10812431147183205,0.12297114065484788,0.17450307863702152,0.1759775585546126,0.22625963637787977,0.2269796938389074,0.22257354815230918,0.2568805831781357,0.16180676594173415,-0.005314835189506088
2020-12-23,0.16903206950991256,0.1089748737353344,0.12806143027186442,0.18147039389450464,0.18111691917529496,0.23141613921553916,0.2312936244740033,0.22809057871537614,0.259253390280188,0.16335557889964153,-0.005676490610271299
2020-12-24,0.14541553697760162,0.08787551284769549,0.10778096112415496,0.16128580099632442,0.16589948146903877,0.21364316063320976,0.21093557093183388,0.20875999865500527,0.24015497314839185,0.1401553673065728,-0.005260169671029093
2020-12-25,0.15303156756276465,0.09668028475174274,0.11669083431741803,0.17262090048001896,0.17464201447267463,0.2256268869040449,0.22065929214119095,0.21904843365415017,0.24982213988908894,0.15041590927554982,-0.002615658287215098
2020-12-28,0.13498191024702755,0.07950614727612498,0.10555316524190227,0.15978954938023207,0.16570060035541423,0.21625658946101706,0.2083636392159814,0.20797600187986498,0.24061299754404805,0.13907046474030108,0.0040885544932732784
2020-12-29,0.13936150267555392,0.08440174490200308,0.10407762997030666,0.1559075663130005,0.1595912568869302,0.21063898650448362,0.20431139664632283,0.20269764590733183,0.23629927071552692,0.1386401286201997,-0.0007213740553544427
2020-12-30,0.13872646385486959,0.08461323154582588,0.10841160492751806,0.1629212965272923,0.1662047571747799,0.21911572577908883,0.21090470043154488,0.206086721003642,0.2416961849737598,0.1405500530352713,0.0018235891804014859
2020-12-31,0.15525259193086588,0.10141310854346113,0.12338032999346463,0.17666254682041913,0.17920106690807222,0.23103938783049827,0.22357843354217322,0.2206270069420252,0.2565323028728026,0.15554557792783177,0.00029298599696566535
2021-01-04,0.16973232409155842,0.11616607541983293,0.13869725665722168,0.19314718568009726,0.19651829796633774,0.24625209190375844,0.23855186595435798,0.23522528448805943,0.27097097657935926,0.16545778011011492,-0.004274543981443732
2021-01-05,0.1683616217871639,0.11555076494587098,0.13348482629562541,0.19363123302589433,0.19665268260962096,0.24424969422115686,0.23615107656692846,0.23305955935173933,0.27024990027408813,0.167759473349967,-0.0006021484371971407
2021-01-06,0.15309736026301182,0.1000236774518655,0.1221889715590547,0.18062095986458104,0.18474620657229,0.2319170862942822,0.22412756767466516,0.21860928879325436,0.25768821920697876,0.15736308863140508,0.00426572836839303
2021-01-07,0.11784003691837,0.07002972286126619,0.09695623508765808,0.15698705334481733,0.1620955301613662,0.2078754232016917,0.19973423487571634,0.1920764447986699,0.23172667255683407,0.1318487687564609,0.014008731838090666
2021-01-08,0.11875874898374537,0.06986202930816866,0.09444701683382321,0.155939744943657,0.15767479716424107,0.2052116369334584,0.19677047884357915,0.189559108731116,0.23526071690034284,0.13527605976786422,0.01651731078411862
2021-01-11,0.08967960554011095,0.04458617784949993,0.06813314905016712,0.13393982843489133,0.13569913035013917,0.18152168235492144,0.1724886179098828,0.16767013917046694,0.21400327244358525,0.11852111430112498,0.028841508761013816
2021-01-12,0.0953143358155152,0.05266120231723571,0.07895137584947928,0.14302670676536353,0.14681570992424925,0.19196086700686055,0.18080158680509165,0.17430524781995893,0.22205035764404968,0.12588368399876557,0.030569348183250154
2021-01-13,0.07385214301428619,0.0379814943999026,0.06358517226595811,0.13014418783182677,0.13279878807013307,0.17420864400048283,0.1662457457153659,0.1574448442546643,0.20481265178940636,0.11164952871166914,0.03779738569738272
2021-01-14,0.08396489906206449,0.044310121184210946,0.06588516663934707,0.1300563736131183,0.13324956978108451,0.17604601162923358,0.16979405204611583,0.1613239716295994,0.21204020616337005,0.11983308384873648,0.03586818478667175
2021-01-15,0.10601191667679141,0.05793831317325393,0.07631633209737532,0.14045199486311064,0.14652352584232634,0.18800156912600452,0.18288797414252544,0.1749113370080122,0.22545580228615597,0.13418860885860365,0.02817669218181199
2021-01-18,0.12269398635185648,0.07515979348906685,0.0936934255765627,0.15534416008947893,0.16161471041564424,0.20292975709574804,0.19554950522453815,0.18738474697947805,0.24085302600689434,0.14774090842358473,0.025046922071727987
2021-01-19,0.13390483969899988,0.0769002457775993,0.09594883859490182,0.15509807920439564,0.16172575762051172,0.20323984757339233,0.19905323741850306,0.19030160363701668,0.24718709637534061,0.15538231214324041,0.021477472444240267
2021-01-20,0.13747406273054963,0.08014598862427683,0.10004658016908888,0.1589588365480204,0.16538134776490518,0.20681788883362062,0.20008530789443985,0.19410008092933076,0.24979446361551297,0.15745233078737667,0.019978268056826762
2021-01-21,0.1410877529981847,0.08669011763631308,0.10596038529394275,0.1636145768395282,0.17231878345926765,0.21365166695415175,0.2094470679646212,0.20330749170517085,0.25603289832237736,0.16187354886316746,0.020785795864982474
2021-01-22,0.12750553952651256,0.07800048536561052,0.09668233813805688,0.15290939524970748,0.16417345098287206,0.20282708348202366,0.1984250074714704,0.19225967510774386,0.24526276499700225,0.15174110708694846,0.02423556756043565
2021-01-25,0.1099366756990731,0.06505266295165879,0.081740587938311,0.13887141860435717,0.14666812065741652,0.18772674256767738,0.1840253684637312,0.18018254802403477,0.23236132380062652,0.1365822569902663,0.026645581291192946
2021-01-26,0.10426796636045943,0.05546153021163201,0.07162088061517068,0.12973696707046142,0.13643963011692026,0.1815750538757492,0.1765487336699792,0.172957902957056,0.2216539353823479,0.13062034505403713,0.026352378693577455
2021-01-27,0.10332776780359235,0.05664062774558762,0.07468680326234892,0.13198137837263585,0.13923985905203773,0.1823135175434664,0.17521262024789197,0.17622516110783143,0.2232709379400212,0.13080977340843275,0.027482005604840164
2021-01-28,0.09185669197273451,0.043481733244442294,0.05884938816734151,0.11587543942461295,0.1254375226665383,0.17014127411385696,0.16109784808202865,0.16388745393560084,0.21020853595504022,0.1206667138027685,0.028810021830033762
2021-01-29,0.07248642139072678,0.027952032627893423,0.0440887215851643,0.10060992833327395,0.11296640109427261,0.1556271916627382,0.14892723046072898,0.14759872747606448,0.19755155101787844,0.10657668139015909,0.03409025999943209
2021-02-01,0.07530990232306822,0.034652436418480176,0.050695476591060995,0.10825619668188123,0.11508949488035033,0.1578267097290087,0.15749265718094835,0.15325659012389867,0.20102509502775812,0.110121810837932,0.034811908514863564
2021-02-02,0.07559810012039082,0.03684849143910532,0.054283767346755524,0.11457621090385087,0.11792439685103326,0.16259552687287362,0.16344808854990237,0.15826904764791708,0.20461201844808882,0.11165969243968056,0.03606159231928951
2021-02-03,0.05907253261658606,0.02262485215064438,0.03661675572529087,0.10082523711514363,0.10084439117897051,0.14612975476759346,0.14842293345836255,0.14101308151134645,0.18912482559861082,0.0944523757035005,0.035379843086914206
2021-02-04,0.03981840838895776,0.003049344175226485,0.019814359550101864,0.08195845498896565,0.08590296803130987,0.12591639492032944,0.12839204244727734,0.12128051028671978,0.16998128675030139,0.07806558697443901,0.03824717858548101
2021-02-05,0.03276358110728658,-0.010297816949772795,0.0062233371552596235,0.06716948196241479,0.07071646307186703,0.11272379043814562,0.11663239526974276,0.11162585875465562,0.15764335980650582,0.06864831039971038,0.03588472929242356
2021-02-08,0.035156688382875126,-0.007032558764609001,0.00679447205666366,0.07243842936586616,0.07388880155001928,0.1174992964247491,0.11809178655633028,0.11243268651697465,0.1574469654887602,0.06462960370658778,0.029472915323712424
2021-02-09,0.05285861057487847,0.012968856951564864,0.026963616728754854,0.09312514258374685,0.09231969985375027,0.13470604759289206,0.1374123349394517,0.1310692378622993,0.17400883532885708,0.08070084121220823,0.027842230637329525
2021-02-10,0.060203395336325696,0.018313431814996527,0.03371105479563675,0.10217992420507079,0.0995748210935946,0.13980442695808665,0.14542173665985683,0.1375430795053148,0.1829440786259333,0.0893951142916797,0.029191718955353767
2021-02-18,0.08759212267867532,0.04558370159323015,0.05700970431883606,0.12369131984688732,0.12538427479249853,0.1652236446453723,0.17030596329163453,0.16449814574848473,0.2088576080831862,0.11814136222036269,0.030549239541687125
2021-02-19,0.11636174183302679,0.07138357964753901,0.08291316464878762,0.15080372121674607,0.14975071039907584,0.19137663602121183,0.195411350893481,0.1904809715604395,0.23806454699823335,0.14567150705250437,0.02930976521947735
2021-02-22,0.1232191099290104,0.07498625376030395,0.08895016734408337,0.15764701850613894,0.1548869578127547,0.19841399134883975,0.20172098880913678,0.19801525757941663,0.2479034324553836,0.15803026937748837,0.034811159448477756
2021-02-23,0.11941648059077847,0.0675701245697552,0.08414738301086708,0.1512030944112145,0.14945431787456095,0.19006247157751233,0.1971417408834843,0.1916564310508409,0.24132761895081217,0.14875491461946974,0.029338434028691046
2021-02-24,0.12028562953156349,0.061334188112140656,0.07999848790066784,0.14609370054365542,0.14574594918090153,0.1871421482118448,0.19589044357046947,0.19240394494806157,0.24535378786774367,0.15582509435873504,0.03553946482717134
2021-02-25,0.11429150311282059,0.05515540501955594,0.07080279239760587,0.13856127516183986,0.13723349013246214,0.18085642570768812,0.1884662921777368,0.18622935715144476,0.239501084204404,0.14862255395713345,0.034331050844312636
2021-02-26,0.11196319735391462,0.04845065689030712,0.06340893930218582,0.12970337542005184,0.1331387252406729,0.17483431417443035,0.1849558220454761,0.18491549404929916,0.23730399787953904,0.14987667930168488,0.03791348194777004
2021-03-01,0.13143972497752862,0.07249697502261979,0.08960422736205015,0.1545881681623525,0.156535388932934,0.19640939002904137,0.2075580478471163,0.20598296524630672,0.2592822674313844,0.1696455221760741,0.03820579719854525
2021-03-02,0.12724108045194993,0.0660113548402152,0.08226291453545127,0.14510239466947494,0.1512605431555978,0.19073906919392788,0.20121376370679434,0.19977191790251145,0.2544074889972431,0.1642620087260705,0.03702092827412035
2021-03-03,0.13809495985257866,0.0799195652820815,0.09658873364367185,0.15886246888036182,0.16448617753629707,0.2042755416741119,0.21338956536866702,0.2116007725386569,0.2684820796137582,0.1754915155125985,0.03739655566001962
2021-03-04,0.13036268374403212,0.0694015201197791,0.08459713329196522,0.14592800076831244,0.15487837104921967,0.19399755091184354,0.20017767669579367,0.2032061580127455,0.2564719492990074,0.17073062223697807,0.04036793849294572
2021-03-05,0.1407532071006809,0.07737373132520624,0.08752263513828022,0.15174676141632232,0.15935119714548157,0.20137368196409278,0.20777698570494907,0.21330465167069698,0.26823379709553696,0.18101084180045668,0.04025763469977556
2021-03-08,0.13022234064146024,0.06436787531416499,0.07360320266337377,0.14143682097862267,0.14613034793309607,0.1871482581130159,0.1942470247682012,0.19757355152191136,0.2539675966497215,0.16851859962880444,0.03829625898734397
2021-03-09,0.10509822559212992,0.037879090012407614,0.04837892285816446,0.11405429344771331,0.12084116284933939,0.161226775302561,0.17269210403201404,0.17330484167774146,0.2275596642873558,0.1424157202664986,0.03731749467436846
2021-03-10,0.09381830912168761,0.027044924250505777,0.03780670022442081,0.09998193539467591,0.11191971897578079,0.14882022781318993,0.16191125024412192,0.1600301801378491,0.2160396307478597,0.12961777481774828,0.035799465696060455
2021-03-11,0.11268101172793957,0.048736437198864085,0.05830014166741252,0.12366949781241951,0.13403050967053368,0.17074303919948028,0.1850942594837886,0.18242303902364831,0.23342500987027798,0.14650931856380817,0.03382830683586836
2021-03-12,0.11106554897877019,0.051087504834195094,0.06124965948230136,0.12670530426598786,0.134810048650866,0.17214371189343816,0.1836707895548926,0.1832392994897136,0.2320646514076544,0.14632155120092077,0.03525600222215035
2021-03-15,0.10650290617360447,0.04794485853520186,0.05803598489600485,0.12483584256660792,0.13190977456152034,0.16788770170858774,0.18106101708040725,0.17994779494703733,0.22956248391748812,0.14351185369517933,0.03700894752157463
2021-03-16,0.12227971608217078,0.0618534125563651,0.07018404598476005,0.1371321916364028,0.14474610756327097,0.1808570822081291,0.19091794059174672,0.19342459061895018,0.2414491067832247,0.1587147579738587,0.036435041891687704
2021-03-17,0.1287875184616627,0.06492644158260623,0.07609293381365514,0.1421558847160688,0.1496453834999421,0.18533824488389838,0.19899453963040292,0.1977834072058025,0.24627840048595523,0.16316883220283732,0.034381313741174396
2021-03-18,0.12918766512907326,0.0669934548698579,0.0780249967443867,0.14635779660111292,0.1511247231968258,0.18523687886142864,0.1986493028044489,0.19854693188530326,0.24357278636409055,0.16312766257832598,0.033939997449252475
2021-03-19,0.12799134069252976,0.06327797294307683,0.07458966983824412,0.14121712691516028,0.14448831376981425,0.18023177335995486,0.19661347181920558,0.19643601477335237,0.2417710734099325,0.16474332084269405,0.03675198015016403
2021-03-22,0.14427975646878044,0.07821777291677355,0.09120106629602467,0.15813801336081945,0.16222957623905482,0.19502438278342799,0.2137898139170541,0.2103242353704033,0.2592965565095599,0.1804224357718463,0.03614267930306561
2021-03-23,0.13641281005963873,0.06716175432115772,0.07800476356888368,0.1438064687851255,0.1499929585247511,0.1798555622109192,0.19894604822707224,0.19906264898870976,0.24862308497541602,0.16867209781395898,0.03225928775431998
2021-03-24,0.13015349380173294,0.05694098710535763,0.06932398225592074,0.13474196058031485,0.1394425275013836,0.17072532836958343,0.18792446306313554,0.19073350743538992,0.24172987001241542,0.16174896250429968,0.031595468702566486
2021-03-25,0.12717263615271035,0.05647579604872219,0.06294366435131937,0.12969772792290352,0.13548512699929718,0.1693649482052187,0.18618684084401588,0.18902188703738793,0.23782782319006587,0.15944430094560819,0.03227166479289758
2021-03-26,0.13968368924951746,0.07200576966933966,0.0751993891289405,0.1441026102352669,0.15156753232912673,0.18451492235655625,0.19868583578218882,0.20111862914122342,0.24953017074492265,0.16960364420949114,0.029919954959973415
2021-03-29,0.13962251796680866,0.07362843650943741,0.07700441169805596,0.1453298695483749,0.15242322261972174,0.18469083768047473,0.20061475308121174,0.2002221458320392,0.24979875895608736,0.1692121291428581,0.02958961117604917
2021-03-30,0.13512778326542446,0.0694324601786712,0.07041716778366287,0.13556776283846814,0.14576614014588174,0.17765796077661733,0.1890475444759671,0.19339239584776025,0.2381360015273905,0.15945434305034561,0.02432655978492087
2021-03-31,0.13607709414713726,0.06973288409715007,0.07252633386870809,0.13753562828349133,0.14896840848440995,0.18087308786355483,0.1921608252313059,0.19514415552502326,0.24267539737059032,0.16225664970197465,0.026179555554837114
2021-04-01,0.14021383606177842,0.0743130961452449,0.0764994536139325,0.1417733791408819,0.15195715554048544,0.18318813955924457,0.19305780018887003,0.19560999355367273,0.24446895488955234,0.1626345408148055,0.022420704753026814
2021-04-02,0.14576050514495995,0.07952443644414812,0.0831355940170957,0.14359775215090528,0.1569880230640691,0.1871371622684525,0.19581523622644376,0.19839748341543412,0.24913911238235978,0.16626862557427338,0.020508120429313187
2021-04-06,0.1542293718469126,0.08855601507054604,0.09182795288379757,0.15401732564106824,0.16701326191287097,0.19733034764966062,0.2056043552297814,0.20841610024520635,0.2629153445280873,0.17683202880810348,0.022602656961190633
2021-04-07,0.1613762247231208,0.0939128215552137,0.09761033822319842,0.16171161527444672,0.17566165572408607,0.20448652216409666,0.21202384454807782,0.21430800529312047,0.2687089366539195,0.18274284119150153,0.021366616468380464
2021-04-08,0.15612897429801803,0.08924398172930394,0.08933255782261168,0.1547878383261831,0.16765587686525824,0.1999522176929518,0.20406097899825892,0.2076853207935566,0.2612795457152897,0.1756269659655718,0.01949799166755353
2021-04-09,0.15385411005142305,0.08627303175079365,0.08841480028629331,0.15577682578501423,0.16937798653288055,0.19930160002883293,0.20473335469300152,0.20931647649372434,0.2618084749923679,0.17743651153944692,0.023582401488023624
2021-04-12,0.13946474633320308,0.07110123114453647,0.07442487628881866,0.1437370986906095,0.156861509200224,0.18560240101740977,0.19063112599569226,0.19509693214489493,0.24870288455720194,0.1631609156265243,0.02369616929332098
2021-04-13,0.1324093483240099,0.06319642103315586,0.06475820324524251,0.13415035393750877,0.15145628588907753,0.17642244984624084,0.18411543094942706,0.18813353610091127,0.2425671950367606,0.15969250733906523,0.027283159015055104
2021-04-14,0.14393978944406066,0.07423830503379213,0.07787926069263618,0.14711745721961184,0.1606254077552398,0.18955131666445021,0.1980271265103127,0.20276119235839213,0.25359507816845517,0.17004208116849506,0.026102291724434186
2021-04-15,0.14363646016381126,0.07322842396568509,0.07502057418903642,0.1421355842908071,0.1570115729317115,0.18777442716824597,0.19289871017991944,0.19852253259942232,0.25027512228105797,0.16866367594289636,0.02502721577908489
2021-04-16,0.1612374740860769,0.08805057605518121,0.09096195316331449,0.15866114344872845,0.17240793532975504,0.2043650223118183,0.21231136124714944,0.21320501451563162,0.26360141074382293,0.18537101653786472,0.024133542451787626
2021-04-19,0.17264945497180167,0.10054100768843235,0.10327328582473266,0.17247228910736567,0.18355176963757874,0.21905566402206905,0.2266325423357016,0.22679471044009608,0.27733329946105245,0.2013767126712265,0.028727257699424615
2021-04-20,0.16674033497528326,0.09580197906781654,0.09855233921638482,0.1692216454195259,0.17928411430414876,0.21712629768691982,0.2219391039632545,0.22387740266505401,0.2729476338297943,0.1976268541037374,0.03088651912845393
2021-04-21,0.16322474549037436,0.0910041217170009,0.09544338872222072,0.16631311497808665,0.17487056068039886,0.2145839853894166,0.21804965230112486,0.22272935043850947,0.2733326500202443,0.19609635144234383,0.032871605951969265
2021-04-22,0.16567585406052898,0.09350273751034979,0.09958448235675409,0.16746602311646527,0.17955033284200766,0.2187682790329149,0.22281675536613157,0.2265063423810652,0.2784789520102228,0.20106381748216834,0.03538796342163917
2021-04-23,0.1599102795402528,0.0849469260516916,0.0909089739105656,0.15554616302489704,0.1679795764697747,0.2075517096799631,0.2145403484494071,0.2186110169384105,0.2705972365789242,0.1955502859037427,0.03564000636348974
2021-04-26,0.1580338950077072,0.08160043379303561,0.08832038438995973,0.1499488899036279,0.1638402526238471,0.20006671852960972,0.21153131674056103,0.2148092070371768,0.26789312568145685,0.19020691976626802,0.03217302475856064
2021-04-27,0.14769728481002745,0.0761433781488913,0.08302408215943291,0.1436431741600441,0.1581506398817159,0.19454317249837474,0.2029085301078311,0.20701768192679756,0.2621348519582813,0.1822134960881811,0.03451621127815349
2021-04-28,0.144317096680028,0.07488578632148414,0.08750641358061903,0.146890754339466,0.1588925671242748,0.19675208540510772,0.2082433893450526,0.2113546006879513,0.2672018557714277,0.18235604679895842,0.038038950118930215
2021-04-29,0.14413094308874555,0.07535659493920477,0.0841638245204348,0.14188290024484104,0.1558183823073504,0.19261327427574468,0.20605676083267443,0.2087741611833618,0.2639911420991864,0.17915518312424905,0.03502424003550331
2021-04-30,0.1313686567232281,0.06566684682309326,0.07579718705286793,0.13529067983012733,0.1489143192187042,0.18439203647036714,0.19926232590513476,0.20306722273340053,0.25694108154862777,0.17402493540665284,0.042656278683424545
2021-05-06,0.1359625430821304,0.07281150490144615,0.08009346485341594,0.14004937024942693,0.15342361961924383,0.18813450852745192,0.20584923915645897,0.20720231897227928,0.2609832381544993,0.17718895607317534,0.041226412991044716
2021-05-07,0.13635005782993256,0.06814744526857484,0.07612404468152628,0.13499552497382505,0.14801620475706845,0.18244000959316506,0.19865424925525804,0.19931978904032094,0.25263947653181357,0.16704501458923499,0.030694956759302207
2021-05-10,0.1372965333775753,0.07107884609380732,0.07943823316128411,0.14048573284056304,0.15377719598835238,0.1910325196539745,0.20603129960042504,0.20304625916575678,0.2554566004229571,0.1669345626112367,0.02963802923366121
2021-05-11,0.14455021111945446,0.07596970881612768,0.08358711982370824,0.14450712844858873,0.15868126519423267,0.19188957882790147,0.2095241396655882,0.20612969942502668,0.2568863133861825,0.1723126792814218,0.027762468161967147
2021-05-12,0.15159244948351733,0.08538960946921056,0.09238020836449697,0.15640835451746116,0.17301542055010616,0.20073858354650453,0.22151267165846938,0.21540248144727472,0.26733805710568814,0.18294586482428035,0.03135341534076283
2021-05-13,0.1482445385296041,0.0804286861300255,0.0868089326081286,0.15049446851805898,0.16884187215618776,0.1962948181151016,0.2157193911049841,0.21039931190134473,0.2603559791605489,0.17564537540515487,0.027400836875550578
2021-05-14,0.16178906853338612,0.09435857105839848,0.10037488844436904,0.16500878723021015,0.1799878867196837,0.20970661055606585,0.22763547965118244,0.22209119305830644,0.27433465452460665,0.19005928787656004,0.02827021934317371
2021-05-17,0.15201637128843573,0.08750018851828495,0.09200949868241362,0.15610852843559647,0.1741184292666547,0.2040407189395477,0.2201823219135312,0.21483211854296755,0.268569609794061,0.18878462302479185,0.03676825173635591
2021-05-18,0.15753397360152693,0.09115631402718238,0.09592844115617757,0.1628087000933607,0.18237531167868226,0.20992257565067282,0.2276377872873671,0.22003687951792805,0.2751085602901377,0.19354586674649346,0.0360118931449663
2021-05-19,0.15583744341502737,0.0886842684038604,0.09439548278572693,0.16246294405539294,0.18260918499367734,0.2065659067239058,0.22615774977702646,0.21861936523920977,0.2740480282133225,0.19498844980556831,0.03915100639054075
2021-05-20,0.15319330656741056,0.08506204386634218,0.09156793835912222,0.15921562766469002,0.17752888886553803,0.20513830601704383,0.2228654304885353,0.2146997086054173,0.27106037082538414,0.19466116742256281,0.04146786085515205
2021-05-21,0.156777500021886,0.0858479242438929,0.09491261263967703,0.1608814233645206,0.17849563234951138,0.20721152374144708,0.22392831488502893,0.21738905993483856,0.2705636143013762,0.1930407982460841,0.036263298224197896
2021-05-24,0.16293966032031215,0.09383465932992316,0.1006634191546903,0.16646656062805365,0.18387402578084483,0.21365144832395283,0.22932808360087398,0.2250873294348127,0.2766366203321193,0.2005513548727664,0.03761169455245404
2021-05-25,0.16932389426754205,0.10022585690404823,0.10903777746559172,0.17592186922309871,0.19295855901777587,0.22079212379647084,0.2377050021679215,0.23553910670630135,0.28568352488036386,0.21196753078181962,0.04264363651427738
2021-05-26,0.17772477867968134,0.11017932459647066,0.11674433747009112,0.18265834048015683,0.19775403741250627,0.22933712247374977,0.2430918663996387,0.24154860422116406,0.29316987748031087,0.21829484872817975,0.04057007004849821
2021-05-27,0.18826370885273938,0.11793954403603525,0.1252196745042307,0.19216032523139276,0.2068416650505718,0.2351098530922822,0.25106434071280803,0.2485671133573711,0.30146279225466865,0.22689312631926273,0.038629417466523125
2021-05-28,0.1804387939676149,0.11080897132796236,0.12103579042148827,0.18944986306673242,0.20294409739362215,0.23116400876336288,0.24803084136154588,0.24505316161428795,0.2987636869387202,0.2243111861696138,0.043872392201998664
2021-05-31,0.1904161295542383,0.12029149046336925,0.13164348568552092,0.19903487005401108,0.21633976869406724,0.2447244158772994,0.2611432365956256,0.2596900052559957,0.31211374869249464,0.24116446584293294,0.05074833628869439
2021-06-01,0.19984620308459508,0.1269667086040417,0.1404982227932341,0.20594284041833005,0.22375529339187858,0.2516709364910114,0.2702178392369736,0.2688191348709714,0.31950157985359223,0.24651278303865448,0.046666579954059165
2021-06-02,0.19681834312219218,0.1200063627939612,0.13133662953275005,0.1985408804178345,0.21382096255094246,0.24232821461690482,0.26382086244778635,0.2625232563047468,0.31281995916897126,0.24063270983515353,0.04381436671296113
2021-06-03,0.19882091657633044,0.11900321822447424,0.13176320556632057,0.19630420659124007,0.2136545271193568,0.24109806991752963,0.26113719928837464,0.26191555601328825,0.31031663307291807,0.23955415945226613,0.040733242875935466
2021-06-04,0.19602196454030996,0.11670337536236179,0.13129954638045416,0.1988847567274755,0.2141485874907312,0.2423427700819533,0.2625502550474879,0.2612934598348879,0.3116036106578302,0.23864396886915654,0.04262200432884636
2021-06-07,0.20056262413291495,0.12405632660054784,0.1387593437955576,0.20657582887694548,0.22068203623280375,0.2502826565902488,0.269451675238242,0.2689037879782631,0.32119600593559616,0.2488942090869266,0.04833158495401145
2021-06-08,0.2038776387301708,0.12521272453882298,0.13347257696985343,0.20432537125016084,0.21946048723002332,0.24716904806544923,0.2681594155756116,0.2650260182974427,0.31771056872625447,0.24693487481639845,0.04305723608622743
2021-06-09,0.208982671283783,0.12737247822289058,0.13761937558933307,0.2055201845907472,0.2181637910315617,0.24865620802005242,0.2706665548821827,0.2683713230701468,0.31812082500015765,0.24880432922080928,0.03982165793702608
2021-06-10,0.2148512610449093,0.13277224809389732,0.14276693478677233,0.21020318298568785,0.22594579348206043,0.2568543478755203,0.2781541922127506,0.2722236318301628,0.32312392631905185,0.2554825998649356,0.0406313388200261
2021-06-11,0.2120818082766447,0.1280484950150646,0.13294375059079214,0.2008570137796452,0.21636260647087963,0.24861788875043173,0.27126805037713997,0.26497845721274205,0.31601243386432887,0.2492996346029671,0.03721782632632218
2021-06-15,0.20398517836939395,0.11858908023882025,0.1252714254810638,0.19381786407697937,0.20866539428052316,0.24393258595463646,0.2622196089467901,0.2543670133584163,0.3077550754557333,0.24130116893450265,0.03731599056510845
2021-06-16,0.1963804910796053,0.10883517189763561,0.11316904905926593,0.18101924606606148,0.19250416817619864,0.23467858826294763,0.2499867593460806,0.24280766955406924,0.2958346755568954,0.23192854219167364,0.03554805111206809
2021-06-17,0.20120630030640788,0.11511767250925857,0.12232960722022529,0.19059383394712054,0.2040191329043673,0.2447623517557675,0.25791776912206893,0.2478365406680514,0.300810120485006,0.23660308083141582,0.03539678052500769
2021-06-18,0.20895495026566258,0.1229646386549833,0.13086517297429226,0.202380329530165,0.211801021433686,0.2532660806980797,0.26724505676921645,0.2552276886726623,0.3067457747191955,0.24575393362314554,0.03679898335748272
2021-06-21,0.2155851296943616,0.1326313555001135,0.14508351042024276,0.21541113889529048,0.22754807329574614,0.26639489458596827,0.2801673008266156,0.2648591769003502,0.31761911976294566,0.25580347022482713,0.04021834053046526
2021-06-22,0.22364967149657758,0.1390848174012929,0.14795369786113685,0.21968301509711075,0.2314746043530325,0.2690721230338331,0.2859417547275686,0.2705674930914486,0.3248541182176963,0.2622930457026669,0.038643374206089084
2021-06-23,0.22533270559474622,0.14210211557283228,0.15273992331653846,0.22242438985167615,0.23674870059317144,0.27334650565138274,0.2898100153287221,0.2735744292188825,0.32698921726914265,0.26637637715251206,0.041043671557765574
2021-06-24,0.22145523826111035,0.13484062586903792,0.14221392006954103,0.2147788048500167,0.2279659441097462,0.26515553611698306,0.28297443058319993,0.26936124751437246,0.3231538298797733,0.2632202539693568,0.04176501570824618
2021-06-25,0.2262772759631637,0.13626681778705832,0.14349648925686342,0.21791112583677208,0.2312581907655841,0.26736767253601457,0.2857823011372549,0.27144338278673547,0.32513620753035055,0.2641994564406859,0.03792218047752194
2021-06-28,0.23036264510875337,0.1449930594539098,0.15075941479429836,0.22306668639732366,0.24076920053458967,0.27634555728009574,0.29059295796113954,0.275635205985718,0.33083463890681647,0.27058096926885083,0.040218324160097185
2021-06-29,0.22217533755864954,0.13612856534519496,0.13998640467611456,0.2140390633319319,0.23279803469613164,0.2671018262165318,0.282244140369254,0.2674991119700356,0.3226739755317208,0.2605220411458059,0.038346703587156056
2021-06-30,0.2282841774448911,0.14074457707494076,0.14993214489295878,0.22215878627477764,0.24180214330712632,0.2782007845002884,0.29197888895090107,0.274025782416435,0.32665245082895483,0.26604363828026817,0.03775946083537675
2021-07-01,0.2198871273605081,0.1289713228296715,0.13499601600176803,0.20639295480505962,0.2258067493718894,0.26430633704604056,0.2789341770620112,0.25646476023942005,0.3150759641365986,0.2547956989636313,0.03490857160312285
2021-07-02,0.21445998771470792,0.12425675845613625,0.13121029483182903,0.20356328146417615,0.22034041313560773,0.25899558003313783,0.2752304698831158,0.24976432813091662,0.30893335395399973,0.24848784829117376,0.034027860576465514
2021-07-05,0.22707399632117173,0.13695445407074458,0.14611346329136787,0.21621614588152105,0.2345865082919733,0.27471410521785455,0.28733145477986727,0.260860549686401,0.31768277288436,0.2598342304730712,0.03276023415189915
2021-07-06,0.22964623312870036,0.13864584764497756,0.14898104863257045,0.21476554016581445,0.2303933207849996,0.27008175916230887,0.28767357633959856,0.2612511822617618,0.3172265904347729,0.2589960855633608,0.029349852434660123
2021-07-07,0.23410351548714078,0.14535481146749082,0.1563274230548119,0.22315856854496335,0.24286839341092156,0.28209198893419346,0.2960209368685476,0.26974496120965535,0.32380080563418007,0.26534045620330476,0.031236940716163668
2021-07-08,0.2302825933982317,0.1385635216936703,0.15086909811088053,0.21879374177339217,0.24015884152258338,0.27804159090972397,0.29114338322931965,0.2642207645590742,0.3197154260706221,0.25746541962936975,0.027182826231137696
2021-07-09,0.23989685852020168,0.14561783228234387,0.15615776175612625,0.22321589570337103,0.24927092424770805,0.2833935013180422,0.2974595912423346,0.2680033129847591,0.32542551458970104,0.26063976126238203,0.020742902742180023
2021-07-12,0.25164063905435297,0.15737098582940973,0.17193289470321688,0.2375170653546741,0.2639858650307302,0.2960387194477392,0.30687127486988786,0.28104234680749723,0.3374891961404216,0.274772855219302,0.023132216164948673
2021-07-13,0.2584909637239535,0.1627418163028929,0.17836649785674352,0.24295141449774288,0.2693487116354732,0.3002910657314378,0.31064170963654214,0.2875612905704656,0.34284252873648935,0.27853149035728153,0.020040526633327626
2021-07-14,0.2518665558804232,0.15385721121604234,0.16909347509681588,0.2322225300301373,0.25955602256459875,0.2915364658914568,0.3041358843093047,0.28306538509911827,0.3365465187569615,0.2712545467891906,0.019387990908766983
2021-07-15,0.241795989104442,0.14824955335442425,0.16157522134480923,0.22826300432656135,0.25651577444397683,0.2865477304438457,0.2985166769523362,0.2786111331765383,0.3277792066173123,0.25881431205028405,0.0170183229458417
2021-07-16,0.2414779232678705,0.14518964364445353,0.1612782873735784,0.22729877155854186,0.25669104020097794,0.28416136448031243,0.29979489166767914,0.277422019804497,0.3257847066487912,0.25440097518760707,0.012923051919736231
2021-07-19,0.23760477331391466,0.14216393899845184,0.16134673827800697,0.22871300002259728,0.2550092383650073,0.28351139566303674,0.2985812578256876,0.2775599178338188,0.3260583813052244,0.251801119922518,0.014196346608602988
2021-07-20,0.24085348744898222,0.14675508364497913,0.1639153652104816,0.23201604523810704,0.2578350788905331,0.2891510594621557,0.29935843331880385,0.2797149825124398,0.32801591060752644,0.25315176981838006,0.012298282369397472
2021-07-21,0.25143991443529645,0.1578917557073276,0.17586262468240454,0.24954962738032566,0.2710733041959872,0.3032018190480019,0.3118992911648666,0.291720564676857,0.3379765446107177,0.2638518557742593,0.012411941338962493
2021-07-22,0.25801406820670203,0.16365062081877127,0.1833379911489281,0.2572307682866586,0.2782789255707335,0.3058700032510615,0.31455823345375317,0.2962752568058966,0.3428738405668283,0.26652522546003465,0.008511157253332291
2021-07-23,0.2506899346656837,0.15291545557921532,0.17068900080299124,0.24700351747566723,0.2680756907787713,0.294895846975313,0.30280335113575324,0.2842977435162018,0.33119562944605696,0.25246231545444997,0.0017723807887659575
2021-07-26,0.23144920781346032,0.13640523856517148,0.15594864301441166,0.23308488582642517,0.25802468253968547,0.27967215938219053,0.28963381060884064,0.26918431381435615,0.314747847140543,0.23693072108906824,0.0054815132756075805
2021-07-27,0.21712922396498954,0.11612772393812468,0.1346271582997813,0.20945405066162265,0.2335430013513159,0.2593187698599589,0.2706185980393177,0.24969583598397926,0.298482250814961,0.2235926535836051,0.006463429618615211
2021-07-28,0.19114338894537333,0.08847510352936175,0.10810683536176999,0.18878275604739556,0.20771491455802535,0.23409465100823407,0.249609561649544,0.2316027532400486,0.27762935408897094,0.20232030688204763,0.011176917936673934
2021-07-29,0.20991899370218783,0.11149170447781799,0.1349883533088497,0.21928181974789326,0.23905097816671778,0.2644412758938041,0.27780628467672236,0.2559498847644775,0.29519086893747964,0.22741767309960287,0.017498679397414684
2021-07-30,0.21838771006145197,0.120377084315174,0.1473719864124453,0.23039647009406197,0.248393620032007,0.2762260358084762,0.28468778009687024,0.2617065003981238,0.29976735889735945,0.23721371401352093,0.018826003952068612
2021-08-02,0.23725797133062437,0.14004956422477924,0.16517354378293825,0.24943856553685212,0.265782532329228,0.29463649819510423,0.3044906260066193,0.2853825314060585,0.3214339589631434,0.25697762282803144,0.019719651497406728
2021-08-03,0.24245599074104623,0.13912945515331854,0.16145770975451829,0.2403723933515197,0.256033799062523,0.2876205179705981,0.3008937799399025,0.2823886495795961,0.3220584734971857,0.2593530464551013,0.016897055714054737
2021-08-04,0.2478279790203606,0.14777591010672517,0.1736683154653902,0.2568519630536453,0.2713848531578633,0.3039210640067975,0.31576106422246114,0.29296347323565186,0.32900011471851753,0.2671145030881807,0.019286524067819732
2021-08-05,0.23992206454278614,0.13823754494392793,0.1657347108496639,0.24953419873677182,0.26381822430310475,0.29539295342801986,0.31043652358354085,0.2861985761881304,0.3232137992449802,0.26135359828323196,0.021431533740445458
2021-08-06,0.23648965146893325,0.1378296141349171,0.16702275662682714,0.25231004489506753,0.2687111455937777,0.29919305648183786,0.3111640490644695,0.28830650551632836,0.3188156319465671,0.2559934655300141,0.01950381406108049
2021-08-09,0.25000611080425283,0.14729930660791607,0.1794640722988067,0.2599048744645223,0.27870173932115216,0.3081688603859762,0.322543944832381,0.2976443894569665,0.3342857702669762,0.27235893140473416,0.02235282060048097
2021-08-10,0.2620320610691588,0.1571100749900111,0.18873300601599613,0.2711425738922217,0.2894431456283336,0.317391969303538,0.3316040431021565,0.3074896642233737,0.34457188801895505,0.2789517132817378,0.01691965221257862
2021-08-11,0.2678741843578293,0.1619186522908688,0.19770419664247535,0.27858467766004785,0.29627099951950403,0.3258807480223611,0.33638313389775737,0.3124996305946741,0.35039008526264365,0.2828971156279796,0.01502293127014992
2021-08-12,0.2704216984431754,0.16661832196913257,0.2013889511297119,0.2808008716413498,0.298579451123679,0.3306369251877344,0.33912637374447824,0.3161530821094622,0.3505196189544519,0.28251480501689646,0.012093106573720681
2021-08-13,0.2698028623999032,0.16565287544303306,0.19976861105140323,0.27966781024814025,0.30052537499229875,0.33020655590752684,0.3394589329485081,0.31553384315844873,0.3512421292877834,0.2807648729664288,0.010962010566525179
2021-08-16,0.27225512859504264,0.16847995173399669,0.19866095115065346,0.2783056910177366,0.2957124891343415,0.3276269307012151,0.3387246942318116,0.3181790046296786,0.3508799650651347,0.2882003241150679,0.01594519552002485
2021-08-17,0.24788345950256344,0.14230516839790633,0.1725749818702855,0.25486131706438736,0.27064380277486794,0.30111348079074834,0.3136468738096,0.29222190540384185,0.3282360582126998,0.26540484550677246,0.01752138600420863
2021-08-18,0.25990473131423286,0.15072882358218254,0.18097524965523312,0.2625707134301366,0.279859186032425,0.3114841878671639,0.32568068857932686,0.30037392053302375,0.333325977906499,0.2712508532024066,0.011346121888173336
2021-08-19,0.25611801611990503,0.14735595586197986,0.17745540247888378,0.25696518724303175,0.27677763695664404,0.309934906958126,0.32700621973325456,0.3015878498697599,0.3327847403639511,0.268502793602774,0.012384777482868588
2021-08-20,0.24933468875444506,0.1403195116659222,0.17372136815392714,0.2520868810210754,0.2713252554397947,0.3067063694008271,0.32225539472161707,0.2954282264454299,0.3251906935059009,0.259543221081151,0.010208532326705544
2021-08-23,0.2744251202523991,0.1642811050485316,0.198498998848351,0.2789985301416954,0.2974149464103357,0.33674814047954593,0.34657657210381404,0.31978725401484576,0.34711926473309807,0.2831295410806481,0.008704420828248533
2021-08-24,0.27551817902782044,0.1674323278328285,0.20530174788900885,0.2822716061427787,0.3055731365284903,0.34444683692327843,0.3511720294682398,0.32591014202651003,0.35479072186147825,0.28735904417321045,0.011840865145389566
2021-08-25,0.2817114793923726,0.17379587824254836,0.2121495885267759,0.29013398733725465,0.31567321284164285,0.35103037344047044,0.36040737622224517,0.33505501467191945,0.36202409299557775,0.2927425910772751,0.011031111684902102
2021-08-26,0.277260548039508,0.1699317716039123,0.20614944440656305,0.283685489236437,0.31099776116701144,0.34332925741669473,0.35188735693440143,0.3285596562168818,0.3522008183626784,0.28354054473051177,0.006279996691003332
2021-08-27,0.2682740972689159,0.16597061582391068,0.2067864299035123,0.28356884299855084,0.3080919801716206,0.34255919802129703,0.3486813521377105,0.3262011576244376,0.35026642199745145,0.28065447580932906,0.012380378540412705
2021-08-30,0.2677515500934585,0.17003868145496606,0.2062416496621965,0.2880224246412029,0.3116968992653549,0.3395900826917671,0.3488236383358391,0.3259341497605077,0.34794092003099725,0.2796324440176163,0.011880893924157266
2021-08-31,0.26550480687005523,0.1646297326244313,0.20670204761966687,0.28879499032168243,0.3084537283061582,0.3380568385826607,0.34817005055098943,0.32645463271721853,0.34628271777176817,0.2798334824231191,0.014328675553063386
2021-09-01,0.2665673546613095,0.15888300032800787,0.1977022068498811,0.2804513845150295,0.3042964293964831,0.33368221730948383,0.3411039503841464,0.3218453193080845,0.34514460992792517,0.28557566165465775,0.01900830699334779
2021-09-02,0.2714227886405831,0.16646520810742485,0.21349437878414923,0.29423487266077153,0.31665098954643706,0.3421446174820691,0.3535943921930397,0.33188105444675353,0.3525270855593285,0.2943433267666418,0.022920538126058224
2021-09-03,0.28083264829942733,0.16658012477401687,0.2102981426719553,0.29245214034533085,0.31374960763115867,0.3416899636583316,0.35494262699101237,0.3315658799459676,0.35666609247911096,0.30015516907748524,0.019322520778057396
2021-09-06,0.29609866286951836,0.1802216173719636,0.2193062496323422,0.303151066727348,0.3241620370993132,0.35223616011204434,0.3677592189033827,0.3436451674946812,0.36780193147240986,0.31336096547200964,0.01726230260249073
2021-09-07,0.3036080533551592,0.18941067891535662,0.23304428596827148,0.3168598674771712,0.33847690810076175,0.36728864002911027,0.3806732476762449,0.3545593265009991,0.37667737035316456,0.3216575219198177,0.01804946856465798
2021-09-08,0.31058773940578055,0.19809399032257277,0.23983007512378463,0.3225945783161174,0.34335664370988017,0.37372113352340397,0.3887189762972989,0.36293157397600384,0.38744762239926556,0.3299826495012708,0.019394910095489753
2021-09-09,0.30793454318646335,0.19497221738766843,0.24380107547073346,0.3246255789332966,0.34625881818894827,0.37282041707569724,0.390546790358578,0.36178521505107886,0.38504146292165514,0.33015728501971053,0.022222741833246674
2021-09-10,0.3026273531391499,0.18995042149375674,0.237651058095542,0.31838110853698903,0.3403896141368204,0.367107008474446,0.3855896132345854,0.35892060515739,0.37894399909070403,0.3267671885200083,0.024139835380857892
2021-09-13,0.30171395683400076,0.19162826240097933,0.2421860810697881,0.32932545408787794,0.34766445190942635,0.3751441706806674,0.39005694194082563,0.36429657949046873,0.3785837296843771,0.3299503216825182,0.02823636484851695
2021-09-14,0.2935642850955171,0.18362266944869496,0.23032138375847316,0.3143200024484147,0.3381601694527053,0.3655236587440554,0.3789074186892183,0.35104334267457393,0.36735393461558097,0.3178495106865207,0.024285225591003122
2021-09-15,0.2943075999255214,0.18733842996926045,0.2383015980603037,0.3221054180583203,0.3456788197759752,0.3757283134872326,0.3887275135278036,0.35787565708554564,0.3728000590157419,0.3211287218707884,0.026821121945266462
2021-09-16,0.28122512647754755,0.17184214258935557,0.2251052452050141,0.30913288055208243,0.3291381570570609,0.3574403284007206,0.3700693295283132,0.34439771720580986,0.358486347323456,0.3106654126975706,0.02944028622002255
2021-09-17,0.2768956234859065,0.16840976600283802,0.22521378596678002,0.30572349135496074,0.32479184730084004,0.35591841487386944,0.3654105568467191,0.34445703784666487,0.35590867788697,0.3057021057553295,0.028806482269422472
2021-09-22,0.2744737790549064,0.1726976608386354,0.2339201746530347,0.31213156004909226,0.3318370123239414,0.3597201239158907,0.37077932149750625,0.3448054205752567,0.35732853548326965,0.302981917489248,0.028508138434341117
2021-09-23,0.2871261207614636,0.1807000456129258,0.23972445368978737,0.3190830068107369,0.336963854516372,0.3628537325398982,0.37528717381729504,0.34955222811728637,0.367840330483999,0.31329569288048387,0.026169572119019765
2021-09-24,0.27398580647216,0.1635058714843607,0.22176152042616906,0.29786764271454036,0.31431762502442795,0.34683917917843293,0.3585959302676899,0.3317298848366605,0.354039018097965,0.30386990399979896,0.029884097527638456
2021-09-27,0.25262288580177683,0.13664480584861535,0.19588651903958718,0.2687452402919993,0.2846886175378181,0.31532289789881357,0.32853644670716814,0.3029044868967433,0.3282261584705542,0.2848263131773653,0.032203427375587935
2021-09-28,0.2539320172156379,0.14175507472533844,0.20562578051682562,0.2750763154928561,0.29335785522447005,0.32153971924746577,0.3340000084935914,0.30471801614867067,0.3283040303530906,0.2824587921595842,0.028526774943945767
2021-09-29,0.22722762517026818,0.1111754694543365,0.17593333946581113,0.24588939865442297,0.2620054808014864,0.2918002052045349,0.30268266218092366,0.2733690797293782,0.3004104258058277,0.25890388863580893,0.03167626346554023
2021-09-30,0.2471708839824689,0.13252395505393152,0.1983635925495043,0.2666446565784372,0.2864870124613319,0.31323127041898186,0.3251737539390752,0.29718427378097245,0.32093045078331006,0.27604513976971046,0.02887425578724108
2021-10-08,0.2646751091726583,0.14793082371416774,0.21154062824462616,0.28180116347401424,0.3012030269899868,0.3271638685880121,0.3383950806802766,0.31139471306650013,0.33434199376306567,0.2928470775422387,0.028171968369579935
2021-10-11,0.26490593532173723,0.14425205576063466,0.207667867660314,0.2759998061501921,0.29690414233948714,0.32562100491197143,0.33589297943791013,0.30789696487735163,0.33473620519529607,0.2913372848762202,0.026431349554482484
2021-10-12,0.24816341065436426,0.12709065251217602,0.19017393211070108,0.25810914513767474,0.27771701145823213,0.3085213110062949,0.31842451458062115,0.2919917959350024,0.3179234496596367,0.27998472871719926,0.03182131806283451
2021-10-13,0.25796401230812954,0.13653080835335765,0.19196259180855652,0.25516643617291934,0.27516214614498374,0.3065007243302412,0.32238787127480173,0.29375349547822827,0.32437340401497905,0.29080611401204837,0.03284210170391833
2021-10-14,0.2665415334420739,0.14671171850198414,0.19711547579022903,0.26142472683115386,0.2824462802250106,0.30938829925133926,0.32953541945067616,0.3018886248592568,0.3294441085035245,0.29361448049167027,0.027072947049595897
2021-10-15,0.2608758586859104,0.13981131939986552,0.19001662916905399,0.2551993610433842,0.27586028152922387,0.30306936803238926,0.32072004700531603,0.2918688993605252,0.32103456874205644,0.28513924946789876,0.024263390781987873
2021-10-18,0.2617733400859536,0.14518753861557857,0.19655548730688532,0.26303938449685405,0.28631524519999996,0.31490316610441405,0.33138770110233046,0.30388101295350145,0.3283968011321413,0.28288647608826656,0.021113136002312485
2021-10-19,0.2663642386740032,0.1500652312087046,0.20108772595676258,0.2699748082215359,0.29373673866622635,0.32064170680722653,0.33476607635295885,0.3075659295920029,0.3310803078856058,0.28615840294754386,0.019794164273540207
2021-10-20,0.265771842156198,0.14832347288274314,0.20003045756515064,0.2689719353705119,0.2931433101196116,0.32056439287667593,0.334274942583598,0.3044358448343252,0.32667795191820964,0.28064298769311663,0.01487114553691821
2021-10-21,0.25653385862404365,0.14111640614315252,0.1945594374916381,0.2616468968439229,0.2871379097207463,0.3171494647059534,0.3312223582363355,0.3000619794211882,0.32256107660619665,0.2748359314855159,0.01830207286147182
2021-10-22,0.2519666349145564,0.133207372092382,0.1858858543181303,0.25182241558427193,0.27682595817905536,0.3046056666049108,0.32143777164087234,0.2895017294400642,0.31260621597323235,0.2694433960522484,0.017476761137691577
2021-10-25,0.256307515378696,0.1420131423784522,0.1943991687330205,0.2591142929623398,0.28492955802672043,0.3144744593827529,0.3331938193390831,0.296676313552347,0.31585805079060264,0.27069355312038945,0.014386037741693052
2021-10-26,0.25357944387876497,0.14023180211434735,0.1933094782005833,0.2537218896764195,0.2816109346362032,0.3102370040836037,0.32760479198832343,0.2916311893634775,0.3093780693073143,0.26679998351794093,0.013220539639175546
2021-10-27,0.23013254538669867,0.11800823124974583,0.17677977114868693,0.23975012793814923,0.2672520827462309,0.2966102908651753,0.3152762118150246,0.27437833874277023,0.290838152091321,0.2468642304004486,0.016731685013749515
2021-10-28,0.20889437766422536,0.09828379121192096,0.1594057950838514,0.219615982180412,0.24855549756402184,0.27650659872349787,0.29659998493462114,0.2573478358680074,0.2754248141390926,0.2325273137703842,0.023632936106158423
2021-10-29,0.22330633790114235,0.11593114598390639,0.17356112733342857,0.2356425939569064,0.26408307979706375,0.29183287570418315,0.3137855898686284,0.27227834279303637,0.2924412820137239,0.25121266332542075,0.027906325424278032
2021-11-01,0.23719545958647018,0.12996938503316557,0.1882557990648241,0.24905708346910113,0.2757248867661536,0.30639779421676383,0.32629952888552616,0.28523918829986145,0.3037003206800888,0.26175801819801714,0.024562558611546565
2021-11-02,0.224031216292154,0.11949615903637698,0.1752609895484708,0.2342815091810741,0.262999413868201,0.29225659148804445,0.3153055488572608,0.2702439892149711,0.29188055412274655,0.25158099438611453,0.027549778093960097
2021-11-03,0.23330521917262562,0.12679968703590452,0.1840494512907007,0.23871541855406378,0.2691522848137657,0.3016703167153864,0.3197130903954794,0.2767108368620603,0.2975760543840066,0.2579860152100764,0.024680796037450346
2021-11-04,0.24763541956194596,0.14151024103048507,0.19854594819153312,0.25679322347333605,0.28374514975859155,0.31487941247401713,0.33266430669572816,0.2894418359867307,0.3098032685265625,0.269849202864129,0.022213783302182592
2021-11-05,0.24996200567984503,0.1373176095796637,0.19315258424939571,0.24788648243309677,0.27617994771132376,0.3099872890531957,0.32469064564285427,0.2834093463139597,0.3033945604968053,0.26885251756402156,0.01889051188417608
2021-11-08,0.2576546612648531,0.14338114754502676,0.19867486352547511,0.25228042312110216,0.2799005327449613,0.3115701515967616,0.3296336639900582,0.2916037593134638,0.30940017349031146,0.2731581823553783,0.01550352109052475
2021-11-09,0.2693860718835627,0.15569924927806894,0.20831399099747003,0.26352719760437876,0.29237830648244184,0.32172410414301544,0.3395857402787944,0.30022864607447514,0.3202995175350632,0.282854814352133,0.013468742468569786
2021-11-10,0.27742753528952563,0.16005373945402385,0.21185420455061243,0.2705771932877801,0.2960256738492816,0.3275961909576579,0.3449740146258132,0.30324794343429495,0.32714250591736904,0.29190877467359816,0.014481239384072062
2021-11-11,0.2901384835443191,0.17241988466419067,0.22249774398869665,0.28079387902092173,0.3038106895941781,0.33587154168985095,0.3542699703554954,0.3132042834052811,0.3375497105516826,0.3009096327592539,0.010771149214934326
2021-11-12,0.29832415626873837,0.18031476950856773,0.22822361927834156,0.29195362521731244,0.31422436901128686,0.3453900768647196,0.3660530636255706,0.3232477377775113,0.3473164405069121,0.3123645812757424,0.014040425007003499
2021-11-15,0.31241061880086374,0.19178396591702038,0.2357788518314841,0.3009855006806889,0.32344202044080317,0.35201980755852924,0.37443007877033824,0.33075914129627526,0.3561562497552077,0.3193759096114492,0.006965290810584949
2021-11-16,0.30420248738266403,0.18395152499576256,0.22833724060678198,0.29309392088492964,0.31785265091240583,0.34252928233294433,0.3642153946363767,0.321144752057124,0.3461685728132969,0.3115911744178213,0.00738868703515675
2021-11-17,0.31975185736264494,0.1968518438056298,0.24211262519968074,0.3056677131143552,0.33211319377072346,0.35614240335090547,0.37905599108025745,0.33839040997159636,0.36304175862656674,0.3225505063462703,0.0027986489836248447
2021-11-18,0.3116861403847452,0.18858674854384938,0.2353906555610639,0.2983390002899033,0.3228012387900825,0.34925456924148107,0.3715956294900535,0.3313875067101002,0.35662559933955906,0.31452965049580767,0.002843510111061977
2021-11-19,0.32300138200358486,0.2021904423017166,0.247941940885626,0.31255777362193915,0.3360877485442569,0.3601076450248906,0.38227491775340827,0.34453536801481566,0.3685914968432351,0.3251807019719862,0.0021793199684008004
2021-11-22,0.32858419106419284,0.20937413428690205,0.2571795270869937,0.3220745755055843,0.34523718544223786,0.3680501606105032,0.3920602765756625,0.3552985549914955,0.38026004142414915,0.33316297705639597,0.004578785992202643
2021-11-23,0.3350742689888096,0.21591872374847138,0.2616311607859678,0.3239929879620911,0.34865541578546577,0.37104658722569717,0.39332905699139364,0.35988311669412454,0.3817097487203286,0.3352530425423356,0.00017877355352555364
2021-11-24,0.3416611197587063,0.22068682584284452,0.26582283807548746,0.3314320164746177,0.35230299462955533,0.37439144048908796,0.3959750897209152,0.361415214608683,0.38354805377363405,0.34055454801679036,-0.0011065717419164395
2021-11-25,0.3460405266308209,0.22032807476849064,0.2617399559562493,0.3323724475459946,0.35047674109663246,0.37421908227121425,0.39481504006751333,0.36180372786293585,0.38437476280117094,0.3438519321848009,-0.002188594446020515
2021-11-26,0.34403373566601964,0.2173298688618766,0.260133622927458,0.3304514682359638,0.3450186536071841,0.37189124160154347,0.39469532084771264,0.35942826581139414,0.3819730032410366,0.33918015013617286,-0.004853585529847288
2021-11-29,0.34127290970648927,0.21348503865411672,0.26327551419685846,0.33142407016296194,0.3444782459131348,0.37374689937901984,0.3928727875993746,0.3592459728254335,0.38114522975265996,0.33646604097581584,-0.004806868730673972
2021-11-30,0.3517305542345201,0.21971598504575665,0.2715576232778152,0.33913859289418974,0.3507130253420794,0.38075669723216127,0.40015680094793005,0.36567142860268653,0.38723488565464104,0.34638596364664126,-0.005344590587879413
2021-12-01,0.3637402106432596,0.23037988856907798,0.27963155147963825,0.34652629847014194,0.3612900193943434,0.39101194092098035,0.40895732115890226,0.3747478338644453,0.39520602880918254,0.3572708178283792,-0.006469392814880978
2021-12-02,0.34870080763151584,0.21997663792730546,0.26508492309843074,0.3341350019063877,0.34548173275589744,0.3784084336012964,0.39478419882406734,0.365352427312773,0.384521887364612,0.3470783321241668,-0.0016224755073496345
2021-12-03,0.35301955761137604,0.22227701496063534,0.2685389466243505,0.33693020828812204,0.35138687626588666,0.3821485545075476,0.39986535449082045,0.3708689897271051,0.38942048679969515,0.3531592853316898,0.0001397277203131521
2021-12-06,0.33611575233854424,0.20564041557221055,0.2510546571105118,0.3188210665263084,0.33601882101730624,0.3671226023771584,0.3830975838651109,0.35715224288934333,0.37451165579668316,0.33948128643238057,0.0033655340938357446
2021-12-07,0.3308075809554995,0.1967795162771001,0.23952452036430033,0.30937470918100946,0.32601616092011204,0.36074492876084185,0.37478591404886685,0.3485970190944893,0.36978224268940135,0.33752924022142167,0.0067216592659215734
2021-12-08,0.3442117368764791,0.2096958697488865,0.25450835529382854,0.3210577793698554,0.3410554404471861,0.374492840352168,0.3871910105349754,0.3608145963812816,0.38196156639925727,0.3475573707352412,0.0033456338587615304
2021-12-09,0.35259143374467367,0.21606780418963578,0.25994089564885176,0.3261409336696857,0.3455315643528364,0.37823537430371323,0.3911143503954186,0.36616434541062115,0.38807862278881305,0.35435935846589683,0.0017679247212226369
2021-12-10,0.35725228858653135,0.2201640618183042,0.2642043099058425,0.32972592155825253,0.348579841181488,0.3837283209536993,0.3928310567476324,0.3696554569575787,0.3896694992573233,0.3535418271195401,-0.0037104614669918002
2021-12-13,0.3625283674089409,0.22420313450811427,0.26838354043752866,0.333679289516551,0.35171801366233196,0.3875386561302216,0.3991301464883736,0.37447083572305273,0.39492749524528376,0.3571367443340872,-0.005391623074854187
2021-12-14,0.3723559655101289,0.22965149300773388,0.2747918769956895,0.34031312847291456,0.3573804342199829,0.39111745518036395,0.40248145508299377,0.37801075396899414,0.3978598993148948,0.3586091669451679,-0.013746798564961433
2021-12-15,0.3735203760890178,0.2307721404264982,0.27695063834358785,0.34079671769509085,0.35931939945014857,0.39081429602404893,0.40471905461224816,0.37814418465227617,0.40140140394262613,0.3584065086522614,-0.015113867436756844
2021-12-16,0.3813866284332974,0.23670233429669882,0.2843424974064389,0.3496309221137953,0.3664291917703675,0.39894816128240285,0.41353786116277347,0.38811641371210065,0.4127628980097066,0.36906966864159035,-0.01231695979170754
2021-12-17,0.37295520506057517,0.2279072941847291,0.2751677275087073,0.34029123852723103,0.35702499018295314,0.3894641350897734,0.40727863017336313,0.37815429623749236,0.40545154833809705,0.3610286067138815,-0.011926598346694187
2021-12-20,0.36250426140747655,0.2194917143817502,0.2646706964583935,0.3307868360402222,0.34597871962976684,0.37781382723698664,0.3964908840792436,0.3659594152166604,0.39429850083984175,0.3503314025113154,-0.012172858896161683
2021-12-21,0.37931911662064516,0.23183976003480075,0.2800399940807731,0.345797114509666,0.3620215300134473,0.3948763071755417,0.4128414351925731,0.38282141036850453,0.40891812239470177,0.3644808284320223,-0.014838288188623375
2021-12-22,0.3871248655862563,0.23754558395379807,0.2865152768062034,0.35318525402395873,0.36798712113419396,0.40035136304221014,0.4163322703191501,0.38561947790055195,0.40951838853933686,0.365872684913374,-0.02125218067288286
2021-12-23,0.3816955664945978,0.23261305878862087,0.2807430822681053,0.3503818412535466,0.36470728692456333,0.3957712183052347,0.40989986386591054,0.3807098937809634,0.4053723368201297,0.36022436539517777,-0.02147120109942055
2021-12-24,0.3631252600008258,0.21444893308925372,0.26552757599133225,0.33419147627915297,0.34809608151991006,0.3787414572612462,0.39439577492934996,0.3625138751955097,0.3890900825027223,0.34804267714613935,-0.015082582854686954
2021-12-27,0.3676181214522397,0.2172393673643282,0.2708859344816545,0.3373177781065847,0.3536045005975323,0.38426038700910814,0.399484488065002,0.36749050418131857,0.3971076041679017,0.35470377240887957,-0.012914349043360628
2021-12-28,0.3772571033113267,0.22472338960138835,0.2776367320355982,0.34224728025609413,0.36043461209029737,0.39135275714709544,0.40672154925523385,0.3741713913615884,0.4034781066362075,0.3578421800137107,-0.019414923297616488
2021-12-29,0.3733035080733353,0.22425486302472325,0.2769007659979705,0.3422524776805948,0.3582758114463502,0.3897079396239998,0.4070409840630037,0.3734650486991044,0.4019110831278442,0.35635049721219036,-0.016953010861145385
2021-12-30,0.3837727307627187,0.23672496956418007,0.28753352313069375,0.3530175910826196,0.3665337829523778,0.3991484504806602,0.41604849805866123,0.3835817291291525,0.4096999431793967,0.36391328150858077,-0.01985944925413835
2021-12-31,0.389638737302511,0.2420631416221162,0.2924833637031314,0.3572078706783795,0.3747386683116052,0.40560078737612737,0.4214714551884718,0.39086001047300184,0.41570762463440786,0.36856120313694357,-0.021077534165567836
2022-01-04,0.40233678787629273,0.24754567542759265,0.30484725489610065,0.36694560251276276,0.38610785588899527,0.41537428305369334,0.4315685653443745,0.40343260110729406,0.42656497848570324,0.3802097712595987,-0.022127016616694452
2022-01-05,0.3852661645158173,0.2281030677400231,0.289252476749635,0.35178700302835664,0.37036760059542456,0.4000198757103268,0.41714784390917686,0.38978904780246,0.41373756190316885,0.3688624802678142,-0.016403684248003494
2022-01-06,0.3920796001355898,0.23768284346239416,0.29908210874573177,0.36191582013552687,0.38066472150808045,0.4098918268415787,0.4270160906673253,0.39927149164581005,0.4213435102776602,0.37531831833121,-0.016761281804380218
2022-01-07,0.3732293158911645,0.21805779781353327,0.2804200116372263,0.3424284112102513,0.36332736714495056,0.3941610894493219,0.4084889265426331,0.3848801365958257,0.4079612564513841,0.36608577158125893,-0.007143544309905943
2022-01-10,0.38376331700895394,0.22566599829445258,0.28738493065852166,0.3536726755996884,0.36952741154425367,0.4031538654858642,0.4171926849409647,0.39474229586982057,0.4158161505718879,0.3772631140191984,-0.00650020298975597
2022-01-11,0.3787409934862136,0.2190406083038851,0.28226767504599354,0.34761417038663284,0.3639208171772591,0.3983792474203057,0.4126931353607907,0.3906897109961742,0.4108719416298572,0.374400610243749,-0.004340383242465048
2022-01-12,0.3947969304470655,0.23411018590900629,0.2962798483376149,0.3617042572235602,0.377332885352164,0.4126904961491421,0.42720864078905846,0.4042327305507828,0.4246139583731189,0.3844639147142107,-0.010333015732855248
2022-01-13,0.38467949076101543,0.2230874062092196,0.28496453558868173,0.3518122224258547,0.3677680283292174,0.4016938959913444,0.4164493045317824,0.39418378482396654,0.4157594488571912,0.3782172161510738,-0.00646227460994209
2022-01-14,0.3780153073537979,0.22004202400086523,0.2841666712768248,0.3489863726818492,0.36590639619275084,0.39777602278634183,0.4093105671913021,0.3892557597532199,0.4093784673080062,0.36947260380479074,-0.008542703549007585
2022-01-17,0.3976523697236028,0.23525289644253586,0.3004966330210751,0.3650551348829962,0.37992055571177785,0.4130672908644558,0.42700770122876375,0.40449891311218467,0.42542000756913795,0.38625188934046395,-0.011400480383139254
2022-01-18,0.38247477700842797,0.220382709588911,0.28385160794843983,0.3518956612609544,0.36492110365416147,0.3980488720196891,0.4137678133184264,0.39185131102079995,0.41569563810563215,0.37765229388924393,-0.004822483119184451
2022-01-19,0.3833892627910581,0.22088882343283048,0.28377118028124104,0.35227827203687917,0.36341268292150086,0.3987868304674814,0.4162702493237296,0.3957822633912913,0.4181404259818409,0.37909843201668175,-0.004290830774376753
2022-01-20,0.358586677086671,0.19827848482750948,0.25908620661645,0.3285273324689834,0.3377834472146892,0.37476092377075065,0.390130176886649,0.3686323742557068,0.3935814309749669,0.35668289313654244,-0.0019037839501289643
2022-01-21,0.3486171678186988,0.18479757874482236,0.24504778777406733,0.31448742501903043,0.32248827405398955,0.36411179472702115,0.37877375669757346,0.35879950988203047,0.38653989188306104,0.3469566640010188,-0.001660503817680332
2022-01-24,0.34328789543472793,0.18312724855689835,0.24311620094588282,0.31173327574476567,0.3204908284773528,0.3625797584155625,0.3765021832032119,0.3552127918079211,0.3852355118293648,0.3480089035815373,0.004721008146808995
2022-01-25,0.3046223583383996,0.14245188718679008,0.2028765754641196,0.2713504158745853,0.2804935958076368,0.321083571865558,0.33355684041328076,0.3112704678732101,0.34373030882687156,0.3061196634059954,0.0014973050675954344
2022-01-26,0.3134748479077432,0.1524942273659388,0.21061776877597227,0.2783812990271141,0.28749546462574316,0.33053668532197106,0.33805217163347323,0.3188090576466175,0.35022041449268954,0.31323968095329585,-0.0002351669544477025
2022-01-27,0.28148434025656166,0.12051208241943462,0.17889354274444944,0.24503549772018546,0.25700768421647463,0.2995146061033955,0.30565935670569516,0.28402558487516716,0.3172354643449682,0.28212340335426156,0.0006390630976995321
2022-01-28,0.29713036290989314,0.1347709179239684,0.19081745463800684,0.25563175172546043,0.2681693002277469,0.31193767808841655,0.31712130869977734,0.29876512864821625,0.3342113375693682,0.2919727991595146,-0.005157563750378944
2022-02-07,0.31246546417880605,0.1497995720263584,0.20755886030107384,0.2698468279648073,0.2856745941160213,0.32555841634372185,0.332447202379909,0.3111777338289227,0.34657097105847484,0.30403052278842907,-0.008434941390377319
2022-02-08,0.32788402517193266,0.1658677763493162,0.2196085728972777,0.2850521853776781,0.30240326651946586,0.3419335902457908,0.3457559765588205,0.32412606176587944,0.35744819714362386,0.3114721829503134,-0.016411842221619587
2022-02-09,0.34121625220066304,0.17894275118128863,0.23436232479188904,0.297675562399181,0.31724400908369493,0.35621378299808915,0.3607906589583464,0.3403650112779001,0.370872346663251,0.32695215138064915,-0.014264100820014268
2022-02-10,0.33492543768448685,0.1739331121230068,0.23077459929007552,0.2957326454521176,0.314133834164658,0.35344944338704526,0.35891081627166593,0.3401744203153966,0.3656963325195408,0.3192160922248808,-0.015709345459606436
2022-02-11,0.3125501807070902,0.15110831116706444,0.21142535195478707,0.2764721719556498,0.29714651402280523,0.3366887112500616,0.33736081764413434,0.31746803410899666,0.3449257688418302,0.2943703609065917,-0.018179819800498816
2022-02-14,0.31129404472261407,0.15070123358921209,0.21089352409700182,0.27642839571094835,0.29905889421070186,0.3373160605531012,0.3372187902052171,0.31860891691551885,0.34434608798202143,0.2944074029402312,-0.01688664178238319
2022-02-15,0.3147987040205367,0.15490954253775627,0.21401163214338995,0.27815523614019755,0.3032472700392852,0.3418968922446997,0.3437882720569358,0.32629825904179666,0.3511432431558463,0.30851338263291994,-0.0062853213876171085
2022-02-16,0.3305746058604842,0.16958482079280018,0.22639787528767988,0.2886059357325558,0.31313193035387926,0.35048912247782027,0.3550880376940465,0.33991880385974993,0.36399954318146444,0.31926641745868456,-0.011308188401799988
2022-02-17,0.32995847037011355,0.16688940250738674,0.22192384332187795,0.2838988140142382,0.30939621089852765,0.34710302213146227,0.3520301729213783,0.33795761786748574,0.3611570087341539,0.3217819391969735,-0.00817653117314036
2022-02-18,0.33678561965684284,0.17267911413229853,0.22652420506570298,0.2912341967409312,0.3191545331007034,0.35484914621293046,0.3600297933624086,0.34857691660064183,0.36790074585006094,0.3256164384237323,-0.01116918123311086
2022-02-21,0.3539567345185609,0.18565041638802982,0.2392032189575706,0.305564608256085,0.33305949765999565,0.36983460958787157,0.3718944277842363,0.3611694776381828,0.38005861327239576,0.3345985591469705,-0.019358175371590697
2022-02-22,0.3387711023559818,0.17215890024600108,0.22640556250902996,0.2923104555840545,0.3211734007223066,0.35869390685820635,0.3606851493752541,0.35084795737679475,0.3691838644823126,0.3237462813207088,-0.01502482103527325
2022-02-23,0.35830993366661656,0.19080707803946498,0.24340738916863391,0.30623731205641325,0.3350609505552567,0.3722920713986391,0.37418136078961134,0.3671497795694513,0.3874594975438241,0.34624574039252404,-0.012064193274092805
2022-02-24,0.33346298376537914,0.167753851321793,0.21896970582652558,0.28154460682835836,0.30759482707007435,0.34766157877918413,0.3497082859335283,0.34459615612261413,0.36447885097591926,0.32658883704291275,-0.006874146722466664
2022-02-25,0.3446726323719575,0.17928708301462215,0.22955046905070844,0.2899236878155068,0.31685573844973036,0.35756420631275354,0.35896212495214347,0.3526643989254347,0.37649973742895687,0.3393669538487928,-0.0053056785231649865
2022-02-28,0.34473175755925684,0.1786211319937901,0.22744003744002417,0.28905793775341393,0.3180560259933722,0.35900476424253236,0.357726887878897,0.35465568894185345,0.37908987695282126,0.34166546331659225,-0.0030662942426648364
2022-03-01,0.3534972551365616,0.18702970218495615,0.23626522345474418,0.2964378228063072,0.32605628419539645,0.36832739987069807,0.3664504136188517,0.3629161638460637,0.38664101178075355,0.3471700897210038,-0.00632716541555804
2022-03-02,0.3584893134435058,0.19384172317761464,0.2388583584079563,0.3003343689214312,0.3284120166859819,0.3716177089749953,0.3709076489687783,0.36549361357673477,0.3909460633323094,0.34985875377808207,-0.008630559665424028
2022-03-03,0.3547958454428105,0.19264719963632304,0.23587891002191094,0.29554673486432,0.324006787478183,0.3683167395636882,0.36672274694107426,0.3635510640598652,0.3886381180205006,0.34594770952931087,-0.008848135913499946
2022-03-04,0.3453986126263462,0.18424992475994437,0.2267228187942333,0.28237132461649445,0.31126636855261425,0.355881881173132,0.3538956186240083,0.35006616701691246,0.3760356847566558,0.33524814103388306,-0.010150471592463385
2022-03-07,0.32962880426363483,0.16763701612847826,0.21127704765368366,0.2665955568140286,0.2977099135975135,0.3388790354138761,0.3384437334842199,0.33303915445195353,0.3605568806407617,0.31844414069673954,-0.011184663566895521
2022-03-08,0.29506975793826135,0.1337179594743177,0.17989624646831065,0.23650107350710148,0.2665735462950612,0.30803096422292686,0.3043637771614753,0.301176996510935,0.32930963504264293,0.28856211023370537,-0.0065076477045562
2022-03-09,0.27667662277463784,0.11665852284785191,0.16649473290893205,0.22167976099677322,0.25368634605609836,0.2973169874727522,0.2910849756842328,0.28835377215554325,0.31778736270667957,0.27611906542453374,-0.000557557350104345
2022-03-10,0.2961271659120415,0.13488684410970042,0.18510467821473842,0.24069569329141133,0.2697598760864748,0.31586522315659166,0.30783860484286996,0.30742259500177926,0.33683872819958194,0.2884144798456546,-0.007712686066387153
2022-03-11,0.30792645131675805,0.1437148052249264,0.19274538922166742,0.24734809329560836,0.27416890156405455,0.32279278240840287,0.3143743342626729,0.31599349030548823,0.3441990780226689,0.2944934390202854,-0.01343301229647285
2022-03-14,0.2814481713212565,0.11556563382388949,0.16316525893984934,0.22012369087723582,0.24617199559422553,0.29719279668051873,0.2871739826347858,0.28970744459761316,0.3163121610357275,0.2648546872222348,-0.016593484099021887
2022-03-15,0.22961712805878687,0.060784884716695214,0.10910636758491507,0.17015070819128378,0.1944126585574141,0.2450282012842294,0.2360145011604979,0.24134349151851575,0.26535221339160814,0.2175805099918992,-0.012036618066887876
2022-03-16,0.26142083965694357,0.09218606342045763,0.1376672896461631,0.2023297473592585,0.22524960991861728,0.2761384747732284,0.2690919649426628,0.2723853678625705,0.29743259589965515,0.25144318904430635,-0.009977650612637438
2022-03-17,0.2826862145476253,0.11176461565329443,0.1571361700355967,0.2218888789809612,0.24354799291790122,0.2965188255124451,0.2889542710732025,0.29128079404530804,0.3126306489664821,0.2716085015844175,-0.011077712963208048
2022-03-18,0.30242611006170644,0.12784183029147334,0.17202497953108864,0.23641128998349517,0.2565500281269131,0.30618703462185676,0.29986743372591007,0.2994497414590895,0.3233190342443275,0.28024725834128134,-0.02217885172042537
2022-03-21,0.31459309881501923,0.14065754834432204,0.1873190781863492,0.24980716180359733,0.27126216995978664,0.3175535927258919,0.31317324177845546,0.3109807692840229,0.333129001226965,0.2908343307849719,-0.02375876803004763
2022-03-22,0.31551299824727985,0.14029938268820819,0.18765476797036143,0.24871844685916045,0.2670307066888771,0.31466774493371535,0.3105376877209258,0.307320725487205,0.3288177773702815,0.2850798838731113,-0.03043311437416885
2022-03-23,0.3174985770686097,0.14510018981333786,0.19082206215124423,0.25233714791176587,0.26947007605871426,0.31884830464330033,0.3128133416890921,0.3095617935720915,0.33107903520804266,0.28903971560504954,-0.028458861463560442
2022-03-24,0.30350943099996297,0.13169081329863017,0.1821293566688585,0.2422696781251686,0.2585432397432003,0.3069305770013048,0.30307908496861985,0.2983748165753395,0.31833788975648664,0.2748176998518818,-0.028691731148081455
2022-03-25,0.3027536640679578,0.13021704118254393,0.17723449687293322,0.2360289730468944,0.2539547341844286,0.3028371796070614,0.2972851237292243,0.29179277003944704,0.31259777437218,0.2669800035533359,-0.035773660514622156
2022-03-28,0.3016106173551988,0.12995625170178104,0.1745366776318528,0.23283548841702925,0.2508391961798975,0.2984175538499547,0.2911882001994399,0.28465579024052895,0.3065776878019724,0.26328452389557105,-0.038326093459627994
2022-03-29,0.2913389781835998,0.12083852404812238,0.16660684863524575,0.22292976971580125,0.2418478996618122,0.28871929193014756,0.28224610052838306,0.27377739391256006,0.29554613297839294,0.25260067745096265,-0.03873830073263738
2022-03-30,0.30639372757032435,0.1368063922646534,0.17949986782042446,0.24010383097878799,0.25805745014048864,0.3057532534445267,0.29867327980757963,0.2932633529947471,0.31402568796135943,0.2741055340998209,-0.03228819347050367
2022-03-31,0.3099734017391373,0.13736729180760282,0.17619056723596957,0.23981446542779353,0.25377998938491936,0.3024955454319206,0.29485199601494166,0.28934734261848694,0.3098778459308035,0.2716715810447975,-0.03830182069434002
2022-04-01,0.3109673232463002,0.134578404840048,0.17370927369016864,0.23557507599547192,0.24964842745326338,0.301430586793161,0.29223192995402375,0.28778671705961806,0.3062005872296097,0.26816031883126684,-0.04280700441503361
2022-04-06,0.32525051643375025,0.14667759977654427,0.1821393788537693,0.24400877895638387,0.25999684534348866,0.3102666798821993,0.2995695207326025,0.2959950234548777,0.3125367222864955,0.276267185939579,-0.04898333049417153
2022-04-07,0.3026419499514604,0.121518474225669,0.15753067735099255,0.2201720251102603,0.23840345536461138,0.2867813773739308,0.2756055518848725,0.27195178203211035,0.28699087245934163,0.25138167524606836,-0.051260274705392316
2022-04-08,0.29872588622959645,0.1175978059361041,0.15332018108985115,0.21660147679127642,0.23233084235910892,0.2771361508267864,0.2666417160284294,0.2620701177312274,0.2789996840114297,0.24007662428826268,-0.05864926194133408
2022-04-11,0.2721628894485022,0.08860771458535932,0.12689708160941837,0.18815201480538082,0.2039830414696822,0.2466983599219852,0.2350452000926081,0.2284854235797278,0.2482877418111758,0.20718457568426768,-0.06497831376423485
2022-04-12,0.2901504031799403,0.10840811443012274,0.14202278296065965,0.204550964950183,0.21970854524709427,0.26370470790444944,0.2532627717248729,0.24745090232385916,0.26823673901754824,0.22674271597972775,-0.06340768720021288
2022-04-13,0.27410118343774403,0.09172308667347101,0.12338630432604691,0.18510651254291735,0.19900135764696872,0.24367648248182577,0.22988452839240814,0.2274650590349376,0.24538392081913177,0.20346328644738398,-0.07063789699036041
2022-04-14,0.28184564351311736,0.1007328130133771,0.13313867722580025,0.19618149579572888,0.20808536960468338,0.25304360834343853,0.239738870008449,0.2375345530174244,0.2556696114918007,0.21216508413857857,-0.06968055937453917
2022-04-15,0.2620485297372732,0.08276725371044918,0.11311074451845038,0.18083373408179215,0.19230414731463763,0.2337426954854534,0.22245654142257,0.22160454157433723,0.24101498008832328,0.1980440495040905,-0.06400448023318309
2022-04-18,0.27287427791053526,0.09055051142766676,0.12014806619616072,0.1869361972903211,0.199670734002675,0.24377768380183698,0.22967170307864018,0.22979737738278735,0.24880918801189408,0.20582944570805237,-0.06704483220248324
2022-04-19,0.27449313380742774,0.0952049997123222,0.1267337354452223,0.19144235696356668,0.20301206770406005,0.24996202165746095,0.23461391167495702,0.23417857412228987,0.25330605109630144,0.21198559246620577,-0.06250754134122234
2022-04-20,0.2621937107858557,0.08301452811708446,0.11533760677296437,0.17823582522230738,0.19090397831430636,0.23925431831353067,0.22628616223183204,0.2276739970926286,0.24522084926357685,0.20342286585943836,-0.058770844926417695
2022-04-21,0.2215304864821162,0.04324385862136465,0.07435241029821624,0.1398263995362814,0.1527794511537663,0.19871462450173838,0.19159376998190758,0.18955650360241194,0.2079792006785579,0.16947869276283448,-0.05205179371928209
2022-04-22,0.21094430102563066,0.033731568961292833,0.06681907001723057,0.132439420700821,0.14334659464961905,0.18946185729603543,0.18028602169468616,0.18117211743780726,0.20008772827743687,0.16234273113785136,-0.04860156988777968
2022-04-25,0.1323969818232054,-0.04054332293438213,-0.0058059598392001255,0.05748701924885789,0.06734458608281632,0.11282669400993711,0.10106775023082044,0.10449256809078955,0.12303388967284082,0.08277018937024291,-0.04962679245296285
2022-04-26,0.09702768299001345,-0.07564219006222647,-0.0347707581324727,0.02805058231057057,0.034268725049598714,0.08954982148832129,0.07200051724262602,0.07884111179483497,0.09167307362648522,0.06062221529558183,-0.036405467694431995
2022-04-27,0.13253593881575954,-0.03904730528485994,0.00415093544738155,0.06553083677604597,0.0662377988200378,0.12051086794305457,0.10577717014845432,0.10987975649206962,0.12456846601878016,0.09275246766644366,-0.039783471149316234
2022-04-28,0.11039272974755726,-0.05918860328963692,-0.013068979508320346,0.0468999242845963,0.04876061325826134,0.10081842575027844,0.0887452651879164,0.09283639185925043,0.1110186022432248,0.07735210845159772,-0.033040621295959895
2022-04-29,0.15849399832798272,-0.013109688321195384,0.032197735905739586,0.09300402579582558,0.0949119913316208,0.14618816963665723,0.13503031955843126,0.138623404008682,0.15589734264726346,0.1185672871860434,-0.03992671114193968
2022-05-05,0.17886651956054248,0.00509604581471261,0.049894619060722234,0.10829836296306962,0.11219065334729073,0.16042984786895542,0.15380482335415202,0.15616549008595637,0.17073028070564722,0.13732292023754988,-0.04154359932299295
2022-05-06,0.17270442864982896,-0.0029488584274945558,0.03794722247851178,0.09597708482936615,0.09988851210593581,0.1483405421562119,0.140003958426934,0.14295399698280767,0.1583159843313873,0.12477804021210681,-0.04792638843772252
2022-05-09,0.1916791862859447,0.01327858154477038,0.05478263263373928,0.11308453944086415,0.11634143370950899,0.1634174158086278,0.15409508198118346,0.15964322227346878,0.1758300086590128,0.13762180716930467,-0.054057379116640436
2022-05-10,0.20999473024489346,0.029522619626698558,0.07443456059413965,0.13096934115586228,0.1343216532633103,0.18255054332965703,0.17146889473024302,0.17624300452709118,0.19084330017584195,0.15134939415763266,-0.05864533608726119
2022-05-11,0.2093961343090036,0.03277677184693128,0.07660451369144472,0.13562652249482038,0.14104892323421947,0.18807037213605374,0.17607092107478092,0.17858628040669905,0.19376293035898529,0.15442082202733953,-0.054975312281664454
2022-05-12,0.21989255433599209,0.044996797903365485,0.08680258962823659,0.14500998915344704,0.14883419417588925,0.19555748598042302,0.1851952998350003,0.18649877314321614,0.20043093441717622,0.1575388738941059,-0.06235368044188658
2022-05-13,0.22431414400885952,0.049658901481292095,0.09185332837559368,0.15074481674931417,0.15525510437814247,0.20268078096288966,0.19078853585135083,0.1936156085178802,0.2090002960438301,0.16689414773783945,-0.05741999627102046
2022-05-16,0.2286875320842446,0.049718081987393595,0.09178502993232586,0.1507817582973817,0.1555121795666632,0.20198913770259105,0.19336729790677137,0.19520292361691852,0.214221458654269,0.16889800275851968,-0.059789529325725316
2022-05-17,0.22599551555207648,0.04658643587633747,0.09112042854531185,0.15087337132733697,0.15567984802962956,0.20318491794939642,0.1904580913062545,0.1924772845340611,0.215337370342185,0.16695313510404158,-0.05904238044803527
2022-05-18,0.23676312840078442,0.05432198513225697,0.09873634242251461,0.16026827981075203,0.1622034492722961,0.21086229744029852,0.1993433383886059,0.19827282869341867,0.21940285172095836,0.1707251569979664,-0.06603797140281842
2022-05-19,0.24394591001889504,0.06193337165441197,0.10655206996211329,0.16771470626281276,0.16896442045723867,0.21541413975338472,0.20724206727736513,0.20534104818095966,0.22505104651769914,0.17613318857831206,-0.06781272144058337
2022-05-20,0.254477531515216,0.07404276018319744,0.1169064672949895,0.17827421922514314,0.18047281576144283,0.22811931080277653,0.2188743565959799,0.21745620095955798,0.23662004724239993,0.18794246852531446,-0.06653506298990197
2022-05-23,0.27092367075918666,0.09077130956420762,0.13333087351949535,0.19057043547264074,0.19304388601912134,0.24030638007555025,0.23220370762157486,0.2298425980796729,0.24856684949749158,0.1967248816885828,-0.07419878907060427
2022-05-24,0.22340893750840685,0.04359664108228891,0.08984231595531639,0.14768499953831404,0.1485198755172586,0.19914150777162296,0.18959870583108213,0.19015480010325553,0.20957833319847746,0.15672641712488405,-0.06668252038352321
2022-05-25,0.24625291027300386,0.0657061310490956,0.1084486982451344,0.16798675882175684,0.1672817327739861,0.21753274659438976,0.21160374242800997,0.20948865112865123,0.22839295485535835,0.17553829980299596,-0.07071461047000831
2022-05-26,0.2504996334841218,0.07046228512606853,0.11331485318108539,0.17274965577766366,0.17065049599874296,0.22245535052916016,0.21768044249438576,0.2143448908685564,0.23464637790738563,0.18144795647035822,-0.06905167701376398
2022-05-27,0.25190986834641543,0.07117183179722684,0.11362787921474764,0.17607400983925883,0.17094941547886675,0.22362796427599524,0.21710309053186103,0.21511985623668,0.23297377459143753,0.18266922775729263,-0.06924064058912323
2022-05-30,0.2600149537255546,0.08294278995940033,0.11954923236957406,0.18538064742956661,0.1806397562863154,0.23284268206438477,0.22838524512837172,0.22354696455503786,0.24400951087217096,0.1944757549583659,-0.06553919876718917
2022-05-31,0.2704984758723651,0.09501047206096622,0.1306693728705743,0.1988213553312869,0.19274979000400097,0.24697451872476361,0.24007395185120922,0.23641608287224464,0.2534769416141676,0.20911262679002732,-0.06138584908233821
2022-06-01,0.27722937061102193,0.10121623761994081,0.13714082818903034,0.21030437649030628,0.19953440676948447,0.2555109950169943,0.24702235490148394,0.24219797230513376,0.26238375783385626,0.21720945390024712,-0.060019916710775265
2022-06-02,0.290817227845417,0.11458298860290607,0.1513713264925544,0.22295883733984062,0.21054826554059644,0.2668360874254766,0.25734226166607854,0.25250942946631555,0.2721897860099398,0.2255044109829552,-0.06531281686246228
2022-06-06,0.31093243065739845,0.1350854105213674,0.17072744524611572,0.24062550496792312,0.22851629201266876,0.2846452320768903,0.2751215584299305,0.268265650720583,0.2891078308591548,0.24172939090729278,-0.06920303975010611
2022-06-07,0.3061507034901648,0.13060552559708918,0.16505767204948227,0.23445189445498618,0.222550428373161,0.2791751901124705,0.2691387195894351,0.2648637613332688,0.28585714862152944,0.2359786703497564,-0.07017203314040887
2022-06-08,0.3028110090179957,0.12996949474280706,0.16153380510394105,0.23203957888804827,0.21946742886286533,0.27785103370018693,0.26661600888536,0.26369599469640853,0.28565233935610146,0.2331565545234605,-0.06965445449453564
2022-06-09,0.28028629046231973,0.1103148244652325,0.14125550861641023,0.21063548076265073,0.1983068409194239,0.2571218208734203,0.24716176307521645,0.24404455771162956,0.2696628661813016,0.2172131064526117,-0.0630731840097085
2022-06-10,0.296375697740428,0.12724922547877288,0.1604775695079557,0.23061640197518957,0.21724671165942488,0.275860050852815,0.2654360682296882,0.2616353690612979,0.2867664876272929,0.23345734801968418,-0.06291834972074425
2022-06-13,0.3013911799107257,0.13405714204359614,0.16704507203856014,0.23502232132414874,0.2217158143738549,0.2797469067053262,0.26862389936559666,0.2631864748448188,0.28766190245353135,0.23279154111197417,-0.06859963879875197
2022-06-14,0.299075489985593,0.1319867185392294,0.1641094698595446,0.23544166361434243,0.22142595388810576,0.2798250979254352,0.2690004585215755,0.2644519444361179,0.2904650270672281,0.23626540373554594,-0.06281008625004747
2022-06-15,0.30067360917975494,0.13257250810433183,0.1625697239303924,0.23266548965927214,0.21919232961265306,0.2781527498795422,0.26553655849990226,0.2639329207962021,0.2881271578714243,0.23489714441007742,-0.06577646476967794
2022-06-16,0.3118525375139468,0.14324423503214803,0.1718977503009818,0.2421780162449209,0.22473628834359868,0.2894685660655513,0.2737518026669765,0.2702278621090183,0.2938218067240211,0.2425199533593432,-0.06933258415460404
2022-06-17,0.31185494223217897,0.14674507161006325,0.1778412855441082,0.2507931511787593,0.23237914880960453,0.29840638773118794,0.27975126274276263,0.274510222944024,0.29975194200899813,0.2456733986555383,-0.06618154357664112
2022-06-20,0.325866568697952,0.16109365597537195,0.18984703399228992,0.2626830504171666,0.2446102544686421,0.3100699599272141,0.28922632971550355,0.28312700832336557,0.31063389969388544,0.2554041802705617,-0.07046238842739073
2022-06-21,0.32660237053382934,0.1564374723560396,0.18576096045817558,0.25678139120962956,0.23812125988654545,0.304394199231823,0.2839604401694216,0.27708137240345787,0.3059098191974764,0.2518320007106956,-0.07477036982313413
2022-06-22,0.313256775929304,0.14304433021817656,0.17288097053697551,0.24348669506525517,0.22650539888559162,0.2908547388906833,0.27136176072590806,0.2636414669561936,0.2925765211906736,0.23755503079393248,-0.07570174513537191
2022-06-23,0.32959680616510595,0.16177382561328305,0.19537479139210873,0.2650699641924338,0.24997062219421556,0.3113948582042719,0.29356697447918856,0.28218917537642196,0.3126408673028306,0.25515308879233684,-0.07444371737276953
2022-06-24,0.340827585311488,0.1710021563830651,0.2079173000845634,0.27661745961192513,0.2601801512488851,0.32029794620936614,0.30374850192084757,0.2945581562132336,0.32349977355423315,0.2680547201919874,-0.07277286511950104
2022-06-27,0.34764743214995164,0.17985436725592077,0.21616066249328064,0.28464648768853407,0.2686888543821081,0.3314590573880421,0.3096477720209237,0.30343800155987133,0.3305446393573256,0.2744511080836415,-0.0731963240663106
2022-06-28,0.35968842251868477,0.19122998840335648,0.23115442174763962,0.29820846850100724,0.28123652771877106,0.34781768923109463,0.324056735901896,0.31717746961405124,0.3469993073155898,0.290666628290564,-0.06902179422812116
2022-06-29,0.3443337519533202,0.16869765794307404,0.20805655965479686,0.2730197343839347,0.25681131848954847,0.3231834052097104,0.3024932446338152,0.2957661303875002,0.32720025877368253,0.2714228907474808,-0.07291086120583976
2022-06-30,0.35467672155895547,0.17876976183289314,0.2157981991333893,0.2816850938382489,0.265839350127375,0.3325427467766683,0.31232086372610157,0.30376382107677763,0.3365088878502,0.28073144313298903,-0.0739452784259668
2022-07-01,0.3542333646589003,0.1776678402634303,0.21620800212369948,0.28097155280218533,0.2631344788367134,0.33078166858605845,0.3096874872518652,0.30057390441090015,0.33518940005877845,0.2785060216418779,-0.0757273430170228
2022-07-04,0.36448739048532136,0.18656183903069995,0.2247259464533207,0.28725541301421076,0.2686258508970335,0.33714504644486326,0.31523870382385916,0.30578257144978693,0.3389845727344893,0.2854991740482752,-0.07898821643704654
2022-07-05,0.35533641831949986,0.18071134229661337,0.2189103173443011,0.27977727220642157,0.25989182958353657,0.32610834280974893,0.3051284117750605,0.2972638310585399,0.32881672705292975,0.27535320046839346,-0.07998321785110676
2022-07-06,0.3481724059263283,0.17277811672074045,0.20890027477380663,0.2724774483826167,0.25155361750557953,0.31681000786605057,0.2965376786828613,0.2881358458870639,0.3204205819384108,0.265859097467815,-0.08231330845851371
2022-07-07,0.35144671916956916,0.17954837539574744,0.2166769907482187,0.28413256871087644,0.25960011751881495,0.32223824827638375,0.3027525916877254,0.29362786616520875,0.3271540334024993,0.27069085910958146,-0.08075586005998812
2022-07-08,0.3546976830154362,0.1813397513965258,0.215372384097877,0.2830714646742966,0.2614178722319052,0.3235122349955227,0.3074713824317427,0.2995035201659478,0.33240946093747986,0.270965548487872,-0.0837321345275646
2022-07-11,0.347546846475868,0.17306588828981204,0.20486564025571036,0.2749322887384664,0.2533304198287813,0.31537158137643395,0.2988804041708984,0.2938550004716028,0.3233717614001637,0.2600462018600136,-0.08750064461585479
2022-07-12,0.3337839973380576,0.1574914952354761,0.18700905013409402,0.2614432421047794,0.23740615848376653,0.29803638153441503,0.2814306612440126,0.275654967765943,0.305020275802464,0.24026892521090895,-0.09351507212714907
2022-07-13,0.34437099194083476,0.16889612471392867,0.1966164580500594,0.2757550791919087,0.24962214163088212,0.3118415201830015,0.29480844457578126,0.2882355046884687,0.31960189699082425,0.2508890443948971,-0.09348194754593811
2022-07-14,0.3497411631732199,0.17624499097098814,0.20373294885075302,0.2856088577290933,0.2580327588669433,0.32093012701816076,0.30303224422050157,0.29227644760527594,0.32552518612328013,0.26174392198843166,-0.08799724118478876
2022-07-15,0.33093082286663134,0.16101566114020324,0.1874831117124462,0.27164757822289154,0.24224214224137108,0.30534268841759554,0.2848363517602901,0.2706740535628223,0.3047286138156626,0.2440894987828021,-0.08684132408382976
2022-07-18,0.3578049098669298,0.1862509119910901,0.21108385462732404,0.2939983170718092,0.26692220876683315,0.32969313188069577,0.31119666723838985,0.29895335323613953,0.33224374614026153,0.266583982721179,-0.09122092714575133
2022-07-19,0.367953281564522,0.19331810454861453,0.21910127021421633,0.30320724589794174,0.27606662376214597,0.340872473410187,0.3224504211631578,0.3115372113243391,0.3456271927381309,0.2769153739466428,-0.09103790761787972
2022-07-20,0.3746682511667959,0.2009550051493657,0.22642077751477394,0.3124181205880767,0.2868767243485292,0.3504546160908265,0.33193992436243014,0.32238506868189337,0.3566316714362944,0.2849258145240526,-0.08974243664274383
2022-07-21,0.37144949186752074,0.1944716117520035,0.2233161436594193,0.30676290058663397,0.28534073505237273,0.34695261514649967,0.3291961775639776,0.3200365004975884,0.3518256662333629,0.2813387291297622,-0.09011076273775903
2022-07-22,0.36794006740355284,0.19112443541480675,0.22013550846178204,0.3027819984520412,0.28300319086352305,0.3459397932129566,0.3275384891057359,0.3163859464660002,0.3520246853586937,0.27730164803544266,-0.09063841936811064
2022-07-25,0.3610204453602512,0.18351914833286365,0.21044864637021513,0.29084159407661503,0.27312997653502397,0.33363582384501833,0.3188827332307914,0.3091373338812566,0.3481904420284707,0.2702836157314877,-0.09073682962876399
2022-07-26,0.37261215498899664,0.19536331290081313,0.22259473561764945,0.3039156722674387,0.28416949866030133,0.3451455421072183,0.328338559216309,0.3196339145976198,0.3557423597783039,0.278243199324972,-0.09436895566402516
2022-07-27,0.3807346479737628,0.2045667729220383,0.23021849536276856,0.31395041678514657,0.2935910287887755,0.35590591734831606,0.3373376437086952,0.3292604771904888,0.3627529930743717,0.28958857302785435,-0.09114607494590893
2022-07-28,0.3895970080315338,0.21164456197740267,0.236304962416628,0.32129619494537454,0.3002820471434465,0.36343444195751734,0.3455802919618518,0.3395948771101547,0.37082152021006315,0.2977538736930389,-0.09184313433849536
2022-07-29,0.3809185123648735,0.20525067424745685,0.22936747565500926,0.31585779921481244,0.2954180291679283,0.3585086518505483,0.34092110926451796,0.3362200996540861,0.3661526065263639,0.2925786967523255,-0.08833981561254847
2022-08-01,0.38541253928186464,0.20921472442912845,0.23342783106700746,0.3203311216191777,0.29972513504094356,0.3639745923885027,0.3481263530060249,0.34295368837852014,0.37315116856985625,0.30255913202382034,-0.08285340725804477
2022-08-02,0.34310142504104774,0.16881635012722662,0.19458475920659396,0.28145306082698607,0.2629248704583564,0.3256445721065156,0.3075917252647685,0.3041964781995895,0.3317828123910047,0.2642287388059474,-0.07887268623510085
2022-08-03,0.3434335331016729,0.16241159622973378,0.18994815345461386,0.2761916038769254,0.25680748033562667,0.3193425781004069,0.3010083126277964,0.3011415539271179,0.3296062250048413,0.2633853973640057,-0.08004813573766775
2022-08-04,0.36101283215204694,0.1802050628771526,0.2046688495627234,0.28981909130793904,0.2690933729670439,0.3360636014511966,0.3130688347604236,0.3142968286428686,0.3426538030603291,0.27180686789830416,-0.08920596425374328
2022-08-05,0.3797767182356203,0.19788463485420316,0.2196904581265455,0.29967099744743053,0.27843069976502477,0.3449052183645255,0.3236260113110045,0.3247142420806649,0.3569372483402827,0.28806458448072103,-0.09171213375489984
2022-08-08,0.3904552937998798,0.21035827258583106,0.23387102859748587,0.31366596482016856,0.29377554274962125,0.3605898169640207,0.33839789818806976,0.340343415875636,0.3677912694806438,0.3023710640385543,-0.08808422976132606
2022-08-09,0.3918743030087607,0.21368209682995898,0.23606350103890003,0.31838896309112086,0.298964873073887,0.36445640024576764,0.34249143900037265,0.34315468315375586,0.36966284424847684,0.3074878864479471,-0.08438641656081415
2022-08-10,0.3936530557901037,0.21511958695954772,0.2373025261948221,0.3219484736896363,0.304922775798146,0.3679154418727029,0.345015116823562,0.34916326846953016,0.3687322717908372,0.3123942959854541,-0.08125875980465014
2022-08-11,0.4126681877390327,0.23105689492778975,0.2513626062592299,0.3328381827670165,0.31734087096273433,0.37863699250245375,0.3578293952999215,0.3598202172061427,0.38311687068336364,0.3247556712483353,-0.08791251649069795
2022-08-12,0.41388578749279265,0.23080177139900868,0.2466653639707512,0.3277570015447897,0.313754211623539,0.37493270883091206,0.3490042821317328,0.3532285638867248,0.37712099181030645,0.3156600680969406,-0.09822571939585266
2022-08-15,0.4160269930979504,0.2335939708514925,0.2519142962441058,0.33400008261282466,0.32164170575210527,0.3795336729387478,0.3549833921239137,0.358499724343641,0.37770250719005277,0.31766203788229136,-0.09836495521565962
2022-08-16,0.4237518427757953,0.24074350480633397,0.2592843727877692,0.3429107537046187,0.3318277665152274,0.38876796905586647,0.36302376106921175,0.36364154736485765,0.3823604321331322,0.32309866107244656,-0.10065318170334937
2022-08-17,0.4284736510880582,0.24478478660812192,0.26085906667662234,0.3450514731153447,0.3356463378060276,0.39116673878335273,0.36350563586786117,0.3659634688154768,0.38449286810800826,0.3231303684288696,-0.10534328265918919
2022-08-18,0.4255204732652335,0.24219413433181755,0.26080614492947646,0.34652322116196177,0.34090183110263905,0.39452947282243633,0.36738926141857225,0.37027567959598146,0.38963086837100325,0.32713728175190404,-0.09838319151333008
2022-08-19,0.4178194441297998,0.23352052902649822,0.24787898602510805,0.33331464859294524,0.32562206486203976,0.3771199944152712,0.35209926815409937,0.35405427114882354,0.37518731561187185,0.3134286479079211,-0.1043907962218794
2022-08-22,0.4247031934410782,0.24088850449760862,0.2543734531702839,0.3390574096896016,0.32920764721942564,0.3820555864424455,0.35595707359184986,0.36021111682130974,0.3806526491947608,0.3173655377551961,-0.10733765568588274
2022-08-23,0.4279980515958841,0.24238561213074236,0.25939326704708243,0.3438126210117156,0.3343843648031221,0.3862022753810764,0.3621399954736754,0.3653985879166844,0.38412692863864106,0.3184234579678399,-0.10957459362804486
2022-08-24,0.4047959774480408,0.21623342334672038,0.22979344188200287,0.310138291021701,0.2978663132910894,0.3537622120821095,0.32784503349559524,0.32995670997531745,0.3512920163135186,0.28821976131428234,-0.11657621613375907
2022-08-25,0.4059475255675833,0.21538002572324622,0.2257821979391005,0.30318786152964844,0.2948053225630811,0.3441513437898334,0.3205143085798535,0.3242880968408807,0.3498637049654426,0.2839510291071947,-0.12199649646038914
2022-08-26,0.40203297517333164,0.21340041457097356,0.22211013807812716,0.29718715134741064,0.28827363346667745,0.33775828717537276,0.31311281908376415,0.3188245487465992,0.34596882054890044,0.2781000227722338,-0.12393295240109847
2022-08-29,0.4118800865698569,0.22296303256434696,0.23061811821264283,0.30606731264371073,0.2967808207244759,0.3463240081431995,0.32204392767766676,0.32683439458992225,0.3529567522684982,0.2844692480979524,-0.12741083847190515
2022-08-30,0.4156452361264711,0.22206989193924542,0.22789171663448138,0.30107414975306734,0.2899255500113391,0.3392590112337954,0.3175192303667998,0.32207215323693983,0.34802241192202626,0.2825343417571766,-0.1331108943692951
2022-08-31,0.38893011404699945,0.19151371001878903,0.1978961808843608,0.26806638758265217,0.2580389226101302,0.31045573189182074,0.28951466110190727,0.2987781096926624,0.3271766265712076,0.2640271041346049,-0.1249030099123952
2022-09-01,0.3862585921292851,0.18681187875499022,0.19432912513917838,0.262863403708939,0.2539330009605791,0.3064415879267583,0.28493258673500554,0.29801334776579824,0.3226942392535974,0.26255396465572656,-0.12370462747355915
2022-09-02,0.39955110664460236,0.20134145616380422,0.20779942718231212,0.2759411011743772,0.2716780166935378,0.3232231517545769,0.3004736032505874,0.31220046666724666,0.3334967189794368,0.27159322973039807,-0.12795787691420493
2022-09-05,0.3997412326311872,0.20398218099830442,0.2119650730322834,0.27967776070947803,0.2765839719176643,0.32660858324061975,0.30217234382803554,0.3154575362811905,0.3360945159721691,0.27286744294535714,-0.12687378968583068
2022-09-06,0.4129724042975619,0.21846081877301213,0.2263172230137486,0.2953969233114178,0.2922570482285052,0.3418025926913537,0.31480328784232325,0.32792386826853326,0.3452710548887315,0.28183862222999484,-0.13113378206756765
2022-09-07,0.41870498351464347,0.2251766233400919,0.23159590379384665,0.30099618531475064,0.29866686500219947,0.3488325863948568,0.31973955550817673,0.32974392598689034,0.3438763149520705,0.2809531707868092,-0.13775181272783488
2022-09-08,0.40801434665943714,0.21570057256725514,0.22017755219858692,0.291505782109957,0.2870926369997553,0.3389759185326193,0.30876779996004666,0.321682398733996,0.3345828435492682,0.27291337804041255,-0.1351009686190252
2022-09-09,0.4072732822146657,0.2152881755042368,0.21889059717731568,0.2897723890269654,0.2847571654983929,0.33621727476250596,0.3071826804636602,0.3211359824617472,0.3350768560659523,0.27830380211481504,-0.12896948009985124
2022-09-13,0.41206536549003586,0.21770796192528516,0.22172579537275408,0.2931008225091414,0.28754618752132194,0.33719101200689794,0.3103495070405885,0.3234449240308249,0.33780357613718304,0.2815598258207581,-0.13050553966927833
2022-09-14,0.4046084852098631,0.20872786144703,0.21289202119164496,0.28324466391430414,0.27651767257162657,0.32854957400712015,0.3024255955782344,0.3151172021746606,0.3300613271396037,0.2765487021811549,-0.12805978302870874
2022-09-15,0.37836920601944163,0.18083028561983586,0.1860050677709667,0.25659513424615243,0.2503415574647904,0.3008054149773332,0.27700592771484783,0.2926940705250177,0.3115586651462604,0.2616676090773236,-0.11670159694211854
2022-09-16,0.35711657220636905,0.16052170419176248,0.16182420150505478,0.234796214241777,0.2256501331657534,0.27860805693385293,0.25146370124927897,0.2682088412598588,0.28515112371739193,0.23395452425070845,-0.1231620479556611
2022-09-19,0.3435092713206761,0.14672795312129014,0.1491670428342362,0.22436110255187774,0.21639939971641894,0.26708975268115864,0.24079694642873406,0.25488986709720574,0.2706594011201406,0.21887315106197172,-0.1246361202587049
2022-09-20,0.3563151399297507,0.1615817447557484,0.1651152956757604,0.23934485455448137,0.22942504573802236,0.2830131862057154,0.2593133945936825,0.2695412030406235,0.28627714904291807,0.2300546449714052,-0.126260494958346
2022-09-21,0.3576353990441368,0.1642950806087088,0.16810718508938713,0.24033499883532047,0.23111706869185208,0.2857289327360138,0.26355569542366664,0.2755763675278902,0.29110732509755816,0.2343843481970862,-0.1232510508470511
2022-09-22,0.3543630267518596,0.16228829102435824,0.1641591251935742,0.2372272738124874,0.2284837174762258,0.28184549506570533,0.2610775154789247,0.27340272368043755,0.28623946032444025,0.22644666423309195,-0.12791636251876812
2022-09-23,0.33199150772154307,0.14163321836080056,0.14386811789616386,0.2171219732323204,0.20695093848649582,0.26352482894318807,0.2396901380504245,0.2535530191096609,0.2642841809784337,0.2083634947006745,-0.123628013020869
2022-09-26,0.31410860263193,0.1253253804325899,0.1275069565085517,0.20306577415460075,0.19232269168770988,0.24635212186971636,0.2222890095015624,0.2342932899529303,0.24155111568378176,0.18804981634178725,-0.12605878629014322
2022-09-27,0.339747294025833,0.14961656769584283,0.1526199215908997,0.226296870111012,0.21453364088544963,0.2701835477363008,0.2480930021730871,0.2573377127368863,0.26808507755530375,0.21349738045305727,-0.12624991357277615
2022-09-28,0.3095900592028883,0.1171378150465331,0.1236887688141787,0.19835613485465164,0.1842332067050976,0.24269459408111227,0.2229883754153527,0.2344072248201326,0.2427688772761238,0.19317264293411487,-0.11641741626877385
2022-09-29,0.30519434419905445,0.1135605950549616,0.12025003939745808,0.1927839426082192,0.17942540574194413,0.23833539193583828,0.2178257979295619,0.2280243342093148,0.23799424584172246,0.19021326388539106,-0.11498108031366382
2022-09-30,0.2890350366734178,0.09670525426059264,0.10457620492342484,0.17739974892778942,0.1666435251317625,0.22748065981354837,0.20656947101343243,0.21847795556437072,0.22780027912293782,0.18111708229970508,-0.10791795437371314
2022-10-10,0.2669894110381099,0.07806326082431597,0.08486714916763378,0.1601606562761507,0.14808075085541822,0.21005432015840675,0.18622493587627062,0.20521862277124306,0.2101855078262989,0.16542852504953875,-0.1015608859885716
2022-10-11,0.2725451882403144,0.08470335948216243,0.09278610254370903,0.1657586948211133,0.156161172652776,0.21703007797033821,0.19204991841159852,0.21355806864163512,0.21467570054904722,0.16678739903198825,-0.10575778920832657
2022-10-12,0.30406097088300255,0.11448372149548514,0.12326109722638616,0.19626104664600422,0.18660701538827423,0.24610478018287418,0.21790315872377006,0.24058609798447106,0.23870594113922033,0.18850221184905924,-0.11555875903394372
2022-10-13,0.3128860148974,0.12097567197592075,0.13180289050995359,0.20716413490850885,0.1944512981813056,0.2536233310410452,0.2284979502039751,0.2516733065140633,0.25074878102768805,0.20398644710178004,-0.10889956779562032
2022-10-14,0.33568368721715425,0.14166966599225939,0.1544679984262415,0.22954878089016204,0.21566333594724946,0.2770479614868023,0.25277433442549824,0.2758086396064278,0.27471940940502404,0.22892059902852457,-0.10676308818863006
2022-10-17,0.35215691163749274,0.1576757065714662,0.16911303716648265,0.24279216138215315,0.23194300526439426,0.2929655559092068,0.27063808234854453,0.2918542173723169,0.29180061009700425,0.2443001257965566,-0.10785678584093651
2022-10-18,0.3555118664373945,0.15942607765197175,0.17332827385512098,0.24481896110296353,0.2343698233665304,0.2979119300715005,0.27387833949160184,0.29488661945731753,0.29479973230496137,0.2499415132193051,-0.10557035321808977
2022-10-19,0.3453678124235475,0.14944859417401052,0.16608886441246223,0.23639030761911073,0.22733764568964354,0.2897830501778534,0.26748965863283886,0.2863001445790745,0.2871269569976845,0.2400119953458455,-0.10535581707770235
2022-10-20,0.34622519934587404,0.14703733516175843,0.1624633081584769,0.2334809118069258,0.22418310797950353,0.28611343857350835,0.2639720922147991,0.2839329884235952,0.28466139524371664,0.23792422287727483,-0.10830097646859954
2022-10-21,0.3452277131545387,0.14837098245194197,0.16302058023613128,0.2328867269642681,0.2249169260930821,0.2880485242324169,0.26571374603101977,0.28721753025615954,0.28711624791226675,0.24019136132172098,-0.10503635183281805
2022-10-24,0.3339449411006795,0.13778491676093155,0.15179687717919593,0.2194979426001557,0.21287772988850018,0.27648653186523797,0.2528630116574018,0.2718580593108398,0.27270609443060345,0.22264469596319844,-0.1113002451374814
2022-10-25,0.3297361170267022,0.13655424575042419,0.15006080059318982,0.2136472325286363,0.20846222325018726,0.2735340595034881,0.248543566501747,0.27022060963674704,0.27076025315392116,0.2192654269196365,-0.11047069010706603
2022-10-26,0.3481733072832233,0.1550575367091008,0.1696430916743033,0.23714677542571228,0.23085465875344394,0.2950671963207419,0.2725560962516348,0.29160046950980656,0.29290436362186484,0.24164169561236196,-0.1065316116708617
2022-10-27,0.3425775244092696,0.14994874008904774,0.1661838661930936,0.23238632017204222,0.22720060127094907,0.29244041986782343,0.2712985523882164,0.2914052399458096,0.2909492019776555,0.24077018526365593,-0.10180733914561396
2022-10-28,0.30559595054182054,0.11421100112241411,0.13190691611098176,0.19595998922497906,0.19000711232891712,0.259203264137517,0.2354848738972449,0.25503425344954495,0.2542839165540663,0.20352947084229595,-0.10206647969952488
2022-10-31,0.31576849236347093,0.12769444173277567,0.14524940469294131,0.20736970753616876,0.20113156137797233,0.2743344666748547,0.24902340301670625,0.2670284486278073,0.2644924170118613,0.21409159339776818,-0.10167689896570306
2022-11-01,0.3397942098217907,0.151940658148214,0.17126612181490475,0.23265750994572773,0.2258687226827239,0.2980588985588265,0.27495196073224415,0.29591719040837133,0.2922805029673229,0.2408624585345912,-0.09893175128719982
2022-11-02,0.3536096347599987,0.16518096805229474,0.18670617950182464,0.24731429974355412,0.2376595741982779,0.30984626055809034,0.2896945539375139,0.3076590717582225,0.30676337871593934,0.2519503647364925,-0.10165927002350647
2022-11-03,0.35860065412117403,0.1683302024932698,0.18992179465165096,0.25107307134374657,0.24234004766159342,0.3128347154451639,0.2936855353835512,0.3114167700335167,0.3129507245321673,0.2598012137142755,-0.09879944040689886
2022-11-04,0.3762144658511651,0.1855701034180755,0.2042545862588845,0.26743852938210216,0.2592549642857029,0.32821373533445414,0.3109741401913252,0.330246352161861,0.33224360326604113,0.27740090042164794,-0.09881356542951746
2022-11-07,0.38624487549569875,0.19310566088810394,0.2111029514282462,0.2741091242482747,0.26518876713237616,0.33272915143596293,0.31632050738245493,0.33473072080602323,0.33755656980930826,0.2808365642816536,-0.10540831121404545
2022-11-08,0.38632016540152214,0.19244773159951928,0.21047428131800905,0.2730999171270114,0.2629374901006526,0.33059347228403574,0.31619965508912745,0.3334711403922216,0.3332716518830439,0.27953261967953724,-0.10678754572198523
2022-11-09,0.3863831702159638,0.1947765139637942,0.2124540712622439,0.27495688040913646,0.262509594562579,0.332164411859562,0.31619773398076767,0.33158297885863863,0.331675718459482,0.2768135706212643,-0.10956959959469975
2022-11-10,0.3821143023397455,0.19151481717874322,0.2111244828369462,0.2721696209857599,0.2589013196956072,0.3282125045334764,0.31074543268538585,0.3244359192354633,0.3236715374804918,0.26736924971703746,-0.11474505262270834
2022-11-11,0.3899598169023347,0.19494939434015507,0.21462306091721584,0.27594250705350615,0.260707033093762,0.33339501056238974,0.3188999607392694,0.3288448676333183,0.3277996778674046,0.27128264822432996,-0.11867716867800505
2022-11-14,0.3907807079047904,0.1960783660627113,0.2177253512509243,0.27817750984045,0.2613551299170033,0.3299789650869175,0.31570423310670825,0.32297776370305104,0.3224915710219796,0.2649989480205409,-0.12578175988424983
2022-11-15,0.4087206077115033,0.21321657508417294,0.23461639302600587,0.29520846639797893,0.28126271191888286,0.349158618873897,0.3388748640637317,0.34427873949402876,0.3444248992529522,0.2890054765330678,-0.11971513117843585
2022-11-16,0.4115405145738608,0.21457949808084503,0.23486096748439314,0.29188497987948114,0.2783084000366798,0.3445302101094229,0.3352552060122492,0.33880759080009787,0.34058777671167684,0.28537346128065366,-0.1261670532932075
2022-11-17,0.41508340012662337,0.22076726351831177,0.23900785285663467,0.2977365988566076,0.28356361815407655,0.3486006602625531,0.3391808580370053,0.34221475348756214,0.34342771581766174,0.2918679044082437,-0.12321549571838003
2022-11-18,0.40906372272699115,0.21484761329915517,0.23233150125405808,0.2900566252750982,0.27620827081451926,0.34284974696273657,0.33122923884624145,0.3338046118943023,0.3344815523481775,0.2830618663757908,-0.12600185635120068
2022-11-21,0.4095636186880856,0.2159222966900511,0.2331252417267366,0.29392566270790577,0.2781939234094306,0.3473902396404524,0.3349033814958426,0.3397386310372554,0.33957444596690933,0.28843447522477644,-0.12112914346330945
2022-11-22,0.4006207895036012,0.20425930183692786,0.22048104065083157,0.28041442144138656,0.2632939244789298,0.3344475962844016,0.3224623041256188,0.3256908616754503,0.3288075937922805,0.27913843060688914,-0.12148235889671236
2022-11-23,0.39543273400562395,0.1969418711360317,0.21184937655850256,0.26850718321819894,0.25716973991312564,0.3289463739044415,0.3175703203309081,0.32105890821242183,0.32484825705957987,0.27647202211164085,-0.11896071189398343
2022-11-24,0.40160294929627205,0.2006191737039242,0.2171471342399718,0.27252966183415656,0.2608159584383463,0.33322183805649935,0.3205089968412899,0.32494403717789394,0.3269516797637301,0.27823721201233703,-0.12336573728393531
2022-11-25,0.3943038921705762,0.19232459629888607,0.20943948943594778,0.26215238687379105,0.25177627824678367,0.3252833836452671,0.30915279950429275,0.31670459276737595,0.31694477600729604,0.26976097778165326,-0.12454291438892323
2022-11-28,0.38789810403370945,0.19050590273693124,0.20522559386087472,0.25632512917583605,0.24725724818282022,0.3190608896824092,0.30389467343294757,0.3124461016388784,0.31217893754337034,0.26591988092181035,-0.12197822311189936
2022-11-29,0.4056587914463072,0.20904746321907106,0.22348240870219424,0.274734130612036,0.2642913779508888,0.3371746699222673,0.32502420417042127,0.33261090649619335,0.32994220443287353,0.2839835397789562,-0.12167525166735123
2022-11-30,0.40255963157508257,0.20756275727233175,0.22085354661850945,0.2733123314637888,0.26385107540358577,0.33648284053614463,0.32452499290567044,0.33030540252996565,0.32882816288203603,0.28385660323898904,-0.11870302833609377
2022-12-01,0.41443683610314724,0.21414000530276872,0.22990192477388383,0.2816883382973995,0.27568535744682854,0.34533006874595634,0.33302226727194145,0.337575927997821,0.3375731213629579,0.29224361191289694,-0.12219322419025055
2022-12-02,0.42255764934074613,0.22268809594040298,0.2382320292192971,0.288962999051264,0.2821722401455366,0.35257006781847133,0.3363304671930021,0.34305343315577064,0.34136056410641424,0.2979922897000532,-0.1245653596406932
2022-12-05,0.4229660617984117,0.22904957919883745,0.24432375082775115,0.29574160408354855,0.28906815046200846,0.3600772226317671,0.34581267335860966,0.3528811998728066,0.35347544215251797,0.3110310096002211,-0.11193505219819079
2022-12-06,0.4166273776067675,0.21973029810673597,0.23764976215077252,0.2905431606782695,0.2851034609824465,0.35913904634259025,0.3428371896763755,0.35022552982984667,0.35061174114070076,0.30822409573096426,-0.10840328187580343
2022-12-07,0.41931090489639444,0.22288402541170546,0.2419358366226633,0.29228202390671437,0.2871694435208895,0.35754193475592844,0.3425548962748166,0.34914289571000967,0.3486731471677014,0.3070935524333357,-0.11221735246305893
2022-12-08,0.4127186862890251,0.22013273802070324,0.23749285801507977,0.28998326422636983,0.28308502764454435,0.35519643739896206,0.33874216298299925,0.3440873772087511,0.34624713073254665,0.3056797089892584,-0.10703897729976686
2022-12-09,0.41043520652173937,0.21747415651364824,0.23637078599220065,0.2886019372830426,0.28189690211472773,0.3522638005271636,0.33838959504707616,0.34244167470873715,0.34636288897074746,0.30596545322029267,-0.10446975330144685
2022-12-12,0.41304528252806383,0.2198872570936572,0.23951856964015525,0.2900637366292515,0.28040910379697404,0.3504446462758563,0.3342997178758162,0.33648095551866863,0.339130489611082,0.298032102884454,-0.11501317964361005
2022-12-13,0.40643627260987897,0.21341773160075317,0.23266777170711642,0.28442639462867964,0.27678874349483096,0.3471984527962362,0.32981578124669425,0.33394511998618254,0.33773201008383313,0.2989134782448682,-0.10752279436501097
2022-12-14,0.4035368216872495,0.20762943073980603,0.22746386993944073,0.2800106905152129,0.2754418161889177,0.34577106484935344,0.32753713476462926,0.333038268817332,0.3358800305011033,0.2968600486782078,-0.10667677300904192
2022-12-15,0.4091697241818656,0.2115051666266653,0.2340417019060984,0.28495762358521365,0.27928981354899757,0.34938000361108196,0.33267337713363637,0.33433628839524027,0.33704557829477594,0.298646268563718,-0.11052345561814778
2022-12-16,0.3925694471912037,0.19992941458373412,0.22397765597079408,0.2761209111665905,0.268607022929448,0.338993799317503,0.32074978112997143,0.3231316999806254,0.3258468697724151,0.28878041012095934,-0.10378903707024456
2022-12-19,0.37144568877893347,0.1790451535060721,0.20298329159314085,0.2537323091861918,0.24330318166679085,0.3160976005040404,0.2979317081313513,0.3006352084293151,0.3035901189296078,0.2644507384806687,-0.10699495029826502
2022-12-20,0.370145139199498,0.17442557610687764,0.19730509524964293,0.24736130221459557,0.23829544951518505,0.31121264746133626,0.2940233150623593,0.2962437403934369,0.29895377180493315,0.261893515739135,-0.10825162346036322
2022-12-21,0.36042389573330597,0.16532403516273597,0.1878954490220114,0.24149326489326423,0.23131666972735807,0.3051924472553381,0.28666384722492044,0.28961128824730387,0.29201552527143465,0.2548140152282857,-0.10560988050502049
2022-12-22,0.34440478188061596,0.15179441844859695,0.17230215077115804,0.22818979130689399,0.2177516426516352,0.2900046187909838,0.272672379673615,0.27537666695664476,0.2767335871157795,0.23898673659892594,-0.10541804528169019
2022-12-23,0.3435493388013237,0.14903049481813133,0.17061288017692314,0.22560533174351569,0.21586517483169632,0.28657362782593976,0.26960079292873124,0.27292374360437427,0.272652979181134,0.23409098695360778,-0.10945835184771607
2022-12-26,0.3642076293945191,0.16963555073598516,0.18995209508302358,0.24505262552981275,0.23053849525843836,0.30331499207956814,0.28481061818413234,0.28823208725788235,0.28697035743085686,0.2492220802630956,-0.11498554913142364
2022-12-27,0.3686538652714357,0.1735446946084935,0.1955094105889415,0.24709044923249582,0.23343378788749974,0.3043199260505742,0.2887780241814064,0.2947785925077382,0.2951100737984467,0.2584406860174077,-0.11021317925402808
2022-12-28,0.35815192353766434,0.1626010459337487,0.1840994744291338,0.23742416200865543,0.2216630578456235,0.2917249882576435,0.27559684354171854,0.28144922308220227,0.28343754131745763,0.248440950391007,-0.10971097314665745
2022-12-29,0.35583564331429923,0.15933670446994394,0.1814165955116126,0.2342515721028624,0.2172835911407702,0.2896273144311851,0.27091447917974926,0.27774733688491304,0.278637334416858,0.24142363389564325,-0.11441200941865608
2022-12-30,0.3618349859596166,0.16752922779019422,0.18944965904348704,0.23869031590043538,0.2229458370560215,0.29680122889991417,0.2760466370673818,0.28439134843878644,0.28698953022963236,0.24776881695661074,-0.11406616900300595
2023-01-03,0.3868007041954426,0.19200270993440444,0.21342899211590166,0.2613997962935053,0.24580095351156936,0.32096049051488723,0.29875434320758226,0.30797598142715316,0.30778558267927336,0.26892213437863444,-0.11787856981680825
2023-01-04,0.3943588404946523,0.19781441074364214,0.2174290112737816,0.26484980439165406,0.24921452093365595,0.323925125270382,0.30049850449706617,0.3130363299652983,0.31200501532369845,0.2720146974116658,-0.1223441430829866
2023-01-05,0.4017056569375648,0.203892708778104,0.2249461536966643,0.2701729933786783,0.25640282554165,0.32930002731413655,0.305057735348361,0.3210633426657163,0.31765115728423715,0.2797893563281212,-0.1219163006094437
2023-01-06,0.39734158782279766,0.20151615314646523,0.22275434601229707,0.26817843000297137,0.2544826094748082,0.32594850516728685,0.30265011979164486,0.32017584696560264,0.31648602090427863,0.2821243382300453,-0.11521724959275242
2023-01-09,0.4031823064043055,0.20773135838565668,0.22839090043446084,0.27537063923396127,0.25959816370711375,0.3302761385057884,0.3107363902052332,0.3281846492143068,0.32042498920254137,0.28818224986958224,-0.11500005653472338
2023-01-10,0.4016970073618908,0.20621753219191105,0.22627021262070435,0.2747349075003009,0.2595821236824035,0.33035789541368404,0.3095726810451361,0.3256361341438151,0.3185450234748009,0.28709670763446044,-0.11460029972743042
2023-01-11,0.39394493986505186,0.19849888378578853,0.21891782871846455,0.266139146050817,0.2486259470123242,0.32146992209176395,0.2999524213962548,0.3153888988633508,0.3091300824423437,0.27969395316447637,-0.11425098670057558
2023-01-12,0.3948678489473304,0.19763735077892647,0.21878879532307355,0.26709075290795264,0.2484011521569988,0.3222272857899364,0.3007122481587162,0.3165523730400423,0.3082841369474342,0.2803655973754239,-0.11450225157190666
2023-01-13,0.40140997711221255,0.20376286898694956,0.22197073498928724,0.27130435980684003,0.25097783382364,0.32398274767895274,0.3035804834375195,0.31907443827613813,0.3137173090112147,0.28723654768079987,-0.1141734294314128
2023-01-16,0.41485479177399004,0.2168509055517971,0.23252686820600232,0.2812281903179883,0.2610591210583262,0.3349407492071241,0.31399155790459643,0.32968623748229187,0.3260134646891452,0.3001139080243836,-0.11474088374960657
2023-01-17,0.4133795103425052,0.21715437115659733,0.22952646958733378,0.2794373679772796,0.2577098832039776,0.3343878552208693,0.31417738349143803,0.32812113570423945,0.32576965439847294,0.29920683511742047,-0.11417267522508483
2023-01-18,0.41841079598453135,0.22064701764931832,0.23265698601880214,0.2828683348989516,0.2622020317726693,0.3385120090841458,0.3186638206189353,0.3325366205528532,0.3307725662613341,0.305553486034497,-0.11285730995003442
2023-01-19,0.4254061457884115,0.22710283522176156,0.23919562053326307,0.2905774612640364,0.2680018579518902,0.3456411074513805,0.32501178723239244,0.3408533132099458,0.3376342684735364,0.3122691747901644,-0.11313697099824722
2023-01-20,0.4347822590862878,0.2361950888124435,0.24680036044150042,0.29934873223570924,0.2748882596035173,0.35250825277175146,0.3326786890807989,0.34918067853978035,0.3456217361588171,0.3201445209266171,-0.11463773815967082
2023-01-30,0.44803709014546217,0.24892301891147733,0.26085192730609064,0.31317579897207437,0.2877552950324301,0.36495241720761207,0.3473730035277182,0.3617220182503249,0.35851087208610216,0.33239781624197035,-0.11563927390349188
2023-01-31,0.4511469176375094,0.25115071715752085,0.2629029562669711,0.3171098781895192,0.29024367326831574,0.3668719461480273,0.3502464382554125,0.36430493536771436,0.36111045266123276,0.33522097235686443,-0.11592594528064508
2023-02-01,0.4680443101047726,0.26708119223219406,0.27890496480437726,0.33523305346499926,0.3085393841867461,0.38347895398967125,0.3669697710318783,0.38017012789473964,0.37706642081156766,0.35183151941878393,-0.11621279068598873
2023-02-02,0.47187495591043727,0.2699382884544721,0.2820287208542035,0.3385661153264731,0.3129302116087327,0.38683508689308377,0.3687849321072148,0.3842016476454371,0.3806427746514547,0.3542683509480815,-0.11760660496235584
2023-02-03,0.47033112654239895,0.2682950359358723,0.28225215859362546,0.3407442965894967,0.3133959458354107,0.388020225927228,0.3692786269984231,0.38491323913978037,0.3793956494272511,0.35317002037001133,-0.1171611061723877
2023-02-06,0.4700591311924798,0.26511704853881474,0.2802516714092852,0.33852993310208485,0.3127276618116713,0.3841274472051007,0.36974913159458395,0.383046436672999,0.3771997272972425,0.35056038270384426,-0.1194987484886356
2023-02-07,0.4763189282097183,0.2728932087722217,0.2860777037306204,0.3447733486570929,0.3194310141758509,0.3918233276073857,0.37627267708191,0.3905354005253653,0.3852234031909108,0.3570335570117906,-0.11928537119792776
2023-02-08,0.47126902977866997,0.26675844475480864,0.2799669119653355,0.3391499840147021,0.3144042663789052,0.3859913188481181,0.37248354659659555,0.38717260452067004,0.38179007070098764,0.35110547945959525,-0.12016355031907486
2023-02-09,0.4843079953072499,0.28166429068047927,0.2928436187273425,0.353769294583171,0.32840729979448485,0.4006041984722888,0.38729936433760476,0.40092407110324646,0.3954275886721283,0.3626007296761124,-0.12170726563113765
2023-02-10,0.48601609983294003,0.28110402253121347,0.2909036678805449,0.3510215155962977,0.32512122054135856,0.4008093620882027,0.38618987634953184,0.39877681065102855,0.39307300172937676,0.3619643926156442,-0.12405170721729601
2023-02-13,0.4958522023979812,0.29188237445031473,0.30181992071467806,0.3614810278571034,0.3366386564398301,0.4097658923953193,0.39772036711239417,0.40870010638386056,0.4038047552566094,0.3705858413758176,-0.12526636102216385
2023-02-14,0.4978693094125463,0.2915560488076991,0.3030068541312683,0.36085841142167513,0.3358435336114557,0.4107979085894825,0.39802082017068735,0.40861882699441204,0.406713232016169,0.37380986190446647,-0.12405944750808008
2023-02-15,0.49993527012420924,0.2934771118640629,0.30658429609765303,0.3659139128374382,0.3388424945867223,0.41452683234829046,0.4022426836163786,0.4090331323199379,0.4074843776366273,0.37139801030834,-0.12853725981586947
2023-02-16,0.4809982506679013,0.2692621847800907,0.2831689384336683,0.34196199822215295,0.3178915084840196,0.3896387898284326,0.37942018248933973,0.3850671683406785,0.3836164881062102,0.3483955237924789,-0.13260272687542266
2023-02-17,0.4798995874350333,0.2638865816665388,0.2801047549505064,0.33527081961569777,0.3095624366225064,0.38157406098045843,0.37400361652096603,0.3780974380815537,0.37621200862111426,0.3468313771454974,-0.13306821028953617
2023-02-20,0.49160803534851516,0.2775032567271046,0.2939687941183773,0.3497778131472881,0.32399149424472706,0.393757279392647,0.3885501681404014,0.3919521381671393,0.3894822423127483,0.3560586016329387,-0.13554943371557673
2023-02-21,0.49501457148364497,0.2816985614101695,0.29898495834599687,0.35292180928017286,0.32785659550749285,0.39692445990079606,0.3923297157643346,0.3958271573162811,0.3943488227455215,0.36106563042836265,-0.1339489410552826
2023-02-22,0.49703597757158496,0.28424839078287667,0.29838961084529486,0.3550852387263743,0.33004337643207493,0.3993942775893903,0.3945519046669304,0.39830780521164905,0.397132311061947,0.3609823270869518,-0.13605365048463341
2023-02-23,0.4970158133658717,0.2814636100465946,0.29385527875256295,0.3521527423996718,0.32635860948228945,0.3956906387834619,0.39253572947833,0.3971089906776095,0.39544883587686147,0.36027226609627955,-0.13674354726959245
2023-02-24,0.49473979363713494,0.27915546807887376,0.2922805341226775,0.35256884223273766,0.32400467118510784,0.39414258952495573,0.38875671274919776,0.39422164379968755,0.39246297190188156,0.35591210465182266,-0.13882768898531261
2023-02-27,0.4860944549621836,0.26902822047337993,0.2841068985876514,0.3425180522417334,0.3153441411050175,0.3846515531629054,0.3791816774210711,0.3865432882396981,0.38422353817826693,0.3490859200920607,-0.13700853487012327
2023-02-28,0.49589078446472906,0.27918913185358696,0.2944168950538914,0.35100056555549497,0.3247120653394271,0.3949425695471903,0.38715058863833957,0.39477829455379726,0.39176508739330224,0.3609630943278946,-0.1349276901368348
2023-03-01,0.5031874629456088,0.286493684112498,0.3052520294631383,0.36345084187225696,0.3365510023686032,0.4069649943588572,0.39361909518911437,0.4036675848942079,0.39837689313076674,0.3656181620933907,-0.13756930085221836
2023-03-02,0.4969028423112739,0.2813964646246289,0.3015828415392467,0.3589948458940949,0.3334130883666804,0.40417482795120635,0.3914387498021442,0.40139043259702534,0.39493928411104334,0.3600825874321368,-0.13682025487913743
2023-03-03,0.4962115806296611,0.2817028805956012,0.30001624468950716,0.3556875660815073,0.3320522440736457,0.40408671196808466,0.3905880329312489,0.40066372135514144,0.397591796044583,0.3625960899683374,-0.13361549066132397
2023-03-06,0.49783114785074933,0.2854679233127311,0.3027053124758821,0.358031074487693,0.33268488758713594,0.4041917798689877,0.3915704271602186,0.4027015172745692,0.3984382232818615,0.3635087521588957,-0.13432239569185395
2023-03-07,0.4757998931444885,0.26517176654529145,0.28143782005451184,0.33666677630268144,0.30946287678927203,0.37995255968269787,0.37051390635672526,0.38251903294422607,0.37879794310869874,0.34684948431659685,-0.12895040882789197
2023-03-08,0.48482536966953327,0.2749841425065648,0.290308879403258,0.34626749312335486,0.3189691245419551,0.391667582333403,0.38071706656033355,0.39127285728533134,0.38441160883745956,0.34973435109468454,-0.135091018574849
2023-03-09,0.48747094551609216,0.2757835706168063,0.2924658307121423,0.34881905679361447,0.3210168943065311,0.3961183882432396,0.3849858471429632,0.3931313208987687,0.3848284849471279,0.3500849995333148,-0.13738594598277765
2023-03-10,0.47408414605227917,0.2619445488324328,0.278789023543041,0.33667374356969365,0.3072032706159341,0.3825855775268963,0.37328139566973223,0.3798523015897281,0.3705673726901357,0.335119039397552,-0.13896510665472747
2023-03-13,0.4730934495509026,0.2626983948334548,0.28104390107400273,0.33972472875025433,0.3103214336663577,0.3866568778707156,0.37832006211871794,0.3843408848386397,0.37371056785332024,0.3368533842442502,-0.13624006530665267
2023-03-14,0.4608693289682992,0.2508242170907412,0.26911471595006087,0.32619931544327097,0.2995517821481144,0.3742849192477565,0.3678650231309619,0.3740680568847002,0.3639047789934778,0.3238322109597673,-0.13703711800853216
2023-03-15,0.46969767429448095,0.2574844387162847,0.27459948941418805,0.33208703522044963,0.3050338420737106,0.381892804719982,0.376732404251251,0.3835929508188028,0.37541493103076434,0.3376317265552384,-0.13206594773924285
2023-03-16,0.4497314388725881,0.23980145785668996,0.25629190695199744,0.3151888446012391,0.2907416827766413,0.3681825536907231,0.36046627055900315,0.36724516013739555,0.3600142085095367,0.32697973620474635,-0.12275170266784204
2023-03-17,0.4553519064381912,0.24459360078412468,0.2651864913304576,0.3237023623699848,0.30008667708912956,0.3792418594046188,0.3705758666185057,0.37497598073563576,0.36671174330652934,0.3285394970931269,-0.12681240934506455
2023-03-20,0.45340629527026255,0.24193767956535756,0.26101785218429335,0.32043318297916773,0.29773232155019114,0.37498429146183393,0.36676327609545806,0.37150668484279786,0.3664916987721296,0.3215755210926633,-0.13183077417759953
2023-03-21,0.4727343454086778,0.26108500411941343,0.27874110324735113,0.33606219014261507,0.31288402968597767,0.38778854382075645,0.3832068088427648,0.38444785793376096,0.37927821579235804,0.33492564349462517,-0.13780870191405295
2023-03-22,0.47852604377445646,0.2646361375379302,0.2826795211103916,0.3420786539511833,0.32002227934743965,0.3968096745923403,0.38868638995386595,0.39346734050112286,0.38564192349434595,0.3410311204534447,-0.13749492332101204
2023-03-23,0.4778696961374018,0.26576202774436075,0.2831372986228961,0.3421146293015774,0.32242209322084364,0.3992765916872054,0.39073749596394963,0.3923201465789604,0.3855043086197141,0.34014265259771115,-0.13772704353969095
2023-03-24,0.4808615402540643,0.2655397540091499,0.28415529374855186,0.34259505024520726,0.3235336371973642,0.3987141028840853,0.3914240085314249,0.3920710728870412,0.3864472750433432,0.3407987987911614,-0.1400627414629032
2023-03-27,0.4812290508239934,0.2662323990099073,0.28525648839172035,0.3447247957805067,0.32362342270316974,0.3982183641681556,0.39200555843691676,0.39026791515077675,0.3850158716377838,0.3378512284034407,-0.14337782242055308
2023-03-28,0.4726537768445933,0.2572209879618286,0.27646827074831615,0.33848206630856414,0.3131533504985193,0.38986711929969453,0.38127209472172585,0.38184197878099285,0.3769470002603308,0.3309364525274179,-0.14171732431717574
2023-03-29,0.46764645997197185,0.252295123652124,0.2719752568030632,0.3359492830036209,0.31132215523737766,0.38669650302202513,0.3795128804636619,0.3788932382333493,0.36998820108577385,0.32505573103563085,-0.1425907289363413
2023-03-30,0.4667944073258171,0.2506215449800032,0.27022455228166437,0.33294100802370963,0.3064616507202371,0.38269752209026126,0.37559600270288923,0.37584379128159173,0.36509901564496094,0.32177541499040824,-0.14501899233540916
2023-03-31,0.4761371469584559,0.2597602309433822,0.2792210014910678,0.3434201985829926,0.3178537618939662,0.3927435446992462,0.38636559473947063,0.3842799518680048,0.3737355217610343,0.3285835745676166,-0.1475535723908395
2023-04-03,0.4822909437616552,0.27028408730096326,0.2904936130021718,0.355542250340715,0.3323795563581834,0.40535793217155425,0.3963535000648208,0.3937856063727212,0.38253956869766653,0.3337197948937592,-0.14857114886789627
2023-04-04,0.46996930322821057,0.2580720388537734,0.280347076645325,0.3488574748218362,0.3273238313766999,0.3989667639642761,0.3884728788685236,0.385579162246553,0.37235634856299304,0.3238512613711538,-0.14611804185705704
2023-04-06,0.4698502319971022,0.25778601765995884,0.2798123651147228,0.3497727509582784,0.3281486280008561,0.3991762285776597,0.38777075806210476,0.38462402357271536,0.3710382092804829,0.32317650784035995,-0.14667372415674249
2023-04-07,0.48165406013769935,0.26908066392857355,0.28866519221279496,0.3596372505468361,0.3383747504915471,0.409574521944138,0.3982211426842633,0.3952019774651895,0.3803242314379377,0.33342532665625174,-0.14822873348144788
2023-04-10,0.471070466867852,0.2582254949228599,0.2741294273226981,0.34637803899522057,0.32519151059718526,0.39630181472373577,0.387549980219399,0.38236966992529087,0.3688489647836046,0.3226912601926586,-0.1483792066751937
2023-04-11,0.4705962085157992,0.26005179783967486,0.27612037876113127,0.3519961527010506,0.32799369375125453,0.40034541576030697,0.3876662495203709,0.3841759262565507,0.36852191700790227,0.32209854480906125,-0.14849766370673828
2023-04-12,0.48003892214635946,0.2685178007267464,0.28692617453319524,0.36217053579459785,0.3379483200517657,0.40928423213761683,0.39686537321165016,0.3917407325482894,0.3758244934471621,0.32755763993403036,-0.1524812822123294
2023-04-13,0.47332788885417754,0.26209377873519807,0.2792705171534581,0.35664524777481754,0.3346035793690716,0.4025410999267461,0.39129466132594165,0.38727607303078704,0.3729607853883196,0.32731547680073714,-0.14601241205344068
2023-04-14,0.47686185690307115,0.2666951979004022,0.2835483167259532,0.3585665602906567,0.33969704102740317,0.408766103030432,0.39686252496875013,0.3925771769933692,0.37828933638571044,0.3297547185153733,-0.14710713838769815
2023-04-17,0.4792159195327047,0.26694559991086614,0.28135042048371695,0.3562851094891708,0.3387841108490485,0.4070462649025994,0.3974920789147759,0.3938167461796709,0.38207603894967374,0.33365792569213604,-0.145557993840569
2023-04-18,0.47318457988276214,0.26198063746740435,0.27609317868802646,0.3522219467865551,0.3350575742994639,0.40220547588116473,0.3910095988777639,0.3883260588950197,0.3752520393415749,0.3275643218346396,-0.14562025804812284
2023-04-19,0.4675377824500542,0.25635285495639176,0.27320964706574036,0.35015527780284733,0.33147787332850515,0.4012570936105452,0.38700997385250546,0.38413835382645023,0.3699334714454098,0.3221399722853364,-0.1453978101647181
2023-04-20,0.45710998795366536,0.2507850802592271,0.27371785153617656,0.3515929130182201,0.33119192262545905,0.3982444066189077,0.3847894681125324,0.37611981880117284,0.3623692564618554,0.311497454732327,-0.14561253322133869
2023-04-21,0.43158751110502586,0.2253025602574091,0.24332883335387118,0.31802166370004825,0.3012704676130738,0.3672137885945158,0.3578557629387326,0.3519487218280739,0.3374965562024074,0.2894636589102041,-0.14212385219482204
2023-04-24,0.4282067354605695,0.2218965468357227,0.24088042114538208,0.31222217255405843,0.2975211400281246,0.3625879164366904,0.3504638989821861,0.34561502055431503,0.3316246316708137,0.2839084604842564,-0.14429827497631334
2023-04-25,0.4038761737316816,0.2012857099245151,0.22182218148242752,0.2919489993911745,0.27406351651869454,0.3406040660800019,0.3292246384270404,0.32369567671112415,0.3101885905857899,0.26342021288191875,-0.1404559608497631
2023-04-26,0.4169715747637304,0.21220502583570947,0.2293161323099874,0.2978372478941159,0.2802162879072679,0.34552496716995235,0.33653690071826325,0.3359575289594199,0.3215162251129415,0.2791459187223486,-0.13782565604138203
2023-04-27,0.41838164304951675,0.21098033923727572,0.22751905390532576,0.2978988657339828,0.278744322483734,0.34574767052441946,0.33883005441579384,0.33889948324354857,0.32354121079960285,0.2844727680594466,-0.1339088749900704
2023-04-28,0.44054032271991106,0.23340360417125897,0.24615211752847813,0.32172987009045273,0.2994246408364934,0.3639556342168235,0.36081135341077114,0.35809517530859625,0.340190439698584,0.2963682063331286,-0.1441721163867827
2023-05-04,0.4452289556397738,0.24037454552308005,0.2508470161569976,0.3244763230273544,0.304817091394576,0.3644683026688662,0.3631190492365787,0.3611112187945384,0.34733988190507104,0.3018428302192289,-0.14338612542054513
2023-05-05,0.4382852805484242,0.23037920700253198,0.24318721177132444,0.3130066027948579,0.29643600778561263,0.3569612007308046,0.35391159911813685,0.35314544041246176,0.340302138006865,0.2922367092331663,-0.14604857131525809
2023-05-08,0.4446303897531552,0.2350538074942231,0.24792976689449758,0.3181889417456735,0.3019978831188766,0.36387372442448224,0.35927066030966964,0.3591385397752494,0.34553706827620023,0.29858775251855246,-0.14604263723460295
2023-05-09,0.43284934779736445,0.2205730141682812,0.23110468931127962,0.30198996820816526,0.28570955877302856,0.348302154341734,0.34563392231505363,0.34451054596910174,0.3312831144984249,0.28194839627323903,-0.15090095152412564
2023-05-10,0.43748276726055674,0.2222931505657425,0.2339472568133132,0.30575977103826163,0.29006912597994255,0.35336286717906784,0.3503081401079053,0.35087649365990964,0.336968044890243,0.29234522586882716,-0.1451375413917298
2023-05-11,0.4427936651516937,0.22590752920065565,0.23856092334605447,0.31180893945205457,0.29628898749893223,0.36084516775811915,0.35629391648392106,0.3547718922100619,0.3441765315790259,0.29733683375261627,-0.14545683139907767
2023-05-12,0.43461094251610227,0.21659328250272183,0.22765402616913422,0.3024950601652227,0.2867962785287812,0.35102529802676014,0.3464426513270553,0.3450929730276409,0.3349007470975216,0.28935518199832,-0.14525576051778252
2023-05-15,0.4426787429444037,0.22332620468428738,0.23690505945582876,0.31056006434443567,0.2943973665135628,0.3608739543497729,0.3563418466585102,0.35442733397416437,0.346164134278187,0.30327352441034106,-0.13940521853406287
2023-05-16,0.438032288228156,0.21491826389519625,0.23048412617223893,0.3022962126244903,0.28769183068192866,0.35266509108069705,0.34894362255886646,0.34779781627458467,0.3391313777137362,0.2983833122404792,-0.1396489759876771
2023-05-17,0.4494747820978959,0.22337749033665788,0.24040637544078544,0.31192920073554425,0.2969928515401674,0.36328669727070606,0.3594408963766957,0.3587374175545608,0.3498834757297205,0.3079693642449239,-0.14150541785297227
2023-05-18,0.4550346582310515,0.22744427868071673,0.24602791392593928,0.3188206404370566,0.30390589842456406,0.3692292954715047,0.3638527813274176,0.36390978726032863,0.35505850516457926,0.30851345148028847,-0.14652120675076327
2023-05-19,0.46054262534099577,0.2305571084626038,0.24644722744502892,0.32135806783715937,0.3030695410370747,0.36833169636556223,0.3631366760903545,0.3649391850703631,0.35531535396802455,0.31273937941209606,-0.14780324592889996
2023-05-22,0.4644481811203005,0.23439280248481686,0.25017286057344207,0.32561978371334427,0.3072274957484618,0.3721887923712475,0.3652913792268501,0.3676929722173815,0.3598297141207561,0.3218355378176819,-0.14261264330261883
2023-05-23,0.45602376342991147,0.22380538310184972,0.2384817557378311,0.31762073775743704,0.2993198305662192,0.3635017788793502,0.3542842662093696,0.3570900450799394,0.35023541411260384,0.3143961297800977,-0.14162763364981404
2023-05-24,0.4566202978807977,0.22419319686520547,0.23908897411307647,0.31981416912594235,0.2974157899109509,0.3626014373609548,0.35304642529126506,0.3546444030629653,0.3475044264786752,0.31314338058772656,-0.1434769172930714
2023-05-25,0.4558867640350239,0.2244691154145404,0.24014316508293826,0.32037231934001786,0.29745491263264406,0.36129385143279075,0.35239742258199475,0.3540415271952818,0.34820185476920656,0.31101836992763526,-0.1448683941073889
2023-05-26,0.4603492336613344,0.2285193403378078,0.24295780090203958,0.3248740796161229,0.3026118987871665,0.36576956473268624,0.35915968032574536,0.3616783646461409,0.3543468958923809,0.3160191464546422,-0.1443300872066925
2023-05-29,0.4586289818481027,0.2271231666069203,0.23778849637144994,0.32272444602258876,0.29920834826059073,0.36015867889168657,0.3551795862099218,0.356486473426059,0.34901625269854136,0.3107853699509368,-0.1478436118971662
2023-05-30,0.4611933638873522,0.23132787180716846,0.24343458807792873,0.32675680993816053,0.3048405934530877,0.3663322521982774,0.3605540918824532,0.36182675030637074,0.352815114492896,0.31267853815371943,-0.1485148257336331
2023-05-31,0.45834975334654615,0.22702902986237503,0.2415757972375184,0.32405277907612146,0.30233450238123055,0.3650171126219877,0.35842295381690803,0.3618285925970287,0.35073094053379744,0.31000041062489947,-0.14834934272164696
2023-06-01,0.46082364592259606,0.2321580881598051,0.24444206123204293,0.32594996482690003,0.30666804154531707,0.3683309820603136,0.3617750477943289,0.36555798388172767,0.3533206037390276,0.3125709374655448,-0.14825270845705155
2023-06-02,0.4696369184185678,0.2388394447779175,0.25244369748602796,0.332922008182551,0.3144465624259054,0.3760577675037224,0.36966468170504846,0.37307831659032226,0.3599986323456693,0.32362166822788063,-0.14601525019068745
2023-06-05,0.47421004379811293,0.2440380189065512,0.25671671707723775,0.3377147307122496,0.31911610030194065,0.37833426612602705,0.37400645835915536,0.37551405225589124,0.3623777807982438,0.32470927270057737,-0.14950077109753582
2023-06-06,0.45641922001203156,0.22357953171595796,0.23682430851738723,0.3166562045537485,0.29865483553440614,0.35885908848078363,0.35357443765395574,0.35414705545186337,0.33992765375375245,0.3032761174206796,-0.15314310259135214
2023-06-07,0.4600659691019089,0.22892033772763992,0.243003893708607,0.3198619387633687,0.3025305743520101,0.3649340789782642,0.35710439422230766,0.3578757372358265,0.3451481196072296,0.30445569869622097,-0.15561027040568806
2023-06-08,0.45641576794289257,0.22459484384510356,0.23653286519751504,0.3144728855894389,0.2961678709749314,0.3600630791649014,0.35347845389642685,0.3521438804942428,0.3404594650278674,0.3002105381112585,-0.15620522983163423
2023-06-09,0.46205230346873055,0.22872403037108074,0.24255706560320883,0.3203461013310118,0.3013914460728515,0.3672592418536218,0.35922700849481204,0.3585086239147492,0.34544360820104286,0.304757561986485,-0.15729474148224568
2023-06-12,0.46864601328238714,0.23360756990116177,0.2500570003828571,0.32835636483514663,0.30720885511193075,0.3753749931567491,0.3673916767541559,0.3668964736881752,0.35130277774721097,0.3133936650922187,-0.15525234819016856
2023-06-13,0.47040751731400793,0.23866660512869772,0.2542177027007179,0.3326932840448153,0.3117083102784322,0.3809201481940227,0.37223854472887563,0.37141646830534925,0.3565768327244611,0.31562311904079815,-0.15478439827320994
2023-06-14,0.47113986916088474,0.23799740280111967,0.25390900469845296,0.33444416980524644,0.31353963504585974,0.38099102374063987,0.3743524127762704,0.3744267244893444,0.3570756872053799,0.3150842242506367,-0.1560556449102482
2023-06-15,0.4755490044270587,0.24340535655441367,0.26029419348732435,0.33904174524976016,0.31724969691992194,0.38494220465466933,0.375808589292514,0.37842093217092315,0.36098114166777556,0.3211268897067246,-0.1544221147203343
2023-06-16,0.483689624605233,0.24860041748545952,0.26695973664220213,0.345239897232152,0.32463974427441766,0.3911437481535375,0.3821746729242271,0.38478440534134395,0.3680486827674682,0.3283813492064288,-0.15530827539880432
2023-06-19,0.48215177709040974,0.2483731843982673,0.26782317006543777,0.3442296715768224,0.32342728774292595,0.39205215204111027,0.3822876505351026,0.386634364402223,0.371862640678905,0.3275871094693228,-0.15456466762108706
2023-06-20,0.4788211993367287,0.24388602595629208,0.26605314088587767,0.33735106196565434,0.3194072265487522,0.38874601129923164,0.37874316184629137,0.3829681197594704,0.3701769760034758,0.3244872381404988,-0.15433396119623
2023-06-21,0.46344454836664345,0.2308729940858724,0.2500239745028711,0.321419150367527,0.3032234778479755,0.3724428426657305,0.3629284455253053,0.36558791076884867,0.3525773108275366,0.31021187267790873,-0.15323267568873486
2023-06-26,0.4460723342411269,0.21346266651482643,0.23017866395380215,0.3028751093041783,0.2851756056433531,0.3512446777179109,0.3455056831056939,0.347959958899924,0.33410917982694277,0.2958531816568512,-0.15021915258427587
2023-06-27,0.46707801051284703,0.23202049258104215,0.24864574213273868,0.3203992454430828,0.3053405390718585,0.3696925667167332,0.3653352861182947,0.36724017030207434,0.3506611762144647,0.31260061879053214,-0.1544773917223151
2023-06-28,0.4662326226245685,0.22617851836163058,0.24626413899809593,0.3153754968452558,0.3004059011752612,0.3660575579110155,0.3645228202587514,0.36564386895585765,0.34839355104419073,0.3128782147373375,-0.1533544078872312
2023-06-29,0.4776960186540121,0.23616076368734498,0.2540887572039007,0.3236953758374618,0.30828391492407614,0.3748094304000013,0.37429227949181665,0.374334447530407,0.3604688710230905,0.32340732334265926,-0.15428869531135309
2023-06-30,0.48693836734051793,0.2467396722057464,0.2650334301559996,0.3353940014008967,0.31983602224411256,0.38721859004577774,0.3875738568747787,0.3881835765028483,0.3726452802090061,0.33894420018329285,-0.14799416715722527
2023-07-03,0.48995312149460823,0.2504830249675588,0.2685942959063791,0.3397533202093369,0.3220044718705383,0.39225858856728585,0.39143509459609316,0.39316557336717317,0.3788048496342165,0.3422554517445796,-0.14769766975002882
2023-07-04,0.49405969862109544,0.2559894755770904,0.27397576941712487,0.34457113477259527,0.32722686300316844,0.3990363002589002,0.40014812090440127,0.4014992538353855,0.38628603346721113,0.3494255858317436,-0.14463411278935207
2023-07-05,0.4866532367070426,0.24925627673236148,0.2660789903024246,0.3370302933813737,0.3206866281062118,0.39204470290464,0.3927284821042695,0.39775668531103997,0.3828920082471819,0.3435389841724277,-0.14311425253461516
2023-07-06,0.48380084703605386,0.24772484404963055,0.26510568631306375,0.33732900851294534,0.3217809284482338,0.39259177889397756,0.3926205451159258,0.3981561106702177,0.3814609294182865,0.3400062667602492,-0.14379458027580497
2023-07-07,0.4801189555647526,0.24059528211037123,0.25881570299232,0.33269797270097834,0.3164158196907329,0.3859843494153895,0.38924852861109177,0.3934659306665275,0.3774346369761045,0.33497460400867674,-0.14514435155607616
2023-07-10,0.481373692027307,0.24119463571213323,0.25876602656148173,0.3328656334650716,0.3162145969950303,0.38630776448705856,0.3901374456242363,0.39484210454305085,0.3793581321937959,0.33892095503051173,-0.14245273699679561
2023-07-11,0.48841690989508263,0.24901868905742008,0.2678023423038032,0.3393349892712812,0.3246988916146886,0.3956354215203427,0.39864352078831483,0.402900560369534,0.3891178665320161,0.34830914655074413,-0.1401077633443389
2023-07-12,0.47342413141695316,0.23522870201133297,0.25497174126057537,0.32557769624503,0.3117682664620352,0.3840440974947445,0.3868970911488872,0.3927285407104801,0.3807417370407008,0.3398573635911199,-0.13356676782583365
2023-07-13,0.48753176484717586,0.24651070127148686,0.26364884899149554,0.335041422253535,0.3229692949253871,0.39392147790034193,0.3977635374244431,0.40159421449283605,0.39021983450171316,0.3501608421584164,-0.13737092268875983
2023-07-14,0.4893793902872144,0.247513713832733,0.2630303484735673,0.3351968122858082,0.32279278986199833,0.39465865736275396,0.39850407427412393,0.40099880002567967,0.3888080685549893,0.34659546588062895,-0.14278392440658585
2023-07-17,0.48784317730516696,0.24440873791185166,0.25946360091600107,0.3336228322251487,0.32156692497158373,0.39289100837198804,0.39605230439536787,0.3995296424874856,0.38717372768620295,0.3430664902202461,-0.14477668708492128
2023-07-18,0.48468805759216294,0.2414301019708546,0.2587034526003569,0.33249988192147956,0.3217671309299882,0.3940394594373361,0.39519649283438524,0.40269261598703,0.3907595138387309,0.34514419735763224,-0.13954386023453108
2023-07-19,0.4868566793023223,0.240901475787247,0.25867251124358237,0.32950848846821845,0.32052399911517476,0.3913568467228071,0.39404999887951153,0.4005683459390307,0.3879940545674885,0.3415145004655189,-0.14534217883680378
2023-07-20,0.47605013678636804,0.23164597193616096,0.24671677185070914,0.31837433189848685,0.3099824245330164,0.3787915089894874,0.38112127974184395,0.38877389536635754,0.37703071124242055,0.3298105289673376,-0.14623960781903086
2023-07-21,0.47496615631391587,0.22731177047551684,0.24172770781478004,0.3122633244818922,0.30829001003619166,0.3772300398017333,0.37861305154349867,0.3853612903120004,0.37324505470808367,0.32776212867206106,-0.1472040276418552
2023-07-24,0.478117795356614,0.22904333318147452,0.24156993242275834,0.3123389042449198,0.30819318700517706,0.3762994209095738,0.37860048270482016,0.3849715912382995,0.37213741374228165,0.32571438789688734,-0.15240340745972702
2023-07-25,0.49425834317280426,0.2441562009833791,0.25689205225253814,0.32835801012716587,0.3263493054378933,0.39262968947078614,0.3970298830359099,0.4020218698257904,0.3888668069003676,0.34054349570723913,-0.15371484746556555
2023-07-26,0.49057122487364185,0.23854029972735732,0.25198136220849554,0.3219551210605856,0.3212860777100061,0.38791568053812187,0.39249983460331583,0.39763386514156057,0.3856025524432521,0.3384687012716231,-0.15210252360201917
2023-07-27,0.48479967205540214,0.23247352978990776,0.24505084494750098,0.3154662863994649,0.3144271886356643,0.38133117730991545,0.3852299300632474,0.3909468639352265,0.37823728656120437,0.327663230255067,-0.15713644180033562
2023-07-28,0.49221191325141433,0.23869868389641422,0.251575155194993,0.32153365883850105,0.32079881491744316,0.38858207126910577,0.3923873514910958,0.39988227233673923,0.39077437062825054,0.33350206378272773,-0.15870984946868708
2023-07-31,0.49987603720832097,0.24713554573520594,0.25991255215476855,0.32965693341023017,0.3300205689237047,0.3975388777422494,0.4005530299160606,0.40805116231574595,0.3987501687060188,0.33757435886068876,-0.16230167834763268
2023-08-01,0.495830484322379,0.2443840626081926,0.25635647479457,0.3278505483049641,0.32651992264888197,0.39388047651066815,0.39830135127968924,0.4062206192161381,0.39719524635071607,0.3340212935694352,-0.1618091907529442
2023-08-02,0.49391727014558456,0.24260397385446267,0.25459635905938816,0.3256876310565784,0.32592509970649647,0.39308533587051203,0.3964675691040801,0.4064944544818485,0.3961194631509455,0.33106576963284423,-0.16285150051274075
2023-08-03,0.49182772362887484,0.2414961528732473,0.2547562817839712,0.32460686813728384,0.32411492469830677,0.392222141084786,0.39482497116241927,0.4056737195136239,0.39701672272346594,0.3320478808827843,-0.15977984274609092
2023-08-04,0.4925444772165053,0.24280105182084294,0.25348527822049643,0.3250861576676168,0.32250144742225395,0.3924925439821237,0.39753624349239514,0.40849072622294164,0.4003436410602976,0.33264788231524567,-0.15989659490126
2023-08-07,0.488026259066608,0.23633233234448756,0.24801339250449636,0.3185706605898312,0.3144858459126937,0.38602141704704,0.39381040475584883,0.40176927675685686,0.39572794386476673,0.32459074071006694,-0.1634355183565414
2023-08-08,0.4863194080756845,0.23483031353149128,0.2450680291810987,0.3157018159177047,0.31193550376272333,0.3833768572199591,0.3924793862842748,0.39944625127633415,0.39563682338780093,0.3231106978057449,-0.16320871026993994
2023-08-09,0.4794491100632539,0.2257301783484702,0.23641773023225748,0.3073356790833154,0.3049865497549443,0.3740256695178606,0.38401823715744815,0.39110288980309854,0.3886549912320302,0.3186492344282415,-0.16079987563501272
2023-08-10,0.48375754525667514,0.22915302543748184,0.23751722583418794,0.3093321532717403,0.30698969683906335,0.37780313979646685,0.38690585263872557,0.3952969860169714,0.3916883306005665,0.3231261946667007,-0.16063135058997474
2023-08-11,0.4679967591897659,0.21208193570390507,0.22157430238240206,0.2951051774010145,0.29120260944355714,0.36055441036572655,0.37060319977080597,0.37745517238995796,0.37098358276397353,0.30866359301065577,-0.1593331661791104
2023-08-14,0.4739387337724871,0.21599157340309225,0.2240824589084403,0.2973379111072951,0.2951718937277523,0.36413144637688766,0.3740419891194097,0.3829831980648766,0.37720462512859393,0.3089291961959879,-0.16500953757649942
2023-08-15,0.46742073060172473,0.2093592827952504,0.21902837410272988,0.2902034655434036,0.2902610906177675,0.3584425059576367,0.3680656088953549,0.37538514159822756,0.36990372979403685,0.3002511400268948,-0.16716959057483025
2023-08-16,0.4533092608900548,0.19734870097882645,0.2109259019788841,0.28340971513137947,0.2833893345055667,0.35097384834176115,0.3597314499257724,0.3649645639278253,0.35803078333107824,0.2877272145798474,-0.1655820463102077
2023-08-17,0.47190275263112336,0.21312289613510563,0.22396563487675167,0.29417961101115003,0.2956645310260585,0.36271227953970886,0.3725140958916808,0.3767839607821154,0.37088025480536,0.29893166708894736,-0.17297108554217636
2023-08-18,0.45776659401073805,0.19619689820607972,0.2097847112800352,0.2781894850058053,0.28298913960506783,0.34990744103082255,0.35829812717237525,0.3639896976987727,0.3564387958774941,0.288631011687271,-0.1691355823234674
2023-08-21,0.4503783795151273,0.19179957181019341,0.2026361102638868,0.270891548482632,0.27564854572644804,0.34527440226952405,0.3537553069870865,0.35710524765314117,0.3492262170793074,0.27973689668295043,-0.17064148283217725
2023-08-22,0.4519624676925312,0.19470427473151838,0.20528562378399065,0.2723634842936579,0.27865014362948,0.34618124829870583,0.35663235725265535,0.3633153489378314,0.35448321338090283,0.2813975564856154,-0.1705649112069162
2023-08-23,0.4333679881917546,0.17407284139207296,0.18730971832534174,0.25491484775926654,0.2633006246898548,0.3309895131057367,0.339864665233998,0.3486747584461475,0.3381405767443287,0.2631370269474056,-0.17023096124434936
2023-08-24,0.4330071375092684,0.1742604564284737,0.18464050149938996,0.25453830225716007,0.26164413722759655,0.3304016521875595,0.3379543509441492,0.34788937502433703,0.3369214219993318,0.2653534670114233,-0.16765367049784546
2023-08-25,0.41366409876409854,0.15421330108642292,0.1665328113811842,0.23696188651773387,0.24425085615516165,0.3121433044734804,0.3185564787282571,0.3295598513539674,0.31577299051014046,0.24583326573160072,-0.1678308330324982
2023-08-28,0.4230178895440916,0.16472795724288486,0.1772066047267262,0.24785727478866432,0.25283904475898805,0.3210431114886356,0.328713416336443,0.3397274672647444,0.32555149918345455,0.24891556347787447,-0.1741023260662175
2023-08-29,0.4600888896288685,0.1997336856445202,0.2151696805378535,0.2841076256726494,0.2895335146015833,0.35718300247745915,0.36530938462357976,0.3733809067379726,0.36081630813083204,0.284629160137053,-0.17545972949181599
2023-08-30,0.46105872524295727,0.20294302400482284,0.21857416933811524,0.28856241555340983,0.29529960275707423,0.365594762611434,0.3739324447634598,0.38281498037754785,0.37261829673572666,0.29822367826631535,-0.16283504697664236
2023-08-31,0.4546086033352868,0.19641954886904814,0.2111291735903991,0.28228216058917993,0.29072849731920053,0.36140108006625626,0.36907261551965187,0.3774718694373426,0.3690141159054998,0.2949119894351582,-0.1596966139001291
2023-09-01,0.45783100389777265,0.1978077569905783,0.21128741010688687,0.28119983523699416,0.29125012475404916,0.36162125930357,0.3691144241146629,0.378684955805009,0.3694515463361283,0.29474017371905653,-0.1630908301787166
2023-09-04,0.47261146538219273,0.21454124817184284,0.22633529429495805,0.29674871560371363,0.3020209289484646,0.3747802072828323,0.3824640659003766,0.39088736332108404,0.3805614054898999,0.3059049476768403,-0.16670651770535286
2023-09-05,0.46879542652281875,0.20697163632813592,0.22073693249651258,0.29091389424030745,0.2979125132616118,0.3690778335940319,0.37784418803704156,0.385644353354103,0.37800484847702215,0.30444912887809006,-0.16434629764472908
2023-09-06,0.4719700589032237,0.21081393388145092,0.2235322029949767,0.2937722025751228,0.3026953755288657,0.3759106140872677,0.38435331822122626,0.39144198415675996,0.38569011126503705,0.31051125800329415,-0.16145880089992992
2023-09-07,0.4552678394196862,0.19231991984990385,0.2057534229239659,0.276660826985148,0.28674764225060567,0.3601577496908066,0.36674358321818584,0.376462556312619,0.3686592735332203,0.2930204975170879,-0.16224734190259862
2023-09-08,0.45854202003274425,0.1940925216004573,0.2059792228842161,0.279539111339199,0.2897355692343123,0.3624671519236936,0.36939522957681087,0.3795141651122049,0.37160106632970047,0.2949214995628696,-0.16362052046987496
2023-09-11,0.46928087366894244,0.20377478228121476,0.21323056925973388,0.2863584511753385,0.2989083061062336,0.37033247374601674,0.37819814034778665,0.388202818071156,0.38454861446608524,0.3075298515543784,-0.16175102211456438
2023-09-12,0.4692176492289228,0.20202395540594634,0.21294492312865837,0.2853310377948201,0.29684028445436916,0.3690068332730592,0.3765489461492421,0.3879502402777642,0.384281775820023,0.30556114703021736,-0.1636565021987057
2023-09-13,0.4592169184189858,0.19172291981335962,0.2022083786922276,0.2733058024869255,0.28579835721702396,0.35782809956876044,0.36501037478484805,0.37678181720014065,0.37264147803427883,0.29339804005819775,-0.16581887836078832
2023-09-14,0.45098369390849663,0.18248744381246035,0.192332756605785,0.2663193073689499,0.27828948863107916,0.34941324260300666,0.3566785255969233,0.36962078589174363,0.3660430946545779,0.2861965847798503,-0.16478710912864655
2023-09-15,0.45230464082693944,0.18364167570585765,0.19342556817649484,0.2645469344590867,0.27975613612780303,0.3493670686141293,0.3590457225804844,0.3736018331848799,0.36682406836204495,0.28931881586334984,-0.1629858249635899
2023-09-18,0.4598102064640674,0.1903030462744469,0.19654340677236626,0.2691124032902207,0.2859225041357308,0.357030128908067,0.36522031864194904,0.38423606453907583,0.37498488591514045,0.2980737683477575,-0.16173643811631017
2023-09-19,0.45032955292039656,0.17801896833981729,0.18610640451643348,0.2571499919824573,0.2752518046821998,0.3457174202588144,0.35496210992020777,0.37354862656577376,0.36541783232731434,0.2901464747782002,-0.16018307814219662
2023-09-20,0.4440071100053259,0.1691775442177352,0.17714265404456764,0.24904661777543913,0.26768866480249026,0.338371548912078,0.34765436758895535,0.3678577223501473,0.35828422894029227,0.2835103308354473,-0.1604967791698789
2023-09-21,0.43625156669401377,0.16312034729031968,0.17148359199350402,0.24339111776004807,0.2609605265122454,0.33125108905110817,0.3410892655578019,0.36035989427812604,0.35000914574404224,0.27429189908963675,-0.16195966760437733
2023-09-22,0.45354629928189166,0.18048970795889158,0.19096248163659513,0.26461708993565014,0.2810757008324959,0.3511552916397126,0.3617452382727486,0.3792827175639022,0.3697710445065003,0.2926552603563245,-0.16089103892556747
2023-09-25,0.44931297624534433,0.17785743310928442,0.18740288539095093,0.26056804272072553,0.27559137144677326,0.34486013928040576,0.35573800242583997,0.37576711493814036,0.36667812125375393,0.28977888915975075,-0.15953408708559388
2023-09-26,0.44558023647688205,0.17151034796759465,0.1789391987028316,0.2545838650128857,0.27189586835704804,0.3397809594987381,0.35231785596738463,0.373849105322236,0.365757254877974,0.28773258719838285,-0.15784764927849954
2023-09-27,0.4502403711666134,0.1753811756587551,0.18125246479449397,0.25637133591467487,0.2757316136589879,0.3424269500520626,0.35644092773746155,0.38008338210579057,0.37064987044244574,0.29581151626744023,-0.15442885489917355
2023-09-28,0.4585442112137654,0.18427686605384214,0.19204108846958526,0.2670689548551129,0.28872859119059546,0.3544731946157297,0.36669707723020606,0.3887523710726913,0.3795323969921987,0.3019220907159435,-0.1566221204978222
2023-10-09,0.45260060449414713,0.18104195769554138,0.18832349339470195,0.26172734074376747,0.28515876481970265,0.35002493740161084,0.3609023050268754,0.3821290700435056,0.37375424597471085,0.2951855956763802,-0.15741500881776727
2023-10-10,0.4485548311652646,0.17805634624095912,0.1846149623426804,0.2616767115841287,0.2843037251890317,0.3481280186151805,0.3599108099830119,0.3793723038717322,0.36913323716926616,0.28705631225973255,-0.16149851890553243
2023-10-11,0.4482098885350718,0.17885587668850403,0.1856200014251995,0.26195894716653995,0.2865776384558995,0.35099733115175674,0.3639327711504222,0.3842432093623333,0.37459541713002886,0.2942843095483765,-0.15392557898669568
2023-10-12,0.4536940636576567,0.18469215302546538,0.19119542438512072,0.2684703435682403,0.2941104099312543,0.356404377735255,0.37006826638859536,0.3898676737681952,0.3784710587003301,0.2987563356395522,-0.15493772801810482
2023-10-13,0.4419865127424733,0.17513992031548956,0.184274782671208,0.26466081440290296,0.2890418046111669,0.3501580697983045,0.3645431664857934,0.3830733914347959,0.37160425573130884,0.29141652367504217,-0.15056998906743144
2023-10-16,0.43599296793185394,0.16925334660179336,0.17874170716518673,0.25927200052180704,0.28260456679836155,0.3451235759912131,0.3567055144510383,0.37605845678095096,0.36244559763362,0.2818235002412074,-0.15416946769064682
2023-10-17,0.4357882552723694,0.16875499784064624,0.17627404687238574,0.2547424469247577,0.27975634620480844,0.3457736588870827,0.35436837441097485,0.3747201672721078,0.3611357016414512,0.2826035059284658,-0.15318474934390386
2023-10-18,0.4178356000973509,0.1503571662124769,0.1588098870632868,0.23817803896588188,0.2629512090754653,0.3275629102131706,0.3356837128006163,0.3560629663052143,0.3431343290990917,0.2630130252985668,-0.1548225747987843
2023-10-19,0.4124236890880674,0.14227193426543033,0.14701360242650888,0.226911875753253,0.2544297846473709,0.31868631171372686,0.32513069408638057,0.3474917802673485,0.335129670591973,0.25531207891616764,-0.15711161017189998
2023-10-20,0.40594149840943944,0.13449385481160372,0.13867875538558794,0.21924380865374601,0.24628793033353788,0.30919478082964846,0.3151561429669451,0.3369832556612027,0.32249829811616076,0.2428892301276443,-0.1630522682817953
2023-10-23,0.381119274088937,0.11142546620561943,0.1153502043347985,0.19647299226883255,0.22193776888519084,0.2839543569152643,0.29182031054888957,0.31192929369389705,0.29791220026856086,0.2170826056936183,-0.16403666839531886
2023-10-24,0.4070628743182838,0.1362562219596893,0.13983409962943838,0.22107716038993158,0.24741697583175884,0.31038288669798736,0.3178556379188387,0.3349907499256691,0.3216130843059992,0.2403554337788175,-0.1667074405394665
2023-10-25,0.42171086189172985,0.1509050054146902,0.15381973116922132,0.2358231240236643,0.2619560742708242,0.32467174198709253,0.3318702023061281,0.34813966618416553,0.33205713360678046,0.2504604135064017,-0.17125044838532832
2023-10-26,0.42352094673823465,0.15351658041286212,0.15562524692013216,0.2389806632306243,0.2654065356984961,0.32958816611877517,0.33500922354576884,0.3515522764555912,0.3348924210836528,0.25249994649335683,-0.17102100024487799
2023-10-27,0.4369057856499239,0.16703609482995466,0.16843848885913665,0.2538231707010146,0.2799085962418676,0.3427161249453293,0.349973499495143,0.36862833054690664,0.34962151525849816,0.27208637195102714,-0.16481941369889694
2023-10-30,0.44953971973795054,0.1806388185011904,0.18078443942816574,0.2645440135226383,0.2939825966439894,0.35647158791373124,0.36481048094662777,0.38271232733820626,0.359997096480563,0.2850574403742106,-0.16448227936374016
2023-10-31,0.44272142654669383,0.17390628702483749,0.1749283167952376,0.2591412168862557,0.29117670315322425,0.3533107934897462,0.3623735169328792,0.3815055259679815,0.357717334063162,0.28218796418314496,-0.1605334623635491
2023-11-01,0.44560570966260543,0.17397286700664133,0.17883318219554223,0.26086397545713147,0.29265634558551656,0.35686835924989435,0.36358099258677984,0.3827068075064262,0.35961991927903025,0.2845153369364868,-0.1610903727261189
2023-11-02,0.43329443750180624,0.16189975436354465,0.16813471712317501,0.2520269371228372,0.28212830180402426,0.3456606740153753,0.3528689986120159,0.37275332158167673,0.34972341102125887,0.2752584968565738,-0.1580359406452327
2023-11-03,0.4523293100207649,0.17901930350290302,0.1811822014013045,0.2634672842651297,0.2948279283475209,0.358101568325691,0.3647318818167006,0.3837772391530396,0.35970743466879046,0.2856396584191598,-0.1666896516016053
2023-11-06,0.47475596499315237,0.2015662796182572,0.20238416090330955,0.28359431531049184,0.31565440427701824,0.37611439492346105,0.3833042518332711,0.40323670801910916,0.37967674925606465,0.3063765403546727,-0.16837942463847982
2023-11-07,0.48007232403921973,0.20739096564982762,0.20816387373606804,0.28882348541529107,0.320235221580505,0.3816137178674856,0.38736319985722806,0.4078817076934128,0.3841022420860095,0.3091481237282954,-0.17092420031092448
2023-11-08,0.4812470880995921,0.20861095256856815,0.21165331638402574,0.2893026759873485,0.3227937476781071,0.38233611867230527,0.38948885041956055,0.41084225471798436,0.38679960954810316,0.31041619217848887,-0.1708308959211034
2023-11-09,0.47701030911383496,0.20156042504974864,0.20410114294756726,0.28368323355224156,0.31647956037443914,0.37802004758297103,0.3845127660612855,0.4042118195276461,0.3800325844400675,0.3047715592143429,-0.17223874989949223
2023-11-10,0.4739364350981102,0.19964156112979245,0.20239761986628457,0.28181166877936437,0.3139354428806731,0.37815318096635503,0.3837870522884813,0.40406844524167773,0.3793402432672923,0.3022442301189352,-0.17169220497917514
2023-11-13,0.4877132859338214,0.2113413134189917,0.2139007922138895,0.29171707482476167,0.32438299154727224,0.387864538569453,0.39278043618698993,0.41464680517229224,0.3888670057772583,0.31009380357901906,-0.1776194823548025
2023-11-14,0.493481678300048,0.2178279020484382,0.22038740371409873,0.29806779356997765,0.32934049641081936,0.39358914151678503,0.3966412444224757,0.41981356943569154,0.3929572647707782,0.3136212025758538,-0.17986047572419436
2023-11-15,0.5017526814427324,0.22315569671599952,0.22555809048043626,0.30379533695956007,0.33786899944109183,0.3986832032617612,0.4025815185483908,0.4261348226940867,0.39786331982928896,0.31827988452590955,-0.18347279691682303
2023-11-16,0.4919884273115366,0.2148428788629695,0.21706085235755515,0.29694276564035477,0.3299113627909485,0.391834788792244,0.39648047423200505,0.41957178171621734,0.39171544706305916,0.31071739752400906,-0.18127102978752763
2023-11-17,0.4998757465072454,0.2249367265320439,0.22445088922852555,0.306303168268108,0.338478885627688,0.4001170807990224,0.4027054664522182,0.4258904608444356,0.39773191254115103,0.31820154107903703,-0.18167420542820853
2023-11-20,0.5104262932315087,0.23699518649077292,0.2347820170702816,0.3158085539698947,0.34765770489739917,0.40762022380888296,0.4109174076259243,0.43531191182970636,0.40672951485894493,0.32801569366532324,-0.18241059956618558
2023-11-21,0.5035607251111904,0.2293406692881961,0.2269388487167238,0.3091671919703642,0.3409648757826484,0.40183696169116495,0.40419882626791664,0.4318444886505434,0.40421647567934815,0.3264050201824934,-0.17715570492869717
2023-11-22,0.49210743663991896,0.217884837587521,0.21466560463587353,0.2986548420290134,0.3296169659621316,0.39069673077946265,0.39479762528537654,0.4216969511593801,0.3956847891007614,0.31931877371653616,-0.17278866292338296
2023-11-23,0.5026918254792422,0.2276220010121972,0.223169321120978,0.31021818026964443,0.34101175614678875,0.40039609859140823,0.40599350092641684,0.4305327292117193,0.40608909680776095,0.3269806559739453,-0.175711169505297
2023-11-24,0.48941456322519833,0.2147813915868872,0.209499672978359,0.293881487538616,0.3271813292549407,0.38689096155492003,0.3953351602574312,0.41976258795142507,0.3970818726621343,0.31808210374869733,-0.1713324594765011
2023-11-27,0.4900541518203668,0.21465803012973303,0.21070466471633667,0.2953664995589807,0.3296331473957617,0.3884649714583717,0.39539353242043057,0.4204851457547772,0.39425134862142,0.3151162051593834,-0.17493794666098358
2023-11-28,0.4988366449177519,0.2231248681856388,0.22070036347101668,0.3029647033419587,0.33890893403686223,0.3975936499817507,0.4047455440489854,0.42629441498266263,0.4012080076893606,0.3204670059587688,-0.17836963895898328
2023-11-29,0.493661729608124,0.2176762184780088,0.21565735778068584,0.2976007500695889,0.3339445952919994,0.3917913187030735,0.399517344907797,0.42125091914201335,0.393448057280856,0.31237350214926907,-0.18128822745885512
2023-11-30,0.488488140865508,0.21189858263828235,0.2086269252724799,0.2905803132728152,0.3279427512895303,0.3859673682560193,0.392676358295616,0.41641400672275974,0.3899411308837064,0.3115040412610721,-0.1769840996044361
2023-12-01,0.494589269462249,0.2173443466758809,0.21405713123757808,0.29922816565521687,0.3346988226082161,0.39098054799353554,0.3987416293483726,0.42147494891715337,0.3954619159242223,0.31562282907007655,-0.17896644039217266
2023-12-04,0.4929089200749642,0.21562887039731551,0.21373106789565108,0.29939254426734196,0.3349295544190494,0.3915835243648528,0.39904675978968085,0.42086462348206777,0.39691028474857915,0.3150962089877961,-0.17781271108716823
2023-12-05,0.47527972229308013,0.1962795335141481,0.19682386649427117,0.28161853646641943,0.3154476037971044,0.3733064795434424,0.38110297836128615,0.40192103642510363,0.37889082609069685,0.2979876625561174,-0.17729205973696288
2023-12-06,0.4805119597565075,0.2001886508007089,0.20355748524097492,0.28677541425905395,0.3210564801104834,0.37818613362547543,0.3848657813500776,0.408223562951556,0.3832557237176133,0.3031488307383142,-0.17736312901819345
2023-12-07,0.47669287339663696,0.19562691937793006,0.2010110543264292,0.2826956642610247,0.3191302052054079,0.37443700717703915,0.38254570881558514,0.4064650412534645,0.380910052595652,0.29949352239659216,-0.177199351000045
2023-12-08,0.4703699741824301,0.18790335995783405,0.19170459583459465,0.27284819009273803,0.30861704889213615,0.3673358915850456,0.3728410436115562,0.3974063909412016,0.3714531719793588,0.28832399874680414,-0.18204597543562612
2023-12-11,0.4827526775810848,0.19865991404942301,0.20237622094972366,0.28482447191819865,0.320428521891649,0.3786754197003062,0.38368525874015236,0.4080724922671103,0.382216098724376,0.29805178585455316,-0.18470089172653184
2023-12-12,0.4873368930676241,0.20351232672647906,0.20692355367637888,0.2894516633170942,0.32534870020296675,0.382908889288419,0.3868654891516525,0.411342078676439,0.3856721390269673,0.30251450269455915,-0.18482239037306517
2023-12-13,0.4814121481569386,0.1988573575848634,0.19867341294668436,0.28227338696305215,0.31915926118233373,0.37851651785941404,0.3803588784170283,0.4056708725646114,0.3785636447366484,0.29528732802378566,-0.18612482013315318
2023-12-14,0.47904366577586055,0.19634553507665817,0.19527204645072127,0.2787251892621803,0.3175049030658784,0.37613780880931613,0.37592363420364994,0.4023005647518179,0.37660442912455033,0.29413235844396185,-0.18491130733189892
2023-12-15,0.4747918948435944,0.19297964435108128,0.18998939042280247,0.27461797737117105,0.3140507814343244,0.3718659392795781,0.371124187666198,0.3986910167063307,0.3716848309159019,0.28938921263721423,-0.1854026822063804
2023-12-18,0.4600564707644093,0.17890599269291446,0.17667819676823873,0.2618404208672626,0.3006602599246646,0.3589371756487026,0.35879179311257364,0.38525391487655275,0.35796053494705105,0.2760071034411695,-0.18404936732324004
2023-12-19,0.4642834953809491,0.18051343973866876,0.17976200288075536,0.2634679436114328,0.30209968255349184,0.3622891567196396,0.361316673155858,0.388100615230573,0.3578603398954939,0.2766598912836447,-0.1876236040973046
2023-12-20,0.4553319966823387,0.17048299045965587,0.169595383621634,0.2516275216620429,0.2931101582886557,0.3509353437610714,0.35171605481693446,0.37824394025061076,0.3456930230199907,0.2666835534196012,-0.18864844326273772
2023-12-21,0.4622625871129362,0.1777249121964187,0.17688930899372024,0.2586614738849613,0.29860257230693227,0.35764624075011797,0.3600323501500588,0.3871526764558891,0.35145717360272893,0.274531388520231,-0.18773119859270543
2023-12-22,0.44816292470149727,0.1649026585699568,0.16310385946498612,0.24366792685423516,0.28223170820189947,0.3417488316540801,0.34673002149785814,0.3747442666426308,0.339036785607599,0.2649425123949379,-0.18322041230655964
2023-12-25,0.4453867378008719,0.16109969850465733,0.15962191747950477,0.24102681000705634,0.2799534488187182,0.3386035760948652,0.34266836912870824,0.37192640751462996,0.33717482064739157,0.26140465346542474,-0.1839820843354474
2023-12-26,0.42997410161297434,0.14700136845892925,0.14390549711313122,0.2253965468306483,0.2683246670717292,0.3242644669295422,0.32923494674258263,0.3597403022847157,0.323326196863079,0.25051422664855794,-0.17945987496441668
2023-12-27,0.4406027036330091,0.15611672792644973,0.15409333491745777,0.23460995791251255,0.2759584743954781,0.33053558605415123,0.3368145584639402,0.36549045453603374,0.32979392225943177,0.25526012454043695,-0.1853425790925724
2023-12-28,0.45994147586320383,0.1764687117276866,0.1725721222852158,0.2535745050429761,0.29352833889740465,0.34962141524888635,0.3565762512063071,0.3858808643439871,0.3502070897303898,0.2765562051122039,-0.18338527075100022
2023-12-29,0.4781243083538036,0.19239330575850092,0.1895906164566597,0.2688204812860895,0.3104143291937683,0.3654268692520492,0.37007203706474034,0.39894619482064947,0.3631552651916759,0.28687244227204006,-0.19125186608176387
2024-01-02,0.47891362342419896,0.19427495605700848,0.19273184824651843,0.2697096602602108,0.3121523462744983,0.36702812493398934,0.372166002568676,0.3991764021035646,0.36279547083235497,0.28754914277621185,-0.19136448064798747
2024-01-03,0.47410633778614086,0.18780169079742823,0.1871470485552474,0.26371102334815244,0.30853018257949355,0.3635146298479823,0.368063734120117,0.39560376894938276,0.3591611237289146,0.2846815314198796,-0.18942480636626158
2024-01-04,0.47347159808562495,0.18342831288049624,0.18525012914462632,0.2597486358864508,0.30545211852006054,0.3609198314839049,0.3637243427450711,0.3901518045306907,0.3537890578980643,0.2799259454694952,-0.19354565261613013
2024-01-05,0.4561292246315087,0.16642587282016674,0.16792179518371678,0.2407590709522505,0.2882668095374136,0.34437960850129856,0.3466226888288363,0.3744823557199763,0.33779759323454234,0.26588611181181054,-0.19024311281969847
2024-01-08,0.437108604041015,0.14569791787537584,0.1485845351512132,0.2218356030977592,0.2694326711771027,0.3265710674857708,0.3283500137846068,0.35459186807763493,0.3174485205308394,0.2451626106593758,-0.19194599338163953
2024-01-09,0.44371767558507696,0.1496525562679647,0.15277342134386696,0.22894876432434277,0.27684552988729233,0.3338205729513701,0.33353737536443245,0.35997869194552007,0.3227437951881224,0.25164044715710093,-0.19207722842797637
2024-01-10,0.4337203201440228,0.1376739620614927,0.14307819228204305,0.21825549490808024,0.2652104883990788,0.3247115415618485,0.3245878862774537,0.35118172927877617,0.31572981250478854,0.2468966518056454,-0.1868236683383777
2024-01-11,0.4514881457229358,0.15496619709247975,0.15900056172370847,0.23519011605364407,0.2809489366551907,0.3418492937717199,0.3407002915444533,0.3688377307657226,0.33360192338211697,0.26321983794277215,-0.18826830778016393
2024-01-12,0.44366063202434514,0.14404447952395713,0.14957186720107915,0.22724781258079024,0.27275537325181626,0.334362856271939,0.3330448712572861,0.36240587459612317,0.32862057604807,0.2592849762127497,-0.1843756558115957
2024-01-15,0.4425569017052771,0.1413557215587181,0.14786244703434687,0.22639994574449984,0.27141474350312716,0.33223045398317697,0.33184125578081275,0.3596217466019174,0.32479973877632834,0.2562001572439103,-0.18635674446136705
2024-01-16,0.43699461266063194,0.13521768077917387,0.14291580846222296,0.22281925325857774,0.26705548572621635,0.32811933795711107,0.3279910484757505,0.35472557117490067,0.321524657688235,0.25339783230058827,-0.18359678036004393
2024-01-17,0.4127212009708855,0.1090510451431618,0.11665927150226732,0.19847680111394697,0.24087442295834577,0.30295517395766386,0.3023017792622285,0.3291227060255982,0.2969016721197285,0.22882106479077696,-0.18390013618010878
2024-01-18,0.40590825568925776,0.1037857311234281,0.11196810019950701,0.19170651574347553,0.23437165452721215,0.296829214228171,0.295915319282926,0.32054231277157863,0.28815820412304416,0.21940311691867367,-0.1865051387705843
2024-01-19,0.3958975242052781,0.09173889230442912,0.09805829347019408,0.17798178382121596,0.22165241909635974,0.28310731832084113,0.2829740520288701,0.3071846317777285,0.2740803906004964,0.2054315249131282,-0.1904659992921501
2024-01-22,0.33629195107410803,0.03394319552164782,0.0407384217189474,0.12391584706125497,0.164064233981405,0.22607480083992976,0.22483263169236084,0.2468696746446531,0.21346745946598683,0.14482381705776695,-0.19146813401634127
2024-01-23,0.33775351085156347,0.03955946761431554,0.047118588667852734,0.12821604801028905,0.16827296798409871,0.22956688566123526,0.2260750149471401,0.2484403765296327,0.21356687935056284,0.14581630116192118,-0.19193720968964248
2024-01-24,0.3544655536887907,0.054192984956351976,0.0622789899537239,0.14299855911200512,0.18230303862685335,0.24496007146693266,0.24023239910181246,0.2626305300354602,0.22765326056839752,0.16054855900638193,-0.19391699468240894
2024-01-25,0.3934564818731935,0.08858424461690802,0.09521620516456912,0.17669900281511497,0.21686576319078793,0.28158747044976296,0.27785079690543835,0.3015193706912778,0.2667843689952074,0.2008873751583065,-0.19256910671488714
2024-01-26,0.38755407405907527,0.08137499592636611,0.08663261515853865,0.17254211828911678,0.21339623374811198,0.27976354696326466,0.27517248167019764,0.29990527537580436,0.2637195425537,0.1961467974769466,-0.19140727658212883
2024-01-29,0.3543800952821861,0.050236821321267305,0.055687955697797935,0.1453841391891817,0.18482652205674277,0.2503337862385994,0.2469240591338521,0.2703442247450003,0.23230983662776672,0.16291220616714513,-0.19146788911504115
2024-01-30,0.3214383800895969,0.020340025385382682,0.025687431375347104,0.11541724900503234,0.15350243186877063,0.21899805677598347,0.21459552547927485,0.2377605087435194,0.19794736488103415,0.13133336447163255,-0.1901050156179645
2024-01-31,0.27153577557365877,-0.024813327471719604,-0.016027541124271745,0.0731764489435841,0.11076942621906069,0.17400725175748608,0.1687112776583372,0.18728659489699273,0.14392684781773007,0.0765108271643925,-0.1950249484092664
2024-02-01,0.26016700436635476,-0.03577582746350281,-0.026606969842664085,0.06221334458142198,0.0995495092692622,0.16193425811436504,0.15466894231682504,0.17083911139141844,0.12638599567003878,0.05823094171413229,-0.2019360626522226
2024-02-02,0.21450696882455025,-0.07546023762160559,-0.06417538763481204,0.025147664546855734,0.06156319682498064,0.12463072255040342,0.11067903351477776,0.12554531072487268,0.07621516942553541,0.004980736728679443,-0.20952623209587096
2024-02-05,0.1308223594016611,-0.14514736601845413,-0.13559415862970625,-0.04147155837843287,-0.009427121722196494,0.04592672892906882,0.027322761508204313,0.03498006244987048,-0.023824484382720473,-0.10904409135410831,-0.23986645075576957
2024-02-06,0.18353604478478477,-0.09420481070338615,-0.08283308688030483,0.012316977137162184,0.04559712262395767,0.10503353261184327,0.07817211138524277,0.08270347556601572,0.011293612173477602,-0.10590133699192184,-0.28943738177670675
2024-02-07,0.15340606025605963,-0.09879190299740558,-0.08153262526213281,0.018608032667626548,0.04843307175029457,0.10931683197966503,0.07575669895863825,0.06253155693625795,-0.024793684716160433,-0.16991261131328886,-0.3233186715693486
2024-02-08,0.2189279076810774,-0.05897450108488769,-0.03779137444030719,0.06874968707036216,0.11172434580756324,0.1820371521279061,0.15821893521900948,0.15292951693103812,0.07785209106127576,-0.06263392783502006,-0.2815618355160976
2024-02-19,0.24035998054191926,-0.04465037377533814,-0.020434431342587975,0.09069729724851502,0.13576502890193232,0.2113385291856124,0.19106941285561702,0.1947766115785673,0.12524337481132058,-0.004400385501494505,-0.2447603660434139
2024-02-20,0.24880905242757953,-0.03833840190456225,-0.01641821981812909,0.09619172869770518,0.14520640744640406,0.2221847372352354,0.20171299764204406,0.20857260721769622,0.140877422949157,0.016691890181420435,-0.23211716224615922
2024-02-21,0.2566860558327667,-0.03157279066152079,-0.0062371028243094866,0.10508365028346457,0.15658917324630342,0.23800021117699233,0.21947734713150216,0.2293441656913756,0.16729106983545844,0.05426541616175584,-0.20242063967101098
2024-02-22,0.2714682251189318,-0.017043688212451363,0.010668749569911502,0.12664158591309227,0.17925758206029668,0.2609353293327271,0.24443583040883318,0.25618367929305425,0.1962599605176783,0.0886438350546288,-0.1828243900643031
2024-02-23,0.2887744677194981,-0.0015677858879452715,0.030264963986343763,0.14701060498552948,0.20458364688061242,0.2886629669849836,0.2742762179520829,0.28881508388235444,0.23196196450123407,0.130439456881919,-0.1583350108375792
2024-02-26,0.2937595436082005,0.004411696564862842,0.03779414633754692,0.15554615817451706,0.21784922364490483,0.30377354123351336,0.2930272202446354,0.30917760501231284,0.25445430136597497,0.15610306805050023,-0.13765647555770036
2024-02-27,0.3153092451305972,0.029855904635633437,0.06270206491249404,0.18608372036570642,0.2436941583911231,0.33235719867048774,0.3217437713221895,0.3380979769132183,0.28421195327737625,0.18536829466106908,-0.12994095046952825
2024-02-28,0.25734838308799846,-0.030153067716677265,0.002709722684445491,0.12483766668271132,0.18242341708623566,0.27230231835864205,0.26149809507284677,0.2710598593649148,0.21728522717248291,0.12505813549472553,-0.13229024759327304
2024-02-29,0.29701054399822086,0.007642836461580538,0.04287957786846374,0.1683301443433761,0.22219765946930237,0.3103746433177783,0.2983045367442233,0.3105483532298911,0.25328201360809605,0.15747753930088543,-0.13953300469733554
2024-03-01,0.30628986113110884,0.022502642020476853,0.05533933169629775,0.1820398986020493,0.23584133924336198,0.321641285622955,0.30905210004361083,0.3214717448342298,0.261459449062151,0.1647317982346083,-0.14155806289650066
2024-03-04,0.3104515864476009,0.028916663524358285,0.05996435584967542,0.18409107004532554,0.2392378656741389,0.3227040758689375,0.3101310337247847,0.32249443778650555,0.2596661505607847,0.1643992577897896,-0.14605232865781143
2024-03-05,0.2965263222916891,0.01336507006296558,0.045702947767933905,0.17096506648803256,0.2223148659857742,0.3087245332691074,0.2942776110790728,0.3030867467527365,0.2408290090419168,0.14653481690416462,-0.1499915053875246
2024-03-06,0.30502449847046653,0.020719406622731286,0.05449577359133688,0.17928960731340515,0.23097785463083984,0.31859690166588656,0.3054494380423157,0.3132718913614882,0.25259964312709643,0.15810268807081823,-0.14692181039964838
2024-03-07,0.2902647309160379,0.005204810726520067,0.0413387528003485,0.16474915363686515,0.22072997474406852,0.3122249175946789,0.3024686929164125,0.31012299727418724,0.2537536226900371,0.15480007015625669,-0.1354646607597813
2024-03-08,0.3051938018263859,0.02066623126044835,0.05535027823976691,0.17695285657133378,0.2327294512935208,0.32068975918969767,0.31069652606458026,0.3178503161556406,0.26051655228464393,0.16236598690932488,-0.14282781491706112
2024-03-11,0.32100425628018797,0.03835190183886547,0.07612227518041584,0.19680422439585094,0.25357040556349225,0.3417690259619625,0.33085019491760315,0.3382255675419938,0.2803216265598957,0.1788564660829284,-0.1421477901972597
2024-03-12,0.3313763543489708,0.049748336075333854,0.08943621050694482,0.2108014062533434,0.2680453007958071,0.35743028750113076,0.34677023528737144,0.3526780304594033,0.28607019249395993,0.18502656046504834,-0.1463497938839226
2024-03-13,0.33334837105532283,0.053487822869107644,0.09205610242919778,0.21411271848160335,0.2713390049667758,0.3602183566240442,0.3479602600368232,0.3532693517919406,0.28577717808446046,0.18198855318284107,-0.15135981787248193
2024-03-14,0.32575970004563526,0.046523271394290314,0.08350357384399884,0.21060088603546853,0.2650875192545726,0.3529585688099328,0.3429373938299025,0.3468760159599849,0.28267750192201363,0.1799637500454783,-0.14579595000015713
2024-03-15,0.33833813776775334,0.05942822123163638,0.100234542797333,0.22573943253369877,0.2795250346825706,0.3663375217759618,0.3565131976866532,0.35894446805329966,0.29684394285971555,0.19314696847840807,-0.14519116928934545
2024-03-18,0.36084093021942243,0.07983620753196892,0.12283871654108788,0.2494789835415928,0.3001483899198048,0.3873812998372516,0.3777982115454512,0.3759394697478242,0.31235903643033863,0.20971333138460801,-0.15112759883481455
2024-03-19,0.36096578661349504,0.07890878742118375,0.12253042700873343,0.247469447450427,0.2950970184685202,0.3834187998660675,0.37387706405996934,0.37174223126282485,0.30682415988085465,0.20548512475639916,-0.15548066185709603
2024-03-20,0.3748495089460863,0.09127401951061775,0.13381333408280033,0.2600168330025999,0.3073604934480227,0.39558054956852184,0.38547855266137465,0.3816713006285546,0.3170643841892498,0.21120235825288677,-0.16364715069319968
2024-03-21,0.37415901743002644,0.0921378585066252,0.13523416804698804,0.2627931901399895,0.3084527266446154,0.3960912771319434,0.3874548860621659,0.38250094044917643,0.31610448368571137,0.21121644623173996,-0.16294257119828662
2024-03-22,0.35785153785523405,0.07538970140238861,0.12042233058657406,0.24856662073904606,0.2966017403795293,0.3830260826362052,0.37389432557800756,0.36902167879575354,0.3000691127219769,0.1955960270581264,-0.16225551079710776
2024-03-25,0.33163990770161217,0.05019641389165475,0.09434744465937803,0.22402007687819783,0.26954847669275944,0.35699069878632045,0.3487451023599939,0.34504893538570003,0.27739083126911757,0.17592734550535258,-0.1557125621962597
2024-03-26,0.3284226000237449,0.04920326944053136,0.09509193562201547,0.22368486943851756,0.26807977732078436,0.3565834831292951,0.348445911618855,0.3441510783378556,0.2815310254649739,0.18092237992510454,-0.14750022009864047
2024-03-27,0.2971208739551563,0.01838687996280848,0.06235059992903294,0.18940502725957387,0.23502177034748406,0.32274292016529044,0.3151290997369641,0.3116561578575038,0.2514348720878249,0.14991026435524496,-0.14721060959991145
2024-03-28,0.3155567390571515,0.042167482319445136,0.08826415242230701,0.2136700565507598,0.2606674341733788,0.3478910132470545,0.3392322523632373,0.3357532312662959,0.2719202432170957,0.1708814065420767,-0.14467533251507492
2024-03-29,0.3284937790967123,0.05428771306971841,0.10037693360805683,0.22705606728159683,0.2726248639743446,0.35999414049038114,0.35229045451976504,0.34994867148618425,0.2850966424108955,0.18009515867814882,-0.1483986204185636
2024-04-01,0.3518451790064034,0.07454193184206635,0.1227879765256974,0.24919793464330536,0.2949003698845652,0.38481044528038455,0.37456631243480476,0.3736372575240971,0.30778069051894963,0.20257465181572026,-0.14927052719068326
2024-04-02,0.3455147773210429,0.06928066507727022,0.11807550771087763,0.24514382415292457,0.2914475420706668,0.3824345189249924,0.3718378610371768,0.37685083257029006,0.30961521338031966,0.20586554873911322,-0.1396492285819298
2024-04-03,0.3397682077970193,0.06042184440708529,0.10753634288178812,0.2373313216606202,0.2816907395512365,0.37310927496115404,0.3622842180855663,0.3699205216978216,0.3028312283878389,0.19919438882512502,-0.14057381897189436
2024-04-08,0.31837091756684327,0.038479214340395196,0.08275642380002307,0.21221016558531877,0.25585878855345534,0.3474440800313334,0.33875030824431934,0.3453827318210464,0.27939999936374976,0.17326732307450482,-0.14510359449233853
2024-04-09,0.33131471822837216,0.05097095215384824,0.09880003701941159,0.22884852848716003,0.27219205363509946,0.36348777500094714,0.35592617749429195,0.3607397400568948,0.2947742825623687,0.18609321441942453,-0.1452215038089477
2024-04-10,0.31263003890407265,0.030435467714628198,0.07613397546879679,0.20831909561095335,0.25034895242738703,0.339913867889002,0.3349802883838911,0.33915201010356677,0.27378586174646,0.1664908629586175,-0.14613917594545517
2024-04-11,0.3166870640163189,0.03326268193897386,0.07897188734027262,0.20840704350776693,0.25076341718178036,0.34434725021581736,0.3373813852316787,0.3406859769622313,0.27546135884015166,0.16882936592451506,-0.14785769809180388
2024-04-12,0.308034863269095,0.02471777499906972,0.072322105051623,0.20001818188443363,0.24219919018378283,0.3382025877949252,0.3311321348728202,0.3332329531591641,0.26787932450784296,0.16093720812717505,-0.14709765514192
2024-04-15,0.29599476735825603,0.0032928223159928195,0.0439873928191494,0.16366206729884356,0.20708633456600023,0.29995766399634727,0.2940849669637581,0.2912821673686131,0.2267937023057621,0.12150197634247797,-0.17449279101577805
2024-04-16,0.24251201991938673,-0.05934482084604649,-0.020819943709265737,0.09840499488346977,0.13793261571389223,0.23843423473461103,0.2294422498314019,0.2280978528170126,0.16107817734458318,0.06285396808673555,-0.17965805183265118
2024-04-17,0.3040572442463674,0.005675652529675071,0.04278650612749692,0.16259891906091944,0.20435470127552308,0.29913418322983865,0.2898957509696681,0.2882164722868238,0.2159711328856327,0.1129905371618813,-0.19106670708448606
2024-04-18,0.30371800991935877,0.004951328160746872,0.04235127505743188,0.1597968531189503,0.20335278952143807,0.29661569886908035,0.2877150737045414,0.2843451143516002,0.21162846654651407,0.10730882616722268,-0.1964091837521361
2024-04-19,0.2972023636837439,0.0003401103683190153,0.03553477092363559,0.15398160152308676,0.19727327271135175,0.2916798299181825,0.2805069132594107,0.2812159729195121,0.20538261519702813,0.10120292129661869,-0.19599944238712522
2024-04-22,0.29390448068693875,-0.004592616182711458,0.028093486121705754,0.14457487288567433,0.186429441833642,0.28430963040266233,0.27368904520826665,0.2734579343934229,0.20343581117699286,0.09920340270234031,-0.19470107798459843
2024-04-23,0.2934482054406143,-0.00672164303077138,0.03027299929587319,0.1485529026015029,0.19118005722242562,0.29301135211013707,0.28350927312480334,0.2849297200573163,0.21752123651345506,0.11522115258156754,-0.17822705285904675
2024-04-24,0.3046627635060585,0.008124474308474445,0.0485861914055841,0.16847776651263976,0.20940499836215004,0.31219686323728424,0.30628445748520744,0.3073142928370468,0.24130490147327655,0.1370481750721368,-0.16761458843392169
2024-04-25,0.30843464923275415,0.013423947694295725,0.05357700385701177,0.17450271076880983,0.2132472809969528,0.3171086582542456,0.31111387502427107,0.3112663527904905,0.24352389305832925,0.1383940085829052,-0.17004064064984895
2024-04-26,0.3242782745826471,0.02802199036297607,0.06888369276163875,0.18742643272189088,0.2257705123844915,0.3320477833488933,0.32594725135593305,0.3283381683165409,0.258840547143426,0.15373614985581238,-0.1705421247268347
2024-04-29,0.34925793769048946,0.05450544021787146,0.09791504689127772,0.21508079182661188,0.2546488764742579,0.3621584465411991,0.3551727437018749,0.3576710828258221,0.28742599530763957,0.18241258450020087,-0.1668453531902886
2024-04-30,0.34403294522567535,0.04764954178947588,0.09027605632118543,0.2069419134896178,0.2506010434554282,0.3578091926105251,0.3468060594972634,0.35262565994000233,0.2795518008358309,0.17420619469345824,-0.1698267505322171
2024-05-06,0.3671238117449843,0.07267902908831322,0.11080874549370683,0.23131411398601662,0.2756573844966081,0.3816908404912413,0.37102167496266325,0.37346860906321816,0.30058179798347606,0.19414172815130087,-0.17298208359368342
2024-05-07,0.37109975934012585,0.07971275363559592,0.11809984990681277,0.2381121434456128,0.2819996928406042,0.39133448610516103,0.3793577772732347,0.381262044269861,0.3066992205193317,0.20172603568786654,-0.1693737236522593
2024-05-08,0.36006526944079315,0.07054040302499633,0.10487751221851378,0.22554469658658743,0.27068919610837505,0.37726460171900555,0.36502556443341777,0.3667607001633272,0.2916244258319479,0.18394819722764322,-0.17611707221314996
2024-05-09,0.37529158360281867,0.08555785322904763,0.11968640771874325,0.2399959402916812,0.2851078502180554,0.392633056227432,0.3790018560261566,0.3793616400059186,0.3047033640475294,0.1978246835361487,-0.17746690006667
2024-05-10,0.3649239456201644,0.07616161386009218,0.10872060932860018,0.22909478151880613,0.27543841432601074,0.3802785264261751,0.36835578074092273,0.36880182100065584,0.29694706618020766,0.19080364643576525,-0.1741202991843992
2024-05-13,0.3519375883276643,0.060824266194903304,0.09353637453991348,0.213388511016729,0.25746128435338894,0.36498123267020854,0.3498547186287496,0.3485383368771985,0.2792084328646763,0.17633327730812287,-0.17560431101954146
2024-05-14,0.35684609869426354,0.0676348154344535,0.10195323645687396,0.22016821414313953,0.26603048173904487,0.3732586416309842,0.3600727939046094,0.3587398730163088,0.29034972821951405,0.18576835210992787,-0.1710777465843357
2024-05-15,0.34769734515561423,0.05834551132521376,0.09400167469420798,0.21171683818501263,0.257824063457588,0.36576861999554944,0.35329746885623703,0.35309090135307813,0.2854372165071801,0.17843353035170703,-0.16926381480390723
2024-05-16,0.3491021471353837,0.061343219380259446,0.0975955650438965,0.21739591849595163,0.2619455204155126,0.3704162985036921,0.3580592489017832,0.36007216742507403,0.2936451763138603,0.18611880287279647,-0.16298334426258726
2024-05-17,0.35908505750553776,0.0740354587019319,0.1107481693603539,0.23215411483476156,0.27595088216581376,0.38481327674300625,0.373875514206292,0.3735591174398054,0.306273328793683,0.19888652913385174,-0.16019852837168605
2024-05-20,0.36663360792849337,0.07899385401268655,0.1161598250579993,0.23755306947660362,0.28010903057372766,0.388269152954226,0.3772439454971827,0.37432411931677534,0.307833570899507,0.1989575792638256,-0.16767602866466777
2024-05-21,0.3573092234502902,0.06921131544135563,0.10573076756426786,0.2272867245414766,0.27220280174453776,0.3750380954123225,0.3664540980816727,0.36491119298610347,0.2969858318408815,0.19045901746609786,-0.16685020598419237
2024-05-22,0.3611957224163346,0.07271405072275809,0.10861076058065026,0.2321937020309891,0.2788335510726828,0.37911070385707274,0.3721041358310271,0.37325106523865526,0.3027374144436165,0.19576402750743244,-0.1654316949089022
2024-05-23,0.3417196223153008,0.050236103509428184,0.0888045676663184,0.21131751562375484,0.2575624348863196,0.35583611099708073,0.350150907936327,0.35101223306220714,0.2799004287727029,0.17409822137775674,-0.1676214009375441
2024-05-24,0.33077004092839996,0.039892247113655424,0.07815482742777477,0.19994796255941447,0.2480368035195429,0.34507959666255983,0.3395343338485349,0.3395760153284507,0.2718151530436125,0.1647812873119852,-0.16598875361641485
2024-05-27,0.34165572712977726,0.04832145395273462,0.0864120202748625,0.2072660663186092,0.2542793208998554,0.3508981533612466,0.3453184571197641,0.3462280771735379,0.2784429909031101,0.16855574687827735,-0.17309998025150003
2024-05-28,0.3317327974120679,0.038859090724526694,0.07578726223301684,0.1970411008910753,0.24552769717527317,0.33809530586362446,0.33575149465389187,0.3371131216933327,0.2680581520107622,0.15770826923417028,-0.17402452817789774
2024-05-29,0.33426722326773817,0.03885028470622331,0.0777503089964866,0.20022118001720746,0.2489399873058302,0.3414979256720096,0.33985646581050755,0.3419455845303634,0.27175118622488253,0.16161088616973202,-0.17265633709800626
2024-05-30,0.3318423644059834,0.034954812571360155,0.07021442128627167,0.1946509589301105,0.24290766006027878,0.3353790808857764,0.3330722026017916,0.3356924980147102,0.2659809078854175,0.15454324083853455,-0.177299123567449
2024-05-31,0.34047903816878766,0.046756837378976554,0.07760372335655018,0.20215892602423877,0.24912315269039828,0.34423010450145336,0.338217443855539,0.3416606213956954,0.27342140702860857,0.15887852302856215,-0.18160051514022563
2024-06-03,0.3274952126322454,0.03189970610512031,0.06070487704667269,0.1832996473465888,0.23203811706489358,0.3258956345357398,0.31856807415532024,0.3224692551580747,0.2519782762255201,0.13741988390228982,-0.1900753287299557
2024-06-04,0.3243842621919268,0.02682195226350522,0.055736488591012386,0.17737365799111732,0.22545896670074328,0.31641465735505586,0.3106731202987458,0.3134662031266397,0.2423902623220887,0.12730023974627447,-0.19708402244565246
2024-06-05,0.3081986606359334,0.008936116460190942,0.03648687306766966,0.15966223711376903,0.20735259566012607,0.2960754107569332,0.2916697270784273,0.29312469282868464,0.22156578586238923,0.10739035185811943,-0.20080830877781405
2024-06-06,0.2755428113158235,-0.025801018567505253,0.002457568277992976,0.1256350770942457,0.17120078689510648,0.2612517771265247,0.2559358535467855,0.25587026012478814,0.18191179690564038,0.0721424935528837,-0.20340031776293988
2024-06-07,0.2898755502943864,-0.004379097349996988,0.022085949315590884,0.14713971958747352,0.19034924154562627,0.2788329229208454,0.27377667270897027,0.2734017411537155,0.20188393922819264,0.08804828592919997,-0.2018272643651865
2024-06-11,0.29890621623419616,0.00341172515746599,0.03313975085993828,0.15543170879306692,0.19700970654894373,0.28471171002882045,0.27819071531649325,0.277899656707423,0.20517810151653804,0.09018984977935346,-0.20871636645484276
2024-06-12,0.3094198200089149,0.016890745108095215,0.04621945009551736,0.16909901854056691,0.2112943502212426,0.29727309013654,0.29229362315627083,0.2910666370075533,0.2182651055438207,0.10252351796530637,-0.20689630204360854
2024-06-13,0.30641803566183023,0.013217958217427737,0.04345289853597799,0.16862261094786532,0.21140887565361258,0.2928196261963026,0.2897555584238442,0.2861040468844273,0.2141245865137061,0.0972170337274631,-0.20920100193436714
2024-06-14,0.30925157822996724,0.015589658510023013,0.0421161879542606,0.1679351170378404,0.2123430531806996,0.2937354500084205,0.29014487719182613,0.2879010237903887,0.21458763607192355,0.09625640299440091,-0.2129951752355663
2024-06-17,0.3060341658567526,0.012424748529122008,0.03872072046127766,0.16433534966119698,0.20799896791099032,0.28957655927848924,0.28274971340863325,0.28331590091118386,0.2063990206817152,0.09016657003100136,-0.21586759582575119
2024-06-18,0.32033013046332603,0.025708167306654504,0.05172343046456845,0.17784221269219314,0.2215665981997567,0.3023866254791448,0.295890411103314,0.2947014607629889,0.2202775392338236,0.10202184136262868,-0.2183082891006973
2024-06-19,0.3135460173156777,0.0203546941920718,0.04455199536482729,0.17140869870115627,0.21621315604124686,0.2949073476937256,0.288556381656013,0.28914480278670596,0.21518109930694018,0.09570329149734845,-0.21784272581832922
2024-06-20,0.29484569043284586,-0.0007234633547164304,0.023389949190557917,0.15247819975119203,0.19542010621655548,0.276231670416309,0.26938960708324144,0.2722176294311777,0.19523521965609342,0.07860355618567699,-0.2162421342471688
2024-06-21,0.2952416801805772,0.00046458725372726037,0.020612335562874826,0.15039377377241372,0.19370278521169743,0.2747519088226263,0.26598586156766707,0.2683771374582364,0.19227852131526696,0.07867380124300856,-0.21656787893756857
2024-06-24,0.2571700056078132,-0.036163383736525,-0.016399312333322508,0.11325606501484854,0.15700648624640817,0.24064943277300072,0.22874107745113093,0.23145795770881505,0.1554513153373697,0.041554196580331326,-0.21561580902748184
2024-06-25,0.25396801723908363,-0.03625779990503991,-0.019284944294440793,0.11330943940072069,0.15788076239506685,0.23911506850757294,0.22853310839307522,0.23449135602562998,0.15855431709400766,0.045680768722465695,-0.20828724851661787
2024-06-26,0.28359358051209843,-0.0062692854635549335,0.011514879237677127,0.1447366011390132,0.18924439133811966,0.26834877792562384,0.257706382225004,0.2603415210446946,0.18572258408823847,0.07179641706431691,-0.21179716344778146
2024-06-27,0.26395225712591025,-0.02570204466292146,-0.00849539292248782,0.12549638227803367,0.17149336390719291,0.24973901336791413,0.2371652692221052,0.2420217497083939,0.16865446101823872,0.05398690171722947,-0.20996535540868072
2024-06-28,0.2701186326188357,-0.02149094919965693,-0.002932907718151131,0.13160115141051634,0.17702362765788335,0.2568581161914993,0.2404790574168291,0.24661939767005914,0.17276041895599736,0.057386181156137916,-0.2127324514626977
2024-07-01,0.27924215937988595,-0.011269989071872596,0.003183016108874467,0.1390616719316734,0.18364976540333353,0.265085527608277,0.2472866370362701,0.2549115502268825,0.18228905477815371,0.06802160577679844,-0.21122055360308747
2024-07-02,0.2721870400474922,-0.01494263822770782,0.0007635792490792354,0.13790268679563888,0.18586154911832295,0.2681607262697282,0.24923258236964163,0.2590564429026233,0.18480656676564158,0.0658874756622053,-0.20629956438528688
2024-07-03,0.2619648094133725,-0.024947119413970664,-0.008815999755854917,0.12858056054182257,0.17577917326259554,0.25907876418041936,0.23927281695719238,0.2507206209264176,0.17920571990594567,0.05377383579162973,-0.20819097362174271
2024-07-04,0.2379278988456956,-0.051195911242637546,-0.035868394024655796,0.10154336290655312,0.14909667262158977,0.23236105970708196,0.21139999193072792,0.22422830120619514,0.15163108285122712,0.027656610854799743,-0.21027128799089578
2024-07-05,0.24810797404271503,-0.04111689522161818,-0.0244395279574991,0.11265548068808855,0.1599202219627641,0.24458360601428628,0.2213365927246345,0.2370369993317597,0.16151098899736072,0.03707871870048356,-0.2110292553422314
2024-07-08,0.2219330253386848,-0.06600397749305625,-0.04998820040154818,0.08590680767117095,0.13245356293268631,0.218325439087075,0.1939505003621532,0.20998789535753165,0.1347684131728713,0.011113449760752903,-0.21081957557793182
2024-07-09,0.2411608884445962,-0.04810518556400632,-0.03162357416250862,0.10440698359339912,0.1521760140014194,0.23897130159074442,0.21119843837982008,0.22654604997021552,0.151341285194789,0.029667612713713605,-0.21149327573088253
2024-07-10,0.2365524468552827,-0.055661649346095396,-0.03857350202561975,0.09681002336560666,0.14483619660892927,0.23050316330556062,0.20327121496033176,0.21949094861987353,0.14486155889368973,0.022169436120234417,-0.21438301073504823
2024-07-11,0.2645865713687749,-0.025618779091875994,-0.007498910062145373,0.1271248996529644,0.17660781283578916,0.2622207219722779,0.23508740871314018,0.2529837452407587,0.178805630367696,0.05098181692955642,-0.21360475443921842
2024-07-12,0.26255375261433905,-0.02730995696797052,-0.009452624795703857,0.12485684147585749,0.17282557579848468,0.2592577552835777,0.23050643501887313,0.24865584904146182,0.17683326678270309,0.045462157214266614,-0.21709159540007236
2024-07-15,0.24897926210163107,-0.04276077475570989,-0.02283772139898403,0.11037617621675215,0.15771478520441326,0.2468160099711248,0.2146235999639138,0.23098822778077097,0.16093761248719912,0.031065475277556882,-0.21791378682407408
2024-07-16,0.2483658262134532,-0.043509102655796265,-0.02347813813148986,0.1113790507477522,0.1576783630766243,0.24718825980586734,0.21816242354287513,0.2344244240988406,0.1633653840938104,0.0312104890587975,-0.21715533715465563
2024-07-17,0.23661119407192654,-0.053041490312817394,-0.03353497082389404,0.1016181178498367,0.1455104702315435,0.23428703979817897,0.20592364703245467,0.22304731648641477,0.15298540730728283,0.01988194514275423,-0.21672924892917222
2024-07-18,0.23993477724430504,-0.05065846546010327,-0.033089963592957426,0.10088155193861365,0.14440218403384875,0.23248856529036444,0.204182178015424,0.221966679902694,0.14919839896959428,0.020598105078110485,-0.21933667216619446
2024-07-19,0.249056585963374,-0.04603425555411144,-0.029069512368661617,0.10550939903835167,0.14980074078583144,0.23536000393476864,0.21072621746177136,0.23022823469134232,0.15831728198013803,0.030759732791388987,-0.21829685317198488
2024-07-22,0.25452733625014207,-0.04256689013422751,-0.02642494497246269,0.10833098955326857,0.15314558090281274,0.24200286926934508,0.21350928145154513,0.2382047378067349,0.16373448593653073,0.036219623409023766,-0.2183077128411182
2024-07-23,0.23534715142164922,-0.06181380501988279,-0.04791800993168582,0.08523100390581781,0.13196261846628968,0.22344368602743897,0.19391928431055624,0.21754853866937615,0.14344794040689676,0.011041844304868799,-0.22430530711678032
2024-07-24,0.21969109635943118,-0.07926394177537616,-0.06173527866398366,0.06959905336393121,0.11631399884684118,0.2088517516182735,0.17773899496975049,0.2023902738291197,0.12874939359226203,-0.0055690862797827916,-0.22526018263921388
2024-07-25,0.22538235642372895,-0.07520964836636441,-0.057371331567393664,0.07429476518370402,0.11847629385532486,0.2133008992716071,0.18404179962189107,0.206455608607307,0.13606116486525657,-0.001072854560933389,-0.22645521098466223
2024-07-26,0.24344988434850473,-0.059590340364711995,-0.042698624363880146,0.08876474041191615,0.13562297537247878,0.22990788881719398,0.2022640381570581,0.2233504720730054,0.1539951946143919,0.014797499996274829,-0.2286523843522298
2024-07-29,0.246618126010939,-0.06149220760887404,-0.04222466942493261,0.08925229220387573,0.13685065674633556,0.23023391548654998,0.20366424239031758,0.22391016070564276,0.15487938844877855,0.01527938465058681,-0.23133874136035207
2024-07-30,0.25350772678521966,-0.05834776516685775,-0.03842582904104084,0.0955403474394808,0.14078252643621217,0.23608818431345963,0.21023504563046247,0.23006557035222738,0.15937389228392926,0.01818840482561939,-0.23531932195960015
2024-07-31,0.2872350554708482,-0.023263212715131876,-0.004144333403597329,0.12991938229053276,0.17668770297948472,0.270590009805909,0.24550206364615262,0.26607080895923607,0.19086961078061926,0.05397836386661354,-0.23325669160423457
2024-08-01,0.28830974467345016,-0.021461269433544407,-0.004416172526775994,0.12892414049777348,0.17593706442010673,0.2709154504306332,0.24673195063300143,0.2664257528369809,0.1913578022054014,0.05395085029291809,-0.23435889438053198
2024-08-02,0.2739338104109761,-0.034870783124181966,-0.01686047945766992,0.1146444207547264,0.16153226303444876,0.2575362469081397,0.2338290469947239,0.2540816838547517,0.18141588054582244,0.04002379213991262,-0.23391001827106334
2024-08-05,0.2453422301664976,-0.060366531533899065,-0.04264352742191078,0.08883340153148192,0.1362016116722989,0.23153773436095304,0.2075384420494828,0.2318051408582436,0.15882026587360332,0.015531398364670122,-0.22981083180182732
2024-08-06,0.26653095561280604,-0.0424934809336608,-0.024113371936186283,0.10575590087772227,0.15693828419621744,0.2506077354664467,0.22659104490798956,0.2512374938018618,0.17873396400350924,0.035727277647732376,-0.23080367796507353
2024-08-07,0.2715385207083476,-0.04249583649311768,-0.023314465122481736,0.1069581137490137,0.15810115638422637,0.2500148919859124,0.22475476234252806,0.25039670257429053,0.17674984486571166,0.03399404058750769,-0.23754448012083978
2024-08-08,0.2647061400856114,-0.046425970797998574,-0.026985737830728405,0.10180827006799831,0.15433455647873498,0.2494370465333762,0.2231946021522536,0.25217353462076364,0.17920466908540023,0.03168068460448408,-0.23302545548112716
2024-08-09,0.26113095354719923,-0.05228810575729206,-0.03524191220049345,0.0958443053850099,0.14702940446800516,0.24122072834654312,0.2157549418041262,0.2434996817860217,0.1696345368881667,0.024613612235810857,-0.23651734131138824
2024-08-12,0.2507273286698782,-0.06039945548623598,-0.043558392490738104,0.08861014050942798,0.1412832743118484,0.23654023432587265,0.20997114780519002,0.23769168613064237,0.163340642928451,0.021971071534782494,-0.22875625713509556
2024-08-13,0.26158344715755516,-0.05128197590924112,-0.03662918265948951,0.09462962410325848,0.147808677289272,0.24422204078148696,0.2165670645643487,0.2433154635139027,0.16892548355056689,0.028193382838846336,-0.2333900643187087
2024-08-14,0.2598051939270362,-0.05453910403927751,-0.04147651079459484,0.0896078335271242,0.14112149746488495,0.23851251510875332,0.20860901192967413,0.23676615712481397,0.1640540322433158,0.019753074028820452,-0.24005211989821562
2024-08-15,0.2701842042407557,-0.04442116891035101,-0.031792099989349065,0.09694442399792354,0.1507939796302252,0.2470122630190724,0.21722408418351177,0.24504750081538462,0.17151224102567778,0.025069542929691834,-0.2451146613110637
2024-08-16,0.2691880952315938,-0.04832079580629664,-0.034737952269996215,0.09308765730847586,0.1456825454926351,0.24081005639158576,0.21221398156212856,0.23772928427719178,0.16335662175769708,0.019955424942651283,-0.24923267028894236
2024-08-19,0.2610689329270751,-0.0544027069302534,-0.03902207344724056,0.08664805923266841,0.1424113377928408,0.2373468205780035,0.20917819532285395,0.23536013200442066,0.16518893851187133,0.01626201172354247,-0.24480692120353248
2024-08-20,0.24504865209399548,-0.07142543015602239,-0.05491099583725309,0.0697843773054024,0.12423586486260861,0.21986772280265568,0.19004629399356723,0.21912318573509484,0.1455366370693812,-0.0009074374890105028,-0.24595608958300583
2024-08-21,0.2457807884571207,-0.07422618669566795,-0.05904489853176694,0.06650856639526176,0.12189278969961892,0.21653789583679747,0.18775500884957982,0.2162931445598489,0.14122565645751597,-0.005552729701122517,-0.25133351815824306
2024-08-22,0.22891445150212905,-0.09167160805736309,-0.07566248621300865,0.051312417008544435,0.1074765699574324,0.20127821597626294,0.17307202246112915,0.20332476165659172,0.12579288644328998,-0.018166780771436325,-0.2470812322735652
2024-08-23,0.2256025071802783,-0.09496430850709409,-0.08043608595513556,0.0469668879873306,0.10229582592861067,0.1969819238687877,0.16662608335297047,0.19883332157757522,0.12153918124135903,-0.02292941557632269,-0.24853192275660083
2024-08-26,0.23748462471442494,-0.08518740295995306,-0.07040505248299624,0.059134392473219284,0.11138078230691376,0.2091821826447537,0.17913637308714236,0.20980218241464113,0.13179675568497687,-0.014722255993239976,-0.2522068807076647
2024-08-27,0.2169105116200537,-0.10130043325609409,-0.08639039143205941,0.04326001134559454,0.0974099755169119,0.1953447472284885,0.1676582112842746,0.1979453926931296,0.1221893698623873,-0.026415450395198357,-0.2433259620152519
2024-08-28,0.22060809216309185,-0.09657701451156264,-0.0815270053317138,0.04868086292220781,0.10338959409484831,0.19916955618863777,0.17314471062850692,0.20227495526129366,0.1264568954810498,-0.02232071833641354,-0.2429288104995052
2024-08-29,0.2379382673423573,-0.0795809608246649,-0.06491607420195349,0.06648899530651642,0.11522638643771155,0.21549388363880592,0.18549667673578285,0.2168658702214449,0.13739149742843787,-0.01147708733422063,-0.24941535467657774
2024-08-30,0.2611304291944421,-0.05708133251763005,-0.04494525820536806,0.08524587064375702,0.13692335745756773,0.23598048431377563,0.2032524040707919,0.23346679466161208,0.15410682625988809,0.005215242518344824,-0.25591518667609714
2024-09-02,0.2406503734355271,-0.07747774580661974,-0.06425390323316649,0.0676883084499084,0.12055943935241017,0.21857882668138273,0.1870031302672201,0.2203940455631245,0.13965902066503347,-0.00882140301685798,-0.24947177645238489
2024-09-03,0.2510942751277667,-0.0689057816652926,-0.05455285335739915,0.07668084850279452,0.12924364719284803,0.22755493997993828,0.19714191860364835,0.23011722205442042,0.1488713419188499,0.0007963242043994446,-0.2502979509233671
2024-09-04,0.24535871708975074,-0.07610022776805955,-0.06145583506101199,0.06798353518514223,0.12292290782023921,0.22101081851955884,0.1908002527240261,0.22514873163379268,0.14292897386880565,-0.0034368411680596135,-0.2487955582578102
2024-09-05,0.256184285105732,-0.06637629603886762,-0.05158373736340541,0.07544063226161178,0.13243325852500326,0.2306032826716975,0.2002676890142026,0.23449516915040686,0.15097844566824253,0.002592431782657629,-0.2535918533230742
2024-09-06,0.23611110417075332,-0.08571928385311008,-0.07157802903796648,0.05528200837417538,0.11180595049469726,0.21195845085896534,0.18152445770870476,0.21731790114885452,0.13306469329850198,-0.015159861846413047,-0.2512709660171662
2024-09-09,0.2330926393233024,-0.08854378698098013,-0.07549246998942506,0.05136079192555765,0.10981090892794233,0.2102742496327887,0.181424063011162,0.21523315672705373,0.13240789641925071,-0.018311296865468285,-0.2514039361887705
2024-09-10,0.23872801987179249,-0.08191555772915722,-0.06754239986220097,0.05739120900708569,0.11773544576821629,0.2157401892225604,0.18685501582950562,0.22027360743923532,0.1368805565725398,-0.01453749014591231,-0.2532655100177046
2024-09-11,0.23516818101440654,-0.0852517771728303,-0.07206754100228874,0.054941723672909365,0.11237466189970542,0.21156523701587396,0.18322292538919271,0.21512720248976488,0.13217953746253408,-0.01881935105278555,-0.2539875320671919
2024-09-12,0.230228440101368,-0.09035601505006165,-0.07483964438495405,0.05183588176916405,0.11041197946064522,0.20961708851923028,0.18139298788843924,0.21353928980456194,0.12956581334671918,-0.020656156951128626,-0.25088459705249644
2024-09-13,0.21772307936696442,-0.10520654809841153,-0.08954580255836084,0.03558365013434569,0.09537709446374695,0.19511355597412403,0.16915087727911765,0.20067965118778847,0.1198354478818008,-0.03227561277465335,-0.24999869214161757
2024-09-18,0.20966517164988835,-0.11039064025446935,-0.09722705883083203,0.02727228447981843,0.08875476672679544,0.18984286276908544,0.16269420031338935,0.19478500098627524,0.11505761861978993,-0.036969570824714526,-0.24663474247460268
2024-09-19,0.23248924668815332,-0.08792529303703106,-0.07560424711026258,0.05081312745367942,0.11207397836240508,0.21314662743050522,0.1848537380247753,0.21780375160593238,0.13804160050873415,-0.01565212438711448,-0.2481413710752676
2024-09-20,0.2263038837751928,-0.0937793148177839,-0.08147207446749866,0.045651978321481934,0.10920164524135362,0.20931968604042814,0.1834140504204809,0.21478600539604703,0.13656200976111896,-0.01875802463999424,-0.24506190841518682
2024-09-23,0.22785833255813723,-0.09372859908859044,-0.07968432177191861,0.04750376527679635,0.11230591455061872,0.2118014048383143,0.18470232279207058,0.21757073551852288,0.1387023488311088,-0.01693348718569322,-0.2447918197438302
2024-09-24,0.2654599037511426,-0.056629393791686654,-0.0433774317149998,0.08532038648861635,0.14733662834039235,0.24747203512873223,0.21981144771729966,0.25262970406937146,0.17358689626568105,0.016607277660419775,-0.2488526260907226
2024-09-25,0.2791955411110212,-0.04511342394947445,-0.031865718718040933,0.0972918557184135,0.15907628629094664,0.2595319546527153,0.2307994979900238,0.263519144348817,0.18578945182246157,0.02694775037738569,-0.2522477907336353
2024-09-26,0.30933546557487823,-0.01248595855478117,0.0003701413798732067,0.1338001382388393,0.1944287956814852,0.2949671254671068,0.2675634090035021,0.29984630277453056,0.21920186659921925,0.06276249996717283,-0.24657296560770522
2024-09-27,0.3629491689360165,0.038899711503538596,0.0536892279908061,0.18568336103469757,0.24472154174561178,0.34347266429475654,0.3153511196782768,0.3477996513143342,0.2629912321296757,0.10899509002086027,-0.25395407891515603
2024-09-30,0.48208620591504703,0.14836986376874856,0.1634608081544145,0.29599270944534595,0.35228839512495236,0.4564647143817675,0.42642195746267864,0.45810631433979576,0.37225944658772814,0.21869711916286266,-0.2633890867521842
2024-10-08,0.5581513659070465,0.220689382471902,0.24615454098598094,0.37112340639569585,0.43329881743337284,0.5334563355542187,0.5078174550212317,0.5429713190216517,0.4565781553472598,0.3124344497920367,-0.24571691611500968
2024-10-09,0.44504400373800584,0.11746529327718482,0.14841699775461292,0.2747128651573226,0.3390221491550417,0.43463386118156655,0.4125116451174638,0.44969281732146943,0.3623460059855134,0.2175762955203688,-0.22746770821763695
2024-10-10,0.4445384584709254,0.1174400163133262,0.14876580558236996,0.2835885642303427,0.34523898983228235,0.4408684128255585,0.4194433545267149,0.4587426418406488,0.36401667298192053,0.21355966391871842,-0.23097879455220688
2024-10-11,0.4034744253118827,0.07570295461757706,0.10821247822951499,0.24496777638648773,0.30540528837307057,0.405014446741577,0.38100541984684766,0.4198101154870508,0.32262680867189136,0.17122880772904614,-0.23224561758283652
2024-10-14,0.44185496024236115,0.1079186932669191,0.13768274505463307,0.27484004295048325,0.33592958610849527,0.43391061964702454,0.4108988689782637,0.45011412935493733,0.356352285027468,0.20509874182800336,-0.23675621841435776
2024-10-15,0.4252206261832725,0.08784206823076246,0.11963252002289529,0.25788099996626124,0.32038357125283123,0.41616038216521617,0.39617468892549107,0.43510979001917904,0.34065608387062485,0.18698521919063335,-0.23823540699263912
2024-10-16,0.4313279227841684,0.09140188119678824,0.1225361492787148,0.2620375753764894,0.3232920167188974,0.4192641339080159,0.39985449386754524,0.4396330859655837,0.3431868772532364,0.18866194937711295,-0.24266597340705545
2024-10-17,0.42492708149278224,0.08569891984733188,0.11522924398664634,0.25408979102549306,0.31651962567231007,0.4136784893892849,0.39434579599912706,0.43645013973707025,0.3416397416153236,0.18788581503484572,-0.23704126645793647
2024-10-18,0.4602591677001892,0.12403935035867568,0.15162252784951696,0.2875111914700897,0.346784747527682,0.44519701677875,0.42668806657105574,0.46476845655179666,0.37516294321056176,0.2197395974636471,-0.24051957023654205
2024-10-21,0.48070073571767014,0.13922859958976963,0.17061197960074548,0.3061119363179931,0.366234747571843,0.4615480094765153,0.4442849471076475,0.4814344485418195,0.39047705640205016,0.2319035043517135,-0.24879723136595658
2024-10-22,0.4838125691214693,0.14102624359466628,0.1766784546021316,0.3163027257711966,0.3773682685314618,0.47286854834589753,0.4574645840876454,0.4969540012276962,0.40493958894535287,0.24635903595855904,-0.23745353316291024
2024-10-23,0.4825895183626873,0.14546825749673667,0.17916214866486105,0.3192200739225718,0.37917332022476147,0.47738811309790896,0.4606271935268668,0.5009285964898204,0.40868801872275645,0.24751843332566625,-0.23507108503702107
2024-10-24,0.4787886353338364,0.13750545258325575,0.17265335379044813,0.313362525528172,0.3746670909643587,0.47134917428047707,0.4596354161123023,0.4983381423807966,0.4071659843884255,0.24811864423181837,-0.23066999110201808
2024-10-25,0.5023227446377243,0.1601136387219755,0.1962225664274653,0.3378744574495092,0.3981899415006741,0.4919116011999748,0.48045289544446484,0.5188302556488865,0.42701581042643105,0.2643392525518243,-0.23798349208590003
2024-10-28,0.5249802049077608,0.18433629835004436,0.21977438537465924,0.3612730598792843,0.4215710850767765,0.5142153567617527,0.5034336666199336,0.544338321834316,0.44995283319681756,0.28241492199359813,-0.24256528291416263
2024-10-29,0.4998748607052977,0.15773213379295692,0.19468412333492421,0.3383689616015278,0.3993472237399006,0.49214877272064617,0.48139350917313867,0.5253380253833477,0.430276289921818,0.2663207996464277,-0.23355406105886997
2024-10-30,0.4971878986041765,0.15587815212524525,0.19476446457327967,0.33674685898110307,0.40098692133194996,0.4934943479857551,0.48234863560664826,0.5269935479799861,0.4291201071783044,0.2656129043669675,-0.231574994237209
2024-10-31,0.514476275853238,0.17408320478348785,0.2136631886032613,0.352560199046497,0.41569764849633883,0.5061078602177649,0.4958282791775345,0.5379602489924046,0.4408943456490396,0.27216041968087096,-0.24231585617236703
2024-11-01,0.463407573541307,0.13001454507228905,0.17361411665062693,0.3172265265690738,0.3867205224711656,0.47909334444200385,0.47221109203171413,0.5128234364839197,0.4164185539623032,0.2564568332681841,-0.20695074027312296
2024-11-04,0.4821416039760115,0.15150181686732983,0.19438127148428383,0.33870047782977386,0.41032806589721227,0.5018235065314538,0.4958804165274793,0.5365846065128352,0.44069728669134883,0.27734989609382577,-0.2047917078821858
2024-11-05,0.4999605182178757,0.17160165698901275,0.21822136564731526,0.366539132575916,0.44167938436474263,0.5365479515258786,0.5312443286323025,0.5732005623015253,0.4733702463244419,0.30951432976421717,-0.19044618845365854
2024-11-06,0.5065020966547823,0.17547438308555044,0.22316828943751307,0.3727527568462949,0.44608551016607717,0.5420849772689295,0.5389740021641475,0.5772009778799603,0.4795820104100913,0.31326903902141956,-0.1932330576333627
2024-11-07,0.5334335849499435,0.202129734225114,0.24859285620205376,0.39583061731062996,0.46714684950730045,0.5650819007661766,0.5622254333467238,0.6017289286288848,0.5020345375758128,0.33541606417219316,-0.19801752077775037
2024-11-08,0.5453516839616451,0.2085476185238887,0.2537351956992258,0.3994207217224869,0.47015852114867474,0.5637592711222712,0.5626917828065247,0.5983838545162531,0.49734753049165376,0.3322213462834509,-0.21313033767819423
2024-11-11,0.5862003912104843,0.24344558705527553,0.2808181182436629,0.42224692954554555,0.49159501734921923,0.5815326062820794,0.5802888490418074,0.6145149394569944,0.5122583625999354,0.3432856816740976,-0.2429147095363866
2024-11-12,0.5745729366135911,0.23047657198158011,0.2693673967333984,0.41058835298229307,0.4803854607812314,0.5724802560309541,0.5698267210796157,0.6079238550521657,0.503483471747181,0.33525867444311536,-0.2393142621704757
2024-11-13,0.5805327579282703,0.2351590827063915,0.27142795384978724,0.4116396022798211,0.4804176972940347,0.572274556604122,0.5713858234409147,0.6104601242890042,0.5034285144947196,0.33604134286169923,-0.2444914150665711
2024-11-14,0.5483565619711627,0.20215818668634317,0.2403467232891226,0.37981135262325694,0.4508525250421593,0.5428024142438482,0.5418828707963397,0.5809883910741515,0.4777909275576766,0.3093324955544675,-0.23902406641669524
2024-11-15,0.5286457084174861,0.18066901040337568,0.22024075404132193,0.35710710531581047,0.4285104952360639,0.5206060260189871,0.5202250726579557,0.5620128288139735,0.45996157046372854,0.2965843437925742,-0.2320613646249121
2024-11-18,0.4917576368796682,0.15013276846868054,0.19592732264815563,0.3329490361525129,0.4041305884958692,0.5005681739713013,0.5003247938445412,0.5412790509216909,0.44280181101286725,0.28299439483125327,-0.20876324204841512
2024-11-19,0.5241953394279059,0.18137187235305355,0.2235411286200821,0.3614636922671106,0.43207321030127244,0.5251598184415213,0.5228560451973638,0.566117911421179,0.4675342759644554,0.30173082156775516,-0.22246451786015092
2024-11-20,0.5449293713939332,0.20454075654202464,0.24407123161483918,0.38181962635180655,0.45468379187129365,0.5476906562879792,0.5454755390677101,0.5864023791601305,0.48692961621250097,0.31619806829659797,-0.22873130309733544
2024-11-21,0.5454470228512623,0.20676890156569788,0.24753355544971373,0.38381236995202495,0.457554766454797,0.55117747319248,0.5475516275007969,0.5890132518253829,0.49061056612622084,0.31617138957662716,-0.22927563327463543
2024-11-22,0.5030473313723067,0.16607234647387012,0.20782963906452445,0.3452902543795616,0.4225225782741417,0.5169792964851193,0.5107524786413273,0.553096248141869,0.45581643165055113,0.281681133011233,-0.22136619836107396
2024-11-25,0.5132437075265318,0.18294341406814116,0.22300419436377605,0.35713166195672824,0.4355544653973747,0.5273307685528845,0.5235943054761407,0.5662534735159501,0.4717424790215649,0.2954416144626769,-0.2178020930638551
2024-11-26,0.5018111445360557,0.17488493343491562,0.21445959244312324,0.3466925201494998,0.42833515643076847,0.5183933118763476,0.5137362138962558,0.5585084231936057,0.4631971142046315,0.29005711897047753,-0.21175402556557832
2024-11-27,0.5273905230534224,0.19479471970747422,0.23276782381461422,0.3662052596499361,0.4461136790284269,0.535824928865522,0.5313855880314328,0.5737162728523113,0.4774867606475926,0.3025021999024252,-0.2248883231509973
2024-11-28,0.525150752366779,0.1961409169584631,0.23251968894105443,0.36625907464424917,0.44573556095101075,0.5368467070999882,0.5330190084602497,0.5773094111394949,0.4803459350614137,0.30804168098117646,-0.21710907138560273
2024-11-29,0.5434638802259527,0.21219805099486977,0.24888929814141753,0.381613303593797,0.4593260147945275,0.5534609327308904,0.5474338082908072,0.5944776578434665,0.493403149713092,0.32102602508071076,-0.2224378551452421
2024-12-02,0.560499959349146,0.231829938271399,0.26874614397736535,0.4021945044760747,0.4794560960570924,0.5751860320716217,0.5696271798207113,0.6182873013308277,0.515738192922372,0.34267668674110696,-0.21782327260803921
2024-12-03,0.5606491552532871,0.23357133713078218,0.2710745931175172,0.40549753586703174,0.4801318296928939,0.5760489334815798,0.5707883309537256,0.620592876003775,0.5166081848923977,0.343536084996869,-0.2171130702564183
2024-12-04,0.5451415608167658,0.22044339560241935,0.25820341492629023,0.3895112962259784,0.4655346450159646,0.5623191328097362,0.5580673503112001,0.6060217897381596,0.503129631204886,0.32984339962584475,-0.21529816119092124
2024-12-05,0.5593340481067262,0.23260370789547807,0.26937163665328834,0.4039947605301311,0.47756020217992007,0.5768732681749549,0.5726883940700328,0.6194162697325297,0.5146315064416996,0.34088087252537286,-0.21845317558135346
2024-12-06,0.5713613383465047,0.24321455139965933,0.2788835187445162,0.41292006066952164,0.4880948086452682,0.5850553295117653,0.5817195528677329,0.6290023206037073,0.526007196161234,0.3517627913757607,-0.21959854697074416
2024-12-09,0.5660989336345952,0.2382821400210668,0.27864516885709045,0.4129176021505412,0.4874972234567165,0.5834135093402568,0.5811334274971757,0.6303910383139002,0.523477495105158,0.35187281091476597,-0.21422612271982935
2024-12-10,0.577161973736032,0.24556418107810293,0.2880637035391547,0.4182346759899666,0.4964772307368185,0.5913951406247452,0.5881527293194861,0.6377317738226772,0.5309961808003723,0.3563524488102281,-0.22080952492580394
2024-12-11,0.5899564485588106,0.256926346685562,0.29895244741692445,0.4305530488042026,0.5087435734783409,0.6048657400777654,0.6009145577585503,0.6520245127737453,0.5500219754657062,0.37382648517197076,-0.21612996338683993
2024-12-12,0.5969288013287519,0.26633046391032417,0.3079223887554439,0.44251628384332464,0.5183709509125906,0.6153366603282203,0.6091301596863555,0.6618969691317061,0.559348845127831,0.3854408307903934,-0.2114879705383586
2024-12-13,0.5754839868365348,0.24621832965884993,0.28855524841546,0.42254856642878585,0.49950944445414436,0.5996727868941275,0.5919956136322103,0.6427779496396259,0.5416854861928733,0.37154323118431476,-0.2039407556522201
2024-12-16,0.5654323667864392,0.23927165431110362,0.2826240406344562,0.41466664814662824,0.4960252629238175,0.5931678317106931,0.58470728399211,0.6368585366115527,0.5361055008939055,0.36915542996800926,-0.19627693681842995
2024-12-17,0.5403084586787638,0.21300904948419974,0.25096821473635517,0.3826100707332883,0.45996383060154755,0.557091621826041,0.5473665106417234,0.5982794572690218,0.4941076630017405,0.32758004121138645,-0.21272841746737742
2024-12-18,0.5476026124830065,0.21884485465664577,0.25635357995464064,0.38721564159557087,0.46553526510866006,0.5639447772534724,0.5533352017753252,0.6039381772863188,0.5016463567579225,0.33809186551663356,-0.20951074696637303
2024-12-19,0.5492743822704239,0.22072664189930544,0.2580811230214891,0.3896535281021856,0.467657161966801,0.5628303971807821,0.5514376662672723,0.6028289612219565,0.5008755445023104,0.33953789879255913,-0.2097364834778649
2024-12-20,0.5648008937547385,0.23316298707703711,0.2691405358238192,0.40000975905018926,0.4797975494278611,0.5736183218866981,0.56191752539552,0.6133420951770912,0.5124233818891123,0.34844432512775425,-0.2163565686269844
2024-12-23,0.5251987999984852,0.1933432249637036,0.23209396608071006,0.36280617183441644,0.4400527276997517,0.5292303356337007,0.5171924657361107,0.5733233078495207,0.4720368581985925,0.310418641904173,-0.21478015809431233
2024-12-24,0.5345155474978913,0.20344378005158345,0.24388072726988883,0.3719189725735676,0.45144074174060445,0.5396910984845098,0.5282200720572976,0.5846728398919073,0.4834503792778217,0.3240685075330842,-0.21044703996480732
2024-12-25,0.5141732539536054,0.1842931936074126,0.2247486766390859,0.3540443207482645,0.4354578179586404,0.5214873760879681,0.507217169717069,0.5635348017039493,0.46567904195791615,0.3059855642476799,-0.2081876897059256
2024-12-26,0.5275642779428408,0.1961584379181821,0.23606340130057518,0.36475722812994016,0.44670613099139667,0.5326040058506601,0.5216001723513939,0.5774743804780962,0.47733530216831693,0.32035334740907656,-0.20721093053376438
2024-12-27,0.5337529299529106,0.20434822705771646,0.24539926239337181,0.37322113979647853,0.4531145360773104,0.5384858936298688,0.5285356975571749,0.5857609780086034,0.4851701445535128,0.32489545394985003,-0.20885747600306068
2024-12-30,0.5255888576731331,0.19476907841625057,0.23762403035056254,0.36487226179275445,0.44449011726229143,0.5281063183169149,0.5156347041168966,0.5745077367629471,0.4738617530979758,0.3174968495770038,-0.20809200809612952
2024-12-31,0.49487557133187987,0.16916422335808481,0.20971560756087473,0.3371845668707567,0.41933480104352083,0.5035637856274637,0.49059157360149824,0.5495628075519357,0.4499654467982689,0.2970640710819002,-0.19781150024997984
2025-01-02,0.470643845008776,0.14860832365767024,0.18944537559553684,0.32336651220231694,0.4052390294107945,0.4884917937232958,0.47288726074486276,0.5306513518471874,0.42812284899313113,0.27540852288990925,-0.1952353221188669
2025-01-03,0.4357216563976914,0.11366870409733927,0.15290261139965744,0.28786895553649827,0.37209454078451343,0.4495143636905103,0.4319403300944158,0.49053926023932976,0.387783358595418,0.2426254526152039,-0.19309620378248765
2025-01-06,0.43475441761596134,0.111925350899617,0.15202609510337303,0.28480373720524604,0.3686278144691391,0.4429019451865568,0.42678180166573804,0.48680368348715514,0.3820904823919744,0.24140141457211772,-0.19335300304384379
2025-01-07,0.45610944214088917,0.1325483357032889,0.17297014296559016,0.3079645697506626,0.3886338232065472,0.4659410972875459,0.45290729095943755,0.510724355409255,0.4060456460452716,0.2611651905890736,-0.19494425155181566
2025-01-08,0.4510838033545297,0.12898354421545255,0.17150488651663792,0.30578595233930234,0.38921244453103426,0.46280995474002223,0.44983729181605164,0.5094728731581116,0.4058929523785108,0.26170187192400035,-0.18938193143052945
2025-01-09,0.453761560265102,0.1323439470822536,0.1750122221296688,0.31079405096114693,0.3922709892374142,0.4644919905809557,0.45168338494422483,0.511168474866116,0.40928117310108225,0.2632425517797431,-0.19051900848535902
2025-01-10,0.4299480845182319,0.10783456266382058,0.15166362251644336,0.2847313797171476,0.36577250181444054,0.4357516202826331,0.42280589244562305,0.4799581212096619,0.37896995948452444,0.2369232759084392,-0.19302480860979282
2025-01-13,0.4368316911536867,0.11392902301801358,0.155810394718988,0.28808305455240657,0.3685109566772335,0.43914622556469957,0.423238067939947,0.478532845347162,0.38003677395383906,0.2392334687763957,-0.19759822237729108
2025-01-14,0.4844243551743746,0.1604346427930417,0.20283582587646387,0.33461160557117847,0.41385582656517317,0.482965408674527,0.470242135629109,0.5257256354077795,0.4283559392054124,0.27946662450644466,-0.20495773066793005
2025-01-15,0.4807036754573026,0.15534444831107855,0.19804534989564376,0.32844624336613837,0.40883068704267983,0.47912201418325384,0.4654346118344425,0.5211178993027775,0.42429579454097327,0.2717079922929213,-0.20899568316438139
2025-01-16,0.4846273401652837,0.1612992983508126,0.2043567759356984,0.3341811401882115,0.4131490822105406,0.48549066717152084,0.4709896198962718,0.5278003426064155,0.4312396468575241,0.277271488895656,-0.2073558512696278
2025-01-17,0.4856361230533611,0.16191522448526918,0.20524634418041424,0.336999670623809,0.41446383997532515,0.4868836643042568,0.47145213464184926,0.5284202342709823,0.43270940330676283,0.28202014849168955,-0.2036159745616717
2025-01-20,0.4943475117474926,0.1736677608984625,0.21619260145517688,0.34597988885041736,0.4242598946755886,0.49679394537645505,0.4815054781783229,0.5385740786826246,0.4429165002302976,0.288756343581886,-0.2055911681656067
2025-01-21,0.4902589295406326,0.17186137846502395,0.2153740685335119,0.34620661564174243,0.42370030340254766,0.4961614117383801,0.48238020650689395,0.5384751064009394,0.4422129683481451,0.2876804884445685,-0.20257844109606427
2025-01-22,0.4786999192380899,0.16109843729140538,0.2060396210389726,0.33658170578760827,0.41371792689849346,0.4852331226645938,0.47291038633952354,0.5269082290454425,0.4316006051001211,0.27640018653848636,-0.2022997326996037
2025-01-23,0.47938595834174147,0.15924753357004692,0.2021665061289999,0.3333211432702196,0.41140501930571227,0.4835487038496981,0.4728227172717142,0.5266089839215434,0.43074261590413293,0.2778002975931516,-0.20158566074858994
2025-01-24,0.49053906183993023,0.17102941826988227,0.21366196003948676,0.34559743722355785,0.42401175656700335,0.49635506857475,0.48291440920688394,0.539837309805235,0.4433704969463864,0.29245691250463796,-0.19808214933529236
2025-01-27,0.48137001812316577,0.1592591023393723,0.2016985615407178,0.33542746059816,0.41005274472028885,0.4858030136050915,0.4738685783079915,0.5322269336422683,0.43495796621273297,0.28259219347310244,-0.1987778246500634
2025-02-05,0.4881200912022673,0.16905826843273403,0.20700878489720786,0.34453012925492355,0.42050339808405923,0.4988044911993132,0.48174590447580906,0.545980837217482,0.44823037216913647,0.29818358165313746,-0.18993650954912988
2025-02-06,0.5093690277283153,0.19167154069179332,0.2300094195332326,0.36867090853549256,0.44467993048232946,0.5207454115329853,0.5049751471053573,0.5667915836256026,0.46934406581324284,0.3169862086530879,-0.19238281907522745
2025-02-07,0.5226466901392696,0.2039147722825263,0.24460217461781014,0.3818150943636832,0.45651969380645324,0.5337384991618198,0.5161017925028034,0.5788618820554562,0.4820400413008676,0.32844927480366654,-0.19419741533560314
2025-02-10,0.54121849377607,0.22250845023145682,0.2613309538195663,0.3989264990214644,0.4736702969831209,0.5506630851925334,0.5339378277943198,0.5964104725957746,0.497280905160387,0.3447608354220436,-0.19645765835402654
2025-02-11,0.5367309611823646,0.2190639239240803,0.2578305775219324,0.39737039846408984,0.4690677033848776,0.5481471932521399,0.5300655045689823,0.5920431504856327,0.49252836532531324,0.34096197552718754,-0.19576898565517722
2025-02-12,0.5463656102271611,0.2303877008886444,0.26793276920571024,0.4076257450757997,0.4787234745207208,0.5590978350404199,0.5407080203050928,0.6032775174432659,0.5027164594684195,0.34850101822625246,-0.1978645920009089
2025-02-13,0.5386674150412798,0.22098019325624052,0.25865654471102306,0.3998059161735568,0.4679185947671551,0.5489868315393088,0.5298451819037701,0.5916116954795173,0.4916627739486846,0.33549112873468884,-0.20317628630659118
2025-02-14,0.5389460680457152,0.21937144133691805,0.2601441411673479,0.39936019150393876,0.4712954787323251,0.5539103800600205,0.5332541633809756,0.5994359289701873,0.494616065428939,0.3408607093415478,-0.19808535870416766
2025-02-17,0.5521046065501513,0.23194453932238712,0.27509262941377244,0.4103923704183006,0.48465264444165357,0.5637669894523764,0.5440209328598784,0.6097056308903908,0.5053010548945119,0.35360872543976324,-0.19849588111038818
2025-02-18,0.5296179698253507,0.2085144438681509,0.24923289875646,0.38489751707306946,0.4629217194486922,0.5409080364032294,0.5189971852006751,0.5858472220970313,0.4794655491870414,0.3315993749492025,-0.19801859487614834
2025-02-19,0.5501746328104413,0.2326882601197986,0.270879796277273,0.40897709590808207,0.487766634666286,0.561403110253002,0.5409751756695675,0.6061627216333605,0.4987931416192407,0.35034597894854036,-0.19982865386190107
2025-02-20,0.5590307480244885,0.24196122787355992,0.28103392952491046,0.4188719656500386,0.49660658493335597,0.5695404252574664,0.5474074849710752,0.6170512601009073,0.5091142270980549,0.3568100403050098,-0.20222070771947884
2025-02-21,0.5681297260596304,0.25360619179335075,0.2923325737019759,0.4302369116223789,0.5052689311462842,0.579968925396253,0.5566897432588033,0.624060497532204,0.5167330173178971,0.3592456953243916,-0.20888403073523898
2025-02-24,0.5714543228835218,0.25370987605194617,0.2954136087008307,0.4342844889450012,0.5092811922336345,0.5826636573801423,0.5594214379930245,0.6268323487962301,0.5222547680708038,0.3637561223944813,-0.20769820048904072
2025-02-25,0.5654746099331246,0.24808594632219147,0.2906439394678719,0.4324072173603354,0.5077451498587616,0.5779113726405456,0.555619089404064,0.6238377903874613,0.5168384815537669,0.3594956020712149,-0.20597900786190987
2025-02-26,0.5792016119373655,0.26146569631503036,0.30498529110680667,0.4471668520804983,0.5213946369287744,0.5917082463146165,0.572179306212474,0.6392914125998453,0.5314988440745967,0.37320807714950793,-0.2059935347878577
2025-02-27,0.5807650708966674,0.26070974002965813,0.30220066758269837,0.4426210538102094,0.5203968783196659,0.5876528090676753,0.5690677448695342,0.638172347693124,0.5324177140958674,0.37407865729085943,-0.2066864136058081
2025-02-28,0.5504497335896316,0.2290549022233267,0.2678965691352936,0.4074467842617584,0.48528892810922347,0.5541895475025657,0.5352978211991274,0.6066362359577744,0.5032359978546759,0.3494451900080181,-0.20100454358161363
2025-03-03,0.5552707863220205,0.23294694940424915,0.2708725152101047,0.4116860625358132,0.49020250233782187,0.5598349802229795,0.540654800017545,0.6137754059233924,0.5091341700663399,0.35553736985835505,-0.19973341646366571
2025-03-04,0.5690375161869881,0.24798039589907897,0.2858418828539561,0.4274888545380261,0.5039239352268932,0.5728943908484694,0.5545705819339116,0.6239112620979479,0.5196725716486523,0.3652868148436417,-0.2037507013433466
2025-03-05,0.5707807447650185,0.25250049729106444,0.28842505713201533,0.4323987157136697,0.508773399869263,0.5761301754562678,0.5572647638512889,0.6236461746534011,0.5195561596417354,0.3625169767999209,-0.20826376796509782
2025-03-06,0.5941607381683671,0.27152094357105383,0.30815840740099293,0.4522906154895535,0.5286669005807862,0.5942323896749109,0.5740542455866344,0.6387837267970327,0.5323578645678944,0.37299904777416704,-0.2211616903942003
2025-03-07,0.588914152984933,0.26424623088940813,0.30153708983107175,0.4480864522690909,0.5246168989814112,0.5893301591448201,0.5673143083332773,0.6339471454499509,0.5299812529959238,0.3700871825718755,-0.21882697041305776
2025-03-10,0.5938284267037128,0.26739649741521154,0.3054114427457679,0.452865037832921,0.5296795054602464,0.5937704459737292,0.5743975077367456,0.6398676658573944,0.5364625449256833,0.3788036819220293,-0.21502474478168382
2025-03-11,0.5964622303940234,0.2702114138940715,0.30751899717330666,0.45628507869178936,0.5335366158678971,0.5979936211131959,0.577986365694415,0.6461989311279537,0.5428393681116394,0.38475433083466287,-0.21170789955936073
2025-03-12,0.6026366448855125,0.2768313780882185,0.31315735662392996,0.4594993070989633,0.5383302361054165,0.6015820048728805,0.5807838570262851,0.6468240577964487,0.546030520671522,0.3892115134889062,-0.2134251313966066
2025-03-13,0.5888780808763282,0.26170804321288305,0.29814386723143416,0.4454855597410173,0.5239989248713269,0.5900933109103677,0.5690312399852574,0.6365219375127257,0.5403880740515378,0.3859853364177509,-0.20289274445857763
2025-03-14,0.6090441333020723,0.27942228176539696,0.3146308345449517,0.4647715285017467,0.541206902886037,0.6102597962280734,0.584938635951935,0.6521138657882801,0.5557337928194428,0.39873138180426126,-0.2103127514978114
2025-03-17,0.6146692193906486,0.2850285481746428,0.32101283390820784,0.4704071565077545,0.5473970056324838,0.6143560290354466,0.5894860586647804,0.6571910615170771,0.5617047176212582,0.40354877898271824,-0.2111204404079307
2025-03-18,0.6212037852930625,0.29166320303577,0.3301823514342958,0.4773941896388677,0.553197053536054,0.6198597640912266,0.5930349916429066,0.6604733280425992,0.5641075576985142,0.4068229651564421,-0.21438082013662083
2025-03-19,0.6163088099545933,0.2864438882621588,0.3252868763577677,0.4725155838262228,0.5471138605009511,0.6148106504571234,0.5881627889308995,0.6566929049253859,0.5593754594850413,0.40261765250384707,-0.21369115745074663
2025-03-20,0.6156279164255478,0.2858501328111067,0.32151225188890376,0.4700604400157711,0.5456498003894089,0.6149758628395953,0.5874279883249399,0.6556162541597687,0.5599838611938016,0.40206482972824764,-0.21356308669730056
2025-03-21,0.5927881317189243,0.26412818596023363,0.29936176333107944,0.4495822288631065,0.5270824910078747,0.598992679349515,0.572954128783053,0.6448092250732438,0.5481783070071182,0.3938341522080162,-0.19895397951090849
2025-03-24,0.5770559503669025,0.24790047722267608,0.28391542032537403,0.4355505540668745,0.5102660893733746,0.5854112337170985,0.5592469501325302,0.6291890705341732,0.5298635985774838,0.37864435492822246,-0.19841159543868045
2025-03-25,0.5714248813908062,0.24269256703696898,0.2762489573682854,0.42950269399260677,0.5055157938604063,0.5804175335543149,0.5570433384421049,0.6300282762974487,0.5283997266504261,0.3798915623638791,-0.19153331902692747
2025-03-26,0.5818157917310152,0.2558569325299012,0.28801844774782637,0.44024785528795496,0.515260558991083,0.5920587207741056,0.5670478358536336,0.6373732848883137,0.5359445834269386,0.3867675384754081,-0.19504825325560746
2025-03-27,0.5787461178643049,0.25090993141867024,0.2824071347816397,0.43435715600076286,0.5106335390496287,0.5864124584692302,0.5624380046149388,0.6332786508484712,0.5334357783052881,0.38434689556537444,-0.19439922229893086
2025-03-28,0.5651652203930383,0.23904543096572892,0.26753998747400504,0.42236956519968416,0.500015416148278,0.5712407357658401,0.5484401316086818,0.6208695345344029,0.5204920414715123,0.3710861767533271,-0.1940790436397116
2025-03-31,0.555118796704378,0.22773835411875898,0.25701850937932424,0.4133861591537341,0.4881448014354509,0.562024000761599,0.5367965009153264,0.6101918424829681,0.5093303655246713,0.3578450565652115,-0.1972737401391669
2025-04-01,0.5685703010998125,0.23809246781280458,0.2674037830400395,0.4255008372403474,0.49914408930685067,0.5725385628639065,0.5473283851407328,0.621951363405492,0.5219859848888231,0.3706406645041123,-0.1979296365957006
2025-04-02,0.5712792249566718,0.23928533795330784,0.26905651392810725,0.42930745716707414,0.5020297422429811,0.5752996904691888,0.5499456995295561,0.6235689770794542,0.5248382271781719,0.3716113775892964,-0.19966784736737578
2025-04-03,0.5625792783767264,0.22984308253804445,0.2586324216794534,0.4208618026178429,0.493368265922691,0.5684315468560444,0.544123622073962,0.6164463431741937,0.5209209270396873,0.3714807248500738,-0.19109855352665298
2025-04-07,0.4241569761147166,0.10424685148038029,0.13424161996965123,0.30411806603375335,0.3716325463285302,0.4504084208692549,0.42616621477850025,0.5030901529541872,0.40442115732997563,0.2605412525364384,-0.16361572357827858
2025-04-08,0.46035774798232754,0.13489945726815414,0.1685263377344984,0.33467757424847233,0.4046260153268635,0.48710793334795877,0.4602647564233591,0.5407245892490927,0.4480025786593836,0.3091077583700528,-0.15124998961227515
2025-04-09,0.4910485596115286,0.16447647476223298,0.19471993024355017,0.35968032843558695,0.429094308621236,0.5111076860946886,0.4810641763389526,0.5662729987482793,0.4715111502167948,0.3335191065798213,-0.15752945303170768
2025-04-10,0.5197464572565156,0.19462210609192798,0.22344397532698446,0.3872241646764915,0.45556810571521683,0.5358459046849865,0.5088636930240249,0.5918555257395923,0.49714941659134604,0.3595682367595124,-0.16017822049700353
2025-04-11,0.5336171031457403,0.20850430738589432,0.2342436438214186,0.39900198334443465,0.4620836927332808,0.5421368402542819,0.5146411974316148,0.598039020726871,0.505934435838298,0.3623386057005752,-0.17127849744516543
2025-04-14,0.5505747147147138,0.22653541433263535,0.25445011537563883,0.41497695333612117,0.479941795529315,0.5613636174043923,0.5331244741561663,0.6168702896036484,0.5237584048392887,0.37923381228699493,-0.17134090242771916
2025-04-15,0.5505472833837948,0.22582583914240614,0.25336372762732207,0.41563362100076895,0.4790721736158713,0.5605053900535499,0.5333528471147221,0.6173761462295069,0.5243152224909237,0.3807583074495665,-0.1697889759342286
2025-04-16,0.533367403461068,0.2090481514728812,0.23858341470175262,0.402098788394058,0.46458148183461684,0.5460260274965428,0.5198477287657143,0.6048869166609822,0.5109340978152757,0.36756686313657266,-0.16580054032449565
2025-04-17,0.5369130970844267,0.21262085132365366,0.24158567258163816,0.4065345053196913,0.4683077048049241,0.5528843602291762,0.5274164155713166,0.612955080670992,0.5191019202453463,0.37662491551534505,-0.16028818156908198
2025-04-18,0.5371173840606086,0.21401843443486407,0.24174493996525823,0.4050084583252122,0.4635686866973911,0.5453862179860746,0.5238466134152893,0.6118320754214418,0.5174907535739165,0.3761020407490577,-0.16101534331155126
2025-04-21,0.5605355314814198,0.23598576307526983,0.25980133314723924,0.42389160321691394,0.4818857803330285,0.5624726513239371,0.5394792857691305,0.6288799613674549,0.5328318372615003,0.3894671281893219,-0.1710684032920982
2025-04-22,0.5567634968418488,0.23428937263303665,0.25892214036328953,0.4235391378343464,0.48328690938189384,0.5651336394849042,0.5416474156449838,0.6322147277446488,0.5362894378441425,0.39506308224518955,-0.16170041459665951
2025-04-23,0.5701261032550871,0.24876563415317016,0.271506207935793,0.4310921778825348,0.48625185265325627,0.565048569025683,0.5441383783370257,0.6367793292787932,0.5455584111671132,0.4007425903997579,-0.16938351285532943
2025-04-24,0.5565141680044607,0.23529822486064236,0.26097065972876626,0.42205641158829904,0.48040025100901596,0.5591050399724589,0.5391495838721122,0.6290937795517866,0.5415677612523973,0.39850995653054516,-0.15800421147391583
2025-04-25,0.5617981723622769,0.23862213608750088,0.26456494316842755,0.42516838953403097,0.4801278750546762,0.5600946617727964,0.5391662123793837,0.6313841147871986,0.5443121769801947,0.4018735626750329,-0.15992460968724423
2025-04-28,0.5512224856856681,0.22838145828282497,0.25386390990433716,0.4129458440621067,0.46691385391736145,0.5440470257902723,0.5262721732818968,0.6189848073095799,0.5314128273734744,0.38978369628506027,-0.16143878940060802
2025-04-29,0.564048056102141,0.24051721453901295,0.2658378789380276,0.42142024686675666,0.47237221115788336,0.5533820599897685,0.5327311183102571,0.6281341351604258,0.5394854212359705,0.39716673648408873,-0.16688131961805244
2025-04-30,0.5815267245116438,0.2580491018540232,0.27935305184721293,0.43006785758186583,0.4806596386718978,0.5582298509826656,0.5384501758215596,0.6342245282088348,0.545297524628989,0.40013599207924266,-0.1813907324324012
2025-05-06,0.6137816402554465,0.2908945328476519,0.31122285339821604,0.4603577063774293,0.5055600306552109,0.5842044031056449,0.5641175431591903,0.6604448867652284,0.5693293984463069,0.4209890454936621,-0.19279259476178437
2025-05-07,0.6172219282172121,0.29366544232003,0.3157164086491482,0.46672552632210634,0.5123043846068873,0.5929842806203235,0.5707660687497592,0.6697902467678031,0.5787278788554479,0.4276767151888066,-0.18954521302840555
2025-05-08,0.629562544453805,0.3068129501448658,0.32781174995795426,0.47822975157199116,0.5207983688994874,0.6025498367535712,0.5799941569099981,0.6783447867333036,0.5873947522311952,0.43779996508388325,-0.19176257936992186
2025-05-09,0.6144299806140163,0.2917434883087279,0.3162345952556495,0.4667802236957782,0.5120689893408191,0.5899861755399817,0.5688799980314538,0.6682641896379157,0.578482437842645,0.4298724645978873,-0.18455751601612919
2025-05-12,0.622967495553025,0.30260963216893144,0.3285604811847026,0.48290892895216425,0.5244250916115093,0.6052247832773366,0.5826076435035361,0.6839891184428093,0.5924710313351458,0.4414609555021767,-0.18150654005084849
2025-05-13,0.6219356726450717,0.3033944748743526,0.3291321871356721,0.4803956892762138,0.5231910455621785,0.6022935463472696,0.5817791007857326,0.681642022622363,0.5892318437874866,0.43973664515152255,-0.18219902749354924
2025-05-14,0.6255921689961031,0.3070915439868309,0.3299729532896932,0.4809001182334207,0.523584722547625,0.6018646250532186,0.5819221753449193,0.6821139019804161,0.5892755985555993,0.43981165245215675,-0.1857805165439465
2025-05-15,0.6171506147920834,0.2971278104558451,0.31767771267178446,0.4700597653991514,0.5126645605232482,0.5902139890799246,0.5722868410231704,0.672787762228841,0.580511609876563,0.43417388241852944,-0.18297673237355405
2025-05-16,0.6176219024521727,0.30306199283029145,0.3237958161938764,0.4773339498369281,0.5177661640091521,0.5973895094288049,0.5773401369488093,0.6776404864675177,0.585225538727008,0.441064920105518,-0.1765569823466548
2025-05-19,0.6280151339171806,0.3114206551196309,0.3324427619453254,0.48405021074990856,0.5250387786264918,0.6046760065635421,0.5853212925999259,0.6857131116585427,0.5925205672384222,0.44831683569029857,-0.17969829822688202
2025-05-20,0.6377562531315234,0.3198284334947665,0.34258884956232727,0.4932635676563807,0.5328631111937225,0.6128645328372249,0.5944528667484015,0.6950245835963634,0.6017025349603251,0.45916091999146047,-0.17859533314006296
2025-05-21,0.6331681618491454,0.3133369016641528,0.33667980149312665,0.4891883590065419,0.5274855736282617,0.6091304964553844,0.5900394443107175,0.6897834323793259,0.5965600350629658,0.4553405392090972,-0.17782762264004826
2025-05-22,0.6183546792510941,0.3005638457099222,0.3241346207856524,0.4779188790098076,0.5152160451585478,0.5978435496148864,0.5799819378876964,0.6786244092324257,0.5864305042636825,0.4436828025675865,-0.17467187668350764
2025-05-23,0.607437393131521,0.2876320860109172,0.31333395854373824,0.4662040335382092,0.5065348924644095,0.5884106126281088,0.5693567553004135,0.6714399035937372,0.5771957468499378,0.4355260721151471,-0.1719113210163739
2025-05-26,0.6141626014371637,0.29731925681201093,0.3228386260721595,0.47642464909495197,0.5148640999563416,0.597513875221719,0.5786688478875509,0.6800566420646178,0.5850997425448627,0.44436465442618955,-0.1697979470109742
2025-05-27,0.6190820354907378,0.3018222170839732,0.32438398694757575,0.47640274500690993,0.515903436033836,0.59687637686281,0.5784040771086224,0.679976398362004,0.5867485305627078,0.4470197392251209,-0.1720622962656169
2025-05-28,0.6169900336422246,0.29505920983525824,0.32047980044272684,0.47408548502647246,0.5145554287404396,0.5939262256878115,0.5743341520001481,0.6770323840302047,0.584577656234863,0.44493561848682617,-0.17205441515539838
2025-05-29,0.6289216745412186,0.30828982355651974,0.3332935642878332,0.490522593178661,0.5314475781968702,0.6119735973037678,0.5935073292851096,0.697507437697982,0.6028340640126295,0.4639501281775857,-0.16497154636363287
2025-05-30,0.6182056399096282,0.29418998619545195,0.31789299968040563,0.4777869976654734,0.5173008904084101,0.5978847187405905,0.5798083928845172,0.6868402572467271,0.5908505294000153,0.4518065692364135,-0.16639907067321458
2025-06-03,0.6284991123249837,0.3035183896027765,0.32923084386068374,0.48675906103095723,0.5241744047372682,0.6054905270360507,0.5861445556053335,0.694709310640627,0.5975853562930074,0.4601466874170481,-0.16835242490793542
2025-06-04,0.6402115825276326,0.3129790751883839,0.338558798595647,0.4970682411695093,0.5343553715459649,0.6149603401200547,0.5961537300239403,0.7048777096646485,0.6067512934691102,0.4704581544284347,-0.16975342809919772
2025-06-05,0.6424830228072183,0.31390941184459886,0.34199448482053624,0.5004179442049117,0.539291920477949,0.6182976795443904,0.6002132220806985,0.7097568359108828,0.6108900216284867,0.4760255347160381,-0.16645748809118
2025-06-06,0.6407727731287853,0.3123764218996061,0.34177595772537683,0.5011321890989987,0.5399579188623309,0.620364121639346,0.6025325931583638,0.7106894552389363,0.6120465080691857,0.4770182370371375,-0.16375453609164767
2025-06-09,0.654053776426511,0.32625181898196975,0.35529329229740597,0.5125507452567926,0.550194927898529,0.6324175890359195,0.6134873949046671,0.7228620287328669,0.6257121591598125,0.4899965093950352,-0.1640572670314756
2025-06-10,0.645987668035531,0.31954020333707595,0.34601135303470465,0.5048055123964248,0.5411991632029745,0.6235071375794589,0.6049528774031477,0.713549064676969,0.6181898719905936,0.48162904123689365,-0.1643586267986371
2025-06-11,0.6493481023143552,0.32464759738506516,0.3497606556523844,0.5094956054554325,0.5465394790592711,0.6303049360023417,0.6108032730291075,0.7210070252783803,0.6241967185479019,0.4878310431225484,-0.1615170591918067
2025-06-12,0.6483199832536751,0.32565263149397367,0.3505464444109224,0.5106938898943909,0.5496553021762648,0.6323737916369809,0.6149449069495279,0.7234983412613114,0.6284227671460049,0.4908867967306922,-0.1574331865229828
2025-06-13,0.6327702845463876,0.3075977071241976,0.33227685576978333,0.493118060128003,0.5330169616513107,0.6151764085625925,0.5989034635902267,0.706349405912483,0.6135922509938573,0.4752686875837107,-0.15750159696267674
2025-06-16,0.6378397761141873,0.3151074144734848,0.3404077591314524,0.5026247900015723,0.5405926831868783,0.6227598756702127,0.6077011743628767,0.7153734115731939,0.6229352601444029,0.4842834230641072,-0.15355635305007995
2025-06-17,0.6349868081129424,0.31232494322558924,0.3355931337498693,0.49844282594991185,0.539074214309545,0.6210274727334493,0.6064653482864677,0.7167438682888534,0.6247172320064839,0.4873632183954131,-0.1476235897175292
2025-06-18,0.6297590600605166,0.30597625806343254,0.330730628590257,0.49450954875889636,0.5334584789966335,0.6177742088899557,0.6048371090687263,0.717248068366461,0.624444058790899,0.4884897524536319,-0.1412693076068846
2025-06-19,0.6130427585391508,0.2869512977627609,0.30976243705133577,0.4761484544118722,0.5165181060931965,0.6018213684132679,0.5886867323006839,0.7014760007684231,0.6099298154996589,0.4729641709967003,-0.14007858754245034
2025-06-20,0.6066908744011511,0.27980648124454266,0.30306773015627364,0.4672136747465753,0.5089331377420941,0.5950577468780529,0.5835602763277838,0.696875464444496,0.6047379576646329,0.4679819389535371,-0.1387089354476138
2025-06-23,0.6183234480842786,0.29575646996265703,0.31876718530564263,0.4841587086884147,0.5229204835205848,0.6103962016024883,0.5981462965627181,0.7118720675207109,0.6236039316166117,0.4861422742369704,-0.1321811738473081
2025-06-24,0.6382034933439518,0.31397727089157146,0.33595731933909734,0.5026798066620224,0.5436607376965482,0.6295773283328616,0.6174852422639706,0.7322553611557922,0.6435317055350348,0.5105190710421732,-0.1276844223017785
2025-06-25,0.6484842995373615,0.32283942060003323,0.3447082834420224,0.512940017536379,0.5526874984057121,0.6396285717970788,0.6282089199901346,0.7427655863872433,0.65325309011014,0.5178985983741587,-0.13058570116320278
2025-06-26,0.6454173389782965,0.3207094772403262,0.341860383747009,0.5118086194499991,0.5489138790921072,0.6349795066727706,0.6276033437948911,0.74068452438072,0.6501442476592447,0.5146736645200194,-0.13074367445827703
2025-06-27,0.6504907012241428,0.32431881183642225,0.34613795889254567,0.5168876985825556,0.5533842619649814,0.6405661533031284,0.632379717589672,0.7475606640179777,0.6564999187015591,0.5230647310339994,-0.1274259701901433
2025-06-30,0.6635940960620887,0.33970157426577885,0.3616444703185489,0.5300434106069218,0.5658718067168212,0.6539597513843602,0.6452171783020729,0.7584728265214684,0.6681285662453331,0.536394389362607,-0.12719970669948166
2025-07-01,0.6680729114913894,0.3431869945525126,0.36686462965416944,0.5327859820645932,0.5681613300798052,0.6576688348222436,0.6484075908676407,0.7605198019635362,0.6710687435271895,0.5391998192810088,-0.12887309221038049
2025-07-02,0.6659529978138191,0.33632264098027026,0.3586567382387903,0.5255958728385463,0.5637651675937976,0.652579019289411,0.645495089389284,0.7570142590265094,0.6661546757584222,0.537699300270904,-0.12825369754291507
2025-07-03,0.6700069262565227,0.339967989175157,0.3648006664569574,0.5314519066191024,0.5705406993710502,0.6614851710962453,0.652853565814184,0.7637761874299269,0.6722704300502345,0.5441928779461845,-0.12581404831033807
2025-07-04,0.6634353898476922,0.3322609026348773,0.35840762768325285,0.5246762247963739,0.5630680469797089,0.6538595895192759,0.644882703937309,0.7554451552374369,0.6606484508759866,0.53420737729666,-0.1292280125510322
2025-07-07,0.671394623989716,0.33921681744997517,0.3650466786081156,0.5321606715650679,0.5684430494686211,0.6598186679220015,0.6521701915422674,0.7618338339129377,0.6656812413182763,0.5400880550002973,-0.1313065689894187
2025-07-08,0.6821526182819765,0.3494669541905105,0.37636372566992554,0.5432519463303559,0.5814230961728925,0.6720725735985145,0.6653460220617157,0.7743797469943866,0.6762296987930049,0.5523761242728001,-0.12977649400917635
2025-07-09,0.6804855561084896,0.34794225767142806,0.3744663417680832,0.5400934700968405,0.5802626926910766,0.6703351522523805,0.6653286451749111,0.7730581858998594,0.6750927525148646,0.550598353164675,-0.12988720294381456
2025-07-10,0.6840844914727789,0.3485405598818943,0.3753446468896671,0.5426417823901556,0.582841819488064,0.6713975149105681,0.6671010757892165,0.7758502264554874,0.6786085302511907,0.5508707453365588,-0.1332137461362201
2025-07-11,0.6911248711879526,0.35322083383944103,0.3785377625850287,0.5472951212003696,0.5858515171057124,0.6752258046309582,0.6707442278128545,0.7803065710347038,0.6813663336322119,0.5520319745088216,-0.13909289667913102
2025-07-14,0.697244731318657,0.3607330054553236,0.3828282791113089,0.550892680795476,0.5895817300733448,0.6803737353656093,0.6757618662358684,0.7881122056918257,0.6872600901276988,0.5572696552570994,-0.1399750760615576
2025-07-15,0.6870442989973523,0.35016241663010783,0.3746184235141894,0.5419366789123542,0.5822907956697916,0.6720393032350697,0.6682760507283677,0.7817610845633363,0.6804667194583155,0.55171869415557,-0.1353256048417822
2025-07-16,0.694327828343652,0.35678782858308855,0.3796865725362881,0.5470757389882085,0.586573687231936,0.6772761091287195,0.6723137901542077,0.7865107684028793,0.6863544299283428,0.5574725526600206,-0.13685527568363123
2025-07-17,0.7028751397627575,0.3665568655056119,0.3902239370931808,0.557655084663742,0.5952168653764058,0.6857109006413235,0.6824295763151189,0.7964851677347263,0.6962055471535055,0.5633556045530237,-0.13951953520973365
2025-07-18,0.7058227479705622,0.36768788236747574,0.39228395596741106,0.5608707317127827,0.59687248768257,0.6889706096116713,0.6854195604269235,0.7982714234612697,0.6995791503046196,0.5651760802871056,-0.1406466676834563
2025-07-21,0.7198079402938264,0.38070227553832475,0.40463951368820517,0.5750941764475506,0.6086910060392186,0.7033453739956816,0.6979256671537589,0.8128759438829686,0.7131582392949977,0.5762367807556034,-0.14357115953822283
2025-07-22,0.7220454103898072,0.3829118044073522,0.4053572923791733,0.5755476933186898,0.6100358860609582,0.7041338945853715,0.7003808099993138,0.8154403324302716,0.7171709381002379,0.579024703324697,-0.14302070706510991
2025-07-23,0.714407660871562,0.3757597351958599,0.39695203240203075,0.5684987941776081,0.6025692241260264,0.6985342623479874,0.6952443357019654,0.8088198097333961,0.7112419916014334,0.5724511430300955,-0.14195651784146632
2025-07-24,0.7282957754591773,0.38963622529324476,0.41078933691976277,0.5799597593217262,0.6140127617425934,0.7097988258439003,0.7089240961910519,0.821202375938877,0.7227383238908558,0.5820348444816853,-0.1462609309774917
2025-07-25,0.7302721071360009,0.3910282258470075,0.41021458813843814,0.5815173611562309,0.6148306012893007,0.7133647797410472,0.7123091186819029,0.8250114864455981,0.7260268845141346,0.5861028203310793,-0.14416928680492122
2025-07-28,0.7359203932575965,0.3973432073425844,0.41450907478427423,0.5890188348231664,0.6194325152504071,0.7194948960798834,0.717272134016179,0.8295307077577562,0.7294012778097011,0.5904465902630294,-0.1454738029945668
2025-07-29,0.7374857685976585,0.3999800739650149,0.41792409763844696,0.5915766404578582,0.6221196123267272,0.7237736654971956,0.718343886639207,0.831767085202518,0.7315404980127888,0.5933868636766835,-0.14409890492097469
2025-07-30,0.7334995749744164,0.396324187469876,0.4117583350899222,0.5853094111691886,0.6165876797302369,0.718300479704757,0.7117715470531611,0.828665743749488,0.7255217302023987,0.5887869743656224,-0.1447126006087937
2025-07-31,0.7219283101353953,0.3828300375849545,0.3998763132775295,0.5742727716682458,0.6059061171990504,0.7072253965068582,0.7005142266994759,0.8188865729539613,0.7166400332917722,0.5808691875069587,-0.14105912262843628
2025-08-01,0.726963939607366,0.38334568130563534,0.40391853873370576,0.5786647758960994,0.6113640713040647,0.7122864414780211,0.706010282883986,0.8256206914246139,0.7237598118458441,0.5853899034985769,-0.14157403610878885
2025-08-04,0.7390782555718624,0.39683451950173076,0.4151516821842966,0.5883226307192794,0.6220533191144443,0.7228475695848958,0.71670286437813,0.8376762096286708,0.7356229513662347,0.6025686828253898,-0.1365095727464723
2025-08-05,0.7509291576776432,0.40456210376077795,0.4236070156633746,0.5969950476168995,0.6299267071307154,0.7315898202378082,0.724794461529459,0.8472228296923141,0.7438535130951918,0.6118297763350194,-0.13909938134262353
2025-08-06,0.7574385420258506,0.41256587718673166,0.43123927047917554,0.602200269597219,0.6366832546779052,0.7397041100252594,0.7322687109907003,0.8555743549250305,0.7522454580308697,0.6232694889185584,-0.134169053107292
2025-08-07,0.7601488146815075,0.41387965527563536,0.4316960043053382,0.5999551560082272,0.6343467369774889,0.7389522764796862,0.7323727075364043,0.8545527972907193,0.7527399689833607,0.6232874187393469,-0.13686139594216043
2025-08-08,0.7586102873745469,0.4135929208218443,0.43201221203601076,0.6040209245097373,0.6376352176674734,0.7409887950183904,0.7304411509128933,0.8542213970524749,0.7490023445984846,0.6218981085394871,-0.13671217883505965
2025-08-11,0.7743816511380248,0.427827527698544,0.4479468323556138,0.6192403208509003,0.6528253736815963,0.7543581763481627,0.7459375445581913,0.8703131500735746,0.7610885954766776,0.6354159863445126,-0.13896566479351213
2025-08-12,0.7748666890530049,0.4269643181291695,0.4457861902267105,0.6191209078229937,0.6515288877459318,0.7542103384186492,0.7448789768556137,0.8708555936540704,0.7629936219235431,0.6361472968277125,-0.13871939222529228
2025-08-13,0.7787259478440781,0.43470927761898936,0.4532975955636086,0.6262362579260647,0.6587815922218758,0.760612758726676,0.7521903234799304,0.8776077598009441,0.7674489331538609,0.6435490033239628,-0.13517694452011525
2025-08-14,0.7640918675267435,0.41735589469674905,0.435972329735411,0.6085747126299501,0.6395706130478038,0.74153054049298,0.733173582465112,0.8593703294051294,0.7491199286563777,0.6271369246106111,-0.1369549429161323
2025-08-15,0.7825551513237298,0.43647095008956177,0.4547818968588105,0.6268181701455358,0.6578038152970423,0.7584819228970259,0.7485619802089193,0.8762568909251047,0.7666894993820109,0.6425604448556789,-0.1399947064680508
2025-08-18,0.7965657545358859,0.4541882812346046,0.4664225870998209,0.6432634526674572,0.6731027063237033,0.7723218243288533,0.7639330866829027,0.8909001046189006,0.7796523054322627,0.6588383181807449,-0.1377274363551408
2025-08-19,0.8034509732288734,0.4570207117986992,0.47094969055931946,0.6476516170679587,0.6757558281737237,0.7779620088869948,0.7689129124131495,0.8939696425798648,0.7848051501023772,0.6621186748168816,-0.14133229841199169
2025-08-20,0.811674510802676,0.4633114539239058,0.476387442770349,0.6520789785295651,0.6820635112000074,0.7870704826165874,0.7771735776800154,0.9027860985257665,0.7946645643432154,0.6705296793297683,-0.14114483147290777
2025-08-21,0.8136739652372633,0.46212096537805536,0.4718965639275159,0.6468933795510275,0.67662710902331,0.7839446314644603,0.7744386983555046,0.9009667861875298,0.7918731643490684,0.669625768794419,-0.14404819644284425
2025-08-22,0.8166813647639669,0.46587059970505945,0.4780915204503159,0.6543474370443426,0.6863676145680648,0.7937084289296829,0.7838530523562226,0.909252404618227,0.7981825374202027,0.676051184928299,-0.14063017983566792
2025-08-25,0.8263549986743248,0.4770373958685532,0.4904557889663774,0.6661954792589241,0.6973333573478698,0.8036650482110077,0.7941480752865895,0.9194452534477778,0.8083166348501388,0.6856535620473142,-0.14070143662701065
2025-08-26,0.8306962942062753,0.4805674633169914,0.49443402813617104,0.668090013166978,0.6972962753096152,0.8047915832843174,0.7939216432587257,0.9203515895363992,0.8111110581641121,0.6891522604107848,-0.14154403379549052
2025-08-27,0.8023093919770256,0.4547211524856043,0.4696460679691203,0.643240568960038,0.6750240049214147,0.7801464110191833,0.7687981022618338,0.8969155089322491,0.7879577442788126,0.6696449622264553,-0.13266442975057027
2025-08-28,0.8036480462024576,0.4585960766750183,0.47697770536464307,0.651194259152974,0.6849372156680612,0.7901106605808781,0.7773584908060872,0.9045321591566182,0.7943144228988197,0.6732681475307993,-0.13037989867165822
2025-08-29,0.7994815011342866,0.4558588622325196,0.47153090667073627,0.647007055018335,0.6816412799200052,0.790011066529186,0.7744924080612386,0.9018887042522661,0.7940264773499331,0.673225867932278,-0.12625563320200858
2025-09-01,0.8093316463929675,0.46532437843845326,0.47932833424737925,0.6590860013053558,0.6903531934051763,0.7988360554665744,0.7843958092698616,0.9107832304829212,0.8022633069698664,0.6828379686612577,-0.12649367773170986
2025-09-02,0.7957969711921492,0.44939661895293054,0.4617847139341396,0.6374394702045059,0.6688515694752828,0.7786969059765132,0.765906784512442,0.8940514176319591,0.7894179618039036,0.6704907682109074,-0.12530620298124184
2025-09-03,0.7741214258498346,0.43062422211898577,0.444991330770009,0.6212769939468875,0.6500490577960163,0.7586567231230257,0.747438988407286,0.8746293003241378,0.7691227963423444,0.6520151946563514,-0.1221062311934832
2025-09-04,0.7733532433885795,0.42151825722931335,0.43212359683688933,0.6082802231853367,0.6358421067854144,0.7486752845381144,0.7372368349511932,0.8669574912076052,0.7670610922360523,0.6459144287512656,-0.12743881463731385
2025-09-05,0.7943733890447544,0.4470892862319459,0.45749771358791785,0.6347465869158083,0.6616314665699617,0.7760640710880468,0.7622236405188733,0.8915769406967352,0.7889703558174002,0.6628801206167961,-0.1314932684279583
2025-09-08,0.8087942949400322,0.45981475610846484,0.4688603615857033,0.6489886438550084,0.6732226214786869,0.7879972284075427,0.77525818361351,0.9060513724663043,0.8013421889028056,0.6786295852895053,-0.13016470965052687
2025-09-09,0.7983131211298723,0.450252350876743,0.4602579267582363,0.6380292071694557,0.6604942256175032,0.7749928614029535,0.7653985080747988,0.8973145425329403,0.7923537150577186,0.6711857356713807,-0.12712738545849153
2025-09-10,0.7997029709785407,0.45090525215691724,0.4620801305394354,0.6405717483734253,0.6623830219506778,0.776380182176896,0.768712911749098,0.8975710222987155,0.792451262451249,0.6735742943552293,-0.12612867662331143
2025-09-11,0.8098742069575605,0.4660918052853608,0.47898062901840543,0.6595318536030079,0.6814174353678815,0.7933398310469547,0.787525546477759,0.9150881293899483,0.8069160151723418,0.6838780711614657,-0.1259961357960948
2025-09-12,0.8097919596973037,0.4667231912239527,0.4767227066826165,0.6585745715326687,0.682644256064394,0.7918592782044979,0.7873017233307558,0.9124026109894494,0.8067184622737942,0.6821161625446047,-0.12767579715269903
2025-09-15,0.8105579442987452,0.4660070322762734,0.4769150582675091,0.6589892984208373,0.6828512540362076,0.7905726059883115,0.7856936046008698,0.9109595795188865,0.8033989669978285,0.6808566044514561,-0.12970133984728915
2025-09-16,0.8217421863623345,0.47766751379577893,0.4896352146866394,0.6695443276189955,0.6968370859888057,0.8035813243124192,0.7980405144107366,0.9205776570584541,0.8109924264006535,0.6886091493896636,-0.13313303697267115
2025-09-17,0.8248393649628638,0.4808349442939474,0.49283245982282775,0.6730078787495264,0.6999675419370888,0.8085574848997552,0.8016319898955723,0.9252467836995961,0.8141969434118005,0.6899754838605837,-0.13486388110228034
2025-09-18,0.8091767296653497,0.4659557624199346,0.4801538763137616,0.6584035833880124,0.6860890510371328,0.795885877313198,0.7902327577062515,0.9109276769378869,0.7994010392303974,0.6755734966842558,-0.13360323298109414
2025-09-19,0.803967744511267,0.46083086178041716,0.472358759236091,0.6519577666816471,0.6823771241919664,0.7903778591100465,0.7878100726316302,0.9074089851701335,0.7934193815925262,0.6724097336296954,-0.13155801088157182
2025-09-22,0.8032210611041075,0.46367526894647954,0.4767613244447481,0.6574712055658408,0.6857834841657504,0.7925503667722117,0.7882819368070484,0.9084547326335501,0.792583355456641,0.6714103514055056,-0.13181070969860212
2025-09-23,0.7885954027594999,0.4491132541276501,0.46420478104932394,0.6466503748652795,0.6765861753833196,0.780086092671007,0.7748881027696752,0.8966904565116189,0.7797761714364835,0.6615770231108548,-0.12701837964864546
2025-09-24,0.8032756105790609,0.46297726503795905,0.48051466100374984,0.662271067066503,0.6936694977885722,0.7938760359715903,0.7921919373873845,0.9130979838160659,0.7984306987876433,0.6767006890131181,-0.1265749215659432
2025-09-25,0.7973714979655232,0.4587076186184499,0.47429140590346935,0.6566765820888679,0.6902929938087936,0.789383902613058,0.7865866014869183,0.908655908639584,0.7919606636521206,0.6706128785995196,-0.12675861936600402
2025-09-26,0.7883382587572044,0.4504334226332831,0.4641859816060008,0.6458856988619337,0.6768770987632405,0.7776093710111923,0.778910966439233,0.9019149450030325,0.7874012274853416,0.6694402335635657,-0.11889802519363903
2025-09-29,0.7946689374774645,0.46034720115254096,0.4764861538599565,0.6568987246200805,0.6879944080360234,0.7871846517894594,0.7891169977979355,0.9111575175403072,0.7957902439852018,0.6763595405557485,-0.11830939692171623
2025-09-30,0.8012435902787722,0.46625214334405385,0.4823869904431307,0.6639462050731418,0.6931219560952865,0.791744843133383,0.7939619237263988,0.9141556679272569,0.7968272881107888,0.6775603871288421,-0.12368320314993038
2025-10-09,0.8088386331279817,0.47579511241798916,0.49379018478683534,0.6739832004201185,0.7015852108870841,0.8020595700833497,0.8029034120614457,0.9194006869794766,0.8009593805131835,0.6829084871720073,-0.1259301459559748
2025-10-10,0.8073199690692114,0.47327694431858675,0.4848630319436789,0.6639071317157162,0.694379807278569,0.7968619317348058,0.7981599394884303,0.9173084519043864,0.800746471211838,0.6864374739355309,-0.120882495133681
2025-10-13,0.803573696533877,0.46992838505473483,0.48211917184528136,0.6617471467127297,0.6937715504403059,0.7910856552318801,0.7927947123881628,0.9132115045832871,0.7972873716735327,0.6840414586394021,-0.11953223789447531
2025-10-14,0.7926414739247237,0.4581759928090503,0.4693160953253412,0.6453970928913539,0.6806647650692421,0.778784186270042,0.7792352755292714,0.899645666049938,0.7894134821323258,0.6769341083979774,-0.11570736552674679
2025-10-15,0.8087155126770716,0.4733578020582385,0.4836230988767595,0.6598127840594671,0.6950764162158818,0.7964540835294747,0.7944066490506814,0.9125933569148239,0.801483968725465,0.6889032549272578,-0.11981225774981431
2025-10-16,0.7978755448954279,0.4651015132799247,0.4725855931410031,0.6476699688154695,0.6832975420151072,0.7851935252388157,0.7830579743195332,0.9010434573095523,0.7913217613641456,0.6819241013505056,-0.11595144354492275
2025-10-17,0.7778767560191477,0.44075092914955166,0.44946668855656174,0.6219427067346388,0.657839449640461,0.760564344880645,0.7578180921158043,0.8793948460034251,0.7703040752827728,0.6622261530384583,-0.11565060298068988
2025-10-20,0.7936013549077297,0.4546964774028828,0.46206840025245344,0.6325859567058623,0.6695480974147078,0.7727962539340757,0.7692162637197556,0.8933806839829316,0.7811854443595986,0.6747642588730413,-0.1188370960346889
2025-10-21,0.8109955615360811,0.47136874807052637,0.4779402220959119,0.6485935248217494,0.6856547925194173,0.7919699148083389,0.7866580541743375,0.9092414358695854,0.7971610686724426,0.6897052971492786,-0.12129026438680302
2025-10-22,0.8100470662281412,0.46671409746571946,0.47348307353605346,0.6439907587248859,0.6805256658496438,0.7902855674130519,0.7856076601607871,0.909197945533968,0.7961685997265769,0.6896086509238638,-0.12043841530427786
2025-10-23,0.8127673456774128,0.4675938191875991,0.4740848023819238,0.6446770953895471,0.6815817025524536,0.7919225679230703,0.7879049179694438,0.9128075697447159,0.7998842221777238,0.6928039808574757,-0.11996336481993755
2025-10-24,0.819268171584786,0.4762010604094333,0.4819613041016599,0.6528355074860867,0.6903203012657814,0.8011539964224568,0.7937751101480475,0.9188175445524132,0.8062042239196621,0.6961611918305853,-0.12310697975420119
2025-10-27,0.825468024360334,0.48525951554766655,0.4922057516899893,0.661174312766282,0.7012416855090199,0.8106783985114486,0.8016405361493827,0.926242925464629,0.8115844263936238,0.7019980308102226,-0.1234699935501118
2025-10-28,0.8258753140396907,0.48620969442490497,0.49211282316009447,0.6584030252554723,0.7012906953704721,0.8104518929989012,0.8021557635750333,0.9270845453491778,0.8116386140282617,0.7048539206419083,-0.12102139339778294
2025-10-29,0.827635484964432,0.4918090842907119,0.49578508071467076,0.6631361966527655,0.708313049205545,0.8137306405222986,0.8050228654287671,0.9283186125905918,0.8132896838516769,0.7034377587848544,-0.12419772617957811
2025-10-30,0.8157506695540018,0.4797254783332826,0.4830818077686135,0.6509776541433617,0.6954258757126036,0.8009849293606428,0.7951266216211815,0.9185603239983053,0.8025875762280709,0.6924185248513707,-0.12333214470263161
2025-10-31,0.8285579602669623,0.4918416887476358,0.4903374655524592,0.6565179315306171,0.7030508487529057,0.8075986754113486,0.8035214321527766,0.9254529892451472,0.8110340623605974,0.7018487197359087,-0.12670924053105412
2025-11-03,0.8346992427120226,0.4957718181951069,0.496716570194372,0.664331525896686,0.7106292430836748,0.8151050768940303,0.8113456646985143,0.9333118524990736,0.819595228286244,0.7121231400840553,-0.12257610262796781
2025-11-04,0.8249813572978126,0.4857206946672278,0.48698813749111736,0.6550207943307259,0.7039503955049086,0.8061384143044962,0.8027425131343715,0.9271089686541419,0.8146287064262296,0.7082526293744525,-0.1167287279233607
2025-11-05,0.8320150693195785,0.49188447231835125,0.495052225923122,0.6635654021600993,0.7101131316276558,0.8148328566280001,0.8084496407808088,0.9327225307761035,0.8205960834461348,0.7137699597597731,-0.11824510955980597
2025-11-06,0.8364188989052702,0.49633600642585357,0.5006891191086874,0.6710996174764627,0.7154642767621526,0.8216254560196312,0.8140946311378214,0.9388058852209463,0.8264824711021136,0.7156645158348682,-0.12075438307040255
2025-11-07,0.834419458123168,0.4925866464509281,0.49941687812833413,0.6682659952277132,0.7133132584699047,0.8198413731157138,0.8139593383590926,0.9363698478073696,0.8271062462938105,0.7142583210055855,-0.12016113711758301
2025-11-10,0.8400818782859505,0.4962986467329128,0.5055492561135967,0.6756681125471871,0.7185827245802269,0.8261804188310501,0.8215914301795126,0.9434946525323497,0.8365947628284135,0.722435288806903,-0.11764658947904799
2025-11-11,0.8427144312256464,0.49690701729071346,0.5077573318748239,0.6780951227534134,0.718796057265961,0.8268848515199563,0.8223090043193197,0.946093237352146,0.8386829148939364,0.7260309788690725,-0.11668345235657442
2025-11-12,0.835353606419173,0.48712286763336515,0.5027970399850388,0.6704441526707432,0.7128854532121238,0.8221573686239739,0.8181201758295221,0.9416469149396408,0.8364525018351685,0.722570781438171,-0.11278282498100253
2025-11-13,0.8447783915546522,0.49831587354177187,0.5144193062268689,0.6836186338311261,0.7257337819886212,0.8329263167700744,0.8290348150701211,0.950484229900525,0.8470541583732187,0.7310930620139644,-0.11368532954068826
2025-11-14,0.8409720576867524,0.4945474467249328,0.5110590807965165,0.6793434165477895,0.7199696598393994,0.827206730182525,0.8243875177045622,0.9455442727308856,0.8414708587966342,0.729705257590225,-0.11126680009652794
2025-11-17,0.8399300577317175,0.4979485657506784,0.5117306027054639,0.6819654277200818,0.7207622905604513,0.830285360753932,0.8252755090084729,0.9485443960008912,0.8449704367871775,0.7337693965579623,-0.10616066117375575
2025-11-18,0.8323001510737784,0.4862761769496942,0.4969899693973522,0.6695718340318693,0.7067557495755787,0.8171759640823242,0.8138300315099131,0.9394956739370572,0.8345789738719694,0.7250057027513056,-0.10729444832247331
2025-11-19,0.819667089848527,0.4738790955577562,0.48589271100006953,0.657549074068372,0.6944456072254664,0.8064282113992408,0.8028273056989392,0.9283841363327978,0.8201026889346755,0.7147236380210956,-0.10494345182743178
2025-11-20,0.8138246702815631,0.46614454538757905,0.4779333037235401,0.6489165551982974,0.6870660763207147,0.7979235706061409,0.7955832667347084,0.9225159626991806,0.8145895830611645,0.7094526064626715,-0.104372063818892
2025-11-21,0.7786568968491058,0.427899188860178,0.4395296699556176,0.6087575413209375,0.6463234238020605,0.7587493837980981,0.7567272535342912,0.884009082488115,0.7798774774863108,0.6784711841717102,-0.10018571267739605
2025-11-24,0.7951625637419736,0.44549415205814874,0.4558777241403033,0.62342935985505,0.6594175312995073,0.7737455849538863,0.7705164363630419,0.9005231486519376,0.7957470758430781,0.6997314697613833,-0.09543109398059069
2025-11-25,0.8068100449552272,0.4567547467683197,0.47215564013606015,0.6379494719407763,0.6736519019984475,0.7883215209411818,0.7841932935578781,0.9159125199001272,0.8077826206744444,0.7107613909292447,-0.09604865402598288
2025-11-26,0.8039852096313835,0.45108191354227645,0.468062619714438,0.6348947712322532,0.6695706195491811,0.786546042808947,0.7787014367180664,0.9113692066829039,0.8048531841307524,0.7060883797658248,-0.0978968298655591
2025-11-27,0.8093685791040807,0.4566198447712349,0.47278110489700464,0.6398796737765069,0.6740887454154337,0.7894320757409756,0.7821379164965188,0.9145356500947733,0.8067311323944166,0.7060957889189764,-0.1032727901851046
2025-11-28,0.8212372700628795,0.4704431634483786,0.48499755606362016,0.6496857300247237,0.6882220837105757,0.8054534695153667,0.7961868049487755,0.9266134844172987,0.8176583997301414,0.7149348862665751,-0.10630238379630472
2025-12-01,0.8263879473722683,0.4779309237427653,0.4906208383607116,0.6537609920451133,0.6934987205819441,0.8110616480763002,0.8017307180850257,0.9338649884469846,0.8242468024146699,0.7227664626523173,-0.10362148471995133
2025-12-02,0.8202941351922094,0.4719533650207328,0.485620122457243,0.6493684896952379,0.6880624574008471,0.808372604055841,0.7963270404725092,0.9292837278160699,0.8180116443380158,0.7145284804615465,-0.10576565473066324
2025-12-03,0.8143484412970171,0.4642170669503467,0.4795247980941544,0.6443731712391829,0.6812872987117587,0.8011276832861656,0.7890151504524135,0.9206952675668235,0.8076989793735256,0.7032083034902123,-0.11114013780680511
2025-12-04,0.8088925447689882,0.4595105114494115,0.4720186685274328,0.636165095524134,0.672326534037097,0.790077668453784,0.7815302988619579,0.9132540138364204,0.8011694049653594,0.6984082941105846,-0.11048425065840387
2025-12-05,0.8225839782689549,0.4738602948690974,0.4865118823758129,0.6515374379094976,0.688061534440769,0.8029384924779771,0.7957067490972224,0.9279903957585351,0.8156247617618655,0.7104864966648178,-0.11209748160413734
2025-12-08,0.8287696917124368,0.4815800374541051,0.49328509073282045,0.6605905925971053,0.6972412174107994,0.8132390103911697,0.8048285524082275,0.9373718042367527,0.8266045729691169,0.7190668319812478,-0.10970285973118925
2025-12-09,0.8204294923121151,0.4751709587364704,0.48623162059655195,0.6532632597751457,0.6915393670351958,0.8036929496991382,0.7976899758825163,0.9297016984972573,0.8197721669194735,0.7144116376564869,-0.10601785465562853
2025-12-10,0.8200008690102281,0.47638440569546037,0.48631526885016174,0.6545523581149348,0.6912865970232497,0.803974628456641,0.7978140394421893,0.9293128218155297,0.8221383169490903,0.7186990435949804,-0.10130182541524789
2025-12-11,0.8048878725663381,0.46219309617934673,0.4716168392848006,0.6375119995230378,0.671852415121998,0.785029835752045,0.7797203441095901,0.9112576306649822,0.8048591366942854,0.7061725878464113,-0.098715284719927
2025-12-12,0.809426503390698,0.4689677088862822,0.477015214247788,0.6442875393206178,0.6732777928999225,0.7850506940147061,0.779273029913153,0.9114041106912739,0.8069481937668885,0.711440096711884,-0.09798640667881424
2025-12-15,0.8112565121095933,0.4676545293151041,0.4758757173638399,0.6414881828667945,0.669564565559328,0.7842305628164336,0.7776393974781575,0.9091317265587067,0.8047786712195402,0.7046981449529488,-0.10655836715664473
2025-12-16,0.7957436047268283,0.4496867795562747,0.4586457153000583,0.6252020082736249,0.6534862030269207,0.7650974344547081,0.7608403742981585,0.8933863645476996,0.790289428225284,0.6900508719867331,-0.10569273274009544
2025-12-17,0.8046921569927775,0.4590375443957288,0.46708824842505203,0.633165444459328,0.6615320771150925,0.7711008653407309,0.7678546433722263,0.9001040021551364,0.7997391985488165,0.7008597474514536,-0.10383240954132417
2025-12-18,0.807433096743428,0.4614601546596919,0.4708303227785458,0.6359520744551731,0.6631907227678406,0.7739789485334632,0.7709141617258001,0.9031496150491558,0.8007017982051012,0.7001635315633785,-0.1072695651800498
2025-12-19,0.8231300736003508,0.47493599681270887,0.4865828007463302,0.6499524375231802,0.6762498004575913,0.787897757477342,0.7874506433601873,0.9179350998887479,0.8142061330951993,0.7133945862491005,-0.1097354873512506
2025-12-22,0.8286218090181133,0.48096754495013183,0.49194163365559607,0.6545220740835038,0.6829025576255151,0.7963349054889617,0.7949631530524017,0.9259619660182703,0.8184767678190186,0.7182763400544624,-0.11034546896365116
2025-12-23,0.8233012913450372,0.4751640709325583,0.48488247920814787,0.6464488990472314,0.6757095654238152,0.7911644043534867,0.7903080983170353,0.9229364960093724,0.8157521598403573,0.7140669040728647,-0.10923438727217274
2025-12-24,0.8350185068901291,0.48787062065815917,0.4972348162226018,0.6586609498215187,0.6894466918634535,0.8038555651083108,0.8039078935897657,0.9353119465380988,0.8290839511009974,0.724555360838888,-0.11046314605124127
2025-12-25,0.8456775772993135,0.4977937120244674,0.5070622267669,0.6694012635976314,0.699926095969587,0.8144355266748234,0.8106510858508439,0.9453267875442564,0.837824893589392,0.7332073033846779,-0.11247027391463572
2025-12-26,0.8439258597603803,0.4992329223006247,0.5072647419876741,0.6691059672811117,0.7023648595867376,0.8132385060573214,0.8081764128872405,0.9434568908996769,0.8376759117841932,0.7304912076980418,-0.11343465206233852
2025-12-29,0.8406251484242795,0.49910604667203495,0.5039468420540177,0.6677086327200591,0.7022373070158768,0.8104829024870834,0.8061034678519767,0.9429710642239165,0.8369399532543321,0.7308044367058388,-0.1098207117184406
2025-12-30,0.8375690484145609,0.49745081639773886,0.5030902056336568,0.6649837254596161,0.7006256909767697,0.8101087851698228,0.802709983739179,0.9405919593972004,0.8342268038047508,0.7275152480208116,-0.11005380039374935
2025-12-31,0.841471365964173,0.502031752070106,0.5059893468894631,0.6678195893940033,0.7013426933543085,0.8105221513031153,0.8016304723137052,0.9395181973677169,0.8359998667680305,0.7271129468764362,-0.11435841908773678
