Date,1,2,3,4,5,6,7,8,9,10,H-L
2020-01-03,0.006159201395950874,0.00520223724606065,0.0077109082548414525,0.005187501935913591,0.002913185815830574,0.004386038922872736,0.002454718164804094,0.004924111257057183,0.004464057684732497,0.0033939644527186696,-0.0027652369432322045
2020-01-06,0.01898587667794209,0.013585098748912474,0.014103569435309406,0.011077698776878916,0.008846655601747706,0.009505172849549506,0.011265100245136222,0.00977046287330946,0.008387084628107505,0.00862098812160697,-0.010364888556335121
2020-01-07,0.02796600459107375,0.023852202920518657,0.02569074096514986,0.022677751516445778,0.023370593427785233,0.022431380724716357,0.026468392161817296,0.024165923365365216,0.024161431612555642,0.024761448984838653,-0.0032045556062351
2020-01-08,0.014020753036594367,0.00828411125904566,0.012293067862863152,0.009435101432183655,0.009817988624533652,0.008748144340537953,0.014225301572440119,0.0088648354665195,0.008968959092363196,0.007756938903790686,-0.0062638141328036825
2020-01-09,0.017537048660552685,0.020792778767511184,0.025376476392474583,0.02433199864748582,0.027675206122450155,0.026636512001595662,0.03291880245064915,0.02762023254874401,0.02638737927836093,0.02885817559623019,0.011321126935677503
2020-01-10,0.010266725225114192,0.019173718216332403,0.02266849649053613,0.022586484032938035,0.024195802163507567,0.024117203280193098,0.02928605468878326,0.027315572647093285,0.025268181478493506,0.02838768640047372,0.018120961175359527
2020-01-13,0.02465751089613931,0.03015786728287664,0.03238124134434195,0.03348921148183412,0.03385988596268379,0.033932097124988694,0.039836234798508854,0.03672639234437802,0.03567313867601328,0.03784745568442706,0.013189944788287753
2020-01-14,0.020854666834517824,0.028296434643572496,0.032087257740041765,0.03202690031272648,0.0342872845334001,0.034841393046991485,0.04026065311013741,0.04065884128090401,0.03609959176337133,0.03980284213487893,0.018948175300361112
2020-01-15,0.015987382001906705,0.02415367666712605,0.0282986191287645,0.027932966347480753,0.031963038798839105,0.0298462045906982,0.03684432419632466,0.03462285615192282,0.028796972517320798,0.03137716880388953,0.015389786801982826
2020-01-16,0.011333511549311627,0.019753019664694137,0.023667221296042658,0.02245836922806548,0.027915468574559094,0.02745283596776623,0.03299577302424787,0.03267076404107714,0.026753781816533293,0.03036511274163,0.01903160119231838
2020-01-17,0.010151534828020893,0.017206266935724312,0.021428335302639316,0.021583241998845988,0.024023604091130576,0.0243012506718125,0.029180136342430153,0.03179380207318175,0.022322556906302832,0.02627942668308607,0.01612789185506518
2020-01-20,0.021158679609414196,0.02778144637356723,0.02847720025878179,0.030314902772616958,0.034479183984827154,0.03433686887459389,0.0380761820760438,0.04270789262494013,0.031549568201390044,0.033966186075792326,0.012807506466378136
2020-01-21,0.01486095962532027,0.020661392715819373,0.019285759864537667,0.016231881423199732,0.020901901846787915,0.020216363227607774,0.02447619427001664,0.026224829143182846,0.015373167295799121,0.01543280477519425,0.0005718451498739861
2020-01-22,0.005333725535981123,0.021028595085944853,0.02187533682275919,0.020527233107531656,0.021277737583787794,0.022034885445485108,0.02736984537053387,0.02844006006645083,0.01799508967565993,0.018918041749793515,0.013584316213812396
2020-01-23,-0.015025197331274278,-0.01196340339554431,-0.012776286636906976,-0.013924345318923365,-0.017336762948410585,-0.01555487836842415,-0.009084726264563706,-0.008415942389606208,-0.020498492724952376,-0.020982630851753066,-0.005957433520478785
2020-02-03,-0.09650758178031317,-0.10485546988476471,-0.10624018000188393,-0.10533513397922034,-0.1098770330315216,-0.10496227230491154,-0.09840713229524407,-0.10489697725344475,-0.10970395501208866,-0.11444129898064964,-0.01793371720033647
2020-02-04,-0.05335386805586108,-0.06350765410848987,-0.06265353406322999,-0.06204070202103597,-0.055401544122346616,-0.052910633978159274,-0.03984160002633197,-0.03749098868421853,-0.0386142304316925,-0.052611784502540296,0.0007420835533207826
2020-02-05,-0.031422189838529284,-0.04141259102006152,-0.03780231889560656,-0.03635250717679079,-0.02917284421550316,-0.02712091851723218,-0.012642832161912407,-0.009748834966621288,-0.009671410758736503,-0.02503462090525982,0.006387568933269465
2020-02-06,-0.005101256761678559,-0.015270694860041869,-0.015778101299481886,-0.013493454201501429,-0.006621766813705646,-0.0024175958753819074,0.012388808895108447,0.015124561705389894,0.016404925399573386,-0.00018396676221728303,0.004917289999461276
2020-02-07,0.0021025662466502924,-0.008674059986702117,-0.003966491789851881,-0.0041296604026240386,0.0064616441543685135,0.009380437732972712,0.026012914198579956,0.026323234820757796,0.028063856605586267,0.009738154275988477,0.007635588029338185
2020-02-10,-0.004857849429908206,-0.003675309960391634,0.00743570169759135,0.009787378534426346,0.02284874838281456,0.029972433133895283,0.04866751564155168,0.050078408056458294,0.05350654785810614,0.03773719067804468,0.04259504010795288
2020-02-11,-0.025064072864223814,-0.007823740639731533,0.004146697119257347,0.00710317825081,0.01997230735739726,0.02593525197031999,0.04411446305391821,0.04700062972090928,0.049577597896849915,0.03725920525037146,0.062323278114595274
2020-02-12,-0.008985757461635869,0.008618460999751167,0.022640311102299776,0.02373884275198244,0.037030881057854334,0.045011555694672134,0.06091675086147866,0.06425184344486201,0.06620402014147701,0.05277162872402188,0.061757386185657744
2020-02-13,-0.01473818089460068,0.0013578990525576172,0.013162125090637945,0.013961582108113399,0.027175062156215388,0.03477830095572609,0.04888850082039056,0.05340352033217497,0.05541448077608564,0.03811797859397358,0.052856159488574264
2020-02-14,-0.014550081560906664,0.0020014231907427953,0.014709936366470142,0.01712828665422792,0.02890242652862028,0.03674059990037861,0.05046185421728995,0.05394047254448455,0.057219888487276285,0.03939504415431263,0.05394512571521929
2020-02-17,0.017551820087963046,0.03565249069738961,0.04973577630531355,0.053956226852575215,0.06420922569969686,0.07172607611248832,0.08585548115471184,0.0871043809854794,0.08855609240821592,0.0697726551909321,0.05222083510296906
2020-02-18,0.030019604225730398,0.051613700851737894,0.06642328053445903,0.06929658030262338,0.08116344975728029,0.08858067752335132,0.10334675857471448,0.10273670413887297,0.10641311367152298,0.08815784082967384,0.05813823660394345
2020-02-19,0.022708625681955412,0.04755908121586783,0.061801476265080535,0.0659053543919786,0.07650652570411699,0.08356915489655842,0.09845824896155365,0.09587683740141491,0.09834051664283334,0.07618034044198659,0.05347171476003117
2020-02-20,0.04028132547671054,0.06487127529198054,0.08261350038594259,0.08556737618839631,0.09757525698463429,0.1027687698959379,0.11594994123389873,0.11283373030165043,0.1139456891308302,0.09054944053843697,0.05026811506172643
2020-02-21,0.044998281444638646,0.07392624747283448,0.09284572608761087,0.09738195785956863,0.1091350703857148,0.11271205125722576,0.1267834200641381,0.12396508641452834,0.12368809963000225,0.09919251503820885,0.054194233593570194
2020-02-24,0.061303175917879725,0.09475782306903577,0.11041468084563821,0.1123239129951151,0.1188766168150233,0.12317147204216303,0.13153774494453147,0.13009613224603525,0.1274077561802989,0.1112164637256934,0.049913287807813664
2020-02-25,0.06931157997507266,0.09662816559784314,0.10681051478893339,0.10623007193305409,0.11088184485550094,0.11217195604833238,0.12079337018043514,0.12119029203944895,0.12020008820226429,0.11109089330042082,0.041779313325348164
2020-02-26,0.03021119346742815,0.07372047437907883,0.0824771764448142,0.09116926786895957,0.09978450618062422,0.10276365354551117,0.11213268783034555,0.11351800698088345,0.11191720387039412,0.10134088253114765,0.0711296890637195
2020-02-27,0.026486396591509042,0.0731974437426381,0.08301179412905257,0.09796865752691909,0.10534935977834346,0.10884210641106111,0.11972028943704896,0.11997407638753851,0.11661877851864813,0.10527882056757654,0.07879242397606749
2020-02-28,-0.02416574350228814,0.01621463886837156,0.023577312966561723,0.03963870699830389,0.048588923231701144,0.05100229061251584,0.06570696696802895,0.06916589501520742,0.06621286054171478,0.059409983088448325,0.08357572659073646
2020-03-02,0.027953032764518732,0.06574065964047182,0.06916269557364768,0.08541104830513202,0.09060225350138155,0.08987303761140313,0.10591440941315641,0.10735377404356437,0.10266485098945914,0.09549498115590302,0.06754194839138428
2020-03-03,0.028996969947694278,0.0745712976042429,0.08141390499050824,0.09517537821256945,0.10325703693357229,0.10331997791731601,0.119159374268825,0.12069099762214021,0.11720658680808888,0.10765855408722705,0.07866158413953275
2020-03-04,0.039114456793497135,0.08348377250355656,0.09096515162015245,0.10370955196027674,0.11275283386376556,0.11195585747505743,0.12908533630573854,0.13429185626548812,0.12561151669558038,0.1144755756750519,0.07536111888155475
2020-03-05,0.049770206410808024,0.09655581294776486,0.1091439136685699,0.12114317990173193,0.13126962042507828,0.12823179587149133,0.147898564719755,0.1545358814879716,0.14519499897870733,0.13753170947697752,0.08776150306616946
2020-03-06,0.03847015101069924,0.09109345481934175,0.10582932993275404,0.11713173721526283,0.12842258415822114,0.12620305143779442,0.1462612857093056,0.15230907099560964,0.14545496382589823,0.1430860093637621,0.10461585835306283
2020-03-09,0.014994945898904627,0.06855362176069751,0.0784191270242468,0.08596865246917897,0.09375669058386255,0.09006118032283483,0.10894090112403507,0.11296946174595356,0.09982333355228099,0.09388015267205224,0.0788852067731476
2020-03-10,0.0257912350498014,0.08425744511905794,0.10185839897409207,0.11010638150613974,0.118682294040729,0.11562635433569231,0.13456801575058977,0.13967896098774196,0.1250972979947092,0.1153602566644305,0.0895690216146291
2020-03-11,0.012499990855057,0.07858111758873725,0.09612005522767718,0.1038292467366878,0.11305645350407033,0.10584412859192842,0.12413592252259652,0.1284606956944596,0.11133366615713342,0.09870515122326123,0.08620516036820422
2020-03-12,-0.00907131189047973,0.06147802809718521,0.07555332758860357,0.08359546886112199,0.093784223266098,0.08669928988937545,0.10463931039763878,0.10958741153539772,0.09201140388015705,0.0796917974910113,0.08876310938149101
2020-03-13,-0.023562060858170957,0.049732987214892166,0.06335459950516498,0.07407558182605645,0.08321036336182444,0.07487675448383084,0.09186338251006379,0.09809833091604872,0.07976315066668818,0.06480229691773914,0.08836435777591009
2020-03-16,-0.05695508480517081,0.011280096711065758,0.02800399050358547,0.03684411907393334,0.04608132841484529,0.03292957323607051,0.049367269328892134,0.054314235778420296,0.034855252052168856,0.023512483843471425,0.08046756864864223
2020-03-17,-0.06236959721468649,0.007278023705840678,0.02407713197151193,0.03410144113511463,0.04447727967194001,0.03322815695446171,0.05092470668531151,0.051981003902466606,0.03540053155165256,0.02181171910156293,0.08418131631624941
2020-03-18,-0.07990810995587623,-0.011159738217960683,0.008109758774878923,0.018594084875507205,0.027641508349040566,0.017337003929476836,0.03562979628305664,0.03657425394031638,0.01711441527332032,0.007091225995119521,0.08699933595099574
2020-03-19,-0.08239077090846111,-0.011003310434407068,0.012774807145941135,0.025814239461608615,0.03757857309566806,0.024957966981816505,0.04738678982875915,0.0494563874647406,0.03126714483625822,0.019488117170446177,0.10187888807890728
2020-03-20,-0.06705350928797082,0.006480759833392566,0.02837104938465025,0.03871552858485059,0.05337042733677731,0.03957949807785166,0.06147595294180701,0.062240790563750106,0.044857338905163385,0.030551621704744118,0.09760513099271492
2020-03-23,-0.10621025072201581,-0.03338620609950396,-0.015881563547197816,-0.0027704308284056053,0.013440501654971057,-0.003247677776819183,0.020607200972283142,0.025844931032669285,0.009826841352471347,-0.006489930899575988,0.09972031982243981
2020-03-24,-0.09142028235158986,-0.013456253337995806,0.005458277808487923,0.019909972119072847,0.035686285491812665,0.01796930692404969,0.0448386857240461,0.04839870449000821,0.03323844053319745,0.014145609197698302,0.10556589154928814
2020-03-25,-0.07093737295387516,0.0112021408209509,0.02960181234180635,0.045637942558354336,0.06095749448204382,0.041323049012848764,0.06984212437020348,0.07216680513867174,0.05584850055583078,0.036674440237604265,0.1076118131914794
2020-03-26,-0.08237546493990178,0.007087327279076955,0.020241781190745378,0.03540514106299803,0.05047235292315871,0.02973014550817924,0.056956060791422417,0.0610697305199731,0.04328527940035183,0.0247390359936484,0.10711450093355016
2020-03-27,-0.0930906317483643,0.000554931916425026,0.013810292241730563,0.0299926048886648,0.047048698434732826,0.025281357393280166,0.05555802757472099,0.05907599809999233,0.04319795377123197,0.02761309159866207,0.12070372334702634
2020-03-30,-0.11244548507926602,-0.021807483775079628,-0.010085821568147352,0.006914087464232353,0.023003332129097102,0.0024663318430325036,0.032607994238435106,0.037713757359402286,0.022976746879948114,0.005288044871794243,0.11773352995106023
2020-03-31,-0.11458010027819222,-0.020791356339695446,-0.011597304315429019,0.006736134335562788,0.02085390753945265,0.004988773669855036,0.03352898133272408,0.03669869574300713,0.024536108768621813,0.006702851816563283,0.12128295209475547
2020-04-01,-0.13371850183496903,-0.031442664212094,-0.017632638336134564,0.0014258712818745424,0.017110829025366762,0.0021433820790091552,0.03204421416734551,0.0353078065169038,0.021971627498972173,0.00390900179025787,0.13762750362522688
2020-04-02,-0.12072864290653951,-0.01050448833357227,0.0014381270119310958,0.02311005125857897,0.041372257223571116,0.02685420823884361,0.05593879240755788,0.058990042844835076,0.046256793676224026,0.024886319974596414,0.1456149628811359
2020-04-03,-0.12926129484942941,-0.01779476161148042,-0.007790410135463513,0.017998075187616744,0.03490099367725945,0.021712554916935266,0.0501506611192456,0.05465415619882474,0.04103010987138399,0.02307140579925134,0.15233270064868074
2020-04-07,-0.0995693705290472,0.012943654937241908,0.02488129656377429,0.05062912397366025,0.06738958876848383,0.05224089322250029,0.0806497521874002,0.0871969925278126,0.07131427981534551,0.049266127838624746,0.14883549836767193
2020-04-08,-0.10281587691328857,0.015565157406859846,0.028688640967641423,0.053645269133391335,0.07225704964501221,0.05684034027585394,0.08568245121646884,0.09249121522904534,0.07646909386867629,0.05741213540594066,0.1602280123192292
2020-04-09,-0.10029353608364187,0.023874581007214506,0.03674111709463278,0.062026645746620576,0.08283012108569307,0.06649557213516244,0.09417354044173011,0.10104505177401105,0.08602305666135021,0.06707918980221429,0.16737272588585614
2020-04-10,-0.12670340663981852,-1.4736901434619226e-05,0.011007133067790203,0.03744827325802069,0.06049130516580061,0.04154674783341566,0.06992808234179576,0.07832840993805214,0.06444423627222486,0.048799517937405335,0.17550292457722383
2020-04-13,-0.14056209281064314,-0.009450100673349083,0.0002901380690080498,0.029881186256170707,0.05178181510059099,0.03425938345095831,0.06448396352886558,0.07185976333010942,0.05863439141345714,0.042893994267064646,0.18345608707770775
2020-04-14,-0.13175984259720397,0.006850631052585288,0.01713235440350043,0.048967137633423585,0.06990785505953367,0.05418004296829851,0.08649283122454833,0.09147172274983179,0.07858131798959085,0.06218081481602609,0.19394065741323002
2020-04-15,-0.1367981629458602,0.003213466454228676,0.012336545032716832,0.04449699139213191,0.0634322552643316,0.04689148501355508,0.07849039210583297,0.08257773086970682,0.07072318497389721,0.05221774836411285,0.189015911309973
2020-04-16,-0.1350741323415633,0.007884961750537225,0.016016452260376294,0.049093364192218346,0.0673005041438015,0.05101441899240655,0.08349361552533228,0.08844161492891428,0.07456476746285515,0.05498789728932914,0.1900620296308924
2020-04-17,-0.1471017814142284,0.004213444656555425,0.0142882022347171,0.049524728879288306,0.06926979779576517,0.05312307836418771,0.08672605186414079,0.0916630410951631,0.0773478433078734,0.057815445331764644,0.204917226745993
2020-04-20,-0.13270156743238581,0.01611401223324162,0.026645379141773583,0.06252075515724313,0.07901267806640966,0.06288035369522184,0.09822518256761795,0.10092953526782195,0.08818861056373792,0.06603444497436536,0.19873601240675112
2020-04-21,-0.1370323921850657,0.014224321342258615,0.022189322079996285,0.05828381243877889,0.07168265774122679,0.057627630627544904,0.09184384837236835,0.09140286136590878,0.08157749979357788,0.06047884762199496,0.1975112398070606
2020-04-22,-0.13554686526751744,0.021422746476490583,0.02893748632336485,0.06919991845550727,0.07994898198980042,0.06726753830611513,0.1005996387379068,0.1040352456009397,0.09328892066210658,0.07229091529516138,0.20783778056267876
2020-04-23,-0.1405367090304073,0.02056794376969023,0.02742601853334253,0.06639114306503072,0.07552020868940797,0.06509594651102153,0.09727227947389715,0.09779089717453526,0.08571240394621465,0.06678568365045096,0.2073223926808582
2020-04-24,-0.1632136070949796,-7.151787861820955e-05,0.01072647102449083,0.048264111654676096,0.0582227927248473,0.04987290916409789,0.07816558540371928,0.08214914252556585,0.07100378419651543,0.05105701941863722,0.21427062651361675
2020-04-27,-0.17466205220532577,-0.011247470609648837,0.0016125405798058066,0.04067955946132393,0.05084895949610076,0.04503253821805499,0.07574089105080002,0.07614052820628156,0.06715851276654118,0.051226046411462695,0.2258880986167884
2020-04-28,-0.19836794439124353,-0.034472805110185106,-0.01944033787588198,0.018321483788753735,0.029282742956825886,0.026603134502339337,0.05720386479180317,0.05612297498077409,0.047379846559818445,0.03191928329654544,0.23028722768778892
2020-04-29,-0.2036954601947479,-0.03551942119062764,-0.021432158574858827,0.02047326807887607,0.031920214700036004,0.026615044948305938,0.05913297060118515,0.05539996656921346,0.045705364842357946,0.03033768112268714,0.23403314131743502
2020-04-30,-0.19336516718898053,-0.015307296739172228,-2.6414635781873974e-05,0.043596941734523935,0.05634423139227125,0.05133314414671517,0.0831280270191756,0.08313977414518971,0.06997260529284303,0.056628235857078574,0.24999340304605908
2020-05-06,-0.1658143551011333,0.007338375578623258,0.020971914843461142,0.061617399203963405,0.0742293829139481,0.06798229483768962,0.0982717142682227,0.09860196910231317,0.08538635803422459,0.07154271183252887,0.23735706693366215
2020-05-07,-0.17218280179880127,0.005614900080345629,0.017603858005032964,0.05888932344560685,0.07133856692345512,0.0666768835329945,0.09564234427342405,0.09666711247043393,0.08546206543229029,0.07406743170390204,0.2462502335027033
2020-05-08,-0.16513156278946883,0.015488531465007855,0.028374820157359273,0.07192919417571558,0.08455234153836357,0.07844648926507067,0.10910709558677012,0.10966342958406076,0.09639015711995047,0.0853005515628833,0.25043211435235213
2020-05-11,-0.16479677925633002,0.013846022790238176,0.027149799897734726,0.07226091474908446,0.08260498586145051,0.0802836693561577,0.11003369805225653,0.11162896384761019,0.09813601349279612,0.08696135751448567,0.25175813677081565
2020-05-12,-0.16529066760531919,0.013545162139120074,0.026935155425774703,0.0720299636824421,0.08199620042527965,0.07939615867252596,0.11037025952974452,0.11134217728561548,0.09727457730473171,0.08580066207510259,0.25109132968042175
2020-05-13,-0.1638719680778648,0.01674335440258292,0.03295667142625283,0.07804283648223183,0.085553071731614,0.08351815042522177,0.11855868855027087,0.11699881645174352,0.10642136213792981,0.09456299112009149,0.2584349591979563
2020-05-14,-0.17437401607691252,0.00815636576578627,0.02358877101408961,0.07041928029539188,0.07963030033877865,0.07426132671869859,0.11022696783299285,0.10698071278670118,0.09713957460910538,0.08680891010251009,0.2611829261794226
2020-05-15,-0.17460300362707956,0.009877263238748888,0.02594725987671494,0.07300625654248116,0.08141971490970837,0.07912864738651984,0.11208963138267514,0.11081759037227884,0.1008671522894692,0.08880871268970768,0.2634117163167872
2020-05-18,-0.1833204054424287,0.005510716967715776,0.019701114497806795,0.07192401757488331,0.0781495512840258,0.07524415283759844,0.10828054439007549,0.10702566723744664,0.09693249920697636,0.08630844982021034,0.269628855262639
2020-05-19,-0.1725342347802095,0.019556399861280098,0.03399269319296979,0.08370133563906876,0.09120997790100671,0.08796008703036534,0.11940300673474849,0.11698604166202074,0.10735798693177158,0.09473417313829854,0.26726840791850803
2020-05-20,-0.18322296898606424,0.009428179811895629,0.02591411227925577,0.07677157511821413,0.08125472747385633,0.07886082199660487,0.11139040612071383,0.11192932184315192,0.10046859974368064,0.09052002976399046,0.2737429987500547
2020-05-21,-0.1952660189515687,-0.004714883715740933,0.014047635374128814,0.06528347728204266,0.07264623684810587,0.06837360632773135,0.1043495119311567,0.1034032173083412,0.09519183625880974,0.08619310423113491,0.2814591231827036
2020-05-22,-0.2153736539929622,-0.022934061436050722,-0.0019015191944708534,0.048798270536211094,0.05643669979132458,0.051902225650832315,0.0897369551764784,0.08752963220417989,0.0798310020400339,0.07231211642931357,0.2876857704222758
2020-05-25,-0.223138444414852,-0.027892100834359147,-0.00401117742748093,0.04812244341085894,0.0538939769347716,0.05141339746597843,0.08896470691852343,0.09040194091465215,0.0815006882619187,0.07510121212618526,0.29823965654103723
2020-05-26,-0.20722221978367478,-0.00937578743523602,0.017246570286551344,0.07140608673679123,0.07654663698231282,0.07384879781660694,0.11058475829421203,0.1120554381704667,0.10459852964632284,0.09490875295341034,0.30213097273708506
2020-05-27,-0.20593843417393287,-0.008171178343263764,0.015543798500063934,0.06869217971437637,0.07352806452180491,0.06981573074545679,0.10446597499928016,0.10858443013521035,0.09921075879549314,0.08907192685106055,0.2950103610249934
2020-05-28,-0.2154489961918507,-0.013212124999965713,0.01320579682394623,0.06522560784449033,0.06783393488043518,0.06718125748087599,0.10230446311210001,0.10901016572903988,0.09908843907757815,0.08643447185941858,0.30188346805126925
2020-05-29,-0.212526697059102,-0.004584210272772216,0.019225222976927397,0.07458896906585448,0.07445695680555033,0.07495621437453934,0.10920010470840577,0.11764179732259752,0.10580775841378016,0.09503165359610133,0.3075583506552033
2020-06-01,-0.18986839056928392,0.021859916364965867,0.042408278629686505,0.1014857873883743,0.1025152133527421,0.10261546295729686,0.1399059173620547,0.14717213897805376,0.13899802586671428,0.12680062946288378,0.3166690200321677
2020-06-02,-0.185339164392086,0.02746663347693092,0.04753379634701864,0.10810258779827253,0.10765729293471726,0.10825121234848288,0.1448423133685391,0.15125294650806606,0.14414098403966338,0.129900515422732,0.315239679814818
2020-06-03,-0.1871255597678499,0.027306100712673063,0.049113650584001835,0.10700828539396805,0.10767905258417894,0.10748351566137399,0.14584402574541772,0.15077751753577195,0.14428073970637123,0.13114481463491742,0.3182703744027673
2020-06-04,-0.18728396057842947,0.027962254504813797,0.05162680363470906,0.11051356326577803,0.11195106174009754,0.1126559502883148,0.14894901277674277,0.15548896875652612,0.14942661241217642,0.1332797658106587,0.32056372638908814
2020-06-05,-0.19617327081727493,0.023686624914934534,0.05104807476479552,0.11119662842669967,0.1135259075832557,0.11398480172109318,0.15000599928916297,0.15783257457865332,0.15047477005125845,0.13492249524310287,0.33109576606037777
2020-06-08,-0.20702035877965785,0.022644305476579443,0.05077197205825903,0.11118629647561719,0.11285275884496505,0.11193188005760858,0.15108538729513138,0.15878243474401413,0.15125857541784435,0.1340187614919828,0.34103912027164063
2020-06-09,-0.20624966416567692,0.027630854902730248,0.05674494885069324,0.11514361913748741,0.11680115904573947,0.11742677707809099,0.15785720425776834,0.16395039215507898,0.15498378451692538,0.13828632817312742,0.3445359923388043
2020-06-10,-0.2125673351732608,0.024931472628281836,0.05608540073487271,0.11354491059080916,0.11588814808508859,0.11616235761734045,0.15591028827145834,0.16183664697142808,0.15346354393967798,0.13515993481665897,0.3477272699899197
2020-06-11,-0.2157290492135161,0.019599788585541292,0.054080553808561985,0.10917072497085875,0.11234247683241023,0.11343959055522586,0.1508818446086279,0.15881415043938027,0.15015503737695296,0.13100485587044924,0.3467339050839653
2020-06-12,-0.21518692578564513,0.020461702137463535,0.05643663426543044,0.10934936847046081,0.11319615892471444,0.11092024372638064,0.14961383191155941,0.15858711851112922,0.15037555014085827,0.13169426749767557,0.3468811932833206
2020-06-15,-0.2126640290546577,0.02559841051797054,0.057044142233062506,0.10724502390399775,0.1120676510915413,0.10939048827490662,0.14711658197528926,0.15302729286827124,0.1455648882842293,0.12310572070588802,0.33576974976054563
2020-06-16,-0.20136478658375256,0.03939518261124655,0.07362282168891464,0.12337391458397237,0.13313144579129485,0.12702510351667537,0.16752050448151484,0.17258577041845033,0.16487829509575483,0.1404984304518726,0.3418632170356251
2020-06-17,-0.1962233926745642,0.043470464772868166,0.07862833030781258,0.12896844613663042,0.1353670496519695,0.13183840655070062,0.17228000238271773,0.17663229919317894,0.16910204141342328,0.1441491840579456,0.34037257673250976
2020-06-18,-0.20723651408246768,0.03367816345428898,0.075425200109369,0.12734958970195312,0.13799338988052717,0.13218561116978694,0.17501557574163049,0.17999129888066512,0.1725799382465262,0.14684716370665124,0.35408367778911887
2020-06-19,-0.2099513143176831,0.03711613402240152,0.08016386722346959,0.13392483938293187,0.14388865687959868,0.1363358974824979,0.18087591915671103,0.1855407456331216,0.17889014749534243,0.15442196307496706,0.36437327739265013
2020-06-22,-0.20925663198299457,0.03979020909803496,0.08399882772798813,0.13512926303043962,0.14590347868342668,0.14024908262925256,0.18296094902600576,0.18910189518910628,0.18123169509398326,0.15690905839649977,0.3661656903794943
2020-06-23,-0.20840204431982248,0.037563854914987094,0.08677267894896422,0.13664043950573304,0.14431283586388577,0.13896971577625875,0.18160050579921813,0.18749701007651756,0.17842228321864242,0.1529187170046333,0.36132076132445573
2020-06-24,-0.20995036922714833,0.03488944755216989,0.0849060160469005,0.134422133600931,0.14435242825263594,0.13393237623141338,0.17880949143098657,0.18573248473965218,0.17593323827562532,0.14713511210622265,0.3570854813333709
2020-06-29,-0.21503712631863814,0.03018515595399727,0.08057060556057613,0.1286196751071184,0.13972826444748973,0.1294165884220409,0.17273882621439207,0.17948210885517624,0.16866941442692066,0.13893713006910713,0.3539742563877452
2020-06-30,-0.19998265444770835,0.044281115478432054,0.09797086615019547,0.14479427814420598,0.15449711897709514,0.14592589295642547,0.1867079660800159,0.19647376569639752,0.18391623620086847,0.15356641396985216,0.35354906841756045
2020-07-01,-0.1981906982815699,0.050320477175048915,0.1005203836453742,0.1487152855085605,0.16010752718207116,0.152016514288467,0.19289121807343484,0.20217581686561137,0.18946871475244478,0.15955513943849398,0.35774583772006385
2020-07-02,-0.18591996382508308,0.0630368716307796,0.11063345065092683,0.16127173149108046,0.17322907030897625,0.16719483128808474,0.20910482697955185,0.21787934344248946,0.2057995560368939,0.17693724229579239,0.36285720612087546
2020-07-03,-0.16330306962293162,0.07750356535313602,0.12005911399570848,0.17476254943041186,0.18393861748537274,0.17614622490716467,0.21791339179527658,0.2264789952715885,0.21498630726926277,0.1865483557496605,0.3498514253725921
2020-07-06,-0.10880868751647864,0.1216319692020668,0.16085909462335618,0.2156411076842154,0.22243813342726249,0.21507454978951207,0.2529316898665225,0.26309154960477843,0.24966665023872142,0.22113052727492344,0.3299392147914021
2020-07-07,-0.11398482635397764,0.12118655056144675,0.16361792289891317,0.22373406503541443,0.2329999458707754,0.22781100614717936,0.26432393463067877,0.2803238127220226,0.26843775407338816,0.23906470948703107,0.35304953584100873
2020-07-08,-0.08935217006010014,0.1475601646311668,0.18846259743358884,0.24806540276397013,0.2548873915819905,0.25058680000839295,0.2849955802732268,0.2970145775231198,0.28445725960456647,0.2515443108759873,0.34089648093608743
2020-07-09,-0.07034599827846591,0.1667474619033965,0.2120705744537691,0.2725499188052716,0.2782998911591771,0.27709951252435333,0.3119941978784367,0.32519247335747425,0.31505582540913835,0.2846703335342446,0.35501633181271053
2020-07-10,-0.0873211210051984,0.15480560086609327,0.20113680877477996,0.26347975214887065,0.2697709323151494,0.26765490139035514,0.303585510892319,0.32012477253357785,0.3096585095572963,0.28407648666716157,0.37139760767235996
2020-07-13,-0.05578354158987685,0.1836420840443921,0.23287760589581283,0.2979895710615523,0.30369292415074606,0.30040578411310864,0.33910653980303895,0.3560001143177408,0.34411376851256803,0.31868527235633004,0.3744688139462069
2020-07-14,-0.060268251855426336,0.1781786391962649,0.22460340740131113,0.29489706109122493,0.2966101382228693,0.2926608373093228,0.3327648942131378,0.3465679167092539,0.3367617152818447,0.30855044774506885,0.3688186996004952
2020-07-15,-0.09911435369250635,0.1461913296063049,0.19783039737436647,0.26698316621991003,0.2721416474204424,0.26621025595681974,0.30748073693122613,0.3220628212472712,0.31046250625678845,0.29018878595867875,0.3893031396511851
2020-07-16,-0.147169801063311,0.10246503347278806,0.1551194526402749,0.22562914077595814,0.22994271840165526,0.22244709239965416,0.2621407849992924,0.27614240241072907,0.2635422649760327,0.23808940863594974,0.3852592096992608
2020-07-17,-0.14175238630241085,0.10590510501451929,0.1597139911525238,0.22959928452073258,0.23326568107249485,0.22606433409161245,0.2632055926473926,0.27692264837332553,0.2670098282804221,0.24461240128838388,0.3863647875907948
2020-07-20,-0.10769198234752901,0.14307941011878164,0.19611209431579907,0.26480249119259575,0.2705365702440845,0.26283281844138295,0.29839839364346415,0.3127734637032413,0.3011802874286642,0.2789392592716716,0.38663124161920065
2020-07-21,-0.10814441444981447,0.1462204582032348,0.19829789378660095,0.2693396873176955,0.2753465938158784,0.2691940521266289,0.30347972701869813,0.31783587495164034,0.3085845949730912,0.28423663938206484,0.3923810538318793
2020-07-22,-0.10390548954322042,0.14942984593842287,0.20557103963380835,0.2764947474994555,0.2785968835408779,0.2721495078334767,0.30676621659833986,0.320527781230806,0.31325542121348127,0.2898005980573149,0.3937060876005353
2020-07-23,-0.10324052973982252,0.15134826137602345,0.20584071658518033,0.2756959544244911,0.27394620219347815,0.2652520013828971,0.301465260776248,0.31395470594849684,0.3043338120149775,0.2833801273279853,0.38662065706780785
2020-07-24,-0.14481215119965318,0.11334040908210752,0.16674615983997965,0.23400120782595074,0.2339773794696665,0.2233221582954923,0.258259934146691,0.2650677401600169,0.2578938321821671,0.2358147162254146,0.38062686742506785
2020-07-27,-0.1472593071432851,0.11547124491478805,0.16730877666639346,0.2341622697608866,0.2344907462107833,0.22654451934174255,0.25852469916427084,0.26747550709571694,0.2635679558895618,0.235895754180698,0.38315506132398314
2020-07-28,-0.14346112656303478,0.12814269155155572,0.18044649449894623,0.24594353887436718,0.24865255605735478,0.23842449900108398,0.2725151948610239,0.27926065727490834,0.27472367671246595,0.24917589790281264,0.3926370244658474
2020-07-29,-0.12390001694768094,0.1512545667661565,0.20333524590255175,0.2702802572781574,0.27288797813811744,0.26328066241652687,0.30035836959596285,0.3065227934553857,0.30121431403420307,0.27570453318656846,0.3996045501342494
2020-07-30,-0.1192263028097607,0.15396734231045603,0.2036683652815656,0.267309318683521,0.2704321607440992,0.2615505777886863,0.29838726403163757,0.30127558844352204,0.2979474941471461,0.2703393012370831,0.3895656040468438
2020-07-31,-0.10811980628023805,0.16531021995371525,0.21917271680822564,0.2777817357719124,0.2832754621274871,0.27253598365939263,0.31095359511565485,0.31278884109251187,0.30980617659467374,0.28033625008239843,0.38845605636263647
2020-08-03,-0.07918460100016943,0.18895785689565697,0.24458626596076988,0.30543964633294185,0.311230265527885,0.30217386508420063,0.341266691392097,0.34246462320550736,0.34359984073949346,0.3148342727890186,0.394018873789188
2020-08-04,-0.09068079198882578,0.18083491267143986,0.23686732281299314,0.29816688002503533,0.3073926422840052,0.2976108834104467,0.3363008119630222,0.3370706537514278,0.34055826633784503,0.3104930457006136,0.4011738376894393
2020-08-05,-0.08260500248548963,0.19262784213181583,0.2507272744171917,0.3116286921524487,0.3181339981044085,0.30737889850016825,0.346759964901005,0.344719145274075,0.3476486603178124,0.31498830843171216,0.3975933109172017
2020-08-06,-0.09107491351635348,0.19070000803731144,0.24849311160122914,0.3089208996249227,0.31636543086509394,0.306552808106005,0.34561105828179833,0.34251786483344665,0.34605863825078026,0.31135936673891346,0.40243428025526684
2020-08-07,-0.10649431946906072,0.1803639660603323,0.23668780706670764,0.2944772566959307,0.30314174424756346,0.29357841751461333,0.33145250269514914,0.32899528805574324,0.3309602859807058,0.2927007544658094,0.39919507393487
2020-08-10,-0.10688873037261509,0.18769978911982596,0.24304669775853907,0.3028579166049264,0.3130562865850722,0.3037934074952471,0.34291195743975306,0.33826579516504507,0.3412097060455442,0.3036205772929369,0.4105093076655519
2020-08-11,-0.12845761727311047,0.16999797218734172,0.2220872997622335,0.28502636545100213,0.2951123629142556,0.28574518860534587,0.3249087068252456,0.31775514285144674,0.3214346696644298,0.281630751166723,0.4100883684398333
2020-08-12,-0.13018427760698048,0.1672229968007118,0.21822481063313123,0.2792177153963985,0.28995694720113296,0.27641081389365324,0.3174160007624772,0.3088698735504555,0.31201517416303803,0.2682023730621294,0.3983866506691097
2020-08-13,-0.12825388517568204,0.17000507921684632,0.2234475536136403,0.286847702426532,0.2964111885498764,0.28276797239650425,0.32378875638619486,0.31764067350264447,0.3191315855217092,0.2745968276304808,0.40285071280616275
2020-08-14,-0.13181191746932255,0.17509463852872886,0.2319097824275432,0.29553714800038033,0.3048495824995294,0.29498488875336926,0.3345727888253183,0.32899421604414536,0.33174792912730544,0.2846431910361524,0.41645510850547485
2020-08-17,-0.11806935510021001,0.19255102970138815,0.25180949888079,0.3134708731995959,0.32522117245430315,0.3151308612820575,0.35333827987473704,0.34921569552456133,0.3526533357943776,0.30582595087262365,0.4238953059728336
2020-08-18,-0.11247501178910128,0.2008733594566389,0.259023211592598,0.3179627254151808,0.3308768285083293,0.3229359929235609,0.36095166288638925,0.35762778657414374,0.35887766897474943,0.3159231922193572,0.4283982040084584
2020-08-19,-0.11964779896082604,0.1892036056678666,0.2443131335025125,0.3032564805222599,0.31483990023588465,0.3045992001584295,0.344170441126543,0.3416122294713565,0.3377779679055533,0.29765691362323243,0.4173047125840584
2020-08-20,-0.13577690209070756,0.17678583377908214,0.2354959822137241,0.2941968897572157,0.3037348199357333,0.2946468232213608,0.33290785492774433,0.3309045469945541,0.32664186906222004,0.28619932275357796,0.4219762248442854
2020-08-21,-0.13179395386454293,0.18361611655177523,0.24244474437004454,0.3023667031776716,0.3118409322256662,0.3024208775745911,0.33913030763744495,0.33781908154816276,0.33350883542239285,0.2923925564197284,0.4241865102842712
2020-08-24,-0.12869932978544565,0.1880130658460998,0.25128544053328866,0.3114320439699016,0.32227221515149646,0.30970291833575914,0.3447454622000377,0.3426863373578017,0.33698020966385084,0.29506326387613213,0.42376259366157765
2020-08-25,-0.10774597843464412,0.19792532253827025,0.2579173278881675,0.3100684099175746,0.3195649159885896,0.30378798574849747,0.3395273567312505,0.3349231329953712,0.32902703976933007,0.2840490126532944,0.3917949910879384
2020-08-26,-0.12729473103049674,0.17867738287935467,0.23791492295777644,0.29033532069759643,0.29912914280071745,0.28132176779182033,0.31604356402971806,0.3125684185457232,0.307455890218152,0.26211584103358115,0.3894105720640778
2020-08-27,-0.11217335180103458,0.19294868275887822,0.25305519410880256,0.30770416591633426,0.31217628088281535,0.2925955647257994,0.32853431602006816,0.32309342332262325,0.3158616460328224,0.27236560979369123,0.3845389615947257
2020-08-28,-0.11720719586358047,0.20040429009007124,0.26376485224208707,0.3191796545121507,0.3247836820222028,0.30461182591631963,0.34019524992122063,0.33559239388217105,0.3298371762362385,0.2852337072785131,0.40244090314209346
2020-08-31,-0.11364872360497358,0.20196481481524797,0.2627513711085475,0.3195184582438297,0.3243395929040409,0.3083039462740839,0.3399348321788728,0.3384939415465596,0.33154101787136,0.2861984087794522,0.39984713238442565
2020-09-01,-0.10035930726946615,0.21048892150239248,0.27104103152521225,0.3255304099806835,0.3293804352379224,0.3135420055218262,0.34691580565076685,0.3419199813862251,0.3339666336475947,0.28688772050465305,0.38724702777411907
2020-09-02,-0.08783744306007439,0.22509651000452022,0.2798790927374742,0.3320605637111763,0.3346876171318416,0.31771879148269616,0.3494160167437658,0.3428965068205855,0.3361942630392861,0.28780756902733257,0.37564501208740686
2020-09-03,-0.09735348887725492,0.21806891879939533,0.27132024629919566,0.3253709859576332,0.3249196437024339,0.3068851379337648,0.33833386439271174,0.3330721988840325,0.32695160123119427,0.2780626967979733,0.3754161856752281
2020-09-04,-0.09385252717199297,0.2223239223134889,0.2759716096272768,0.32858683730563726,0.32686026531674167,0.3074499188683929,0.33724203419816423,0.33225669051563306,0.32533745899573235,0.27786549825170836,0.37171802542370125
2020-09-07,-0.08520058853235991,0.2207572101359608,0.2689018658439529,0.31561323408427444,0.3130451997820619,0.2916760036847879,0.319389781894076,0.31299219223483354,0.306185201541375,0.2559694667878435,0.34117005532020334
2020-09-08,-0.07257048511193968,0.23368572879651126,0.27937552849941893,0.3229307621562187,0.32241651952880895,0.30083912698705456,0.328616854964821,0.3240065042688917,0.3146620392030675,0.2639563063815112,0.3365267914934508
2020-09-09,-0.10995985599981581,0.20552708762052077,0.2507316614792008,0.2994539229699435,0.29807838321345514,0.2780013993536466,0.3028672672051653,0.29915928375578343,0.2888303474120884,0.23620738277411743,0.3461672387739332
2020-09-10,-0.19934353640141778,0.14951380509857926,0.21244630372008966,0.2637618462028441,0.2678933335772754,0.2519827021923391,0.27321296498686926,0.27584380748800064,0.26366827725844394,0.21139043401225224,0.41073397041367
2020-09-11,-0.18839447346757082,0.16762304486223845,0.2263886096161149,0.2791431612708949,0.28147270973656024,0.26575217865930895,0.28774828869943203,0.2949555926737044,0.2819363939027004,0.2333479150387183,0.4217423885062891
2020-09-14,-0.16339434451463142,0.19200994115396958,0.24499293380442325,0.2931296399459218,0.29978030027941227,0.2802974482894915,0.30175653959903587,0.30858013730488515,0.2921198484152361,0.2419005036807561,0.40529484819538747
2020-09-15,-0.16784590424461432,0.19504130774775105,0.2491220600318474,0.2958550794844868,0.30498227074457956,0.2843612895131474,0.3059280288543503,0.31127104023545243,0.2970108482943529,0.2471097927799993,0.41495569702461355
2020-09-16,-0.17715193518482383,0.1901893908645962,0.2440502596001108,0.28847781294453684,0.2979354323878011,0.2794996245525496,0.3015062877176429,0.3040378178703703,0.2899742627639551,0.24084467738324014,0.4179966125680639
2020-09-17,-0.17988131480514685,0.19418281931210682,0.24756012731017155,0.29290349823147405,0.3010043423783447,0.2864593635205398,0.3053922494127984,0.31159237147012586,0.2942093992620273,0.24555097083311161,0.4254322856382584
2020-09-18,-0.17466552925944312,0.20494770274627988,0.26369468143070024,0.306164411291294,0.31613461063958936,0.3027192549887726,0.31977367002780366,0.32720646656647867,0.3082179972032893,0.2568078287876655,0.4314733580471085
2020-09-21,-0.1771013497281585,0.2019572109476658,0.26241056757671183,0.3073114956807483,0.31457239205881693,0.3012123058117819,0.31844665339278483,0.3247440415730819,0.3070086995167794,0.25350261130834906,0.43060396103650744
2020-09-22,-0.19122466113964717,0.18634529283216905,0.24623150150015083,0.2924073616705417,0.3005401319070967,0.2857960975327762,0.3020615559117228,0.3069558340315054,0.29187916927373897,0.23795457799964007,0.4291792391392871
2020-09-23,-0.1882376109859134,0.19266393117134611,0.2518749688228347,0.2991706474806942,0.3059079576912017,0.2926983128810888,0.3100177402545095,0.31478526642974713,0.30151914986767814,0.2517696144909667,0.44000722547688
2020-09-24,-0.2126235055135661,0.16642072204253053,0.22560310574558004,0.2727207522819689,0.279432596073423,0.2666062200257413,0.2831612648760961,0.2866442861635895,0.2730733958675173,0.22124562170581416,0.43386912721938015
2020-09-25,-0.22273223071821904,0.16052620039722287,0.21961679079277477,0.26732819437272387,0.27693815510061187,0.2612502121333566,0.277740443952516,0.28155496057787616,0.2701566789529474,0.21504467263820262,0.43777690335642155
2020-09-28,-0.2431079271829693,0.14500675385529227,0.20637760533604246,0.25317697451265786,0.26383188534737956,0.24634775036749224,0.2660902326804296,0.2673652274241075,0.25685838457029864,0.20077808737927944,0.44388601456224863
2020-09-29,-0.24031799204029322,0.15434636623726194,0.21450652784690855,0.26231289603716906,0.272528153177214,0.2573930354006032,0.2767408662508481,0.276042192715334,0.26444984375271147,0.20998063897688468,0.45029863101717776
2020-09-30,-0.24404415564872234,0.15491271222394606,0.21334984019711692,0.26043535279531216,0.2713767097618293,0.2550110629006978,0.2731909680821371,0.27344190333264995,0.2611380451973647,0.20440320082795801,0.4484473564766802
2020-10-09,-0.21079493142771744,0.18334595679560378,0.24412109614381935,0.2873278268277907,0.30131903037010827,0.283150688626577,0.30372515002946104,0.30525351553679064,0.2938009006800632,0.2388925286881856,0.44968746011590294
2020-10-12,-0.1857528669928797,0.21196709690778454,0.2710938340118004,0.3159011171220331,0.33013667302015565,0.31200739597613125,0.3378076898479689,0.33606316862892144,0.3307865331238272,0.27494936945556747,0.4607022364484471
2020-10-13,-0.18330687384995056,0.21355944317296344,0.2734859227470448,0.31819426908758375,0.3325815303787929,0.3146208332004981,0.3398349297913271,0.34115224009902356,0.33588351826738655,0.2803445100382092,0.4636513838881597
2020-10-14,-0.1879753117735749,0.2102272233977754,0.26796162520844485,0.3140669150886337,0.32453676810063226,0.30797620312106316,0.33106789053850355,0.33422110354330586,0.33064383190137686,0.2748978647024277,0.4628731764760025
2020-10-15,-0.1979865750127697,0.20244014711653147,0.2589682294331157,0.30598546044980857,0.3175546639685193,0.2998977575252709,0.3246433454336109,0.3273651305819468,0.32507242728967617,0.2695111211850479,0.4674976961978175
2020-10-16,-0.1998827278667923,0.2011067896518253,0.25781976074501844,0.30416546396412325,0.318219171061986,0.3012008415205573,0.32686360576810414,0.32814779535482175,0.32864897945595645,0.2716330192257245,0.47151574709251676
2020-10-19,-0.2060906380683923,0.19593510950724324,0.2531177533400758,0.2991154117583319,0.31184974880252714,0.29579494606687656,0.32043380090472795,0.3250199103173742,0.3236766893186991,0.2667994750190681,0.4728901130874603
2020-10-20,-0.20072777943974987,0.20364662273076573,0.2623885272773325,0.308335339245813,0.32363077920320615,0.30668496931871053,0.331329429495099,0.3356961223288118,0.33705672121086605,0.2836127239052184,0.4843405033449682
2020-10-21,-0.20726658185730096,0.19276662233136038,0.252883467569098,0.297834492146482,0.3126895003874697,0.29344718574051143,0.3172889288030507,0.3209838220778389,0.3236631112699748,0.27133163434616525,0.4785982162034661
2020-10-22,-0.21320774462536668,0.18834460989435717,0.25101049147051757,0.2951950537449726,0.3092697269912334,0.29074164919289824,0.3148382476019439,0.3169580988159668,0.32139174689633065,0.26895881335900057,0.48216655798436714
2020-10-23,-0.2284774920444979,0.17463618766485298,0.23495389594823382,0.2793260543693575,0.2967276011874589,0.2774991037304103,0.30061338470168447,0.30459292086095224,0.3076184937302807,0.25584667371428804,0.48432416575878584
2020-10-26,-0.22251795729316584,0.1807758838528041,0.23889915813122703,0.28087338005442575,0.29918645989716636,0.2789380150716456,0.3015669996880378,0.3029167257717493,0.30806609816807445,0.2528238626337644,0.47534181992693014
2020-10-27,-0.22801350767761838,0.18353786145794368,0.2416716616534705,0.2807444917956074,0.3017520580754061,0.27856334800068394,0.30093484005258714,0.3037305730019875,0.30886857969479786,0.25413500837661906,0.4821485160542373
2020-10-28,-0.22468379478789924,0.18628479592566372,0.24568244829079805,0.2831938638581819,0.30535119681684364,0.27994709106877796,0.3030241219939833,0.3047811269245293,0.30952850483491273,0.25216893489550185,0.476852729683401
2020-10-29,-0.23227899053447443,0.18442325445916682,0.24249433261039025,0.28063830846409865,0.30252705886504133,0.27747593928235365,0.301610727129901,0.30398035678941343,0.3077646490090881,0.24995561840203823,0.48223460893651254
2020-10-30,-0.26079349363073895,0.1573291012845249,0.21685560477026566,0.2536634369773101,0.27418150252140855,0.2506717165647761,0.27696879347391845,0.27761897783459993,0.2808730131662196,0.2195949426789976,0.4803884363097365
2020-11-02,-0.26373897542845726,0.1569931087975344,0.215400076781456,0.2569769033868278,0.27727783127564165,0.25475255599438823,0.278322050327908,0.280493639879891,0.2852897338165089,0.2245241409539824,0.48826311638243963
2020-11-03,-0.2419553823520191,0.17848511158170066,0.23598665489172757,0.2766770333324694,0.297171296545923,0.27616266125549993,0.301059151859567,0.3003675236899357,0.30642296868775143,0.24391590466506474,0.4858712870170838
2020-11-04,-0.24681620351341693,0.17893133126037333,0.23404166891761585,0.27421801761418774,0.29589473304327923,0.2756934957234227,0.2987240422921456,0.2989335389830359,0.30491517071645596,0.23750642364463156,0.48432262715804847
2020-11-05,-0.23147701543257262,0.19552689698340764,0.25056846115603953,0.29102196237627853,0.3143832607932959,0.29296325560555964,0.3157089423366409,0.3166409934488289,0.3249692441495363,0.25818601929993235,0.48966303473250494
2020-11-06,-0.23868200734532907,0.18788004785210338,0.24163767921852028,0.2814655582392578,0.3063402181371365,0.28324044257451364,0.3066786779588431,0.3063363028328449,0.3108697734458254,0.24347949292044824,0.4821615002657773
2020-11-09,-0.21131919118096293,0.2104631469943625,0.26242617497355303,0.30350620011131524,0.32921801778972337,0.30419435143995444,0.3275674218887184,0.327101973401191,0.333626210457162,0.26424918529920816,0.4755683764801711
2020-11-10,-0.22428054775796077,0.20186970707246396,0.2546060502021789,0.2957851758533654,0.3207563894828194,0.29779417424316645,0.3210527515956962,0.31820975374158544,0.3220922412861624,0.25158508864327905,0.47586563640123986
2020-11-11,-0.23390933387824586,0.1944730891784008,0.24430084044440223,0.2838688069121414,0.31026702557285607,0.28243794976198205,0.30640651459198065,0.3055776715824721,0.30349237483342,0.23848728439335884,0.47239661827160473
2020-11-12,-0.23208157618027733,0.19668579224462412,0.24673032057433242,0.2850724630838777,0.3099182618529184,0.28264596442798945,0.3076447190648656,0.30544476476101057,0.3025600040646394,0.23777191170452766,0.469853487884805
2020-11-13,-0.24064119804309178,0.19710357934928188,0.2494576742121964,0.28513123778392074,0.3106559463217108,0.2829713782820076,0.30967591386131577,0.30708531217684343,0.3042104567770699,0.2403727578791249,0.48101395592221674
2020-11-16,-0.22086416923955438,0.21439622273638176,0.26315206992457624,0.2931422024803273,0.3225106941765305,0.29302559173101034,0.31745396818087623,0.31305823515982445,0.3089296608052347,0.24294506397159546,0.46380923321114986
2020-11-17,-0.2253016340861999,0.2098498542786471,0.2583270979684039,0.2861537264027442,0.3153893427806073,0.2856783671137876,0.3090661309243581,0.3048627007229839,0.30015864571341866,0.23419600021571008,0.45949763430191004
2020-11-18,-0.22467987444332602,0.21364884920021288,0.2617815683886102,0.29218349139095834,0.31724089682427886,0.2894488847583918,0.3132035483163771,0.30941727079375914,0.30525621118756285,0.24115899684370717,0.4658388712870332
2020-11-19,-0.2295787304719443,0.21179432251426042,0.2645246875114016,0.2959055861310782,0.32113134036318747,0.2947319041320847,0.31642729406781245,0.31557071229847283,0.31143642719070563,0.24813506791805903,0.4777137983900034
2020-11-20,-0.22653940606847633,0.2199475356910362,0.27257061798624554,0.3026415048097614,0.3264361071738176,0.3005884246493582,0.3213740680299943,0.31907465244793226,0.3155896074425832,0.2510427783073177,0.4775821843757941
2020-11-23,-0.21847797967956367,0.22896497838699267,0.27833119676617607,0.30545113573224897,0.3297453580006967,0.30304616341866863,0.32278391579985,0.3176688518766135,0.316843235741712,0.2501590849757543,0.46863706465531807
2020-11-24,-0.21942256282830858,0.2258937655489043,0.2793019363317358,0.30412620301411264,0.3284376014164289,0.3034146610876437,0.32162471857869257,0.31620358181367236,0.31711473098525056,0.25089802594559446,0.47032058877390315
2020-11-25,-0.23576399820009938,0.21147273510893366,0.26422949156350395,0.29080808105594497,0.31491104708768936,0.2891221451994462,0.30913650207460647,0.30280891779113567,0.3034057502701378,0.24135989307069627,0.4771238912707958
2020-11-26,-0.24205950651135663,0.20835657372756927,0.2629892025234716,0.2878307843549498,0.311494899484875,0.2843664379838911,0.3037635761938017,0.29912289818549076,0.29778987587886224,0.23584102739800164,0.4779005339093584
2020-11-27,-0.24845152788329541,0.20817134697534337,0.2618562704750912,0.2881176373135952,0.314046712214584,0.2861967611772013,0.3037215160488639,0.2999091904219592,0.2979644752700831,0.23397213805482578,0.4824236659381213
2020-11-30,-0.2514484706583344,0.20624506957808383,0.25838497027726104,0.284659490918843,0.3120452917129513,0.28394506444831363,0.3009360216146785,0.2976801703246582,0.2970817094459683,0.2315065198855638,0.48295499054389834
2020-12-01,-0.23920092348677605,0.2204281344167902,0.27309608252617756,0.298369769525104,0.32436742483612396,0.2967538635292925,0.31324106917649536,0.31285762721863836,0.31018579229124404,0.24488503604410283,0.48408595953087896
2020-12-02,-0.23853597323279102,0.22113138388703313,0.27496596117028604,0.30011006757369724,0.32506459484676864,0.30024629575065326,0.317600042757795,0.31509130819779824,0.3098652776420958,0.24940646681096804,0.48794244004375914
2020-12-03,-0.24723719401460945,0.22004340396562175,0.27058000739634686,0.2968037741442656,0.322430901355209,0.29714926106959144,0.3178320839583799,0.3144095941011545,0.3101998665885225,0.24974763114928802,0.4969848251638976
2020-12-04,-0.2511598125772765,0.2225227569203875,0.27286416927630164,0.2992903553678169,0.3256366352536183,0.30028169533540106,0.32188801540620965,0.31611819262286983,0.31444176040200367,0.2522678818757292,0.5034276944530058
2020-12-07,-0.2528860634004296,0.21805217842900296,0.26991644862022957,0.29379282979696,0.3202317366131458,0.29468693696017123,0.3147662125348544,0.3116354827329655,0.3058971286068099,0.24658100897042207,0.4994670723708518
2020-12-08,-0.258269409421943,0.21604896861729544,0.26863286070318715,0.29083017867389627,0.31720649333746487,0.2949952207300646,0.31065725631778834,0.30963493071075815,0.30357599860398676,0.24659999498959456,0.5048694044115377
2020-12-09,-0.2792503502726751,0.19818955627612225,0.2525490939657566,0.2720997801738087,0.2987597318398501,0.2749185953471232,0.29266551091446596,0.2884100538064252,0.28411665156185173,0.22732627250458498,0.5065766227772602
2020-12-10,-0.2843277946364466,0.19651798699749953,0.25174216982732894,0.2701423594597239,0.30118238754640425,0.27604511920154334,0.2923331710173029,0.28976333498072704,0.2858289576553424,0.22895869673580652,0.5132864913722532
2020-12-11,-0.29985064803901484,0.17994861080878782,0.2346306914527054,0.25288248314383427,0.28537276933599987,0.2582110384641405,0.2732980582008433,0.27422270004241756,0.2685551293086663,0.21292179874902917,0.5127724467880441
2020-12-14,-0.2955706428762787,0.1841606018705712,0.24095961942434477,0.2600869462341854,0.2920874130419295,0.2694180324767455,0.28301084313525754,0.2805796864530495,0.2796416807737498,0.22069115184098198,0.5162617947172609
2020-12-15,-0.30208820860994157,0.18325137092118976,0.24106871814762146,0.2615863166627649,0.291016182721086,0.2694385235232074,0.2834222444727027,0.279189791452936,0.28055379463990393,0.22139009394535633,0.523478302555298
2020-12-16,-0.3175879950436933,0.17423280754563542,0.2312042911685587,0.24980724076365046,0.2800225083770484,0.26060982214562395,0.271678779611233,0.26525620017014745,0.2672206985865632,0.20835180527654176,0.5259398003202352
2020-12-17,-0.3124637352046687,0.18195873287370654,0.24009915501233325,0.2607468470318164,0.2873347410673427,0.2698012790935055,0.2849663608937566,0.27626155851078016,0.2781067204711993,0.2206670993208965,0.5331308345255654
2020-12-18,-0.3226055926778768,0.1749558332111121,0.2352718066944378,0.257797007104636,0.2850498026518044,0.26672938205018587,0.28136317922570747,0.27210766182859125,0.2732909014198669,0.21462253683631585,0.5372281295141929
2020-12-21,-0.3093698467673606,0.18666314237847542,0.24646275412923183,0.26797137407904137,0.2950812617822987,0.2753276044931391,0.2904356716015164,0.2817429587523544,0.2801982355030584,0.22402886634336214,0.533398713110723
2020-12-22,-0.32823363234157893,0.16938250080745937,0.22386303200853414,0.2470943219724487,0.27595993449217116,0.2534861582769804,0.2667440806942103,0.26023838924260817,0.2573494156996817,0.19955254260628014,0.5277861749478593
2020-12-23,-0.32635945566138297,0.17437258907939868,0.23027781345702175,0.25235884081405485,0.27950582131441876,0.2585162515716954,0.27030868432066185,0.2615056747272115,0.2617681851782671,0.20106125237031616,0.5274207080316994
2020-12-24,-0.3455809460581116,0.1558987710845598,0.20953564030298177,0.2326814929248034,0.2582463061920207,0.23765092264752016,0.25070998640674425,0.23983980766000718,0.2408099822475045,0.18268738520060118,0.5282683312587131
2020-12-25,-0.33903208180300504,0.1653404713771763,0.21809938865643969,0.24208063188617518,0.267542064219605,0.24853621086426034,0.2623322716118859,0.25027318302683543,0.2522349263060101,0.19170911637497784,0.5307411981779832
2020-12-28,-0.3445694525462566,0.15670080569992953,0.20708861075640914,0.23088101915286918,0.2533223614511134,0.23686494973024957,0.24809234986392403,0.2340422989289935,0.23669435758453697,0.17713967689891877,0.5217091294451757
2020-12-29,-0.34746794821407917,0.155036923074683,0.20663197364467972,0.23123088004435868,0.2500028033666612,0.23742882655978664,0.24592006664854535,0.2287673407372457,0.23349031432790984,0.17214426049414203,0.5196122087082216
2020-12-30,-0.34542167414357944,0.16122713848793682,0.21416297982679317,0.23732166205630206,0.25409432320552616,0.2416547328137868,0.2509914967769383,0.23354385893835033,0.23619306476733387,0.1737137381252478,0.5191354122688276
2020-12-31,-0.3368590170717866,0.1751122651629217,0.2293794093359654,0.2516288400359813,0.26939790004064523,0.2581452409068031,0.2660407766046323,0.2478623135180024,0.2520119588592106,0.18815615041749176,0.5250151674892788
2021-01-04,-0.3250018880358866,0.1864620931461933,0.24435717230958975,0.2657820385569326,0.2888597983763872,0.2735591649505148,0.2819474951169336,0.26627923997697206,0.26642155132596856,0.20049349303077135,0.5254953810666584
2021-01-05,-0.3235611719394305,0.18726172676183903,0.24425270774179764,0.26533256961847584,0.28900773081785247,0.27495607943150174,0.2801806564596492,0.2629997381200551,0.2632634138440214,0.19512162423062743,0.5186827961700584
2021-01-06,-0.3330345820806783,0.17703479675891592,0.23021097815818437,0.2513811288591814,0.2762519043617891,0.2619129639396921,0.26783011926497485,0.24724633039296923,0.24975479524213556,0.18098416491688615,0.514018746997565
2021-01-07,-0.3600798556138538,0.14683741591851887,0.19703993268024145,0.22507061653612903,0.2492051235338162,0.2367167357086341,0.2424909748667731,0.2202472070370671,0.22970550752460717,0.15701091413008988,0.5170907697439442
2021-01-08,-0.36089513326808653,0.1488996615029656,0.20221113855550774,0.2267340390380612,0.2493794503175152,0.2362594377307086,0.24205852696321634,0.2166961932645512,0.22263791767960556,0.15178149691298326,0.5126766301810702
2021-01-11,-0.38316125353942604,0.12255381710031726,0.17648437191691593,0.20235891783827417,0.2258246672649029,0.2126180289821123,0.22035070373402388,0.19431381938621087,0.20146433393190144,0.13003267996778387,0.5131939335072103
2021-01-12,-0.37618497979995646,0.13071853088867458,0.18612554763200415,0.20981217719560258,0.234780513997644,0.2217294878214589,0.22652915809546745,0.20350342443082942,0.20959407295035193,0.13919210939569016,0.5153770891956471
2021-01-13,-0.3885705411156583,0.11648542883475922,0.17017747506859088,0.18960436407413522,0.21806473252855843,0.20410589432886944,0.2087514588349667,0.1878352950621976,0.19370115149924447,0.1263453701395631,0.5149159112552218
2021-01-14,-0.38599701749847753,0.11851701313875762,0.17419143186966804,0.1986952132994894,0.22183981542159628,0.2096579317418571,0.21303692227923998,0.1933709034598053,0.19742723391266442,0.12940775404089003,0.515404771539368
2021-01-15,-0.38227066869442156,0.13206373942686825,0.1838996775026508,0.2113700719324019,0.23695547790494575,0.22421914682665778,0.2303225205638137,0.21090898182182433,0.21480732949084683,0.14699924129253217,0.5292699099869542
2021-01-18,-0.3698012521517628,0.1478561095143007,0.20135434540240013,0.2313680381225176,0.2532937857329872,0.23836074388397893,0.24303792452143447,0.22423715909775366,0.23034192527854802,0.1589381653866373,0.5287394175384006
2021-01-19,-0.37149645072096676,0.1493628317311443,0.20428888936833783,0.2368497237054578,0.26101159500565563,0.2434985397368079,0.24801814318493914,0.2307891529317324,0.23356952155576186,0.15998120279871353,0.5314776535196808
2021-01-20,-0.3759328033196895,0.14993798154504265,0.21010705026204593,0.23993386452958299,0.26543602364622537,0.24890919094778624,0.25098487144637394,0.23724043586935345,0.23717725738973167,0.1637619700868677,0.5396947734065577
2021-01-21,-0.3766044024791151,0.1519037475912113,0.21678800222900554,0.24599359442642874,0.27100454506953386,0.2552713248897606,0.25928102904264005,0.24785288339798472,0.24604376922869856,0.17224159387543142,0.548845996354547
2021-01-22,-0.3838201710958521,0.14562369960717322,0.2103118054039087,0.23583184782498587,0.259022298052932,0.24378860838625882,0.24726568746111485,0.23578034605214807,0.2331269749571555,0.15853775134589781,0.5423579224417504
2021-01-25,-0.40299065633153586,0.13444034039232625,0.19382781949238018,0.22049524016088684,0.24394704064377154,0.22989151531808033,0.2321024377798528,0.22203164842591,0.22155265354678502,0.14553224099953718,0.5485228973310735
2021-01-26,-0.41490854451942555,0.12482176708482834,0.185806229510118,0.21315638796264563,0.23535831712572874,0.2217239109797997,0.22562022177307062,0.21394220831480987,0.2140004899408489,0.13869978150118784,0.5536083260206138
2021-01-27,-0.4172552696225677,0.12818663922023546,0.18837716056463993,0.21483402274382157,0.23572549152596703,0.2209284514452494,0.22606629590406566,0.2156884470655257,0.2170938963710119,0.1404839241142493,0.5577391937368175
2021-01-28,-0.43253175625083434,0.11172463775286239,0.17332186521002024,0.19769117498001848,0.22036539776687342,0.20774836712908754,0.21446337944182015,0.2039536635667437,0.2069210616920374,0.13145522345633498,0.5639869797071697
2021-01-29,-0.4502672580739677,0.09772200294275256,0.16152251792990555,0.18375793865667933,0.20342515587966542,0.18925363475459808,0.20010233708784433,0.1920341529553956,0.1936752060230991,0.11762146411905358,0.5678887221930217
2021-02-01,-0.4487311817855491,0.10064803472391597,0.1672872664205404,0.18850228219025422,0.2064529199417839,0.1924482919024804,0.2085654535934154,0.19904344592409673,0.20060945908331163,0.12819864152816818,0.5769298233137177
2021-02-02,-0.44921859693818117,0.10205368526117936,0.1700590621566109,0.19008795450037974,0.2088140810777656,0.19716263154900274,0.2138950029274859,0.20498420940309467,0.2040333121449386,0.1343947353544334,0.5836133322926149
2021-02-03,-0.4613372246404494,0.08751075468821998,0.15813609674525428,0.17632400747061447,0.19251936883847734,0.17900287320390043,0.19589682968489128,0.18594927020663998,0.1854151561349546,0.11578184455503485,0.5771190691954846
2021-02-04,-0.4803719209942466,0.06758615804119508,0.1403872632898278,0.15782422526888054,0.17460586032172037,0.1587443052811292,0.17663271482016413,0.17103696356915926,0.166260674665299,0.09700467312368478,0.5773765941179317
2021-02-05,-0.4953856435402505,0.05595733268330126,0.12606683125366502,0.14810969018731054,0.15932871104540625,0.14604477000406152,0.16355387881528624,0.15816949520170712,0.15549616446786793,0.08906371432530016,0.584449357865551
2021-02-08,-0.4926039843132083,0.05896814061009931,0.1285124438093481,0.14800152328849958,0.1622262729590531,0.14515221241587245,0.163800185318229,0.1594786341738507,0.15706113140850791,0.0905784636009087,0.5831824479141173
2021-02-09,-0.48135026278847765,0.0748905087631586,0.14625318917959962,0.1678842628649947,0.1813617593295585,0.16500503821299567,0.18396935006274914,0.18034179508429085,0.17897667146085167,0.10703208760544292,0.588382350393921
2021-02-10,-0.47564766181459267,0.08342583766147489,0.15425064147436637,0.17637580468675015,0.18877466815107224,0.17243141640932513,0.19154021700471283,0.1875105377570623,0.18396452362726093,0.11275615174481932,0.5884038135594124
2021-02-18,-0.4606733784344263,0.10539640907812335,0.17465637826123406,0.20215167946067644,0.2160431214079987,0.20130801477921162,0.22174710800995978,0.21624355980893728,0.21353212178303754,0.14253010980740685,0.6032034882418336
2021-02-19,-0.4404981467868546,0.1319335517196963,0.2014224666883621,0.22830187436248933,0.2442690093398131,0.22792359263296824,0.24907366021325744,0.24370426707134032,0.24178542653461174,0.17154257619918334,0.6120407229860384
2021-02-22,-0.42576853126786723,0.14357161659020592,0.21308847238169426,0.23667077746991155,0.25306007884376497,0.2316431825419468,0.25358657373435944,0.24579996034070545,0.24115401012341403,0.17681346027223258,0.6025819915401003
2021-02-23,-0.4310536976086272,0.13690658947991693,0.20563235277944036,0.23200956820631927,0.24678678623586467,0.22624772781909125,0.24786685759723084,0.23875508684159333,0.23402086475310244,0.17048163569442937,0.6015353333030571
2021-02-24,-0.44167398549480136,0.13572099052559877,0.2043108798782437,0.23032075982422343,0.24656320229967335,0.22921332163706903,0.24753330791648515,0.24272916851679344,0.2327891474338506,0.16951628541664296,0.6111902709114448
2021-02-25,-0.44542136593506026,0.13143621126167596,0.19792249542739548,0.22487344531526807,0.2425392490235753,0.2229161464132945,0.23852982305787238,0.2318834980649882,0.2233161513833826,0.15953780144799043,0.6049591673830512
2021-02-26,-0.4612757678450335,0.1252488527206809,0.19338921400739853,0.22256810474823077,0.2396712716838318,0.2221781368126598,0.2367943639015942,0.23103137280008598,0.22048638800155518,0.15451128423080457,0.6157870520758386
2021-03-01,-0.4440250784939495,0.14799644784133925,0.2147530590681577,0.24485096200626433,0.2618997563281898,0.24636142172708064,0.26121170913619357,0.25533505367614856,0.24338395119760045,0.1776653601091418,0.6216904386030919
2021-03-02,-0.44945574820529716,0.1435619551806875,0.2093782626665724,0.23760164726054858,0.2545749815141459,0.23948964340689807,0.2558946059529723,0.249600892936426,0.23570194843190273,0.17188875063688383,0.6213444988421816
2021-03-03,-0.4346519964017233,0.15977960681210557,0.2228822388767651,0.25227099506410544,0.2662157842049085,0.25157355484953225,0.2677869412008825,0.2600884217490307,0.24727424599872525,0.1831425367539816,0.6177945331557055
2021-03-04,-0.4443606781399048,0.1491847290152864,0.21341145343641227,0.2416029127147322,0.25694159993342797,0.24217507793559567,0.2571256570107779,0.24834644922066107,0.23543396314860165,0.1728187895185812,0.6171794676584866
2021-03-05,-0.45052510239585414,0.1511788952008074,0.22122852143232088,0.2486171443069567,0.2661732594074115,0.25235278678753054,0.26800920402053446,0.2615434277066769,0.2470563488769711,0.18661131221718702,0.6371364146130417
2021-03-08,-0.46149385960754746,0.13661079511029894,0.2082638660193995,0.23360141996969686,0.2505029205855671,0.2385609079457665,0.2538235663678328,0.2500016102444162,0.2366647973827851,0.1789967366704521,0.6404905962780001
2021-03-09,-0.49290385427641104,0.10841791700141938,0.18306064323617763,0.20917304517163893,0.22447274845250925,0.21264011700666902,0.2281361569215441,0.22927899440423305,0.2129864620689524,0.15379642930675655,0.6467002835831681
2021-03-10,-0.5109764523041788,0.09514337674031922,0.16681230896689703,0.19690229173651422,0.2112188733174162,0.2021914905829102,0.21605558766097707,0.21935382083567329,0.20733706912691155,0.15005343605986843,0.6610298883640477
2021-03-11,-0.49325909646611843,0.1169185159371029,0.18708828385764992,0.21728927989587865,0.2322103300677412,0.22226930955896002,0.2361234781897064,0.24123051639889445,0.22876890280734355,0.17260217099219782,0.6658612674583169
2021-03-12,-0.49395680614393006,0.11943305444069423,0.18785537863018945,0.21857202894494532,0.23138945763251645,0.22363625887144373,0.23549949076795312,0.24273600275840626,0.22879258054232993,0.1728098384098662,0.6667666445537969
2021-03-15,-0.4959882570681625,0.11805333554487919,0.1810252823548618,0.21594378037204479,0.22522987420914334,0.22005879820498536,0.2321583954868375,0.23982509918536488,0.22660706767671893,0.17143267532106954,0.6674209323892326
2021-03-16,-0.48456695821213636,0.1294411963714549,0.19432100388063694,0.22714977853417936,0.24032528063770378,0.23383962557503718,0.24620236152099287,0.25498266049146134,0.2384268076143968,0.18417883001656857,0.6687457882287055
2021-03-17,-0.4906966506050217,0.1317094016125472,0.19950896105485585,0.23256509655357493,0.24503287773591723,0.2394657067583582,0.25370443222737993,0.2647270271374458,0.24764652718752833,0.19456612699021994,0.6852627775952421
2021-03-18,-0.48877308652480944,0.13506542359825546,0.2029065280742832,0.2330958379269699,0.24420448860394475,0.24068241078337227,0.2543927085259693,0.2640287622754861,0.247964560609994,0.19356205822707778,0.6823351447518877
2021-03-19,-0.4921257653415616,0.13234197513247176,0.2020116174137198,0.2289896086422633,0.24316348769439658,0.23757353379725224,0.25180513109272445,0.26160468643128515,0.24492492155520987,0.18887893577244735,0.6810047011140095
2021-03-22,-0.47205374118758636,0.15098665054138644,0.21726981535891757,0.24484377438726404,0.2614010095066496,0.2529420462394197,0.2691787779845982,0.2756095328674376,0.25974252261736713,0.20328500561612523,0.6753387468037121
2021-03-23,-0.4872386373848544,0.13636438579181717,0.20335575056289956,0.2351352919219827,0.24911388572369814,0.23991290557551223,0.25654997077347497,0.26408193944348596,0.24934005595751793,0.19488961178886274,0.6821282491737176
2021-03-24,-0.49491498509989945,0.12900578033615084,0.1938293563660315,0.22806306683015573,0.24146452650962713,0.23163856338837635,0.24630618768434626,0.25432216357771725,0.2414023057679935,0.1836151679615894,0.6785301530614893
2021-03-25,-0.508762604739224,0.1251162516913891,0.19028482831593593,0.22525978663726717,0.23815523251262816,0.23012002373801627,0.24573326413618027,0.25361168960563374,0.24063885053306266,0.18300413006087307,0.6917667348000975
2021-03-26,-0.49692474423514466,0.13895077220204285,0.20370558242842893,0.23817195549353487,0.2528151447160742,0.2437977853569589,0.2608232841141119,0.2675821414650303,0.25204223247170476,0.1947155795353081,0.6916403237704533
2021-03-29,-0.49424683717180706,0.14242626614733295,0.20464352336692124,0.24061346108269405,0.2532661579536388,0.2438363967003463,0.25884603397721717,0.2670193578426873,0.2510902472432635,0.19461019918173975,0.6888570363535473
2021-03-30,-0.5023525762955562,0.13523846125701303,0.19526150338013137,0.2306058783198649,0.24589703190901285,0.23731372814035173,0.2514576858861248,0.2603351895776424,0.24275011407244712,0.18646128598529532,0.6888138622808521
2021-03-31,-0.5070088598603222,0.1358467814290917,0.19756456271561254,0.2366251244259669,0.25123263168316173,0.2418984498824411,0.2549742982296163,0.2627289475620779,0.2454857379462109,0.1872950441547308,0.6943039040150536
2021-04-01,-0.5107891810639446,0.13652518899078908,0.19852335896811196,0.24039744992922707,0.25590289232135893,0.24572603366733703,0.25873163560286455,0.2670746614762747,0.2492905692637031,0.1906824403936751,0.7014716214576203
2021-04-02,-0.5093425712925381,0.1419371128512976,0.20402559639623913,0.24529582945309458,0.2595895250060791,0.24996044590696034,0.2623912447170693,0.2723767793251723,0.25303651721847575,0.19616728852042833,0.7055098598129671
2021-04-06,-0.5039463207262554,0.1488360304478393,0.21239656630729226,0.25383079682390874,0.26910327420255475,0.259317172696507,0.27346624900143196,0.2842254512498927,0.2677768384893978,0.21124598390338925,0.7151923046296453
2021-04-07,-0.4993093595414413,0.15556751772303073,0.21935222588158795,0.25963419009293054,0.2737405540961306,0.26605686366348047,0.2806292889815067,0.2918165439263364,0.27694570567254584,0.2203287355831787,0.7196380951246206
2021-04-08,-0.509835460861306,0.1490953183285796,0.21525745914599323,0.25458413627942245,0.26933278948757605,0.2602872983992953,0.2750535527130561,0.28459082856794415,0.26791137594656306,0.2106842023182876,0.7205196631795943
2021-04-09,-0.5112677231950671,0.1511906893183925,0.21635174436680904,0.25632745208128815,0.27037753261411857,0.2612108744457581,0.27337253748636353,0.2847450597447295,0.26587659812954223,0.20879722609078052,0.7200649492858482
2021-04-12,-0.522050768588838,0.1362003997741418,0.20074895306699037,0.24239087554948885,0.2551987947505697,0.24603457629189612,0.2581526969570848,0.27061544422460926,0.25372276177916175,0.1983477685197623,0.7203985371086009
2021-04-13,-0.5306616903937844,0.1327690076258872,0.19553623193477002,0.23412691800918026,0.2504093050475876,0.23803739178365332,0.2503635043553654,0.26178038686288635,0.24760133427194905,0.18689202158542587,0.7175537119792109
2021-04-14,-0.5197180334382695,0.14406633189156665,0.20823516253986513,0.24693579813183242,0.26267451736954,0.2511344182936335,0.2612551833180886,0.27338980716736894,0.25965963767607225,0.19902197344694397,0.7187400068852141
2021-04-15,-0.5262925168543614,0.1406675050321633,0.20759536315651178,0.24457461691518756,0.26196012563214066,0.24994788088221578,0.2606324424553457,0.2707067826811392,0.25422647221386446,0.19209890854271905,0.718391425397081
2021-04-16,-0.5079082888827512,0.1572534380729226,0.22555917106765325,0.25976126714014386,0.2776781026507965,0.2666476001115933,0.27475570866291293,0.2859518651074989,0.2696694477763054,0.20845166953494973,0.7163599584177015
2021-04-19,-0.4961943531423743,0.16956676159306572,0.23816059044479648,0.273651380231856,0.29086677784216397,0.27977178369821726,0.29005093317028835,0.3005774875335277,0.28453177785394995,0.22127286761100876,0.7174672207533836
2021-04-20,-0.5039641302099866,0.16530931509664532,0.23753896253729875,0.26992622602173044,0.2882539225880567,0.2751549561420496,0.2870093453838903,0.29658354001240755,0.2789046403101188,0.21606560639541691,0.7200297366054041
2021-04-21,-0.5053725876448283,0.16287840220776054,0.23524762896155188,0.2690844241055307,0.2846226004881824,0.27412085179969714,0.2841945897498214,0.29266065679357517,0.27462052619687954,0.21007098279397476,0.7154435704388037
2021-04-22,-0.5012389680713,0.16666041271918774,0.23911803994073208,0.2726706213961739,0.2893979765382891,0.2801766970584048,0.2879443510416971,0.2971032161733821,0.2771034167481433,0.21295731946923294,0.7141962875405335
2021-04-23,-0.5118365311103213,0.1595141653282782,0.23134001328323694,0.26532456992037085,0.2803444235475818,0.2717626973153737,0.28139966026964824,0.28846235435346224,0.2668929367004438,0.20198509284032856,0.7138216239506505
2021-04-26,-0.5187590886405044,0.15578155250855302,0.22669535173582273,0.26254995374805046,0.27745637423073766,0.26853732071560715,0.2797942821472161,0.2835810167759845,0.2612932635528426,0.19766396337524111,0.7164230520157461
2021-04-27,-0.5237469571376838,0.1491327476061211,0.22111622013553084,0.25602284465275593,0.2723243790193869,0.26338951315581166,0.27394762766096614,0.27400194085938284,0.2514497343377644,0.18797669965404964,0.7117236567917341
2021-04-28,-0.5246320341153242,0.15052159212163027,0.22419331884755417,0.2546722970308333,0.2744349869821911,0.2658361584523104,0.27998350699656954,0.2764239730930008,0.25400527832221376,0.19363274427226584,0.7182647783875906
2021-04-29,-0.5324972950120985,0.14631983942937338,0.21894810459142278,0.2512650371808725,0.271529441859565,0.26518133017514683,0.2796313549231543,0.2764519861985563,0.25358986709991826,0.1896986858402369,0.722195980852336
2021-04-30,-0.537391743340456,0.14023054843651084,0.2137758014495208,0.2458801859481694,0.2659209183227041,0.25672783574122443,0.2697038281126241,0.26825779149809054,0.24305194539240738,0.17723593101744428,0.714627674357901
2021-05-06,-0.5346460014714115,0.14549830825659796,0.21780100343481829,0.2506754314609451,0.27068808715294257,0.26126433209910366,0.27582145921419776,0.27281310361005995,0.24709311559459207,0.18357452091477217,0.7182205223861844
2021-05-07,-0.5432797462242326,0.13398239626735783,0.20760875084848246,0.24576990357553619,0.2657102793861392,0.2545434955755778,0.2723736392341213,0.2695710347773166,0.24413053849268085,0.18263783302967965,0.725917579253913
2021-05-10,-0.5323211235436532,0.14071774266590967,0.21434102742930955,0.252143893625027,0.26913398276831574,0.25615581918199004,0.27665442210546687,0.27091926164164964,0.24449064986963268,0.18300216737342936,0.7153232909170834
2021-05-11,-0.5334112492393578,0.1426864725267087,0.21388762459384,0.2542264028000952,0.2731238066871748,0.2622963709287392,0.2816356100041859,0.27813084397983723,0.2510937119360117,0.192505461566384,0.7259167108057425
2021-05-12,-0.5277706295748927,0.1491133020021013,0.22741796881308862,0.26362389229685496,0.28511514620287975,0.2733462777281079,0.29150298664371566,0.29077917884234217,0.260532884226812,0.20339850602240817,0.7311691355973017
2021-05-13,-0.5359880810995135,0.14262321443194115,0.21954994728715285,0.25964301078266494,0.2779394947931701,0.2661508361774003,0.28748928390085615,0.28756447770016236,0.25695928580176836,0.20024390150929205,0.7362319826088063
2021-05-14,-0.5268502693362737,0.15392028551685366,0.2314158087999902,0.27251727200174264,0.2914523479867448,0.28210403244119125,0.30304577285902734,0.30163583034348057,0.27196822384552466,0.21443074949284602,0.7412810188291205
2021-05-17,-0.5406943693963892,0.14673005667951358,0.2274676179900221,0.2665684966903362,0.2889057582091533,0.27767426270974627,0.2968616317713259,0.29508024225214385,0.26516858648150776,0.20618472292818535,0.7468790923245753
2021-05-18,-0.5355411493459802,0.1540115541101979,0.23395335868346248,0.2723218083711794,0.29393496361818894,0.2832942361125424,0.3023038521901209,0.3027292796572469,0.27177425671850414,0.21008754440496075,0.7456286937509417
2021-05-19,-0.5362091323099677,0.1528741648942671,0.23423142752494255,0.27275137873624766,0.29230249246724294,0.28186220392144595,0.3017959515926653,0.300690138341855,0.27142292068955803,0.20599447565328335,0.7422036079632518
2021-05-20,-0.5400962440096182,0.14905270300735268,0.23353958416449985,0.26971204648555375,0.29130322441026074,0.27771385503888535,0.29794894223824203,0.2993882257981903,0.2680356044717259,0.20045237179836853,0.7405486158079875
2021-05-21,-0.5390878908640697,0.1478780185752307,0.23684112681791672,0.2725180445669517,0.29184925271188955,0.2786953393252938,0.29888551981619993,0.3019719263840506,0.2688252399864326,0.2018554142246232,0.7409433050886937
2021-05-24,-0.5367277422269681,0.15547258618153428,0.24318256027751758,0.2800273232691446,0.3029844325819444,0.28600452674171417,0.3044475290453246,0.30793687960853555,0.2725248704175719,0.20669538992022124,0.74342313214719
2021-05-25,-0.5325614829825478,0.16342086757052637,0.25233936407475516,0.29014918695715164,0.311141243994987,0.2950519576666043,0.3137192389707906,0.31826544323572586,0.2829729466517199,0.21418346407575767,0.7467449470583062
2021-05-26,-0.5297037593152824,0.16774650559712326,0.25540827275131245,0.29560985618795205,0.3180975881756515,0.30389082442101895,0.32323886904433846,0.32868525272719123,0.29232357002990855,0.22451171688967908,0.7542154762049622
2021-05-27,-0.5276516410673744,0.17354773414609878,0.26368036160837527,0.3047901640750927,0.32857760860954566,0.3118054544282308,0.3334536893031423,0.33812303310717245,0.302103026481754,0.23510282279918474,0.7627544638665599
2021-05-28,-0.5337111033203783,0.1673533761897609,0.2631090697374918,0.30112922116320406,0.32428437193477705,0.30851956942083475,0.3295298775923544,0.33415905539622887,0.29689172215043236,0.22995864558513518,0.7636697489055142
2021-05-31,-0.514983293660227,0.17996306608311222,0.2786345590851099,0.31375638592871613,0.3363291314749235,0.31940719391242506,0.34044422645195405,0.34506076108586076,0.3087690461175004,0.24018620010503838,0.7551694937652661
2021-06-01,-0.5096474381405042,0.18755219492432165,0.2858295099792884,0.32060873634027004,0.3430195664991549,0.3291043800662067,0.34736159134362776,0.35303738541532886,0.31870628314772087,0.2509507722696621,0.760598210410167
2021-06-02,-0.5161202571334272,0.18189975056675148,0.27979598293331726,0.31438866701655677,0.33270802369710933,0.32243545306833155,0.3403305531168383,0.3439465290250848,0.31170229207138744,0.2447357680171124,0.7608560251505403
2021-06-03,-0.5220391488996211,0.18044056118516702,0.27858368663907424,0.31286890894452096,0.33086214679768466,0.32191883919275893,0.3405772722640314,0.34278982100806255,0.311724301440087,0.24780658937764047,0.7698457382772622
2021-06-04,-0.5276622222917544,0.1810301198311794,0.2788717604924708,0.31532612820713846,0.3329517653412432,0.32215639524462936,0.34148186141447145,0.3427751309719482,0.31136447291878067,0.24488027615969538,0.7725424984514504
2021-06-07,-0.5219956997195587,0.18970998061823738,0.28603297244354486,0.3242824627793586,0.34246786547224645,0.3312661785262537,0.34791993000041427,0.35018782119499137,0.31704284816400685,0.2503229714919433,0.7723186712115027
2021-06-08,-0.5250836670164317,0.18549698023868444,0.2835746386440718,0.3203582311635083,0.3405971199387522,0.33036465941167054,0.3482227680189016,0.3478922272347849,0.31617851127418745,0.2508418437984809,0.7759255108149132
2021-06-09,-0.5243197770182748,0.18663987627303655,0.28464059977246514,0.32106772140226364,0.34401605136792923,0.33263003966153337,0.35176950917815086,0.349986816147669,0.31895733376766877,0.25321331892968213,0.7775330959479575
2021-06-10,-0.5238160215361922,0.19304948377602277,0.29264589101457633,0.33021393675639654,0.3531672719907542,0.34115207726680535,0.35905689465610835,0.3561085581354384,0.3215030744773205,0.254653743504071,0.7784697650402638
2021-06-11,-0.5290107572736293,0.18171835415972099,0.2836008256999117,0.32292172661207946,0.34539160690397586,0.33312519912275423,0.35030814047856207,0.34876063416674236,0.3154136891476089,0.25301667649031356,0.7820274337639435
2021-06-15,-0.5359186162373585,0.17586348817945946,0.278398378868017,0.31811632032104786,0.33933031935787805,0.3258094265968305,0.3409163564836589,0.3382200662478716,0.3050385655971432,0.23621052818553018,0.7721291444228893
2021-06-16,-0.5436653162539322,0.1656687992930328,0.26908006602966283,0.3074843332271999,0.3285323879336962,0.31054936242034537,0.3290186223564085,0.32612764307270525,0.2918977633695281,0.22389638422961572,0.7675617004835485
2021-06-17,-0.5340723784261207,0.17500805776280878,0.28095108784146827,0.31740019865786745,0.3380379248644614,0.3151300039574509,0.33542296925686305,0.33084738974495786,0.2952483910719148,0.22884073029174434,0.7629131087178657
2021-06-18,-0.529988744964164,0.1817845867593173,0.28707004874010117,0.3252177936692092,0.34870540115523707,0.32447197685827434,0.34493848409381567,0.3426092644708726,0.3035617847751117,0.2388179613761132,0.7688067063402779
2021-06-21,-0.5201450476645681,0.19311500268733633,0.2972840524169356,0.3369336640040742,0.3607151382452049,0.33538716592935847,0.3555506498494243,0.3564432748099422,0.31752794959943753,0.2514860564465223,0.771631104111091
2021-06-22,-0.5181367647412387,0.19735681993498366,0.3017341269503114,0.3407119036564815,0.368471231217131,0.3408578916149562,0.3603107022329064,0.36274608089758636,0.32552108656511974,0.2593870867574579,0.7775238514986972
2021-06-23,-0.5207036869201958,0.19941312055443816,0.3045301843642738,0.34654530802693884,0.37334818466464453,0.34763012021571305,0.3661258062485731,0.3656648979466888,0.32950607301297785,0.260636630690959,0.7813403176111553
2021-06-24,-0.5286332215862138,0.19340795490964466,0.30141190894199166,0.33973134300826147,0.36788115168527974,0.3423759002956645,0.3583323824428427,0.35698961731840106,0.3217970794442574,0.25295661092157484,0.7815898325077892
2021-06-25,-0.5360742290245312,0.1953259729103995,0.30331423600108237,0.3422036253392971,0.37086103418229915,0.3453492839079696,0.3626387731154326,0.3612363809867971,0.326535240979369,0.2577004272373499,0.7937746562618816
2021-06-28,-0.5353062465757872,0.19865721518415497,0.30945426427005074,0.3495736930793741,0.3777459405600852,0.3527475956593021,0.3701421358415348,0.3685962000406038,0.33515295858948574,0.2671766678579716,0.8024829144337593
2021-06-29,-0.5435789288232069,0.19422042257738306,0.3002496290986644,0.34288305332595,0.369184694129292,0.3448973567394899,0.35763238963992783,0.3588285185508064,0.3242031673307799,0.25718015841947023,0.8007590872426775
2021-06-30,-0.5377384560548549,0.20132574060976555,0.3074002720391039,0.35159602623131747,0.37719152957052066,0.35407667304338786,0.3646560524516161,0.36821573982776534,0.3300661329404405,0.26233481898523126,0.8000732750400866
2021-07-01,-0.5466059695549484,0.18860418380459765,0.29593551878514757,0.3356152103766128,0.36443571572330863,0.3396123463293168,0.3495740501420011,0.35572023735363045,0.3155328539333418,0.24721816822613407,0.7938241377810829
2021-07-02,-0.5533359481636537,0.18556455659508836,0.29479312536545366,0.33427464681278063,0.3602221054869759,0.33493994154893286,0.34360550382227106,0.34857877597083464,0.3074106562154368,0.2375374179947495,0.7908733661584035
2021-07-05,-0.5449179888761121,0.19534596953252786,0.30500840414233904,0.3446778410616784,0.37230204303762987,0.34959216974359136,0.3563653618034559,0.3639321846226306,0.322304971736815,0.2552832214373773,0.8002012103134897
2021-07-06,-0.5492190491403106,0.19130669918236382,0.3001691950544846,0.34586553995744157,0.37292582303045474,0.3485861771946262,0.35554254345374625,0.36581816681067997,0.32550023332856726,0.26186287402279446,0.8110819231631052
2021-07-07,-0.5388201592083374,0.2024343363846944,0.3110019270725842,0.35653885572051724,0.38405822652280774,0.3569262735662807,0.36083396853062555,0.37096408143334597,0.3309126899393296,0.26511663163957927,0.8039367908479168
2021-07-08,-0.5426165662746365,0.20031238763074527,0.3066698654868161,0.3529334366259933,0.37718827474119854,0.35380683305213245,0.3554708001882158,0.3632479034778417,0.3238045088620733,0.2586588116832428,0.8012753779578794
2021-07-09,-0.5365152353772982,0.20748551522466954,0.3134770472557668,0.3584303253926073,0.3843227536826029,0.360225917931711,0.360211024443671,0.37036288503910836,0.32700794668923183,0.2634200227958961,0.7999352581731944
2021-07-12,-0.5285802407001273,0.2192178636860388,0.32669063045503755,0.3724197125934344,0.3955422026399093,0.3724900250672125,0.37533702892326054,0.3849330278253715,0.3413481460646553,0.27800040141947385,0.8065806421196013
2021-07-13,-0.5252682315767446,0.2241409550694084,0.3311233349535038,0.3781796902972995,0.4033284889873068,0.3777830106967762,0.3797876576872035,0.3932243323205239,0.34419393200339343,0.283172894345908,0.8084411259226528
2021-07-14,-0.5366853306399958,0.21621463948157787,0.3230929990027763,0.3674729928943453,0.39607545990773124,0.37048903138736405,0.37258137130763874,0.38641368886366945,0.33917335067879445,0.27667817127777605,0.8133635019177721
2021-07-15,-0.5426348709032364,0.20953516482430773,0.32007017537339777,0.3617659758336449,0.39091091776273407,0.36538434130889474,0.36649928666164905,0.3793100021615063,0.3291836125716188,0.26488937241719335,0.8075242433204299
2021-07-16,-0.5454093734280756,0.20677109878181643,0.31805468038675255,0.36098000893760407,0.39408361143289217,0.3641233656972428,0.3648712751222772,0.3761495057431897,0.3283393544996444,0.2615464464535695,0.8069558198816453
2021-07-19,-0.5481561179387496,0.20415332712746165,0.3181016983406984,0.35912625461764636,0.393666621595003,0.36182801070150167,0.3633203958809959,0.37655402844114094,0.32687730205643395,0.26234218353152033,0.8104983014702701
2021-07-20,-0.5467077138894895,0.2068815046633323,0.3211082499892238,0.36181018990383584,0.3956883930839155,0.36436137014233094,0.3653154807229734,0.3809834346216368,0.32998836126790804,0.2662982339991705,0.8130059478886601
2021-07-21,-0.5410265666259778,0.21850245494808038,0.3328330330757,0.37234033426942553,0.41061593141389274,0.37769131194348976,0.37911413731819527,0.39566063009198277,0.34282604618102824,0.2800397259852747,0.8210662926112526
2021-07-22,-0.5368824408478976,0.2239322515594713,0.34175620915864546,0.3773687042813954,0.420411264449601,0.3842701234238267,0.3828489958897073,0.40033894753796245,0.34427255176880844,0.28011630590836273,0.8169987467562604
2021-07-23,-0.5427407225494002,0.21601227802063647,0.33041696338100407,0.3649724674800113,0.4098042044018515,0.370594694314166,0.3709616470981445,0.390225650363565,0.329224102124535,0.2662639007765847,0.809004623325985
2021-07-26,-0.5510169153850255,0.20149881951465495,0.3146283314403342,0.3488500275165242,0.39645701865565613,0.3562532713584178,0.35456727916618885,0.3756004904628887,0.31191244210028335,0.24727480140330452,0.7982917167883301
2021-07-27,-0.5723272177294396,0.18439408470468935,0.29627870634781855,0.33081463319783955,0.3791284696109921,0.3357624332637613,0.3387691563427192,0.3545802558412882,0.2906622456486484,0.22482961662356685,0.7971568343530065
2021-07-28,-0.590055178694651,0.16339157513778604,0.2749632723349086,0.30547548140404984,0.35621828378025167,0.3100302792240987,0.31394676252480785,0.3321154755752201,0.2644818380664959,0.20032334624509138,0.7903785249397425
2021-07-29,-0.5698788451860783,0.18739463275752297,0.29897595633693297,0.3303744797192109,0.38310737147802865,0.3386707983823838,0.3413703717824682,0.3611161726968342,0.2915776667615328,0.22504456582307636,0.7949234110091549
2021-07-30,-0.5598546064396847,0.19715906285871088,0.31041491684239164,0.3381890726373254,0.3931156054564189,0.34649455894393777,0.34846936164434267,0.3681129363151878,0.29987125814750387,0.2343589004501914,0.7942135068898762
2021-08-02,-0.5472499205978455,0.2137343027940637,0.3278847275798616,0.36010082540321564,0.4130395861128321,0.3687119559158233,0.3669492427876414,0.3887135026733349,0.3227557952893063,0.2569158747985915,0.8041657953964372
2021-08-03,-0.5478967955214773,0.21781402818102663,0.3278943496900009,0.3586775024738934,0.4067462524604081,0.3666327377642884,0.36386492113537794,0.38054767015563606,0.31517850226641714,0.2528924281907823,0.8007892237122598
2021-08-04,-0.5415186699510554,0.23115323160249943,0.3421815395426797,0.3739459005061498,0.4190415569365249,0.3814318050420382,0.3732019123012845,0.3913218779237659,0.32538651852717176,0.26080157796166287,0.8023202479127184
2021-08-05,-0.5495541424318322,0.22575737008881158,0.33550381319622713,0.3674430754064228,0.4135294619956876,0.37395045792357345,0.3660942806310546,0.3852410743385754,0.317061527075711,0.2514024249203434,0.8009565673521757
2021-08-06,-0.5560166386660284,0.2225734560219023,0.3330547174381529,0.36781876984919726,0.4125909988505283,0.3741440222675017,0.36743813420264043,0.38743457950844723,0.32101195541958016,0.25688334726951606,0.8128999859355445
2021-08-09,-0.5496749232197181,0.23309929534172769,0.3468508121649743,0.38132117378521474,0.42487750296831966,0.3874675957586791,0.3792736139327848,0.3983948204077943,0.332861017586094,0.26814217358591874,0.817817096805637
2021-08-10,-0.5425200819068099,0.23961906694512733,0.3539922079831827,0.39188933867222653,0.4327988243092693,0.3993313809097614,0.3937868839478258,0.40793606530904053,0.3448133717819867,0.27931728556062885,0.8218373674674389
2021-08-11,-0.5335872264642986,0.24531797479979273,0.3610198026777994,0.40124836398167285,0.4384428806760231,0.4080879896178716,0.39946690385321515,0.4145216599578206,0.3480719836434291,0.28191360521635916,0.8155008316806579
2021-08-12,-0.5355067801382387,0.24541957706090645,0.36312234096518853,0.4047091223253321,0.43957466569224884,0.41041990685861335,0.40412341054338874,0.4190870294413215,0.35177906689321814,0.2884889347272163,0.8239957148654552
2021-08-13,-0.5341496426830201,0.24622523591994866,0.3647678148202457,0.4045958741137489,0.43852835923979744,0.4091190147908774,0.40329111120941546,0.41647895568045723,0.35076326864511914,0.2876627329189438,0.8218123756019641
2021-08-16,-0.5363489476568707,0.23996782180591864,0.36125290773015833,0.40528649597136446,0.440218589038585,0.4098398330378377,0.4069633516213336,0.41988865128046204,0.35420682775719686,0.2930080060370902,0.8293569536939611
2021-08-17,-0.5598864853852242,0.21654655907425055,0.3363029907700439,0.380303638692568,0.41444929118925267,0.3837313960332814,0.38269736676504795,0.39328342795591614,0.32914600939882815,0.2699867832364821,0.8298732686217066
2021-08-18,-0.5462372039422676,0.2292278433929607,0.3461428946427877,0.3916096479646938,0.42290385198813346,0.3925935993970642,0.3902158189463662,0.40038441342555803,0.33391268879949615,0.27279854047464586,0.8190357444169137
2021-08-19,-0.5631303268042159,0.22423734998727898,0.3439982505669116,0.3902565021768531,0.422278772213237,0.39261060124561337,0.38937873320309696,0.40143670775394763,0.33647930442198304,0.27286676905361607,0.8359970958578322
2021-08-20,-0.5664066505212968,0.22265823835642307,0.3425559217452625,0.38412828686913336,0.41588116081296267,0.3864176942115954,0.38173088937886135,0.3920682623921373,0.3270414274104762,0.2642197664220598,0.8306264169433568
2021-08-23,-0.5410977438274283,0.24682826573880046,0.36967746574174054,0.4082762348464297,0.44146910997957883,0.4121875459292191,0.40563162003908965,0.4180221341123741,0.3517150464423481,0.28972661050173715,0.8308243543291656
2021-08-24,-0.5376664976477998,0.24978886349705898,0.3741772070365573,0.41294451058663695,0.44538732375636964,0.4201793234571751,0.41316293330022646,0.4240051468324302,0.3574395234289096,0.2960538371617431,0.8337203348095431
2021-08-25,-0.5343430271214076,0.2579102457125075,0.3810128407726132,0.421847300823444,0.45524913491658564,0.4282133685335648,0.42453925135656273,0.4300218456702585,0.3642503910688511,0.30225960251296413,0.8366026296343718
2021-08-26,-0.5358125705974045,0.2547935201169677,0.3766819064718522,0.4191730658850672,0.4480237210442193,0.419506746466278,0.4169916918935265,0.41960890217554153,0.35300621582339203,0.2900491208830605,0.8258616914804651
2021-08-27,-0.5398739329437457,0.2542728153400133,0.37449368036550457,0.41793707312638406,0.4460963971518438,0.4163736097455678,0.4134490082945476,0.417142495799503,0.350878849135651,0.2844768952337209,0.8243508281774666
2021-08-30,-0.5363127472163242,0.2546205935695187,0.37712016283356836,0.4189615047431619,0.4467662466102644,0.418985812361785,0.41110302170846813,0.4179086926334494,0.3482712577368633,0.28111595642731557,0.8174287036436397
2021-08-31,-0.5373631494213864,0.2540186130605711,0.37842491948024026,0.4164532380803311,0.44581565228646725,0.41981420659754826,0.40888482776234686,0.4157822926729292,0.34403847919628144,0.27840032233305734,0.8157634717544437
2021-09-01,-0.5404115893123791,0.2546238638095164,0.37312990588986095,0.4149502766901369,0.44353541682546166,0.4160609762205718,0.4009936229325604,0.40963523482982533,0.3373578250948967,0.27577467162623254,0.8161862609386116
2021-09-02,-0.5254270777358454,0.27351680177767185,0.38598500918832807,0.4290137757505284,0.45580867465543984,0.424793000211548,0.4066418131215315,0.4162023553905023,0.34224960892358913,0.2794459804874022,0.8048730582232476
2021-09-03,-0.5316605246419888,0.2676216016188379,0.3848442438674854,0.42963669980450814,0.456915166251919,0.4268988821737849,0.4077685642845876,0.42182136926057423,0.34836733367545464,0.28775199341658936,0.8194125180585781
2021-09-06,-0.5240487819254847,0.27135251197615745,0.3936714173719293,0.4409213679905096,0.46906850721707516,0.44141480581654513,0.42103547067509894,0.4371874532710889,0.36492008004827187,0.30281022467436236,0.826859006599847
2021-09-07,-0.5180496992412542,0.28497123999059093,0.4071257730778488,0.4531195637504958,0.48349035455990136,0.45501970809637377,0.4321824666228415,0.44784763433593044,0.37491377871411485,0.3117276038997897,0.829777303141044
2021-09-08,-0.5062210218054366,0.29149620295554823,0.41458649414435805,0.4596018909511272,0.4889868413533469,0.46333646194564765,0.4372975564703836,0.45417101992653197,0.3821076738769317,0.32076316900783414,0.8269841908132708
2021-09-09,-0.5107031691055016,0.29541869914951074,0.41544830170294994,0.45957131903226994,0.4879717726917162,0.4655460304659273,0.4378045395392648,0.4555224680225427,0.3803574442185744,0.3175826163858186,0.8282857854913203
2021-09-10,-0.5246709311141384,0.28611641008279165,0.40718285177391844,0.45235396102088,0.48374512761780925,0.4643379998508876,0.4366387414762466,0.45317246763109914,0.37849657057980973,0.31602982869176965,0.8407007598059082
2021-09-13,-0.5141939324420052,0.29515324234529805,0.4201078018420839,0.4605276015040948,0.488349366927965,0.46871583653525434,0.4393535937568686,0.4531543786390499,0.37357960720945216,0.3114318977606928,0.8256258302026981
2021-09-14,-0.5346185622539043,0.27759322329971753,0.4067296534674447,0.45098877327482806,0.4784832028046394,0.4599725548001269,0.42991197526828906,0.44623763708259945,0.3672525111882966,0.3044237282643322,0.8390422905182366
2021-09-15,-0.5283739455246016,0.28534999141257267,0.4127263078863952,0.4590207372854785,0.487382269226741,0.467729542228196,0.43545209933949086,0.45325244669705156,0.37108601867844093,0.3063603699855836,0.8347343155101853
2021-09-16,-0.5437258036553564,0.2728730017270414,0.3968077174105209,0.44630260982981784,0.4732300726269355,0.4539759964347967,0.41964827223526285,0.43693173590888607,0.353154499455798,0.29214834072003565,0.8358741443753922
2021-09-17,-0.5490698950218471,0.26857433682114107,0.39506317562452353,0.44320285713196333,0.46719174700072824,0.45348486725325826,0.41777970109218654,0.43418773330313437,0.3513686427390247,0.2909845601458862,0.8400544551677335
2021-09-22,-0.544863009763556,0.2759292817713159,0.3999596753555247,0.44940614292672665,0.4703895338027184,0.4572254001718521,0.4201447890733174,0.4343052432063921,0.3527950243332533,0.2894752356987689,0.834338245462325
2021-09-23,-0.5435922617451767,0.2787816895828586,0.40321916570572,0.4572069996121509,0.47766147407146803,0.46690344908696846,0.42739154214414493,0.44470401899885453,0.36353419271912124,0.30008681752687083,0.8436790792720478
2021-09-24,-0.5655542712550423,0.2593014574639334,0.3837068975086797,0.44019513907197233,0.46085477001055736,0.452261224951938,0.4141677462372893,0.4293263676166603,0.349533971271625,0.28606726893842027,0.8516215401934628
2021-09-27,-0.5910284644898296,0.23069094919975627,0.35666036058656264,0.4131175148786298,0.433245705110098,0.4251924751824493,0.38547240259886684,0.4016030112800886,0.3233350522966276,0.26444472307074984,0.8554731875605797
2021-09-28,-0.5851073744483769,0.23488349874616002,0.3647055137695908,0.418326131059895,0.4390888388633955,0.4285163177147784,0.38982790053776667,0.40445471100298247,0.323080724900109,0.26674783906256944,0.8518552135109466
2021-09-29,-0.6153281585785313,0.2096006330023531,0.3391075416988211,0.3902091548572474,0.4090026757363183,0.40219536731848154,0.35861581576986046,0.37165496122681047,0.29236041866195656,0.2351726191213626,0.8505007776998942
2021-09-30,-0.5968733471853431,0.23402886537190498,0.3631917240254919,0.4146024887933939,0.43308542929747473,0.42458971619484137,0.38031624137006914,0.3904575775198552,0.31310653258735954,0.2506087090386013,0.8474820562239447
2021-10-08,-0.5845264726073188,0.24535541465046598,0.37500295645971293,0.42912728342349643,0.44892281115002836,0.4404130812475175,0.3953315305062529,0.4071321682638702,0.329972310656134,0.26732031861072425,0.8518467912180433
2021-10-11,-0.5827435451166199,0.2389478451512447,0.37037750870729425,0.4247159651537729,0.4454938617304973,0.43538498560654737,0.3936475811307865,0.4035201367590506,0.32952459038576765,0.26938604885278566,0.8521295939694057
2021-10-12,-0.5932693749592547,0.22429362409645703,0.35315790015692344,0.4079091978056322,0.430490024523935,0.4175885473450535,0.3744347432804429,0.38605829981603546,0.3104597384657283,0.2508661731989883,0.8441355481582431
2021-10-13,-0.5912691441585918,0.2247453672948839,0.35493146914394347,0.41166503638316404,0.4342676468710497,0.4227234208701725,0.37940726324843277,0.39159109848493284,0.314598544553259,0.25896647064036343,0.8502356147989553
2021-10-14,-0.5890094606679487,0.23016405914167637,0.3595622561103149,0.4197422364137926,0.4402358250248195,0.4297097092872947,0.38646062959512,0.39909478801392395,0.3226922957358291,0.26657025722168254,0.8555797178896313
2021-10-15,-0.5982405891811109,0.22302232947525877,0.3508762021766409,0.4147412038164672,0.433681786793947,0.42324737082671887,0.38166633149462553,0.39258312211288376,0.313159182236066,0.2579823894762364,0.8562229786573473
2021-10-18,-0.5986076911650569,0.22591884834195802,0.3559480157586627,0.4190952929296592,0.4397562344007932,0.43284174234376716,0.3919653168064968,0.4021933612721559,0.3242870991073638,0.27018877638542826,0.8687964675504852
2021-10-19,-0.5944597335916887,0.23197438725741076,0.3619704817976596,0.4242803561654091,0.4457864108993916,0.4369240735756658,0.39412844155633714,0.4068204504698103,0.32857576480516343,0.27321891423290817,0.867678647824597
2021-10-20,-0.6007056397340265,0.2312445374091683,0.36031025569846964,0.4221778638442392,0.44267490121194614,0.43480399079999027,0.39380490212825514,0.40665855466026846,0.32770663950937995,0.2706092039541406,0.8713148436881674
2021-10-21,-0.60658835871632,0.22286064880732895,0.3570307503101471,0.4173357670813532,0.4375852479320605,0.42844800592699694,0.3884296486653499,0.39949592228884995,0.32357413987840083,0.26579478624359426,0.8723831449599145
2021-10-22,-0.6158668728655109,0.21559868096779508,0.3473562147131566,0.4098932974530598,0.43141845946111956,0.41992945737937715,0.3797471755705199,0.3887811211185284,0.31337763932806256,0.2536356627340697,0.8695025355995809
2021-10-25,-0.6156906151383844,0.22166223967071697,0.3555304750893083,0.4162761000760484,0.4413962370830721,0.4293798321690526,0.3896404837359191,0.3967503535308422,0.32191912159668357,0.2577073889789179,0.8733980041173026
2021-10-26,-0.6229915293367883,0.21880256611511803,0.34984946832526725,0.4129943702611512,0.43902889334384937,0.42526216330009114,0.38627106859711025,0.3941281621763506,0.3185347251859932,0.252582970048072,0.8755744993848606
2021-10-27,-0.6398988014041179,0.20245597982243263,0.33047144203662454,0.39584807875327477,0.4233719623107638,0.4077446682774848,0.36742887390452844,0.3768161444965866,0.3030460607468994,0.2350934373317126,0.8749922387358309
2021-10-28,-0.657035047821746,0.1877264804557279,0.3157132865861747,0.377398190147072,0.40966152464916117,0.39014808561656933,0.3482531050896469,0.3553755787256027,0.28062164171085874,0.21098452822846125,0.8680195760502076
2021-10-29,-0.6453830935287467,0.20604855927088295,0.3304891495951018,0.3956148785273157,0.42577926029779656,0.4056737023871562,0.3647396923865571,0.3728620586354093,0.29567830215626845,0.2274131666534277,0.8727962601821747
2021-11-01,-0.6328290809540655,0.21813393628415026,0.345468308797069,0.4065427503692288,0.43983296371107306,0.4194102732564893,0.3775424493010351,0.3852933314950315,0.30942206773779773,0.23983599425028748,0.8726650752043534
2021-11-02,-0.6405368877210698,0.21216313647948026,0.3356353509537806,0.39531961877084126,0.4262860970525353,0.4075181042890186,0.36308982470037526,0.3694360585444156,0.295132258929042,0.2191296482176837,0.8596665359387539
2021-11-03,-0.6363406662498321,0.22094079830475521,0.3439262174103091,0.4032406368141668,0.4331130753894579,0.4157075372473833,0.36970907082201065,0.37478726749433433,0.299500668249663,0.22796364107684344,0.864304307326676
2021-11-04,-0.6196122358764994,0.23697593753665622,0.3601012243705268,0.41655360034749145,0.4477684276436651,0.4296419735263242,0.382814192829624,0.3869381276340455,0.31209814710467015,0.23919932155266801,0.8588115574291678
2021-11-05,-0.6241958238684212,0.23292612113839697,0.3548429206865676,0.4125473767131061,0.4452533064529837,0.4255912589681092,0.3790049475247766,0.38234466418158125,0.3052709594810732,0.2298666708885815,0.8540624947570031
2021-11-08,-0.6190088984416859,0.23768501175117704,0.35884395898076316,0.4161715050104877,0.45046699984603294,0.43020584870093104,0.3840981018960057,0.38777458701116424,0.31285856885191726,0.2371851402954994,0.8561940387371857
2021-11-09,-0.6112884962071157,0.24765566196599473,0.3691789037261448,0.42814452312167434,0.46394929041164434,0.44218269443832064,0.39521708490899693,0.3987271079378771,0.32451737405905673,0.24530975987358145,0.8565982560806975
2021-11-10,-0.6012919904635878,0.25501123489012056,0.3769695128637646,0.435024382786461,0.468308679457308,0.44677295795798455,0.40015452547265595,0.4027217904347895,0.32831959204245403,0.24857938393285722,0.8498713743964454
2021-11-11,-0.5908590417747179,0.26583175079987326,0.38669323358570146,0.44582984398045133,0.4798222148267478,0.45547806349542086,0.40986246489125877,0.4133030498752066,0.3374812143522337,0.25842026369158944,0.8492793054663078
2021-11-12,-0.5862963341548756,0.2802270799823938,0.39714173684692833,0.4558811425405664,0.4918018576920074,0.46688426396291205,0.42040578822459407,0.4237480654783228,0.3479544057739698,0.2646660495798041,0.8509623837346801
2021-11-15,-0.5742683910324334,0.28663832934310923,0.40513788597804246,0.46415126480072805,0.5013980050099852,0.47634416585877326,0.4298142731891777,0.43437247931984396,0.3573923369199614,0.2727171085810238,0.8469854996134577
2021-11-16,-0.5835867435520551,0.27849492594234676,0.3959572576099565,0.4570584337961339,0.4914376436016432,0.46744683036625534,0.4213473762632668,0.4252112656053527,0.34884996389810985,0.2650752023541686,0.8486619459062241
2021-11-17,-0.5699283926390306,0.292840673887362,0.41217341636138805,0.4721648617206346,0.507421052394127,0.4829348281399458,0.43431635973463634,0.43960118809722964,0.3622375880605034,0.2774693267101941,0.8473977193492251
2021-11-18,-0.5807900496706848,0.28234872432710634,0.4071689068442194,0.4645697137754899,0.49857141922466963,0.4757456984210623,0.4265113608815444,0.43136911682888135,0.3562565247811018,0.2730468745814054,0.8538369242520907
2021-11-19,-0.5693977088396669,0.2940628978732762,0.42084420911147935,0.4761265093398497,0.5119933887411828,0.48889958279749096,0.4389783050407144,0.4430541082972782,0.36933332722487094,0.282330355512981,0.8517280643526484
2021-11-22,-0.5616849469955373,0.3033416503350104,0.4284390293279319,0.48367149473198695,0.519878709508049,0.4966780081421692,0.44844554659222013,0.4543795665280424,0.37844080139169084,0.29395617582946537,0.855641122825003
2021-11-23,-0.5579205005017932,0.3052561843535086,0.43079124360230847,0.4882350234724167,0.5234363669892336,0.5014837814476893,0.4520671233244974,0.4566894183574962,0.3829272305136299,0.297424523234141,0.8553450237359346
2021-11-24,-0.550859394210353,0.30848607939326445,0.4342356640283027,0.49193810918403025,0.5251394315804802,0.5054401941037906,0.45641013265159036,0.46094609462490893,0.3877013026920318,0.3033707657535167,0.8542301599638701
2021-11-25,-0.5565499083795659,0.3068541554919229,0.4357178925007096,0.49148627605935663,0.5244355236573872,0.5086084983471996,0.458909869797435,0.4608268360663302,0.3886490609273255,0.3071362533666597,0.8636861617462259
2021-11-26,-0.5636978969392724,0.3037656870950429,0.4326540628573591,0.4883024917816646,0.5229339649600764,0.5073497766798917,0.4586277511734908,0.4595887866530377,0.3863860200942359,0.3037457655588692,0.867443662498142
2021-11-29,-0.5651193891901962,0.3061743191374197,0.4322343868743194,0.4884757437089909,0.5229812019050106,0.5049630568698694,0.4564286293835975,0.4582165022218216,0.384927806463765,0.3036790822020332,0.8687984713922299
2021-11-30,-0.5611198196694227,0.3114190476578987,0.4369885906127901,0.49518917112870076,0.5292342391753677,0.5153117736644796,0.4655176328512939,0.46920289548411176,0.393676062593054,0.31174151785765736,0.8728613375270805
2021-12-01,-0.5530210371470278,0.32246349417363934,0.44936484642923036,0.5025261982826389,0.5394379917538151,0.525100065010226,0.47542339222724095,0.47961871710989207,0.40084176874320215,0.3205990211661681,0.8736200583131963
2021-12-02,-0.5645649314875559,0.3130534876839,0.4394064562515446,0.4899522449726369,0.5306096572069637,0.5110801886871172,0.46316162703173,0.46610417578028107,0.38434048760822204,0.3021059587115173,0.8666708901990737
2021-12-03,-0.5679761433949689,0.31634290032761603,0.44304092339767626,0.49602056993960963,0.5348237672995814,0.515712630778655,0.4690980324671844,0.47210944163245466,0.3902267006067292,0.30844040285918745,0.8764165462541569
2021-12-06,-0.579036019167446,0.2992417329665021,0.42917210724163307,0.4802749803824725,0.5176692678534112,0.4994941168121529,0.4539412478795877,0.45476224319669367,0.3737710255873681,0.29023230270155626,0.8692683218690027
2021-12-07,-0.5825631751523095,0.2949102208574899,0.42274446539009636,0.47587854945479696,0.509861625820053,0.4920490039128704,0.44733631601393414,0.4431476041974936,0.36232646758171116,0.2789284143707265,0.8614915895230365
2021-12-08,-0.5710458737318624,0.3092326109176518,0.4362144193350132,0.49130896155232145,0.5240507200350153,0.5048969776611058,0.4599754118551615,0.4547239772186382,0.37343204255837065,0.2908730509351115,0.8619189246669744
2021-12-09,-0.5666356695058277,0.31633336651069904,0.4427440799677237,0.49555672131302825,0.5272720653548636,0.5090679530998174,0.46643659371792295,0.4615439991140169,0.3788057954765392,0.29717525464051,0.8638109241463382
2021-12-10,-0.572036914395582,0.3155757928381572,0.4448198526318463,0.5010162798915982,0.5312555326225535,0.5120945584925541,0.47224899734408876,0.46610519981421417,0.38392176452092447,0.30536572195071043,0.877402636346293
2021-12-13,-0.5673382863519796,0.3198464539928612,0.44987627857679885,0.5043267592052639,0.5355194312763208,0.516731204870878,0.47756227760587394,0.4700760429479413,0.3881017390394394,0.3094091947089451,0.8767474810609254
2021-12-14,-0.5638154437720249,0.3215711380593261,0.4516271161009684,0.5090107984049046,0.5384854601312888,0.5230291307592407,0.4839267355341662,0.4778801023001298,0.394696232238759,0.3182304182100791,0.8820458619821046
2021-12-15,-0.5647363783464654,0.32051918485492886,0.451272039381893,0.5106795115170116,0.5403850614275484,0.5274618209477733,0.4856652536350991,0.4806490226971905,0.3959552626691719,0.31966716362435366,0.8844035419708196
2021-12-16,-0.5565543244869257,0.326778234571311,0.45890229215401396,0.5172035818710725,0.5492898976456189,0.5357370035300918,0.4952455960971749,0.4914316029367122,0.4064142407861007,0.32953684578015713,0.8860911702670833
2021-12-17,-0.5621731185340377,0.3213280747079989,0.4552675154971321,0.5107734679300843,0.5387713820031331,0.5251131260776896,0.48521539266732,0.4798813958827164,0.3959173879787449,0.31677953567085587,0.8789526542048941
2021-12-20,-0.5718679365081741,0.31216627946478803,0.4411356091516979,0.4969221778366939,0.5290395890371633,0.5128855247829336,0.47554023596383743,0.4713002437017044,0.3863334665269846,0.30582397161277247,0.8776919081209471
2021-12-21,-0.5566258260089256,0.3280211828785365,0.4563392303722857,0.5118418778675915,0.5450537029757963,0.5278806344125613,0.491309284974539,0.4867139549654846,0.4017551009975236,0.3206513384784062,0.8772771644873323
2021-12-22,-0.5643228120530122,0.32801105055706015,0.4595838832653833,0.5162360617480876,0.55298173706929,0.5344388291206181,0.4996097696852406,0.4942963227035813,0.40941301642425043,0.32973516804371245,0.8940579800967251
2021-12-23,-0.5778754819798955,0.3222161744336485,0.4518429937811929,0.5130948661651554,0.5483232871947689,0.5305645585759766,0.49562949907432313,0.49178365022310505,0.40949808124196785,0.32625298822479987,0.9041284702046958
2021-12-24,-0.5882500972705732,0.31039346295267634,0.43737847721702094,0.4971707910710035,0.53075039008964,0.5141521539573864,0.47811801985484736,0.47097330391016773,0.38999831011453207,0.30389098970408424,0.8921410869746579
2021-12-27,-0.5765040184630507,0.31665066616472665,0.44334689069120775,0.5008922227954655,0.5363650423165154,0.51969667367663,0.48281663246803386,0.47445288766394733,0.39179370887892834,0.3064369467539094,0.8829409652169605
2021-12-28,-0.5822695244200756,0.3197910033841347,0.44802394763990583,0.5087059204350387,0.5437475598977889,0.5291094304916675,0.494033910081386,0.4841130107907216,0.4018968990264231,0.3153142195336832,0.8975837439537593
2021-12-29,-0.5844337591024491,0.31853944939082096,0.4448751871022781,0.5053104573989917,0.5422287573806991,0.5284369154672802,0.49199623925538727,0.48418097637053825,0.4025410561741895,0.31699942516429264,0.9014331842667421
2021-12-30,-0.5766067394718515,0.32894406903124546,0.4550242821703205,0.5147279443615175,0.5491275663478122,0.5417942317449498,0.5003454749287763,0.4944539559192512,0.41240634649223545,0.32599774592237885,0.9026044853942308
2021-12-31,-0.5692702449011509,0.3345644151249021,0.46053084924895943,0.5202486480576398,0.5560337125711297,0.5481700260103846,0.5054814639210062,0.49945648452476343,0.41868207801249585,0.33106527373763395,0.9003355186387852
2022-01-04,-0.5497500089761971,0.3409776732831378,0.46745687647576634,0.5269818461039285,0.5638891241183991,0.5569626887703902,0.5158453992585486,0.5098102965339721,0.43134617513972495,0.34676858492119333,0.8965185938973909
2022-01-05,-0.5650818470600674,0.3255174300158241,0.45323808865263004,0.5132825763507707,0.5504014123709131,0.5420884915428594,0.5003667873288749,0.4969234792423206,0.41327195228336466,0.32817334296139344,0.8932551900214614
2022-01-06,-0.5573681462185981,0.3357571864496619,0.4634873265547192,0.522395422905658,0.5598625916504335,0.5510891467714586,0.5100612393206936,0.5053426516765065,0.42010540425490495,0.337611117252255,0.8949792634708537
2022-01-07,-0.5758183991780468,0.32053579442245017,0.44921519124774467,0.5095652962132278,0.5447481827559382,0.533994781653704,0.49619858593003346,0.48661694129450506,0.4003521230085021,0.3179960546612073,0.8938144538392546
2022-01-10,-0.5617438309260498,0.33110659144863386,0.4600003817650697,0.5183327740443429,0.553025188068429,0.5452212455228109,0.504078565430393,0.49255749553234446,0.40816607171406766,0.32257270532564414,0.8843165362516945
2022-01-11,-0.5706222568113452,0.32389724107266366,0.4559401244989332,0.5143254065414679,0.5484517113347103,0.5418571238678538,0.5010114557151395,0.4877301956817005,0.40140428830242736,0.3194208523652532,0.8900431091765988
2022-01-12,-0.562534033612346,0.33576272032910826,0.46799729464627104,0.5288590152817383,0.5628910429396314,0.5557931780471369,0.5153231804558005,0.5045352057567797,0.4177851539046726,0.33601974336487583,0.8985537769772223
2022-01-13,-0.5708275374080892,0.3252126910477684,0.45637111319242296,0.5187166036840801,0.5543912667168963,0.5448007159426242,0.5072675415905771,0.4948434101661313,0.4073806519260844,0.32516341666120796,0.8959909540692976
2022-01-14,-0.5695586873306127,0.3222268227195717,0.45656174983622116,0.5164690208421489,0.550962088645262,0.5398577537387218,0.5010111200894948,0.48849162868417556,0.39815201003129463,0.3135593699267499,0.8831180572573629
2022-01-17,-0.563069484881817,0.33765979966119614,0.4689871331680246,0.5318342169374285,0.5699026738560499,0.5564688018723101,0.5188515685682443,0.5072287532145582,0.41923427746770503,0.3321179509613935,0.8951874358432108
2022-01-18,-0.5797291990155461,0.3191230372552799,0.4549932784107917,0.51635706738343,0.5568242974369788,0.54293829082401,0.5074937667478696,0.4961325683325504,0.40863713843329025,0.3228989607507901,0.9026281597663365
2022-01-19,-0.5710597858248249,0.3256708845540504,0.46006256740405566,0.5216002193375466,0.5618977684230909,0.5434348525463206,0.5054524716391054,0.4928975616492871,0.4032096690400554,0.3130425150803042,0.8841023009051293
2022-01-20,-0.5941892159589608,0.3039742587096108,0.43688310536303543,0.4984505810425445,0.5359517219773222,0.5202484118734506,0.4805622310605619,0.4661152369831773,0.3755529778165406,0.2865256181008942,0.8807148340598553
2022-01-21,-0.6111700626189049,0.29383461465333444,0.4299136704519764,0.4874467990653112,0.5259821252465049,0.5107938021197497,0.46869362961208144,0.45447328509165985,0.36141777732925434,0.2714643617984831,0.8826344244173884
2022-01-24,-0.6187537756474963,0.29022934026733727,0.4289311131133531,0.4842365331085232,0.5238922498107792,0.5094900041068072,0.4707933252373866,0.45222704492747995,0.3612105091579314,0.26877109951465583,0.8875248751621526
2022-01-25,-0.6561106516055952,0.2513351929124609,0.38894235399634003,0.4443304642539144,0.4853672623489538,0.46850106893101834,0.42823124430100395,0.4119712272139394,0.3166026923420906,0.22041498386745034,0.876525635473046
2022-01-26,-0.6488308757697152,0.26159670561433096,0.3995913300336798,0.45353448679648395,0.4953647630488393,0.4767312230744708,0.43502099714518583,0.4153137501164439,0.3218553427376885,0.22370856044282394,0.8725394362125395
2022-01-27,-0.6914844152066013,0.2248976077294053,0.36763155272439285,0.4210702553211123,0.4644073749248738,0.4484011920686366,0.4059827931769644,0.3860736689609317,0.2911859065348638,0.1931868209123085,0.8846712361189101
2022-01-28,-0.6733900621954428,0.2459815371146422,0.3845651085917517,0.4353854378976481,0.47516796248011006,0.45996415683628106,0.41555771466788194,0.39572161570203074,0.30006910902944084,0.20108792180073498,0.8744779839961782
2022-02-07,-0.6574541041374512,0.2630937046675028,0.4005354517282824,0.4512575363946917,0.4903936724825008,0.4749177125821979,0.4287726161896346,0.4073054635151023,0.3123314687881061,0.2137153738010929,0.8711694779385444
2022-02-08,-0.64102219866229,0.27605307609197643,0.4139908485730201,0.46519344262525775,0.5043883745831511,0.4888942689059707,0.4416363666275271,0.41905173582876987,0.32555929614148504,0.22664870274908613,0.8676709014113765
2022-02-09,-0.6306984694248338,0.2890333516857763,0.425537421693131,0.47975552642755687,0.5188652617066758,0.5042197040647459,0.456713529977673,0.4349998885423044,0.3419619731735097,0.24311093834488492,0.8738094077697189
2022-02-10,-0.6317818562161115,0.2840038132551248,0.4203401830944733,0.47398378097854027,0.5132754983185641,0.5000279829160245,0.4548796626769368,0.43181691890646445,0.3403444497369092,0.23822601684486727,0.870007873060979
2022-02-11,-0.6521582050582851,0.26387924724647027,0.40030276465324544,0.45393829226663707,0.49284027300648087,0.47866626383040806,0.4339023109500365,0.4092243670369595,0.3195210599954485,0.21784794974362864,0.8700061548019141
2022-02-14,-0.6599376524749668,0.2620683881693817,0.39999796745764865,0.4551706615698192,0.4932997311658541,0.479889485653224,0.43453720338923996,0.40963020244912,0.3216015420839274,0.22238896972148622,0.8823266221964534
2022-02-15,-0.6640887189103345,0.2691293318648581,0.4082947802889015,0.4621364668794603,0.5004798102437812,0.48674697190602534,0.4415711469109724,0.4166613079439801,0.3283639576398459,0.22587859970463822,0.8899673186149731
2022-02-16,-0.6571504145251447,0.27866044396212253,0.4189249845815227,0.4723566593167641,0.5145761430674831,0.5005694561387288,0.4572616227782538,0.43025179479389597,0.34116798842490953,0.24063242993017753,0.8977828444553225
2022-02-17,-0.6622960691940333,0.277594587098131,0.41844279840161414,0.4704921195899089,0.5134177787519439,0.5000427568856183,0.45505330234875135,0.4265520947898278,0.33825306661560517,0.23481352118106946,0.8971095903751031
2022-02-18,-0.6629830674482973,0.2811026676519792,0.4235178680850029,0.47802874184010197,0.5222627023453509,0.5092688167841827,0.4632041648367113,0.4362673381595101,0.3476477396305933,0.2449882951992186,0.9079713626475162
2022-02-21,-0.6515588823007182,0.2920708933549163,0.4372723400368031,0.49133857933283875,0.5367045066852998,0.5218231757940387,0.47506185160841896,0.4514754428181939,0.36227595861127165,0.25772406274624915,0.9092829450469677
2022-02-22,-0.6631636526881731,0.281651290964893,0.42611492760810316,0.4800922096441531,0.5236755394417351,0.5091394613736456,0.46248269254192115,0.43926481146675633,0.34973654447297603,0.2438022225326149,0.9069658752207883
2022-02-23,-0.6446970587300597,0.29740028891499126,0.4438930602030386,0.4968125787724804,0.5406163348777733,0.5253963571770536,0.47974679853856506,0.4544037919038385,0.3654209993304486,0.26127631667171997,0.9059733754017799
2022-02-24,-0.6656880010445255,0.27569254352138106,0.4218112459092228,0.4749595131707168,0.5188115522870103,0.5036182484396472,0.45539362140849005,0.4298375158263952,0.3363270056537846,0.22942518592614924,0.8951131869706751
2022-02-25,-0.6626438398899727,0.28500715894197287,0.43168113340372166,0.4865248674007337,0.5288453475754882,0.5148647241969797,0.4684865674365312,0.44105541496926903,0.34681276058059796,0.24334199962168981,0.9059858395116628
2022-02-28,-0.6632582805155838,0.28392493558812815,0.4323864411342605,0.4874453558517254,0.5297369310527117,0.5138690684408733,0.46887507181929294,0.44111491689920546,0.3477620601143707,0.24726034326413238,0.9105186237797165
2022-03-01,-0.6599701497066668,0.29114205707328217,0.44025964827938496,0.49608089536730016,0.5372640892095444,0.5236471913362435,0.47671431634744305,0.4473340919028311,0.35840783831482204,0.2602759737428013,0.9202461234494684
2022-03-02,-0.6566255668349855,0.29362462557052216,0.4439241489797939,0.49830724055726333,0.5395292887964636,0.529442544548518,0.48012458602346175,0.45083822018794195,0.36262037125011704,0.26775220653130527,0.924377773366291
2022-03-03,-0.6530528531782774,0.29417044204293824,0.4446739756625812,0.4942597684904239,0.5358429505291076,0.5239810089455346,0.4769379006436027,0.44472742672138904,0.35422416641057564,0.2622130783000828,0.9152659314783604
2022-03-04,-0.6716848813593119,0.2786239672993011,0.43373689674048815,0.48205642361465206,0.5274635894498558,0.5144778247066446,0.4673033733518714,0.435318142273434,0.3436163864429282,0.25286494037491053,0.9245498217342226
2022-03-07,-0.6856321568815795,0.2645438671037842,0.41965491904237356,0.46602786162239596,0.5092813061471171,0.4970446368970483,0.4507602866320143,0.41837141250903953,0.3270776062135351,0.23848267406171333,0.924114830943293
2022-03-08,-0.7235079433808626,0.23041013324026505,0.387155143080491,0.43230619305964874,0.4764285232528744,0.46595237104775494,0.42050980742457694,0.38622245039407876,0.2967564221450587,0.2144379873342475,0.9379459307151102
2022-03-09,-0.7466230447355918,0.21173428748752757,0.37125120256779043,0.4147574262334102,0.4628996396573995,0.4515740136680108,0.4095829657535343,0.37490375844415086,0.29022284242363544,0.21004408189463245,0.9566671266302245
2022-03-10,-0.7328386412752688,0.23119018375767175,0.38958623456208036,0.4331513823865591,0.4799593284186378,0.4680977340714917,0.4266600657376359,0.3910903068371771,0.30857476143999896,0.2309001552385646,0.9637387965138335
2022-03-11,-0.7273047649311928,0.2376739955933587,0.3973689676869734,0.4402019921424339,0.4863363434886649,0.47623090549607283,0.433041971048542,0.4000470137700484,0.3175245291746772,0.23858513778597695,0.9658899027171699
2022-03-14,-0.7451430762484805,0.21302650724867467,0.3714617965495624,0.41387554106721347,0.4574622230501038,0.44697365500868663,0.4028123770724046,0.37089713307551736,0.28590089485355663,0.20582360580860423,0.9509666820570849
2022-03-15,-0.7960602037168065,0.16246118760098038,0.3162040656234531,0.35978416600684365,0.4029458938529749,0.39701152606080814,0.3476593609194057,0.32165848993645835,0.23747687626409236,0.16156541944558248,0.9576256231623891
2022-03-16,-0.7686303262127917,0.19353265468494465,0.346214971288388,0.39098986687021725,0.43479661067878245,0.4269234949321535,0.3799667437235519,0.3551607148936234,0.27298266436464863,0.19411339723195853,0.9627437234447503
2022-03-17,-0.7534256459659407,0.2150982293130969,0.36700749706869484,0.4115263068985456,0.4526714096709249,0.44597673924547704,0.398903414983877,0.375131836634059,0.29326252012806575,0.21234186324982807,0.9657675092157689
2022-03-18,-0.7481265406966938,0.22515512634336146,0.3778125390623834,0.4249143234607728,0.4631481148229529,0.4591285317577581,0.41325031480809704,0.3900527359851376,0.3099163019004164,0.2293873883265858,0.9775139290232797
2022-03-21,-0.7328062294191889,0.23740644042103123,0.38935469442320286,0.43582915103338343,0.4761270153314086,0.47248626465772886,0.42604349332174424,0.40260662287522586,0.3212284720500656,0.24226579856401712,0.9750720279832061
2022-03-22,-0.7430999327761694,0.2335022640618532,0.38661239733053465,0.431627932755039,0.4754816636183695,0.4705043857291588,0.4245899898089808,0.40320762830881146,0.32040799516963997,0.24387714390275503,0.9869770766789245
2022-03-23,-0.7455603555203928,0.23329900358389297,0.3907047061361442,0.4339749059784332,0.4787631472514898,0.4730748338342062,0.43023422235042663,0.40856712114812177,0.32432225046625845,0.24965218910385892,0.9952125446242518
2022-03-24,-0.7609897110450738,0.21891810440758105,0.37812022139375523,0.42205650407877343,0.4669470236593514,0.4631617941467196,0.4203369210699862,0.39763176958129587,0.31446444603001683,0.2399886388394914,1.0009783498845652
2022-03-25,-0.7729324739684144,0.21265670248420251,0.372618548787679,0.4175387849849974,0.4622067547873785,0.4568537338414814,0.4174789790720595,0.3954000136783224,0.31130550593704376,0.238713234041464,1.0116457080098784
2022-03-28,-0.7829003635210446,0.2066939066312834,0.36805463368088653,0.4104056765180789,0.4580151165346869,0.4549567818600922,0.415925463671243,0.39415550978569774,0.3109530305009928,0.23624783652608222,1.0191482000471268
2022-03-29,-0.7957896200296556,0.19788926539038273,0.36060120605552287,0.39938390336038937,0.44935885276797666,0.4438187330381867,0.4039995057036645,0.38524825864875284,0.30254176392762905,0.22673833554743894,1.0225279555770945
2022-03-30,-0.7848465932206928,0.21482483716147627,0.3784413301147655,0.41908276715020426,0.46653999163951276,0.4628838331090434,0.42167969796661975,0.4028450557831723,0.3207231536020014,0.24100254150348357,1.0258491347241765
2022-03-31,-0.7866686282270268,0.21286143695191934,0.37414777733819365,0.4155383939611483,0.462845155297444,0.4585857075223627,0.4212562458143854,0.40226659440567003,0.3199040956123479,0.2404628759009458,1.0271315041279727
2022-04-01,-0.7926305858871363,0.2101389609936955,0.3708985945796073,0.4130139350638438,0.45783741294506675,0.45665560084922513,0.4206126861616686,0.4000483638351052,0.3192756445864551,0.23940909788648254,1.032039683773619
2022-04-06,-0.7846873445870114,0.21888313081522964,0.37950137305614123,0.42026692251045517,0.4655943280095222,0.46643661904250977,0.4299607048376467,0.4101178923778331,0.331570899470901,0.25038711514519874,1.0350744597322104
2022-04-07,-0.8108677387098606,0.1951425879030488,0.35725810121893886,0.39958758379103054,0.443378151606602,0.4429772986037375,0.4057148544995556,0.38600169806274764,0.3057386307029067,0.2247606489589928,1.0356283876688537
2022-04-08,-0.8171908710827579,0.1858535557798671,0.34892011882756147,0.3934980633393567,0.4358816969960258,0.43634855292637403,0.3968429242655471,0.37936079632914826,0.29982982774798045,0.21855357178601068,1.0357444428687688
2022-04-11,-0.8469735186792229,0.15472619062253748,0.32013907728573976,0.3610621718877613,0.40457598515782756,0.4040265755361106,0.36919227072302313,0.3502993080643209,0.2709160917878122,0.19072181333469296,1.037695332013916
2022-04-12,-0.8313783726440671,0.1710675326300409,0.3397108926395105,0.3824740978506702,0.4231274062845294,0.4229048043997018,0.38779360103824917,0.36946310274041066,0.2883306470886753,0.20342361927344613,1.0348019919175133
2022-04-13,-0.8488119606719697,0.1554464697743334,0.32115703061353884,0.36533182555463983,0.4048869106027441,0.4036983382525299,0.36803028042048924,0.3460286372093868,0.2650114953051787,0.17546763209618849,1.0242795927681583
2022-04-14,-0.8429163258126958,0.1675904995057378,0.3317685489125727,0.37632530610543724,0.414352692198318,0.41226838824506884,0.37735410940548,0.3547272843855692,0.2755867976293115,0.18344855907518273,1.0263648848878786
2022-04-15,-0.8635894581122492,0.15179173541621016,0.3156805767842657,0.3615778625168474,0.39918672223039714,0.3982075887824622,0.3582789929617613,0.33640215178542954,0.2589147739614273,0.16351747588727375,1.027106933999523
2022-04-18,-0.8559223712639388,0.159236617635763,0.3232524682730317,0.3709692322379532,0.40848985589273634,0.40750626269000373,0.3691987328997576,0.3446367426170895,0.26492083763479657,0.16806547885047782,1.0239878501144166
2022-04-19,-0.8559976455385524,0.16102435010909721,0.3265042894501372,0.37529319925240706,0.41374063168472874,0.4133255275701449,0.37593783373050055,0.35248676956072955,0.27201101046365234,0.17264451093320177,1.0286421564717543
2022-04-20,-0.8655823357113328,0.15229857672927347,0.31624155228702183,0.3658475907144352,0.40206489261805756,0.40163043787101377,0.3661935348865429,0.3415960748795036,0.2619008691183328,0.162128969357754,1.027711305069087
2022-04-21,-0.9029055671664497,0.1133137956611249,0.2763616071402437,0.32602381225705734,0.36301699314332825,0.36448141960746117,0.329556961625486,0.3029353332184762,0.22539713090335273,0.12548007988817605,1.0283856470546258
2022-04-22,-0.9111407166813826,0.1027246783717823,0.2695518387614136,0.3158733701711416,0.3544103368004759,0.3584860798881948,0.32036555233520436,0.2919260878938723,0.21905002493955977,0.11581014781624405,1.0269508644976266
2022-04-25,-0.9856792862941189,0.029558635505114048,0.19571309307278068,0.24117449318716397,0.27736800420825025,0.27958921249010354,0.2395362848697904,0.21489977209632363,0.1409139936867063,0.03791318858791827,1.023592474882037
2022-04-26,-1.024590510818931,-0.005489334221513584,0.15921883354895858,0.20604826948732746,0.24526118788695506,0.2499961095181354,0.2116660420929402,0.19062506724145095,0.12035963292596134,0.023784680931786067,1.048375191750717
2022-04-27,-1.0006871191824338,0.02848578560995286,0.19091706833202465,0.2432508648438562,0.2800204876869592,0.2868206802286143,0.2474629159859151,0.23206714565282793,0.15780454031278784,0.052018325138559925,1.0527054443209936
2022-04-28,-1.0174499115349984,0.012045604447444111,0.17353837353416585,0.2260108082993913,0.26317521175246883,0.2677190132011939,0.22559371367696515,0.21063309220736054,0.13722283626461393,0.03954198101776677,1.056991892552765
2022-04-29,-0.9748826325707364,0.05867555029915264,0.22132133520080033,0.2725295291788754,0.3083358829206428,0.31407448665867166,0.27271534703061995,0.25678422997484546,0.18153875894706079,0.08263780531737563,1.0575204378881118
2022-05-05,-0.9630005893568057,0.07458849497247635,0.2393593236375643,0.2885386485414915,0.3264005729598863,0.3302834655081953,0.29164053286961666,0.2741980190498841,0.19944615862144607,0.10673092785781632,1.0697315172146218
2022-05-06,-0.9701915249496662,0.06642317517901697,0.23202436816761576,0.280049156278921,0.31486368151929106,0.3193805608338365,0.2808541356163057,0.26083939576472653,0.18224545488565275,0.08781652269425386,1.05800804764392
2022-05-09,-0.9583174910672205,0.08163791462203085,0.24598638472905862,0.29649217038066455,0.33307808179510534,0.33669874032346325,0.29755421588719444,0.2772485134036066,0.20088154142737624,0.10561582216008225,1.0639333132273026
2022-05-10,-0.9468036225076308,0.09807718647170506,0.26255162205532306,0.3140106806019209,0.35156561493171146,0.35425935503677813,0.31522002375535,0.2958011574705875,0.22076056191421717,0.12492966850306711,1.0717332910106978
2022-05-11,-0.9420940304328833,0.10881560498605894,0.2675446392128369,0.32047257452135014,0.3544200126901825,0.35570693587793734,0.31704852947660783,0.29626851885565386,0.22203500206135351,0.12424581416532582,1.0663398445982089
2022-05-12,-0.9400271718864761,0.11647876455082223,0.2775771175070889,0.33059695847191095,0.36480249579413915,0.36562756374781186,0.3270728671200325,0.3045379265064003,0.23112725544430518,0.1306694209339921,1.070696592820468
2022-05-13,-0.940755107089966,0.12303545784291398,0.2819678087084467,0.33949752022061863,0.3710880303737402,0.37391282908849216,0.33492849618307113,0.3104253170076975,0.23959755460642473,0.13788564870907663,1.0786407557990423
2022-05-16,-0.9437877359017807,0.12269572650131007,0.2831370690882058,0.3392243053157168,0.3745423076242609,0.37586872871992527,0.3381787935520768,0.31410738124429505,0.2413075405551887,0.1410565808535147,1.084844316755295
2022-05-17,-0.9511949061149537,0.12379644448394983,0.2826192020277325,0.33935247993863915,0.37557817393808174,0.3755496217933791,0.33887642700001397,0.3117250423026446,0.23947188741438968,0.13844625653673462,1.089641162651688
2022-05-18,-0.9490282472066646,0.12887161886227713,0.28782545202788057,0.3475682775363265,0.3836915340113164,0.3837329482214857,0.3465879921362212,0.3204391800977009,0.24871209559034524,0.1471256414018324,1.0961538886084967
2022-05-19,-0.9429360130656579,0.13496027325242593,0.29459325573792217,0.3557484250734665,0.3914811158543489,0.39063396737789013,0.3541150638087557,0.32664747010961914,0.25507879505309544,0.15224784357478358,1.0951838566404413
2022-05-20,-0.9366524914367568,0.1423901809897418,0.30448154277168354,0.3651124034464075,0.4039125996333531,0.4041549879675116,0.36638406764364523,0.33920644924920723,0.2707121002922008,0.16665258380944029,1.1033050752461968
2022-05-23,-0.9282166203788532,0.1544052662077215,0.3163284707756716,0.37807006840524116,0.4177252586790762,0.418183322569812,0.38010594292797095,0.3552415801320409,0.2860062335658863,0.18100673464732064,1.1092233550261736
2022-05-24,-0.9678135447976947,0.11280263302176106,0.27477846152797014,0.3377930960747557,0.3743239089558916,0.3749345647442667,0.33669867476596965,0.31232008745976636,0.2390547002489241,0.1346210123076027,1.1024345571052971
2022-05-25,-0.9485301035167603,0.1345887038688571,0.29717334247536187,0.3590212574387934,0.3960542340863246,0.3968217792830001,0.3560036312693311,0.33092412593864745,0.25846154992873643,0.14882481776646897,1.097354921283229
2022-05-26,-0.9512259651498134,0.13866646779184788,0.3034202101677425,0.3647257515479164,0.4034445399734437,0.4031077329632432,0.360971760792343,0.33719737731137317,0.26367226896865026,0.154443366806913,1.1056693319567261
2022-05-27,-0.9555226989615455,0.13952895994522785,0.30165472548293704,0.36440893386972023,0.4058858269781059,0.4036756985238105,0.3624932407575721,0.3412447641089459,0.2652871121055237,0.15727267883158036,1.1127953777931257
2022-05-30,-0.9472163153969676,0.15146680310895264,0.31314307428097826,0.37513674357488463,0.4166987139220092,0.4126265805780812,0.37225471272054395,0.35147893357386323,0.2734401648234352,0.16396405900905456,1.111180374406022
2022-05-31,-0.9424044420345605,0.16347832888107144,0.3269835395612073,0.3888539367812529,0.4303959954433771,0.4251715847057301,0.3852731256119891,0.3640731049343346,0.2871986696419975,0.17668035139997595,1.1190847934345363
2022-06-01,-0.9339582265885028,0.17566284064746487,0.3343140534443385,0.39785392234486644,0.4374508686123766,0.4330611743231718,0.3921318144348259,0.36970012195079044,0.2953174853547885,0.1813251522690163,1.115283378857519
2022-06-02,-0.9151392538045524,0.1914542917375593,0.35066300449505916,0.40762415629417703,0.44725750582103946,0.44312603669319445,0.40210104817719494,0.3791740469644456,0.30397631478676074,0.18809885348117922,1.1032381072857316
2022-06-06,-0.8915089519415961,0.21259881531299474,0.3683414095139049,0.4254777082411033,0.46480516089312457,0.45930129946439363,0.41919585729729997,0.39528030671952813,0.3190404725650528,0.2059202362037228,1.0974291881453189
2022-06-07,-0.9010553658156907,0.20625612542785013,0.35927943574573484,0.4189619572038427,0.45992699047461805,0.45409641141104135,0.41458720865720344,0.39103949655274106,0.3170191664256393,0.20703032356963003,1.1080856893853208
2022-06-08,-0.9062389836468071,0.20260190543523288,0.35789259570470755,0.41753963495918,0.45774619117999904,0.45225217476010593,0.4122713055028953,0.390422392137448,0.31566936082949415,0.20542717636545935,1.1116661600122666
2022-06-09,-0.9313408841000534,0.18243100768848175,0.3363178065688665,0.3985666912265434,0.4368106571646947,0.4307730480469699,0.39313790381443825,0.3737847672988842,0.29698959539899417,0.19032762200062434,1.121668506100678
2022-06-10,-0.9143052430437475,0.201240033229883,0.3550164711274732,0.41648801945600744,0.45440405212989937,0.45009032829242096,0.41177703741458105,0.39267419540716536,0.3142086549443906,0.20499053166015285,1.1192957747039005
2022-06-13,-0.9119583331402179,0.20695620772085707,0.3612520412228077,0.4221238039782595,0.45934111642127634,0.455238271792531,0.4166407193744705,0.3947636102365867,0.3149078022090265,0.20377014367547713,1.1157284768156952
2022-06-14,-0.9092669678997649,0.21188258847917682,0.3640951968212285,0.4250942991312812,0.4605976613781434,0.45413359388011776,0.4125251825638086,0.3932522149176555,0.3110490383850428,0.1997218474528044,1.1089888153525695
2022-06-15,-0.9128064706867298,0.2120609162019761,0.3661522643872056,0.42475668826819685,0.4585083605858623,0.4511898288756716,0.4116412256698143,0.38963531125559275,0.31057764065511084,0.1975273668225577,1.1103338375092877
2022-06-16,-0.9168094139736076,0.2185009304924076,0.37375785925029187,0.4360210627256716,0.4676814413878048,0.46036772308492085,0.4212226694324177,0.4020834441331005,0.32301818941229565,0.20891246160864593,1.1257218755822538
2022-06-17,-0.9169291991477967,0.22231029851877102,0.37936906362045103,0.44303453893448586,0.47309455537228157,0.4687643399533338,0.429090719476414,0.4069436871867382,0.3289566000217032,0.21402033344191823,1.1309495325897152
2022-06-20,-0.9044615472767059,0.23174418864555718,0.3935218079721716,0.45427259982919377,0.48566213397230074,0.4803147974984981,0.44016161001154414,0.4206334034916054,0.3392187930200902,0.22213402120080383,1.12659556847751
2022-06-21,-0.9152500230051279,0.22407450548880467,0.38570439642879334,0.4485831481104086,0.4806513256851337,0.47381477976438313,0.436876968142633,0.41960070635287106,0.34045376003624556,0.2237718970487108,1.139021920053839
2022-06-22,-0.9308107433060647,0.21233326076241277,0.3734133650402079,0.4359606917453664,0.467484592584346,0.4625369487036509,0.42199746257071713,0.4064187091955185,0.3264208671921216,0.2109731439174948,1.1417838872235597
2022-06-23,-0.9128586644123129,0.23223507350256936,0.392439486803341,0.4574961207495383,0.4873427033825201,0.48266937369282664,0.4432587241957162,0.4277247790119033,0.3477837278282637,0.2307546168548115,1.1436132812671245
2022-06-24,-0.9026434311284881,0.24462486599923197,0.40459433706476317,0.46938288314952165,0.498379462695855,0.49350205729681834,0.4545194110515181,0.4404206739104928,0.3574668074747099,0.23850178377166,1.1411452149001482
2022-06-27,-0.8919057355800193,0.25144069988589063,0.4116791788924982,0.4766131604120681,0.5062292882891847,0.5032282970305306,0.4635447386507608,0.4485259736990804,0.3649475985144547,0.2447862377970199,1.1366919733770393
2022-06-28,-0.8806540325912713,0.2639935884108587,0.4241790538660161,0.4911636307591015,0.5207885075537183,0.5170647022328189,0.48026174298448515,0.46368782386130397,0.3811377706585304,0.25861283826669124,1.1392668708579627
2022-06-29,-0.9097521857625656,0.23790052641103399,0.40184321953577246,0.4695717997681922,0.5018266539159312,0.49740314975609035,0.45776722061879965,0.4436277017792131,0.3610665078284068,0.2406852654922197,1.1504374512547855
2022-06-30,-0.9015195915446025,0.2500030867629455,0.41391075786552045,0.47964412092637193,0.5107767960852854,0.5064069418812449,0.4654488115526925,0.4519416056004082,0.3699398276433774,0.24759675475849158,1.1491163463030942
2022-07-01,-0.9142779070334798,0.24399755906298565,0.4123082004393781,0.4801278434906731,0.511509874964797,0.5063009250205407,0.4674427375859384,0.45294437949724087,0.3716923569620925,0.24707314294737304,1.161351049980853
2022-07-04,-0.9118968138916669,0.24828624337525773,0.4209920717794199,0.4862229699875594,0.5194853933731838,0.5128198855917296,0.4742943321789032,0.4616903882201799,0.3793869076174828,0.2548648688170478,1.1667616827087148
2022-07-05,-0.9223116141487936,0.23834380078485756,0.40972843358647937,0.47671174691942436,0.5110100161737307,0.5042583927699889,0.46535401976603014,0.45414344070861834,0.37332810503180314,0.24829522391297656,1.1706068380617702
2022-07-06,-0.9325724865890218,0.2306090696710862,0.4009988318544503,0.46960133565336737,0.5027023107542354,0.49725592247849304,0.45712438756087714,0.44595530190306426,0.3619747170893426,0.23983320066968788,1.1724056872587096
2022-07-07,-0.9335942538088695,0.23438708037017847,0.4082895405779307,0.47484634914534757,0.5105064177967157,0.5056239189348746,0.4645674379758922,0.45449070461346197,0.37282249216469304,0.24784354264165673,1.1814377964505263
2022-07-08,-0.9401462934059515,0.23217655899534473,0.4068345250803933,0.476337179931082,0.5143858572318819,0.5085098039379536,0.4690831059912424,0.4603019559068958,0.379199028511156,0.2541225959751952,1.1942688893811468
2022-07-11,-0.9439910994555771,0.2256720611929998,0.39671453327801853,0.46361221610791314,0.5034593759232683,0.49910300881551733,0.46000393599512834,0.45283585632691137,0.3710307830264483,0.24768718341864135,1.1916782828742187
2022-07-12,-0.9610338132194762,0.2059472974624956,0.3789265239886091,0.446125486363271,0.48522631723885723,0.4813014012900769,0.444637034216592,0.4374845593583793,0.35504156277206983,0.2353367519256118,1.1963705651450882
2022-07-13,-0.949025512653574,0.22025801653660187,0.391705007051704,0.4585166713003654,0.4989563514295673,0.49284591497170804,0.45741136308754765,0.4489873512836525,0.36654252464535775,0.24574131989072132,1.1947668325442955
2022-07-14,-0.9479726528971703,0.22515735149442226,0.40078487213372455,0.4678531650677109,0.5096088222614669,0.5008529793348635,0.46651729267720826,0.4569863767861134,0.37598901552213065,0.2532963894003457,1.201269042297516
2022-07-15,-0.9633115345402578,0.21053054531815849,0.38324900680646456,0.450326187361051,0.49361754524060236,0.482147184869321,0.44887913328201545,0.4406500324758592,0.3570019745830938,0.2342924710109014,1.1976040055511592
2022-07-18,-0.929827079589016,0.23815690976416323,0.4105997731902278,0.47486821573286303,0.5177309859288955,0.5066081133919204,0.4712196387251084,0.4616212881004996,0.3817171407191591,0.25582723238291727,1.1856543119719334
2022-07-19,-0.9203257302140511,0.24660970307716418,0.42172446436617994,0.4845122710955956,0.5288245560508362,0.5159727798531979,0.4801004071686557,0.4719614856984187,0.39250285635668214,0.2687425329674372,1.1890682631814884
2022-07-20,-0.9117088720741171,0.2551000066993448,0.4300377604299387,0.49425564831855534,0.5369482963242226,0.5235726948070719,0.49012537385433774,0.48208332762509776,0.4015015033243466,0.27990388256048815,1.1916127546346054
2022-07-21,-0.9204457059146477,0.24969653593536778,0.4248842064417084,0.4903692450299045,0.5355188725651279,0.5208420933193217,0.48883558131074367,0.47985898221326484,0.3981524727587435,0.2768477395874049,1.1972934455020527
2022-07-22,-0.9258688077422774,0.24463777028927697,0.42178116080992367,0.4885210056247991,0.5324145984179749,0.5190037632372695,0.4871621150379392,0.47638147139891374,0.39682231137472596,0.27763319345947896,1.2035020012017565
2022-07-25,-0.9371549810590027,0.23915947361621162,0.414079495861734,0.4803874618937181,0.5240637248950539,0.5129623409281907,0.47834616824239085,0.4686450184764174,0.3869227078393638,0.2659894365972452,1.2031444176562482
2022-07-26,-0.9285693749119879,0.2504676885825415,0.42635443438074566,0.4930480158711837,0.5356904712828561,0.5237945673495461,0.4887304965701274,0.4787693284949231,0.3972969408479221,0.27384495561527994,1.202414330527268
2022-07-27,-0.9187805495436588,0.26283474716818994,0.4384259167501647,0.5027603196897253,0.5462976428250905,0.5318792050055619,0.49776562459374835,0.487213326884152,0.4033016669309607,0.2794256857571564,1.1982062353008154
2022-07-28,-0.9086246610533422,0.2740707583017123,0.4478393753686611,0.5074079903572574,0.5526845749452199,0.5380609908576671,0.5036608674412539,0.4933850450815079,0.41128803988453805,0.2892915286732712,1.1979161897266135
2022-07-29,-0.9156835460377827,0.2672768971137281,0.44370359137708315,0.5028903833417508,0.5475694497877197,0.5338589710206428,0.49959071138783634,0.48881961158148224,0.40602570124064763,0.2805447078229964,1.1962282538607794
2022-08-01,-0.9080350799552512,0.27279372323718293,0.44921758043520904,0.509741957820839,0.5507093564160145,0.5400777798306552,0.5063199582374285,0.4967004884253843,0.41154808946762683,0.2836222301204583,1.1916573100757097
2022-08-02,-0.9375345305150546,0.2404520173073949,0.412984893562373,0.47321228974411317,0.509601011245012,0.4983991108232634,0.46493645055329424,0.4536475926848177,0.3668922254920596,0.235295121490376,1.1728296520054309
2022-08-03,-0.9398026055901054,0.23710347137738833,0.40946466576692575,0.47117039075647194,0.5098598697341705,0.49854416674520613,0.4621196557138888,0.4501756002155481,0.3582005852023731,0.22066218993634532,1.1604647955264509
2022-08-04,-0.9337439639682733,0.2524108310452353,0.42525955119610037,0.4873764967936408,0.5234568029963418,0.5141830128916038,0.47859251727511026,0.4642181885017448,0.3705667933759593,0.23489546002329312,1.1686394239915665
2022-08-05,-0.9264563067752076,0.2629885233079063,0.43829010844310246,0.5007685814618263,0.5379845739366905,0.5305114364950185,0.4958636852588194,0.47906953030990934,0.38527559105583287,0.2452664447311547,1.1717227515063624
2022-08-08,-0.9197302607596651,0.27428421406526027,0.4524236813027234,0.5160600790237927,0.5535707486042977,0.5481500578608713,0.5129374040220872,0.4924749038561876,0.39872455184489153,0.2577991047042503,1.1775293654639156
2022-08-09,-0.9140587403886067,0.28089197776302155,0.4567777359100615,0.5203915232190613,0.5576062454196529,0.5507348910125069,0.5143277934802859,0.495291485502109,0.4008575822241046,0.2582557710476559,1.1723145114362628
2022-08-10,-0.9097375460046824,0.28631247473045607,0.46105334008182347,0.5241682135620949,0.560728022160886,0.5542945784733511,0.516102196595846,0.49634580017156027,0.40348076479689565,0.25811058930541736,1.1678481353100998
2022-08-11,-0.9032879393067935,0.29540083854239063,0.473898140663372,0.5389406691490203,0.5734742764929138,0.5688762052798267,0.5294490071082599,0.5124645629046146,0.4188495765357911,0.2755029429577182,1.178790882264512
2022-08-12,-0.9100159085038305,0.2888594305108308,0.4677994425575268,0.5333275891805924,0.5697997829021942,0.5653411607808101,0.5243586389618837,0.5079553766671809,0.41442593177534165,0.2741024984361281,1.1841184069399588
2022-08-15,-0.9082783587352513,0.29427897973921024,0.4720205378566661,0.5406365832793714,0.5754730639627266,0.5711255100996278,0.5276376811003658,0.5121488524779406,0.4166531762109701,0.27661628644022535,1.184894645175477
2022-08-16,-0.9006615297056226,0.2995121670413654,0.4790600556725851,0.5461587378991349,0.5836911037443205,0.5775124535383742,0.536469556600386,0.5189664847803294,0.4244158198367975,0.28647650252144785,1.1871380322270708
2022-08-17,-0.9010484907610974,0.30079517935310746,0.48222837699832,0.5478231670876926,0.5864487647964177,0.5811110774995644,0.5402387777295837,0.5220338140347441,0.4266725472399777,0.28891342090251815,1.189961911663616
2022-08-18,-0.896548102281545,0.2993981438196112,0.48502277220872214,0.5496717316485203,0.5870088132476059,0.5819692654391525,0.5435006029822834,0.5248450221691162,0.4308744209066559,0.29162562663120156,1.188173728912747
2022-08-19,-0.9121944617167984,0.2843048652087863,0.4729057022862766,0.5373616288250292,0.5767015246944125,0.5686524648372555,0.5311711576156674,0.5126902526400036,0.41541859759705246,0.2747771132674729,1.1869715749842717
2022-08-22,-0.909171621489908,0.2865416585294421,0.47627362660804834,0.5410711025920028,0.5820906912981263,0.5740109543655897,0.5380114085698959,0.5203784820290738,0.4241859113045198,0.28185381911887825,1.1910254406087868
2022-08-23,-0.9082297732230152,0.2879813624591469,0.4791114479153717,0.5446210774975347,0.5873672337108399,0.5786509198250763,0.5449187192868877,0.5276721706004425,0.42757831417096864,0.28517390821595934,1.193403681438975
2022-08-24,-0.936089173330978,0.25949539193406546,0.44890898291547066,0.5138010799432716,0.555499379527998,0.5463506096319702,0.5126421121577639,0.49542622560371413,0.392668344790321,0.25162724781713114,1.1877164211481095
2022-08-25,-0.9413757234381004,0.2536226236924337,0.4440144882637511,0.5075100452544767,0.5503968892049594,0.5439421377727077,0.508867732707423,0.49171982699075906,0.38968299423753666,0.24844072780933546,1.1898164512474363
2022-08-26,-0.9520605103396191,0.24732778979478284,0.43778566901942517,0.502119625488595,0.5453932326515584,0.5406720179426829,0.5051670952183324,0.48819779185124185,0.38636495681823624,0.24334060750101966,1.1954011178406392
2022-08-29,-0.945528273472278,0.2545285535045653,0.44580062754074307,0.5108321523276373,0.5542946932051726,0.5526201170054392,0.5131579516871793,0.49762992845580334,0.39388042842904203,0.25142647395758516,1.1969547474298636
2022-08-30,-0.9528546082998056,0.25316901943711734,0.44460511824370896,0.509087655587078,0.5492025779699583,0.5486561314363723,0.5097624084558916,0.49485841798980307,0.3886660736798635,0.24857357747023795,1.201428185770044
2022-08-31,-0.9765437905460875,0.22592701011830948,0.41827443737174547,0.4823914098482778,0.5229730616252823,0.5226066949456836,0.4811833773239629,0.46656319937986357,0.35969069724901664,0.2189265360796561,1.195470326625744
2022-09-01,-0.9804358503297298,0.2214323786255607,0.41465016907618774,0.4777225191432926,0.5197010263596953,0.5194583090537437,0.4770382244749988,0.46404991306586363,0.35709847088395796,0.21560631728730628,1.1960421676170365
2022-09-02,-0.9770087983938589,0.23131575460352283,0.4285473532540908,0.49162043752339707,0.5337815071805354,0.5359095162703648,0.49208461427998446,0.4786496408144683,0.37511461598427626,0.23533543078916636,1.2123442291830258
2022-09-05,-0.9772574765035729,0.23169349507050324,0.43041538915358946,0.49359359922524665,0.5350164877735911,0.5417954757055254,0.49928476978528263,0.4817245588248087,0.37877291573068445,0.23759314611736457,1.214850622620938
2022-09-06,-0.970608417759977,0.24087262231212236,0.4411698933081607,0.5056890502051732,0.5486526695244186,0.55564298734989,0.5149514583278956,0.49817354093938376,0.3940027081228288,0.2555186940811173,1.2261271118410948
2022-09-07,-0.9675456294621188,0.24703052486877988,0.4462430662105719,0.5089463327914997,0.5533720296251986,0.5589824289353396,0.5200126858005468,0.5016095208556777,0.39683358683083864,0.2596807934738421,1.2272264229359613
2022-09-08,-0.9780949351445842,0.23704046380771485,0.43663863228191757,0.5000125072455918,0.5424027358586777,0.5488789361768455,0.5094581954236256,0.49103253488639503,0.38678642900935106,0.2512515991026833,1.229346534247268
2022-09-09,-0.9834038501833182,0.23785218684039922,0.43597708278375125,0.49940138177111487,0.5436201812531782,0.5472135584116896,0.5094018606799194,0.49114983196407536,0.38796164756551565,0.2509386834392241,1.2343425336225429
2022-09-13,-0.9816184871340181,0.2401653480487774,0.4394967681651507,0.5030229196901205,0.5471510025430234,0.5489066596354616,0.512896947169063,0.49357194439912566,0.3914645119404756,0.2540518717892655,1.2356703589232843
2022-09-14,-0.9865200264734038,0.2332082657445873,0.4319726800460679,0.49628086591156023,0.5388822962932761,0.5393780341944392,0.5041965148658569,0.48545329941573656,0.38162550326116823,0.24298596498381853,1.2295059914572228
2022-09-15,-1.001346721060944,0.21547779288182986,0.4104382588413641,0.4746896719057702,0.5152285163877613,0.5128522423136239,0.47544572287865255,0.4554796095073467,0.35390573738704645,0.2115891781877609,1.2129358992487054
2022-09-16,-1.0286130333842447,0.1895823929789686,0.3842769491839479,0.4497659043481699,0.49052040832880917,0.4901196580918905,0.4503003796682705,0.4345156069768329,0.3316488629629877,0.19434842430312818,1.2229614576873735
2022-09-19,-1.039921026180082,0.17558456923283422,0.3710559223964315,0.43675077422839265,0.4771141134530268,0.4783273344216109,0.4368547026536281,0.42227352700989834,0.3197728648005414,0.18267484088993136,1.2225958670700139
2022-09-20,-1.0295021058363083,0.18746827790823023,0.38485195192865435,0.44935068387607296,0.48818064473700146,0.49219050931191827,0.4519616945878955,0.44099680860001345,0.3382325305221391,0.20417853638591404,1.233680642222223
2022-09-21,-1.0273729185086502,0.189933645638686,0.3872982651871844,0.45129504808517706,0.48841390664576434,0.4941639007181643,0.45379135859071396,0.44452546646781704,0.34460862900534334,0.21288922258552478,1.2402621410941757
2022-09-22,-1.0347717898227915,0.18309012107694056,0.3805947164732161,0.4482982382690045,0.4852662252008792,0.48992293176208523,0.45096838518332494,0.44474523370290003,0.34426839944552,0.2119471949743407,1.246718984797133
2022-09-23,-1.0529064886402306,0.16442637593710213,0.3596538196313879,0.42679297696542534,0.4649773822995433,0.467823139888935,0.43041707659999934,0.42341239791414004,0.3228058572931687,0.19090020181379966,1.243806690454031
2022-09-26,-1.0741852290607676,0.14394789494568616,0.3398633892785003,0.4074968655310315,0.44700827063210624,0.4518083540365399,0.4156373265964013,0.4056786604546063,0.3071597079998163,0.17699306158720704,1.2511782906479754
2022-09-27,-1.0513933549637156,0.16598088674989867,0.36449588291617047,0.4331336821290722,0.47092888154477364,0.47620406350340166,0.44259248505208576,0.4307173087902253,0.33312673217847255,0.20096113681756414,1.2523544917812803
2022-09-28,-1.0688884720284124,0.14676523859705626,0.3400302571611566,0.4091362318775492,0.4438808634349262,0.4464886111001417,0.4133217250642685,0.39900516064255875,0.2980146599411349,0.1667681313017939,1.235656603330207
2022-09-29,-1.0711667659312396,0.1435714417016613,0.3364966600977277,0.4044854949176548,0.4405772085892952,0.4392617791829347,0.40919291240260863,0.39458675262900417,0.29063136985087734,0.16066677341035665,1.231833539341597
2022-09-30,-1.0807517828113322,0.13690270350444256,0.329596143096472,0.39580235617620535,0.4299458808296008,0.42619537255681295,0.39266364870016235,0.379020336459689,0.27135395835433546,0.13779603481485075,1.2185478176261837
2022-10-10,-1.0988225366663542,0.11990584982096994,0.306569130168359,0.37465918129419745,0.40997077289442785,0.4103192706274077,0.37413248249126113,0.3623220595918415,0.2555471012435088,0.12369937204886446,1.2225219087152193
2022-10-11,-1.0983746082964978,0.12393014734931997,0.311824391526067,0.3791696339456176,0.41696250425276127,0.41648462193604424,0.3811847063623554,0.3709429879271757,0.2633134833311109,0.13342180427393668,1.231796412570435
2022-10-12,-1.0772884349209746,0.14747020321089044,0.33725835207181876,0.40572820240778995,0.44487087447381485,0.4468365211947927,0.4099094435405975,0.40220776749447057,0.2958427924836341,0.16645283463873325,1.2437412695597083
2022-10-13,-1.0632957228609339,0.15832144293553496,0.3469333109695201,0.416973139795199,0.4557818589134505,0.4575858235045312,0.4203850913924476,0.4125259717390254,0.30272514841244375,0.17042911660735388,1.2337248394682883
2022-10-14,-1.036428972969416,0.18695137099775075,0.37041811078717257,0.43986375893400476,0.4790998991829285,0.47945291023403375,0.4421033341109669,0.43339507015853324,0.3226929742464508,0.19207206088772305,1.2285010338571396
2022-10-17,-1.0215591583695738,0.19962791182276615,0.38729706781895484,0.4527957239221007,0.49489303852896654,0.4964044039151952,0.4586869731320631,0.45104180713936315,0.3400941870131663,0.20908829836685192,1.2306474567364263
2022-10-18,-1.0206736628867044,0.20229407444515915,0.3907709020455306,0.45642593235061124,0.4976381159403279,0.49934780499218706,0.4628104432146991,0.4555159000778616,0.3444492789554925,0.21394239549500377,1.2346160583817087
2022-10-19,-1.0284441917515679,0.19032359636224205,0.3827765960898421,0.44637072845320447,0.48871638048822535,0.49011613251701047,0.45536465209794924,0.44820798636643083,0.3375944433783062,0.2070899705217805,1.2355341622733491
2022-10-20,-1.0409774922594375,0.18275937839547723,0.378319194214726,0.4445516848122244,0.4892286283429019,0.4903196648274801,0.45525245131619657,0.44920054609547705,0.33718832742982313,0.20692842073990025,1.2479059129993384
2022-10-21,-1.0476777218624473,0.18220284109565837,0.37841450422437667,0.44656349763180364,0.4929264968153871,0.493526474784575,0.4578321253378559,0.4537502214251647,0.34018375354008223,0.20740388098684412,1.2550816028492922
2022-10-24,-1.0606189665288657,0.1706281560310034,0.3645678817605526,0.43303358343939113,0.47903794686212686,0.4788157760906713,0.4452562084216681,0.44167895872015894,0.32977182648402514,0.19368081931143938,1.2542997858403058
2022-10-25,-1.0692263817701204,0.16421402841255686,0.3569925321817382,0.43028982762305845,0.47551450357001607,0.4780998418830271,0.4440048231595076,0.4372043606436405,0.3297857029136444,0.19640793108934892,1.2656343128594703
2022-10-26,-1.054935596956792,0.18615530767681804,0.37972316926839017,0.4533308314001679,0.4995536562066095,0.5012676132358623,0.4673768841576279,0.45898172942984017,0.3511892083215697,0.21484911013718913,1.269784707093982
2022-10-27,-1.0519936914877748,0.18777623042688418,0.379770320546149,0.4501659154745186,0.4945739662777223,0.49555670237853305,0.4599941580289452,0.45339503251513796,0.346243236636098,0.21124679573798097,1.2632404872257565
2022-10-28,-1.0860365916458612,0.15355643154648127,0.3442251108257424,0.41415591188248385,0.4557789817192087,0.4609301679803317,0.42368535869704377,0.4184805607959273,0.3087813780830224,0.1736720446470738,1.259708636292936
2022-10-31,-1.0739786654852306,0.168060078826067,0.35785175379272544,0.42933978273279944,0.4680390413057193,0.47507713247168004,0.43880788603786985,0.4273199342244326,0.31869109859784944,0.18149916710474848,1.25547783258998
2022-11-01,-1.056937037123498,0.18847054114942838,0.38337039478390256,0.45394146299660937,0.4942314540109626,0.5028770979169052,0.46747307132884125,0.4563514540294448,0.34718456524823105,0.21113105550338537,1.2680680926268844
2022-11-02,-1.0431565856345695,0.20013648490220534,0.3964998769935998,0.46821252847831296,0.5068413685275575,0.5164068880749776,0.48097045093062757,0.4701355346780568,0.36040263955757673,0.22464196208413753,1.267798547718708
2022-11-03,-1.045420842565585,0.2041097619858266,0.4023962082177926,0.4736617683319246,0.5102526169045105,0.522615263891878,0.48690359141465056,0.4754869943533328,0.3666880749923531,0.22970547313430678,1.2751263156998927
2022-11-04,-1.0303184432766948,0.21868720854492257,0.4200204884255947,0.48988534970016506,0.5291760868697609,0.5388776657444807,0.5041193801173371,0.49347808792991016,0.3847245624400208,0.2489553103988418,1.2792737536755374
2022-11-07,-1.0243906881389058,0.2265936535279754,0.4273273049521121,0.4968434304960305,0.5332145507866498,0.5440155359626777,0.5103181932421779,0.4999031650281719,0.3896742721848817,0.25556790929288997,1.2799585974317966
2022-11-08,-1.0262342554100468,0.22500273782221,0.42783012517679514,0.496174947853246,0.5311274119306967,0.543078644689188,0.5075456423868836,0.49731444829047455,0.3895732329301539,0.2549370596360048,1.2811713150460524
2022-11-09,-1.0275632429606179,0.22675429717846163,0.427942211198175,0.4978209782461943,0.5309914192481522,0.5439436247199557,0.5081223257529263,0.49715659315792865,0.3887135172876116,0.25462904402475667,1.2821922869853755
2022-11-10,-1.030545801550356,0.2228763851784729,0.42282822530736436,0.49205491822312825,0.5255704930668058,0.5387276928877832,0.5024812021373107,0.4918395937174276,0.3834977150850974,0.2491502022253204,1.2796960037756773
2022-11-11,-1.0356191788973732,0.22479787033658946,0.4292962057656842,0.49586660984611025,0.531917122271709,0.5443838844220366,0.5102975209532709,0.49673299504241036,0.3893633111571246,0.2565585236575259,1.2921777025549002
2022-11-14,-1.025134975022055,0.2283658525307803,0.42997992803530194,0.4952711197046794,0.5294376784952866,0.5409828655133101,0.5064316586281167,0.48991112161775097,0.3832925690728564,0.249251687543952,1.274386662566008
2022-11-15,-1.01437827642242,0.24599674444411262,0.45011094725310863,0.5185399400722943,0.552652046951014,0.5614414604298682,0.5280302288749315,0.5104912773502015,0.40323628116845467,0.2705606417287066,1.2849389181511275
2022-11-16,-1.0223682298919072,0.2392316567594976,0.44382009093868374,0.5146863921720853,0.550370348616238,0.5600663412490295,0.5285077251279987,0.5103236098152085,0.40462193498543475,0.2741606909194756,1.2965289208113837
2022-11-17,-1.0173811812121745,0.24383090640683314,0.44937971961219025,0.5194420928331267,0.5562189544157539,0.5648696625023082,0.5334676144757784,0.5144601443557576,0.4088904916762191,0.2761725888103225,1.293553770022498
2022-11-18,-1.029040380144713,0.23160245660393775,0.4401131589861062,0.5117304982897196,0.5503789880671835,0.5590228136026805,0.5268858580557346,0.5080406838517356,0.40503662886557296,0.27101335507745933,1.3000537352221735
2022-11-21,-1.0311091321240184,0.2352366629735924,0.4431703100519488,0.5152087797986129,0.5562307711973216,0.5637645143470498,0.5306763232921373,0.5115174532503054,0.4101054161163814,0.27274972931043023,1.3038588614344497
2022-11-22,-1.0477282485489212,0.22195367971279786,0.43229170304083464,0.5019150944600183,0.5454799231197022,0.5512281085117122,0.5188286761686692,0.49988626942099484,0.39903002009344224,0.26333836624493234,1.3110666147938548
2022-11-23,-1.055187966334649,0.21050147440429345,0.42457388588461376,0.49201215596699066,0.5370876743194921,0.5471331103934746,0.5137230656007131,0.49641332414252937,0.39755148557362596,0.2615290041998169,1.3167169705344672
2022-11-24,-1.0574543246453336,0.21639744293521349,0.42787563357087194,0.4980903752605138,0.540683341613828,0.5509985658622464,0.5204928167848198,0.5007771553978602,0.40053782722994236,0.26453150367652345,1.3219858283218584
2022-11-25,-1.0675598771049895,0.21139891867724694,0.4214243596695308,0.4914310280158939,0.5316924274944582,0.5404879165134302,0.5101028065660576,0.4893593135862938,0.39024743348872304,0.2555724878104653,1.3231323649154563
2022-11-28,-1.0701780825363791,0.2051012877722172,0.4150784206637137,0.48594142905501114,0.5248158784279949,0.5347187298938769,0.5041395925076113,0.48637386251081954,0.38637878205386067,0.25476995307962136,1.324948035616002
2022-11-29,-1.0580587146760492,0.2248925304709582,0.4336668460525314,0.5084526322795344,0.5449305129949088,0.5547265663096967,0.5216895879019957,0.5049148250756436,0.4049563632144819,0.27226215883729676,1.3303208735133474
2022-11-30,-1.0623607235373091,0.22061057831128772,0.4300438752542249,0.5079225060297544,0.5433972544145207,0.5517922710842176,0.521693997276907,0.5053448468043453,0.40483427649232884,0.27476923523846847,1.337129958775779
2022-12-01,-1.0619055889214353,0.2260828338548953,0.436993071453328,0.5161524969264074,0.5543612458903501,0.5626995424763236,0.5316986191626395,0.5171656649923502,0.41653580397995355,0.28756716848506764,1.3494727574065042
2022-12-02,-1.058805240777243,0.2321122735685743,0.4428223975737441,0.5214304357850617,0.5588191209810509,0.5691895293338542,0.5384249188181188,0.5259291343389689,0.42513876565265607,0.29668581600352345,1.3554910567807679
2022-12-05,-1.0522449941039926,0.23741889975647512,0.4492275728547271,0.5288238333146891,0.566351250727871,0.5803664039001264,0.5466391342496979,0.5335381705784745,0.43384860880510406,0.30602365612304094,1.358268650227035
2022-12-06,-1.0576942977438035,0.23023393209828608,0.4461757172676879,0.5257511115463698,0.5632283288178912,0.5774596182910512,0.5423330606677232,0.5288250278359932,0.4283635292746371,0.3018694112098647,1.3595637089536694
2022-12-07,-1.0553090716795168,0.23302536356519396,0.44779496456419504,0.5259210655136369,0.5649765964221216,0.5779087981186676,0.5398126686546121,0.527903046896135,0.42904125409046534,0.3032821230682526,1.3585911947477705
2022-12-08,-1.0577780782631827,0.23245114985049947,0.44630376705212393,0.5233428893054587,0.5608723298144411,0.5759871069817655,0.5354707329362334,0.5223337511382267,0.42382896688574123,0.29581101013195255,1.3535890883951365
2022-12-09,-1.0644990790901911,0.22726762831615546,0.4441713744819559,0.5200997542560272,0.5597697910212648,0.5762652753976596,0.5368553613841333,0.5231481846017977,0.4241044561353588,0.297784441072977,1.3622835201631696
2022-12-12,-1.0698268952036059,0.22065787182858904,0.4382607888730485,0.5150580050960761,0.5574211579716932,0.5741156707259512,0.5367826128995695,0.5251477950464977,0.42658664580913674,0.30227047966503295,1.3720973748686403
2022-12-13,-1.068769848129038,0.22001554128880127,0.4344182073352733,0.5121898436776952,0.5516621751100943,0.5707946192615525,0.533240314215519,0.5191365537868164,0.41901560359975765,0.29446535355784037,1.3632352016868798
2022-12-14,-1.0753306575259274,0.2179741340360084,0.43089132558031146,0.5113903910951003,0.5493705670607671,0.5678362422695388,0.5285943640325745,0.5177994398322423,0.4176877297934298,0.29200807062982453,1.3673387281557534
2022-12-15,-1.0779183010101685,0.21929293878176268,0.43427008499510855,0.514004051998323,0.5533159456155703,0.5728179113807875,0.5352823254239111,0.522413407529691,0.42332324255470544,0.2992011894957976,1.3771194905059676
2022-12-16,-1.0917780552569487,0.20611871199442242,0.4207483438213754,0.5019071102384832,0.5418603356301304,0.5625040220467017,0.5263470424146469,0.5125928714634893,0.41224432955740603,0.29028799418958073,1.3820660494465309
2022-12-19,-1.1177296640199736,0.1835071781594429,0.40020288915846,0.479816294880547,0.5213520590412493,0.5410273154614531,0.503402229879298,0.4897942247836009,0.3898066679993098,0.2654822635535013,1.3832119275734764
2022-12-20,-1.1225846730943878,0.18185559258973616,0.39581709556190925,0.47546769109053255,0.5155203940511157,0.5360102838724307,0.500043780094997,0.4859578462918093,0.3849565770331568,0.2602907543907214,1.3828754274851107
2022-12-21,-1.1291934146583493,0.17633396450901417,0.389872921092853,0.46916912512282183,0.50788992837041,0.5302760448443556,0.4911417193364212,0.47724969851175597,0.3752554003824894,0.24958597693197063,1.3787793915903215
2022-12-22,-1.146869958907433,0.15682880193683585,0.3734328218957794,0.45302692583400866,0.4926424046245559,0.5166365133832242,0.47860684373440987,0.4635687252648664,0.36414275102752486,0.23884233628307405,1.3857122951905085
2022-12-23,-1.152400482784763,0.15376215781617616,0.3703121753170931,0.44951845349794983,0.4894988006439853,0.5160511956767477,0.47710215074910467,0.46163356185519,0.3605572764785061,0.23625418449316996,1.3886546672779345
2022-12-26,-1.1369440596375286,0.16975496794272157,0.38959565806023805,0.46747688418141836,0.5069935758752959,0.5353849501818324,0.49535305588705825,0.4813806823121611,0.3770173939031245,0.2481553094123058,1.3850993690498359
2022-12-27,-1.1265051273576547,0.1755047723629352,0.39321839360277505,0.47145147147795907,0.5122474678495005,0.5391392700245103,0.5016714289042016,0.4854491628039035,0.3800774127974423,0.2494718208760303,1.3759769482336865
2022-12-28,-1.1357311402963213,0.16516509776154012,0.38127021830996677,0.4594514088966424,0.5007261217533479,0.5241703949737343,0.4894307120915272,0.47346146134395,0.3670035666869319,0.24135072329947557,1.3770818635957984
2022-12-29,-1.1453578168920326,0.16049539614084693,0.3778730828915095,0.4546744323974582,0.4961837484905754,0.5208749026643859,0.4844660064223419,0.4692863604770378,0.3654724840197749,0.2447383429081117,1.3900961598001458
2022-12-30,-1.1368194989969864,0.1695059965205356,0.38607161486094493,0.4629283995261317,0.5041358785598815,0.5269481850568716,0.48980120158587076,0.4741002569812086,0.37022477584468433,0.24768753576181987,1.3845070347588075
2023-01-03,-1.1180087034628203,0.19002389288023092,0.40852890135496295,0.48771662873550525,0.5292024116269283,0.5527233690638039,0.5139405060429024,0.49823713862411034,0.3932035670490803,0.27131046820670046,1.3893191716695221
2023-01-04,-1.1121833116858186,0.19355780378280404,0.410672336000061,0.4900551244472665,0.5309381467688653,0.5574928020549834,0.517776636130937,0.5039624199501272,0.3995152213999139,0.2759137856917,1.38809709737752
2023-01-05,-1.1063586648699402,0.20191458567643772,0.4170047478864406,0.496476882586614,0.5397290374357899,0.5659092997804444,0.5241308151500516,0.5093291302926041,0.4050059355565739,0.2795358718620846,1.3858945367320261
2023-01-06,-1.106017174077123,0.2029857142700226,0.41619246249023795,0.4961385965923053,0.5370636479801735,0.5620164631795601,0.5217634204159262,0.5068853349400365,0.40121989267945446,0.2762170783255048,1.3822342524026292
2023-01-09,-1.0982834985761205,0.2077002172294973,0.4226458048368485,0.5027947628394782,0.543595967502751,0.568849087760598,0.5284917863346261,0.5116734376696548,0.4055405660363567,0.28225595498730083,1.3805394535634228
2023-01-10,-1.0957584913472502,0.20581502392114312,0.4227946069190268,0.5025839269721561,0.5437862675712093,0.567787783988019,0.5272687909739471,0.5100194551805226,0.4025373034099628,0.27665472168846883,1.3724132130357205
2023-01-11,-1.105548600900515,0.19873255108299281,0.4148562298664003,0.4959380992898389,0.5353564108869207,0.5580669052882048,0.5174760864199137,0.4998787854107401,0.39314871565448267,0.2672277821517183,1.3727763830522348
2023-01-12,-1.104934258284942,0.19988856604891803,0.4156181685759041,0.4972615869278554,0.53684757668073,0.560352124273305,0.5174488321508637,0.5010397555367108,0.3918623866964915,0.2635019247305486,1.368436183015492
2023-01-13,-1.1059735130632118,0.20439520486220275,0.4198647836546964,0.5023507136861709,0.5406071313894556,0.5647094078285828,0.5230371958911851,0.5059005768156514,0.3967960897302005,0.26865762759441575,1.374631140657629
2023-01-16,-1.0959126430485007,0.21424325226942062,0.43263959339539887,0.5142034749822655,0.552146209282684,0.5768059868320347,0.5350657761606429,0.5180860019455895,0.4078311942180484,0.27990709667082514,1.3758197397193275
2023-01-17,-1.092314803072612,0.21528058054067603,0.4306298895541702,0.515567886697279,0.5501026094905955,0.5751898949867671,0.5339922207267438,0.5157826312794792,0.40609537974479565,0.2732634525950857,1.3655782556676992
2023-01-18,-1.0899875114678184,0.21597873650410024,0.4361566011033822,0.5207243921662178,0.5563092228354322,0.5801587037779536,0.5390956202643403,0.5199901619262429,0.4119381821082922,0.2777069914742697,1.3676945029420895
2023-01-19,-1.0825367598707598,0.22421028849430277,0.44511813446206694,0.5278533807671119,0.5634389835448819,0.5873043227768697,0.5467770863792094,0.5266458497264892,0.41700596799543865,0.28115195893985356,1.3636887188106148
2023-01-20,-1.0816645174694022,0.22900144238238082,0.45218115035704737,0.5356712092768932,0.5712438483778723,0.5962098483565946,0.5561825188557536,0.5364906047009826,0.4280447536049643,0.29328822877931465,1.3749527462487183
2023-01-30,-1.0696907347080473,0.24115645376354877,0.4644638687519702,0.5483069707661751,0.5847073976560387,0.6078860297464646,0.5683402161257547,0.5495904898496702,0.4433535337002523,0.3104027286626646,1.3800934633707136
2023-01-31,-1.0688997854171096,0.24334549724295115,0.4674470872580243,0.5513176804286029,0.585849109697504,0.609210861251051,0.5703097957361227,0.5539248643766181,0.4476553953134357,0.31440421311558575,1.383303998532697
2023-02-01,-1.0507978960945636,0.25872500176232954,0.4841258287216083,0.5688312683770439,0.6019575637406566,0.6246285033953273,0.587420078517729,0.5707718496245318,0.4639609957525296,0.33261459725488096,1.383412493349446
2023-02-02,-1.0493529216541073,0.26212166028669504,0.48477414319157824,0.5706619978453265,0.6044374108519329,0.628242051497482,0.5927269216130446,0.5752914605289485,0.4670927239510929,0.33939849631981045,1.3887514179739193
2023-02-03,-1.0462997743002662,0.2648159176957049,0.4871801727539078,0.5707327538032105,0.6037608656145708,0.6267479835835192,0.5924719440304653,0.5729764245693854,0.4652194631072799,0.33766597238041485,1.3839657466806825
2023-02-06,-1.0461068133626201,0.26456579953314685,0.48671950963803656,0.568779135386655,0.6024015342069973,0.6238420890442584,0.5895561347154732,0.5709728529014887,0.4617615143481705,0.33389083074265996,1.3799976441052815
2023-02-07,-1.0396914403907358,0.2717580071863173,0.49370266425300013,0.5754598015587205,0.6093544021930025,0.630193476314316,0.5959046556441175,0.578189889527315,0.47055767563608586,0.3402327366293027,1.3799241770200399
2023-02-08,-1.0491456780020083,0.26593866901984947,0.4889605575938435,0.5702143766855505,0.603525650591918,0.6266981238489566,0.5918790897819125,0.5746617402608833,0.46624464669029797,0.3360136517054717,1.3851593297074813
2023-02-09,-1.0341437657722892,0.2822296106051156,0.5032566466487219,0.5857070958400595,0.6169998320181658,0.6405743556906742,0.6061415281034866,0.5876728890574792,0.47860811986303176,0.34600246795769657,1.380146233729987
2023-02-10,-1.0384704776531708,0.27944433610189473,0.5017461206836917,0.58353285105589,0.615894000690824,0.6405144241340012,0.6062318750596227,0.58834993628495,0.47748507123208517,0.3453523927759845,1.3838228704291566
2023-02-13,-1.025758321744227,0.28939105000340104,0.5124316652136778,0.5929316684813648,0.6252513434081239,0.6490335936147664,0.6156841496189176,0.5984154249657958,0.48823583019282923,0.35758785792210457,1.3833461796663329
2023-02-14,-1.0243192242454542,0.29130894892693576,0.5132239000750826,0.5950079219144468,0.6255749615835701,0.6493274018341922,0.6178408584255746,0.598819335680017,0.4884637725496221,0.3572004754461443,1.3815196996916
2023-02-15,-1.0192956514267006,0.29361727851505526,0.514516937542382,0.5995396354968429,0.6272348750248822,0.6512109819586739,0.6196012508318798,0.601757144150565,0.4879228144642689,0.3586144983908084,1.3779101498175106
2023-02-16,-1.0472740118796044,0.26996581560569993,0.49230979533166025,0.5769651522120575,0.6065612287094769,0.629572826894307,0.5956869571987254,0.5791154977789092,0.466216536218028,0.33526537736409895,1.382539389243705
2023-02-17,-1.0479441904617701,0.26879531906862797,0.49052774553464473,0.5726475594163954,0.6015450381401272,0.6246129505312467,0.5882424431728431,0.5695432883143107,0.4574867794208502,0.3248066823491026,1.3727508728108744
2023-02-20,-1.039849578968562,0.28403582618119044,0.5029562100812743,0.5872429323618014,0.6147806571951774,0.6378099429329854,0.6021134328481149,0.5838022857256359,0.4702045697729962,0.3381519759737246,1.3780015549422884
2023-02-21,-1.036084226243787,0.2881244220746139,0.5069051485877463,0.5906724963885143,0.6179358032241855,0.6427396622206655,0.6065057582027988,0.5877742329871504,0.475212567281379,0.341814155762916,1.3778983820067048
2023-02-22,-1.0346855466551323,0.2914510010159925,0.5085988378114321,0.5928656112990305,0.6200511116173507,0.6446973770299029,0.6082883934770348,0.5896356611298406,0.4759704244086541,0.3428183308067093,1.3775038774618433
2023-02-23,-1.0392093024221258,0.28734885966271667,0.50584717200956,0.5916459284747619,0.6176655951072432,0.6428998354737238,0.6058699163567449,0.588189883534871,0.4748113000438235,0.34150895169771256,1.38071825411984
2023-02-24,-1.0447884984198625,0.2831140507179148,0.5047851527108617,0.5906885953415127,0.616147044081603,0.6412827076403339,0.6057074901086722,0.5853912187504777,0.4720478302366281,0.3386805711991111,1.3834690696189753
2023-02-27,-1.0551428469653037,0.27539681735295957,0.49858583127190487,0.5843225213796374,0.6078562237302024,0.6320630257726776,0.5974659709432752,0.5746519357615264,0.46324853413235456,0.3273000872574545,1.3824429342227598
2023-02-28,-1.0490973969248276,0.283419873597861,0.5077255261741344,0.5950915835955597,0.6170116124619778,0.642327320225978,0.6078425690205211,0.5843503698200265,0.47312497249926955,0.3379958921462488,1.387093289071078
2023-03-01,-1.0431203984352062,0.2926389260238832,0.5172319860044371,0.6031345892232869,0.6257578369981261,0.6520128080349693,0.6156318281463716,0.5923887003341445,0.4823833139626232,0.34999384416073454,1.3931142425959424
2023-03-02,-1.0417335965866281,0.29241545164669114,0.5140049669898739,0.600067790826141,0.6227959098160574,0.647257819680977,0.6095277921874236,0.5861536343439591,0.476001889722544,0.34260518190127,1.3843387784878998
2023-03-03,-1.042679479871098,0.2912722073810593,0.5135117402493505,0.599605272587658,0.6217266980285747,0.6474392035448759,0.6099126038209179,0.5872159096929328,0.4762856433189764,0.34148627482808575,1.3841657546991855
2023-03-06,-1.0413888905134552,0.2935098439830878,0.5152334169276905,0.6004117915355655,0.6236476351919248,0.6499569813751499,0.611369921366302,0.5889713741629338,0.4771541425112274,0.342702141078153,1.3840910315916097
2023-03-07,-1.0583892501697325,0.2752889816376988,0.49601886195349165,0.5802556361112536,0.6022954354472491,0.6284050392777794,0.5890081150379687,0.5663540588562055,0.45359252748134427,0.3184947301025472,1.3768839802722812
2023-03-08,-1.0498003073879343,0.2841841729921919,0.50564078611438,0.5899275460453081,0.6130330820689291,0.6370190743654405,0.5976694968761925,0.5753396305642405,0.46127963819919426,0.3231291459810727,1.3729294533690084
2023-03-09,-1.0457717212496704,0.289497387503675,0.509099907372188,0.5925234736921222,0.614384830256568,0.6387041473042617,0.5989417615655331,0.5758713057136955,0.4618742553350073,0.3240630392413219,1.3698347604909937
2023-03-10,-1.06106847480507,0.2766372311305036,0.49784785212824784,0.5808599191432832,0.601038956741062,0.6249237288094082,0.5857349435505217,0.5630105421614113,0.4481856754925356,0.3075177678957052,1.3685862427007767
2023-03-13,-1.0645353432234548,0.27806683294325046,0.4997197529045624,0.5830622853318828,0.6047855082612099,0.6263499903953622,0.5892353704661885,0.5678038007429755,0.4532631202240241,0.3129785398835797,1.377513883107036
2023-03-14,-1.0762413229180476,0.2682167929198576,0.48921464508545925,0.5725990715892869,0.5932116908553897,0.6137326731008274,0.5772066317310907,0.5561728812943093,0.44103806529444084,0.2989753926696369,1.375216715587686
2023-03-15,-1.0678352089185028,0.28094582379257316,0.50201482770698,0.5844093322199121,0.6026674099812174,0.6241210671676064,0.5859245207862073,0.5615273626134512,0.44472639484578574,0.29902252735956236,1.3668577362780667
2023-03-16,-1.0809832267712776,0.26672351008454814,0.4846944145035617,0.5706207842790932,0.5862861286977171,0.6072063836825943,0.5702560457464909,0.5454967677568384,0.42606058476140185,0.28170507196562966,1.3626882987369087
2023-03-17,-1.0756225908613637,0.27224662000815303,0.4898084610745755,0.5770793481588359,0.5933141028401812,0.6161634448254756,0.5793088835727922,0.5526064446901637,0.43477292099247117,0.2925949160889075,1.3682175069502724
2023-03-20,-1.078944242647059,0.2701641293382156,0.4859835121148632,0.5756588743493278,0.5886160225548235,0.6132085395043008,0.5745380042971694,0.5490917267357333,0.4314942622470453,0.289063080995443,1.3680073236425032
2023-03-21,-1.0692767352959958,0.28230363660622027,0.5005079331732887,0.591551945864452,0.604655344275861,0.6297455035011179,0.592060935133209,0.5674548039605285,0.44928633839392285,0.30546286541127293,1.3747396007072699
2023-03-22,-1.063429118241525,0.28941006052137186,0.5070930032923563,0.5988804667276179,0.6104240216290023,0.6357850375510731,0.5989997561473296,0.5720971382950057,0.45530188857896364,0.3110953467103234,1.3745244649518495
2023-03-23,-1.0611975452980509,0.29080295169626885,0.5058900291866028,0.5980853860505387,0.6116056763377302,0.6368838325401089,0.5988846253299092,0.5722372150327562,0.456053033264346,0.31225036406876916,1.373447909366821
2023-03-24,-1.061053603053339,0.2907241499718717,0.5055527605980925,0.5980498417994125,0.6108674264333349,0.6381483482287165,0.5988669583016304,0.5749927469250036,0.45828457297630065,0.3136409512877503,1.3746945543410902
2023-03-27,-1.0553290560865292,0.28858556944353236,0.5059393168769649,0.5984349665950313,0.6100483986004086,0.6370525809812895,0.5991106423065342,0.5740180433950891,0.45707634948694476,0.3109936457245357,1.3663227018110657
2023-03-28,-1.0707619701272113,0.2774427571891165,0.4982916130975048,0.5893077171444608,0.6005764943092391,0.6292871959444992,0.5919200190355461,0.5666598365920203,0.45119821766974755,0.30731898023828796,1.3780809503655
2023-03-29,-1.07931791340581,0.2738018884538375,0.4951517602352026,0.5888069987280965,0.5963396514401431,0.6272320292718571,0.5894147526826409,0.5627997870964473,0.4454363123307591,0.3019663763765163,1.381284289782327
2023-03-30,-1.0887398382817162,0.2683110463848532,0.4909147600575324,0.5858847051758005,0.5938078255839339,0.6237434775957891,0.5889162136058342,0.5617766774561993,0.44501595722536175,0.3003189372364312,1.389058775518148
2023-03-31,-1.086415467950887,0.27636911406931597,0.5003154088733214,0.5959148426430833,0.6043564268608793,0.6349076249029917,0.5989166062632603,0.5726600273600145,0.45533293826234056,0.31163944768137564,1.3980549156322633
2023-04-03,-1.0728782021303496,0.28800993759974286,0.5100980957024164,0.606496870584551,0.6133340104453957,0.6445246045373428,0.6090202259012348,0.5814976613086681,0.4646099979638572,0.3201182658202862,1.3929964679506361
2023-04-04,-1.0772958744569683,0.2793088747005432,0.5017252729138075,0.598306308810006,0.6025737442374048,0.6352597011793669,0.5993500835421117,0.5708802729192236,0.4544816548547087,0.31183329181524877,1.3891291662722174
2023-04-06,-1.0729226093768478,0.28018888106179,0.5008676751283752,0.596199185610869,0.6018401966446874,0.6349743799494458,0.5978696482753145,0.5698777052696685,0.4542393290437737,0.31096375910360563,1.3838863684804537
2023-04-07,-1.0651614306743689,0.2877914568815412,0.5115117655502543,0.6062037643837609,0.6126760130774046,0.6465959226804402,0.6091647360566863,0.5803374684362833,0.46498418260985713,0.3221406105653558,1.387302041239725
2023-04-10,-1.0786576343586936,0.27393264149540464,0.49792367034003054,0.5918692117267881,0.5993285806632302,0.6338714233985985,0.598503336842459,0.5696405287354946,0.4550922947210346,0.3130542062071,1.3917118405657938
2023-04-11,-1.0753694918460883,0.27729536656215525,0.5002026978025451,0.595842001556782,0.6023397021977779,0.63422432255213,0.6000692894562429,0.5700436393868171,0.45315258960239546,0.3130785989986881,1.3884480908447767
2023-04-12,-1.0636690739750778,0.2883074728124307,0.5069716134935995,0.603820642319094,0.6117048041493278,0.6438030493554462,0.6093259537139082,0.5774741568172662,0.46195334996781806,0.31834888503769854,1.3820179590127766
2023-04-13,-1.0703036477696322,0.28254417804513166,0.5004624180916533,0.5994563706074535,0.6076400484257496,0.637872614344266,0.6056288993676477,0.5729986024926427,0.45745032389629176,0.31490304148421877,1.3852066892538513
2023-04-14,-1.0689375988925374,0.2860233368162171,0.5063907589510582,0.6044937208475238,0.612571137257629,0.6450445698747002,0.6101356997010432,0.578953201846391,0.46066334403650755,0.31830460446822717,1.3872422033607648
2023-04-17,-1.076613976890466,0.2809206450139801,0.5017639520022655,0.6023909461000694,0.6128742047087049,0.6463035237497855,0.612069297669928,0.584961099712374,0.4675715526731942,0.32664510895737564,1.4032590858478418
2023-04-18,-1.081951829838436,0.2750181928534821,0.49781643933755093,0.5961861273154201,0.6056066258098358,0.6406061380427275,0.6051328714769105,0.5789896808140231,0.4636666964388527,0.32392933463677653,1.405881164475213
2023-04-19,-1.0843901065720845,0.2731706212392078,0.49507020728812523,0.5917288591763967,0.6017579354504947,0.6366991435999715,0.6006860504052346,0.5746806350876459,0.4585351333833448,0.31756501798641457,1.4019551245584994
2023-04-20,-1.0886763874078058,0.26729868659202644,0.4888230632484139,0.5857532192919934,0.5954985813312367,0.6332105372390225,0.5976619475641772,0.570278776922065,0.45531874086158175,0.3148734088208586,1.4035497962286647
2023-04-21,-1.1107856179748619,0.24485193230603203,0.4662193581043311,0.5615015040274366,0.5707673106913309,0.609482057299799,0.569623655882173,0.5394610507918708,0.4215181868947697,0.27365306730881667,1.3844386852836787
2023-04-24,-1.1149902361797694,0.24080178458499638,0.4629739766266796,0.5564832249492222,0.5669161093126108,0.6056903480677773,0.566193537892911,0.5341306910500416,0.4142979114656723,0.26511239427107386,1.3801026304508435
2023-04-25,-1.1378137365617698,0.2186129689366609,0.44098981490134836,0.5394829375160654,0.5469174693429196,0.5857543150213084,0.5468874672217725,0.511137176599803,0.390923587881283,0.2400182228691634,1.3778319594309334
2023-04-26,-1.1165854434250644,0.23636969591128226,0.45783255916940374,0.5566454877051363,0.5611382996173103,0.5950171489927487,0.5530878458533677,0.5159719251120995,0.38920277792796804,0.22882716088564703,1.3454126043107117
2023-04-27,-1.1178882906876868,0.2362609708309457,0.456254374306785,0.5580360477503326,0.5591435682942905,0.5963447091343311,0.5547619738327918,0.5193068594113638,0.3925784748411438,0.23191802038793624,1.3498063110756233
2023-04-28,-1.1004168445196563,0.2512914381143398,0.47593542001776024,0.5785000781402102,0.5773126357518577,0.6144582217987505,0.5766298888125696,0.5413209045701589,0.4142906000900227,0.2530479582494284,1.3534648027690848
2023-05-04,-1.0846943747151743,0.2642868922659856,0.48526566234016555,0.5842976626091576,0.5817356277897244,0.6175765594890948,0.5764518963909295,0.5423205492787757,0.4117265649305264,0.2456964377198375,1.330390812435012
2023-05-05,-1.0878663130602668,0.25701400484612635,0.47730348999462263,0.577380050618178,0.5744777451462986,0.6079416542551194,0.5663500945577645,0.5310107153551513,0.40070111896932864,0.23326948586603044,1.3211357989262975
2023-05-08,-1.0771196365725,0.26311469972366097,0.48210889384692945,0.5827474963784436,0.5791118724387908,0.613002798614165,0.57146528661922,0.5373378804858554,0.40510902132064647,0.23851068009864942,1.3156303166711496
2023-05-09,-1.089956668608691,0.250788855687737,0.4670754241506866,0.569308189936481,0.5624758303823815,0.5972026249068336,0.5551612417641655,0.5231175047916151,0.38912473384967056,0.2220207779172435,1.3119774465259346
2023-05-10,-1.0966043018445473,0.2537851385711472,0.47215819217366445,0.5756481679821035,0.5704814365589738,0.6054045434716122,0.5618486355400332,0.5303328845031381,0.3938849357389501,0.227991474772444,1.3245957766169913
2023-05-11,-1.095582077425493,0.2579244844993505,0.4777732257258882,0.5824599739702364,0.577687900749401,0.6106295456789871,0.5663383159869348,0.5364448412640945,0.4009682971154764,0.23421032793809438,1.3297924053635874
2023-05-12,-1.1061550791692718,0.25004186518838145,0.4674317745585804,0.5728911523123462,0.5682800008510721,0.601510516743728,0.5562609850542883,0.5268397738899292,0.39223095469090646,0.2257152760689568,1.3318703552382287
2023-05-15,-1.099385133544233,0.2597865075399068,0.4762387340341543,0.5816633787572897,0.5787676248462007,0.6143680111235124,0.5662113825958314,0.5362915540940395,0.40143058156790634,0.2342302794209904,1.3336154129652236
2023-05-16,-1.1104209300395504,0.2513276288449829,0.4672382258222666,0.575451279361615,0.5724899918441468,0.6060708464883033,0.5621214759359976,0.5313304914303131,0.39564327975181446,0.23112951838383552,1.341550448423386
2023-05-17,-1.1019716083475855,0.26139087719789794,0.47661642136962845,0.5866434476556477,0.582278594885184,0.6161086004355028,0.5716728644559176,0.5422197079872769,0.4072672039805146,0.24193075097525307,1.3439023593228385
2023-05-18,-1.0974232847511882,0.2688449022947025,0.48185860434153366,0.5905089423889986,0.5872106898352338,0.6209583264244841,0.5765676587072889,0.5474668909349399,0.4121594072247148,0.24649057296034516,1.3439138577115333
2023-05-19,-1.0965559626579946,0.26851689610745444,0.48265737548878274,0.5912267467222113,0.5893385917406804,0.6227694310570289,0.5782430691683741,0.5499158439797772,0.41423750412679483,0.25051289139523175,1.347068854053226
2023-05-22,-1.0914698568821184,0.2754626617998078,0.4860918156427856,0.5952763068114363,0.5924220521199967,0.6267264892511625,0.5811237344195683,0.5555034070709548,0.41841509570525076,0.25467337219062625,1.3461432290727442
2023-05-23,-1.106548346469978,0.2644901571418012,0.4775649671471474,0.5871890186908989,0.5823176613385186,0.6183320710616227,0.5730454433503346,0.5473061222684478,0.4097386701150221,0.2465494340357693,1.353097780505747
2023-05-24,-1.106223159189297,0.2625654849430816,0.4763755616333415,0.5857543632282771,0.5805055822160323,0.6178281473249946,0.572238397950815,0.5476257490022416,0.4106449270443994,0.24635110792618306,1.3525742671154797
2023-05-25,-1.1032598766725863,0.2631813442865335,0.47961541272090114,0.5850999640450874,0.5788372751571103,0.6177766711161836,0.5721309844201011,0.5467679570367467,0.4085338701854191,0.24277879348431575,1.3460386701569016
2023-05-26,-1.1091210773150921,0.2689754824036256,0.4874205617225281,0.5911791538181457,0.5841823119827357,0.6246535563182409,0.5791740856794428,0.552114215254524,0.4143145121827782,0.24823090766074324,1.3573519849758349
2023-05-29,-1.1159323240232952,0.2632895962000713,0.4815893383488581,0.5843244573816105,0.5787065248406493,0.6215632334642098,0.5752694209586721,0.5511056441797197,0.41329855450461783,0.24953873461008175,1.3654710586333765
2023-05-30,-1.1143692212509224,0.2647529899832597,0.48461060536331096,0.5869555737277417,0.5816503536614442,0.6259606103181247,0.5812168906979568,0.5562948835672191,0.41943023106906246,0.2608592341630849,1.3752284554140068
2023-05-31,-1.119381181060552,0.2620423439292995,0.4810145105653676,0.5850700974665111,0.580793011838889,0.6232604155870319,0.5795070224835694,0.5542536017619552,0.4182383873480712,0.2605387024133426,1.3799198834738942
2023-06-01,-1.1217440028647065,0.26253011918302915,0.4833356276999821,0.5881399020177208,0.5835814392795957,0.6264462910257395,0.5840983819226614,0.5576265105479798,0.4248536827678474,0.2692973456046982,1.3910413484694042
2023-06-02,-1.1203945837043636,0.27192804561154366,0.49246792680730367,0.5983213828569692,0.5915536535978265,0.6336112237383691,0.5928633765422222,0.5669666572982832,0.4326637520624286,0.2771799758742028,1.3975745595785658
2023-06-05,-1.1194342644939597,0.27337843548663915,0.49471047688223,0.6017671034662543,0.5936172294663388,0.6384543616618065,0.595446050796096,0.5750980793756398,0.43773565390116126,0.2822426585660251,1.4016769230599841
2023-06-06,-1.1400869913113283,0.2509938192251718,0.47474198985998056,0.5814954120801505,0.5748856090427202,0.6174000674992067,0.5756298083666158,0.5525803666962856,0.4171443061195531,0.2632832288151158,1.4033702201264435
2023-06-07,-1.136784703075696,0.2521111650434953,0.4774262060425582,0.5853807513318533,0.57991457302739,0.6223567098799708,0.5819422593280987,0.5596956930826441,0.4210380374025555,0.2677668180893231,1.4045515211650184
2023-06-08,-1.142663763859247,0.24837686808078813,0.4749054468523327,0.5795199414356805,0.5750186498408093,0.617018237664323,0.5771295874679445,0.5557337764365118,0.41454338175857464,0.2607525156697066,1.4034162795289529
2023-06-09,-1.142271547499175,0.25150768409687957,0.48148114640978834,0.5865213561299825,0.5795239273889059,0.6232012785422067,0.5843850461764072,0.5617643397730261,0.42079460070731367,0.27046558136311616,1.4127371288622905
2023-06-12,-1.1396181203993385,0.2573655507110374,0.4909323156847646,0.5934203926382509,0.5878957326634296,0.6328808878274602,0.5920706353972313,0.5688116336505683,0.42825660327541715,0.2770453038975205,1.4166634242968583
2023-06-13,-1.132263378012376,0.25897761296188876,0.4943784102926465,0.597250286720596,0.5903553004656718,0.634412733068367,0.5962332217744853,0.5716023119917742,0.4338475189759739,0.2866547016141268,1.4189180796265022
2023-06-14,-1.1276874635920888,0.26247495343178306,0.49471834312962354,0.5987996102176304,0.5904291187581122,0.6345276778632732,0.5979386217296576,0.5715645659868789,0.43165423614955545,0.28475627370697915,1.4124437372990672
2023-06-15,-1.1292699722667547,0.26687827906135464,0.4989293494982745,0.6043674276140308,0.5966123568574843,0.6394976652681119,0.6039433267397342,0.5748982461016615,0.4362349936977918,0.29063168388929483,1.419901656156049
2023-06-16,-1.1227058988802603,0.2719993874350691,0.5057440823735961,0.6116666233355037,0.6031162930143551,0.6460095179588026,0.6116556644793961,0.5815752802979471,0.4431247394082024,0.2975658971511461,1.420271796031406
2023-06-19,-1.1152794235471253,0.2785530706306535,0.5068731755621996,0.6119020613789681,0.602212739213129,0.6451779571984912,0.6111601197547846,0.5789199606696878,0.438946762836503,0.2946991134252122,1.409978536972337
2023-06-20,-1.1178548375374484,0.2733151727681038,0.5040394965121616,0.6088054082658977,0.5974542617882668,0.6406628350314206,0.6086252182223592,0.574159158178239,0.43521590984247743,0.2923394571431144,1.4101942946805623
2023-06-21,-1.1332649157333121,0.2569699586523212,0.487511561321929,0.5912642373199319,0.581598862598861,0.6264029200503961,0.5926825516874678,0.5577505951893376,0.4199929157582201,0.276715414073827,1.4099803298071387
2023-06-26,-1.1548461964552599,0.233225514377621,0.4636290766102935,0.5722199876134842,0.5649890126236755,0.6091217042182617,0.5757158087108311,0.5423362548168204,0.4049418191765536,0.2661508894092877,1.420997085864547
2023-06-27,-1.1436329827670149,0.24971942766745509,0.4818493784413673,0.590606857741554,0.5835109302064052,0.6295631551243669,0.5953305655561375,0.564068626864119,0.4252969120404272,0.286646698551301,1.4302796813183154
2023-06-28,-1.1436467471885825,0.25213690469663336,0.4826687757231389,0.5917321821887792,0.5829282287100089,0.6280684585022711,0.5916689442895311,0.5576026660512501,0.41807452411533563,0.27407487274691256,1.4177216199354945
2023-06-29,-1.1315716295738767,0.2665271042561602,0.49816226364401656,0.6034806963814805,0.5940011617506112,0.6368502764311759,0.6004423816328637,0.5656506459103305,0.4237860316533814,0.27416773249259424,1.4057393620664702
2023-06-30,-1.1191847679822589,0.27683900376396076,0.5095477262680285,0.6155983514408973,0.6055933458419303,0.6496517864528847,0.6125210359505857,0.5793783600205114,0.4364969734464316,0.28654800903533995,1.405732777017598
2023-07-03,-1.1161035842418365,0.2808329994116024,0.5156277881747904,0.6179274659980488,0.6107629100606219,0.6552480932601579,0.6144726652613345,0.5833784622586601,0.43972137131900907,0.2905552914809779,1.4066588757228138
2023-07-04,-1.1122710986710427,0.28868385758591125,0.5234980422340739,0.6253962339811047,0.6176586886511077,0.6618120389531348,0.6220155211970524,0.5898956307826618,0.44479532844236574,0.29471186090416573,1.4069829595752077
2023-07-05,-1.1201295645555485,0.2829531044583461,0.5168265447778317,0.6201905321706863,0.6118724503658983,0.6555096096726886,0.6167459763573425,0.5835596811163379,0.43919468632089625,0.28581358176891725,1.4059431463244652
2023-07-06,-1.1210533852781412,0.2812294645690636,0.5166583478702129,0.6203195590145281,0.6110337558296531,0.6544220692640008,0.6148948514149373,0.5834116868117981,0.4380171593756585,0.28553709938055655,1.4065904846586972
2023-07-07,-1.1292170665443477,0.2772958427659057,0.5117604644099724,0.6146194277256845,0.6055798990921706,0.6496604705929805,0.6098824962419449,0.5786327529438167,0.43455054798649323,0.28016936690199384,1.4093864334463408
2023-07-10,-1.1307031788961535,0.2764487466027665,0.5116433245905501,0.6146233445092691,0.6072297926736905,0.6511791032137494,0.6108297119801855,0.5812274765239426,0.43737546687186724,0.28390033105213597,1.4146035099482888
2023-07-11,-1.124974931927713,0.28566855922527323,0.5201561808520694,0.6254533283962248,0.6163290616072654,0.6607132068552051,0.6194915746725735,0.5910812198240211,0.4437790671195421,0.29052366882628905,1.4154986007540011
2023-07-12,-1.1323194339902851,0.2756056678308762,0.5089611351007414,0.6131770311006526,0.6050138223117392,0.6503210370065963,0.6077463971895299,0.5796172902919948,0.4273540005269231,0.27384582803130625,1.4061652620215905
2023-07-13,-1.128041181268328,0.28626956350312194,0.5200031560662309,0.6249738763490006,0.617987244977193,0.6621474256513515,0.6191856922945443,0.5892748260114379,0.4374865158505512,0.2851732944507327,1.41321447571906
2023-07-14,-1.1287901867293706,0.28402485927946214,0.5181417574990299,0.6250864568301012,0.619945893136982,0.6602146198789342,0.6168126727740331,0.592044511838814,0.43856201221620317,0.287030567241179,1.4158207539705487
2023-07-17,-1.1322118192392328,0.28267298407240704,0.5162941258037511,0.6224361810868425,0.6177210218533273,0.6568500124620453,0.6147970320878602,0.58996820871477,0.4364270133724117,0.2854322944253291,1.417644113664561
2023-07-18,-1.1342121790189683,0.28367548779658813,0.5178333133769774,0.6252692404120794,0.6191547953245469,0.6575044573874123,0.6147055735578887,0.5902873739525214,0.434831266159139,0.28207332488068904,1.4162855038996567
2023-07-19,-1.136365916725413,0.2826407757309056,0.5174881457361998,0.6242761368796618,0.6171979793065938,0.6553002511485304,0.6141592182348873,0.5884597844054494,0.4338080100624128,0.28018615761279136,1.4165520743382036
2023-07-20,-1.1480194252436224,0.27271206010835003,0.5046669015565737,0.612679297060609,0.6053491451604799,0.6443148047554164,0.6038132392022635,0.5776744000350335,0.4236955453337212,0.2664661526945538,1.4144855779381755
2023-07-21,-1.1557129543018798,0.2680875535734604,0.5010384216278285,0.60814725381295,0.6041047370398895,0.6405045959002964,0.60113535968047,0.5770273211266205,0.4216702369556338,0.26479868975721865,1.4205116440590977
2023-07-24,-1.162774691373584,0.2669827267205771,0.49958583601602347,0.6075035813865315,0.6048899395196295,0.6426659964445148,0.6026609136144092,0.5785654991058851,0.42338713488333113,0.26686385251896116,1.4296385438925443
2023-07-25,-1.146755875164884,0.28145616725047845,0.5142422691499927,0.6226384220834633,0.6211815997118132,0.6603501984663873,0.6209521986837377,0.5960250862522939,0.4406688187357439,0.2842845579289894,1.4310404330938726
2023-07-26,-1.1417672254218503,0.27979201964071987,0.5104281600410467,0.6202210329415252,0.6167797709860515,0.657391087558849,0.6154077953716386,0.5895855341312414,0.4323637431243268,0.26992022349648664,1.411687448918336
2023-07-27,-1.1532397827848275,0.27220453503262787,0.5036698105959783,0.6132486650773196,0.6108693399159362,0.6501631647728947,0.6078158260414775,0.5835539542166841,0.427369619622377,0.2639361335298744,1.4171759163147009
2023-07-28,-1.147628534803012,0.2821298124027586,0.5129162275088482,0.6220799230680518,0.6202702600746675,0.6571361315744749,0.6153151815754836,0.5905610486548899,0.4332932308776397,0.26755467550792,1.415183210310931
2023-07-31,-1.1389441837743894,0.2924847790761311,0.5230083639537103,0.6305313212193395,0.6294350861853015,0.6652179327683235,0.6223096005136781,0.5954809528027817,0.4395055076785356,0.27380289241445016,1.4127470761888385
2023-08-01,-1.1465296547553279,0.2891201371224837,0.5185853233692014,0.6273711435931268,0.625152467781797,0.6638859573572763,0.6204713902394668,0.594758511517564,0.4380593284954621,0.273618676288809,1.4201483310441358
2023-08-02,-1.1505751632763226,0.28693663982578743,0.5150013633068452,0.6255840846170305,0.6230560638507097,0.6622420408831308,0.6180620779988287,0.5945347285678004,0.43904247887366754,0.2765936615855852,1.4271688248619068
2023-08-03,-1.1506197004004133,0.28877171391980716,0.514978308015422,0.6260934393951383,0.6219135408391334,0.6624476377581142,0.6166059351335653,0.591994020793797,0.4365266144519795,0.27428961381966105,1.4249093142200735
2023-08-04,-1.1529619679016672,0.28521028029570805,0.5117204085161591,0.6245379589657638,0.6223736914510063,0.6642097239289633,0.6190419161389747,0.5960584169980283,0.4421282606024043,0.27987976967757155,1.432841737579238
2023-08-07,-1.1567381565087471,0.2766117554038684,0.5039296578512084,0.6157087069850025,0.6124412687024116,0.6575946005929891,0.6141371181446986,0.59049254034042,0.43881443964722566,0.2785342976692363,1.4352724541779827
2023-08-08,-1.1602196314304811,0.276318921062816,0.5021261830296354,0.6143934494458279,0.6092623812225246,0.65569633136684,0.6126432782764757,0.587628189759169,0.4381721055793941,0.27754395285329647,1.4377635842837768
2023-08-09,-1.1646705424052284,0.26817364241778613,0.49476917958815475,0.6068658594595038,0.6025588856149644,0.6472573807723548,0.6035093227186793,0.5806216952197913,0.4285750286483796,0.2698267575096588,1.4344972999148864
2023-08-10,-1.1649835396500536,0.2699219480718001,0.4961962995466559,0.6101142373559136,0.6057955481555737,0.6530179500658405,0.6072848575087771,0.585379319171929,0.4328224864773778,0.2742133831099714,1.439196922760024
2023-08-11,-1.1816731799168123,0.2538161332262517,0.4797795661181455,0.5938326983824685,0.5895345104014051,0.6364237987496789,0.5903217096863388,0.5685294169305344,0.4170311758512666,0.2578019343743919,1.4394751142912032
2023-08-14,-1.180025825415349,0.25681163674703616,0.48122885844161,0.5976101343125001,0.5938045551216308,0.6404225742245974,0.5943254681043855,0.5738648724885257,0.4218346252438393,0.2640491577030146,1.4440749831183626
2023-08-15,-1.1877467835809294,0.2504199631135381,0.47552372813413807,0.5929387834634422,0.5877963576865384,0.6337995020052485,0.5870196776081208,0.566435044936251,0.4150225262413413,0.25705400035368053,1.4448007839346089
2023-08-16,-1.200552142235371,0.23840572514144237,0.46213172850922324,0.5813141998250022,0.575761665846172,0.6223159424881635,0.579048859712299,0.5591875217514259,0.40813323750226976,0.25463127117913925,1.4551834134145092
2023-08-17,-1.19249979168535,0.2502675211623134,0.47319006699449345,0.5943085700013038,0.5897051951415166,0.6358992602249398,0.5941198543295273,0.5727217601932196,0.4217749733523022,0.27080291123339506,1.463302702918744
2023-08-18,-1.2016466244647273,0.2395184094363412,0.46332871021441185,0.5814693566430528,0.57577802292201,0.6221256923099602,0.579960730394591,0.5560877803010102,0.4053316983237003,0.25142714578109876,1.453073770245825
2023-08-21,-1.2062037127070153,0.23326796656939439,0.4570038701837786,0.5735213936882625,0.5686960353925276,0.6149657634866931,0.5725343293345357,0.5485155050016431,0.399548039487658,0.2455410533542468,1.451744766061261
2023-08-22,-1.2092296009985959,0.23495318320226952,0.4591053063636913,0.5775105954149794,0.5721885971978552,0.6165932736310834,0.5770739063257484,0.5510681167500747,0.40411080341976147,0.24985562934288078,1.4590852303414756
2023-08-23,-1.2243521801540205,0.21905738193972404,0.44089526422201963,0.5592631714132945,0.5543494341775191,0.5972395317710576,0.5573126921149565,0.5345075131751529,0.38889198329657343,0.2334373990616415,1.457789579215661
2023-08-24,-1.2296816918732183,0.21646914554334473,0.4402226799881683,0.5566647505299548,0.5556376142540295,0.5978185966275336,0.5563360926391521,0.5350047911604286,0.38959547340073425,0.23427700114427363,1.4639586930174908
2023-08-25,-1.2511378102564534,0.1961807088149738,0.4192251987275229,0.5365892099106135,0.5378418259897053,0.5777650184321569,0.5380263362729013,0.5161239891841731,0.3735130637161523,0.21739842305021642,1.4685362333066687
2023-08-28,-1.2431831932546724,0.203884914467782,0.427903693927169,0.5455374887840977,0.5474572959481121,0.5873929563215223,0.5460082699172507,0.5270274762539162,0.38161634834711267,0.23088517970484942,1.4740683729595208
2023-08-29,-1.2030753721426208,0.23943576533019215,0.466396318154148,0.5820542500667442,0.5837194350237931,0.6240191286306802,0.5823026829063969,0.5620755173807143,0.4133106706687059,0.2678807356218007,1.4709561077644204
2023-08-30,-1.1845246207246658,0.2579773001786238,0.4821174509144446,0.5956068689203242,0.5932380215043228,0.6294611177203873,0.585345857629253,0.5607855941218886,0.4077196648741125,0.2607369767544319,1.4452615974790965
2023-08-31,-1.1887696874744864,0.255163108358442,0.47785337184875193,0.5900556427809328,0.5868990173756767,0.6233080367735311,0.5769999068063352,0.5550362975813198,0.4018929770299595,0.2581547613454923,1.4469244488199775
2023-09-01,-1.1929157944225783,0.2572806014361205,0.479355845436176,0.591018488285188,0.5897467768914377,0.6240225136679097,0.5780116920523275,0.5565715175273787,0.40189895321861296,0.25588668848964485,1.448802482912222
2023-09-04,-1.177500411608695,0.27333247421925483,0.49369673347027343,0.6022279828805748,0.6025936254429864,0.6387665167871114,0.590092402984647,0.5688797832050068,0.41412113258215894,0.2673503182422771,1.4448507298509707
2023-09-05,-1.1847281789158621,0.2686573178462315,0.4891386207363554,0.6002126885607898,0.6001704584946719,0.6348867051516722,0.5862272937296392,0.5641433206445083,0.4083196751328419,0.2603543078184725,1.4450824867343333
2023-09-06,-1.174869781883303,0.27639263155953875,0.4953453857695948,0.6057546962617643,0.605293406875077,0.6385293687600733,0.5903609531053966,0.5672908635577512,0.41121617646722525,0.2632573917906606,1.4381271736739623
2023-09-07,-1.200153438491329,0.25738674959394237,0.479031079771395,0.5892951465534535,0.5897421043877364,0.623815998878396,0.5742793450283527,0.5510780819592573,0.39585718237153844,0.24720153976598885,1.4473549782573165
2023-09-08,-1.1984858219457406,0.2605666238048429,0.482216777379818,0.591156602154099,0.5918607857767402,0.6271702796187784,0.5780641788069173,0.553541848573967,0.397306127707351,0.25033871222740034,1.4488245341731396
2023-09-11,-1.1990563674371373,0.2661876694617138,0.49039375747778835,0.6017061957083171,0.6024625282420132,0.6392862444085458,0.5884676359646577,0.5646865634352578,0.4100738831574651,0.26275645834522715,1.4618128257823633
2023-09-12,-1.1979996245720341,0.2692107936271215,0.49108428076134514,0.6000610557358126,0.6014039840690009,0.636787664247573,0.5865122217961479,0.5620326018020058,0.4082090756758322,0.2590171214224319,1.4570167459944647
2023-09-13,-1.2138061833563232,0.25804935787141126,0.477775834957178,0.5890349721126378,0.5899803058065682,0.6252379027439902,0.5752185478205369,0.5522546535081669,0.397752506544179,0.2533815308984203,1.4671877142547423
2023-09-14,-1.226001331908961,0.24814987305455527,0.4697687463316172,0.5812837272597627,0.5827546895510294,0.618633855766426,0.5682890295209847,0.5447008417707775,0.39210160618741907,0.24353087023943046,1.4695322021483903
2023-09-15,-1.2295124262038273,0.24676173410118687,0.4699577225680534,0.5837955296741866,0.585531460449264,0.6219391159064991,0.5714618073275909,0.5471945582351742,0.39453680586296425,0.2444620227859061,1.4739744489897322
2023-09-18,-1.2278138858262062,0.25125588877121585,0.4758534187253885,0.5902714434698016,0.593110901882772,0.6324300875239963,0.580445725458084,0.555916192957337,0.40133448458786203,0.2534273820123855,1.4812412678385904
2023-09-19,-1.2431660497997,0.23806614406757784,0.46426790105031784,0.5798955061731795,0.5825270909371617,0.6231680870871741,0.5727985915148812,0.5486850747037355,0.3921381807213058,0.24337730920002387,1.4865433589997226
2023-09-20,-1.253185609147269,0.22909133704052298,0.45579461653404624,0.5720980974720747,0.5755371883851613,0.6149694069194322,0.565381296700838,0.5426727760365518,0.38639487672776607,0.23923349758753132,1.4924191067347992
2023-09-21,-1.2616392578716327,0.22303461325429616,0.4484305090019629,0.5652000283453943,0.5676862836643132,0.6072298747753471,0.5592612899988222,0.535164572676565,0.379224572854246,0.23324502043433587,1.4948842783059673
2023-09-22,-1.2476380271083436,0.2406753178878395,0.46414731772097484,0.5831893289806663,0.5873566934440043,0.6279331495619281,0.5806605621881593,0.5557224074262639,0.4020300765677364,0.25548922034107235,1.5031272474494146
2023-09-25,-1.2541720972217807,0.2349117446229561,0.4586441613755968,0.5793915323914172,0.5839854383701717,0.6249660054267423,0.5776940766191243,0.5520384706676191,0.3980075597108449,0.25261116488713287,1.5067832621089123
2023-09-26,-1.2575870298658578,0.23213537050448196,0.45563737942091104,0.5744068753621897,0.5800938048647865,0.6209018924503653,0.5729479109906292,0.5476655489663744,0.3929523699728984,0.2478626185243571,1.5054496483902136
2023-09-27,-1.2544275377863245,0.2384261136777242,0.46133078357831075,0.5796957958267221,0.5852844083719436,0.6261519190885906,0.5771727674760655,0.5505933235729983,0.39473105283605825,0.2498267088450885,1.5042542466314117
2023-09-28,-1.25057772455224,0.24495749374909478,0.46847761635466145,0.5887645522824316,0.5937943163168891,0.6371857260892358,0.5865325175573833,0.5625952586812786,0.4092820984150225,0.2652956009480189,1.5158733255002577
2023-10-09,-1.252242944123655,0.24171427051472497,0.46338216735404525,0.5825402964989509,0.5878256000107627,0.6343572012837442,0.5795238943515222,0.5576642325264409,0.40375487919102715,0.25609559804630244,1.5083385421699562
2023-10-10,-1.2551749383015747,0.23747422072252342,0.4577028990644144,0.5770558318662973,0.5813265127537217,0.6299363623238601,0.5747545599388971,0.5574594479274951,0.4053496715396403,0.25861575740452764,1.513790695706101
2023-10-11,-1.2568261180008211,0.23923301683111528,0.4608095887743269,0.579331434378791,0.5820898681317189,0.6333040846819548,0.5780527484066836,0.5611332216123751,0.4105084414991409,0.26557729746046677,1.5224034154612864
2023-10-12,-1.2536377522131184,0.24213032994262998,0.4646988518258762,0.5867925767461859,0.5879046255744624,0.6401658339753298,0.5837591187726464,0.5679723549850295,0.41793370108759426,0.2711514218767872,1.5247891740899042
2023-10-13,-1.2573889875830104,0.23496127938594297,0.45947697491632183,0.5802702054601492,0.5796728114549828,0.633713946316317,0.5770525466905778,0.5592747457892303,0.4090362361633369,0.26280107864863256,1.5201900662316417
2023-10-16,-1.2632259502760521,0.2280587718112699,0.4524647768781381,0.5730741582172346,0.5718376942512927,0.6258355363222341,0.5719460099600266,0.5532720168013427,0.4019483533512296,0.25565709074819265,1.5188830410242433
2023-10-17,-1.2667162366564837,0.22530879285826091,0.4502439055468028,0.5717151710481146,0.5708514410212646,0.6260926409004287,0.5718479745518731,0.5519847809211167,0.40030780734213134,0.25472354303848066,1.521439779694963
2023-10-18,-1.2823335600760664,0.2085607051190057,0.43187414381526423,0.5543604903783671,0.5513144477905934,0.6068029033407498,0.5531336487064402,0.5339271541555244,0.3818183423234748,0.23609319526841177,1.5184267553444768
2023-10-19,-1.297736212508225,0.1998833104807216,0.4231464227575853,0.5473606856386867,0.5447138366693047,0.5996418340817461,0.5460776836408486,0.5256667664806911,0.3728401380014158,0.22540928811862934,1.523145500626853
2023-10-20,-1.3130685399467124,0.19087295015251443,0.41527740896621457,0.5385271947167437,0.5357783079447577,0.5913344848876436,0.5384333924500914,0.5183489929045302,0.36324887330013134,0.21471405756707784,1.5277825975137889
2023-10-23,-1.3330662330921155,0.16438761644317518,0.38808822424923906,0.511894427617682,0.5104719531793461,0.5675849096722828,0.5124460145047663,0.4962971690007285,0.3398189162769447,0.19253802234814085,1.5256042554402551
2023-10-24,-1.309594698074778,0.18979811194749768,0.4141339610144239,0.5379293124443316,0.5368717091284924,0.5940376831953758,0.5368856798107674,0.52110962442184,0.36153998444458546,0.216245439270958,1.5258401373457346
2023-10-25,-1.298025543482206,0.2016937826776002,0.4282677178698326,0.5530024119860937,0.5510642515391683,0.6064201198489749,0.5505829881992638,0.534951802910261,0.374644076998786,0.23088333595851587,1.5289088794407204
2023-10-26,-1.2942663220511061,0.20338463194264744,0.4327708690559118,0.5563683730648485,0.5532595220292728,0.6108143058546761,0.5535814616488185,0.5374630255954937,0.37689769505039145,0.23267500604833713,1.526941328099442
2023-10-27,-1.2869306980871495,0.21602990896501975,0.4474304575788227,0.5725678042405328,0.5690592970045866,0.6262122495209411,0.5700539217351859,0.5536571058821554,0.39357768823839917,0.2503223041984556,1.5372530022856037
2023-10-30,-1.2729345734884878,0.22968692011893127,0.45966014267407856,0.585292418676655,0.5818900187886691,0.6396001499353493,0.5828782278227953,0.5658146252181979,0.4070650485283426,0.26217643761094467,1.535111011099431
2023-10-31,-1.2777764519004178,0.22552752944842924,0.45656637722368293,0.5830728802353728,0.5789367210739738,0.6366787828187501,0.5788150765851179,0.5617024912149156,0.40253232151512003,0.2554751285893781,1.5332515804897944
2023-11-01,-1.2784965004033109,0.22640044853133237,0.4586095553525305,0.5853479174936914,0.5808163046907082,0.638312202910315,0.5810342380221843,0.5661484506476537,0.4051512103843218,0.25811421612710944,1.5366107165304188
2023-11-02,-1.2863690425933845,0.2169845257624129,0.4486206190453494,0.5751605519441496,0.5703381532127852,0.6274554481976974,0.5691024498548406,0.5556831124713433,0.3933014266879705,0.24508938374657824,1.5314584263399613
2023-11-03,-1.2746622835013666,0.235690524049901,0.46496040329253224,0.5911830048826172,0.584736529745446,0.6403619358056652,0.5803405191829764,0.5660086738396564,0.40285701067231383,0.2531972671088097,1.5278595506101749
2023-11-06,-1.2500154731213886,0.2588878929741586,0.48692432616648534,0.6115070599874534,0.6040120785529077,0.6589056447552327,0.5965877818216834,0.5853509050471032,0.4218195470841224,0.2749174974571482,1.5249329705785353
2023-11-07,-1.242875314165473,0.2633587729524572,0.4918581075032062,0.6155753288499873,0.6067761802786392,0.6623735085951683,0.600759876356866,0.5898324657304047,0.427685966051468,0.28179533534613266,1.524670649511604
2023-11-08,-1.2417813915805307,0.263997336936909,0.4935410272029499,0.6160515340577563,0.6097593136960252,0.6658820480897567,0.6015706649119583,0.5917769449620663,0.42892719814092245,0.28622545528564614,1.5280068468661754
2023-11-09,-1.2582489204600091,0.2554348821927377,0.4889127681272575,0.61154091672554,0.605453184031297,0.6606954094403201,0.597114030371225,0.5873309892143977,0.42548748995832036,0.2827254818167565,1.5409744022767642
2023-11-10,-1.2670343779119086,0.2524299590110133,0.4882039458598611,0.6108632147498628,0.6047760672424656,0.66059112417409,0.5965299971534498,0.58675008959012,0.42554275931915186,0.2831892929124676,1.5502236708243748
2023-11-13,-1.2604303293061438,0.2612622171543517,0.49649716261996896,0.6225727362687393,0.6149220673833619,0.6718488622555654,0.6077219254498296,0.5973884780225528,0.4390214408388206,0.29522975211903185,1.5556600814251744
2023-11-14,-1.2552482708143975,0.26534627336116856,0.502423009513586,0.6253147474883777,0.6195149852203519,0.6759454263945393,0.6137516413337981,0.6033018613849417,0.44540060724092545,0.3023763270906136,1.5576245979050096
2023-11-15,-1.2521934943989645,0.26968192756498804,0.5062985402902497,0.6303886235431648,0.6265044019921653,0.6831224370455338,0.620530228014643,0.6098719038703547,0.4516358036026377,0.31217897413128826,1.5643724685302514
2023-11-16,-1.2630878504276835,0.2613641171168583,0.4974726064344527,0.6234441338480011,0.6206271297543254,0.6761079739743332,0.613950936572038,0.6031726278892707,0.4449501905853984,0.3052333416405677,1.5683211920682498
2023-11-17,-1.2546852765649716,0.2679343366334356,0.5053689443473434,0.6320271743835751,0.6279012678727156,0.6848814988158888,0.6228061851152196,0.6096386612851052,0.4515475014872057,0.31333724750931746,1.5680225240742878
2023-11-20,-1.2464579927955393,0.2786174557812218,0.5149303428294361,0.6412069271381723,0.6372060681090176,0.6948137606461348,0.6329038649596281,0.6195669139297155,0.46118551944822,0.3226339686639267,1.5690919614594647
2023-11-21,-1.2559658891386762,0.2725768953083507,0.5081192901392335,0.6369209891166437,0.633780220418839,0.690579136451711,0.6284735692163498,0.6148175604359787,0.4551877029862883,0.3162063626684893,1.5721722518071644
2023-11-22,-1.2622441227676653,0.2622950724599429,0.49677413076454446,0.624601578008597,0.6224712155037103,0.6799634372255796,0.6174144122294558,0.6036185124672555,0.4456347867274062,0.3071086735996045,1.5693527963672687
2023-11-23,-1.2626911246395232,0.27136362524131274,0.5079941156672376,0.6362571563677466,0.6336852394773895,0.6924658303261245,0.6284614381114764,0.6142536479961196,0.4574984457543037,0.31798748334622323,1.5806786079857453
2023-11-24,-1.273733752627724,0.25931458106614214,0.49564167251190033,0.6247614913511477,0.6211568075878777,0.6805436816351642,0.6161596691816479,0.6020255335526846,0.4447005369713565,0.30331201089238674,1.5770457635201096
2023-11-27,-1.2749588777618501,0.2604204368020039,0.4975168948072952,0.6253971394109902,0.6221207451554918,0.6799725625856035,0.6164498527616629,0.600487520352309,0.4440211545505616,0.3046251950756966,1.5795840728375456
2023-11-28,-1.2704059362429785,0.26648162155677363,0.5039709422574841,0.6347073610407625,0.6297825536232784,0.6894382128501751,0.6262154747209716,0.6096797799432631,0.45356445661786676,0.3135072950191196,1.583913231262097
2023-11-29,-1.2775375748918296,0.259999042989738,0.4982310840758619,0.629997994072972,0.6247082839639895,0.6835207473874922,0.6208318507820365,0.6048904027218202,0.44649936943528795,0.3074316250272668,1.5849691999190951
2023-11-30,-1.2851218781466376,0.2557351095786456,0.49308526900437566,0.6248194558121618,0.6195525763308449,0.677581161827571,0.6154635879790513,0.5998948763245258,0.44079298478874385,0.30330928848961325,1.5884311666362496
2023-12-01,-1.2880967201178066,0.25604849135834645,0.4961291411402712,0.6275679609046309,0.6248536275595163,0.6829818726163437,0.6230537716525515,0.6081047897474042,0.4529531710326087,0.31967650865196656,1.6077732287697721
2023-12-04,-1.2861571747655018,0.25578022955767826,0.49592670320096516,0.6266681228516964,0.6248671490429399,0.6826713332356417,0.6216913175309987,0.6075646627790762,0.4524684336593416,0.31984861253473024,1.606005787300231
2023-12-05,-1.299766179158858,0.24065226233104842,0.4794966612702206,0.609357850068649,0.6073865803800489,0.6634957382940357,0.6027106388723579,0.5872218118442336,0.4318976702488134,0.29761639286013136,1.597382572018988
2023-12-06,-1.2930331680913372,0.24670839694683355,0.48523543495188826,0.6161826105034107,0.6128733418029786,0.6671047461352101,0.6072915672971162,0.591375830468954,0.43628623947164985,0.30118089040835083,1.5942140584996867
2023-12-07,-1.2961033137223004,0.2428961122416212,0.4821384206357565,0.6119177110853957,0.6092948588518282,0.6631266827212497,0.603396428047138,0.5883353547801807,0.4357082186580362,0.2994355036389144,1.5955388173612135
2023-12-08,-1.3055568602895475,0.2321265967984416,0.473810299361376,0.6008479044462508,0.5995052575883817,0.6545620564736387,0.5939930135207735,0.5794983448493319,0.4279884683806722,0.2934524255128814,1.5990092858024278
2023-12-11,-1.2957504041032242,0.24189526543338713,0.48352377955697246,0.6107443185016082,0.6097525673703644,0.6644639460330338,0.6060935979115468,0.5910283246682538,0.4411843990637829,0.30825853615730486,1.604008940260528
2023-12-12,-1.2911765938406559,0.24618849322015662,0.4884080410774102,0.6135912565286915,0.6133611660275718,0.666725601334399,0.6103910572387636,0.5945498669425524,0.4467600937159091,0.314402978102036,1.6055795719426906
2023-12-13,-1.2960934507401842,0.23978872083544106,0.4819960528108,0.6073884670734827,0.6074790967858681,0.659159648408929,0.6044945396726971,0.5873223956052411,0.4408179181584177,0.30781909197180624,1.6039125427119891
2023-12-14,-1.2993186736890514,0.23823780777509357,0.48023215639190553,0.6061899045993836,0.6059100586138028,0.6575350775517323,0.602034659421257,0.5847525065350803,0.4360383799584832,0.301577236782696,1.6008959104717462
2023-12-15,-1.3045154237044687,0.23450927053318915,0.47508543401071895,0.6020315118364019,0.6024959814458944,0.6539767867098703,0.5970081268455784,0.5797578598107399,0.4320755073306702,0.29812646050179353,1.602641884206261
2023-12-18,-1.3172627066637612,0.22140543370934054,0.4625809862143653,0.5865759336078709,0.5877814289289702,0.6404074328908643,0.5835252340869392,0.5663525503959279,0.4182455082135885,0.2867905730739521,1.6040532797377123
2023-12-19,-1.319031609938935,0.22424957246219646,0.4630472820643623,0.5879809668616638,0.5896632003297461,0.6428981176817745,0.5865803647804331,0.569419198727324,0.42234686094395796,0.29053393313722864,1.6095655430761626
2023-12-20,-1.3274954880995393,0.21480621747571899,0.45472021632888915,0.5782675137531748,0.580099944931202,0.6317180642618153,0.57602749368816,0.5573078894535825,0.4111587671549392,0.2782880393628996,1.605783527462438
2023-12-21,-1.3232927614019032,0.2207270135556223,0.46119357148011875,0.5858516457142833,0.5871051713801924,0.639880154107092,0.5835089905100359,0.5661127459491647,0.41897871225397004,0.28606577984962434,1.6093585412515266
2023-12-22,-1.333885728066854,0.20923736404633164,0.45034646390854566,0.5736082366863834,0.5747179001960168,0.6269912326005177,0.5687259551729922,0.5510252813338443,0.40209954414840815,0.267735776813087,1.6016215048799398
2023-12-25,-1.3370564079137095,0.20417702670237325,0.4459364161543638,0.5713232870016376,0.5711913918182943,0.6242701401779812,0.5645118265622472,0.5481396549452953,0.40009208131912144,0.2674108800028779,1.6044672879165862
2023-12-26,-1.3463493659972467,0.19174980716336487,0.4325236001787317,0.5578310766919317,0.5569951475316318,0.6101442192732333,0.549235488680302,0.5326773713483289,0.3858076692175478,0.25201788602409875,1.5983672520213443
2023-12-27,-1.3427694958627225,0.19816878439990382,0.44238678947093774,0.5661400584703847,0.5665468311758582,0.6186504206825839,0.5579985406172938,0.5399444691525531,0.39266796767608236,0.26106924654402275,1.603838742406744
2023-12-28,-1.330635916692948,0.21326226088968642,0.4613157191588227,0.5853181668068588,0.5873426566981317,0.6400206812244049,0.5810409622120609,0.5618145561743837,0.4143934688962425,0.28245848695945497,1.6130944036524015
2023-12-29,-1.3223550586652046,0.22529577454638827,0.476295500144638,0.5996698724089947,0.6018370720799567,0.6558785203336834,0.5966473980244742,0.5775948936750377,0.43283606080274895,0.3012189847438171,1.6235740434090202
2024-01-02,-1.3248481721654928,0.22622217580871312,0.4767992866576047,0.5992330042712223,0.604629774095239,0.6564793701561843,0.5969118074747085,0.5792669288093997,0.43659487889775456,0.3061926298237973,1.6310408019892886
2024-01-03,-1.3280267593260693,0.22285434131268975,0.4728492783317231,0.5946298791939345,0.5993353202827327,0.6505127379702331,0.5915057583552409,0.5742606507547907,0.433283440258372,0.30151863262748585,1.6295453919535536
2024-01-04,-1.3331289483954798,0.21846444284642444,0.4694316431769094,0.5906562722275033,0.5962615075973645,0.647357137531131,0.5882284266816673,0.5718224421228821,0.4298019621101198,0.29773632075947865,1.630865269154957
2024-01-05,-1.3498193047066567,0.20177103260689097,0.4521692729966163,0.575389386756427,0.5803948061287868,0.6311051438769326,0.5710259024287802,0.5547564503994962,0.41304730222197183,0.2796856116019905,1.629504916308646
2024-01-08,-1.3700192830399454,0.1808150560057445,0.43048221864037983,0.553599532399926,0.5608811930079465,0.6115804607143133,0.5524350566209749,0.536556678105557,0.39429093525454256,0.26463789418329503,1.6346571772232392
2024-01-09,-1.3669539328121478,0.1849668795437374,0.4362736789283004,0.5587054719565023,0.5681661352441214,0.6170403872193796,0.558973164535929,0.54348179644494,0.4015688199194214,0.2711293049485818,1.6380832377607286
2024-01-10,-1.3747963215882417,0.17895895821654412,0.42779254013784374,0.5483345109894397,0.5594985286590809,0.6083352716753861,0.5508268027277616,0.533440980313006,0.39121861645675027,0.25779341233977393,1.6325897339280147
2024-01-11,-1.357914780391401,0.19871474956338733,0.44605700293994194,0.5663704868400401,0.5769698508257306,0.625247063360171,0.5658287486217245,0.5488057525678695,0.405904662239146,0.27438910931136545,1.6323038897027653
2024-01-12,-1.3672237270424212,0.19006574782639843,0.4395272240295623,0.5590126873606134,0.5709012037510862,0.6192706197709943,0.5588515509561247,0.5417310484243139,0.3981001271944152,0.2650373310018686,1.632261058044289
2024-01-15,-1.36986000998237,0.18816398146004654,0.43825705405599846,0.5570904335401768,0.5686655845135988,0.617651828909822,0.5564622029613331,0.5401359736692051,0.39549146260974555,0.26240126304397576,1.6322612730263448
2024-01-16,-1.3745945352543882,0.186300975179737,0.4344389441970866,0.554218197250764,0.5646578071106667,0.6134477778331808,0.5519686545896251,0.5356013686612241,0.3894542052109863,0.2551948734530243,1.6297894087074116
2024-01-17,-1.3990462048656098,0.16253616703915805,0.4081627701804314,0.5302242477129506,0.5397886411255093,0.5886428708936237,0.5254683617068949,0.5096983856341415,0.3632320672777827,0.2282216481510896,1.6272678530166984
2024-01-18,-1.4051915759951872,0.15088134056083097,0.3975698941216959,0.5199932151396132,0.5312305084129795,0.5816402626100422,0.517720364423563,0.5050017870710702,0.3610536824813112,0.22820477554979518,1.6333963515449814
2024-01-19,-1.4159930984169253,0.14031274967532106,0.3851061442085264,0.5075919350541854,0.5178677277942849,0.5703291353617785,0.5031948658392961,0.49207216412734184,0.3468189662022106,0.2096592322733435,1.625652330690268
2024-01-22,-1.4722515383695167,0.08165724866157067,0.32590141658451577,0.44974420093363,0.45809970671929223,0.5100716501689037,0.44404545207929025,0.43354329357384613,0.290632635889429,0.15270750447742298,1.624959042846939
2024-01-23,-1.47915548453508,0.08030640766716746,0.3266682062556648,0.45033540610008904,0.4605633712544504,0.5140153780436171,0.45095572661242056,0.44027959041133236,0.2982943091500604,0.16180149217540868,1.640956976710488
2024-01-24,-1.4570653651757268,0.09956747810552169,0.3440971684142342,0.46559969174754035,0.4742069454857604,0.5257511219948885,0.465775289025789,0.4534274704482891,0.3085829391191466,0.17174077803486007,1.628806143210586
2024-01-25,-1.421369342741719,0.14146566106304287,0.38372835874271916,0.506492017922912,0.5137398562146956,0.563943131374952,0.5018411976268204,0.48759087299211634,0.34043617893775086,0.2003407718270954,1.6217101145688138
2024-01-26,-1.423024077327721,0.14062348828890586,0.38192733969733444,0.5056789747823451,0.5112435544935772,0.5590111246030295,0.4938897901516612,0.47948896407860575,0.3323790568169879,0.19359040215340237,1.6166144794811226
2024-01-29,-1.451571982276384,0.11409552803687334,0.3538846371741642,0.47640551381659735,0.48219413373046444,0.5274680037221723,0.46091534927690714,0.4483046014962624,0.29741938877391616,0.16367705063530744,1.6152490329116906
2024-01-30,-1.4879540987016415,0.07971695513155172,0.3204123436438756,0.44219506643173934,0.44938687034626207,0.49589642662,0.4301146203675406,0.41730800062805906,0.27001382970548277,0.13814005104087876,1.6260941497425194
2024-01-31,-1.5358235698430145,0.029523181635007126,0.2698213285650387,0.3944645030114766,0.40171292838729766,0.447535400526696,0.386710175800905,0.37249888068635056,0.22533830588458048,0.09135950615951331,1.627183076002527
2024-02-01,-1.555355061156815,0.010470447607511955,0.25240041414883674,0.37686603797294815,0.3861842208795777,0.43404543979179394,0.3757269680574049,0.361965405218956,0.21893999247732743,0.08919271586483575,1.64454777702165
2024-02-02,-1.5961521713212972,-0.03304536457548837,0.20782789589454842,0.33061288912286396,0.3402851341423711,0.39000428603030346,0.33112885440696815,0.31871384808950415,0.17845514908784127,0.05402646974559674,1.650178641066893
2024-02-05,-1.7127596397583538,-0.1445779300646938,0.10467497995136318,0.23425724411851756,0.2543048972167121,0.30766064102284374,0.26001028572848456,0.25184436337394,0.12174578499986559,0.014996883239891394,1.7277565229982443
2024-02-06,-1.714969678658601,-0.12009835945469582,0.14524038308719822,0.2882161756699181,0.31398370722211044,0.37082185612684726,0.3180687982336878,0.3140434112346818,0.17981805692136515,0.0586294001906693,1.7735990788492695
2024-02-07,-1.726327503627457,-0.13047039819679246,0.13259865448514527,0.27919035194553965,0.30162642083301283,0.362714809824645,0.30871314659316607,0.30326044159911597,0.1588822073792741,0.019483083680922317,1.7458105873083785
2024-02-08,-1.6378910640769127,-0.05394439663122083,0.2075057372614246,0.3548793695999122,0.380852083966019,0.43652910796740013,0.3804717929108761,0.37336080187211457,0.22122191059890572,0.0647292931076246,1.7026203571845364
2024-02-19,-1.5903519788054559,-0.002612603999780458,0.2568302698319588,0.39405084813689,0.41166788883004546,0.4581345630583499,0.3977836368105212,0.388479397402998,0.23855690779856148,0.08438528876357959,1.6747372675690346
2024-02-20,-1.5809244521753743,0.011874049490009479,0.26919736835181257,0.4085903514860474,0.4227307235774255,0.46963620510440784,0.40763851930829187,0.39918235083021547,0.24530374996966292,0.08975629989262959,1.6706807520680031
2024-02-21,-1.5736585374549634,0.028585524451782172,0.2889098753243169,0.42978631553314145,0.4401605270799569,0.4886085407440746,0.4240214486585303,0.41609236377689446,0.2608972286512379,0.10297126414266683,1.6766298015976298
2024-02-22,-1.5491228440708837,0.056444174243611006,0.31544684522522565,0.4554358945286317,0.4636669402225636,0.51300281679843,0.446176297123655,0.4367090362807201,0.27986228188857165,0.11697205757029958,1.6660949016411828
2024-02-23,-1.519588352463897,0.09166046951184709,0.34852024366837,0.4874071548598182,0.49410919273328047,0.5399986872237247,0.4699505093642948,0.45825916955117124,0.29807754770772016,0.13225257738969104,1.6518409298535874
2024-02-26,-1.507733268967731,0.10774161616318369,0.36945118887751544,0.5042573663457226,0.5100332479517387,0.5572874491424848,0.4856641451901099,0.4691767028638349,0.3085070000473523,0.1389538257839606,1.6466870947516912
2024-02-27,-1.487030073168607,0.13693226363967673,0.3997471500182659,0.5348733406402845,0.5408301235250722,0.5877151367446113,0.5130332810319851,0.49592869831879194,0.33345592993755924,0.16185439742736382,1.6488844705959704
2024-02-28,-1.566002802003811,0.06312095518275732,0.3282097986860343,0.46400848174332304,0.4757933138844931,0.5279091241067527,0.45488610837974025,0.44270548537990384,0.28688483134692533,0.12436884887190341,1.690371650875714
2024-02-29,-1.5181457115374424,0.11011235511224338,0.3738947434339436,0.5102156851680467,0.5186399688907012,0.5673095538176168,0.49039893262576084,0.4750859304327558,0.3139408092365025,0.14407486700246624,1.6622205785399082
2024-03-01,-1.5156731437437208,0.12479079125114624,0.3903068333206725,0.5255390507072664,0.5333019269176257,0.5807943724757519,0.5034433053937506,0.4859014477214323,0.3207670773047889,0.14838981716483263,1.664062960908553
2024-03-04,-1.5109279704883425,0.12810683138768764,0.3924504526447747,0.5280823994346064,0.5359731719982189,0.5808186024979363,0.502962924984999,0.4858586103895211,0.32363420904334034,0.15194475912584127,1.6628727296141834
2024-03-05,-1.5284067538804922,0.11169418308967563,0.37463528768765664,0.5137832918581002,0.5181940511018516,0.5637904243401362,0.48807250528290325,0.4710741110417809,0.3072536952668238,0.14011802915418142,1.6685247830346732
2024-03-06,-1.5272766278577332,0.11539747694136218,0.38388023321455333,0.5250411861576414,0.5285905043167339,0.5754432801149384,0.4979800605314089,0.48369880908283697,0.31996178426430505,0.1536676188706303,1.680944246728363
2024-03-07,-1.5439041567189036,0.10480983220874339,0.3747457149119657,0.5166247246344384,0.5199243972327345,0.5687848300471584,0.4897148319842612,0.4775242788639213,0.316032607072698,0.1494621857387373,1.6933663424576404
2024-03-08,-1.5383286529482307,0.11637508086871996,0.3893362289478605,0.529594442764351,0.5336999488181148,0.5807784735542957,0.4995352869795009,0.4876291037872294,0.3248660114757938,0.1574123185797206,1.6957409715279508
2024-03-11,-1.5281048136532323,0.13303857208626374,0.40788803404974167,0.548909194725721,0.5543468410554095,0.6008870092997135,0.5186816179911514,0.5102064091344977,0.34840214196923597,0.179369900543244,1.7074747141964757
2024-03-12,-1.5273899505317854,0.13666758435087298,0.4155378154659112,0.5579387576377064,0.5678693769149306,0.6138134483037392,0.5346495320571772,0.5285241471632735,0.3667854469600738,0.20083186877646067,1.7282218193082455
2024-03-13,-1.5305910807949121,0.13656389612568015,0.41425942433507745,0.5577037286733386,0.5675212455825863,0.6160075834490908,0.5363047459126667,0.5332510242053821,0.37262161609458505,0.20757128161985494,1.7381623624147664
2024-03-14,-1.5411257965778307,0.13071284072522343,0.4087119479053337,0.5520760887871121,0.5643896615774683,0.6111819587197058,0.5321404482726019,0.5283354734584377,0.3666458701619482,0.20105784178636268,1.7421836383641927
2024-03-15,-1.5293726263931229,0.14290796556566615,0.41997253465667905,0.5668911153609199,0.5769865466676634,0.6262518931121196,0.5473683937491837,0.5429043349938624,0.38171402504228885,0.21672770075126574,1.746100327144388
2024-03-18,-1.5149063849623308,0.15930944784910014,0.4388689758795688,0.5851348804461567,0.5959003280965177,0.6469342067369506,0.5686073225357621,0.5646129872560741,0.406342547463101,0.2428604063317046,1.7577667912940347
2024-03-19,-1.5237423241680896,0.1521840868053602,0.4341226810504371,0.5812590331838365,0.5918594111260786,0.6441836785162006,0.567531818659567,0.5634270506463015,0.40643314823309884,0.24627988365433148,1.7700222078224204
2024-03-20,-1.5129286657725949,0.16178011409445886,0.4447078582253691,0.591847700398603,0.6025567165931843,0.655735588289061,0.5786261510182219,0.5743138923866165,0.41891086762055685,0.25979820120287944,1.7727268669754734
2024-03-21,-1.5142760508695041,0.16178963575905952,0.4462977483082738,0.5912360019437628,0.6029361995057789,0.6577084285321338,0.5784167404805637,0.5748139203199607,0.42262865502393465,0.2616941412879556,1.7759701921574589
2024-03-22,-1.5251918332437604,0.14624527076943789,0.42942351684850777,0.5754664796537374,0.5877357913933986,0.6415132515793174,0.5639551653464238,0.5601466848194651,0.40921573629548896,0.24909011235388118,1.7742819455976406
2024-03-25,-1.558378433720711,0.12390744270069656,0.4064924540382586,0.5513357414266514,0.5648253028221409,0.6181393663116855,0.5385397333634289,0.5386210111513899,0.382058738799421,0.2249883380529561,1.783366771773666
2024-03-26,-1.5645077679067108,0.11902123517155559,0.4049653213772242,0.5488287934589029,0.5669751566648156,0.6217666350074061,0.54230290630652,0.541942109261655,0.38355401929037236,0.22787621464678132,1.792383982553491
2024-03-27,-1.6086143153704981,0.0800654580014239,0.3703465514804086,0.5153776430857622,0.5349421474466836,0.5910256582248743,0.5134624684196188,0.515313500334961,0.3563110233010051,0.20162811481560272,1.8102424301860998
2024-03-28,-1.5817948847967935,0.11141505341729345,0.39475660946650715,0.5427981277947177,0.5578143011928666,0.6148503193224202,0.535927070756126,0.5352734541501137,0.37429203242678666,0.21721372952544946,1.799008614322242
2024-03-29,-1.5742247036954646,0.12279806794097335,0.40741420445627896,0.5571771955762803,0.5702565222291459,0.6290568886138496,0.5503284714173031,0.5477746274961226,0.3885492733426277,0.22743280454961207,1.8016575082450754
2024-04-01,-1.5569850908833394,0.1395835470874274,0.42653808319259323,0.5797496945612859,0.5941944513418975,0.6534539628650806,0.5749845780707968,0.5739782301533175,0.41347564164606365,0.2538845278189509,1.810869618702289
2024-04-02,-1.5596253109263143,0.14158983143287374,0.4281257365942083,0.5810756697141706,0.5938717771898325,0.6539769818660823,0.5718399800981612,0.5690106474697821,0.40895891840695137,0.24350048655020098,1.803125797476514
2024-04-03,-1.5667925091660513,0.13491316321283392,0.41839109923611084,0.5725694597632813,0.5841288059734252,0.6439779871035827,0.5625240024371745,0.5614328176693102,0.402945554346349,0.2361229821528392,1.8029154913188894
2024-04-08,-1.5933721942138004,0.10869185058636933,0.39590169169908596,0.5474693521147289,0.5578221534586506,0.6207896551342105,0.5388295426636667,0.5377906043145272,0.37943513576552934,0.21478365092358329,1.8081558451373825
2024-04-09,-1.5787032811508672,0.1295022934222385,0.4136516998742664,0.56555164549233,0.5743468938568637,0.6353064453638549,0.5526417987074029,0.5502578690219561,0.39138099345670446,0.22547989655657222,1.8041831777074382
2024-04-10,-1.5960275477335824,0.11234424025483858,0.3943696623462108,0.5471839673565032,0.5529296736142308,0.6156479510780345,0.5292820349293585,0.5267887408810498,0.36646301854760244,0.19955495958277242,1.7955825073163536
2024-04-11,-1.594773499661159,0.11604599020575254,0.3963014229388708,0.5487667972461203,0.5541741697870327,0.6168255376410637,0.5299187104406582,0.5301098453034782,0.3687758911930267,0.20491700164941948,1.7996905013105775
2024-04-12,-1.6016911869023012,0.10979049080610354,0.38890228665621523,0.5407851798009866,0.545468721412901,0.6089659293862766,0.5220163613224532,0.5213053851338896,0.36163234721822485,0.19825896262550335,1.7999501495278034
2024-04-15,-1.6324853478300747,0.08300088410796637,0.35571911865666256,0.5065432444077682,0.5101875362317745,0.5785090238208556,0.49132980043000146,0.48627691405624907,0.326278168001476,0.15905660997814786,1.7915419578082215
2024-04-16,-1.715355723331469,0.0038624015295958963,0.27926254695070707,0.4366030502143923,0.44762647395119515,0.518114637046357,0.4338193004466267,0.4321903937007055,0.2803167656711098,0.11822061351890073,1.8335763368503686
2024-04-17,-1.6278819598811842,0.08738095651995843,0.3572888819986734,0.5073718802781824,0.511188462722083,0.575814266669123,0.48551775625049054,0.47676571478223334,0.31763039090754497,0.15069817744799538,1.7785801373291785
2024-04-18,-1.636898675396329,0.08007581665511213,0.3519505616799788,0.5040389133524652,0.5073179373050447,0.5756922850609273,0.48606874705334485,0.47753747554179593,0.3189197049416439,0.15327918769821422,1.7901778630945422
2024-04-19,-1.6403112106878939,0.07333016386908972,0.34494928133465824,0.49777635876979925,0.5002423924949446,0.5696513552438551,0.4804039767224318,0.47032502704745144,0.31569141184043464,0.14832632647163882,1.7886375371595316
2024-04-22,-1.6553629854183134,0.06305100249874046,0.33643880464365644,0.4904382542988379,0.4988850064482201,0.5656728217139274,0.4767143480980522,0.4658855346481039,0.3144359075749473,0.14294372364043378,1.798306709058746
2024-04-23,-1.6580087952686025,0.06608660950154024,0.3423989515574723,0.4977684683691143,0.5100143204280125,0.5764013492829109,0.48589254360452044,0.4735952189250154,0.321116245953202,0.15208027275017136,1.8100890680187725
2024-04-24,-1.648391290990682,0.07874077077061228,0.3584705699368943,0.5160912363495218,0.5284014777317605,0.5964193167460363,0.5076153351375157,0.49848474864570397,0.34459038874951003,0.17963036186021655,1.8280216528508972
2024-04-25,-1.6521979924831331,0.07779694262263237,0.3626663577349315,0.5176361256920781,0.5332425740067946,0.6024552334926051,0.5137697675438482,0.5044789942362576,0.3519600776677279,0.1893053569507707,1.8415033494339026
2024-04-26,-1.6441176814912601,0.09062852648997435,0.3749948721183866,0.5316911396204799,0.5471082435293512,0.616729140289384,0.5319149858625373,0.5222008437273647,0.3694823492850864,0.2090309722350471,1.853148653726306
2024-04-29,-1.6207367592747082,0.11691131913005764,0.40276553170420926,0.5603591054326783,0.5768138846585203,0.64617459999713,0.5607576921344074,0.5512497947759121,0.4002771755809412,0.23777169980161034,1.8585084590763172
2024-04-30,-1.6281892841985122,0.10947091120254257,0.39668825915351735,0.5537407547245523,0.5721053283983447,0.6401442989019941,0.5554042784368087,0.5465687406859756,0.39242568830799446,0.22804845534883306,1.856237739547344
2024-05-06,-1.6039124574034347,0.1322907375409899,0.41728497450174146,0.5745100822936384,0.5943052303454368,0.6595460871013181,0.5785890126110215,0.5692937444443847,0.41751267332915915,0.2553455721761832,1.8592580295796166
2024-05-07,-1.5980251540183212,0.13775549254214517,0.42077636768460014,0.5801603019741115,0.6001745140309632,0.6660155919139128,0.5867143288645283,0.5773269903789803,0.42867601548738354,0.2659512343700158,1.8639763883883358
2024-05-08,-1.6102228001706311,0.1262182697168212,0.40723001978249335,0.566732406319645,0.5870986883144422,0.6523288715967569,0.5716654454206804,0.5648973992250933,0.41442890473594685,0.2524496145135293,1.8626724146841591
2024-05-09,-1.6063008034762267,0.1407417373917946,0.42096348067034894,0.5815949578815086,0.6027008648566532,0.666511642500896,0.58768698781173,0.5812174320116966,0.431201919589048,0.26957830753209033,1.8758791110083157
2024-05-10,-1.615499796226017,0.13128303606234085,0.4132308741667281,0.5735302194629414,0.594213703396478,0.6570796502028062,0.5756308994373674,0.5684928084041875,0.4190302843051191,0.25879924187729314,1.8742990381033087
2024-05-13,-1.6310487460997158,0.11093469340161599,0.39472621815665637,0.5548480450491164,0.5766229573414247,0.6400803908672192,0.5569428190410646,0.5544968984018329,0.4056576536620734,0.24888189584537557,1.87993064194509
2024-05-14,-1.6307477324081068,0.11581181500585229,0.4023286560138335,0.5624313085159487,0.5878855924138493,0.6526543559909633,0.5683639585198503,0.5645175673993044,0.4142530714500351,0.25963141627515673,1.8903791486832622
2024-05-15,-1.6459013021609907,0.1049724082133662,0.3942997640205893,0.5562030861878003,0.582021675686376,0.6462340572556966,0.5613681230517591,0.5584494042721528,0.40876804954617624,0.2554202229143047,1.901321525075294
2024-05-16,-1.6424055655998158,0.10453326800906516,0.397445155582723,0.5601392368551289,0.5865198274229291,0.6535597216977286,0.5691263466409278,0.5650069673548628,0.41583856739263175,0.262115677984024,1.9045212435838383
2024-05-17,-1.6230467128215242,0.11631074457701918,0.40896979709251646,0.573077181804983,0.599972328013285,0.6665204263832242,0.5820641144548911,0.5779873704558154,0.4289910099999254,0.2748348438637586,1.8978815566852814
2024-05-20,-1.629582638147294,0.11905286675025838,0.4132757368320227,0.5769682475830795,0.6035228078762165,0.6695715940274738,0.5884911039073302,0.5843515472122889,0.43590920859892734,0.2807565666634769,1.9103392048107695
2024-05-21,-1.6404111823189456,0.10993915579013831,0.40340760147310006,0.5669544038329845,0.5945870879627195,0.6589743191593742,0.578891371670656,0.573224526059041,0.4263945889764169,0.27018324655596326,1.9105944288749075
2024-05-22,-1.6357406874584535,0.11404040659917446,0.4083510651256196,0.5733775007462009,0.6001872386929475,0.6643952441936013,0.58404462799046,0.5779513606347061,0.4316230375370706,0.27485003694044957,1.9105907243989018
2024-05-23,-1.6582362635643724,0.09466267501746187,0.3869525431686988,0.5522527654233189,0.5782066157340832,0.6416168979003999,0.563074636571933,0.5563103695822645,0.4101006243857213,0.2523363420123525,1.9105726055767236
2024-05-24,-1.6738210554316526,0.08326212543847511,0.37888038795559825,0.5403256190388521,0.5689963772485066,0.6323933587703333,0.551255531508976,0.5468603227687248,0.40146374563215953,0.24428607554885406,1.9181071309805053
2024-05-27,-1.673907947419043,0.09303462389806313,0.3861854727709634,0.5482893765179054,0.5785259976148532,0.638243053428079,0.5576027349515841,0.5549201324537417,0.40781922259894976,0.25300347219005576,1.9269114196090973
2024-05-28,-1.67901767410261,0.08351337646327044,0.37695277158282947,0.5379169552216753,0.567326784132496,0.6273702167587152,0.5468016232103269,0.5426173143150619,0.39753206846427697,0.24081636148196248,1.9198340355845709
2024-05-29,-1.681520402337138,0.0847930692861689,0.3800695835490427,0.5411881311029157,0.5710880019349156,0.631423899788456,0.5507407169311587,0.5468601437741725,0.40228802076622494,0.24599376299462405,1.9275141653317605
2024-05-30,-1.6928498321528815,0.07525884957847623,0.37319292578111196,0.5366424322949573,0.5661456120460322,0.6272933500578303,0.5478823268441914,0.5426299696611698,0.39834060847070724,0.2407737445090042,1.9336235766618841
2024-05-31,-1.687458160586521,0.08331035099573057,0.3808384325180222,0.5470685595188273,0.5737825311513751,0.6348824269243808,0.5558907655534642,0.548966895109821,0.4042344981126498,0.24711791312904927,1.9345760737155688
2024-06-03,-1.7058828916029645,0.0662909393447049,0.3627666549473184,0.5300755783539356,0.5557100190811609,0.6175025537329293,0.5380113176644897,0.5311641312125053,0.38542042103023605,0.22699051854950178,1.9328734101524647
2024-06-04,-1.7212041239951343,0.05229750534980698,0.3497939810730177,0.5204769491034885,0.5480482566987069,0.6104061442572062,0.5319057751718831,0.5265574902641115,0.3864257070800011,0.2315932531187536,1.9527973771138865
2024-06-05,-1.7448686371712976,0.03327611010245136,0.33010007695829424,0.4998528337548637,0.5297106400988216,0.5918153248960702,0.5144103293827575,0.5087468767369574,0.36825750141499564,0.21534820660657125,1.9602168437778673
2024-06-06,-1.7853115703388895,-0.004477017729079429,0.295528037177764,0.46236328377026226,0.4952002577937272,0.5572772093049254,0.4799566051623009,0.4755489420649183,0.3344610160419359,0.18171551097640656,1.9670270813152946
2024-06-07,-1.7470256730292275,0.029136223968518407,0.324398874865508,0.48602964377700014,0.514265032157557,0.5724858295611315,0.4931731425064719,0.48403402353623454,0.3395987263437035,0.18093893446743095,1.9279646074966568
2024-06-11,-1.7454498019329403,0.031506582553835843,0.32889970519791795,0.49481677589476236,0.5210563959526265,0.5827500963824259,0.5003827704410547,0.4925736661276875,0.3471595597920805,0.18654011867296166,1.9319899206059004
2024-06-12,-1.735857870764289,0.04357452760654436,0.3456475749863151,0.5094579969930596,0.5375695211317044,0.5970070251236272,0.5123260072587321,0.5032999556671844,0.35789629901672915,0.1995109763013928,1.9353688470656802
2024-06-13,-1.7379708798541065,0.03992748733241738,0.3406827761216959,0.505355694050235,0.534850721553393,0.5936897400760719,0.5078099742927732,0.5018542091624447,0.3565084676902793,0.1969806180331181,1.9349514978872229
2024-06-14,-1.745946374757715,0.038021209353898945,0.3390690751937204,0.5057321581367679,0.5356733992045899,0.5966503267621242,0.50975745768665,0.5055899688277014,0.36010415030104637,0.20168372364508774,1.947630098402801
2024-06-17,-1.7478457409927346,0.03664658353576187,0.33648881154619714,0.4996659613552509,0.5304121705439346,0.5912339360072755,0.5025103544776637,0.5003109540116887,0.3539283601587312,0.19478845402456632,1.942634195017299
2024-06-18,-1.7374139369165968,0.04305065807918242,0.34586589949565494,0.5094691484485013,0.5428300017840806,0.6051192821990881,0.518516693194196,0.5170300254861795,0.3718211500038627,0.21259390733325678,1.9500078442498516
2024-06-19,-1.7415375850291157,0.03850137879794796,0.34049802768695353,0.5023407128572441,0.536579082894934,0.598769141980317,0.5119629918570209,0.5088992386426123,0.36394812145074057,0.20589070300672502,1.947428288035839
2024-06-20,-1.760500747869102,0.02110694295310411,0.32329356478783955,0.48425359301563564,0.518472276346955,0.5794335131488743,0.49319625200825024,0.4879985818023782,0.34360436856494975,0.1827056289918224,1.9432063768609225
2024-06-21,-1.7676081846532157,0.019799794624713474,0.3217665928233282,0.4840640550263117,0.5184350465515117,0.5790986274082814,0.49147552114643606,0.4875514987410515,0.3410833525450253,0.18092229764604972,1.9485304822992635
2024-06-24,-1.8039989758291481,-0.016925129124757615,0.2845783508822159,0.4470551620154291,0.48140974286183547,0.5432534178000008,0.45375787471458984,0.4522337844678805,0.3025909460979263,0.1448570125648753,1.9488559883940215
2024-06-25,-1.8053626160518683,-0.014937413717381448,0.2855254199775438,0.448284283330683,0.4821720770872594,0.5451154875275558,0.45430291612798773,0.4532964959193502,0.2998901347274768,0.14386745050209934,1.9492300665539657
2024-06-26,-1.7823179774402602,0.01480162365686139,0.31590209596892893,0.47821841151251393,0.5105550853574586,0.5744442998226659,0.484947837629651,0.4817665339542525,0.331159742718659,0.1733342934444533,1.9556522708847117
2024-06-27,-1.8030847805485473,-0.005259376696192126,0.2967485592086218,0.46006439082248,0.4914781270152069,0.5558616405898468,0.4674249338869327,0.462820971929241,0.3127270382826725,0.15595262650375646,1.9590374070523018
2024-06-28,-1.8035866029527716,-0.0015856942484303036,0.3010571599597715,0.46294542419278145,0.49680891955352985,0.5619836702517473,0.4728263570464476,0.46940447102991745,0.3190408591653574,0.1658678858753958,1.9694544888281655
2024-07-01,-1.7997531413925811,0.00549314854616703,0.3089137043816772,0.471688015980136,0.5057112025142216,0.5700893377267586,0.48305281492978996,0.4789991436246899,0.32886310906634647,0.17449196081154758,1.9742451022041267
2024-07-02,-1.806540202264555,0.00022794089758354594,0.3059351681870978,0.4696563555612869,0.5035256788745561,0.5701019314046827,0.48531061192563274,0.48382726671406884,0.33467292314304997,0.17804715912100588,1.9845873613855587
2024-07-03,-1.822206965900146,-0.009488025287229584,0.2996953329748886,0.4630900348277598,0.4956268048179093,0.5613160052787499,0.4767379099931468,0.47300452606246524,0.32560500518232827,0.1672276800730535,1.9894346459731973
2024-07-04,-1.8519324694065218,-0.0334573174174958,0.27476577200928964,0.4378082863061754,0.4708509339332788,0.5344785818863319,0.45025545221670005,0.4465589566162249,0.29672609354543483,0.13881234627130778,1.9907448156778271
2024-07-05,-1.8386052648501614,-0.0202422727904025,0.286866301643907,0.45070664138173633,0.48369769853494876,0.546202004425068,0.461019617164148,0.45419361786423856,0.30505501413924013,0.14345471593180378,1.9820599807819628
2024-07-08,-1.8633980911856944,-0.045928314938749666,0.2603779030599089,0.4241885000654163,0.4559734830966574,0.51700158552845,0.4333158005473404,0.42760344423404173,0.2802205989086121,0.11895483034251661,1.9823529215282087
2024-07-09,-1.8530706195498299,-0.03604627606474763,0.27260204962185286,0.4381544284827641,0.4709084688478961,0.5356535249600407,0.4545117887588199,0.45123490270177513,0.3077606204152323,0.1500035176569062,2.0030741372067338
2024-07-10,-1.8574354081598614,-0.04312763103011191,0.26540683485039984,0.42944797271900803,0.4645280096426616,0.5268953823251591,0.4465664768369804,0.44581865477324084,0.2985252132174613,0.14328676614103517,2.0007221743008943
2024-07-11,-1.8296728330378547,-0.015102899517416248,0.2979186807407872,0.45953618525893153,0.49659694918391434,0.5598280986404274,0.47950812594533526,0.4785120085116509,0.33052014336540825,0.17357528765416047,2.003248120692013
2024-07-12,-1.8358503798394867,-0.015211897561099865,0.29634005444433736,0.45795602310966554,0.4933259614776171,0.5573538598047523,0.4776048066145342,0.473347061247591,0.3263800204547743,0.16842545127062858,2.004275831110113
2024-07-15,-1.8479102322207608,-0.02803653514296505,0.2834409211720884,0.4429819572421449,0.4773350071651122,0.5406339199259512,0.4622930957823116,0.45848997713875045,0.3098864312221919,0.15240258595031622,2.0003128181710745
2024-07-16,-1.849614471792373,-0.02872358267863795,0.2845145830361161,0.44213921828588226,0.47839475580944524,0.5415336170989115,0.46351233520670904,0.46019613214301613,0.31389123973238064,0.15470031145751012,2.004314783249881
2024-07-17,-1.8656604930309895,-0.04194821362207919,0.27296797953817953,0.42976699354469394,0.4668388591393751,0.5300535538227381,0.45385148843024214,0.45119284039223245,0.30545328249930626,0.14645149707322078,2.012111990104208
2024-07-18,-1.8639269028124303,-0.04159932560792648,0.2730584607429055,0.4280310546339632,0.46508245736324494,0.5303736517340443,0.4549499706826081,0.45087983194724673,0.3032401498651902,0.14582649807203935,2.0097534008844673
2024-07-19,-1.8569398062131128,-0.03481945657459479,0.2820170984206983,0.43522715101365117,0.4731483765359252,0.5373449129344232,0.4605045315766474,0.45552925467068417,0.30883093092012864,0.14969205495922497,2.0066318611723353
2024-07-22,-1.8513044508654215,-0.028401967898231524,0.2859362697627639,0.44016878761201733,0.4767824110331149,0.5398559101812024,0.4666279547653527,0.45883641954016813,0.3122666084989413,0.15572497969682408,2.007029430562243
2024-07-23,-1.869194787868559,-0.04903730834009437,0.2644065283492746,0.41813369978593873,0.45480549288907274,0.5186169827483619,0.44484733019698397,0.4388727957713565,0.29081268581013375,0.13561291540097872,2.004807703269535
2024-07-24,-1.8882775170676507,-0.06587402434621568,0.24793418366818892,0.40249715160726085,0.43900906487192143,0.5031604914890903,0.4293943529865692,0.42506619815825514,0.27710419093391886,0.12223082354962203,2.01050834061727
2024-07-25,-1.887716029090065,-0.062054871446235074,0.2528119467083888,0.40751238139801815,0.4467744461080362,0.5080381597905179,0.43659193558831805,0.42994959268222843,0.28265256052355525,0.12515572601519326,2.0128717551052557
2024-07-26,-1.8770422726916873,-0.04440124968253354,0.2711885344470437,0.42565168690636473,0.4649592671417816,0.5254091284244609,0.4544974701076377,0.44502607348135315,0.3005019504301525,0.13943419430276438,2.0164764669944493
2024-07-29,-1.8732991981592826,-0.04490600450393992,0.27033349932199174,0.4247506175059633,0.46461255299769216,0.5260545951577758,0.45353313848627547,0.4448902235435234,0.300435808559807,0.14599970752696403,2.0192989056862443
2024-07-30,-1.874989266174912,-0.04197917262795745,0.27498840394376234,0.43025325157093414,0.4707950291759284,0.5326469785160551,0.459734286388561,0.45160074312108706,0.30578917669824723,0.15406532624275238,2.029054592417662
2024-07-31,-1.8494791020332586,-0.008844262873268997,0.31007683749317955,0.46624168170697505,0.5072884984089729,0.5691808279036508,0.495767370645982,0.4886239309711772,0.3416878452599412,0.1886016346838321,2.038080736717088
2024-08-01,-1.8550763015711422,-0.013265362501927742,0.30767493759410475,0.46548406148818006,0.5075903166738066,0.5688515027527024,0.5000531388675151,0.4908795796967282,0.346163179519981,0.19373758167002972,2.0488138832411695
2024-08-02,-1.8673153528767343,-0.02365519724119011,0.296283365055882,0.4539777632309374,0.4958247250926307,0.5564897739721366,0.4861927196645704,0.47721860518482945,0.3301811843494846,0.17566822766406703,2.042983580540799
2024-08-05,-1.8904441285257203,-0.04887575147095995,0.27184079991373294,0.42663304457370804,0.4679859945623683,0.5299056105972948,0.46047670493498755,0.451627858895917,0.3058480112400961,0.15332461824005042,2.0437687467657684
2024-08-06,-1.870972141468547,-0.028358235983091017,0.29253044290005636,0.44751069507423524,0.48851413977189195,0.5496378705187972,0.47955050608048516,0.47058458190725166,0.32286866311693735,0.16933084329309778,2.0403029847616425
2024-08-07,-1.8784596039113062,-0.02906516780063071,0.291443664540007,0.44747389615003164,0.48949863045599257,0.5501105437509921,0.48072824550870397,0.4729597409949957,0.32555066539498945,0.1721881476739076,2.0506477515852115
2024-08-08,-1.8914456240579887,-0.035262465469607235,0.2905960104411825,0.44755008494643816,0.4887137720452475,0.5498002342396207,0.4821432322892072,0.4722837224300236,0.3246577494918023,0.1693534004737846,2.060799024531771
2024-08-09,-1.9074698826109995,-0.04372704753880681,0.28246514353934465,0.4395635721157585,0.4826664396448296,0.5447504038449946,0.47583856348658,0.46776828117156694,0.3200315876832564,0.16460406560236143,2.0720739482133586
2024-08-12,-1.9224034497333964,-0.04582440173524156,0.27806835864140883,0.4339200640464549,0.4763948467697344,0.5385420037090998,0.46930075741349025,0.46203389849565457,0.3137997835094233,0.15753011990041552,2.0799335696338095
2024-08-13,-1.9201188891329857,-0.04104726220191882,0.2845457252335821,0.4406073287252866,0.4838708165449725,0.5457732514189717,0.4777564999254425,0.4721298894586233,0.3222685518217626,0.16681321586718453,2.0869321050001677
2024-08-14,-1.9215556307124577,-0.04745706358511716,0.27829741365914706,0.4338144139450582,0.4777461761399852,0.541251934247459,0.47149994712229704,0.46649509995690275,0.31630511091484725,0.1610075891954385,2.0825632199078936
2024-08-15,-1.9133419106325018,-0.04052175898908992,0.2864372866323819,0.44160187078240254,0.48565764243710147,0.550436582322088,0.4813851561400723,0.47525187488474335,0.32674562402067775,0.16909061181046306,2.082432522442962
2024-08-16,-1.909214194350381,-0.04713266771221268,0.2795206968081172,0.43580701147142864,0.47869224520624243,0.5439903624470568,0.47644087277642716,0.46923821406755767,0.3215333372057369,0.16491071885062442,2.0741249132010027
2024-08-19,-1.9208049965659124,-0.052369254134249324,0.2756502192354999,0.43198911595276723,0.47721461833199225,0.541441404993984,0.4723914788956632,0.4662525029275392,0.31929189655605344,0.1636420102774034,2.084447006843313
2024-08-20,-1.9384251443074854,-0.07014215379159823,0.2576952267306804,0.41485900949984145,0.45972165380084445,0.5230134986143521,0.4555990738833536,0.4497109726417284,0.302233790119499,0.14707498483961304,2.0855001291470954
2024-08-21,-1.9462085040333366,-0.07551792961514547,0.25467960251069277,0.41281483324665424,0.4582290061467033,0.5198803883665271,0.4531807648883134,0.44756067656433834,0.30142882403129867,0.14593169471397127,2.092140198747305
2024-08-22,-1.9666238389555883,-0.09056071858111636,0.24000048576941946,0.39848461649820827,0.4428419701141589,0.5057454605099942,0.43925437240230303,0.4338813561566695,0.28586453330323264,0.13139231916662655,2.098016158122212
2024-08-23,-1.9735270107804503,-0.09321541782647019,0.23787914571250732,0.39387731550504457,0.43883924962467746,0.5013418025004311,0.4354183078421188,0.42996309368247504,0.28034359425847144,0.12441467004552804,2.0979416808259757
2024-08-26,-1.965362791729771,-0.08080077947571868,0.2525391161806449,0.4055285183701387,0.4507649199290806,0.5138670306061419,0.44664781785150887,0.4409731930152974,0.2874397239429321,0.13071280110296088,2.096075592832729
2024-08-27,-1.9800592883831356,-0.09509719855421372,0.23965903381488396,0.39115276346077016,0.4365811293837864,0.5000221138757699,0.4316221956846095,0.4283993643705474,0.2737586294689067,0.11526225612735846,2.0953215445104916
2024-08-28,-1.9813628362612354,-0.09027243832501966,0.24440184902007644,0.39689820792984637,0.44283453633207054,0.5059929083724557,0.43736068998969096,0.4332850966418495,0.2784563776609847,0.12051502487836846,2.1018778611396014
2024-08-29,-1.969784073604256,-0.07732042494695433,0.2589488912975017,0.41174642920384613,0.4586385014892771,0.5204603445999534,0.4504551100154698,0.44805564036885753,0.2944129358793569,0.1381338267300496,2.107917900334303
2024-08-30,-1.9557153534761798,-0.05886536073298452,0.27801632699603046,0.4323322847758729,0.47720661190906,0.5395940320976277,0.47006803408397263,0.4680811907016402,0.31592542477686053,0.1613723609537538,2.117087714429931
2024-09-02,-1.9775447339020762,-0.07981062784134423,0.25763594894945496,0.4137323713401033,0.45923740076246344,0.5223388290591461,0.4543106116194715,0.45519818885661606,0.3030582979054805,0.15009163901989445,2.127636372921968
2024-09-03,-1.9696366669602154,-0.07031558904177435,0.26762802164210997,0.42310566251999043,0.46863255259466247,0.5303385347962575,0.46396893691855384,0.46548323845536005,0.31430682549863936,0.15913667403160756,2.1287733409918204
2024-09-04,-1.9740351930895093,-0.07419942268505837,0.26195695467186847,0.42062887811145333,0.4631333745966344,0.5228312458611715,0.4567619207493761,0.45765264090378116,0.3067669572795823,0.14807038352121943,2.122105576610726
2024-09-05,-1.9712769407691297,-0.06719380343253442,0.2691778020250192,0.4287341991327185,0.4723108925721965,0.5315793468073808,0.466005549431839,0.47018409788934473,0.31837396767971815,0.16133429575886696,2.1326112365279943
2024-09-06,-1.9906630247829267,-0.08154881647464235,0.25049990580634207,0.4083429699792851,0.4528535160559027,0.5126897995618915,0.4461960591392159,0.44953696406399246,0.29919175083675276,0.1416513328826462,2.1323143576655705
2024-09-09,-1.9962767491507767,-0.08306687857245033,0.2491897514592699,0.40658563082549554,0.45094780394227124,0.5100421022496626,0.4445586477677337,0.44731257169880334,0.2969815040885883,0.13887078038955675,2.135147529540331
2024-09-10,-1.998984607258189,-0.0803117450831342,0.2542700270567947,0.413421613562977,0.45824923691100883,0.5185965176215782,0.450567188460905,0.4540258336086297,0.30551725284376957,0.14809933312133108,2.1470839403795177
2024-09-11,-2.0082605874284085,-0.08718496288471109,0.24937770790508712,0.40984317830834593,0.45474700967629894,0.5148634007374575,0.4477798199035955,0.4527813923711985,0.3030331326828083,0.14507588985199377,2.1533364772804
2024-09-12,-2.010983824352937,-0.08794962204511542,0.24824697650533564,0.40789964151160457,0.45269258846517063,0.5115452354172564,0.44420022200929576,0.44976983112141616,0.2973889569023705,0.14125908175650798,2.152242906109443
2024-09-13,-2.0204439390797084,-0.09900286423516959,0.23381805510177783,0.3928362516613929,0.4392574436795838,0.49683407946629293,0.4307769823013878,0.4364059702655194,0.2824695758217446,0.1266159223060105,2.147059861385717
2024-09-18,-2.031014572417175,-0.10598922437702146,0.228679154095475,0.38667876529994333,0.434049744816314,0.49187337870298936,0.4258810348808813,0.43024991887534664,0.2769904514109128,0.11932881863222136,2.1503433910493945
2024-09-19,-2.009574579139784,-0.07966556379329608,0.25430408972635854,0.4113490594141629,0.45960766053333985,0.5160663946843507,0.44721908508359043,0.45016134439102284,0.29627179292265277,0.13722769308160732,2.1468022722213895
2024-09-20,-2.011618643162795,-0.08208697872052864,0.25041250741040283,0.40627127423380777,0.45334849432420804,0.5111340194791101,0.4426855308816276,0.44593530706089,0.29339908485579896,0.13449759454076204,2.1461162377035556
2024-09-23,-2.0124429103718064,-0.0808922599079386,0.2525221114471378,0.4083711848866355,0.4547666300136992,0.5132300759529518,0.4456557376471178,0.44821393644331015,0.29593744738304795,0.1373804378726765,2.1498233482444817
2024-09-24,-1.9841438684880361,-0.04808134711733085,0.2887566271757027,0.4435612847482565,0.489666186250504,0.5507001960000387,0.4833651243248086,0.48885087627421353,0.3344390897701222,0.17374193375048097,2.157885802238516
2024-09-25,-1.9718645347834516,-0.03592036785615774,0.29987563073188683,0.4546300341023044,0.5002035054637208,0.560076234132387,0.4950178218132566,0.5017209387718247,0.3460827850907635,0.18800519718977962,2.15986973197323
2024-09-26,-1.937175494721788,0.00035571429968847545,0.335327860925459,0.4909526759635474,0.5365421769496492,0.5948939714032272,0.5308190226757827,0.5340952195150139,0.3783234357990531,0.21806626606040339,2.1552417607821903
2024-09-27,-1.8869836264218718,0.04822298958814905,0.3848827843647398,0.5396966053258228,0.5852435290098454,0.6439502582130677,0.5817440888619332,0.5836608057693905,0.4272758654969701,0.26973593404236346,2.156719560464234
2024-09-30,-1.7530680814641615,0.17484345029641676,0.5040353339730816,0.6564578162291017,0.6981663371991571,0.7542209492003626,0.6866241177255565,0.6833167454245083,0.5218907224760562,0.3615560588245068,2.114624140288667
2024-10-08,-1.6331551002288063,0.29502781341140233,0.6192470144871811,0.7536464498924754,0.7848385019423045,0.8189715317725453,0.7485771184165384,0.7366321045940456,0.5692461743859074,0.4035585854809691,2.036713685709774
2024-10-09,-1.731191481400061,0.1946377415348269,0.5191194105481336,0.6548616329213501,0.6846982848357918,0.7234785757810571,0.6499909717405856,0.639288841167166,0.4745121948762544,0.3059332694680574,2.0371247508681174
2024-10-10,-1.758002954798682,0.1966205345575312,0.5235838777748326,0.6626623944044703,0.6922797241369729,0.7292570231526596,0.6575712092461352,0.6458162861230421,0.4820203760253633,0.31682614533642606,2.074829100135107
2024-10-11,-1.8015155885245253,0.15128607059306,0.4833192069834709,0.6221816816088748,0.6515082997311645,0.6901433241451547,0.6183959868474896,0.6069825420561943,0.44575360106953116,0.2814690954027784,2.082984683927303
2024-10-14,-1.7651311487777763,0.18690003675453176,0.5182585492630117,0.6551120560067039,0.6819259478320571,0.7222529184274927,0.6470592713307949,0.6353903687974616,0.4754246207669342,0.3098185270750665,2.074949675852842
2024-10-15,-1.7824477546201565,0.17067415072227304,0.5021762425874966,0.6378513772132095,0.6642067216782351,0.7040596375051125,0.6299531920176383,0.6175535553233223,0.4595785796817686,0.29474985001546017,2.0771976046356158
2024-10-16,-1.778645255510302,0.17514070152717742,0.5074396645551834,0.6394045420068087,0.6660482637169145,0.7079830971444476,0.6310369532641666,0.6209763067898948,0.4632516745981735,0.3006846863383921,2.0793299418486932
2024-10-17,-1.794168998218546,0.16738951152135978,0.5030217329692951,0.6349869139860309,0.6624789970784792,0.7051867588165608,0.6279554227081182,0.6186496619817194,0.4599824603349819,0.2970818150909128,2.091250813309458
2024-10-18,-1.765141088798124,0.1970768187064863,0.5300124809272069,0.6679912905831885,0.6926052240345815,0.7359636583326614,0.6626930304830384,0.6549401841949153,0.49929793216864143,0.3386714954965795,2.103812584294703
2024-10-21,-1.7438268493790614,0.22098958900833282,0.5511739949136265,0.6884357947897546,0.7103619888432582,0.7530737271320123,0.6802207916959379,0.6648122229161739,0.5112408404636783,0.3479983821407092,2.09182523151977
2024-10-22,-1.7489681719025265,0.22181228571363015,0.5585734136402929,0.694921772725652,0.7220690829543736,0.7660491912557952,0.6958560385093755,0.6802246377157979,0.5292710990634315,0.365980224803674,2.1149483967062
2024-10-23,-1.7491628262352708,0.2212031418385413,0.5592074940784159,0.6969161900344675,0.7254804583433332,0.7688345169672071,0.7002886477135574,0.6839354344103024,0.5344852766379931,0.3711511396072423,2.1203139658425125
2024-10-24,-1.7631033636497657,0.21219466384516023,0.553387773775595,0.6924565337069934,0.7249467585774243,0.7668668186060297,0.700378478110571,0.6830504366115887,0.5336408414780491,0.3695428632592615,2.1326462269090265
2024-10-25,-1.7380174585651005,0.23849972423626212,0.5795432811320277,0.7155589011149052,0.7480410531614222,0.7871984391681282,0.7194298804934378,0.7006117252063759,0.5520969321555681,0.3860222743795695,2.124039732944669
2024-10-28,-1.7154356302248335,0.2634173470231824,0.6047340949463502,0.7372532805728506,0.7694207988401894,0.8099352570591938,0.7433473416843988,0.7226813563320127,0.5751070958540107,0.40733054533006424,2.1227661755548968
2024-10-29,-1.7373697817907532,0.23827768469061356,0.5809618796338208,0.7145483007145703,0.7459181585587498,0.7882866087488569,0.7218141795891051,0.7019995874789551,0.5545563902070615,0.3879636115082758,2.125333393299028
2024-10-30,-1.7328063164009284,0.24097256380914422,0.5800626526231637,0.7142835390647428,0.745628895512933,0.7888994408442984,0.7188215692237577,0.6998093256216253,0.5546722307761298,0.3837841795583683,2.116590495959296
2024-10-31,-1.7184320500634394,0.25573206483871724,0.596645311879874,0.7267498998702637,0.7577043782842008,0.8020005337723445,0.7351565318325809,0.7134728377986737,0.567745203838484,0.3974550487171399,2.1158870987805782
2024-11-01,-1.7648267932173303,0.22076394192452736,0.5641305375386908,0.6978252559615573,0.7243666887859906,0.7722046773594469,0.7059032129109635,0.6840768485459612,0.5418869715802067,0.3727229904796601,2.1375497836969894
2024-11-04,-1.748492016664619,0.24531034482116615,0.5898025685510713,0.7225191953956878,0.7487784394287365,0.7943427427617796,0.7282088497547937,0.7074155174336069,0.5627159134931479,0.38946742910997556,2.1379594457745936
2024-11-05,-1.7175865689050076,0.2726175785950478,0.6169773943124823,0.7503797315261047,0.7769083049864881,0.825360150516636,0.7581952305004868,0.7369017637312502,0.5927739849109045,0.4201994167771034,2.13778598568211
2024-11-06,-1.7163770868391028,0.2781778350787402,0.6248984403548895,0.7555332049222888,0.7803202197474078,0.8304724633673082,0.7652960655032729,0.742642149079274,0.5997357085075747,0.4252759923965229,2.141653079235625
2024-11-07,-1.7012610310762148,0.2989296258560656,0.6511914664575962,0.7775229512663681,0.8049372460095,0.8551771108829771,0.7911537081992113,0.768215871769904,0.6268496887639556,0.45156679245564485,2.152827823531859
2024-11-08,-1.712552327247364,0.2944253418708475,0.6468418266951961,0.7757601058842093,0.8057698352837535,0.8563892582504561,0.7971584226776427,0.7752563847922033,0.6347020183825882,0.46893715946734044,2.1814894867147037
2024-11-11,-1.6993430132691805,0.30879367787260376,0.6596292357147321,0.7915153864235286,0.8271571270799309,0.8796300933406449,0.8256191142688878,0.8057352781282324,0.666239421252882,0.5027634845951288,2.2021064978643086
2024-11-12,-1.7205553915628393,0.29546552334492976,0.6479682593200216,0.7797603472565888,0.8179310158710908,0.8725783819745276,0.8180841487790386,0.798998238465114,0.6603290899837987,0.4952450551905846,2.2158004467534234
2024-11-13,-1.722716002938736,0.2968651389726713,0.6482519531234953,0.7827103565514596,0.8213319136727776,0.8751416122028063,0.8220442140836501,0.8026901380812923,0.6626493404506542,0.4964221079560603,2.219138110894796
2024-11-14,-1.7593973144915598,0.26503283377819437,0.6192287237187676,0.7552349087043868,0.7927639702810612,0.8456645939798649,0.7926077490446947,0.7747717122924764,0.6343641497105849,0.4662759641218886,2.225673278613448
2024-11-15,-1.7712085288039474,0.24849118507588164,0.6037870344706414,0.7387831431117715,0.7747589104050217,0.8249443979872462,0.7727829233604511,0.7513279119680221,0.6075258596665185,0.43515545374891307,2.20636398255286
2024-11-18,-1.8059712082311545,0.2208504644488049,0.5772669034539774,0.7127081468058266,0.7517616395500352,0.8062543788251172,0.7527286440116869,0.7329355473776475,0.5897188658930873,0.4163991163397648,2.2223703245709188
2024-11-19,-1.7810238510016005,0.2505057555259021,0.6072500935592756,0.7401132366074442,0.7792316770997322,0.8315039797211795,0.7782533058250789,0.7588544611652632,0.6133084628997907,0.4399058396157682,2.220929690617368
2024-11-20,-1.7567732828113063,0.27096028513799103,0.6269896184343726,0.7581536861934964,0.7993507600829288,0.8510887435098178,0.7996359898159405,0.780395968947762,0.6341364546571708,0.46060613719534976,2.2173794200066554
2024-11-21,-1.7575277715150701,0.2747731373623774,0.6303300073192132,0.7604539937779564,0.8034387636841999,0.8556820997685874,0.8020412451372564,0.7799944457230559,0.6361880647709054,0.46208688332265074,2.2196146548377205
2024-11-22,-1.7940705162663348,0.23752067714017225,0.5928747437370022,0.7229606814119862,0.7641846734226239,0.8180218905479599,0.7646150440166951,0.7422781655765858,0.5995912833977338,0.426776046954341,2.2208465632206753
2024-11-25,-1.7812277414471085,0.2540134405512633,0.6078689588695195,0.738345903589132,0.7808926292653382,0.8303993971703284,0.7771717145485931,0.7540121053383765,0.6100742490225798,0.43583389795587696,2.217061639402985
2024-11-26,-1.8007629876541726,0.2468578177775987,0.5984581272840305,0.7334579589337407,0.7737330119969437,0.8230669323360614,0.7668481673002396,0.7452008581749067,0.6041868873946064,0.430290120590932,2.231053108245104
2024-11-27,-1.7865018023116546,0.2656413134293501,0.6175076029086517,0.752387483936535,0.7907759800514881,0.8421935878942652,0.7848978911518698,0.7631266189850363,0.6218985365227104,0.44707134138003024,2.233573143691684
2024-11-28,-1.7898769849154519,0.2672817520293044,0.6189757323381662,0.7543968142008314,0.7935203856328032,0.8426912409895051,0.7874449962035873,0.7644516004078858,0.6236034796193987,0.44952151934605966,2.2393985042615108
2024-11-29,-1.7835138843930765,0.2801514312174908,0.6325246497108504,0.7697960805071734,0.8101783326383261,0.8602100625381139,0.8053964446584646,0.781164332635915,0.6409505238975279,0.4687805479359266,2.2522944323290024
2024-12-02,-1.7680715988505893,0.2972851111301271,0.6529191116972906,0.7910610554863434,0.8318888808303284,0.8814874075757255,0.8258518604667298,0.8046268433610199,0.6650560245156687,0.49225084134570696,2.2603224401962954
2024-12-03,-1.770623968983914,0.29710174413343193,0.6547089659350387,0.7915081380478122,0.8330136494215518,0.8848468320164132,0.8308044027560136,0.8063113057142193,0.6681274739431852,0.49269231913208783,2.263316288116001
2024-12-04,-1.7911055396072446,0.2857435446934311,0.6417612700421748,0.778638778318019,0.8201598519232036,0.8710174592886792,0.8156028766150067,0.7936050612329251,0.6548144184015974,0.47764912310419544,2.2687546627114394
2024-12-05,-1.7823811050561775,0.29669675787145533,0.6523258233818569,0.7917296822258094,0.8340669811967408,0.8850260112212249,0.8302744899555535,0.8072593285463453,0.6692197383095275,0.49309670903905617,2.275477814095233
2024-12-06,-1.7838795035607284,0.3041476424965316,0.6637635659248082,0.8026369647823421,0.845167599434304,0.8964040435733591,0.8423300492678707,0.8202007971461813,0.6823239643627251,0.5046203434548276,2.2884998470155553
2024-12-09,-1.7854946822557973,0.30328110260402696,0.6602624635804486,0.8024746048093211,0.8433487624094647,0.8957386118426376,0.840440867535105,0.818942789123912,0.6815293073939203,0.5031618115903791,2.288656493846176
2024-12-10,-1.7800562785978964,0.309751305155803,0.6677434112965733,0.8103929865785275,0.8493645744013386,0.9063206878439728,0.848763165033681,0.8272773579384164,0.6898315857869746,0.5104382178060239,2.29049449640392
2024-12-11,-1.7693230099177595,0.32238345776807004,0.6822140665144799,0.8253781850942694,0.8613729332282668,0.9195235161230887,0.8621911755853205,0.841565382835821,0.7036767241908216,0.5271043963717912,2.2964274062895504
2024-12-12,-1.7625851754991912,0.3322678910019877,0.6914325265483959,0.8355630965634803,0.8728345513598151,0.9302920453355564,0.8714953816322588,0.8508940268720631,0.7130832491414769,0.5370678826519867,2.299653058151178
2024-12-13,-1.7796311875361572,0.3175171888343264,0.6715081020186681,0.8164474579014842,0.8532813302551707,0.9109589381779236,0.8532552773234392,0.8334986998385782,0.6953997781899313,0.5168687012267491,2.2964998887629062
2024-12-16,-1.7857796954761422,0.3117703572387776,0.6685434931780051,0.8118575452774542,0.8480178435829625,0.9042623956598091,0.846689146274416,0.8258161838072998,0.6888738050972681,0.5074581035588736,2.293237799035016
2024-12-17,-1.8301576968177444,0.27787989460392104,0.6358454602126771,0.7792136595022782,0.8141158624564615,0.8685485261601984,0.8136277645186837,0.7934688116660107,0.6558324167003808,0.47262052819721057,2.302778225014955
2024-12-18,-1.825795430365518,0.2821160752870038,0.6465870199226432,0.7841469007344358,0.8211827209680675,0.8768809110260668,0.8220264902385226,0.8005416447334119,0.6615826484424118,0.4766815114585755,2.302476941824094
2024-12-19,-1.824064577673921,0.2849490056048437,0.6472023243328967,0.7841698002156947,0.8205467671690083,0.8766680805972625,0.8241479434057806,0.8003138807771529,0.6618653258147601,0.4762278957474223,2.3002924734213437
2024-12-20,-1.8178222973449987,0.2955359217675488,0.6535677445145739,0.7938115832550252,0.8320747459875436,0.8892676497274848,0.8362292669689421,0.8126225361799938,0.6774293222069058,0.4933225648877362,2.311144862232735
2024-12-23,-1.8572228022328268,0.2541961898670779,0.6137005897959615,0.7537876105407635,0.7912060471713984,0.8527727947613533,0.7966670577117758,0.7729101543107196,0.6375839872371178,0.4496417503741971,2.306864552607024
2024-12-24,-1.8505491624424917,0.2614504764841491,0.6225316561408837,0.7638843729375681,0.8041193832079656,0.8645666474541553,0.8069749620661627,0.786085490234207,0.6523204004508742,0.46380863326956046,2.3143577957120525
2024-12-25,-1.874252126422909,0.23789561596631764,0.6045046773203605,0.7451692296717977,0.7855904729177307,0.8455251139475167,0.7893946039950505,0.7699477695632888,0.6345805814908398,0.4480426904152493,2.3222948168381587
2024-12-26,-1.8588812980055842,0.2505861209763869,0.6179251007362496,0.7578247971957207,0.7999611753642475,0.8561459822762783,0.8008980697766986,0.7816288824149973,0.6451862460163992,0.45926286280870865,2.318144160814293
2024-12-27,-1.8643256551651743,0.25275885630569617,0.6225686399965232,0.7656467231668139,0.8074096312641116,0.866557887996361,0.8104440904289074,0.7925815592394965,0.6557223133714727,0.47301698361336203,2.3373426387785368
2024-12-30,-1.871761417416447,0.24433075440728272,0.6152246046731544,0.7565743007782981,0.7983099658534776,0.8548469390899598,0.8011453092824766,0.780284951154253,0.6468236467373591,0.4605580209543769,2.332319438370824
2024-12-31,-1.8998724784232226,0.2165978443652275,0.5882150490221123,0.7313153755509156,0.7753852924392751,0.8289742712266405,0.776864316811369,0.7563814769188527,0.6209849265409606,0.43582833735356385,2.3357008157767867
2025-01-02,-1.9285116586177016,0.18966218046103223,0.5640154416731911,0.7086646619429319,0.7545529429131289,0.8111424945116749,0.758736154809112,0.7430093959688564,0.6109295402110617,0.43019479591819015,2.358706454535892
2025-01-03,-1.9495775503446113,0.16559630921622343,0.5354724521802291,0.674519961810872,0.7184781104925919,0.7719531000405983,0.7159310571733076,0.6975502199431511,0.5651956932441214,0.3791954893477212,2.3287730396923325
2025-01-06,-1.9554040533405666,0.16193830020788108,0.53321558383495,0.6715277294177324,0.7170516196391631,0.7713544759178249,0.7144223451953771,0.695700748892799,0.5602835864708556,0.3714613618621084,2.326865415202675
2025-01-07,-1.936327109283952,0.17999804888564416,0.554700564306394,0.6927832894751625,0.7367851824033559,0.7944746294415218,0.7381005234311776,0.7201416492973035,0.5855108947487433,0.3983928696288817,2.3347199789128337
2025-01-08,-1.9390855736966723,0.17906800904564732,0.5503880163106953,0.6900229433919675,0.734144487958956,0.7920442113403989,0.7350511699972511,0.7193686871112192,0.58536063234133,0.3997179670631519,2.338803540759824
2025-01-09,-1.9393357562169764,0.1819155279673698,0.5519925750655069,0.6925673199097175,0.7374204901674033,0.7949388143009493,0.7385478276827524,0.7225061769592993,0.58930236495408,0.4040958552857782,2.3434316115027545
2025-01-10,-1.9634553875810488,0.1580204217415455,0.5283209209855487,0.6678687113267058,0.7110201508934096,0.7664882120543256,0.7119898341054899,0.6941237837118209,0.5571483041484373,0.37283384933436037,2.336289236915409
2025-01-13,-1.9645069549143883,0.16187729602032994,0.5333027941553146,0.6726232845535279,0.7174294857732721,0.7706929929676163,0.7151242317289594,0.6959695235467093,0.5583847346918935,0.3721124722604187,2.336619427174807
2025-01-14,-1.9252266747508526,0.20520205143088138,0.579871962725885,0.718694743936194,0.7638378820771433,0.8177472924264709,0.7620044681370196,0.7424142637044273,0.6063929654550467,0.4216799237335911,2.3469065984844435
2025-01-15,-1.934200676625869,0.1995511535610647,0.5735259947878992,0.7151108395468854,0.7593884108858366,0.8118598403570368,0.7588184703487977,0.738544719865994,0.6023597941890282,0.4174744865757765,2.3516751632016453
2025-01-16,-1.9304302592198954,0.20609011812663885,0.5794575170416196,0.7220864952146407,0.7654881187894544,0.8177139324214323,0.7650587017796436,0.7446660891163877,0.6085494508440319,0.4212355561399333,2.3516658153598287
2025-01-17,-1.937901656876525,0.21149278646916717,0.5833785418949105,0.7269448664837321,0.767639696554616,0.8203785857392446,0.7664883038112296,0.7463316865975834,0.6100145918273555,0.42028056076404796,2.358182217640573
2025-01-20,-1.9336344999392217,0.21831319303272426,0.5925169023072537,0.7343285072258503,0.7754362396935167,0.8304005802059932,0.7773851157663983,0.758656889043416,0.623060480784402,0.43593790350031175,2.369572403439533
2025-01-21,-1.9357933898295359,0.21696856421692418,0.5875525740898292,0.7328681971029816,0.7721159532156856,0.8304941245761951,0.7770457921756155,0.7577768599982976,0.624732369112875,0.44004294350935,2.3758363333388854
2025-01-22,-1.9502102907629333,0.2056572798046973,0.5750916979454436,0.7191009225856678,0.763115151136075,0.8217009700116269,0.7672122743372864,0.7479276425115078,0.6143410532764507,0.43454465453752494,2.384754945300458
2025-01-23,-1.9544976679368649,0.20363180078834814,0.5725396275667839,0.7173636824318854,0.7625891038421697,0.8215860064572537,0.7661175251805686,0.7475211253751868,0.6151050139065047,0.43415684160515505,2.3886545095420195
2025-01-24,-1.939898759615559,0.2182304589412078,0.5886525846741983,0.7306862666719414,0.7763164170752936,0.8335779857759551,0.7768149509068262,0.7587918206212471,0.6250501191288691,0.44028520882444067,2.3801839684399995
2025-01-27,-1.9536695987238561,0.20530343997291273,0.5778944818743508,0.7203389412376833,0.7654209082172576,0.825336770211881,0.7683867728605123,0.7516720555443519,0.6155516766187816,0.42922325683589224,2.382892855559748
2025-02-05,-1.940129635583137,0.21920854292893727,0.5911849852939514,0.7363605435979845,0.778194657603813,0.8374992980004252,0.7784531959299071,0.7607276382913738,0.6176371368265865,0.43122218197031636,2.371351817553453
2025-02-06,-1.9170153471592204,0.2386320961382674,0.6111591210741569,0.7590935164893471,0.7993225908421703,0.8598282052907656,0.8004373591643131,0.7853801617297681,0.6407161334225764,0.4541697890639461,2.371185136223166
2025-02-07,-1.9048563795463131,0.24988122351404565,0.6251651268947174,0.7734761957337095,0.8140647849256861,0.8722278672082017,0.8122721317884541,0.796733977206886,0.6521224166515481,0.4662152965561059,2.3710716761024186
2025-02-10,-1.8819965771609157,0.2669276902835208,0.6405937911377743,0.7912471643401335,0.8332206646391235,0.8887594743835783,0.8298447012315134,0.8116426670993074,0.6672736082699052,0.48157416929266805,2.3635707464535836
2025-02-11,-1.893578147815997,0.26229468770268916,0.6341747594560948,0.7868239343438387,0.8303989635210716,0.8872608502480093,0.8264374903141177,0.8104149869354819,0.6646547874442843,0.48326788875566695,2.376846036571664
2025-02-12,-1.8815949404941703,0.2723813954619779,0.6435749435639496,0.7966076625798911,0.8402483423509337,0.8972722137229316,0.8364814453084508,0.8195662605128299,0.6745910735766125,0.49428837948072074,2.375883319974891
2025-02-13,-1.893888127612041,0.26223758199308594,0.6329268746838841,0.7874649045000258,0.829641591754372,0.8896505442724367,0.826922259058292,0.8093791027019189,0.6646557012517383,0.48247004230890655,2.3763581699209473
2025-02-14,-1.8873824416544864,0.2659385439977867,0.637161407694859,0.791954433616479,0.8319619388666759,0.8925086675114092,0.8282909119459634,0.811151103672821,0.6655051104087378,0.4825399064794233,2.3699223481339096
2025-02-17,-1.8781401902840047,0.27392401567809677,0.6487739019333486,0.8038736952921335,0.8425392163390679,0.9053950280920335,0.841408076438849,0.8240304183256018,0.6789069289661418,0.49844893688946335,2.376589127173468
2025-02-18,-1.9079435309028137,0.24512387164791039,0.6256365664773428,0.7804088462048373,0.8210539326485691,0.8836399314501647,0.8180542975783531,0.8027568960345061,0.6569123181193166,0.47469380488718177,2.3826373357899953
2025-02-19,-1.8858389715712618,0.266459019244761,0.646263670038101,0.8010919804219835,0.8417327052471039,0.9042040131556314,0.8394741160416737,0.8274943041858084,0.6781384277204022,0.4976806509018303,2.383519622473092
2025-02-20,-1.874845865821784,0.2757348034993487,0.6572930725159212,0.8116642520983417,0.8503945524317219,0.9132538754773584,0.8471789723630507,0.8343372300626307,0.6862349186859854,0.504336539088892,2.379182404910676
2025-02-21,-1.8692629163725092,0.28337747394259666,0.6663064798294028,0.8197362913148607,0.8577033052154452,0.9219567324946553,0.8596020832339957,0.8463493888770971,0.6973350048224535,0.5113273796069462,2.3805902959794554
2025-02-24,-1.8703900552734267,0.28280139614932365,0.6705397629096053,0.8231606798072477,0.8624235617625979,0.9259301343245394,0.8634120115095177,0.8517721657184872,0.7025206168626563,0.5148523563818829,2.3852424116553097
2025-02-25,-1.875248521303925,0.2792217779967559,0.6674152744393123,0.8190674082644952,0.8609235576197898,0.9218482291270801,0.859931743018134,0.8468037938594408,0.6980665907539233,0.508693895428385,2.3839424167323098
2025-02-26,-1.8618091530738852,0.29444563138273927,0.6824233620517421,0.8330923602716085,0.8758811678490495,0.9351332612033576,0.8750260238079346,0.8621438183010223,0.7121411376948518,0.5220938773682567,2.383903030442142
2025-02-27,-1.8629047188926278,0.29401535452537597,0.6793971739632182,0.8306086188531615,0.876468128486091,0.933365102487283,0.874166136531376,0.8615122105424778,0.7101313894316306,0.5198770141053976,2.382781732998025
2025-02-28,-1.8950697138541797,0.2611202102909077,0.6444983635251536,0.7964134411025219,0.8418847903641047,0.9005065761359091,0.8434697320724642,0.8296486497337173,0.6794143834113336,0.49573743443205265,2.390807148286232
2025-03-03,-1.8903100344888506,0.26519027911267523,0.6516285302323213,0.8023568921508247,0.8460512936939676,0.9057494395946786,0.8478343662252396,0.8345813467915736,0.6835497136687401,0.502115300042643,2.3924253345314934
2025-03-04,-1.8873938033133013,0.27267268083757834,0.663171573754185,0.8177544420987943,0.8621470996582031,0.9198282098563573,0.8639449954094669,0.8495319001542718,0.6990840172833293,0.518497022010683,2.405890825323984
2025-03-05,-1.8851786311025802,0.2766646799034108,0.6679161693970894,0.8212320671335347,0.864382502705861,0.9203400127207271,0.8642149723767505,0.8499635347009182,0.7003667263240752,0.520691015038954,2.405869646141534
2025-03-06,-1.8740660409561198,0.29071153657236026,0.6809216413744481,0.8347485123346949,0.8804686147494012,0.9362567629629309,0.88118137976259,0.8685470348941441,0.7246712459156978,0.5524455557276426,2.4265115966837625
2025-03-07,-1.8800962484979198,0.2865921347599431,0.6764434723310149,0.8293809040761133,0.8754075313737284,0.9332606636564577,0.87636305797912,0.862997728625454,0.7185782158509157,0.5476849827073311,2.427781231205251
2025-03-10,-1.8775739856488363,0.29125998110334966,0.6802642470779724,0.8342190856828666,0.8802927894464713,0.9391289875682394,0.8819234830022304,0.8710759354387283,0.7240442749930817,0.5564537849417207,2.434027770590557
2025-03-11,-1.87050225533205,0.2967066985824462,0.6843278412389109,0.8393699771375206,0.8828997260647398,0.9428710391421472,0.8852083976722717,0.8746003486394541,0.7271694291973425,0.5597867716033086,2.4302890269353585
2025-03-12,-1.8700520669470118,0.2991162229863074,0.6879568283345089,0.8415154791550142,0.8881474369964489,0.9470942818646616,0.8896427201361676,0.8795905727275571,0.7332253724021108,0.5671653477031873,2.4372174146501986
2025-03-13,-1.876102153004886,0.2922427014607274,0.6813536110140447,0.8313594614245535,0.8773155153321797,0.9366104738874874,0.8780613888133092,0.8666678517932676,0.7153103022921279,0.5458473931598669,2.4219495461647527
2025-03-14,-1.8677716556738857,0.3083853579289729,0.6994939630971599,0.8500540673912175,0.8962531938773683,0.9541105570899716,0.8963361760414359,0.8844097908365858,0.7332745670703856,0.5647085885060278,2.432480244179913
2025-03-17,-1.8693869134558674,0.3124167622036659,0.7069191979931849,0.8576440549417581,0.9034437548157866,0.9601453983107875,0.9023756193056922,0.890780023206607,0.737873500510027,0.5711028391437443,2.440489752599611
2025-03-18,-1.8667433585995519,0.3165802686323937,0.7110835324401493,0.8616190592024211,0.9082852506510093,0.9656894604238241,0.9084142288703768,0.8973874823906275,0.7452937648175493,0.5789259222747961,2.4456692808743474
2025-03-19,-1.8715402159105088,0.3117640573014673,0.7066271618946078,0.8557951596865904,0.9043569350031021,0.9611975152941963,0.9041283062106847,0.8911738949258928,0.7390524870118305,0.5753587396236568,2.446898955534165
2025-03-20,-1.870569457350331,0.31118625042751935,0.7069279548387988,0.8541066733866809,0.9018062270454152,0.9599267343098414,0.9021311096048285,0.888905392809334,0.7378488743352486,0.5750255167390347,2.4455949740893654
2025-03-21,-1.884924860447398,0.2963195524333752,0.6929840005996434,0.8383939831574242,0.885542474455928,0.9427533642952988,0.8852979271546957,0.8699364347567248,0.7187026162351966,0.5551834206963719,2.4401082811437695
2025-03-24,-1.8962297676488975,0.28159355737079134,0.6792840372736952,0.8238074181665554,0.8691289855096531,0.9280456197511723,0.8692947882520704,0.8535359818476318,0.700391763312377,0.5366244653908933,2.4328542330397904
2025-03-25,-1.8972878728861904,0.28227365152664247,0.6751224807016926,0.8208638318581756,0.8675950410076665,0.9254604484274402,0.8661168982021443,0.8482967854978622,0.694861007051673,0.5262303036789339,2.423518176565124
2025-03-26,-1.8908046372681881,0.29426132385162146,0.6863495150363393,0.8323886488619513,0.8794970601549668,0.937338104260805,0.8757035116615032,0.8576735262287379,0.703376671542407,0.5329821819925503,2.423786819260738
2025-03-27,-1.9051921593773966,0.28907510193938096,0.6793399555366922,0.8271586893790819,0.875885027694542,0.9335252149727653,0.8721199069750576,0.8559212069939014,0.7046785746544997,0.5327037729551696,2.437895932332566
2025-03-28,-1.925392968851828,0.27376265398882693,0.664882901644945,0.8133323658714773,0.8636799381048296,0.9228163812403273,0.8593659058888762,0.8460775032253774,0.6932558718263194,0.5228233468113466,2.4482163156631747
2025-03-31,-1.9430772957538647,0.26149756706454186,0.6522786058675892,0.8024606646593709,0.8515082606716776,0.9130438573973126,0.8499167831519657,0.8383579765455527,0.6840517910070423,0.5161768992455695,2.4592541949994344
2025-04-01,-1.9281580672361263,0.2758114840312351,0.667236330290101,0.8160684547617943,0.861879064478642,0.9239854447893376,0.8605865702310721,0.8464544524895738,0.6936153249751787,0.5242776368036048,2.4524357040397313
2025-04-02,-1.9327358069616711,0.27565757717616185,0.6672506329787359,0.8180657282158063,0.8641087494663559,0.9285450363594092,0.8664039221526435,0.8503051069729197,0.6979827605856427,0.5292195484662643,2.4619553554279356
2025-04-03,-1.9388872746198624,0.2671044543993157,0.6604497879004168,0.8120150930511741,0.8593910598400326,0.9215124196933463,0.8602904884692094,0.8425002114664237,0.6901995272578824,0.5210716011920936,2.459958875811956
2025-04-07,-2.0381586127399385,0.15980945605833557,0.5444643696822963,0.6869709069061734,0.7373644033168101,0.7939644680905664,0.7342029279127854,0.7150601253997354,0.5637770228018886,0.3939012297125898,2.4320598424525284
2025-04-08,-1.9978909915568228,0.20007926977816587,0.5845557337587485,0.7238660492649763,0.7737945192422431,0.8292238559619605,0.7710212978853317,0.7463351135984251,0.6000535102929542,0.4247189758295568,2.42260996738638
2025-04-09,-1.9815564537342418,0.22107055858564062,0.6083856134354446,0.7480055165591609,0.7989820258215685,0.8555628151125834,0.7997102712705785,0.7755281402402915,0.630024079087534,0.45364778375499903,2.435204237489241
2025-04-10,-1.9533552066910362,0.24950486239079583,0.6369431722003173,0.7740666387272901,0.8284605928172177,0.8823483604510534,0.8279968821466419,0.8027826260468954,0.656211591994261,0.47566678654332184,2.429021993234358
2025-04-11,-1.9659541876509834,0.25391675209785797,0.6458454038254706,0.787909479991847,0.8399958075770686,0.8947002865376658,0.8401608451199933,0.816251338538025,0.6670962353209772,0.48742185452118447,2.4533760421721675
2025-04-14,-1.955121554290647,0.27166094869277346,0.6627606543388835,0.8047219026043714,0.8597020854341587,0.9148674396124863,0.8604334787025435,0.8354209547100535,0.6855613969286114,0.5077063499006548,2.4628279041913013
2025-04-15,-1.9616230591792374,0.2707747966863994,0.6615309276080206,0.8050916588822126,0.8607462928914119,0.9161616385334538,0.860589494989471,0.8370877215276139,0.6863534101639512,0.5114614269746726,2.4730844861539096
2025-04-16,-1.9765278745898376,0.2599341761188626,0.6500621870828669,0.7926407814565163,0.8475253225922567,0.901533512282401,0.8449027348676956,0.8222166061834782,0.6683105560767759,0.4940187138521367,2.470546588441974
2025-04-17,-1.9725178384753197,0.2681436750249861,0.6574463027532338,0.8000324224122806,0.8549406325310014,0.9079484299855319,0.8498531718113935,0.8272543436204154,0.6734831511034843,0.4958769084654352,2.4683947469407546
2025-04-18,-1.9848933500481418,0.2639914228316283,0.6526536187695177,0.79923326678312,0.8537140827952868,0.9083737854932232,0.85003517253037,0.8276095712189439,0.6755821708344196,0.497499032624492,2.4823923826726335
2025-04-21,-1.9727108041926318,0.2819060338275274,0.670109675225854,0.8184510039715838,0.8702339044358265,0.9262379209759761,0.8683157733552316,0.8468766370094329,0.6949497070321209,0.5187443292545708,2.4914551334472024
2025-04-22,-1.9721036507843355,0.27927178170413786,0.6701164799372411,0.8194683184131467,0.8723909569974149,0.9282123012533201,0.8691014966542834,0.8478505401150098,0.6991963471709634,0.5217352187310618,2.4938388695153972
2025-04-23,-1.9817376358940237,0.28161814796643747,0.6736193173738891,0.8260920521192319,0.8801267745403611,0.9380385550342113,0.8805536058648201,0.8595504793618868,0.71305042321887,0.5369175239301235,2.518655159824147
2025-04-24,-1.990745963034167,0.27384515880782334,0.6676516271848314,0.8187832906085196,0.8749145359443561,0.9316733773235417,0.8726935872946847,0.8507034874700826,0.7038708879588953,0.5264156108140788,2.517161573848246
2025-04-25,-1.9944187659395234,0.27607429096896513,0.6726111754600246,0.8202283355680904,0.8789494548752205,0.9358362806094567,0.8763142469236935,0.8551906861083038,0.7060099903233473,0.52807252913503,2.5224912950745533
2025-04-28,-2.011460827209126,0.2665109376504051,0.660622482262867,0.8080412594369937,0.8657591966661948,0.9237426264138562,0.8674447033361304,0.840678620081806,0.6941267965285911,0.5164712252085557,2.5279320524176816
2025-04-29,-2.0083898973005234,0.27347059604051055,0.6666956984478358,0.818867797023051,0.8768290261889198,0.9355930834799144,0.8792738169608361,0.8512323638140701,0.7052431530057721,0.5240378921015574,2.532427789402081
2025-04-30,-2.0028917387691125,0.2859318449725556,0.6760028249590764,0.8323526415815741,0.889025047529751,0.9465529280001167,0.8883552073923787,0.860054427940913,0.7100467521872814,0.5280176062263423,2.5309093449954547
2025-05-06,-1.975132989573879,0.313175619620327,0.7044737788814676,0.8586615831325626,0.9166255810881667,0.9749987404353936,0.9147069280829,0.8878771935872304,0.7375711608969286,0.5557885446821488,2.5309215342560276
2025-05-07,-1.971717555695347,0.31785676314007155,0.7097390288234008,0.8626284144286889,0.923868344145514,0.9822179638806999,0.9212922012508544,0.895400316650747,0.7454836978677243,0.5666924510988933,2.53841000679424
2025-05-08,-1.9641405447811537,0.3279182061628658,0.7201721279455359,0.8730205691787992,0.9352336315200747,0.9950256582430168,0.9320274629148636,0.906613866239558,0.7560920739929301,0.5751110594155784,2.539251604196732
2025-05-09,-1.9793522183780414,0.3140426743945287,0.7090909138892041,0.8619620105326509,0.9250152187927465,0.9849065995494262,0.9219236316004433,0.89569570726568,0.7464495853232527,0.5647047681127524,2.544056986490794
2025-05-12,-1.961345236337443,0.33299685018292846,0.7257921166140557,0.8779888669524609,0.9396064214867673,0.9983307006089823,0.9333763957961472,0.9062821032428113,0.7531835753601921,0.5693535984755556,2.530698834812999
2025-05-13,-1.971829645714028,0.33084577914316166,0.7257428604760124,0.8767899183893827,0.9395268311825895,0.9984723319150288,0.9325649619122474,0.9053372883514677,0.7524865548021623,0.5711721050427825,2.543001750756811
2025-05-14,-1.9727433168710355,0.3330884317835604,0.7267745567159029,0.8795785466788086,0.9402779405297255,0.9976696224390935,0.9328186386108794,0.9053464126502236,0.7544537183138142,0.5733013810238482,2.546044697894884
2025-05-15,-1.9902507163571546,0.3208249760877926,0.7156431491414997,0.8693973242320934,0.9301661612578241,0.9870617287135871,0.9246107695695327,0.8970837713551165,0.7484309397069544,0.5705442476531087,2.5607949640102636
2025-05-16,-1.985899321080487,0.3236009775488253,0.7204351406739338,0.8743152672751557,0.9349469735854526,0.9939231916658562,0.9319646682785536,0.9038526685476018,0.7530621608365408,0.576829850684709,2.5627291717651963
2025-05-19,-1.9806858480447032,0.32898922380304646,0.7259770769333354,0.8797153789573904,0.9427448024158173,1.0046416779697287,0.9408719611433223,0.9135908213604674,0.7619189322591104,0.5884954963691942,2.569181344413898
2025-05-20,-1.9706328715992005,0.337683673116739,0.7340793918483619,0.8888659356986398,0.9519138744626443,1.0138764801138502,0.950800600311076,0.9231674170483711,0.7707784986549537,0.5974477660961415,2.5680806376953424
2025-05-21,-1.977667003032793,0.3331147648731283,0.7281232010148464,0.8831077699573096,0.9480797027868405,1.0098191112236652,0.9467762306298155,0.9184172388681279,0.7654004009584515,0.594671504046161,2.5723385070789546
2025-05-22,-1.996760478673869,0.3204924326328628,0.7167296002483082,0.8704943526087119,0.9366093920580729,0.9988958665025914,0.9364097346770826,0.907669641443035,0.75530710451148,0.585931270259938,2.582691748933808
2025-05-23,-2.010902611151289,0.3106497785063282,0.7069116163676437,0.8599679237819414,0.9285000451794613,0.990045280246387,0.9276464609656637,0.8977374700433413,0.7451279032701308,0.5767926284378494,2.5876952395891393
2025-05-26,-2.0065732682426902,0.31987032672981697,0.7186765018661363,0.8709079093259565,0.9364504367545418,1.0000671775401972,0.9361877468184144,0.906699398917599,0.7535576025497358,0.5849004272923977,2.5914736955350888
2025-05-27,-2.0045555977531935,0.3226111105763067,0.7215248298693364,0.873180342619907,0.9390666187455103,1.0030898608213152,0.9379397463330515,0.9068079448127324,0.7530614158497002,0.5833517281208405,2.587907325874035
2025-05-28,-2.003650588934803,0.31864956933401956,0.7196717439491647,0.8692112226606197,0.936155386904764,1.000006099222999,0.9327726840203227,0.9037933108358713,0.7483114498970579,0.5799875821123054,2.5836381710471095
2025-05-29,-1.9911556820156697,0.33541020226137397,0.7387892895288299,0.8874501463768438,0.9554973484474734,1.016788808800935,0.9483352221590868,0.9222743116122196,0.7643456723385447,0.593369502197842,2.5845251842135126
2025-05-30,-2.0047328188120868,0.32343587535162394,0.7258706645632009,0.874275617975678,0.9423269786633381,1.004215383502373,0.9355960475281303,0.9095960122960527,0.7513942610651112,0.5792980760965692,2.584030894908657
2025-06-03,-1.991201480425488,0.33235904471726574,0.734878278060845,0.8828359079124979,0.9494603672011194,1.0124899485240026,0.9426007047749498,0.9171700882962177,0.7579447835177313,0.5864027726639026,2.5776042530893917
2025-06-04,-1.9854741289308957,0.34154192043753684,0.7438042770865291,0.8942394116471368,0.9591488593399184,1.022572479691781,0.9535032296702313,0.9283791227932036,0.7681980629006975,0.5991420454436261,2.584616174374523
2025-06-05,-1.9857880485770152,0.34300536199447806,0.7447832194874205,0.8963961271051799,0.9626841990161736,1.0273774611974338,0.9582268185553348,0.9332716108100368,0.7754121797803872,0.606333881186872,2.592121929763888
2025-06-06,-1.9902981918913758,0.3410009105895047,0.7448478004230198,0.8978778592045829,0.9645346077630855,1.030101822872632,0.9596473988378295,0.9346983622350209,0.7767017119844869,0.6079112908213145,2.5982094827126914
2025-06-09,-1.9768665526896914,0.35476096798542284,0.7566074771249677,0.9118829077444771,0.9766443376900925,1.0419362565513886,0.9719619527186194,0.9463285543366571,0.787453788638154,0.6205283474569017,2.597394900146594
2025-06-10,-1.9805475900112555,0.34855960785217355,0.7487897280469392,0.9037340475013752,0.966325082140839,1.0326511601033557,0.9634923896508419,0.9356044937665013,0.7770582485100583,0.612068140480383,2.5926157304916395
2025-06-11,-1.9790882411605848,0.35509292788921865,0.7555372715973182,0.9089088852457565,0.9724997033314517,1.0371612889760182,0.9706721989156897,0.9406599462631832,0.7831249283215092,0.6178340989655621,2.596922340126148
2025-06-12,-1.976019170151751,0.3570876315165403,0.7573062561575932,0.9110344860175509,0.9758691100645258,1.0401016969747205,0.9733185828059406,0.9424910698640114,0.784009857433085,0.6182692987794621,2.5942884689312145
2025-06-13,-1.9928974131451669,0.3430828122419708,0.7395963596012803,0.8945466429865823,0.9598493107025206,1.02227739215756,0.9568528064185208,0.9253664757888982,0.76640433278427,0.6014317984483262,2.5943292115934944
2025-06-16,-1.984746155606277,0.3500103425555811,0.7476457582954107,0.9027909903761532,0.9716809285242947,1.0313585604119067,0.9657999655938387,0.9320106109350937,0.7736932625175597,0.6077845200392288,2.592530675645507
2025-06-17,-1.9895264152339662,0.3508335320860301,0.7481197932224423,0.9005897896335526,0.9710118991823147,1.0297489409699558,0.9636432573742807,0.930455310692858,0.7721632468671888,0.60812956801848,2.5976559832524475
2025-06-18,-1.9944319387232807,0.34742621465923285,0.7437527306060325,0.8974128722660601,0.9688637895923727,1.0274618678991903,0.9617935043505536,0.9278230485078415,0.7720129257317992,0.6034628273324303,2.5978947660557123
2025-06-19,-2.008719102143912,0.3330789892539162,0.7275748012173812,0.8815869169792213,0.9531458554926714,1.010798463261193,0.9446459235989153,0.9087520292338087,0.7523835593156787,0.5822582622822099,2.5909773644261236
2025-06-20,-2.0192001891427336,0.3263296597016864,0.7196597694072158,0.8760476633650334,0.948069875858083,1.004543989372298,0.9397951062245765,0.9040388105904008,0.7475800704999602,0.5752425736772568,2.594442762819992
2025-06-23,-2.002965099418831,0.3449258040140659,0.7377416324178967,0.8944801702698902,0.9630254168685995,1.0196125539762075,0.9550101090892787,0.9172680856355515,0.7611995635587782,0.5878196584386225,2.590784757857455
2025-06-24,-1.988298705935992,0.3647261630262268,0.7570588185397272,0.9128738136345476,0.9830543314670667,1.0407351296394531,0.9754520811835263,0.9384058001570434,0.783002039616542,0.6090198708973161,2.59731857683331
2025-06-25,-1.9748065935416428,0.3767623415945287,0.767190320063489,0.9209592626213509,0.994229306832609,1.0520742410398083,0.9838180082981479,0.9480689577566461,0.7897519685473537,0.6134889056603763,2.588295499202021
2025-06-26,-1.9773195366755156,0.3759310776859444,0.7649659843723088,0.9171211089011726,0.9907604942640612,1.048344317936968,0.9822462920646677,0.9449781435714013,0.7873298689198565,0.6103177894542183,2.587637326129736
2025-06-27,-1.9771521561394925,0.3802036890887632,0.7711620620742414,0.9224772737522636,0.996921410333357,1.0541112593730975,0.9878044812208903,0.9541461995191028,0.7931408284491926,0.6163291126745746,2.5934812688140694
2025-06-30,-1.9711335057426465,0.39157925210347994,0.7810046732089275,0.9361501464749682,1.0105564422508226,1.0691168831450457,1.0019765639789615,0.971982421383114,0.8076515264681267,0.6319008276736693,2.603034333416318
2025-07-01,-1.9717301789235877,0.3926847858150527,0.7842225958109087,0.9405495250546813,1.0136471153054316,1.0730044409207347,1.0059965824810293,0.9759224167280566,0.8124573500602905,0.636929490948497,2.608659669872087
2025-07-02,-1.9853717828156325,0.3854588973807905,0.7796748060842809,0.9354508895711044,1.010312524253055,1.070631884889404,1.0040351254425364,0.9726510330851564,0.8084271756730028,0.6356879319158182,2.621059714731453
2025-07-03,-1.9862200824984093,0.3907322993626137,0.7866848606170377,0.9423525083250459,1.0177996630432617,1.07830684837045,1.0120035517251478,0.9806170091987766,0.8139595438072204,0.6428214094709657,2.629041491969377
2025-07-04,-1.9995272780491515,0.382251513048634,0.7802932607217297,0.9354092814230583,1.0098156322907188,1.070614355603607,1.0047488021461721,0.9725004905538231,0.8061035014995261,0.6362864784050242,2.6358137564541777
2025-07-07,-1.990716558159802,0.38962850519838965,0.7868136720572139,0.9413386527699047,1.015859098077222,1.076703751243663,1.0108445145494092,0.9778515188788367,0.8118001517128652,0.6433586587078826,2.6340752168676866
2025-07-08,-1.9821668520960287,0.39996502957351676,0.7963246175322949,0.9537668145684566,1.0265878750490112,1.090884248025768,1.0233650123022784,0.9918962577561813,0.8248964513129156,0.655404097010804,2.637570949106835
2025-07-09,-1.982986126638793,0.39990274335577386,0.7954372623864241,0.9540681144234484,1.024790008859364,1.0887597998601735,1.0223772472466168,0.9895478638084725,0.8218494850145309,0.651606065463535,2.63459219210233
2025-07-10,-1.9864844507231638,0.4020878581149955,0.7961355729275623,0.9564264007227095,1.028369519303317,1.0912946894699402,1.0257232377571757,0.9908216433811039,0.8268775647100821,0.653733183277331,2.640217634000497
2025-07-11,-1.9908393290297328,0.40437046251806824,0.7975039395049242,0.9598639765321096,1.0330560985127963,1.0967880036718602,1.0320875409829688,0.9975460135780729,0.8327161401032417,0.6601470056689211,2.650986334698656
2025-07-14,-1.9902240108028049,0.4094880966850404,0.8030512496918502,0.9663129279879624,1.0397441315876566,1.1045901507777947,1.0378858058711908,1.0037560732875292,0.838312992335036,0.6646316346180545,2.654855645420861
2025-07-15,-2.0004378816525326,0.40303422626794827,0.796460897122294,0.9594951108190658,1.0324506367534607,1.098294583524962,1.0292406088395416,0.9978636665656619,0.828797393708907,0.6525816147524297,2.653019496404964
2025-07-16,-1.9978452263332096,0.4083362949147858,0.8020837506557157,0.9662518672624033,1.0399357671766183,1.1039988313438085,1.0343449061384546,1.0037271698762142,0.8332512862662027,0.6579196817759118,2.655764908109123
2025-07-17,-1.989559647784762,0.41816942508192984,0.8100283219500871,0.9746521430236852,1.048456801076811,1.1135583652291987,1.0427456675101465,1.0136841618695522,0.8428897020894196,0.6695712922080281,2.659130939992792
2025-07-18,-1.988970571150835,0.4180417528208228,0.8133651557714334,0.9782040808494905,1.0505182628203786,1.1158298023462818,1.0468912199647196,1.0168603092427897,0.8464151990575737,0.6712495478235884,2.6602201189744252
2025-07-21,-1.979400937487342,0.42972724290739944,0.8259420856306927,0.9925060173019774,1.0639275625472653,1.130058251373795,1.0588209403658142,1.031539532877747,0.8614645471524014,0.6853702756248415,2.6647712131121852
2025-07-22,-1.9656690121102247,0.43513882039947377,0.828927459104019,0.9943403530561573,1.065536645906512,1.1301740039153183,1.0584901395321946,1.0306550571239095,0.8599986910180246,0.6817927941639501,2.6474618062741766
2025-07-23,-1.9813073904402152,0.42956936374989163,0.8226038144917753,0.9900386586533325,1.058917496695456,1.1249860492354218,1.0532880732462273,1.0247124025994696,0.8539660953396512,0.6750801256251378,2.656387516065355
2025-07-24,-1.9689437651423718,0.443970815432591,0.8355390718145952,1.003762810013918,1.0702637745403567,1.138628040059143,1.064967429346431,1.036841218204143,0.8645993067585016,0.6850766871818731,2.654020452324247
2025-07-25,-1.9738384992930784,0.44223723938241977,0.8378671789882763,1.0032843925987265,1.0731175266055626,1.1434396768049566,1.0707408269642258,1.0441914074071355,0.868837136156331,0.6881324678762697,2.66197096716935
2025-07-28,-1.972011644091109,0.4443978204995502,0.8390755810323345,1.0066709453623783,1.076912420101846,1.1479907087166374,1.0770175162894084,1.0515740361603056,0.8781683517436215,0.700217058572918,2.6722287026640292
2025-07-29,-1.9664365839789084,0.44823355372591395,0.8413336341380414,1.0103013068504947,1.0797947761380688,1.1500982214527757,1.0791307205041791,1.0523463699122517,0.880283411753538,0.7006131262063734,2.667049710185284
2025-07-30,-1.9699543720942312,0.4464095804657073,0.8379231548281362,1.0041352443287448,1.0783269372093935,1.1441622153780404,1.0721694338481274,1.0458534777000206,0.8723714073306837,0.6928552761834517,2.662809648277685
2025-07-31,-1.9823238911817516,0.4361257429093454,0.8276349540514512,0.9943999524169728,1.0683905627726302,1.1319583107018976,1.0601176521628168,1.036118275470176,0.862007252868869,0.6823630891081123,2.664686980289866
2025-08-01,-1.9788258601417772,0.44061054499146945,0.8323835053523456,1.001398583154196,1.074194941181745,1.1377390988755152,1.064065929003892,1.0408303627019821,0.8679544617021804,0.6850643678003708,2.66389022794215
2025-08-04,-1.9642992851987513,0.4537100380089954,0.84701233216576,1.0145583149666124,1.086632633495374,1.1487533704214905,1.075005670072933,1.0513332702778135,0.8793174632962913,0.6928265339148858,2.657125819113639
2025-08-05,-1.9591448653159838,0.4617274007526881,0.8580610300832716,1.0236974690987082,1.0956968784842447,1.159473099495578,1.0838191660559202,1.0600189590904914,0.8890132826942138,0.7009802830219451,2.6601251483379307
2025-08-06,-1.9506101535013152,0.4691228078785313,0.8672858645088233,1.0302134376562577,1.1066495189768317,1.168220765588842,1.0918830254076102,1.0663753265811857,0.8959014003224145,0.7062053830533161,2.656815536554633
2025-08-07,-1.953228740070682,0.4681554831999588,0.8679960681943255,1.030077577022689,1.1076232457450093,1.1676284560867818,1.0934834106744686,1.065117071243072,0.8955511933755309,0.7076870132543825,2.660915753325066
2025-08-08,-1.9559073952652555,0.4659744958445691,0.8682662765740892,1.0292220122480402,1.104898751653237,1.1674745445803043,1.0951889571790112,1.0665447377394521,0.896445157475837,0.7123231392369685,2.6682305345022255
2025-08-11,-1.943712487600737,0.48123058199578705,0.8852727024635632,1.0443187933915306,1.1194711004835396,1.1835569063222904,1.1105538871998581,1.0801428607905172,0.9116372209025105,0.7248497823228341,2.6685622699235725
2025-08-12,-1.9429621573964502,0.4838923048868063,0.8863052903800823,1.0450167721056267,1.1179917766138685,1.182676096839533,1.1122226971309348,1.0785906781610823,0.9097249295636104,0.7218636994532556,2.664825856849707
2025-08-13,-1.9361762598225432,0.4925193213782977,0.8939762540668847,1.0519394733896492,1.1229330678068865,1.1884862927640938,1.1170074011375373,1.0847753180128903,0.9170261092530984,0.7286425311825498,2.6648187910050942
2025-08-14,-1.9539417888185895,0.4732818885807674,0.8751197159106784,1.0347889542723219,1.1049913144452248,1.170045960961985,1.1001374321256019,1.066755727374507,0.8998172929005603,0.7129094491218189,2.6668512379404095
2025-08-15,-1.9351236041317856,0.49113848522925985,0.894114049337233,1.052987387704075,1.1229210870765556,1.188773185946168,1.1170881866013485,1.0843432512142817,0.9144523060013453,0.7285693796471941,2.6636929837789807
2025-08-18,-1.9171038714893112,0.5075099881411683,0.9097711625631327,1.067522121048399,1.1376598810123177,1.2036412991236196,1.1281536971324742,1.1001827299888347,0.92874610712334,0.7418680565350649,2.658971928024377
2025-08-19,-1.917428538383392,0.5094578812088139,0.9137006404323039,1.0711451615478456,1.1433239425968986,1.209988494612429,1.134753183945834,1.1059450790689993,0.9340715837917343,0.746230278418374,2.663658816801767
2025-08-20,-1.9159168273724876,0.5181633629646694,0.9200788501797704,1.081433322346952,1.151051105593306,1.2183006057614623,1.1434159087313187,1.1157157835016884,0.9411604760674999,0.7529470952454814,2.66886392261797
2025-08-21,-1.923149526712418,0.5127274764032487,0.9161197033126628,1.0783792478878185,1.1493739205091336,1.216331742843919,1.1434435264107583,1.1151686002934242,0.9389238962621131,0.7535426335643893,2.676692160276808
2025-08-22,-1.9178728253919515,0.5223739621135068,0.9264651472288978,1.0895544780398938,1.1578003771527525,1.2229713301697964,1.150523945643516,1.1193873822136247,0.9426032095479336,0.7573270219359782,2.67519984732793
2025-08-25,-1.911067654081985,0.5337516357737337,0.9355823947427891,1.0996071407076646,1.1671382063369395,1.2330371461060483,1.1621712796257684,1.1323165396315609,0.954573217530118,0.7702432251083001,2.6813108791902853
2025-08-26,-1.914256959044832,0.534033330807728,0.9360508043484711,1.1027831199965141,1.172100491775251,1.2349618862862668,1.1679289987491694,1.137865226938947,0.9560253868340599,0.7716117931427418,2.6858687521875737
2025-08-27,-1.9390803033240025,0.5080988565326481,0.9121968746289292,1.0794127551712271,1.149378188951604,1.2117846340451952,1.1446355772191918,1.1144956710106881,0.9314050760607825,0.7446883800506169,2.6837686833746193
2025-08-28,-1.937533082649979,0.5099822669025983,0.9146033724119171,1.0868530920435757,1.1583385088602678,1.219820656909196,1.152657271491579,1.125791236570804,0.9418321273715224,0.7511918530066914,2.6887249356566705
2025-08-29,-1.9466874285900384,0.5028598779602221,0.909213203286891,1.0834310306604031,1.158136564818043,1.2168279122266412,1.1531399696716005,1.1243251316951264,0.9421189142055086,0.7545773568086256,2.701264785398664
2025-09-01,-1.9387095493670172,0.5120812891101166,0.9171361641976772,1.0902858817026744,1.1693271146876358,1.2268172211254933,1.1623394423053455,1.1320962672025867,0.9543947556430558,0.7654913644101934,2.7042009137772105
2025-09-02,-1.9525746900528482,0.4948658810707693,0.9023315914363131,1.0754324789689507,1.1529610857968093,1.2081546192961046,1.1427303525193881,1.1125018135960325,0.9357038459094958,0.7483544235652273,2.7009291136180753
2025-09-03,-1.9745150045641147,0.47484577617360463,0.8847410591937552,1.055892846934154,1.1345678013413374,1.1906478383471237,1.1253115963198705,1.0947745612397959,0.9158538362171892,0.7296233997327847,2.704138404296899
2025-09-04,-1.9863101089443345,0.47429166058167543,0.8819254617932191,1.0535877956130504,1.1288980795639825,1.184939837865639,1.1161272167538867,1.08404160380617,0.899737626743108,0.7086827545597372,2.6949928635040714
2025-09-05,-1.9479578642444726,0.5088433717514911,0.9099096110475938,1.0799726733331905,1.1538296435032103,1.2059565948064705,1.1355483115538125,1.1024089051079509,0.9151299457113181,0.7222265020020479,2.67018436624652
2025-09-08,-1.935929745765729,0.5203789593969136,0.9233893366622992,1.0925002802577841,1.166813839884781,1.219817642977524,1.1491513390192345,1.1156109044849076,0.9305148861209674,0.7354594570336206,2.6713892027993493
2025-09-09,-1.941593414483948,0.5121163330881082,0.9157957065134122,1.0847583416516475,1.1564376031660564,1.2108243913079428,1.137352486231148,1.1036618890432495,0.9169476857423997,0.7210756041048118,2.6626690185887596
2025-09-10,-1.9467916601361008,0.5097640378097726,0.9164056428676056,1.0862171540725696,1.1589029830854856,1.2135939961306341,1.139193571407523,1.1074798377890758,0.9215965147241131,0.7267467561598475,2.673538416295948
2025-09-11,-1.9382563249871079,0.5220324260932863,0.9303681709797664,1.1023351822883398,1.1746064729473193,1.2308583905225399,1.1552403563248657,1.1265560103418908,0.9411597530863479,0.7464340829476027,2.6846904079347103
2025-09-12,-1.9393031013035928,0.5226287463587059,0.9313757740213087,1.1010187024256965,1.172723958403412,1.2308529515291868,1.1539946405590025,1.1242461821814513,0.9394197141825239,0.7465649768179689,2.6858680781215614
2025-09-15,-1.9357151011524005,0.5218876306288232,0.930579693951953,1.100213413883074,1.1709888946642426,1.22926122877496,1.152749395198034,1.1229686447897858,0.9380148765706205,0.7446299273359772,2.6803450284883774
2025-09-16,-1.9284989474572092,0.5315254691648333,0.9412101997613253,1.110978351971736,1.1811705757344515,1.2409480938641646,1.1657866916469917,1.1347743427183472,0.9507400967514108,0.7572425129904159,2.6857414604476246
2025-09-17,-1.9250005079992452,0.5329415355425613,0.9454597651689027,1.11351799966589,1.1856364572848415,1.2444021276535984,1.1691915891407005,1.139038075899949,0.9537229174635637,0.7608831507471926,2.6858836587464374
2025-09-18,-1.9399613804210019,0.520136058634371,0.93129209048962,1.0996785287628736,1.1724060581997071,1.2297140713871735,1.155061974067959,1.12608294822494,0.9399481168640369,0.7462081446036395,2.686169525024641
2025-09-19,-1.9523062501947879,0.5151615534701435,0.9264548064746356,1.0956360170962598,1.1662227141299997,1.2252651600700017,1.1519563837233169,1.1228555554271644,0.9383508545188193,0.7421278945105652,2.694434144705353
2025-09-22,-1.9569255570076312,0.5170248662824846,0.9275071486672897,1.0980858532983746,1.1696049385939855,1.2288614399682922,1.154677471731435,1.1255203863759096,0.9409106395307307,0.7436458217693794,2.7005713787770103
2025-09-23,-1.9633032909662,0.5069034304322557,0.9159155881760559,1.0856332010600427,1.1564094414328545,1.21709953407941,1.1429334279904173,1.1098936813894498,0.9279399252330942,0.727473035496229,2.6907763264624287
2025-09-24,-1.950142329874866,0.5221695351371081,0.9330665919734792,1.1014733888714563,1.1722102717925516,1.2353830839830406,1.161278943526273,1.1259735412000946,0.9435121072125071,0.7406795605103081,2.6908218903851737
2025-09-25,-1.957373473651563,0.5164907964142098,0.9276108869672619,1.0962864433607216,1.1660951288755679,1.2311073390503435,1.1550424528913688,1.1213702143269175,0.9386317807216676,0.7379120874104741,2.6952855610620365
2025-09-26,-1.9694981883037674,0.5121159633571155,0.9230837500700628,1.090245019692403,1.1604217664188712,1.2220094466267448,1.1466291885821625,1.1107818376820933,0.9278595607355759,0.7260014318173293,2.6954996201210966
2025-09-29,-1.9633547192688647,0.521572660563379,0.9320275329214355,1.1019132814965604,1.167631642749017,1.2318574339292938,1.1569028419214789,1.1210912985650323,0.9388248703509038,0.7361027023513542,2.6994574216202185
2025-09-30,-1.9643226755121301,0.5238175085976184,0.9356436888498761,1.1053455210443581,1.1716474336858687,1.2393872701588282,1.162550266915822,1.1284788957192509,0.9461313287677616,0.7410388362665077,2.705361511778637
2025-10-09,-1.9533760382690228,0.5353346855567817,0.9468761546948345,1.1122995071158115,1.1807585711831357,1.2467098204039984,1.1696663744442846,1.1355090024045678,0.9511995674108705,0.7457970212015143,2.6991730594705365
2025-10-10,-1.9597260898803393,0.5304747642718666,0.9453653100538628,1.1085706501693486,1.1776935731069396,1.2456866959747697,1.1657768824117216,1.1318301050723865,0.94483285665021,0.7413694792686125,2.701095569148951
2025-10-13,-1.9552493643777207,0.5295258480233641,0.9460412713945893,1.1069446540129042,1.1739596228534963,1.2394912221795478,1.1618111728844367,1.125706155663289,0.9383915352228973,0.7314818239765072,2.6867311883542273
2025-10-14,-1.9681795832412263,0.5182731952132068,0.9333405676048232,1.0960481301097373,1.1631462825424739,1.2276508953791498,1.1482972135349832,1.1150226631134699,0.9251847905031372,0.7200294637734488,2.6882090470146744
2025-10-15,-1.9573318929677195,0.5349881469971747,0.9487024832572897,1.1106971586589063,1.1795558222051195,1.242652648055672,1.1638507318827802,1.1283673366364,0.9393044897608869,0.7321318509138391,2.689463743881558
2025-10-16,-1.9678995899253262,0.5236142035481341,0.9390561507631568,1.1013074452183866,1.1695831516186446,1.2318717696001906,1.1529438884994097,1.117269254224992,0.9292623261725045,0.7205304199042273,2.688430009829553
2025-10-17,-1.9924641301429833,0.5012801506337189,0.917878040957565,1.07912188179833,1.148304228669599,1.2104731075533655,1.1307326781154625,1.0937722485615857,0.9042175007449202,0.6935683224935965,2.6860324526365793
2025-10-20,-1.979534983727422,0.5133252689953993,0.9296953251136947,1.0907777100734877,1.1604917393753462,1.2230368919503032,1.1430446845317412,1.106869056057714,0.9180973008300685,0.7068145656452044,2.686349549372626
2025-10-21,-1.9690626056281204,0.5273969609438086,0.9444009527551123,1.1068621574827924,1.178746490056222,1.240712638262202,1.1625144764775095,1.1261856535427817,0.9354193706594236,0.7248320970837747,2.6938947027118947
2025-10-22,-1.9717560104756962,0.5263454726685554,0.9430394653004281,1.1075287975829484,1.1767947334667348,1.2381310357986919,1.1600568615907998,1.122224005019168,0.9326879239899514,0.7197770177874276,2.691533028263123
2025-10-23,-1.9744577064538247,0.5277935811057327,0.945300368300948,1.1113938167775197,1.1797838664989528,1.2410203141281528,1.162220345247707,1.124393929885583,0.9355243890971584,0.7236397452035422,2.6980974516573664
2025-10-24,-1.9821727333857284,0.5295549003869994,0.951919729388889,1.11855805493883,1.1871807545859774,1.250898877784751,1.1708822712014626,1.1349974440785313,0.9482852132289951,0.7365784741120716,2.7187512074977995
2025-10-27,-1.9764399290954804,0.5378069240580228,0.9604230995100648,1.126795737699569,1.1949255989853833,1.2596823889085824,1.1784009640344453,1.1434072972396307,0.9568115625935439,0.7456562787915519,2.722096207887032
2025-10-28,-1.9758066609544649,0.5371722686070509,0.960373074880185,1.1273362935855857,1.1953540047475613,1.258183031737937,1.1788363879303232,1.142769143308846,0.958986910372443,0.74639062247381,2.7221972834282746
2025-10-29,-1.9786358854878028,0.5416603987985421,0.9621334251077027,1.1306739747537544,1.1980186838251299,1.2618300159781055,1.182762133072298,1.147424347850857,0.9637477416376408,0.7503881413334343,2.7290240268212367
2025-10-30,-1.990801675004656,0.5327639832117718,0.949725923940499,1.1204840338027726,1.1861292853935048,1.2496611884938527,1.169911383393256,1.1373216486377768,0.9513305351081772,0.7375769396568227,2.7283786146614784
2025-10-31,-1.9874920377337189,0.5387879454868681,0.9578074153155204,1.1272029955743044,1.1954767212972357,1.26052002600382,1.17960851613754,1.14568383089302,0.9622824111492928,0.7487976386871003,2.7362896764208187
2025-11-03,-1.9781050319143911,0.5466284180257238,0.966701175040039,1.1330411276303458,1.204401939160021,1.2650231638982645,1.1868656828815087,1.151362157772297,0.969950459093108,0.7569775574898969,2.7350825894042874
2025-11-04,-1.9870441450525438,0.5371709728066598,0.9573397910412138,1.122961439879094,1.196284488775468,1.2553710271126124,1.1808463063417178,1.143859698501548,0.9654667007358697,0.752705154167588,2.739749299220131
2025-11-05,-1.9770333751679956,0.5465968952474775,0.962954900023751,1.1299209774987984,1.2029943069124742,1.2605911152145508,1.1871761448350497,1.148808506233781,0.9713012845104335,0.7590284153849549,2.73606179055295
2025-11-06,-1.9788539932784155,0.5510593291575502,0.9681185393611015,1.1353977553100216,1.2078596125916807,1.2653845046044425,1.1936627546964946,1.1573583352482144,0.9790727333605165,0.7665112320920744,2.7453652253704894
2025-11-07,-1.9786296259147869,0.5495477403266066,0.9686093610849675,1.134098108791162,1.2050196807371927,1.2631396708776326,1.190577600956098,1.1551046760331807,0.9764718506427021,0.76394530804635,2.7425749339611363
2025-11-10,-1.9711832730929544,0.557832026389812,0.9739542330796642,1.139997484774773,1.21202847388821,1.2691853797327064,1.1960754041422617,1.1608700931156668,0.9844096235971315,0.7714893393634223,2.742672612456376
2025-11-11,-1.9692906468450735,0.5612172749106266,0.9751231103332663,1.1401106207529814,1.2137611740361063,1.2707742056527418,1.1997797880194911,1.1606275776935184,0.9867931669447036,0.7731316386210655,2.742422285466138
2025-11-12,-1.9775975922389895,0.5549556823488462,0.9697864945781093,1.134967118412602,1.2076750907357796,1.2659283905222596,1.1945063692136575,1.1554828964766097,0.9825811946733295,0.7696445745057202,2.747242166744709
2025-11-13,-1.9665133545183946,0.5665057616541528,0.9825921620688829,1.14776139628536,1.2190381134098662,1.2774628487749624,1.2057571235335327,1.1642336736167078,0.9911199614543633,0.7776877450234071,2.744201099541801
2025-11-14,-1.9762276110843466,0.5631755330575406,0.9798874107644029,1.1449108169776638,1.2149321509392508,1.2747207621576768,1.2040302351842682,1.1591037990361244,0.9854443596864119,0.7721475606235685,2.7483751717079143
2025-11-17,-1.9721401361161512,0.5654575276622802,0.9829832064132273,1.1468061744297955,1.216608596803606,1.276321302833491,1.2065619463789146,1.1609404139455717,0.9852054634887664,0.7741444427905211,2.7462845789066717
2025-11-18,-1.9840063852848953,0.5543898009699155,0.9729324488144777,1.1353330536626907,1.2024759275675092,1.2660512726140047,1.194353120779801,1.1508522391077534,0.9737416134945802,0.7633253198656672,2.747331705150562
2025-11-19,-1.9943874516940838,0.5464114922138337,0.960883377823641,1.124655406140989,1.1891689929400286,1.2547711795073646,1.1821038965989705,1.138252833582861,0.9612235115717433,0.7482216334584137,2.742609085152497
2025-11-20,-2.0082392635346467,0.5389817411521897,0.9558913405738801,1.1199632697699746,1.1841741918947868,1.2499793973957478,1.1761462064778447,1.1299617337190313,0.9531156972826489,0.7416266752711266,2.7498659388057725
2025-11-21,-2.0417031748900842,0.49993332516822925,0.915368926926158,1.0787844437187015,1.1458656724211564,1.2119241753086054,1.1385408110732709,1.0933807441391281,0.9176904593908723,0.7065956423881249,2.7482988172782084
2025-11-24,-2.0228771269360952,0.5189319735673528,0.9325372463981695,1.0954872425368003,1.161259686890547,1.2291402214709684,1.1552960706351967,1.1087049154344752,0.9321580458822457,0.716137881209554,2.739015008145649
2025-11-25,-2.012647773504228,0.532043877829593,0.9458261289758537,1.109013852833565,1.1746190491557145,1.2397149056543508,1.1699457408987048,1.122864102682459,0.9472773573842528,0.7328496336266851,2.7454974071309124
2025-11-26,-2.0189960145897827,0.5279795234034259,0.9417796949024141,1.103893508218153,1.170894252696764,1.2365097949160695,1.1668004750090666,1.1200085119964995,0.9439879831571016,0.7298221838846467,2.748818198474429
2025-11-27,-2.0207693715189343,0.5304596231709886,0.9465652602302816,1.1076032515044865,1.1750800906227656,1.2409908045199118,1.1699771633310665,1.1254690968529046,0.9472957031424026,0.7364577984882152,2.7572271700071487
2025-11-28,-2.01389811088794,0.5422060204378454,0.9599922343405436,1.1187327730197636,1.187097029350728,1.2533215199592667,1.1842511211630824,1.1383532305286561,0.962458557506846,0.7501153643998778,2.764013475287817
2025-12-01,-2.0127111015516777,0.5458258772324736,0.9666347596292159,1.125447240437374,1.193812873553294,1.2607118449831438,1.1914693248402406,1.1463066771956174,0.9696813444294823,0.755944777934908,2.7686558794865848
2025-12-02,-2.0165231358504165,0.5414191965820851,0.9597873312595587,1.1210020240671281,1.1885019075254901,1.255564278800292,1.185216157606257,1.1404259056741894,0.9636106921274333,0.7498671794892776,2.7663903153396934
2025-12-03,-2.0244684707663905,0.5316755520747396,0.9518497134319285,1.11372528135035,1.181790925695483,1.2483737820833887,1.1779486561311507,1.1334318856807923,0.9562061290372116,0.7417918116245391,2.766260282390929
2025-12-04,-2.0345028500937508,0.5246094420857895,0.9438546791037822,1.1067751661896679,1.1758498396862895,1.2415400214189003,1.170452038931349,1.1267359697869568,0.95013813714128,0.7347147576462053,2.769217607739955
2025-12-05,-2.022485471914101,0.5386269361869628,0.9575000697931861,1.121731422318227,1.1906479398772234,1.2566195441264927,1.184603959703238,1.140199745404463,0.9648087553984193,0.7495147906703333,2.7720002625844335
2025-12-08,-2.0111338240510857,0.5487843016239127,0.9663292191748413,1.1302630870035415,1.1980164345306903,1.2647779615250636,1.1918970164908478,1.1465508998752334,0.9738831839693712,0.7597726082803302,2.7709064323314148
2025-12-09,-2.0158932522766064,0.5439533943102954,0.9599110690666406,1.1230623132442694,1.1910552330704722,1.2559601134937077,1.1839469579805382,1.1391258386255592,0.9666930273601988,0.7512006126506526,2.7670938649272583
2025-12-10,-2.015828803534018,0.5471539467298115,0.9620294837274513,1.1242578668830865,1.1943174702645654,1.2580621513528516,1.184713893727285,1.1384178113382895,0.9651920860952,0.7490759716195685,2.764904775153586
2025-12-11,-2.034661701949697,0.5325141664343304,0.9450641361835623,1.1075715666736576,1.1773631066054546,1.2420823291710608,1.168717782997387,1.1228798293716398,0.9496477613881505,0.7311034641553643,2.7657651661050604
2025-12-12,-2.035592909433566,0.531201770209268,0.9467494768721848,1.1101287608533412,1.1823954139444872,1.247005797401798,1.1731224480460314,1.126442058608008,0.9536217775804204,0.7389303000810571,2.774523209514623
2025-12-15,-2.0399601353550865,0.530289257490529,0.944851280025121,1.1080664796847137,1.179726615639385,1.244976212965074,1.1708492726980848,1.126016807626329,0.9518326250752244,0.73659234923865,2.776552484593736
2025-12-16,-2.0558483683994524,0.5154458765143854,0.9293371988118223,1.0941915565402547,1.164045989948772,1.2282955734239087,1.1538690049499045,1.1101886608791227,0.9330881639570873,0.7164835882687633,2.772331956668215
2025-12-17,-2.0539241655451352,0.5227406371891684,0.9397123807135221,1.1024516458649543,1.1757642107716655,1.2368398891258885,1.1621673178717522,1.120154632351949,0.9405062706148277,0.7252417240215864,2.779165889566721
2025-12-18,-2.0544748489666143,0.5258663238597528,0.941510339991226,1.1045750250064044,1.1777244760679866,1.2400299338555418,1.165086114192194,1.124727125652215,0.9444077635494834,0.7246123090274759,2.7790871579940895
2025-12-19,-2.0406284462988658,0.5414049444617884,0.957900722819432,1.1178640522311991,1.1940090922077855,1.256529929597212,1.1769193752067941,1.1390827004440311,0.9568430705400705,0.7378314681244574,2.7784599144233226
2025-12-22,-2.0341031902363973,0.5457193261758246,0.9640255205822877,1.1232076436716478,1.1993951090530874,1.2619342395177473,1.183523336736229,1.1482315738407456,0.9640205428360421,0.7431892027275775,2.777292392963974
2025-12-23,-2.0392258646689494,0.5421353809972786,0.9608360921307767,1.118741968081761,1.1938252534881324,1.2557347386342286,1.176806747341307,1.142934727768348,0.9586769231656278,0.7355229783552146,2.774748843024163
2025-12-24,-2.0255905252262782,0.5539435381525678,0.974257317225868,1.1309895003357955,1.2048415847632366,1.2683097512679937,1.1890872168113977,1.1555261643127903,0.9705377720920022,0.7492016180299127,2.77479214325619
2025-12-25,-2.015719565712483,0.5647290300795357,0.9864359076315196,1.13948176987585,1.2141767429564128,1.278247950408541,1.1992425954976627,1.1641503059471068,0.9788732098090762,0.7577220879079318,2.7734416536204143
2025-12-26,-2.0192460990131904,0.5639894082544822,0.9851341674448584,1.1380306181655602,1.2148700990890635,1.279479673660966,1.1994897295773082,1.162435198696936,0.9781756746193818,0.7585151080854455,2.777761207098635
2025-12-29,-2.0251582256541494,0.56397976352364,0.9875669072726457,1.1363958229947861,1.2161749595360882,1.2781640101532945,1.1981672563240264,1.1618313715449111,0.976074179277379,0.7535448763185908,2.7787031019727397
2025-12-30,-2.0266828571137876,0.5642437768246216,0.9867174140458272,1.133514531825126,1.2130343164222408,1.274757025502221,1.196763099472683,1.1580550102758378,0.9748135879765621,0.7492282367633814,2.7759110938771685
2025-12-31,-2.029140032886626,0.5657730229870328,0.9897253651411821,1.1357311371272338,1.2160255074001416,1.2771292382573813,1.198606710325904,1.1595841041750719,0.9759880202039647,0.7493671964637638,2.778507229350389
