Date,baseline_SI,perp_same_day_return,perp_vol20,perp_log_adv20,perp_prev_day_return
2022-02-07,0.03595728204521921,0.04478449439091435,-0.027561562736575892,0.030272940843067118,0.03144497091776598
2022-02-08,0.1217463382331925,0.12205922214695665,0.09813168663913864,0.09326236140986019,0.11227545808664771
2022-02-09,-0.029403861645283014,-0.028577550547346443,0.038743714166905086,0.004826310548511151,-0.03430585020969678
2022-02-10,0.05595192400039753,0.04736837180616137,-0.017122867913293316,0.0574817863758114,0.04307959849004443
2022-02-11,0.036576533859175885,0.042134097889849995,-0.07068676264201106,0.03390868434544251,0.02780288662040401
2022-02-14,0.001276625235242344,-0.012956720726029516,0.041130934411558115,-0.02689912227082204,-0.0034588581932452327
2022-02-15,-0.07475808281096737,-0.0796235421700465,-0.05922495400543014,-0.04069120367778225,-0.09151858931388573
2022-02-16,0.06537574944437466,0.04573124157948537,0.05784318923598056,0.0217666092492873,0.06351479149397715
2022-02-17,-0.017824494889882126,-0.016327786808260074,-0.052603363215946865,-0.010488133135129137,-0.004639317319636213
2022-02-18,0.07845387434199108,0.0560235151316223,0.0807275808096565,0.07279505195327593,0.07827468763137198
2022-02-21,0.0085433492510526,0.011552137125897099,0.06715649597594699,-0.008292148276265482,-0.007435650340347581
2022-02-22,-0.0024265364742770226,-0.005269671543279156,-0.048930084557539597,-0.01712754479266271,-0.0031204078146676723
2022-02-23,0.007546940399338989,-0.0007444560124608954,0.04087656213404191,0.019171682344980137,0.001656768084205911
2022-02-24,0.07758824860092715,0.07683136489440434,0.006477486861554287,0.07245297283569661,0.09496635400466756
2022-02-25,0.05388262703273294,0.061642771124560285,0.05946860771030488,0.0424032404162584,0.05534017048388606
2022-02-28,-0.01197462640199327,-0.010583263982914513,0.0033902436310339614,0.043505880319211036,-0.012037986633101938
2022-03-01,-0.01541589962078888,-0.020647809559113633,-0.00870446601444505,-0.04292714440471482,-0.0193104923444132
2022-03-02,0.05915543451683236,0.06110989043193484,0.018357268902797253,0.006155184287476219,0.058159918095875035
2022-03-03,0.10483943565618593,0.12378243953303428,-0.007802128843588946,0.06716583349861031,0.10549752214388938
2022-03-04,0.07763851422066326,0.07754033943635835,0.02584764677966005,0.06251355044494873,0.07542676484405907
2022-03-07,0.020136417973448763,0.01879923797105704,0.007768373968046505,-0.024446255928476813,0.020643542400559572
2022-03-08,0.03479550275170161,0.02862394679870606,0.030817567559974796,0.03886427309364532,0.03743487698591274
2022-03-09,-0.09537162079709022,-0.08888081506568148,-0.013325530675637147,-0.05144407769776237,-0.09846165760697428
2022-03-10,0.07107327324227035,0.05719035577058714,0.09847181339364212,0.07477173961975891,0.06188177485037818
2022-03-11,0.07738331469821669,0.07724644046779922,0.031515703638278096,0.05358979814543389,0.04611104851098141
2022-03-14,0.09817458429480767,0.09312432001491906,0.027912474664898816,0.07343624048221042,0.09742976888159666
2022-03-15,0.002525600992718608,0.007005347193202729,0.04803828621441569,0.0044103590765335226,0.0017401322502074758
2022-03-16,-0.019924270370052975,-0.010540945221741689,-0.00670897021451385,0.027413070172460856,-0.026795234950217663
2022-03-17,-0.04487339960229816,-0.05224958589266346,-0.0033051572155086864,-0.039032188985587704,-0.06560616777360297
2022-03-18,0.10754850250056791,0.09371248939626357,0.062446741942785676,0.07216297456285028,0.10156632492695415
2022-03-21,-0.008524369611822862,-0.009603296633458498,0.04380911045362725,-0.03669956919015579,-0.0006093637014429025
2022-03-22,0.15014757967788028,0.13888219084324885,0.050016236980354796,0.12183872377880281,0.1465501968479169
2022-03-23,0.04100366135745672,0.04957189587880804,0.008049460779253611,0.04047242872513784,0.03618325157006573
2022-03-24,0.06950890161397774,0.06971645869053571,0.0847323681752919,0.08111693852597536,0.07522527400120586
2022-03-25,0.13742388261052918,0.13673378077591616,0.04471186200261899,0.06675104118753455,0.1379905181777563
2022-03-28,0.12530789527768585,0.1218466569770639,0.07308506166228439,0.1276130960876395,0.12259905568927543
2022-03-29,0.06097309496775386,0.06135962554582182,0.06657528971048006,0.08955563092874703,0.06082587312286608
2022-03-30,-0.02984672774669348,-0.04283473444997109,-0.03773181092408224,-0.0012831264610057473,-0.0283116360313206
2022-03-31,0.1300659703763309,0.1272540723411516,0.05616339404544576,0.06492522790991219,0.1282847532561164
2022-04-01,0.0890329491294574,0.09035981718575427,0.021616099587890118,0.11221775092326443,0.09178126071502667
2022-04-06,0.1332516572669579,0.1346271047712446,0.09548445474661625,0.08179053843405941,0.12927980898694028
2022-04-07,0.07576969075914718,0.07828698233515095,0.013840040609228364,0.07186106867568502,0.07252588478500784
2022-04-08,0.057667480448916696,0.058118345860079856,0.027366013152220762,0.07771120291585014,0.05551852380072584
2022-04-11,0.08136866725183901,0.08102656289241374,0.040548733237977,0.04985155558629295,0.08188548165832472
2022-04-12,0.06686598557080883,0.06613041658651866,0.018271329481798545,0.04207783406384858,0.06711551409348071
2022-04-13,0.13795262731918262,0.1377503629162414,0.029943784980871,0.11866785288096506,0.1393537362856701
2022-04-14,0.03393614980052656,0.033099645871412,0.056079350904542295,0.06866072878848908,0.033796512846672545
2022-04-15,0.07765496663481088,0.07841885492941565,0.015752926200759756,0.09780860683291948,0.0758534781691436
2022-04-18,-0.0008209417463542342,-0.0006660737094067571,-0.000345191254064597,-0.0468287276267711,-0.004072583340306411
2022-04-19,0.07208745347328288,0.06659846585812236,0.05579412628008222,0.06553573435192549,0.07476891017030915
2022-04-20,0.08198988932710524,0.08074526367201279,0.0004638991504043858,0.003762201877554075,0.086630582487739
2022-04-21,0.11057660514512636,0.112999608908204,0.01909322223932926,0.08858511924751833,0.10753883954605638
2022-04-22,0.11193574550220857,0.11227348126219056,0.040633772050720426,0.1029979949255725,0.11068986109690185
2022-04-25,0.05577784786383104,0.04778907358429559,0.021772987890411807,0.07979289819507092,0.05882200457875165
2022-04-26,0.04034751292133668,0.049804118161849945,0.02969363020027555,0.08035388383840754,0.041021596330076356
2022-04-27,-0.0572976848235289,-0.05847843882857446,-0.013638540725030259,-0.013492416066658389,-0.07144166767552522
2022-04-28,0.014960352260744778,0.016494553371808687,-0.02266680924070646,0.04776300944704424,0.01791526813481116
2022-04-29,-0.0021042589246531517,-0.011973873422070468,0.04538840560160846,-0.027296470878559673,-0.0021184127757658214
2022-05-05,-0.008034557072821753,-0.0017839312032784816,0.03150094743853375,-0.026920855872813076,-0.012181290761115003
2022-05-06,0.059593973912803244,0.08041023538200716,0.08977915043034948,0.0032375432266532377,0.06804504871958561
2022-05-09,0.021427867817630706,0.021313744994743877,0.032105559240769035,-0.018588765415581753,0.0268791069687465
2022-05-10,-0.03842106828313016,-0.040110650153259195,0.023487860973003045,-0.03951363693021613,-0.04023845739456907
2022-05-11,0.009258248735202012,0.01578529438865174,0.034801504462752784,0.0405849637286748,-0.009898355004736554
2022-05-12,0.07451581370260167,0.055617329989690815,0.08635892818040473,0.012839978038970192,0.07549406925787132
2022-05-13,0.021824347634320427,0.02220849166101921,-0.02104840680983451,0.016401015050947678,0.01990348623238166
2022-05-16,-0.011069203872999544,-0.009471216160478985,-0.0053693218829656865,-0.024352871577164124,-0.00910794486051941
2022-05-17,0.010704516059603321,0.004982997903439825,0.019097121598258843,0.04885749798382975,0.010858062089337622
2022-05-18,0.07089004317498436,0.07094680201053255,0.06761209106413234,-0.02240238547574937,0.06710494705864503
2022-05-19,0.06270241880749193,0.06322448223298908,0.08862883292633897,0.04553224839372593,0.06370872865165995
2022-05-20,0.05885575622570078,0.05678851304182982,0.004498776761161541,0.08713305451641758,0.0545092490936304
2022-05-23,0.06368449135417498,0.06367130147696415,0.07529398643135961,0.0022279979246129416,0.06289773965930645
2022-05-24,0.1006965888565245,0.10259848651742176,-0.02017283070808969,0.12018921556172865,0.10053103911272339
2022-05-25,0.02905472073841452,0.029236728561870942,0.01367981597074008,-0.0034744471887352504,0.02893616179909465
2022-05-26,0.09550325928003738,0.09595105460278251,0.0016546131641375218,0.09707321800214658,0.09552765030933051
2022-05-27,0.01926900640756956,0.01739757674877075,-0.00191745662332531,0.007693364071302168,0.018180726476753596
2022-05-30,0.11754478352965891,0.1171824039494531,0.08534378362537158,0.08398822892996774,0.11876705673111276
2022-05-31,0.09167686964304204,0.09113043914161845,0.06346860181415662,0.07248701619365792,0.08506299721927155
2022-06-01,0.13011042195597416,0.1289129690049699,0.09486456434864718,0.040712929009948155,0.1297628868885667
2022-06-02,0.15995310969774448,0.1499957794795717,0.1320110114219756,0.10346089351135154,0.15004239991975712
2022-06-06,0.016206995641773355,-0.002069417972501864,0.05508283290997699,0.03506639627136978,0.016127495358423092
2022-06-07,-0.02779382193752065,-0.028588774723200212,-0.04870241906397839,0.02672796743609735,-0.0014884671373843962
2022-06-08,0.014084577093660454,0.012439637697432396,-0.05798747991673095,0.05551299140700608,0.014134155815714774
2022-06-09,0.06379230542605178,0.0686669414400896,-0.025958785445818228,0.09083528593301907,0.06718508721249628
2022-06-10,-0.017787220568394022,-0.02350269414282894,0.0020894891137791384,0.002105990202476189,-0.0174145168202672
2022-06-13,-0.02671096959662457,-0.016462961555860436,0.012457945251713846,-0.04100456589338269,-0.03194571226471123
2022-06-14,0.012196307766790234,0.006345403737198148,-0.05930472922759209,0.03200998077337087,0.010313769246155766
2022-06-15,0.011042280386368113,0.006893735107713717,-0.05143901004546812,0.003120564539945509,-0.00038385879267795983
2022-06-16,0.005384341121787276,0.005133930378638024,0.05161717101216892,-0.025929342056250724,-0.014922242444359073
2022-06-17,0.03186557243601261,0.02842221399820894,0.07097427919160967,0.06242686608530437,0.01957409728625017
2022-06-20,-0.01618155039856139,-0.01475430406665457,-0.02888272041986283,-0.049436833813959934,-0.010060520564323015
2022-06-21,0.033115117976417224,0.03210543042923819,-0.03262419538242852,-0.0018600576648175008,0.02678954763451929
2022-06-22,0.013451843836992513,0.010650442618639193,0.010104702546101326,0.0175768320798744,0.013581997153715778
2022-06-23,0.05270488616425551,0.050100143221180456,0.09897210283305512,0.05676376450413195,0.049443441268398454
2022-06-24,0.05068150858937508,0.05003440986519511,0.05999875160842709,0.04003963837839573,0.04534123733415377
2022-06-27,-0.04090537397455303,-0.04143108209284002,-0.04981145723304258,-0.03583461570510317,-0.040923959952576604
2022-06-28,0.015587422111770279,0.008487369259585452,-0.013452214188213555,-0.016036387113479565,0.015653451166615616
2022-06-29,0.030944892016144587,0.02769118930000484,-0.07395973916167624,0.00445179967710203,0.029202262348137057
2022-06-30,-0.02085336269462096,-0.02123807165631264,-0.011205493097253782,0.0020246435332219675,-0.02335237312869833
2022-07-01,0.049049414890030604,0.037219523851603764,0.013314485531096652,0.035783563257674345,0.0450327544537299
2022-07-04,0.019608260559085707,0.01888609652050332,0.019318778598075112,0.03444804726162869,0.019284601723935337
2022-07-05,0.01712391542821952,0.017300926085882976,-0.025087818121545723,0.03496991930273259,0.01598062054459023
2022-07-06,0.041575452490466534,0.03450016245502145,0.08092817859567547,0.01468394510600405,0.038814575254168295
2022-07-07,0.062254734252753935,0.0619792726059595,0.10406215855567326,0.0756810270890449,0.061658535673396006
2022-07-08,0.04920924581121219,0.0448548956953701,-0.048789969876520345,-0.0005604411884939614,0.04845433903015316
2022-07-11,-0.009004126536364322,-0.007787741526377889,-0.05750562404248341,-0.03384103203076677,-0.009848833440390505
2022-07-12,0.06354673007180087,0.0682989269088085,-0.016981043866076097,0.07414638572573438,0.06359653950109455
2022-07-13,0.046908500196326676,0.047230543113103256,0.03524099888902236,0.012417588108737188,0.04125727854209702
2022-07-14,0.016931725204863874,0.0164225651214775,0.1487708587109119,0.019317593976856257,0.005522744188226047
2022-07-15,-0.03734776054704606,-0.032736919073683875,0.06742228268687685,-0.013750008906407256,-0.03841157104805563
2022-07-18,0.05740192409976088,0.03617048024223251,0.008795815891907768,0.017301743299336377,0.053515178023249184
2022-07-19,0.05386504484226204,0.056643101496739234,0.015226974993462096,0.006748948332614592,0.04670462475927371
2022-07-20,0.050335490951494796,0.04932335691624809,0.025805286475321137,0.04756423344584785,0.04479577362268868
2022-07-21,0.07473380901717455,0.07069320885625799,0.050489478763095716,0.03336179137990899,0.07621083360363295
2022-07-22,0.06299513935953123,0.058028869159967564,0.03451487589793333,0.03891375308783438,0.060142403305949374
2022-07-25,0.0187285000498043,0.017337224199268718,-0.07816942102937059,-0.017862953437724538,0.01719947258117132
2022-07-26,0.003163083383710344,-0.001183713770758969,0.028912169763679555,0.021004803675656797,0.0032179257812136952
2022-07-27,0.02134982023786428,0.016127686171924675,0.10609195066258212,-0.004730272793080039,0.01965806922940604
2022-07-28,0.0297683957223691,0.03534409689231175,0.02179506547598506,0.0016923149806122226,0.02774352917186418
2022-07-29,0.03496292947092499,0.031969125181291726,0.05736774772963466,0.014269259757518157,0.04459946862400631
2022-08-01,0.0745064353301815,0.07357870217050834,0.11488907338518267,0.08149234715058579,0.081543265308658
2022-08-02,0.031394661315800286,0.03538800109888115,0.022903254453953165,0.058474521455824574,0.03332343530917584
2022-08-03,0.07816777035115419,0.07474436227633999,0.027400903728372554,0.04341636226657105,0.07804784665831967
2022-08-04,0.032072286805682804,0.033758085501717064,0.02840256907904016,-0.010622786835049925,0.004316741229972388
2022-08-05,0.16222993276756842,0.16224274058136026,0.06495500004689848,0.14599217906287223,0.15173481148523546
2022-08-08,-0.07476347594419366,-0.048215795571712315,0.019216657485720382,-0.08360834898022995,-0.07463775420346834
2022-08-09,0.005743484998828485,0.007350224465615167,0.035785081520903414,0.0060170944605166575,0.009861619400249783
2022-08-10,0.03168257986582862,0.03854595445665304,0.06006745249967445,-0.004972620732581464,0.05628618207341932
2022-08-11,0.07699307620969514,0.06311757799461376,-0.035456323147674086,0.06523161156139226,0.05703295794138535
2022-08-12,-0.01039628335516189,-0.010643209842283601,-0.14041417588979033,-0.03701875288252805,-0.019580629065633084
2022-08-15,-0.023477445074737972,-0.030013627906198416,0.0676486981956053,0.007079918906178557,-0.024439656384037365
2022-08-16,0.0009000524484458774,0.007975626547306698,0.02456665114866025,-0.01484143499979982,-0.0015474135356543658
2022-08-17,0.02322004404532059,0.02060592562055118,-0.04060447189475835,0.018024513922438427,0.019103557590880654
2022-08-18,0.06521915483063818,0.06339653730246461,0.17826975594250374,0.07296698687148283,0.07194840765918695
2022-08-19,0.02622029178843028,0.01774878708482613,-0.12460518006006015,-0.011859091176713164,0.03230807136048068
2022-08-22,0.04809276359238164,0.04844076921222081,-0.02518714209624726,0.04632293436023146,0.03956242820925986
2022-08-23,-0.026928387954038593,-0.026676998561129192,0.008496336371458121,-0.03923923065389349,-0.026829576412197107
2022-08-24,0.04374620087304417,0.04142031224600242,-0.13935307299392694,-0.012560569127474056,0.0469295067946858
2022-08-25,0.06511100343607719,0.07044541428777955,-0.08626884240551247,0.049404918848097765,0.05653517932536408
2022-08-26,0.05667328131699502,0.05694359888025109,-0.009413648575213034,0.04295684630715459,0.05943425468552728
2022-08-29,0.023962211130671523,0.02525254523411169,0.030984309131165108,-0.005814825988454825,0.025426291331991077
2022-08-30,0.06241127673063994,0.059769990733060184,-0.05240741123052694,0.01071041404557302,0.06134343074139553
2022-08-31,0.06665725269262443,0.053751312658331066,-0.0964448183733087,0.028546167677959335,0.06389476948349208
2022-09-01,0.04826213089482377,0.04826553605788842,0.003287129133994957,0.02576603093146106,0.04280132894053828
2022-09-02,-0.002214825658132866,-0.006806756985889593,0.06837779490892329,-0.025612807575122392,-0.0025944767969959697
2022-09-05,0.006478299671648736,0.0009536505655316774,-0.02465315344630824,-0.006853805643899701,0.008931391774552865
2022-09-06,-0.0035447543820126552,-0.0007821537484713789,0.08410975638904475,0.057237328742904735,-0.007740348065715982
2022-09-07,0.01844831156737336,0.03163301856102771,0.13090409247789334,0.05451969128075317,0.019367115131407212
2022-09-08,0.07666855055861777,0.07297105077524421,-0.01612403369572894,0.06312072822855191,0.07618602996904109
2022-09-09,0.035371859704629166,0.03542043718720775,-0.09845869969016899,0.03966312872159374,0.02834018595216937
2022-09-13,0.019179374698219922,0.019494926751841054,0.011665088244453886,-0.008225571940029862,0.019166236975179492
2022-09-14,0.05136168498017061,0.055022794744454345,0.006519410495678092,0.0031453361729180756,0.0512287617979294
2022-09-15,0.07228543199784186,0.07670965604933519,-0.1330309666125312,0.027640778889529607,0.0717697919253069
2022-09-16,0.03861975291887362,0.03232011194569843,0.13398998528328818,0.058797244972950434,0.039995234901433196
2022-09-19,-0.016914860603901738,-0.01809248941379305,-0.00640238199478203,0.027249170942038953,-0.01680220738808583
2022-09-20,-0.0347428002975986,-0.04086055558967688,0.07540423179041728,-0.041404772042821385,-0.03614368461185558
2022-09-21,0.08184271114173872,0.0804098206172958,-0.024013126174748628,0.03296754911532993,0.07658843003062919
2022-09-22,-0.020412992010608467,-0.0184606303231638,0.0967234536067158,0.012314036009297136,-0.01580216879033709
2022-09-23,0.07760590798136172,0.07001411242363768,-0.07004261015114303,0.0848433807347787,0.0727383179514145
2022-09-26,-0.0583937151570621,-0.05786627937432651,0.06516501248986038,-0.0011791147661572429,-0.056449096134913314
2022-09-27,0.09025906359174075,0.08201090693423452,0.01316290868068798,0.028245736247358277,0.08970048630608851
2022-09-28,0.06734595927366273,0.06016894491347752,-0.09781758481287772,0.0077884798071756875,0.06154992583916561
2022-09-29,0.012433937035159144,0.010822290120732164,0.049634217653037216,0.05029709245901569,0.01395454343767386
2022-09-30,0.10481272232016818,0.10512950041713706,-0.07683269204848056,0.07047870307084851,0.1094127958499022
2022-10-10,0.050081837352758125,0.04262166604600481,-0.027353484242982173,0.038308887257825386,0.04994479620827937
2022-10-11,0.008635720562140473,0.008641092808610806,0.03103144850863208,0.031000521440855792,0.012941184842117495
2022-10-12,0.04410904629403748,0.050281828344604984,0.12751233628039152,0.04084262775743703,0.03822941143729358
2022-10-13,0.05566080166541217,0.056973661882388484,0.046352312822113,-0.023464411659335892,0.053177567964990305
2022-10-14,-0.004839117932230075,-0.004055617766120491,0.0434272944018804,0.0031295760494832914,-0.004925894900274028
2022-10-17,0.07729463366789181,0.07943191723417556,0.09538121037558847,-0.0028866970652032865,0.08398205046365463
2022-10-18,-0.0010886191276716537,-0.004474417432427296,0.037680337432611094,-0.010485130194807464,0.012974087086476472
2022-10-19,0.038474632686901475,0.03592582005675817,0.027352286046346475,0.002705918844997759,0.04260313665707697
2022-10-20,0.15427008366913847,0.14821294969059146,0.11780379364694826,0.12218318096272668,0.144650721495642
2022-10-21,0.05763510907987089,0.06860081217847568,0.05254597858871048,0.025765517632699762,0.06453387746544027
2022-10-24,-0.01377758113727742,-0.013625774565800683,0.05045287011459149,-0.00671543004080099,-0.017857185738343426
2022-10-25,0.0348265300517046,0.04021359693556608,0.012047982530193988,0.04588880477503259,0.03408381474052662
2022-10-26,0.09477460681399509,0.09549799289929341,0.16247242141388604,0.06347100085919954,0.08970409763628728
2022-10-27,0.20126259809685002,0.2006273211055407,0.09014461134919702,0.16030240859583858,0.19958440772585792
2022-10-28,-0.03652311003021032,-0.049341207555906146,-0.031707863900496173,-0.015746917313374457,-0.036653728111670544
2022-10-31,0.10838516065654615,0.10622719294043155,0.15325404063606024,0.05772787919933955,0.10775345055213056
2022-11-01,0.07925617847794837,0.083115306591693,0.08800744068259193,0.09599880497999358,0.055908542784618556
2022-11-02,0.024735678070014106,0.019244756758697065,0.08283667913611563,0.03261294460189695,0.0279824059999496
2022-11-03,-0.01951973565708491,-0.022122744890934968,0.05436306113645205,-0.02537070807822213,-0.02266790480494799
2022-11-04,-0.01989338253266947,-0.027037934937602818,-0.009241918475039123,0.0506547809596046,-0.013982632149250458
2022-11-07,0.04529739630887646,0.048858607193746045,-0.04132760780810461,-0.004854009099601005,0.03701668031191131
2022-11-08,0.006773608284635458,0.006718440505075137,-0.07213387573404806,-0.030549617407890986,-0.002423997613557642
2022-11-09,0.013417016393096007,0.01321718029385669,-0.027413815198799374,-0.02346346021112672,0.01344004782768567
2022-11-10,0.10265764171493304,0.10474798736397926,-0.01863144291274659,0.054961160073292326,0.1080260788512772
2022-11-11,0.1207422075067227,0.12324988623447229,0.014132418723018366,0.1330082108353875,0.11595752238929907
2022-11-14,0.09526683943345388,0.09628659228673121,0.04585513789283316,0.060639315089127614,0.09434970965984363
2022-11-15,-0.014902336669611898,-0.01640330313268704,0.06055912854090781,0.01640728839044165,-0.01398344654367159
2022-11-16,0.09445913436363902,0.08529069791856154,-0.015802544593201687,0.024690097689208865,0.09414400575144793
2022-11-17,0.043093339404149826,0.04475150507651489,0.023719234524122626,0.007998348258955809,0.04420006613327371
2022-11-18,0.07380232847421546,0.06974242113626986,0.020991864741724816,0.06559376951741283,0.0731696376769619
2022-11-21,-0.069518101719404,-0.0693976971556168,0.0017479041603246214,-0.06198275878952178,-0.0756031815555554
2022-11-22,0.1275668029287851,0.10379229539639993,-0.05574494826191839,0.0837134044854469,0.12763944323432558
2022-11-23,0.024822963791374632,0.014610743767759917,-0.049259388553386144,0.052574152058467744,0.028737870486295215
2022-11-24,-0.01462251408901517,-0.014050406406145027,0.01733636878480808,-0.030999537845940676,-0.00014056705869717545
2022-11-25,0.12619110347725176,0.11824841681739041,-0.049896980846315976,0.0994010336902526,0.1261934197014484
2022-11-28,-0.025387269483845887,-0.030003759369087567,-0.044621303981202634,-0.025325753515400208,-0.027034814548231766
2022-11-29,0.1051655092775191,0.0942085282883436,0.056178974493419576,0.10242252402955192,0.09598746166679545
2022-11-30,-0.004319280579658636,0.0005723201861599174,-0.049899905104485755,-0.0003972473986958948,0.00442698040425039
2022-12-01,0.03380692101768881,0.021761844751647746,0.08494813594292519,0.04858571262770878,0.03832574225158185
2022-12-02,0.01870615851032741,0.01919345762417771,0.005314435596551118,-0.05553244453097779,0.009507768319674597
2022-12-05,0.12734429189909593,0.12029172434475048,-0.0041475079846367046,0.1250082760974897,0.12763007956934014
2022-12-06,0.05175117149072353,0.05350877951101473,0.01190739712907161,0.07557852253865728,0.04472318568174074
2022-12-07,-0.013602435248316691,-0.0116232777010873,-0.005151996447233195,-0.028238288005353628,-0.012400407208850243
2022-12-08,0.030786766533725446,0.03740209364955796,0.0025538201468109263,0.0221888289387563,0.03170256355913804
2022-12-09,0.042165033567355535,0.03825229563611328,0.0568541121401887,0.0833717061241314,0.036846237068443206
2022-12-12,0.002658605394426222,-0.005027243971893745,0.11300706229771315,-0.011658987159288477,-0.009017147297063918
2022-12-13,0.0318975245436805,0.018804839549272364,-0.10559872935372014,-0.002700601776285909,0.03316386618503956
2022-12-14,0.06900591140257946,0.06700839022761582,0.0170180932802545,0.06873467327932695,0.06190253585075408
2022-12-15,0.013445495573628709,0.016553141229741834,0.03925702875397686,-0.0006322202542480735,-0.01602756230978596
2022-12-16,0.04239786099322724,0.037907547030695966,0.021994616997832447,0.08294329988463017,0.0447161042252122
2022-12-19,-0.00460797292539669,-0.013263174780474235,0.004531718887060456,0.02700027813540467,-0.0007814128431548507
2022-12-20,0.08220115036588795,0.08210363002780549,-0.03717152695386558,0.001090334686907854,0.06867908225850428
2022-12-21,0.019262988486829172,0.03605073122702256,0.0038514794678848443,0.038886267656907995,0.018612863935663342
2022-12-22,0.08580196040977431,0.09306311941063347,0.0502392915903803,0.117357424712803,0.09461350794182542
2022-12-23,0.07601366323530158,0.07574901856742897,0.0664806456889653,0.058837420449026095,0.07826445475152569
2022-12-26,-0.057393759464947236,-0.041841494425208424,-0.06567050821098411,-0.07236072013668225,-0.051010581564529145
2022-12-27,0.04214160108470212,0.05045618877384407,-0.02433291240662817,0.060387605230236244,0.05042046076157476
2022-12-28,0.08485364965656747,0.08496139474399361,0.021704671479332086,0.1247420039029192,0.07043998168823731
2022-12-29,0.054973829398574973,0.05496188290137101,0.07329768396166655,0.06673492165151419,0.05457934489738411
2022-12-30,0.08304650789453438,0.08170404768148727,-0.01583595807922871,0.029537392614071362,0.08321600631683362
2023-01-03,-0.021766319291937605,-0.0195289002359664,0.030738883233435474,-0.06049588804515964,-0.021323286735564485
2023-01-04,0.0896995483732215,0.09057305552291003,0.017764875229768887,0.02297053108386787,0.09024187998576695
2023-01-05,0.041501470113823734,0.04424545316738639,0.04087756490646142,0.08094634069482867,0.039601857399109784
2023-01-06,0.01284392214318714,0.008017930837879193,-0.004700945104931468,0.011136303482103446,0.012569600245494491
2023-01-09,0.04907443054344224,0.049558502677278,0.0451075411342456,0.04864723268497271,0.04918031167947403
2023-01-10,0.05732192525680683,0.05771291963340906,0.08912586502293986,0.08213743167353739,0.0626620970891505
2023-01-11,0.08321777820754875,0.07855399319475978,-0.03071080789322453,0.10705766535866476,0.08269085325318372
2023-01-12,0.11026097518020554,0.11229978426462307,0.06937275972151682,0.06815244207564636,0.11135543079969387
2023-01-13,0.12450069486325523,0.1289229066067732,0.009869925206201387,0.14942414515736843,0.12421760981323712
2023-01-16,0.095594678652258,0.09980496906841897,0.05184324563428398,0.06801557713908042,0.09578870151911739
2023-01-17,0.0814427680665737,0.0798685706549822,0.024236201840745403,0.0718437514947942,0.08722698012411795
2023-01-18,0.09582314245472445,0.09652431196103799,-0.006363588490816715,0.0069352727944524085,0.09662522125765143
2023-01-19,0.1684609578650177,0.1652859217793017,0.10397380840574699,0.14020466410458787,0.16919771822702148
2023-01-20,-0.02641174803732053,-0.007915815303743657,-0.06669382913880907,-0.0167180005421899,-0.027530919939654216
2023-01-30,-0.0311820664902242,-0.030092874050018446,-0.013276879418250322,-0.09249788438165593,-0.022144906290173225
2023-01-31,0.03889622071971128,0.046779127490445147,-0.024142647834335156,-0.010290651460208076,0.045127400328284994
2023-02-01,0.040475966875734515,0.03783901673120289,0.0786811346353187,0.02877209062283527,0.05050996192877852
2023-02-02,0.036518177527570944,0.035289793467546196,0.052726984165291306,0.015110616932192228,0.034632845433539436
2023-02-03,0.08631295877208314,0.08605329814563499,0.1192642636887229,0.0343304395790349,0.09153625383408882
2023-02-06,0.1278188503389234,0.12843827872870023,0.04781938424036494,0.04751301878651383,0.1275601227102434
2023-02-07,0.08704100094374784,0.08952049146897995,0.007350496141817935,0.032756438080581575,0.08596456218692813
2023-02-08,0.03920170747892552,0.04203158121363394,-0.025872720378855102,-0.002463205651370866,0.03973949445850935
2023-02-09,0.07546265062656088,0.0661525238443388,0.0923013161473493,0.09776751730700693,0.07589201743551391
2023-02-10,0.13055513972308555,0.12906890856939474,0.0475157342854748,0.06711127891206244,0.1276336232156983
2023-02-13,0.016872204898681804,0.014317366588407663,0.04556286851281528,0.012131913617688174,0.01747105997870399
2023-02-14,0.10000735599116566,0.09924157012025095,-0.0013517652761344224,0.07436044552248976,0.10111232371410649
2023-02-15,0.08605513110712103,0.09317738248729317,0.13578749171836355,0.06167126101306443,0.0841704570236149
2023-02-16,0.093038614369201,0.08888657240263828,-0.011863695552622889,0.10951675935893078,0.09418553039960628
2023-02-17,0.09144424961384486,0.09090572972598267,-0.04234818963905361,0.013418887419587406,0.07978817271634692
2023-02-20,0.06938881232254819,0.07753747623076282,0.10052908583420214,0.12779752144072937,0.0686800497941814
2023-02-21,0.08004346361287888,0.08117616378909928,-0.006311376672026596,0.07408351113887957,0.0778334973402308
2023-02-22,0.1123492985145173,0.11514370651335948,0.10765528453825846,0.05290893860940523,0.11290285171708624
2023-02-23,0.007407511685237235,0.012986508824452994,-0.08118604238337042,-0.031818592696146744,0.003505764067151841
2023-02-24,0.10968123073904938,0.098908785945338,0.10922937559524366,0.07012808549943594,0.10741921060825059
2023-02-27,0.06066117939748848,0.06341059845632308,-0.013716283642333767,0.07306618660893983,0.06502339642868661
2023-02-28,0.07426927423011156,0.06913187561194989,0.047203706427113294,0.05422172540144086,0.0722663636255226
2023-03-01,0.04709906638130326,0.047138824714638206,0.10931169170062953,0.06940439834979731,0.04140174447081335
2023-03-02,0.15061972221946038,0.15329479825605272,0.10642894234183803,0.131707625382332,0.15089425827220357
2023-03-03,0.020668872701676274,0.02420939630239153,-0.06876044809248893,0.02575565980011335,0.01701141854945928
2023-03-06,0.08253616913287305,0.08230535171675243,0.06938663248301286,0.06212351418986174,0.0863175227600501
2023-03-07,0.05875368561741725,0.05916568101019223,-0.053018061525081796,0.037647255711296075,0.06062842094888396
2023-03-08,0.04278408773512279,0.018365519514625256,0.1316741926158345,0.005164249852415325,0.04229664132986878
2023-03-09,0.06441566282279629,0.06772477628151524,0.07197699640442771,-0.01021902774374928,0.05258687910318377
2023-03-10,0.06683898362175661,0.06398027952382698,0.0685781145241841,0.047600453915123644,0.07003761628804932
2023-03-13,0.027998894067413307,0.02793263716871101,0.0854072689344076,0.1043697261644683,0.031196367486646705
2023-03-14,0.026184239569952528,0.02543300300038024,0.00797838237610896,0.046353179036305765,0.026218358548260347
2023-03-15,0.10251374962421958,0.0989793200681312,-0.0007233961518636113,0.031004721115003665,0.10119991341153278
2023-03-16,0.07512651708762877,0.07649671784542446,0.04813748311025005,0.06634824301180503,0.0782115397660665
2023-03-17,0.022435532797745877,0.020744735103885213,0.07802669474570699,0.047282967733498375,0.025873617687414974
2023-03-20,0.06683849860664029,0.06808963139376428,0.047636800543017624,0.05611583664216167,0.05416696744221255
2023-03-21,0.0521699166957628,0.057499358919301406,0.05138113813250723,0.02655502451051607,0.05083202807857469
2023-03-22,0.10304556726387262,0.10300852044725767,0.1126029881010022,0.08578255996868539,0.10336849819721937
2023-03-23,0.03303893955521467,0.029845306527761746,0.047193943154855374,0.08541400611068399,0.03264088915402781
2023-03-24,0.027913811056350244,0.027383662304622896,0.026266460594435496,0.014079753595010293,0.0228324983808695
2023-03-27,-0.007815354453129222,-0.006004808348135405,0.024642376750604638,0.008388979658761075,-0.007782093487092938
2023-03-28,0.11460286400716309,0.10503676427407807,0.04116104031309192,0.08776591343724895,0.10961331874746554
2023-03-29,0.002437904471448268,0.015121589960109583,0.05036866159712521,0.04098610730978106,0.0016568885825912305
2023-03-30,0.0421486012527588,0.042395393859213634,-0.015420655979313785,0.06934677901675232,0.04102233318270388
2023-03-31,0.029891482154543188,0.032063054293163175,0.06852879588070886,0.03936196381866004,0.02858340238828411
2023-04-03,-0.04311554304833779,-0.04351133081152512,0.03301915130785496,0.0037398309078096243,-0.04438673878738565
2023-04-04,0.002669718697576082,0.013637808228113722,0.008305249763114793,0.05966893237610157,0.00236638981530019
2023-04-06,-0.04793567896598218,-0.042871039100984595,-0.037635262836707185,-0.025663107269565805,-0.050662455895194296
2023-04-07,0.024948508697327898,0.009074593644860511,0.04075674851843449,0.0073101908905826496,0.01577903175718693
2023-04-10,0.051374242988368804,0.04983006583684185,-0.02722889660334753,0.04681199907296075,0.060853850574727024
2023-04-11,0.011892369521922219,0.01511577731554279,0.060860853823539084,0.04861153163129186,0.014932332312966902
2023-04-12,0.04031507107396205,0.04876598323055421,0.105108567179645,0.04295508592793264,0.03830230674257436
2023-04-13,0.05751688778481467,0.05270610150365722,-0.004224856334756781,0.0033926551295057777,0.061290615284643454
2023-04-14,-0.03802044313898704,-0.03684256859444625,-0.04780353204017974,-0.02770338945463865,-0.03795465404133016
2023-04-17,0.04871203990340423,0.04970759451664914,-0.07043703872288769,0.015990715057395327,0.04883561580294019
2023-04-18,0.0053268556909068674,0.0036145728900257514,-0.017818263710102915,0.017334116701179944,0.002529720799836458
2023-04-19,0.02957156135148932,0.023297927533598845,0.07888776122887915,0.03802240355552762,0.03114791441750343
2023-04-20,0.04257553548484522,0.05222400797732799,0.14880835667919465,0.0970485083231459,0.04621770247690328
2023-04-21,0.04352249448339908,0.029100443940092598,-0.06954775074951379,0.0009986028207801128,0.03665949158885124
2023-04-24,0.03899379527289427,0.0391392572969026,0.022356387091718204,0.013710511026660337,0.04434763536289601
2023-04-25,0.05690081844529262,0.058841088760414606,0.0016709906861683834,0.05688934979858237,0.06161009605414209
2023-04-26,-0.03163834912342322,-0.03278198681491895,-0.13446800746179044,-0.09335836794792213,-0.029983415802936397
2023-04-27,0.07302335428298075,0.07516163979275702,-1.9450306490106076e-05,0.046024188827151015,0.07449810489663491
2023-04-28,0.03828103732295001,0.057439445984431486,0.10251235857300732,0.035159286833230205,0.028112874968317658
2023-05-04,0.09295451885933637,0.09961759805325351,0.016202001428310735,0.0497977996977915,0.0857685435245412
2023-05-05,0.10957152697197611,0.11384716935061129,0.07358723999054137,0.09201738915695021,0.1152806221961579
2023-05-08,0.07471888083522367,0.07254134660375096,0.05648574893154299,0.09291587135381182,0.07474118528594935
2023-05-09,0.15227959778254893,0.15268612261780942,0.07045165012094026,0.14673931428101614,0.14854339022387456
2023-05-10,-0.03325527953597946,-0.01918791174938948,-0.045532882681820236,-0.07450247274659627,-0.033616363328699994
2023-05-11,0.05470301491147625,0.058064764621265585,0.03344435284692851,0.003258988185885739,0.05897845871445819
2023-05-12,0.09672128584730987,0.09852083670565817,0.039016029319669174,0.06111884799340054,0.08896517192211159
2023-05-15,-0.11702160454286818,-0.11825168662342386,-0.114454050293091,-0.11046071245071203,-0.11640835195594423
2023-05-16,0.006902637564808739,0.039543044580599734,-0.03393922849087283,-0.020055854461851055,0.006908349839639162
2023-05-17,0.06078714582868084,0.06065521634189877,0.08049738001242807,0.014362493079025573,0.05561375509409693
2023-05-18,0.07229551379747466,0.0759418461602479,0.15528504871880702,0.0713499245159007,0.07111284858213662
2023-05-19,-0.005038451508026861,-0.0067321817632033576,-0.00632218412308436,-0.023295225643714584,-0.005011853335679679
2023-05-22,0.001957745457309966,0.0013124756456449206,-0.07223443636871672,-0.04453924935672408,-0.0015613450814673606
2023-05-23,0.013953068875573498,0.015674509521040776,-0.05081280855406886,-0.04043281110333984,0.013446096949797384
2023-05-24,-0.007771200113949433,-0.007435657864754052,0.0676099548323575,-0.03143049825059408,-0.00807412434008045
2023-05-25,0.06198847154055289,0.06863797586360712,0.05410610507393409,0.04604135176201628,0.06046968798229144
2023-05-26,0.04531859382180233,0.04569688265426235,0.10081613187669315,0.07336384385020371,0.043261611936487976
2023-05-29,0.03277438219003156,0.033396961094519485,0.07319675575244587,0.07240991298253215,0.033051794088674855
2023-05-30,0.041286315563501104,0.04068810772864122,0.12551343967865938,0.07050881922106542,0.042078500459275935
2023-05-31,0.0355868033448828,0.0404180076672244,0.09372063390398062,0.05777653233874003,0.03789129316124938
2023-06-01,-0.027542201559799136,-0.027589974578774632,0.006485406543489063,-0.011201876360834487,-0.02485928165248923
2023-06-02,-0.012313537331936762,-0.017863502951001413,-0.11180117045501972,-0.04197507912431093,-0.026394821682963088
2023-06-05,0.07042802040301867,0.06095700314795636,0.13246153158451732,0.06100896424841936,0.07405822357637215
2023-06-06,-0.01672551677890787,-0.01793621264487362,-0.08835394205726528,-0.01972562564331152,-0.008085363574541338
2023-06-07,0.04418981133262918,0.036675133127657356,0.12432964274533424,0.052376491854201096,0.051232180463778074
2023-06-08,0.05409412081675181,0.05070957857153664,-0.08447901237641074,0.040228100946898646,0.08230223129166851
2023-06-09,0.004671052039471369,0.0031154444625935236,0.11156446372429105,0.08288904703681695,0.00334643198074414
2023-06-12,0.019930914509546895,0.01579013654611245,-0.02438394640562972,-0.03188110591512687,0.01928871776913708
2023-06-13,0.041385991254304776,0.044745321949422115,0.10600062993559325,0.06501339484424709,0.04639713667849794
2023-06-14,0.06732062079968938,0.06731453597613728,0.05844726540715808,0.06884406187015873,0.06766510127065492
2023-06-15,-0.045930933473103376,-0.045710792200380074,-0.09281781579022509,-0.020967386007222054,-0.04744311201255425
2023-06-16,-0.006492446476126623,-0.009172218200638642,0.0353640086353461,0.046007390006385394,-0.006320164836424918
2023-06-19,-0.0447581058307342,-0.030892772693106293,0.08592565223871194,0.01098283953528659,-0.047437319087672236
2023-06-20,-0.0011064940028825423,0.012414740642926511,0.014104483869652898,0.025821221360558283,-0.0003991762447928086
2023-06-21,0.12740465103262472,0.12626952737101865,0.004529667000992541,0.03989002589631856,0.11344781402935307
2023-06-26,0.02583627718707992,0.006891720594952706,-0.07920962085354821,-0.01932932826952957,0.023318968536809967
2023-06-27,0.11391076436458629,0.11255185534709317,0.055065748118301665,0.04370279046679457,0.11040290481981999
2023-06-28,0.0862353838472422,0.08568745981749684,-0.05225069241677284,0.011871810965472383,0.09900924872824096
2023-06-29,0.09273779703724877,0.09764876295634398,0.13147578283810452,0.04865041966366983,0.09299317441304654
2023-06-30,0.05944125849655536,0.05971006041302189,0.018469929662881898,0.01709589429173653,0.06116558437836453
2023-07-03,0.03129608308477212,0.03151041753144955,-0.07898091626636787,0.013168532034175477,0.030133899407931437
2023-07-04,0.02349165794756842,0.0220981238095178,0.07531730704772935,0.0006202708836929123,0.023332292653012877
2023-07-05,0.10344533038821145,0.09714214483536855,-0.02076236995334209,0.02019754013052531,0.10389621495650223
2023-07-06,0.04603570152213672,0.05015375578056401,0.08754052001836879,0.02824763294286899,0.05427189718961043
2023-07-07,0.1025391639062552,0.10112582200258938,-0.044465115974627,0.028855373887804868,0.10176743171106842
2023-07-10,0.02252207328419689,0.021609035523673742,-0.06484394468873395,0.011366017334601316,0.016717650197458356
2023-07-11,0.10396647556093135,0.0995589628113875,0.09756560793674471,0.07977128028173203,0.10499118256112949
2023-07-12,0.04566911066846019,0.04715516710702162,-0.08702398874165955,-0.012373285012162805,0.048055496033679077
2023-07-13,0.050090951639771265,0.042485379303737775,0.09890512585997173,0.09974816419218067,0.05107058186163384
2023-07-14,0.07225196120045538,0.07008716650054396,0.12436777525151989,0.07848818592115205,0.059620035860708
2023-07-17,0.1277123482035649,0.12800836028190127,0.043373405138586854,0.0655053074799071,0.1274396573231979
2023-07-18,0.16415769354254395,0.16354714837239684,0.02854043898779278,0.07546574218983888,0.16713005679702614
2023-07-19,0.09533194163201901,0.09802772042430885,0.002891203150045198,0.05068308112979186,0.09447911812811505
2023-07-20,0.03494737862937133,0.02950051772194687,-0.1377215290041999,-0.049248081690891204,0.0263924228877696
2023-07-21,0.07475661249570101,0.08053882851255914,-0.09220338864407675,0.007041465321858217,0.07023738175500159
2023-07-24,0.11725419892390641,0.12157845747931696,0.10953590354829443,0.0809500422465688,0.11369158589557227
2023-07-25,0.07045441230088094,0.08110627997430417,0.056956817638046595,0.10400136777065465,0.07495231497858668
2023-07-26,0.08720205121608286,0.08753660870815268,-0.1352619596725098,-0.03791036458022913,0.092275351066711
2023-07-27,0.06760085980768875,0.06489181838992256,-0.03766793198996912,0.03199818027719623,0.06763678031892806
2023-07-28,0.1218519152491731,0.12139042135281232,-0.0020173963064536375,0.12472855947468946,0.1206156205368287
2023-07-31,0.03523342378668165,0.034506909291627516,0.0056411123081760136,0.05464511775642294,0.03573323379597573
2023-08-01,0.0741559827593162,0.07273774454363943,0.018397329113393604,0.06607864617829572,0.07358466222998002
2023-08-02,0.07785801687004701,0.07765989812414964,0.11413421948647025,0.06378777129896893,0.07772895387470742
2023-08-03,-0.0008863198684492344,0.0028211375558326733,-0.06694743519575581,0.03099062167585608,-0.00014802622774532802
2023-08-04,0.03017576531384682,0.02301102060647007,0.1351361732341113,0.1322900814625688,0.02872775037158026
2023-08-07,0.012469319001027313,0.014152180741619124,0.10840266971677023,0.06800623657098585,-0.0038416356522589833
2023-08-08,0.02763374499297343,0.02332224947986837,-0.017671930877287845,-0.021708572057448392,0.024118764901823266
2023-08-09,-0.0010243638745620254,-0.001224515552397677,-0.06339107481946533,-0.02647814731780446,-0.015598296385048003
2023-08-10,0.03222784771114831,0.030204457988557698,-0.042365464442101756,-0.02336990996257882,0.030491311150197542
2023-08-11,0.06047333509617325,0.05932094553269701,0.029558286810850435,-0.00600040113876008,0.07248628958994945
2023-08-14,0.07000384874487434,0.07007135143297188,0.107980752944568,0.06324051357673913,0.06787131539458956
2023-08-15,0.06274398473139725,0.06306157141009185,-0.01822366099969113,0.016687184250185512,0.062269401002819094
2023-08-16,-0.00047160463252481056,0.0066850980781516765,-0.05680887058324862,-0.02528316402964137,0.0024975162897969273
2023-08-17,0.06458015842712309,0.044406213075526016,0.06655156180657272,0.00456279042060993,0.055495329959783346
2023-08-18,0.042589717425491135,0.03961893982410142,-0.05204616855716869,-0.062220782127229514,0.046731075401069036
2023-08-21,0.07513546424919226,0.07578633060158994,0.09093543124897828,0.036504516351397,0.07558615806707572
2023-08-22,0.013404972016428087,0.012731362174413651,0.11052621788231526,0.11859415206268609,0.018377343141751067
2023-08-23,0.10833478611694002,0.10977151665768671,0.03681436293152576,0.061231918351278565,0.10929108590184229
2023-08-24,-0.030979008038539042,-0.030751510780880117,-0.024794659065633082,0.017598519192063403,-0.027682476971356507
2023-08-25,0.010336806012945527,0.008342129683393325,-0.1018834585958426,0.008992864288443567,0.012548770583820083
2023-08-28,0.08220438247736625,0.08482559547401528,0.011155284162265463,0.08391644873250417,0.07866087773939448
2023-08-29,-0.04159212951868331,-0.0327689398475026,0.11644882704360396,-0.08192941051062759,-0.051008663339359855
2023-08-30,0.04273535065854507,0.08102703682962588,0.18553492673493496,-0.0039768415491109365,0.05281743817616448
2023-08-31,0.025239269338121723,0.021113634195572644,0.05646149183630959,-0.002678172196143131,0.037578111010438196
2023-09-01,0.056349225675485885,0.055013931980110634,-0.08147746781762004,0.02525753475940096,0.05908776793550827
2023-09-04,0.02620464576249781,0.01699587739293517,-0.08131409790173318,0.02378977413712442,0.02040239070729237
2023-09-05,0.1009156727720316,0.09978011554495785,0.050700682336905604,0.028707108124607826,0.10431516760215263
2023-09-06,0.10405752081584935,0.09436946020680358,0.13161293763494994,0.041300570312907875,0.10420265774264724
2023-09-07,0.12067468730969802,0.1237421809418531,0.04137138296564288,0.10940583639266412,0.12924553276691128
2023-09-08,0.07202533380529902,0.07622699675417766,0.12700010516503119,0.03949742939163981,0.07057359486876995
2023-09-11,0.053103478429476145,0.05274275649166477,-0.01984938236905631,0.06618273219431063,0.05497563089589194
2023-09-12,0.07024872510141258,0.06608244180440336,-0.025373988303302973,0.034636682938043256,0.06998644894998127
2023-09-13,-0.0052323612138493744,-0.007923822378513698,-0.12019474503506036,-0.02654477587024958,-0.003049265865424909
2023-09-14,0.11973784628774631,0.13421825122959885,-0.012059692661227493,0.13680036964140904,0.12013675830276792
2023-09-15,0.05751745417497342,0.05460658975010729,-0.019819097396653048,-0.01818017522247465,0.06925811970023299
2023-09-18,0.06826746793842117,0.06793896751699804,0.030169700781467516,-0.02827150778450118,0.07250162783979805
2023-09-19,0.07761794182616458,0.07459925661957187,-0.045235078932841,0.09063813835334267,0.0797611809913665
2023-09-20,0.10554417339701216,0.10638536057450661,0.048480987362575834,0.09010395580810152,0.10411150268181808
2023-09-21,0.041917072767574254,0.041454425005807795,0.08167859394846592,0.06045039459317493,0.04132643890552314
2023-09-22,-0.020204494992372896,-0.019139553775481082,0.11530274954106845,0.0015408213264299577,-0.021314255365252534
2023-09-25,-0.03120307420482108,-0.03400055313016732,-0.022571121006762365,-0.04084322277120351,-0.03601734235041074
2023-09-26,0.04942338946405401,0.046112092662852606,0.0585890227691635,0.061802931249891724,0.05312893061831337
2023-09-27,0.055394592609250906,0.055018054546877165,-0.027634358383109802,0.007446796340169857,0.06112680493594788
2023-09-28,-0.009305676187348082,-0.014394612320909002,0.06866383855625076,-0.039246900190101436,-0.013219480137434333
2023-10-09,-0.008804142963802913,-9.97896314504241e-06,0.04082014964288801,0.04754583480217928,-0.012110067128153837
2023-10-10,-0.018532411186571545,-0.015027921185540525,0.04469595163086169,-0.0035084660826368167,-0.00599909297181062
2023-10-11,0.005143603604747841,0.0021548711586160023,0.09155183535400585,0.021003362939848336,0.0010022411394384806
2023-10-12,0.03670293445809778,0.029468152868984077,-0.09033269798329623,0.019984865412787226,0.03048828293678504
2023-10-13,-0.0005586186085378945,-0.00019093588514814064,0.05082708175008036,0.03142946687523267,0.007524305762517411
2023-10-16,0.06356261537373246,0.05710991885986207,-0.0330863088977999,0.009463022251174569,0.06336665142372994
2023-10-17,0.05678881985217613,0.05619800163211929,-0.02635646732426433,0.053624285972042544,0.03499695202716338
2023-10-18,0.03343121429170448,0.03336976121143263,-0.012407000543245148,0.0586129054545311,0.039996675623719474
2023-10-19,0.07017936108825394,0.06038575062009544,0.056823065776542295,-0.00041798682045883555,0.06883216455659737
2023-10-20,0.022221799172789557,0.03148378050606268,-0.1197882206331097,-0.03689975737318019,0.025329303878458432
2023-10-23,0.012659072390941077,0.013200641626863685,-0.006312142363399337,0.03823941074189478,0.0192273461541989
2023-10-24,0.07503557818228017,0.05774468452243429,0.08752905642916323,-0.04671810849413882,0.07644947095793111
2023-10-25,0.09831407260417357,0.09828184358330222,0.09444802024519428,0.054271425024278334,0.09179860015426554
2023-10-26,0.09466952868067181,0.09465828180760656,0.08201446275573038,0.12477194711022697,0.09256117034650302
2023-10-27,-0.037316983864718094,-0.03343148823198469,-0.09177660998210865,-0.07956085133251188,-0.03361059770703395
2023-10-30,-0.028740396104381043,-0.026852056382891395,0.0672078213586226,-0.009523480325582987,-0.028276059099606322
2023-10-31,0.11692950250312538,0.11639011247430019,0.04477029557232245,0.06649754012253818,0.12384938577725553
2023-11-01,0.18332408213935955,0.18324259409548638,0.10565861627367748,0.07407707949301315,0.17882190297825104
2023-11-02,0.15723341940580882,0.1536126744133505,0.053762700638079475,0.12598259835267456,0.155334479848014
2023-11-03,-0.06487350744430123,-0.057434518813152514,0.0062144205463855965,-0.031546321194290454,-0.05742895095348292
2023-11-06,-0.17744473367838437,-0.16772196623759494,-0.01918533775308856,-0.10278425682999373,-0.17619386987427194
2023-11-07,-0.021966749831389812,-0.003840224992756266,0.061715696993135546,-0.013600172666499198,-0.015686651938754917
2023-11-08,-0.021202060224678104,-0.02390774868164567,0.043832876145642484,-0.01166714077026078,0.0048043483140027465
2023-11-09,0.08813472640903439,0.0732911088057795,-0.036629505082940925,0.06138646689705423,0.07362612322519968
2023-11-10,0.12885438515803824,0.13414104517655567,0.07244927468733037,0.04839554145626891,0.11664711766612663
2023-11-13,0.04363650707981471,0.05171783129901945,0.06496434568329996,0.009592990494134795,0.04640106004456455
2023-11-14,-0.04380218520508438,-0.042093608448994506,0.05972471523300232,0.024316446561062445,-0.03441038285808814
2023-11-15,-0.012254788892916793,-0.026800532173164627,-0.0564189474486249,-0.04049563312560428,-0.016888608062944413
2023-11-16,0.13639028012638127,0.12465870888691291,0.06937804343923457,0.08789643143939528,0.13086477720529602
2023-11-17,0.07693979793593084,0.07680715670381495,0.10214264713291243,0.022729980394300086,0.08220265209471764
2023-11-20,0.06413576976976154,0.0640818698208931,0.07772941071881209,0.004982467084713141,0.06422402850260242
2023-11-21,0.08006671946776234,0.0764212814619852,-0.06626092882218083,0.03284728402108596,0.08203331978184929
2023-11-22,0.1915371319602599,0.19176251484692594,0.0444047577901353,0.0899888704186735,0.1887285631846615
2023-11-23,0.05511485651757709,0.06962618987529236,0.08553803158809564,0.046454304903534624,0.054157454621368256
2023-11-24,0.157734565969852,0.16005295151350996,-0.03077928905963797,0.07634382619796495,0.14236149469067538
2023-11-27,0.043381719605702335,0.0519705526699237,0.12221032128264425,0.04197627549511361,0.03746705908444228
2023-11-28,0.054512618523962636,0.05479621966283426,0.06582310264939813,-0.036087021841976874,0.05936914274530829
2023-11-29,0.0965351583879891,0.09647362593030184,0.0910365290254203,0.06557995264078673,0.08891924992384914
2023-11-30,0.03569865490662463,0.03769926989183023,-0.07232929201730348,0.027152680774524724,0.035847276153261984
2023-12-01,0.012138599625773225,0.01097954615084737,0.0644896418695432,0.06847804591803076,0.015857760541613752
2023-12-04,0.05946392767384706,0.0659103064337019,0.04647900808084082,0.03707003652013477,0.05887737267892047
2023-12-05,0.13689385655359276,0.13535241412711022,-0.016280423953841865,0.02352400364623614,0.12333911081253363
2023-12-06,0.08162847118800655,0.08134992024576854,0.018400614303787727,0.005998003691088456,0.08262165876970433
2023-12-07,0.07283112834284519,0.07247983266626198,0.09177369030698278,0.12219150627701596,0.07202588777832039
2023-12-08,-0.04686074102964866,-0.04921551255177266,0.017198774590947725,0.07816746159750237,-0.05004342770422929
2023-12-11,0.01810185433990777,0.012201452814249863,0.0865604188317313,0.06290998322314365,0.01625437453273533
2023-12-12,0.06422380338413898,0.06187866839065711,0.015137976757661119,0.031020614407968872,0.047841583109683616
2023-12-13,0.15100860584533712,0.1510029892022942,0.08823463890664568,0.043872133057953955,0.15261274928001353
2023-12-14,0.13225804579756575,0.13166990617691932,-0.011542008166364215,0.029880348079163746,0.13492994652980564
2023-12-15,0.03905785445539745,0.03494737256888687,-0.02300742787955659,-0.021144499010574403,0.049870045372116506
2023-12-18,0.049318878629585595,0.046146590526137427,0.01682113832403572,0.05105469795631192,0.050883543017112114
2023-12-19,0.0026675611706297895,0.0003834326915796908,0.0520830474590294,-0.01364567976174214,0.002966467531985283
2023-12-20,0.09209954043189336,0.09333620601447613,-0.031248342411649758,-0.04581480023419615,0.09339531063744272
2023-12-21,0.00022328512015210093,-0.0006766279217787744,-0.010301535616572608,-0.00853771166536327,0.0008634383107999057
2023-12-22,0.0818713947045486,0.08263725682544946,-0.08349972910624158,0.08070928935833636,0.08339317833546551
2023-12-25,-0.002477416901744591,-0.007357642072844201,0.018240618603510544,0.08868056142789717,-0.003779697972127644
2023-12-26,0.05182652342582234,0.04782862886828114,-0.08268448568188543,-0.002288773280626135,0.04379905969427384
2023-12-27,0.0199873413002292,0.006339249056416275,0.013185855306957586,0.013652103661860223,0.014852695354532767
2023-12-28,0.07756853109047167,0.07687580061733149,0.01912277665966215,0.02841970522415198,0.07287476902854186
2023-12-29,-0.05897381304826858,-0.05814584862127837,0.06424561340485602,-0.06725212577119064,-0.06027937113788146
2024-01-02,0.09541228016022608,0.08439416544557664,-0.08753288528934543,-0.0480442344281901,0.09696521653989387
2024-01-03,0.05531177003374029,0.04584878535756709,-0.0692190945921944,0.04702921686341482,0.026430592920323858
2024-01-04,0.11538134708847553,0.11324213568581441,0.04259432583807706,0.015161621425353884,0.09391082309248792
2024-01-05,0.16030321332853353,0.1564409680157138,-0.013439793034231757,0.11159806834323616,0.15724809621725838
2024-01-08,-0.07556227325699534,-0.08340071115920236,-0.10269745960360525,-0.07466689044322172,-0.08019279965566858
2024-01-09,-0.015076986983655671,-0.010233246623103,-0.03835612967985819,-0.07477785659984645,-0.01310615385105469
2024-01-10,0.10703022984410293,0.10850237649177714,-0.0347180569430499,0.04300167541787488,0.11130584411096055
2024-01-11,-0.019106678612782042,-0.003685713793721271,0.15291017941219867,0.033782263449081695,-0.02325114302187979
2024-01-12,0.1347682079301303,0.10897835044421987,-0.05159645978986363,0.07801302277060577,0.12030674722953427
2024-01-15,0.0036909388472156227,0.00910946276559252,-0.05296316026385272,0.011604853541181761,-0.018708962133227338
2024-01-16,0.04972483076824176,0.05061656609689577,0.0020842774265168976,0.08947643419707875,0.041154688201022686
2024-01-17,0.11341246265365497,0.11375410903850257,-0.05999438470722766,0.06722355374371136,0.1250365949412557
2024-01-18,-0.11975548269456913,-0.11691654210883323,0.03512311833361468,0.0727419135355004,-0.11789502299970442
2024-01-19,0.11333661238160732,0.10093734606972718,-0.016711494187933034,0.12768606565482102,0.11181822793509946
2024-01-22,0.011835809410097391,0.0007968661200916727,-0.06892282263567258,0.12344674039913396,0.04333334596125557
2024-01-23,0.08728338295440295,0.10344305312949689,0.07870362600774791,0.25203386484603774,0.08235637449415499
2024-01-24,0.04902241899698382,0.04990175329907569,-0.07976085211000333,0.022025583518887386,0.05184196373658368
2024-01-25,0.11558502420048289,0.11616968981937059,0.08598987427913195,0.0018671419825307606,0.12434467903168349
2024-01-26,0.0245932946975616,0.014506065662865495,-0.09955447912824394,-0.04471403842823392,0.0274964216950912
2024-01-29,0.19301351730206273,0.19279790353273948,0.04520614339122175,0.22972474906561538,0.19537966402066112
2024-01-30,0.07665089670612077,0.05444925024602281,-0.02380069565172725,0.1386792019032432,0.07683395408538307
2024-01-31,0.09072712997841903,0.08515408157548787,-0.011516511716390409,0.1871743838151893,0.05414041378121304
2024-02-01,0.07862990306971021,0.07766743062640254,0.04911450997883646,0.17241377065417343,0.07817960949759269
2024-02-02,-0.01227037963476427,-0.013391106921559443,-0.08533235585520192,0.08780681503820147,-0.011399125815508246
2024-02-05,0.06645680306599727,0.11859338176097373,-0.07817910883222974,0.16569230100949411,0.06593707187549455
2024-02-06,0.295408457012803,0.2896452150957856,0.2201341752303629,0.3790737164878304,0.3103062104717369
2024-02-07,0.20494512550885421,0.01975578294553811,0.15532081396589142,0.28898499375282116,0.19617146175051423
2024-02-08,0.010977487751313597,0.09640305454758587,0.07013377813676963,-0.07449538203596326,0.10253052924572525
2024-02-19,-0.19211030288556366,-0.17704346297879409,-0.14632181557157928,-0.22519915794629405,-0.05225557525287171
2024-02-20,-0.1370227157821877,-0.07851868030274613,-0.09763207028018597,-0.15529895788858916,-0.12875120402928386
2024-02-21,-0.17608946239145828,-0.18018746237876834,-0.12560168671925154,-0.22037708518246502,-0.14792861377302574
2024-02-22,-0.134184282334062,-0.10851578204651059,-0.02320993541869013,-0.15315021424703537,-0.08362231746125783
2024-02-23,-0.12421872141140503,-0.05753423145726785,0.0093493990748751,-0.16625475139233623,-0.06404823667157412
2024-02-26,-0.05747951063597118,-0.021845738816917717,0.027617179178592282,-0.10593088457358829,-0.033845867953715233
2024-02-27,-0.02542015643252969,-0.02294184739181319,0.0685872117657577,-0.029086979229658055,0.015793041917297777
2024-02-28,0.1277548627251251,0.1032271986467702,-0.06301399442530829,0.17873432748729315,0.08681156057368607
2024-02-29,0.010760098854474556,0.034741456926268906,0.13493997353817946,0.011329282146576098,0.03475004815393897
2024-03-01,0.06765605873098414,0.07751685184303082,0.15658250553415295,0.06897079034415257,0.08907899857439615
2024-03-04,0.02417958243611806,0.021719055311926732,0.021560651182902586,0.042486375824281324,0.02330865111206068
2024-03-05,0.10282348303123903,0.09938852035551642,-0.001425773075302443,0.13906664489845358,0.10422660833271782
2024-03-06,-0.03729450294893333,-0.04506614647545865,0.018240046000520236,-0.07460319068135346,-0.04599116294895389
2024-03-07,0.0712924850229499,0.08119299515990522,0.03505629742216933,0.03472728248962102,0.06941823436303732
2024-03-08,0.018887117423497145,0.02342217357320563,0.06667417751035583,0.03904417308987852,0.014897171556079206
2024-03-11,-0.04028376952057601,-0.04271503353154545,-0.0008686801973870386,-0.060739310647269555,-0.03823241399584059
2024-03-12,-0.056652611382583665,-0.0531244873896179,0.016696274683743646,-0.10821670209177865,-0.06623248171244951
2024-03-13,0.09625025498683723,0.08598267952189662,0.1618528858944455,0.09513815812090229,0.09661891369633369
2024-03-14,0.027674698339488355,0.029966125978799527,-0.04745471985425801,0.004132914310278101,0.02120779794220565
2024-03-15,0.042730001339998186,0.04107759125882762,0.09423610975240637,-0.005551820638118051,0.04272762553176868
2024-03-18,-0.01713080135920073,-0.01761114341218575,0.11360502530093722,-0.031367781944885466,-0.02802918681375799
2024-03-19,0.08717525598241184,0.08529997529037235,0.11429216276238931,0.04593570483172312,0.08791484190300757
2024-03-20,0.021839741131577068,0.02312271711856728,0.09249424099901181,-0.013878271524286903,0.04452654769331095
2024-03-21,0.0547556433289504,0.059485363211710926,0.03960553632735796,0.036752387160698,0.05566655169625966
2024-03-22,0.11083042428306039,0.11332227848626798,0.08606633568436428,0.12614321075977578,0.11458268977229995
2024-03-25,0.06487329586456832,0.06478199356495955,-0.07905968403917144,0.06107660326096332,0.0607703555590592
2024-03-26,0.011282055580894967,0.01114666426125618,-0.044030486373786364,-0.012015531163276064,0.006606158470729458
2024-03-27,0.04269787739868757,0.04723125013065747,-0.12093370332572867,0.01757796590142353,0.0479261365789051
2024-03-28,-0.009292223682303723,-0.01689060253236489,0.15497957515538527,-0.00011113746158536291,-0.021024122750577585
2024-03-29,0.12501610749923753,0.12732289180472767,0.08932462860543175,0.09032251429424579,0.12394096462893468
2024-04-01,0.009025124230376156,0.016336378530151154,0.012375820087701873,-0.009709276965247942,0.006883933852224965
2024-04-02,0.06620159199953492,0.0656780894684343,-0.0764055221630483,-0.0027023612078290555,0.06127962656160035
2024-04-03,0.09877858075248952,0.1045917454841391,-0.09987706013259806,0.05782266211737371,0.09563003134313386
2024-04-08,0.10461740376054174,0.09576801122015911,-0.00975778991600361,0.14206285458736123,0.10431505261744699
2024-04-09,0.008179527271119478,0.015109428310609635,0.031626682331106264,-0.03847278670265481,0.01205675609330498
2024-04-10,0.07351524655666138,0.07125837372737556,-0.0784698887686756,0.07563874710074632,0.07194979003128407
2024-04-11,0.13574314711185487,0.13886983084000848,0.06659337342589453,0.1260045025736662,0.13188792712955386
2024-04-12,0.09646146992499548,0.0926163376739424,0.05323880522456169,0.09026423891839942,0.09948636084969978
2024-04-15,0.09031787963696598,0.08898750076563672,-0.07885979456653548,0.17739480190117737,0.08580343619872846
2024-04-16,0.08660377889486742,0.036891912655072884,-0.13095695372762448,0.14270119271292078,0.08484795781520259
2024-04-17,0.007902366441638777,0.04680200615574673,0.21436732102893252,-0.037176843086042924,0.052622783433903295
2024-04-18,0.03350956839389396,0.02351030814276053,-0.021224118191724158,0.05484309467928746,0.02438972150604889
2024-04-19,0.056206526922455334,0.05906594541991035,-0.00941761353379728,0.044576062220150495,0.049950868949102493
2024-04-22,0.06117483275950362,0.05327644065075702,-0.0009669858172426433,0.03590002380614825,0.06408070391887108
2024-04-23,-0.026430511512254826,-0.025005653461694217,0.10142451747919165,-0.0970228402971188,-0.03840662573134026
2024-04-24,0.0376303105227307,0.05106934974857874,0.1784012516652907,0.0328895557204815,0.0414274777285964
2024-04-25,0.0073901281896145855,0.006143535308017229,0.013464882806989261,-0.04410632914673044,0.0116598897948895
2024-04-26,0.04625081590700469,0.038529655027675476,0.06783412925738552,0.0835458315469085,0.05218716955651209
2024-04-29,0.023285796615646302,0.023162073067551726,0.10047442877374799,-0.03126111838553521,0.025967268714569294
2024-04-30,0.03845061192891894,0.03826473496545837,0.0016113767084837756,0.010056747586731246,0.03806713736289838
2024-05-06,-0.06455754235877503,-0.0645537130293079,-0.035165712885697295,-0.09144807869117352,-0.06418385600233127
2024-05-07,-0.0342135904673607,-0.031095497329640603,0.027245842498258687,-0.06811132595800626,-0.03425643606225068
2024-05-08,-0.007855291130352476,-0.017566519125954437,-0.07900145015572745,-0.018411278795775626,0.005270159471216285
2024-05-09,0.04482926316033438,0.031025577520059026,0.03966820889184054,0.040183511662227785,0.04128937634378328
2024-05-10,0.008269854059965907,0.007914597436948324,-0.12043621896181098,0.041751012177953836,0.016260747008756186
2024-05-13,-0.002373791143660885,0.02014165831754191,-0.15910743544030326,0.04886078104935174,-0.0017228036484885705
2024-05-14,0.04830598342913634,0.030314495882312394,0.12031464231411576,-0.006917880865496982,0.036780382367458044
2024-05-15,0.01790030513161183,0.018368719875516984,0.05225199060929163,-0.009680614445871564,0.00450226363289976
2024-05-16,0.06614865395106351,0.07383914285175738,0.16532272753058935,0.01791506849189222,0.06628234242091224
2024-05-17,0.0884617184306846,0.09258724313131816,0.14284325975938983,0.07302208401381935,0.09310337541032837
2024-05-20,-0.0531383469148135,-0.05631013130091662,-0.07950153603700931,-0.008780121429070848,-0.06043834795268444
2024-05-21,0.009783286343994103,0.0027588122494720834,-0.055314079699549025,0.044460632007952444,0.00983929870476546
2024-05-22,0.018298546431557667,0.018719671253935786,0.06723277718453836,-0.03307129124143878,3.476699264350258e-05
2024-05-23,0.031221405838691495,0.02159618526084153,-0.043467708874638855,0.04462694776520973,0.03214324481157864
2024-05-24,0.05784381890428518,0.05627789207603282,-0.08260048745363391,0.027930109421675828,0.03678604097116376
2024-05-27,0.05641463175942702,0.05681852605401996,-0.0029486641186457596,0.11530083703312573,0.053627606890092716
2024-05-28,0.07850943097949992,0.07553285472839935,0.008112593693392338,0.08376959219701746,0.07545473244176
2024-05-29,-0.005584635107644231,-0.008383902702354017,0.011836368034948327,-0.03696867873110989,-0.003803473405177193
2024-05-30,0.12097462821522552,0.11827703175032489,0.023920689999249137,0.12066717356097771,0.12254561619693384
2024-05-31,0.08590784931931585,0.08079332952037357,0.09678642849546663,0.013956364557279421,0.0840230798435312
2024-06-03,-0.040862096192281386,-0.04005277643532299,-0.08136528393570358,0.1154556336802134,-0.0600082586627694
2024-06-04,-0.055540167205853155,-0.04236355638497154,-0.15371790651506198,0.1074952328787689,-0.049481694065500445
2024-06-05,0.016776760682566116,0.026986041586935742,-0.06965316343760568,0.0855158225434856,0.02461089140171218
2024-06-06,0.002771863657673715,-0.0004616140561193976,-0.1135517607850454,0.17775630332619555,0.0523947109519526
2024-06-07,0.1420687570050097,0.11915082785045178,0.18928530553309134,-0.018902096295639152,0.14959269250285392
2024-06-11,-0.054538557990048676,-0.023791904149799172,-0.005212717577399231,-0.04641126958095586,-0.05916874491654024
2024-06-12,-0.013493765749720301,-0.02037694969694168,0.10165248698617455,-0.0924230069173003,-0.0523178945729765
2024-06-13,0.08736096384880279,0.08473681499012811,0.10725867975618675,0.07336686071957323,0.11042728154118263
2024-06-14,-0.03043687214749854,-0.02590045753437631,-0.06249589656096438,0.017452123461197365,-0.03539772779501944
2024-06-17,-0.000971737881856508,-0.00043597570214618994,-0.019642105074634944,0.06276836151918697,-0.0033874476838593173
2024-06-18,0.03967942228157672,0.03608052912622675,0.1294411191127016,-0.0006102278488325001,0.0388655972698016
2024-06-19,0.057252553069753014,0.061577367859544804,0.0964623668493229,0.009950685389548755,0.043505539702695654
2024-06-20,0.14046091392071425,0.1390622042370554,0.05325561296641425,0.1372181907470298,0.13461714615574746
2024-06-21,0.004774382101113024,0.010328374956134567,-0.07012909165436473,0.015551108479042576,0.004160964606681832
2024-06-24,-0.019090071441330413,-0.01850240112176352,-0.15560647261088775,0.0619756542007132,-0.023587142048923433
2024-06-25,0.000997178899944027,-0.001390124632537089,-0.02037436011758728,-0.09147581162896698,0.0006796479488855743
2024-06-26,0.13937651917023858,0.1326116580492674,0.21394889000487136,0.07964706049147735,0.09059285702170984
2024-06-27,0.020355172326870938,0.025531157590342114,-0.019932688375714363,-0.007703878092976774,0.02632343778366992
2024-06-28,-0.015115390370245377,-0.016167867604372867,-0.012309973927313582,0.0182500831215588,-0.00670626683485216
2024-07-01,-0.039882525185534215,-0.048327009402656274,-0.11155729237335793,-0.04578262088410341,-0.040306482738356866
2024-07-02,0.08769896810317808,0.09078092900326194,0.11488028274919884,0.014965847562835729,0.07304676502341895
2024-07-03,0.1596773491647512,0.15772437713202692,0.11518670381543747,0.15118272134620306,0.16440019922998747
2024-07-04,-0.07484360537404898,-0.06373698937264882,-0.19962753809264075,0.0007301632233681726,-0.07333249244909529
2024-07-05,0.060824633167397064,0.03869542675748208,0.0907481953234667,0.005115966719051523,0.06347230022812603
2024-07-08,-0.07195137340028533,-0.0694332082899544,-0.1440812315814938,-0.024176916752429545,-0.041973028620939316
2024-07-09,-0.02168030838065514,-0.012436476855264266,0.03206113019653349,0.03277115013489293,-0.01904023985036646
2024-07-10,0.049082917754238904,0.0587853883352956,0.04578428680309406,0.07631266125794883,0.049782221934768264
2024-07-11,0.10543322178765953,0.10500591973389743,0.13801381810955746,0.04681862161690857,0.0980765985374516
2024-07-12,0.09260405815636581,0.09377124056045064,0.038749129105178935,0.06853128521123344,0.09334696452821875
2024-07-15,-0.002815419852178184,-0.0017350395445515669,-0.09320895038498044,0.05226410538819676,0.016606545242573514
2024-07-16,0.03521811651023909,0.03294702530049367,0.08528018456927489,0.0858120740262892,0.03729278654995358
2024-07-17,0.10898692777467424,0.10511234129581261,0.0040179571791187155,0.08704607289085363,0.11287903520930175
2024-07-18,0.019590172265410797,0.004239552740185787,-0.05661028655627712,0.038068062661433116,0.01738486946631526
2024-07-19,0.034132867194852375,0.027632160264539744,0.08280323717594307,0.018001730143374774,0.045238133407291554
2024-07-22,0.02858126724038528,0.030808574526198278,0.10550323535410962,0.008499712021122386,0.016700549995436062
2024-07-23,0.007213909609031274,0.008606992374695747,-0.04771702791078729,-0.04552889022454795,0.005493179207359812
2024-07-24,-0.02099847675012166,-0.014087187110779543,-0.10889787949022876,-0.012570891800360818,-0.022869567553018815
2024-07-25,0.09567922454485518,0.09179330519271804,0.04167882694469547,0.04653783784188578,0.10641621350444319
2024-07-26,0.09067474969197034,0.09066016276413147,0.07725518404445574,0.06939102930465837,0.08808940211336906
2024-07-29,-0.024754345705934558,-0.032210578969160866,0.009749557629861355,-0.041548259535579245,-0.026602579067627332
2024-07-30,0.08896196585695788,0.09006605689564695,0.07487135276088469,0.048077144713615245,0.09050021100961342
2024-07-31,0.1400441939968871,0.13880090054673777,0.16438433393175075,0.16300742912736646,0.1064337028538273
2024-08-01,0.025021810689721567,0.044523902797573775,0.053169630183912596,0.0026033593667380704,0.027125359140317107
2024-08-02,0.006284246027311833,-0.003119821443632265,-0.14703448316364984,-0.026014235420672414,0.01809664210863422
2024-08-05,0.0017024051961364406,0.019105473307422193,-0.18543538914529561,-0.024833253828197826,-0.02325723028281468
2024-08-06,0.06328337710764197,0.059463413793460644,0.1181757044474309,0.0126141401861841,0.06268490933132918
2024-08-07,0.07246418985286633,0.0728066432797753,0.08055356341891785,0.06674897963278793,0.061049205894541006
2024-08-08,-0.017692342758631175,-0.010426629705775264,-0.16950161436893071,-0.05736519584893792,-0.017602595492509518
2024-08-09,0.019083002408962598,0.014966075841509965,-0.008027506138494378,0.01417257822177141,0.01739104809551935
2024-08-12,0.021350471028262277,0.023852745817208507,-0.0783187954477398,0.0006631917622143941,0.031644552362990436
2024-08-13,0.02690935688676981,0.02824888368514031,0.06780370580357255,0.02177584253186828,0.023813203217661144
2024-08-14,0.002087593375023802,0.00014973938486234986,0.012919740859800325,-0.02772126833844471,0.0016276196335724721
2024-08-15,-0.011465893887091275,0.005859601749601013,0.004635682417646857,0.020325762203070877,-0.011424514976126558
2024-08-16,0.07602179412098256,0.08515051485748966,0.10123422371690236,0.08398512221455491,0.0906732225792713
2024-08-19,0.05457408595484306,0.05358244533390895,-0.07479163917606911,0.07462988895644268,0.05329646509774257
2024-08-20,-0.02619879455023674,-0.02568043330583741,-0.058726607510161975,0.0033005085399229694,-0.025973826471742623
2024-08-21,0.023501876078838194,0.02362172802666679,0.037715847519525766,0.008022809106706117,0.02380711786765457
2024-08-22,-0.013051572838171294,-0.014431012000275729,-0.10637381353677511,-0.019595431812062476,-0.013185963288561031
2024-08-23,0.05079555484665082,0.04962329713597379,0.009683269728211085,0.10996356769104754,0.05030041353098022
2024-08-26,0.09862579112934242,0.1034341157715316,0.08357345450192635,0.01610178658126263,0.09720642822902455
2024-08-27,0.02852303462211498,0.03021726356843014,-0.08007054579952153,0.00039483042456896504,0.028722881995413365
2024-08-28,0.0812310333573973,0.08203439917862707,0.058652030519386646,0.018233608543334525,0.07984795275273365
2024-08-29,0.027464606114258973,0.025913826892566206,0.09473032228040705,0.029900151897902537,0.026092254028150328
2024-08-30,-0.003817117789488815,-0.002573826992505718,0.09829880688547232,0.03416192574458197,-0.001313239842001317
2024-09-02,-0.0364343445768829,-0.05519314837589661,-0.11552226367529242,-0.0945303352978107,-0.03716262417936138
2024-09-03,0.05072712470515733,0.031479933241127224,0.11662900749218041,0.0727927731949095,0.06882369450025852
2024-09-04,0.12403444722460466,0.12618716538569463,0.0774623266790526,0.13083647899642792,0.12054862843449612
2024-09-05,0.04919938539360974,0.05674775781527396,0.0700841188101565,0.024681384341161742,0.04935516852462446
2024-09-06,-0.004863439513952172,-0.004970932966509233,-0.13223711225512674,0.02302529790710797,-0.004115593905971518
2024-09-09,0.038551376094915484,0.03335342022385574,0.052025210990924185,-0.029643216868904414,0.03886620287900759
2024-09-10,0.07384208554507463,0.07229065097609712,0.13584859605947716,0.0464481108505864,0.0626546608558139
2024-09-11,0.0892107118456256,0.09000829370360701,0.08609361899708912,0.09477395662180994,0.08760452697854801
2024-09-12,0.004982958637585562,0.009710085570316005,-0.07561803444709855,-0.03248572001665617,0.0052626749821438
2024-09-13,-0.034605646034512084,-0.02074159684476209,-0.15805593914515517,-0.023958417804483004,-0.030759186674297105
2024-09-18,0.01837799696372982,0.022991785105102622,-0.03823112797227998,0.07451164722001315,0.018445811311948848
2024-09-19,0.08048024400565523,0.07984399734091036,0.07227505326864783,0.01839290568193468,0.0771969129931551
2024-09-20,-0.004172602348259085,-0.006359855126679563,-0.01767769600023475,0.024267824309815146,-0.003949195270161253
2024-09-23,0.011350545611934345,0.01820220885635763,-0.0094846410585484,0.004168677008858651,0.009674105045020469
2024-09-24,0.06044988183688296,0.04707884464595082,0.03762775854695574,0.0874843045274807,0.03031668243695041
2024-09-25,-0.03131629714522125,-0.0311098946359621,-0.03561826621235766,-0.038114113942914626,-0.03043464163412956
2024-09-26,0.07540516565046683,0.07067071948884088,0.09597970784393937,0.10806508404326992,0.08005147963624376
2024-09-27,-0.018961021937215185,-0.02619376391843793,0.15237648091462178,0.03234502238960823,-0.02634542177418854
2024-09-30,-0.008131929247810588,0.018213325004853082,0.19339005379387092,0.001481408954686145,-0.009867504731799393
2024-10-08,0.028397700639009493,0.06010042725830756,0.23852585801253615,0.03934301101416196,0.05599749651282761
2024-10-09,0.05721906136481585,0.05818788681532727,-0.014696703173064636,0.0771535971486424,0.049091089493136286
2024-10-10,0.07023005313937752,0.06328661639633566,0.029321544531150445,0.04039669240121081,0.07891602882974282
2024-10-11,-0.05082161823046331,-0.056622457891220224,-0.11776811807036298,-0.058937661442535066,-0.0447513316119751
2024-10-14,0.04311566967967408,0.023275931216112128,0.08657320379415272,0.052877292360834424,0.050057587353455626
2024-10-15,0.04031236459494771,0.04669236332687408,0.03669191367606015,0.013858238043499883,0.03626550448378193
2024-10-16,0.01646602237901846,0.01986914254918716,-0.020483209661744797,-0.007939351747559359,0.015909712548400578
2024-10-17,0.055980236959996175,0.03917129180656196,0.09480219315686031,0.06416926483466526,0.06232822477789806
2024-10-18,0.09208915330599901,0.09397061278411198,0.15346360123136965,0.12229511791705223,0.07174486850421215
2024-10-21,0.06820060497606582,0.06507693005891779,0.11302356790655364,0.0740648337175908,0.06978665031902007
2024-10-22,0.008382524203491457,-0.009826708303115201,-0.02607151686610325,-0.01603483289014452,0.016027885119392373
2024-10-23,-0.04426001273620005,-0.044178994338111455,-0.068753131421285,-0.05864849360030374,-0.04864524703567589
2024-10-24,0.012469655309192973,-0.005062468341614998,-0.01600242016406749,-0.02065463231425326,0.014163828427933572
2024-10-25,-0.036475133795335325,-0.03811931196023383,-0.025484963568071114,-0.060357160056348585,-0.02574732738306273
2024-10-28,-0.09246818444344837,-0.08465975328586851,-0.11057545876827986,-0.1283306971269158,-0.08894904976018195
2024-10-29,0.050558272935882505,0.036722501182546705,0.02284396343862461,0.07169269991759829,0.03033988188584098
2024-10-30,-0.02933136526756102,-0.02619513645224771,-0.04798793132758972,-0.029373333910735027,-0.00510103260694737
2024-10-31,-0.03189452475863538,-0.0302144721001922,-0.016585505765257826,-0.039159245302616184,-0.038300538455219364
2024-11-01,0.04031403757023043,0.021824094434230633,-0.018242487700211314,0.041283993115969836,0.03470252453030213
2024-11-04,0.14620784199590162,0.16033785614352988,0.17393115399722092,0.13877337719762883,0.14816617430830842
2024-11-05,0.02125628386885979,0.01688587768563913,0.12416458713163261,0.0652254212947989,0.03599616673023235
2024-11-06,0.012227682621701527,0.019424652918776906,0.019647238295183972,-0.0038530755217763882,0.016123451430099415
2024-11-07,0.012236008024762332,0.011702378117769967,-0.047480116094914745,-0.005307162834497116,0.006267535644122217
2024-11-08,0.03269989819124239,0.024720596044787116,0.11314279400762223,0.023923398580747064,0.027610097078507354
2024-11-11,0.13250129336248345,0.15654899336760628,0.2480961236881694,0.1341312103738753,0.12461992033886206
2024-11-12,-0.05613944421557285,-0.03305499733429261,-0.16014184902246603,-0.09697425403243935,-0.06677885737885482
2024-11-13,0.08055394365287874,0.0617154799030159,0.05429609841400211,0.06324706319195997,0.07617938136731182
2024-11-14,0.029934393139618785,0.03162767789468571,-0.08895371576803748,0.009804734469407784,0.034755606500541554
2024-11-15,0.05153017325846389,0.05381964417713129,-0.08675743187067254,0.014840279927211993,0.04898305993448686
2024-11-18,0.05915945287069109,0.059903799083222554,-0.09510892363348597,0.033907914221058884,0.061889472265421276
2024-11-19,0.0026732079345538977,0.01418274362542962,0.11119627198719013,0.001996937039919918,0.0018190158951708725
2024-11-20,-0.007059454422931306,-0.004201615030501658,0.05864548218971348,-0.053138158548235816,0.003071155454933571
2024-11-21,0.05106352503478717,0.05636303193325892,0.016951303836969998,0.018899119080800605,0.05026872762289881
2024-11-22,0.04472847710135618,0.04690247381087891,-0.029640576777160105,0.03554026323141009,0.042638902951367165
2024-11-25,0.045371932537409336,0.042306349506514206,0.02641340236578639,-0.032729764300334155,0.04794175746822869
2024-11-26,0.10866690699614727,0.10813708290373289,0.01669281850987579,0.09854316486942241,0.10671087344153918
2024-11-27,0.03975016878985122,0.04965685669303486,0.11666340287709473,0.08857727599149982,0.03721411151762152
2024-11-28,0.047999164422722215,0.0483089398266109,0.008083137384666247,-0.010544149434666784,0.037981635707710334
2024-11-29,0.013470104320298977,0.00804374042627577,0.06439573043125697,0.027111007607268867,0.014695386441405042
2024-12-02,-0.0010138658593365224,-0.002517492701500933,0.0358242476937611,-0.009164382880397663,0.000915278014785935
2024-12-03,0.05790769325418064,0.05874570804520122,0.0011099885585640408,0.029607211668900426,0.05355724138044345
2024-12-04,0.06452134252352489,0.06387369613010946,-0.014197470893436226,0.06535556684182368,0.060967167056103805
2024-12-05,0.027868876629154122,0.028161574479040375,0.12472380664211138,0.010224271770158225,0.028388079072246473
2024-12-06,0.08249761349129936,0.08064233949058937,0.012732120577951044,0.08169277547526164,0.08166222419944537
2024-12-09,0.05277980161791995,0.055467887998642273,-0.002375240683221437,-0.000979726615196851,0.052442068302463334
2024-12-10,-0.027011351359828187,-0.03625341870851993,0.0061788500395427454,0.0044948254427224586,-0.02136327469173811
2024-12-11,0.06882003641950982,0.06682864982012673,0.04497071140580586,0.04761665920119635,0.060735789434662873
2024-12-12,0.0407893090553578,0.040443031101191906,-0.03717433781318506,0.006195510943312142,0.030885668943599728
2024-12-13,0.030502988840106406,0.030344799586904676,-0.005647661714423209,0.003297171568069574,0.03175196413366861
2024-12-16,0.07768329179277499,0.0807951174792586,-0.01151509577319466,0.019009224099495948,0.08054977278518986
2024-12-17,0.072572584963285,0.07468395806143906,-0.06699605062355894,0.1328467210219538,0.05702915344631625
2024-12-18,0.0322439300584951,0.030460948315120605,0.04490359328004607,0.06307302985103663,0.03328588771617289
2024-12-19,0.05104788992353004,0.055829415320863066,0.051130515697131416,0.060288803968997176,0.05364531296793052
2024-12-20,-0.0027556220169661447,-0.002517620965534989,0.10656271384615226,-0.030232930456394604,-0.00043873265068008186
2024-12-23,0.0611425047695993,0.04777550806415037,-0.1172895979601153,0.09682617825809253,0.06129946520787649
2024-12-24,0.07461927092226053,0.06936509751686042,0.006236736147004232,0.08177767238912816,0.0754481629985863
2024-12-25,0.09051312521328567,0.08698208022967914,-0.03566033643208641,0.11398738091879597,0.08344373441560761
2024-12-26,-0.07929228347462673,-0.07486633647878949,0.01990001441749712,-0.09172221276104071,-0.07936093564385575
2024-12-27,0.031194814927395058,-0.004652723474432815,0.0027987168977542877,-0.024667404216011584,0.035734021564209434
2024-12-30,0.04439457747877651,0.04264271756259518,-0.07510548777359212,0.07531746516429239,0.04406136957012328
2024-12-31,0.03759491340520493,0.03746296560988966,-0.04177711669401452,-0.02107523091499262,0.04554998940594433
2025-01-02,-0.02930838095748216,-0.025616634653364983,0.040773669038147664,-0.0691417913166086,-0.03666001200315389
2025-01-03,0.10423561297270229,0.09450987833842023,-0.12591359164547744,0.09944432145116387,0.11105315980476069
2025-01-06,0.09251444936258867,0.07753347050063267,-0.08226003475359929,0.05001214253379877,0.08504606661755562
2025-01-07,-0.09200825249660069,-0.07072243743043143,0.17198140582049828,-0.08697586331090286,-0.0715179169095967
2025-01-08,-0.0658339938415671,-0.05706869358455605,-0.00010177763884037711,-0.05798418371811824,-0.06211985839232859
2025-01-09,-0.03902093935281353,-0.04681672746536832,0.08344523448342547,-0.020781282183420652,-6.93491614786482e-05
2025-01-10,0.12693113826041214,0.12444512268925048,-0.057093509867980875,0.12717444756779425,0.12286804096567756
2025-01-13,0.14218803531002305,0.1443100274811805,0.10092543423695734,0.09873931037931084,0.14506765542084588
2025-01-14,-0.03576104915094212,-0.018871135417066,0.24511228994218942,-0.00189988338442472,-0.017690375439338945
2025-01-15,0.03744568355505408,0.038157800302112826,0.02360231700090979,0.012059384709648641,0.04494474583426981
2025-01-16,0.013889670399193534,0.01378342227327373,0.00991169014790729,0.014155637591118951,0.010004489763423321
2025-01-17,0.11214172182097834,0.10950853296309529,-0.0009342482660173188,0.1110282801198672,0.11174512455275884
2025-01-20,0.02264716114439176,0.02937168708730684,0.08086025906050012,-0.03047933729894383,0.022594461317372937
2025-01-21,-0.022715764532657716,-0.021537172874381654,0.018037368137469485,0.039765488974092406,-0.0310003350106484
2025-01-22,0.0772601441487398,0.08032599404189193,0.009872888190195708,0.06568410864443217,0.07660228228172333
2025-01-23,0.11399905641056585,0.1141888725698425,0.00853816000288236,0.06184603139255484,0.10112156574399972
2025-01-24,0.05788941590071704,0.05992866604410897,0.15998861237380996,0.08864535181790656,0.05687298119977981
2025-01-27,0.08621922153169902,0.08169229643906861,-0.12354427544475381,0.0016238099705724422,0.08369737704785726
2025-02-05,-0.007591177604429052,0.019970103577857248,0.16855528975383338,0.00023244417054528392,0.0039051059159634412
2025-02-06,0.00185609526014684,0.0022989624853524122,0.17669705831664737,0.05613902844247736,0.05052633695445249
2025-02-07,0.012941519243575108,0.009289679045789695,0.0366878009367463,0.04426536186414408,0.013809727886882844
2025-02-10,-0.010528789652748343,-0.000557437787032295,0.12031227464724034,-0.03986650493496468,-0.0016505861532292736
2025-02-11,0.0040975369308305825,-0.011602378850099793,-0.04308221309200327,-0.016006045670116074,-0.010176327480033406
2025-02-12,0.04882951745863173,0.0320697294575192,0.14486083306764447,0.1043803447968467,0.05255884038185974
2025-02-13,0.001977966166785693,-0.002593502052245031,-0.08741127759262157,-0.004228787370395269,-0.006275083836105981
2025-02-14,0.11428597798578695,0.11171901285575185,0.0869059436376189,0.11225227894943288,0.11057801626726814
2025-02-17,-0.04870512855992725,-0.04622599464494021,0.028429964646809153,-0.06981589200079376,-0.053221664134208514
2025-02-18,0.0162771086944329,-0.0008816367389654359,-0.11948243500288919,-0.00749148508833942,0.01758395172332129
2025-02-19,-0.05237445394406512,-0.06435849124283469,0.12364127780499985,-0.02796274565318149,-0.03190080709179118
2025-02-20,0.020774533994402454,0.03893209477473655,0.03333005316729162,-0.020518096767073116,0.008307539893061242
2025-02-21,0.0013112083657973042,-0.002820114741791778,0.13045217530485687,0.08156774984985472,0.04700269422750554
2025-02-24,0.0766731564058644,0.06479931629630697,0.0006340096252357093,0.03661173982567267,0.07283575635046416
2025-02-25,0.0632185358337088,0.06488796896031113,0.08828041223857803,0.042860047939739035,0.06325872206212912
2025-02-26,0.041483894671342975,0.041101169051329135,0.006417964847805767,0.02558719247517342,0.04149404618903756
2025-02-27,0.05052930465370858,0.050840137200150515,-0.0701886922473583,0.007465706228764112,0.04786481570314522
2025-02-28,0.10676120168170516,0.10237218943740534,-0.1294782682892634,0.03561446946919305,0.10390299995882459
2025-03-03,0.06882550415906179,0.06721383133522733,0.035439149573906495,0.0404065662321859,0.06885365615881427
2025-03-04,0.07554180896136195,0.0766732732429643,0.1942615697266249,0.06772851065728959,0.09399082864652282
2025-03-05,-0.024544226163527538,-0.024461972435326985,0.09769648979063883,0.04222031532902227,-0.023150913251841657
2025-03-06,-0.029786953842673887,-0.038026444333239456,0.11628575592989909,0.019685334068812902,-0.029938047153272883
2025-03-07,0.10803464631985431,0.0915171197732895,0.0012289440793556605,0.07116145667674362,0.11611642891707429
2025-03-10,-0.008370158809615535,-0.008409718790052935,-0.07020338756985084,-0.07494722844721174,-0.0278884959221965
2025-03-11,0.08487814407718491,0.08625914298647376,-0.017986734255467107,0.04855921166138129,0.08177706046027051
2025-03-12,0.019959844267736542,0.017442282087260765,0.03553087464989813,0.015361492665929654,0.01540677477889354
2025-03-13,0.12463256134829787,0.12086452119383125,-0.09302940740668654,0.05213421472976396,0.13100874387315273
2025-03-14,-0.010109558445498807,0.004563151878908488,0.007570263553954902,-0.0009504376558529497,-0.01920579346756137
2025-03-17,0.015460982915734504,0.013513881238723413,-0.008756777972047703,-0.027097518500060928,0.020728950722959417
2025-03-18,0.0360415975449705,0.031124599920491894,0.019464234935449666,0.01965419378787633,0.03336273042020143
2025-03-19,0.08107430557520554,0.08071174344997314,-0.02749446402938429,0.0510167309438576,0.07924809009631612
2025-03-20,0.1342309504640852,0.13467589563370147,0.04497066357004593,0.0812416614606306,0.13416483557831602
2025-03-21,0.11212817717784572,0.11230803867578802,-0.08124023733939369,0.05945549796166045,0.11423321547358763
2025-03-24,0.029347038624807698,0.026969212314487838,-0.033310335392343515,0.07050296010454216,0.028175553233572126
2025-03-25,0.13763726005145852,0.13777396982045403,-0.0446446215626904,0.076974563238074,0.13215888655197636
2025-03-26,-0.010330435754767633,-0.00743914828196758,0.006460248516407593,-0.06379222418157265,-0.0109561788898463
2025-03-27,0.08267004131289317,0.06904937781115843,0.017183083580424835,0.08362555720887381,0.08141194221089246
2025-03-28,0.004423832642235731,0.0013548040769825584,-0.03677788954548332,0.02650265319142737,-0.008077784997298753
2025-03-31,0.004539854969899452,0.005655848717596956,0.02006418579762669,0.01591040136954854,0.0033370000911028008
2025-04-01,0.052243737868103525,0.044501514909532115,-0.04826390855414778,-0.023434991330865098,0.05137458959317663
2025-04-02,-0.019135837463776468,-0.029232727224831185,0.009109392758840332,-0.023157620767942057,-0.02186507785149832
2025-04-03,0.11783892007170726,0.11195808516240019,-0.030189691963495566,0.06634143400171146,0.12840306536911478
2025-04-07,-0.02478408995419193,-0.04171633237575774,-0.17801906267425807,-0.01648220350810866,-0.031218077875112507
2025-04-08,0.22610117411422176,0.19966564449242424,0.25793081874300283,0.2195599928980399,0.21032499411002978
2025-04-09,0.0625117180130056,0.050739866819370254,0.1080210857102288,0.06931246796579424,0.0248862883815736
2025-04-10,-0.07078371668414483,-0.07036713592830506,-0.015953895949798336,-0.08817805261912327,-0.03627913526319093
2025-04-11,-0.021954270333357926,-0.013398256215812915,0.023166637124798498,-0.008169114203090716,-0.022379224862172385
2025-04-14,-0.06193340211151404,-0.06781219704819309,-0.034933889247426755,-0.08840668267896325,-0.03629269790468756
2025-04-15,0.02453589716322278,0.028334777456307515,0.015019238343494145,-0.022974108961199717,0.01991465222559998
2025-04-16,0.10546882193688374,0.10381159481409923,0.020723567943243343,0.1144765125702673,0.0843427892712313
2025-04-17,0.003415935409615336,0.00472521105865708,-0.007081623555256901,-0.06312423745587087,0.0045184849983622155
2025-04-18,0.08025751460183277,0.07335111912665855,0.059545264827975716,0.08052709589122929,0.08119454623657904
2025-04-21,-0.07426517285092281,-0.07135128574078206,0.00254138854425987,-0.056525475227970724,-0.08311964029083661
2025-04-22,0.1040655440503997,0.09057944604241602,0.04252182096713289,0.03772159968307971,0.10461857800324194
2025-04-23,0.009712395914929018,0.017687438433739617,0.07407517433271255,0.0010765612888384228,0.020174111116211577
2025-04-24,0.05556388466851394,0.053278696878916565,-0.02456994409438637,0.020021348589026773,0.045878082624469255
2025-04-25,0.025410901988056997,0.022394214196128987,0.0051694046570651886,0.03351552422178442,0.02611949668243884
2025-04-28,0.0409361914388197,0.04135204610700236,0.03591996899604515,0.05848357355855265,0.04304069821395599
2025-04-29,0.027528410131437687,0.028644478191558156,0.07263244868152498,-0.03238236987248322,0.02593001668726593
2025-04-30,0.0190216545061482,0.025852124133531842,0.10919294677558625,0.007826013025704175,0.01907593339893111
2025-05-06,-0.0012651378000590944,0.004538954228709018,0.10041200885819689,-0.0038924909816785143,0.005073815714810101
2025-05-07,0.004817429923288424,-0.0009080537110817083,-0.03134416406651015,-0.03067458745994492,0.0014705421974536377
2025-05-08,0.09665373599074883,0.09110978772132382,0.1491381487225175,0.04611851633345272,0.10813952805219954
2025-05-09,0.11109993800359963,0.11708545137763833,-0.020047901989933493,0.058752833189328384,0.11911278151564951
2025-05-12,-0.0038334723129758654,0.002643083033035211,0.07614493253732536,0.03685844450617283,-0.012184480045232312
2025-05-13,0.004594771044799917,-0.014589580055628455,-0.07230388317952192,-0.014594457979210114,0.0015556677611826674
2025-05-14,-0.01866662176182767,-0.017001853997181855,-0.10016144050791494,0.035072736761246004,-0.02691625965173903
2025-05-15,0.10794896404085756,0.09613446563724132,0.0013962931101172593,-0.015814849603718435,0.11036669309283753
2025-05-16,-0.0076222421179036395,-0.007445334424507101,0.044464451016789384,-0.05089164741784427,-0.030828015594797496
2025-05-19,0.06202699448342811,0.051533665647001556,0.019918409801895187,-0.018352747217120394,0.06264405528984476
2025-05-20,0.05010923455943943,0.051355251032793876,0.03677116889085786,-0.0126674835701733,0.05539105648202208
2025-05-21,0.08642442323958545,0.08456091897100917,-0.03758227974851854,0.09804759020035221,0.0817497504267147
2025-05-22,0.05955345736556229,0.059516171772437766,-0.002139559293606906,0.08618840028272616,0.057530395543655966
2025-05-23,0.10931478540169683,0.10687676820089556,0.02469118851408352,0.0655990372083191,0.11020156237348405
2025-05-26,0.011179010551951231,0.007094641113441064,0.08780972586185723,-0.011555974418848444,0.008603372681014567
2025-05-27,0.028442956062289672,0.0247711946684557,-0.0476493469085334,-0.0746865747099056,0.02939078975017378
2025-05-28,0.0799382707808891,0.07851034517276358,-0.005508804373274236,0.06941592183802676,0.08082051366785047
2025-05-29,0.048809002193625904,0.05130423979940956,0.07731922975071069,0.029016967476256747,0.03532376281858072
2025-05-30,0.11741267470034245,0.11724824783298984,-0.04384659423464619,0.08734837863849591,0.11746275581315974
2025-06-03,-0.03799880189046669,-0.044782755543850604,-0.028178742026329112,-0.062445403181197436,-0.03807973233881978
2025-06-04,-0.024530671354659098,-0.028844137290587102,-0.04551515430625659,-0.04556980726240195,-0.019898119302335558
2025-06-05,0.03176732194229142,0.02721828611854631,0.0571604709077283,0.07499636246155351,0.006904182049740199
2025-06-06,0.10221273176747676,0.10273526853668948,-0.03325153966845223,-0.004047868421141714,0.09950267813956214
2025-06-09,-0.09159701294112166,-0.08960988115980732,-0.009472048371749909,-0.09771147183020996,-0.0914945746071665
2025-06-10,0.05892448951963612,0.06351098914528938,-0.015407811595826847,0.02792444866678921,0.05880247630568466
2025-06-11,0.08994049545642763,0.0801665372000193,0.02767812071608624,0.07060352430737983,0.07714782944727941
2025-06-12,0.042260778061729176,0.04234630630748875,0.06428033514555223,0.022613952729381683,0.0415760001179604
2025-06-13,0.11844859663886419,0.11025000515991461,-0.058184487541827125,0.11639681043424137,0.11844376139648027
2025-06-16,-0.07127058542104017,-0.0717522458402212,0.008790387829927289,-0.08384205610053028,-0.06831719542298846
2025-06-17,0.12050183302901449,0.11399725165774026,-0.013499958144274123,0.10219654516482056,0.12152235945261662
2025-06-18,0.05653198096303264,0.05590948720543491,0.011304253991096103,0.08295226928579144,0.057066286630612896
2025-06-19,0.14800661127868173,0.14720272698327108,-0.00662475039259871,0.14433793825318464,0.1457251453381009
2025-06-20,0.13396515097903558,0.13425683067649946,-0.007108944267452421,0.0871038607724871,0.13373085306899735
2025-06-23,-0.06004492310383443,-0.053710449086687484,0.05365524004666647,-0.09531638855809944,-0.0537732677444574
2025-06-24,0.07566089684837836,0.07252895374771703,0.06636057329529621,0.030252297871364242,0.08170233805793878
2025-06-25,0.08273766561428962,0.07865531299669747,0.042261606571455425,0.1512299855952102,0.08275384468282877
2025-06-26,0.06983410882374066,0.06965628702548718,0.04097304974121386,0.0481075977273279,0.07619543818967606
2025-06-27,0.07594393148026353,0.06835766762406391,0.026499684405345475,0.016730927636101095,0.07548321933608411
2025-06-30,-0.03627116705102806,-0.03732696637248619,0.08303406092669485,-0.03945243322652187,-0.037290003484970066
2025-07-01,0.018056780012110717,0.010526588633258234,-0.0432129797891834,-0.019470262411122808,0.01841670470356302
2025-07-02,0.11606361717707436,0.11559031387694331,-0.0808005365247108,0.022738953306291738,0.08288209070737687
2025-07-03,-0.0342072148150165,-0.024451068004724692,-0.04000601485166048,-0.04356687478779314,-0.03331122192943392
2025-07-04,0.06618520190996961,0.05508213802082174,-0.03529235280360076,0.08248464513982078,0.06525008407139805
2025-07-07,0.043578688025395655,0.04329079752745487,0.027654263408706522,-0.028628948102176456,0.02996091195516645
2025-07-08,-0.0029956774691970176,-0.009447503250617752,0.020382700033803883,0.02078090695462364,-0.007896608507548064
2025-07-09,0.057333267434333285,0.05102505144509652,-0.056903695580129386,-0.008179222550060617,0.061284138395212545
2025-07-10,0.14835701953323155,0.14789298831161546,0.013793654087431238,0.11841031514863655,0.14596489171836313
2025-07-11,0.05535580712406018,0.06250306562137503,0.06652379623096268,0.09559227497451403,0.04826571259986939
2025-07-14,-0.02620125027717387,-0.028599929042429882,-0.061279996205492855,-0.0924757059041145,-0.01906178987357765
2025-07-15,0.030240202671097737,0.030337568098705,0.01912176796203214,0.061603464755371616,0.03222352826071251
2025-07-16,0.0762898607962952,0.07313947629699555,0.03576898745033654,0.009053580142943265,0.07926222610814974
2025-07-17,-0.06575754036014447,-0.0655576784504989,0.022525570892557866,-0.012503711746284412,-0.06409249793229246
2025-07-18,0.06241431124222102,0.052253330967483684,-0.01852130173919577,0.04793581922810682,0.06132416909202394
2025-07-21,0.12303031412061607,0.12172564037420479,0.04940346800756445,0.0656977845036996,0.10642262365804857
2025-07-22,0.14880853978752429,0.14804992474311254,0.0632923730758037,0.12854643557473883,0.1532965763354816
2025-07-23,0.016217463868359063,0.022304666857418696,-0.04931260167880646,0.010083716691748722,0.012850352917616178
2025-07-24,0.0960952942120402,0.09524468397476986,0.06428570681765511,0.11921354221120736,0.09654856981473764
2025-07-25,0.04237104219992244,0.042141507907793634,-0.01283348123931496,-0.004270076586340954,0.04617637116871722
2025-07-28,-0.10410578337820842,-0.10391493571457144,-0.0340080135962025,-0.10937707501629514,-0.10532592714437393
2025-07-29,-0.031179871410135025,-0.02663105041224839,0.023826300903501272,0.006265327218614338,-0.030761748336360552
2025-07-30,0.10774039299087587,0.09765167772507309,-0.013326173338316783,0.05429376204775511,0.08846599971023161
2025-07-31,-0.024163759430528325,-0.028557477167135255,0.020768757634972948,-0.02325736968311334,-0.019201299058710472
2025-08-01,0.08161432031385772,0.07953412780243158,-0.00556325746474043,-0.0128237823207852,0.08102655279112887
2025-08-04,-0.01735383153736936,-0.017889715870523466,-0.003798173617954184,-0.05156397231383606,-0.0027651240936359257
2025-08-05,0.01422629932796404,0.011523734241553472,-0.05258511243235394,-0.022267803951280956,0.015344625998739493
2025-08-06,0.014101782650208424,0.014058947181047065,0.02955740064315584,0.035292269637878536,0.03432482235286582
2025-08-07,0.031888791297992804,0.02488326507021479,-0.04552377957727254,-0.0002678100276016143,0.032717635961143285
2025-08-08,0.08230389018887939,0.07555726359111352,0.049054854491363487,0.013968758481280001,0.06931052844065327
2025-08-11,-0.054174156790982114,-0.052903350331990846,-0.010069540070134773,-0.06348204640313852,-0.05982106075838137
2025-08-12,0.08775736713719089,0.08195104230155313,-0.013974151097257491,0.09908528645955804,0.08768311537233899
2025-08-13,-0.042160884911517364,-0.04207848499153708,0.037032878494928846,0.04912653716898894,-0.034566733034230815
2025-08-14,0.11718374262450444,0.11828424088079352,0.03395882658037564,0.1668406929821907,0.1167519235262007
2025-08-15,-0.02904894922021833,-0.02794052188133287,0.07258310358253024,0.025074567832104877,-0.005931895538035286
2025-08-18,-0.035158545937983975,-0.022110579929243753,0.023902127076160778,0.013828949230996826,-0.03472393140321058
2025-08-19,0.01830649235267398,0.01634477585410355,-0.06530292317444267,-0.05547679130298498,-0.003359535361541285
2025-08-20,0.1766911447862972,0.17393846797394175,0.03448669804986844,0.1497473041325807,0.1633024087445577
2025-08-21,0.18166786222643888,0.18562582102874212,0.00710225883077906,0.10991953387125375,0.1803281370089266
2025-08-22,-0.030027098191293452,-0.0035786622348850296,0.05822018988081474,0.08803059051188226,-0.03160801804398462
2025-08-25,-0.0788662668176407,-0.07605269871394175,-0.038053252643732126,-0.008184169653100619,-0.06906987854767489
2025-08-26,0.13827235391224907,0.11584277099169665,-0.01266782273313572,0.06781026392426424,0.12846573532164057
2025-08-27,0.07828040394103288,0.08218894057746247,0.06122026838117801,0.11469945956042808,0.08519311432579019
2025-08-28,-0.0014201535804276091,0.005392181022106864,0.09339131450380796,0.07690927778742807,3.574944976798695e-05
2025-08-29,-0.03412194981687464,-0.03976513506360535,-0.057875260324331115,-0.019406470859601135,-0.0349832422668727
2025-09-01,-0.020310163281884435,-0.021405561609328896,0.003187383537639467,-0.03551615258102193,-0.022292675190814272
2025-09-02,0.09260447659849476,0.0898054675030986,-0.08200113345269223,0.025640417923386425,0.10438726923352896
2025-09-03,0.037786532149378146,0.038867707681543906,0.023231804677103153,0.035259983778443485,0.04354186756723207
2025-09-04,0.14862781612835024,0.14709885496545558,-0.0671616593185562,0.05584028629043115,0.14737533667352473
2025-09-05,-0.07346325556157043,-0.03764825205784507,0.109550611634592,-0.023784256280317394,-0.06974150679562387
2025-09-08,0.05550354177114201,0.0573876818196024,0.009683357920300277,0.01705877321988297,0.052643840147113555
2025-09-09,0.09945967577970541,0.09933474462773743,-0.05714512570194338,0.051734968108357926,0.08066194618074114
2025-09-10,-0.0026870693339421246,-0.003547485280099718,0.0278399539185877,-0.010860456194607643,-0.0045121732885063355
2025-09-11,-0.013779121902195093,-0.014432561045607221,0.15541930663138342,0.05105161268078259,-0.020646916793750407
2025-09-12,0.02788189596989692,0.02893214937717129,0.02459686810463349,0.030937341557377537,0.026706858700227668
2025-09-15,0.05282193019223583,0.050504405684567294,-0.004578785654588952,0.0434635918769226,0.046740582341716595
2025-09-16,0.055791111285672,0.05288129100018031,0.08111388430904286,0.03969531862850935,0.05047459318468929
2025-09-17,0.10315663071530708,0.1037292197435178,0.11885252495243194,0.12512107782879106,0.10141337214273835
2025-09-18,0.0425769360340044,0.04241022301083729,0.06403553883443402,0.059660786988981584,0.04180587708481417
2025-09-19,0.029326065707159094,0.02595694131336417,-0.025127051288988855,0.023966469165470468,0.02906543756077766
2025-09-22,0.012903515970340616,0.015118084839117153,0.13417559897138515,0.051945357604607646,0.015860696222133156
2025-09-23,0.060979831441431556,0.06291734292365737,0.00027989794753814775,0.052095571376887966,0.06151560617967613
2025-09-24,0.04603961092372642,0.04441339323492258,0.06141386417581402,0.04541248862928133,0.04713584567637802
2025-09-25,0.030591739718804002,0.030163212095976933,0.03689764758418622,0.06109144485675902,0.030099183240958234
2025-09-26,0.06144974359429409,0.05580333825569421,-0.10088794635251389,-0.003289521293578982,0.06182567402836653
2025-09-29,0.007647524245898836,0.007565435573133877,0.05968724143384442,0.023665399554337833,0.004366013253364284
2025-09-30,0.032732167206262854,0.03440229180971787,0.056778854004891785,0.05273821058642782,0.03205779170968512
2025-10-09,0.05867734981191986,0.06021843898705744,0.04051382170056567,0.08926682894125561,0.060604602981298904
2025-10-10,0.05163144509834842,0.049418792118607065,-0.12497060688441754,-0.023328856787544202,0.04480463712402612
2025-10-13,0.03833957597695115,0.03878323652227199,0.0097740180761559,0.024280931364975694,0.044037851363439094
2025-10-14,0.06847313386680817,0.06635544860775275,-0.13635728882296652,0.0045338077336375664,0.0860148328223242
2025-10-15,0.0013671381679707865,0.004442456872479438,0.08027775920699981,0.01956852810834684,-0.019327908990067554
2025-10-16,0.09580346440289866,0.09568622073727198,0.009188158527704576,0.07478426884519965,0.0892200814580177
2025-10-17,0.08460642017055775,0.08184447913986975,-0.09420015732541046,0.006559684431334233,0.08194049956502403
2025-10-20,0.06967832020250006,0.07428911352217912,0.09146587906358777,0.041972752566693146,0.07061015264125939
2025-10-21,0.05771665720875366,0.058554885407393426,0.08673372677313639,0.043281035107536905,0.05932696156824551
2025-10-22,0.13011404401416493,0.13114020862306536,0.01779006682193752,0.07171547436215041,0.1298719688392633
2025-10-23,0.14207944590315363,0.14309088346822998,-0.013764921721957793,0.0942028181939281,0.13877542913627505
2025-10-24,-0.08709359072328306,-0.07492221381031763,0.08464084476760185,-0.025471733792489206,-0.07960923879038549
2025-10-27,-0.061807477147083505,-0.0511747055397981,0.019313431221867808,-0.0128890993444146,-0.05558969175732219
2025-10-28,0.062436700169299655,0.06154676791657365,0.03044007576123241,0.021937474857402547,0.05957176751387042
2025-10-29,-0.06060879388399745,-0.06472481080561863,0.037258892871918026,0.04464823738292906,-0.0503768112178735
2025-10-30,0.11059723512120789,0.10881999448659319,0.0014008437204118226,0.07490927524443748,0.10940213236828052
2025-10-31,-0.004270812254015831,-0.003523912836951734,-0.0854734408014956,-0.08120779545266837,-0.019250931934021994
2025-11-03,0.025881597607152276,0.03251367955015035,-0.05775587837379938,-0.021785303769736877,0.025624941176430837
2025-11-04,0.17084119323711597,0.17830103261830654,-0.01894322303039991,0.07983600628183059,0.1724512986021382
2025-11-05,0.04539523804291493,0.0417424830787914,-0.0037553303382349,-0.003329704786388931,0.048188511483000726
2025-11-06,0.004917125363316679,0.0007287213228613241,0.1058510772711562,0.0751224879819909,0.008369465329444024
2025-11-07,0.14736725721596156,0.1476141424011417,0.009106430897517538,0.09982328574777506,0.1525894192599715
2025-11-10,0.08093899190657877,0.08097311080046596,-0.03678509895377716,0.04217552493385714,0.07889243805354988
2025-11-11,0.10428829988292991,0.10599605984828632,-0.0128263964016476,0.01292906920803537,0.10310264217401294
2025-11-12,0.10363334343725843,0.10223588377911486,0.000843100878162492,0.043401275416557986,0.11061739004173331
2025-11-13,-0.056669352208719506,-0.05630521526432356,-0.0051376503388518265,-0.010620380469557558,-0.05644671127878516
2025-11-14,0.1271559478679625,0.11565466235318843,-0.02057149212549049,0.004206507145861663,0.12862667103402015
2025-11-17,0.013570885604800702,0.014069450894842999,0.03222867834438279,0.01311151827699089,0.028301525377210472
2025-11-18,0.08705825583784027,0.08648045790876456,0.017327141509030194,0.05923347726893748,0.08987788775514284
2025-11-19,0.07384443718384015,0.07801372903772193,0.039733634901372626,0.13973811443833214,0.0734314078574591
2025-11-20,0.14187967160728376,0.14220363253746132,0.05024242458625894,0.11740790847862735,0.14062700499745162
2025-11-21,0.15549581488205988,0.15119483453497867,0.030514559001704043,0.16493730236133047,0.15346402177340146
2025-11-24,-0.005518593223472292,-0.012000863806604612,0.000876776192123546,-0.048371255757511514,-0.0035306760075197703
2025-11-25,-0.15109803258236124,-0.15131271524316334,-0.026240132370998277,-0.1397325322751384,-0.12696741720362456
2025-11-26,-0.005950875271411559,-0.0026213033050669133,-0.0235479339418772,0.0365145754471962,-0.008670814449577286
2025-11-27,0.043290543097670366,0.03146332004446931,0.03416614831647682,-0.028018532681001206,0.052037826113679395
2025-11-28,-0.04181264802575705,-0.04312082835174799,0.051703255777484206,-0.054802619493623826,-0.047468779920229943
2025-12-01,0.08900825162902605,0.07949589886812469,0.005533602871926967,0.12973676397118214,0.08900539078587581
2025-12-02,0.12091952294140022,0.1212355151035128,0.029257948881441093,0.06603077427354713,0.12018661794614312
2025-12-03,0.12885005586323728,0.12901601166794954,0.010892400339364009,0.0854937221842002,0.1285744831423787
2025-12-04,0.07802882492045031,0.0769702373754369,0.02735450426672956,0.1568804575390208,0.07773489622349239
2025-12-05,-0.012621089964883992,-0.010388463675431945,0.03785788746809278,-0.0113294245444149,-0.010696278142055801
2025-12-08,-0.1213641734981093,-0.11664066765117082,0.02927690990032561,-0.07326124732442467,-0.12220677151583866
2025-12-09,0.04354095564661867,0.06111499376067341,0.02416778518930943,0.04116764646532174,0.041838054952565915
2025-12-10,0.024506556465465998,0.022457996016981552,-0.03794829688737609,0.0752982110905424,0.013717389069430685
2025-12-11,0.1298899290827968,0.1320654054096844,0.029379401391799082,0.14362827196835576,0.13023212573866927
2025-12-12,0.023575465578643828,0.013051963685521379,0.006562121108505028,0.09751017328355063,0.02768829681376708
2025-12-15,0.10732406283362789,0.09652241713463523,0.0427784318283328,0.036362179253278865,0.10808196919533801
2025-12-16,0.18668515229894242,0.18337258364860928,0.01031071232752186,0.1409885232019868,0.17976783684948378
2025-12-17,-0.05506600470597246,-0.03775746400907144,0.015626185063608605,0.04664276234002184,-0.044472112779583024
2025-12-18,0.1463807243715785,0.13840444978126945,0.04719135771181638,0.016519825966641866,0.14234233510293234
2025-12-19,0.0184782202025164,0.01730465209242584,0.01903687323440983,-0.03691745479452595,0.011783036207570126
2025-12-22,-0.018287163262427412,-0.026499803122828014,0.0459201646778015,0.05633262754330472,-0.013896175788828617
2025-12-23,0.06309238713207195,0.06788639542040438,0.05551466717191965,0.0972111649008893,0.051329585241520675
2025-12-24,0.0021690376456963414,0.0021993473519933077,0.10128069098646741,0.029331303785076764,0.006559391380108848
2025-12-25,0.019269845782708905,0.02446140709888587,0.014005696510072144,-0.014081734715937506,0.0174865235550778
2025-12-26,-0.03230420365670862,-0.039532783825805884,-0.04465484670895961,0.04288355729974935,-0.033166033595032014
2025-12-29,0.0947254133437425,0.07821939225726714,0.05414248724327576,0.058555470769182466,0.10567992722814998
2025-12-30,0.10047736343895947,0.10018318441365294,0.029343018146988076,0.13585081108285685,0.09727215390647213
2025-12-31,0.10462412461216446,0.10492606442330138,0.056594703436805865,0.05090178799560852,0.1060535212757987
