Date,unfiltered_c2c_lag1_gross_excess,unfiltered_c2c_lag1_net_excess_15bp,unfiltered_c2c_lag1_turnover,formation_filtered_c2c_lag1_gross_excess,formation_filtered_c2c_lag1_net_excess_15bp,formation_filtered_c2c_lag1_turnover,ex_post_execution_filtered_c2c_lag1_gross_excess,ex_post_execution_filtered_c2c_lag1_net_excess_15bp,ex_post_execution_filtered_c2c_lag1_turnover,next_open_o2o_lag2_gross_excess,next_open_o2o_lag2_net_excess_15bp,next_open_o2o_lag2_turnover
2022-01-28,0.003964612272104956,0.002464612272104956,1.0,0.003242699604826288,0.001742699604826288,1.0,0.0031595816561958163,0.0016595816561958163,1.0,0.0019017009946389156,0.0004017009946389158,0.9999999999999999
2022-02-07,0.0010943419068549093,0.0004490329823697833,0.43020594965675063,0.0023767491657498228,0.0017608071367643157,0.41062801932367143,0.0032145413742662183,0.0025680522701499956,0.4309927360774819,0.00321921877995034,0.002646755011834398,0.3816425120772946
2022-02-08,0.003165500627979937,0.0025613816348449255,0.40274599542334094,0.0040064234003226555,0.003383234994525554,0.4154589371980676,0.004293156678802075,0.0036815061933651813,0.4077669902912622,0.0013347893417097194,0.0007188473127242122,0.41062801932367143
2022-02-09,-0.002026782468742756,-0.0025841219182840404,0.3715596330275229,-0.001897924041649417,-0.0024717739205840417,0.3825665859564164,-0.0012867421688315447,-0.00184742178048203,0.37378640776699024,0.004201681494351935,0.0035784930885548335,0.4154589371980676
2022-02-10,0.0013383989226641684,0.000720549952412452,0.4118993135011442,0.0015212101318235489,0.0009110406402981253,0.406779661016949,0.0012325322126038557,0.0006093438068067543,0.4154589371980676,-0.002572735185343728,-0.0031465850642783525,0.3825665859564164
2022-02-11,-0.0005308968994111075,-0.0011487458696628238,0.41189931350114417,-0.00012496165257866107,-0.0007177327369160103,0.39518072289156614,0.00035720641671269093,-0.00021387792063670653,0.38072289156626493,0.0017466701018441517,0.0011365006103187282,0.406779661016949
2022-02-14,-0.0016969783045276167,-0.002280502331987571,0.38901601830663624,-0.0018851515500746918,-0.0025068382970626435,0.41445783132530123,0.00012551664821171694,-0.0005178568457641864,0.4289156626506022,0.0005816910966801141,-1.1079987657235178e-05,0.39518072289156614
2022-02-15,-0.003046551513543074,-0.003657535495236438,0.4073226544622426,-0.003465155782311517,-0.0041229871076127215,0.43855421686746987,-0.0029825499965371515,-0.003649216663203818,0.4444444444444444,-0.004067428691149701,-0.0046891154381376535,0.41445783132530123
2022-02-16,-0.0002328618147418443,-0.0007820608994100366,0.3661327231121282,5.463193420538262e-05,-0.0005092234874813644,0.3759036144578313,0.0008081160617572809,0.0002573914240761216,0.36714975845410625,-0.0034718423368026025,-0.004129673662103807,0.43855421686746987
2022-02-17,-0.0022851434432038754,-0.0028480725049887723,0.37528604118993136,-0.002277804823762038,-0.002848889161111436,0.3807228915662651,-0.001454009267107672,-0.0020250936044570694,0.38072289156626493,-0.00010665817541599069,-0.0006705135971027377,0.3759036144578313
2022-02-18,0.00043094225484184047,-0.00012512181838470425,0.3707093821510298,0.0005571480480535901,-4.140964425410228e-05,0.3990384615384616,0.0012137410272303577,0.0006079717964611268,0.4038461538461539,-0.0015489516208539531,-0.002120035958203351,0.3807228915662651
2022-02-21,-0.0007969703366382652,-0.001461353898282101,0.4429223744292238,-0.0009632648364410312,-0.0016251353400381537,0.4412470023980817,-0.0004070527205880352,-0.0010921488744341892,0.4567307692307693,-0.0012955016336527979,-0.0018940593259604904,0.3990384615384616
2022-02-22,0.0005269483839342951,-0.0001237365475725543,0.4337899543378996,0.0004893521921094622,-0.0001581298222790271,0.43165467625899284,0.0003522213087644617,-0.00029681715277399983,0.4326923076923077,-0.000839995225006396,-0.0015018657286035185,0.4412470023980817
2022-02-23,0.0009113591558235976,0.0003702632654126386,0.36073059360730597,0.00037542754918866786,-0.00021450050836528895,0.3932853717026379,0.0016057477327239555,0.001036036194262417,0.3798076923076923,8.988461549217994e-05,-0.0005575973988963094,0.43165467625899284
2022-02-24,0.0011150822021771915,0.0005534383665607532,0.3744292237442922,0.0016927579840430827,0.001088441437280493,0.40287769784172656,0.000948224141357687,0.00034245491058845616,0.40384615384615385,0.0009102823261833409,0.00032035426862938405,0.3932853717026379
2022-02-25,0.0008770378481514005,0.00037018853308290727,0.3378995433789954,0.0005456439387828155,-2.4329842941073947e-06,0.3653846153846153,0.0007761068421693468,0.00023524145755396202,0.36057692307692313,0.0010057161486324417,0.0004013996018698518,0.40287769784172656
2022-02-28,-0.0016553772194988939,-0.0022307196852523184,0.3835616438356164,-0.0013140808747341757,-0.001862157797811099,0.3653846153846154,-0.0006041892581188091,-0.0011535868484802549,0.36626506024096384,-0.000930646555909514,-0.0014787234789864368,0.3653846153846153
2022-03-01,-0.001567065030624962,-0.002060215715556469,0.3287671232876712,-0.0014160739174159638,-0.0019569393020313483,0.3605769230769231,-0.0011720902198878204,-0.0017129556045032053,0.36057692307692313,-0.0014589684701550463,-0.0020070453932319694,0.3653846153846154
2022-03-02,-0.001022275660123688,-0.0015633715505346468,0.3607305936073059,-0.0006032067627753344,-0.001172918301236873,0.3798076923076923,-0.00036969751291791343,-0.0009394090513794519,0.3798076923076923,-0.0015737270087244244,-0.002114592393339809,0.3605769230769231
2022-03-03,0.0009255917940469924,0.0004472318851631655,0.3189066059225512,0.0009769272353330133,0.0004504849276407056,0.3509615384615385,0.0015816589520549606,0.0010684059400067679,0.3421686746987952,-0.0024318486581314663,-0.003001560196593005,0.3798076923076923
2022-03-04,0.002348746027769381,0.0018169278459511991,0.35454545454545455,0.0020565723677471327,0.0015241982670277082,0.3549160671462831,0.002574010606419515,0.0020429101279506156,0.3540669856459331,0.002079264138853315,0.0015528218311610074,0.3509615384615385
2022-03-07,0.0012193701815187228,0.0007499824264166821,0.31292517006802717,0.0007483840121288166,0.0002531687011240319,0.3301435406698564,0.0011388100293598276,0.000629240651369397,0.339712918660287,0.0012139833678995859,0.0006816092671801613,0.3549160671462831
2022-03-08,0.003796357906281904,0.0032330094899923113,0.3755656108597285,0.0031711301562706053,0.002591177888967503,0.386634844868735,0.0034386365708439504,0.0028630970024986265,0.3836930455635491,0.001058018557905693,0.0005628032469009083,0.3301435406698564
2022-03-09,-0.0037920168815724544,-0.004299917558773358,0.3386004514672688,-0.0038377698541854684,-0.004374762694280934,0.35799522673031015,-0.003662053384234351,-0.004177566510725998,0.34367541766109777,0.001991195014900495,0.0014112427475973927,0.386634844868735
2022-03-10,-0.0010943551648525188,-0.0016293438781708031,0.3566591422121896,-0.0004977899895857139,-0.0010477899895857139,0.3666666666666666,0.00034200140675869073,-0.00021647114694059335,0.37231503579952274,-0.005097380349583929,-0.005634373189679394,0.35799522673031015
2022-03-11,-0.0005139430739995376,-0.0010963358505232397,0.38826185101580135,0.0009182972125029608,0.0003182972125029609,0.3999999999999999,0.0014917308932601162,0.0008888600798629869,0.4019138755980862,0.002961408851502402,0.002411408851502402,0.3666666666666666
2022-03-14,0.0012496339031728872,0.0007428771464161306,0.3378378378378377,0.0020470585314995952,0.0015100656914041298,0.3579952267303102,0.002932488147243579,0.002405172232754268,0.35154394299287406,-0.0009588986460249138,-0.0015588986460249137,0.3999999999999999
2022-03-15,0.0003648814736143535,-0.00020268609395321401,0.37837837837837834,0.0008404712029406736,0.0002504238095757446,0.3933649289099526,0.0008425266654815688,0.00023682595289249513,0.4038004750593825,0.0015326276197998243,0.0009956347797043588,0.3579952267303102
2022-03-16,-0.002641001680911935,-0.0032207769618108114,0.38651685393258417,-0.002498510957526706,-0.0030672313366736257,0.37914691943127965,-0.0018737609505761477,-0.002466532034913497,0.3951807228915663,-0.0014103422964816571,-0.002000389689846586,0.3933649289099526
2022-03-17,-0.000954496955732801,-0.0015464252068538775,0.3946188340807176,-0.0010543822909017987,-0.0016601515216710296,0.40384615384615385,7.560799046615885e-05,-0.0005344398564237935,0.40669856459330156,-0.0018760938868144783,-0.002444814265961398,0.37914691943127965
2022-03-18,0.0014449448550761072,0.0009673663797397842,0.31838565022421533,0.0011985376517537772,0.0007617834751427986,0.2911694510739857,0.0014856927972494906,0.0010335396872016439,0.3014354066985645,-0.0007529067859139808,-0.0013586760166832117,0.40384615384615385
2022-03-21,-0.0006511140715125541,-0.001210664633310307,0.37303370786516854,-1.6414524786156556e-05,-0.0005534073648816218,0.35799522673031015,0.00043605500106096845,-9.631909965845606e-05,0.354916067146283,-3.324840363935766e-05,-0.0004700025802503362,0.2911694510739857
2022-03-22,0.004896923383301066,0.004350855967570729,0.3640449438202247,0.004830838979111811,0.00427103036667162,0.3732057416267942,0.004250898725501656,0.00366518443978737,0.39047619047619037,6.008617081998749e-05,-0.00047690666927547773,0.35799522673031015
2022-03-23,-0.0001451842313377385,-0.0007182179392029069,0.3820224719101123,-0.00023741731130545556,-0.0007874173113054555,0.3666666666666666,0.00041556910372442723,-0.00012014518198985862,0.3571428571428572,0.0029787122062955467,0.0024189035938553555,0.3732057416267942
2022-03-24,0.0004990165424651662,-8.075873843371023e-05,0.3865168539325843,0.0011190072853762625,0.0005560619172052411,0.3752969121140143,0.0016355551448565975,0.001052616756231005,0.3886255924170617,0.0018353483162700612,0.0012853483162700613,0.3666666666666666
2022-03-25,0.002191604189146142,0.001746660368921423,0.2966292134831461,0.0025757301262764247,0.0021136448182195525,0.30805687203791465,0.003460664026882954,0.0029914697140867455,0.31279620853080575,-0.0005207477557952122,-0.0010836931239662337,0.3752969121140143
2022-03-28,0.0015676060559095513,0.0010215386401792143,0.3640449438202247,0.00153889846038704,0.0010057231049368032,0.35545023696682465,0.0025024179192338096,0.001967976114008156,0.3562945368171022,0.00317078197564879,0.0027086966675919184,0.30805687203791465
2022-03-29,-0.0008723122179442253,-0.0014453459258093938,0.3820224719101123,-0.0012263676792633599,-0.0017893130474343814,0.3752969121140143,-0.00026999157369266696,-0.0008458209575789229,0.3838862559241706,-0.0009771539215850662,-0.001510329277035303,0.35545023696682465
2022-03-30,-0.0023276173420877407,-0.002846718465683246,0.3460674157303371,-0.00257453204531855,-0.003107707400768787,0.35545023696682465,-0.001752774494841989,-0.0022788408455528897,0.3507109004739337,-0.0006396034022609614,-0.0012025487704319829,0.3752969121140143
2022-03-31,0.004142484202294641,0.0035492257753283493,0.39550561797752803,0.004891811327446512,0.004273327915124237,0.4123222748815166,0.005252454011587287,0.004633970599265012,0.4123222748815166,-0.003692884695757336,-0.004226060051207573,0.35545023696682465
2022-04-01,0.0017324269579146357,0.0011513458768335548,0.3873873873873873,0.0014827975822517595,0.00091407720310484,0.37914691943127965,0.0024202499403061586,0.0018373115516805661,0.38862559241706157,0.005994400311623931,0.005375916899301656,0.4123222748815166
2022-04-06,0.007510684476262831,0.0069553797358565105,0.3702031602708805,0.007323953579684739,0.006755233200537819,0.3791469194312796,0.006885270382858249,0.006305318115555147,0.386634844868735,-0.00012685869220809692,-0.0006955790713550164,0.37914691943127965
2022-04-07,0.0014323296657702926,0.0008011079463132789,0.4208144796380091,0.0014410716830627578,0.0008181599885520177,0.41527446300716,0.0016585990939909472,0.0010386465999291895,0.4133016627078384,0.007162230528537835,0.006593510149390916,0.3791469194312796
2022-04-08,0.0005647229999081434,0.00011099839494200321,0.3024830699774268,0.0010126786689206788,0.0005281180988494199,0.3230403800475059,0.0015626579481520329,0.0010780973780807738,0.32304038004750596,0.0003688819053036564,-0.0002540297892070836,0.41527446300716
2022-04-11,0.0018591066752694785,0.001283485907775122,0.38374717832957106,0.003006534429651809,0.0024507149522171295,0.3705463182897863,0.0025689805940547553,0.0019961882312862587,0.38186157517899755,0.0017834263083630775,0.0012988657382918187,0.3230403800475059
2022-04-12,0.0007408407589273719,0.00015167597337432438,0.3927765237020317,0.0005957999303259423,-1.8485783959771933e-05,0.4095238095238095,0.0017744610818080202,0.0011715902684108909,0.4019138755980862,0.0031662225188674523,0.002610403041432773,0.3705463182897863
2022-04-13,0.0038493647503136316,0.0033187525054156723,0.3537414965986395,0.004597205941533521,0.0040673730059726625,0.3532219570405728,0.004568780337484743,0.004052033926001489,0.3444976076555025,0.00021961364247851702,-0.0003946720718071972,0.4095238095238095
2022-04-14,-0.002500919926538347,-0.002941100513445796,0.2934537246049662,-0.002299758382778099,-0.0027293526548544714,0.2863961813842482,-0.0015117899870241997,-0.0019208808961151088,0.2727272727272727,0.0022040752621706357,0.0016742423266097764,0.3532219570405728
2022-04-15,0.0007240149104619752,0.0002770623145251804,0.2979683972911965,0.0016516283288994724,0.0011647548205462504,0.32458233890214794,0.002113518065909245,0.001619484653021417,0.3293556085918854,-0.0015660815941443643,-0.0019956758662207368,0.2863961813842482
2022-04-18,0.001471108422646741,0.000989207970158053,0.3212669683257919,0.0015514014901874887,0.0010514014901874887,0.3333333333333333,0.0011837674511895315,0.0006610944201632785,0.34844868735083534,0.00320725121187547,0.002720377703522248,0.32458233890214794
2022-04-19,0.0004460050549894663,-6.983204908293187e-05,0.3438914027149321,0.001214377527233029,0.0006858060986616004,0.35238095238095235,0.0007308583266323787,0.00020942975520380728,0.3476190476190476,-0.0008053050252465142,-0.0013053050252465142,0.3333333333333333
2022-04-20,0.005520065832739451,0.0050302699143721045,0.326530612244898,0.005052225076591621,0.004516510790877335,0.35714285714285715,0.0049571303154407765,0.004435701744012205,0.34761904761904766,0.0013193892906156832,0.0007908178620442547,0.35238095238095235
2022-04-21,0.0034257759121798445,0.0029506627900078987,0.3167420814479638,0.003543707778299786,0.0030531864512855678,0.3270142180094787,0.003137943354039746,0.0026379433540397465,0.3333333333333332,0.005513293767881906,0.00497757948216762,0.35714285714285715
2022-04-22,0.0032801650734342967,0.0028603005136148833,0.27990970654627556,0.002775699477127863,0.0023491591927676733,0.2843601895734597,0.003691640045461698,0.00326101803589232,0.2870813397129188,0.003995294161931347,0.0035047728349171287,0.3270142180094787
2022-04-25,0.001099640369273916,0.0006391437552784306,0.30699774266365687,0.0014923365919709136,0.001048422510825329,0.29594272076372313,6.58898925334217e-05,-0.0006063992640930843,0.4481927710843373,0.0031652844898485445,0.002738744205488355,0.2843601895734597
2022-04-26,-0.0012498143134525158,-0.0016832228913306198,0.288939051918736,-0.0030938773667812045,-0.0037789735206273586,0.4567307692307693,-0.0017290678480093788,-0.002403141922083453,0.44938271604938274,0.0016064468680488247,0.00116253278690324,0.29594272076372313
2022-04-27,-0.006963136123177952,-0.0074937483680759115,0.3537414965986394,-0.006612978985731328,-0.007329727754204235,0.4778325123152709,-0.004008862397202863,-0.004541709112531329,0.3552311435523114,-0.0039551405940386405,-0.004640236747884795,0.4567307692307693
2022-04-28,0.0005657574196727098,0.00012257560149089164,0.29545454545454547,0.002252487282573032,0.001741538377463543,0.340632603406326,0.0008743700817306944,0.00037677392788454064,0.3317307692307692,-0.005963461137934278,-0.006680209906407185,0.4778325123152709
2022-04-29,-0.00036087196495295654,-0.0008722356013165928,0.3409090909090909,-0.0012327396942200877,-0.0017507253057308793,0.3453237410071943,-0.0002186761289721048,-0.0007595415135874895,0.3605769230769231,3.9830538681659856e-05,-0.00047111836642782913,0.340632603406326
2022-05-05,-6.684233551618873e-05,-0.0006067056612565078,0.35990888382687936,0.00020443377887712638,-0.0003567173002595643,0.37410071942446044,0.001194926591739285,0.0006581618858569321,0.35784313725490197,-0.001359133527204917,-0.0018771191387157086,0.3453237410071943
2022-05-06,0.002394179100131162,0.0018312500383462647,0.37528604118993136,0.002903228176880957,0.0023677758541425704,0.3569682151589242,0.0028455853278769455,0.0023178744845034514,0.35180722891566263,0.001909339585635563,0.0013481885064988723,0.37410071942446044
2022-05-09,0.00037645139954788076,-0.000169631549760875,0.3640552995391705,3.6653627118684445e-05,-0.0004910572162548096,0.35180722891566263,0.0013070598154064292,0.0007721200563702847,0.3566265060240963,-0.00040402055415653115,-0.0009394728768949175,0.3569682151589242
2022-05-10,-0.0023353339844004607,-0.0029367164728797235,0.4009216589861751,-0.0021949367504391915,-0.0028021656661018418,0.4048192771084337,-0.0009911613547419623,-0.0015809671799846808,0.3932038834951457,0.0002662227325122817,-0.0002614881108612123,0.35180722891566263
2022-05-11,-0.001094033842576195,-0.001551308669366033,0.3048498845265588,-0.0007813014006142604,-0.001246192441776488,0.3099273607748184,-0.0005112108276748581,-0.0009688379463189257,0.3050847457627117,-0.004661640561711606,-0.005268869477374256,0.4048192771084337
2022-05-12,0.00010954694008541432,-0.0005694368936328304,0.4526558891454965,-1.4401456227379483e-06,-0.0006825995659125931,0.4541062801932368,0.001120066156128259,0.000444521361939397,0.450363196125908,-0.00035192989524551136,-0.000816820936407739,0.3099273607748184
2022-05-13,-0.0015909782226177227,-0.0020471994207744044,0.304147465437788,-0.001540407311122447,-0.0019813711665441335,0.2939759036144577,-0.0013419963708262675,-0.0017996234894703351,0.3050847457627117,-0.001120495128614292,-0.0018016545489041472,0.4541062801932368
2022-05-16,-0.001622572343255584,-0.0020442313294306994,0.28110599078341014,-0.001893657568226452,-0.0023201635923228376,0.28433734939759037,-0.0015287427477705163,-0.001950050253823785,0.28087167070217905,-0.002074290073962459,-0.0025152539293841454,0.2939759036144577
2022-05-17,-0.0010213016292002887,-0.0015062900818561778,0.3233256351039261,-0.0011354149116426543,-0.0016293616428775211,0.32929782082324455,-0.00042832994060747827,-0.0009210835637958842,0.32850241545893727,-0.0013861639854658176,-0.0018126700095622032,0.28433734939759037
2022-05-18,0.0006708247192811654,0.00017197945369225082,0.33256351039260973,0.0007791272368993301,0.0002586453091884868,0.34698795180722886,0.0015607278617836553,0.001053481484972061,0.3381642512077296,-0.0014897279612994443,-0.001983674692534311,0.32929782082324455
2022-05-19,-0.0007902664231953915,-0.0012475412499852296,0.3048498845265588,-0.0007758528104157836,-0.0012457323284880727,0.3132530120481928,0.0002838876277265522,-0.0001859918903457369,0.3132530120481927,0.0017685913691714997,0.0012481094414606565,0.34698795180722886
2022-05-20,-0.001091612837110685,-0.0015082795037773518,0.2777777777777778,-0.0008229092610475084,-0.0012421863694812433,0.2795180722891566,-0.00042704707038071846,-0.000853553094477104,0.28433734939759037,-0.0031966797547675826,-0.003666559272839872,0.3132530120481928
2022-05-23,0.0010139681115714835,0.000515122845982569,0.3325635103926097,0.0013141486949468095,0.0008298113455492192,0.32289156626506027,0.0007679664577425107,0.00025222795895316443,0.3438256658595642,0.00016168982290262583,-0.00025758728553110905,0.2795180722891566
2022-05-24,0.0011261149681409954,0.0006480549219516191,0.31870669745958424,0.001724211754795646,0.0012543322367233568,0.3132530120481928,0.0012500408792363096,0.0007946191924893217,0.3036144578313253,0.0021945085046269734,0.001710171155229383,0.32289156626506027
2022-05-25,0.0002562021219313544,-9.102010029086777e-05,0.23148148148148145,0.0002570633309612498,-9.630205365413483e-05,0.23557692307692307,0.0003771610741490246,1.5715291016494507e-05,0.24096385542168672,0.001935016618323071,0.0014651371002507819,0.3132530120481928
2022-05-26,0.0008203932071399692,0.000348170984917747,0.3148148148148148,0.0009026849182696833,0.0004267233798081449,0.3173076923076923,0.0004032477545792921,-6.164328658293556e-05,0.3099273607748184,0.0006217557912146961,0.0002683904065993114,0.23557692307692307
2022-05-27,-0.0010451327119690686,-0.001489577156413513,0.2962962962962963,-0.0005127679404824984,-0.0009826474585547876,0.3132530120481927,-0.0002614817752046362,-0.0006900532037760645,0.2857142857142856,0.0001691467559011622,-0.00030681478256037623,0.3173076923076923
2022-05-30,0.0038550904215308,0.003368979310419689,0.32407407407407407,0.004314430795163032,0.0038156356144401406,0.3325301204819277,0.004169042781342117,0.003688460257070273,0.3203883495145631,0.0002290058740478853,-0.0002408736440244038,0.3132530120481927
2022-05-31,0.004350127659807057,0.003920566458883269,0.28637413394919164,0.0038426098196849817,0.0033922466235590735,0.30024213075060535,0.004054366949897819,0.0036174737460143236,0.2912621359223301,0.0027896754261904346,0.0022908802454675433,0.3325301204819277
2022-06-01,0.005025367680761459,0.004595806479837671,0.2863741339491917,0.005098249737820997,0.0046333586966587695,0.3099273607748184,0.005103973734322457,0.00465361053819655,0.30024213075060524,0.004648370043190835,0.0041980068470649275,0.30024213075060535
2022-06-02,0.00814317430782825,0.007610916243312121,0.3548387096774194,0.008215165852129792,0.007664441214448633,0.36714975845410636,0.008898583946422234,0.008368317602596568,0.35351089588377727,0.003841288269018488,0.0033763972278562605,0.3099273607748184
2022-06-06,0.0030923928756081374,0.0025601348110920086,0.3548387096774193,0.0030029460107238136,0.00244497499623106,0.3719806763285024,0.00299774123671738,0.0024456831253372347,0.36803874092009686,0.008842512620108434,0.008291787982427273,0.36714975845410636
2022-06-07,-0.0025092660720328046,-0.0029840367142346396,0.3165137614678899,-0.0019242836309049183,-0.002388051746846947,0.3091787439613526,-0.0016225834400524696,-0.0020913334400524696,0.3125,0.000558696955351299,7.259408585452926e-07,0.3719806763285024
2022-06-08,-0.0028353311109977396,-0.003349029741134726,0.3424657534246576,-0.0022889605354358762,-0.0028069461469466678,0.34532374100719426,-0.0014759840049728907,-0.001980791697280583,0.33653846153846156,-0.0015764817824262213,-0.00204024989836825,0.3091787439613526
2022-06-09,-0.0022236876763726578,-0.002743049863160813,0.3462414578587699,-0.001945370879796994,-0.0024692943247730703,0.34928229665071764,-0.0013628691404171493,-0.001886792585393226,0.3492822966507178,-0.002632994228462325,-0.0031509798399731166,0.34532374100719426
2022-06-10,-0.0019412720240516886,-0.002575362933142598,0.42272727272727273,-0.0016548463804232048,-0.0022834178089946333,0.41904761904761895,-0.0013930574062934083,-0.0020318133871546525,0.4258373205741628,-0.0009215613320589129,-0.0014454847770349892,0.34928229665071764
2022-06-13,-0.0015966329775222929,-0.0021216329775222927,0.35,-0.0013990890621066172,-0.0019205176335351883,0.3476190476190475,-0.0008246758836110918,-0.0013414222950943458,0.3444976076555025,-0.004252787023714521,-0.004881358452285949,0.41904761904761895
2022-06-14,-0.002290742434079522,-0.0027737356313584337,0.32199546485260766,-0.0023555701784198687,-0.002849603591307697,0.32935560859188534,-0.002018583075637463,-0.002505456583990685,0.3245823389021479,-0.00044836749495844215,-0.0009697960663870134,0.3476190476190475
2022-06-15,-0.0013128094133493312,-0.0018218591871049872,0.3393665158371041,-0.00026747722397553616,-0.0007734154662558212,0.33729216152019004,-0.0004952994448390344,-0.0010083635778556615,0.3420427553444181,-0.0040085090242424,-0.004502542437130228,0.32935560859188534
2022-06-16,0.0009885570733503355,0.00047950729959467936,0.3393665158371041,0.0011246696620168285,0.0006258573104728855,0.332541567695962,0.001041410047667027,0.0005354718053867418,0.33729216152019015,-0.00018024982171382757,-0.0006861880639941126,0.33729216152019004
2022-06-17,0.001173289766649985,0.0006112130172143187,0.3747178329571108,0.0012227771332039283,0.0006455799835602228,0.38479809976247037,0.001676564644112346,0.0010922416037322984,0.3895486935866984,0.0019435979757788154,0.0014447856242348724,0.332541567695962
2022-06-20,-0.001048965458510985,-0.0015433221176531973,0.3295711060948081,-0.0011001116494468478,-0.001590632976461066,0.3270142180094787,0.0002701341022857493,-0.00022867824925819347,0.3325415676959619,0.0001424690804072027,-0.0004347280692365028,0.38479809976247037
2022-06-21,-0.0015365697650903025,-0.0020027859813065187,0.31081081081081074,-0.0010621444301238446,-0.0015313387429200533,0.3127962085308057,-0.0006034846653217478,-0.0010868969875966292,0.32227488151658756,-0.001811539608360958,-0.002302060935375176,0.3270142180094787
2022-06-22,-0.001139289698415839,-0.0016583908220113444,0.346067415730337,-0.0009868734745109835,-0.0014892319650770215,0.3349056603773586,-0.0011055834678308438,-0.0015949451699585036,0.3262411347517732,-0.0016022520452933413,-0.00207144635808955,0.3127962085308057
2022-06-23,0.0015259392944373049,0.0010338044629766307,0.32808988764044944,0.0018273488006697487,0.0013320657818018241,0.33018867924528306,0.0023701477608686072,0.0018524172644147064,0.3451536643026006,-0.0008280469517135264,-0.0013304054422795643,0.3349056603773586
2022-06-24,0.002346641348872429,0.0017748924699486622,0.3811659192825113,0.003682597933785451,0.003109484726238281,0.3820754716981133,0.003832963277188021,0.0032628920182806572,0.3800475059382423,0.0007659481102094204,0.0002706650913414958,0.33018867924528306
2022-06-27,-0.002465499502375865,-0.0029420095694899593,0.31767337807606266,-0.0018154279287114876,-0.0022846222415076963,0.3127962085308057,-0.0013401785389609419,-0.001816481856496487,0.3175355450236967,0.0035371110492930114,0.0029639978417458413,0.3820754716981133
2022-06-28,-0.0026056080712338475,-0.0031626550510996192,0.3713646532438478,-0.001977450554523993,-0.0025519186396303763,0.3829787234042554,-0.0012891562892252996,-0.0018578766683722192,0.37914691943127965,-0.001883643489030383,-0.0023528378018265917,0.3127962085308057
2022-06-29,-0.0010243341239922453,-0.0016082267414419097,0.38926174496644295,-0.0015428646553798213,-0.002131517137649325,0.3924349881796691,-0.0010221536079577792,-0.0016037138916457226,0.38770685579196223,-0.0015784855369086522,-0.0021529536220150354,0.3829787234042554
2022-06-30,-0.0012829747696601213,-0.0017930418837540812,0.3400447427293065,-0.0013308477996139528,-0.001902612505496306,0.38117647058823545,-0.0007362555143417939,-0.0012952177784927373,0.3726415094339623,-0.002702221684341928,-0.0032908741666114317,0.3924349881796691
2022-07-01,0.0017437424052326464,0.001072601465635331,0.44742729306487694,0.0011754059054827747,0.00046413829984897205,0.47417840375586845,0.0015708254593001054,0.0008525156001451758,0.4788732394366197,-0.00038907494240982,-0.0009608396482921732,0.38117647058823545
2022-07-04,-0.0012935139727929968,-0.0019430675442215681,0.4330357142857143,-0.0012185356124973755,-0.001871931397040701,0.4355971896955504,-0.00022630113001194732,-0.0008741884539556093,0.431924882629108,0.0003738549457962411,-0.0003374126598375616,0.47417840375586845
2022-07-05,-0.0006360144921895901,-0.001231996635046733,0.3973214285714285,-4.0706509405347494e-05,-0.0006519477272039424,0.40749414519906324,-0.0005995833754128075,-0.0012149679907974228,0.4102564102564103,-0.002260508675267594,-0.0029139044598109195,0.4355971896955504
2022-07-06,0.002207734679994731,0.001673213521865555,0.3563474387527839,0.002111794514327179,0.0015466782352574118,0.37674418604651166,0.0018619773928588088,0.0012955438264252424,0.3776223776223776,-0.00033116929538192647,-0.0009424105131805214,0.40749414519906324
2022-07-07,0.0019083914846457998,0.0013805518409932384,0.35189309576837413,0.0021938800090654294,0.001642717218367755,0.3674418604651163,0.0027482555895223405,0.002202801044067795,0.36363636363636365,0.0030415586537176987,0.0024764423746479313,0.37674418604651166
2022-07-08,0.002086908909927649,0.0015657507807517025,0.34743875278396436,0.0024543464831281417,0.0019368639656456243,0.3449883449883449,0.0033867260059306068,0.002882053108734345,0.33644859813084116,0.00045382394793059763,-9.733884276707681e-05,0.3674418604651163
2022-07-11,-0.0021110443878463725,-0.002632202517022319,0.34743875278396436,-0.001957720731141442,-0.0024682102416309524,0.34032634032634024,-0.001043609532406193,-0.001555291775396847,0.34112149532710273,0.002623748975054392,0.0021062664575718744,0.3449883449883449
2022-07-12,0.0002437342828698931,-0.0003108314186891269,0.36971046770601335,0.0006553871601476628,7.496757972808238e-05,0.38694638694638694,0.0008421859126664169,0.00026311614522455653,0.38604651162790693,-0.0018664726774296325,-0.0023769621879191427,0.34032634032634024
2022-07-13,0.0022344362252005086,0.001559603263062424,0.44988864142538976,0.0027091094498640344,0.002032365263817523,0.4511627906976744,0.003077874701291892,0.0023732235385011944,0.46976744186046515,0.0005012012017345975,-7.921837868498293e-05,0.38694638694638694
2022-07-14,0.0017807417839142406,0.0012261760823552206,0.36971046770601335,0.0023102402856737857,0.0017311705182319254,0.38604651162790693,0.002470717109240404,0.0019016304581865398,0.3793911007025761,0.0020570379294802058,0.0013802937434336943,0.4511627906976744
2022-07-15,-0.0005327293327206349,-0.001134065635615958,0.40089086859688194,0.00019784444539798843,-0.0004245331769796339,0.4149184149184149,-0.0004984471265192005,-0.0011167141054419171,0.41217798594847777,0.0015389384263223066,0.0009598686588804462,0.38604651162790693
2022-07-18,0.001593159059655097,0.0010252303291428478,0.3786191536748329,0.0021275232887598555,0.0015331176943542612,0.3962703962703962,0.003226129710566652,0.0026359657761404224,0.39344262295081955,-0.00014618899532969042,-0.0007685666177073127,0.4149184149184149
2022-07-19,0.0009517725889363234,0.00043061445976037686,0.34743875278396436,0.000813548710104051,0.00027382908393582656,0.3598130841121496,0.0006283948485560562,6.895428911549671e-05,0.37296037296037293,0.001286922866801373,0.0006925172723957788,0.3962703962703962
2022-07-20,0.002123087805409202,0.0016487002775695584,0.3162583518930957,0.0021440405139854495,0.00165453002447496,0.32634032634032634,0.00149183030640806,0.0009883338029115563,0.3356643356643356,-8.920067233112242e-05,-0.0006289202984993468,0.3598130841121496
2022-07-21,0.0009514777261178495,0.00037558486897499243,0.3839285714285714,0.0009658608417269861,0.0003924342683004126,0.38228438228438233,0.0008736096362600291,0.00031676508869622397,0.37122969837587005,0.00261637270890425,0.0021268622193937603,0.32634032634032634
2022-07-22,0.0007482137849524448,0.0001321423563810162,0.4107142857142857,0.0008379421944347933,0.00021845263527006014,0.41299303944315546,0.001661144862752022,0.001055576417276384,0.40371229698375866,0.0008198080641158931,0.00024638149068931963,0.38228438228438233
2022-07-25,0.000872054433008149,0.00032964371872243477,0.3616071428571428,0.0010977265212948131,0.0005339214168864605,0.3758700696055684,0.0013948356836480501,0.0008310305792396974,0.37587006960556846,0.000837153404120646,0.00021766384495591285,0.41299303944315546
2022-07-26,-0.002037424411260095,-0.0025396565541172377,0.33482142857142855,-0.0023091770245829042,-0.002810337117390329,0.33410672853828305,-0.0017055739404411348,-0.002207899521836484,0.33488372093023255,0.00045128433478032644,-0.0001125207696280262,0.3758700696055684
2022-07-27,-0.0004707217549128201,-0.0010720580578081431,0.40089086859688194,-0.0004858155719622368,-0.0010913840174378749,0.40371229698375866,-6.285096765560466e-05,-0.0006698277118416512,0.4046511627906977,-0.0021273808265631806,-0.002628540919370605,0.33410672853828305
2022-07-28,0.0008753454321153379,0.0002873721581732444,0.39198218262806234,0.0007944185022476253,0.00018885005677198724,0.4037122969837587,0.0010821390779639228,0.0004751623337778763,0.4046511627906977,-0.001739893025248485,-0.002345461470724123,0.40371229698375866
2022-07-29,-0.001118020904011639,-0.0016792681200472736,0.3741648106904232,-0.0009359263095396839,-0.0014940658444234048,0.37209302325581395,-0.0008511730393424254,-0.001406728594897981,0.37037037037037035,0.0019254776166301142,0.0013199091711544762,0.4037122969837587
2022-08-01,0.0017997858276863968,0.001279785827686397,0.34666666666666657,0.0017482543508802705,0.0012343654619913814,0.34259259259259267,0.0023947476488664554,0.001873914315533122,0.34722222222222227,-0.00048550589805586124,-0.0010436454329395821,0.37209302325581395
2022-08-02,0.0014203589382072238,0.0008603589382072238,0.3733333333333333,0.002308845598834923,0.0017255122655015897,0.3888888888888889,0.0022126281135408585,0.0016223503357630808,0.39351851851851855,0.0036450716746173686,0.0031311827857284794,0.34259259259259267
2022-08-03,0.0025638362204648095,0.0020383373291122595,0.3503325942350332,0.002219478992731101,0.0016929201012761356,0.35103926096997695,0.002528427890492292,0.0020157258119703524,0.34180138568129326,-0.001634540331871659,-0.002217873665204992,0.3888888888888889
2022-08-04,0.0019048976548827826,0.00128627237772092,0.4124168514412417,0.001769112692404453,0.0011331679919436236,0.423963133640553,0.0021700131788884545,0.0015395281904357987,0.4203233256351039,0.0030007288792652216,0.0024741699878102564,0.35103926096997695
2022-08-05,0.0041879904078053025,0.003682447170554748,0.3370288248337029,0.004072420577751564,0.003547074955631748,0.35023041474654376,0.00418193385774045,0.0036529315375548356,0.35266821345707655,0.00020498061553536097,-0.0004309640849254685,0.423963133640553
2022-08-08,-0.0023960632280138963,-0.0029071251749165513,0.34070796460176994,-0.0023972617267413038,-0.002897261726741304,0.33333333333333326,-0.0011909765737349014,-0.0016990972233868736,0.3387470997679814,0.005034441841611963,0.004509096219492147,0.35023041474654376
2022-08-09,-0.001309267075422606,-0.0018402405267500396,0.35398230088495575,-0.0008144117641047653,-0.0013560784307714321,0.36111111111111116,-0.00022565785533402646,-0.0007685812892087363,0.36194895591647325,-0.003453257038858808,-0.003953257038858808,0.33333333333333326
2022-08-10,0.002561396348857307,0.00197732555239713,0.3893805309734513,0.0028833329371951285,0.0022861107149729065,0.39814814814814814,0.0018435642530820627,0.0012379958076064246,0.4037122969837587,-0.0005117435424266624,-0.0010534102090933293,0.36111111111111116
2022-08-11,0.001163090202835837,0.000586931262438486,0.3841059602649006,0.0016633560860632897,0.0010939116416188452,0.37962962962962965,0.002441432059562706,0.0018858765040071501,0.37037037037037035,0.0016790261248067727,0.0010818039025845506,0.39814814814814814
2022-08-12,-0.002739734976497269,-0.003282781334113163,0.3620309050772627,-0.002853504143392021,-0.003402115254503132,0.3657407407407407,-0.002084756556476136,-0.0026321006673306396,0.36489607390300227,0.001636828527477402,0.0010673840830329575,0.37962962962962965
2022-08-15,0.0007471889522027916,0.00017765252836173212,0.379690949227373,0.001109693845345384,0.0005207792956918046,0.392609699769053,0.001042465139564578,0.00044662218344448566,0.39722863741339487,-0.0017445293972215828,-0.0022931405083326936,0.3657407407407407
2022-08-16,-0.0012243616787308668,-0.001754163003234178,0.35320088300220753,-0.00035283720446687913,-0.0008793960959218445,0.35103926096997695,-0.00040602941671380455,-0.0009256599017022571,0.34642032332563505,-6.202391669151049e-05,-0.00065093846634509,0.392609699769053
2022-08-17,-0.0014667483588851633,-0.0020218144381803174,0.370044052863436,-0.0006559087392637676,-0.0012448232889173474,0.39260969976905313,-0.00036277676967425205,-0.0009365094885682613,0.3824884792626728,-0.000894498327128364,-0.0014210572185833293,0.35103926096997695
2022-08-18,0.0027767876533084574,0.0022151136444978846,0.3744493392070485,0.0028477951344988467,0.0022615882379471226,0.39080459770114945,0.002791002078756085,0.0022034444750694488,0.39170506912442393,0.00037688546187080395,-0.0002120290877827758,0.39260969976905313
2022-08-19,0.00012091593530672191,-0.0004341501439884324,0.3700440528634362,0.0005654049680060957,-1.1227337321471909e-07,0.37701149425287356,0.001037973812785857,0.00048063436324457273,0.3715596330275229,0.0017859267159702112,0.0011997198194184872,0.39080459770114945
2022-08-22,0.001632364018875592,0.0011708255573371301,0.3076923076923078,0.0009437571561985722,0.0004426129914388468,0.3340961098398169,0.0010053555855551915,0.0005305849433533567,0.31651376146788984,0.0008284065019598576,0.00026288926058054725,0.37701149425287356
2022-08-23,-0.0026734542580322744,-0.0032734542580322747,0.40000000000000013,-0.0022208635589969347,-0.0028112525750152413,0.3935926773455377,-0.0013169846157306733,-0.0018962949605582594,0.38620689655172413,0.0009373906626798595,0.0004362464979201341,0.3340961098398169
2022-08-24,-0.0002802427109970147,-0.0008154850017459134,0.3568281938325991,0.00042347722452422756,-9.376415478611728e-05,0.3448275862068965,0.000507348409966319,-2.9348837740102878e-05,0.35779816513761464,-0.0032097805075071073,-0.003800169523525414,0.3935926773455377
2022-08-25,0.002362503777842966,0.001874591689930878,0.32527472527472534,0.002476133688134877,0.002001363045933042,0.31651376146788984,0.0024699503480712266,0.0019882989719244375,0.3211009174311926,0.0002613080296127515,-0.00025593334969759333,0.3448275862068965
2022-08-26,0.002838528651702413,0.002231935245109006,0.4043956043956044,0.0025554665452296606,0.0019499619580736973,0.40366972477064217,0.00231894197938904,0.0017285529633707334,0.39359267734553777,0.0030651990631596687,0.002590428420957834,0.31651376146788984
2022-08-29,-0.0013557816897873873,-0.0019807816897873874,0.41666666666666674,-0.0009364150535131049,-0.001573401354882968,0.4246575342465754,-0.0005008784711776305,-0.001139322407104404,0.42562929061784893,0.0025621326494480526,0.001956628062292089,0.40366972477064217
2022-08-30,0.0012507102372578333,0.0006336424035598028,0.41137855579868704,0.001290223457503075,0.0006669357862701983,0.4155251141552511,0.0015466205212173508,0.0009179189266843212,0.4191343963553531,-0.003647195953421122,-0.004284182254790985,0.4246575342465754
2022-08-31,0.0010641482670141755,0.0005521132560732565,0.3413566739606127,0.0010315589731478697,0.0005133771549660515,0.34545454545454546,0.0010947244657603904,0.0005821959919562901,0.34168564920273353,0.0014652849228572271,0.0008419972516243504,0.4155251141552511
2022-09-01,0.0013134690863167479,0.000815652492430285,0.3318777292576419,0.0014957329710569324,0.0009775511528751142,0.3454545454545455,0.0018307705305624189,0.0013114083437742638,0.3462414578587699,0.0006741071351375229,0.00015592531695570464,0.34545454545454546
2022-09-02,0.00020346146126610197,-0.00026815425925791553,0.314410480349345,0.00013623580058816018,-0.0003546732903209308,0.3272727272727273,0.0001811936344682432,-0.00028349884844747436,0.3097949886104784,0.0014091166089168219,0.0008909347907350036,0.3454545454545455
2022-09-05,-0.001352434991028289,-0.0018491670171720798,0.33115468409586046,-0.0007760071563895901,-0.0012600980654804991,0.32272727272727275,-0.0005607613215015926,-0.0010527886563535289,0.32801822323462415,0.0003421745641067359,-0.00014873452680235508,0.3272727272727273
2022-09-06,-0.0013667696229775015,-0.0019876846556572403,0.4139433551198257,-0.0010801327327723768,-0.001714223641863286,0.42272727272727273,-0.0004816354337177555,-0.0011171707412348398,0.4236902050113895,-0.0019657310092449903,-0.0024498219183358995,0.32272727272727275
2022-09-07,-0.0008580977254881881,-0.001439797071893417,0.38779956427015255,-0.0008205858446915654,-0.0014205858446915652,0.39999999999999997,5.947624365818362e-05,-0.000528223072970518,0.39179954441913434,-0.0010586243017423665,-0.0016927152108332758,0.42272727272727273
2022-09-08,0.0003163790746843146,-0.0002457124285836594,0.37472766884531594,0.0006538772667792434,7.433181223378887e-05,0.38636363636363635,0.0011458235688412872,0.0005539868341474098,0.39455782312925164,-0.0015891846597995878,-0.0021891846597995876,0.39999999999999997
2022-09-09,-0.00017366374625149694,-0.0007606202679906275,0.39130434782608703,-0.0005856389342723991,-0.0011978838322315828,0.4081632653061224,0.00018044145848858904,-0.0004181979972937239,0.39909297052154197,-0.0004854764559866706,-0.0010650219105321252,0.38636363636363635
2022-09-13,0.0018255106981809148,0.0012658577697644289,0.3731019522776573,0.0014308681147622163,0.0008471577075223973,0.3891402714932126,0.0018198345900701887,0.0012279978553763112,0.3945578231292517,-0.0010184064004811109,-0.0016306512984402945,0.4081632653061224
2022-09-14,0.0023217709746049453,0.0017816408227611274,0.36008676789587857,0.0017804812199008454,0.0012307074642447366,0.36651583710407243,0.0020612781348302144,0.0015059733944238936,0.37020316027088046,0.0040029067458079055,0.0034191963385680865,0.3891402714932126
2022-09-15,0.004106655662129612,0.0036261361816101317,0.3203463203463204,0.004114645717446325,0.003628159230959838,0.32432432432432445,0.003980781792190816,0.0035067411601366395,0.31602708803611745,-0.0015435457979044963,-0.002093319553560605,0.36651583710407243
2022-09-16,0.0030403017777777402,0.0025403017777777402,0.33333333333333337,0.0032581421520392305,0.0027311151250122034,0.35135135135135137,0.003264254215255686,0.0027360375109667465,0.35214446952595946,0.005607228209456014,0.005120741722969527,0.32432432432432445
2022-09-19,-0.001288135742778843,-0.0018907275354354304,0.40172786177105824,-0.0005229444697532736,-0.001104025550834355,0.3873873873873874,-0.0003095178614772962,-0.000885138628971653,0.3837471783295712,0.0030263710815353756,0.0024993440545083485,0.35135135135135137
2022-09-20,-0.00302209522162185,-0.003540453752939345,0.3455723542116631,-0.00366355698161225,-0.004210854278909547,0.3648648648648648,-0.0033299037547158145,-0.0038796775103719233,0.36651583710407243,-0.002559083431690052,-0.0031401645127711333,0.3873873873873874
2022-09-21,0.0027341010091203495,0.002184532043603108,0.3663793103448277,0.0018370506250131651,0.0012817458846068447,0.37020316027088035,0.002405188572113908,0.0018443777613030969,0.373873873873874,-0.0031916656289608485,-0.003738962926258146,0.3648648648648648
2022-09-22,-0.0006340661460814381,-0.0012598725976943415,0.41720430107526885,-0.001044400021539704,-0.0016713663136745352,0.41797752808988753,-0.000791742549833674,-0.001406607414698539,0.40990990990990994,0.001641162873892255,0.0010858581334859344,0.37020316027088035
2022-09-23,0.001287485315960766,0.0007584530578962497,0.3526881720430108,0.0015901025610365535,0.0010912261565421714,0.3325842696629214,0.0017209060042623799,0.001222029599767998,0.33258426966292126,-0.002005355328892645,-0.002632321621027476,0.41797752808988753
2022-09-26,-0.003905621906731653,-0.004415299326086492,0.33978494623655914,-0.0036312736205146613,-0.0041492108402456035,0.3452914798206279,-0.003431451833507005,-0.003957294530136218,0.35056179775280893,0.002758335520660217,0.002259459116165835,0.3325842696629214
2022-09-27,0.000931884476366017,0.0003846741759368324,0.36480686695278974,0.0006449369279018652,7.99145063772014e-05,0.3766816143497759,0.001473378492611501,0.0008990541682871768,0.38288288288288286,-0.006318916778632227,-0.006836853998363169,0.3452914798206279
2022-09-28,0.0025675848243393307,0.0020203745239101463,0.3648068669527897,0.0031919508661432464,0.0025986924391769545,0.3955056179775279,0.0032002915843441677,0.002619210503263087,0.3873873873873873,0.0007858019938064287,0.00022077957228176489,0.3766816143497759
2022-09-29,-0.0005609409096239961,-0.0010308979911690605,0.3133047210300429,-0.0008545387672131369,-0.0013264488795726873,0.3146067415730336,-0.0008079676651362409,-0.0012788196830734607,0.31390134529147984,0.0026514090833119897,0.0020581506563456978,0.3955056179775279
2022-09-30,0.0017384651299251416,0.0012630903975910945,0.316916488222698,0.002880905798084407,0.002404395730970313,0.3176733780760627,0.003192716038900704,0.0027016846487661747,0.32735426008968616,-0.0001114257378735748,-0.0005833358502331252,0.3146067415730336
2022-10-10,0.0020392610323078514,0.0015189184198881513,0.34689507494646676,0.002555245859841331,0.0020049102893715323,0.3668903803131992,0.0021358870651016527,0.0016033027954387314,0.3550561797752808,0.0021034536147610545,0.0016269435476469604,0.3176733780760627
2022-10-11,-0.0008126302558811539,-0.0013212139468682783,0.3390557939914163,-0.0005166524219339108,-0.0010424951185631242,0.350561797752809,0.0003802858204135888,-0.0001455568762156246,0.35056179775280893,0.0030773923945217226,0.0025270568240519237,0.3668903803131992
2022-10-12,-0.0003921835974334924,-0.0008750162154592434,0.32188841201716734,-0.0003186449073709352,-0.0007838134466967779,0.3101123595505618,-8.354827183237878e-05,-0.0005756831032930528,0.32808988764044933,-0.0012599667752899897,-0.0017858094719192031,0.350561797752809
2022-10-13,-0.0002970212482110747,-0.0007659719976757426,0.3126338329764453,-0.0004484929079266106,-0.000920403020286161,0.31460674157303353,0.00023448491402455925,-0.0002317313021916569,0.31081081081081074,-0.0002730048503052293,-0.000738173389631072,0.3101123595505618
2022-10-14,-0.0006969940355173246,-0.0012237606308064038,0.3511777301927195,-0.001074312136394199,-0.0016148526769347393,0.3603603603603603,7.171500231815606e-05,-0.00048233905173589815,0.3693693693693695,-0.0016680481004749878,-0.002139958212834538,0.31460674157303353
2022-10-17,0.0002708185112016738,-0.00025064071626613744,0.3476394849785408,0.0006896018784811747,0.00014906133794063406,0.36036036036036045,0.0011069139321678023,0.0005707148371451778,0.35746606334841635,-0.0007265990004677834,-0.0012671395410083239,0.3603603603603603
2022-10-18,-0.0009201729458099238,-0.001441632173277735,0.3476394849785408,-0.001076919443352608,-0.0016119081566708928,0.35665914221218975,-0.0007038979203470791,-0.0012321146246360186,0.3521444695259595,-0.0004097388079685356,-0.0009502793485090763,0.36036036036036045
2022-10-19,-0.0018706610698053846,-0.002379244760792509,0.3390557939914163,-0.001496331379437851,-0.0019974600476094086,0.33408577878103835,-0.0007657385526023807,-0.001258981795845624,0.3288288288288288,7.462507676739174e-05,-0.0004603636365508929,0.35665914221218975
2022-10-20,0.003398096863034768,0.0029667663909317635,0.28755364806866957,0.0027871651383451937,0.002341219192399248,0.29729729729729726,0.003460801682228266,0.00301485573628232,0.2972972972972973,-0.0008528924853012931,-0.0013540211534728507,0.33408577878103835
2022-10-21,-0.00048785124301561564,-0.0009449327880799934,0.3047210300429185,-0.0005552583315869355,-0.0010012042775328816,0.29729729729729726,-7.703595146868171e-05,-0.000536495410928141,0.30630630630630623,0.001476304113544742,0.0010303581675987963,0.29729729729729726
2022-10-24,-0.0019376846121604112,-0.002465581607868566,0.351931330472103,-0.0018943664188885503,-0.0024213934459155774,0.3513513513513513,-0.0016452091192081693,-0.002178992902991953,0.3558558558558558,-0.0015056298716729973,-0.0019515758176189431,0.29729729729729726
2022-10-25,0.00048626341287235633,9.999731845175542e-05,0.25751072961373395,0.00013050652158639892,-0.00026814212706224974,0.26576576576576577,0.0007594180356471658,0.00036076938699851693,0.2657657657657659,-0.0005757957343814311,-0.0011028227614084582,0.3513513513513513
2022-10-26,0.0017418861689957633,0.0012536634709229583,0.3254817987152034,0.0013722593432419772,0.0008925296135122475,0.3198198198198198,0.0027652825931522677,0.0022833821406635798,0.3212669683257919,-0.00023923970394849566,-0.0006378883525971443,0.26576576576576577
2022-10-27,0.007387342776610339,0.006815608301235607,0.3811563169164882,0.008186369261468183,0.007624292512032517,0.37471783295711075,0.007381282131208342,0.006785345336625949,0.397291196388262,0.0002497721875785487,-0.00022995754215118097,0.3198198198198198
2022-10-28,-0.0005484613713859152,-0.0010763583670940697,0.351931330472103,-0.00022584889787354012,-0.0007946976563385516,0.379232505643341,-0.0007150601692464259,-0.0012703649096527465,0.3702031602708804,0.008098520666350466,0.0075364439169148,0.37471783295711075
2022-10-31,0.004027260114768493,0.0035894918744251453,0.2918454935622318,0.004315229320697193,0.0038547327067017076,0.306997742663657,0.005094608258247733,0.004618417782057256,0.3174603174603174,0.000982850285771067,0.0004140015273060555,0.379232505643341
2022-11-01,-0.0007245883093886969,-0.0012138586956547915,0.32618025751072965,-0.0013587543136935228,-0.0018349447898839987,0.3174603174603174,-0.0006929190017950886,-0.001175912199074,0.32199546485260766,0.0021023883515336184,0.001641891737538133,0.306997742663657
2022-11-02,-0.002175173788636074,-0.002710657659603816,0.356989247311828,-0.001993173087261617,-0.002537390774336447,0.3628117913832199,-0.0016330789970699783,-0.0021636912419679376,0.3537414965986394,-0.0003241206983760833,-0.0008003111745665594,0.3174603174603174
2022-11-03,-0.0018756561960269155,-0.0023466239379623995,0.3139784946236559,-0.0015556370788208339,-0.0020250248339228746,0.3129251700680272,-0.0013469475454348625,-0.0018413042045770747,0.3295711060948081,-0.0029612944320409874,-0.003505512119115817,0.3628117913832199
2022-11-04,-0.0025988289055791872,-0.0031149579378372517,0.34408602150537637,-0.002584577273026035,-0.0031331100044030107,0.36568848758465017,-0.0019520770743323302,-0.0024938377966799603,0.36117381489841993,-0.003023705518921121,-0.003493093274023162,0.3129251700680272
2022-11-07,0.001582885608462187,0.0010603049633008967,0.34838709677419355,0.0019386508918347242,0.001410434187545785,0.35214446952595946,0.0019887860367398683,0.0014729489326674701,0.3438914027149321,-0.0030540303861745915,-0.003602563117551567,0.36568848758465017
2022-11-08,0.0005167403614423445,-2.4032170746496697e-05,0.3605150214592275,0.0009750446213677492,0.00043328389902011933,0.36117381489841993,0.0014239974964839175,0.0008969704694568904,0.3513513513513514,0.0018866545054870582,0.001358437801198119,0.35214446952595946
2022-11-09,-0.0005179427899074017,-0.000968586566731436,0.3004291845493562,-0.0004484348432349333,-0.0008933786634596522,0.29662921348314597,8.523726635793999e-05,-0.00036746543634476276,0.30180180180180183,0.0008202129181279401,0.00027845219578031015,0.36117381489841993
2022-11-10,0.0037236509535199854,0.0032279427990135477,0.3304721030042918,0.004146362112435196,0.003634002561873399,0.34157303370786507,0.0040679540227110044,0.003547683752440734,0.34684684684684675,0.00014166816453548784,-0.00030327565568923114,0.29662921348314597
2022-11-11,0.0006909964902506709,0.00022747717694594988,0.3090128755364807,0.0007097709237917516,0.00023004119406202193,0.3198198198198198,0.0016909227934391964,0.00121688216138502,0.31602708803611756,0.0003475155266222281,-0.00016484402393956955,0.34157303370786507
2022-11-14,0.0019197456459434823,0.0014261559023537387,0.329059829059829,0.0026461334571151202,0.0021731604841421473,0.3153153153153152,0.0028148054879957403,0.002327220837882873,0.32505643340857804,0.004057359784432267,0.0035776300547025377,0.3198198198198198
2022-11-15,-0.003232879415641956,-0.003752110184872725,0.3461538461538462,-0.0035248736221428385,-0.004051900649169865,0.35135135135135126,-0.002666313597702797,-0.0031945303019917364,0.3521444695259595,0.0012635717709043876,0.0007905987979314148,0.3153153153153152
2022-11-16,0.0012028882373463228,0.0006580164424745278,0.3632478632478633,0.0010510836032629513,0.0005240565762359244,0.35135135135135126,0.0014406690943476804,0.0008970449332738546,0.3624161073825505,-0.00360716818133058,-0.004134195208357607,0.35135135135135126
2022-11-17,0.0012442306816709417,0.0007891024765427366,0.30341880341880345,0.0015514388907974198,0.0010883516424752722,0.30872483221476504,0.0019439916566783913,0.0014876158177522167,0.3042505592841164,-0.00030074250786529463,-0.0008277695348923215,0.35135135135135126
2022-11-18,0.001200059519808572,0.0007385210582701103,0.3076923076923077,0.001259040899276506,0.000782530832162412,0.31767337807606266,0.0018385799773842828,0.0013822041384581082,0.30425055928411643,0.0013323862864342093,0.0008692990381120617,0.30872483221476504
2022-11-21,-0.0019537323968847847,-0.0024665529097052975,0.3418803418803419,-0.0021536493117631852,-0.002663716425857145,0.3400447427293065,-0.001335657279207755,-0.0018390129839057417,0.33557046979865773,0.002051753367201009,0.001575243300086915,0.31767337807606266
2022-11-22,0.004004726997466951,0.0034790859718259255,0.3504273504273504,0.0038061867065188066,0.003269273954840954,0.35794183445190153,0.0042400920279500615,0.0036830450480842894,0.37136465324384793,-0.0034657624114247977,-0.003975829525518757,0.3400447427293065
2022-11-23,0.00038764151821593824,-2.902514845072845e-05,0.2777777777777778,0.0001536268078051635,-0.00028932621232906466,0.29530201342281875,0.0003230047925877784,-0.00011994822754644982,0.2953020134228188,0.0036824737199432737,0.0031455609682654213,0.35794183445190153
2022-11-24,-0.00019130289370663644,-0.0006774436186533317,0.3240938166311301,4.919871595306059e-05,-0.00047429121693284533,0.34899328859060397,0.0006595457493374472,0.00013605581645154108,0.3489932885906041,-0.0005011302182810337,-0.0009440832384152618,0.29530201342281875
2022-11-25,0.0024116923439971884,0.001957534561481197,0.30277185501066095,0.002645679497791851,0.002176929497791851,0.3125,0.002866500254432639,0.00239879424106961,0.311804008908686,0.0007580858949356025,0.00023459596204969662,0.34899328859060397
2022-11-28,-0.0013943864100975515,-0.0018858757717996793,0.3276595744680851,-0.0009837021341495772,-0.0014714526909424502,0.32516703786191536,-0.000982476137598597,-0.00147022669439147,0.32516703786191536,0.0038123707276420393,0.0033436207276420393,0.3125
2022-11-29,0.0010966789302049758,0.0006434874408432737,0.3021276595744681,0.001131420900876718,0.0006580875675433848,0.3155555555555555,0.001230290939947972,0.0007291773542018697,0.33407572383073497,-0.002130702370808807,-0.00261845292760168,0.32516703786191536
2022-11-30,0.0002939390578289673,-0.00022946519749018175,0.348936170212766,0.0005293724874013588,-1.729417926530784e-05,0.36444444444444446,0.00045323382659643446,-0.00010133187496258564,0.3697104677060134,0.00014270367527718236,-0.00033062965805615084,0.3155555555555555
2022-12-01,-6.439242292072267e-06,-0.0005414710894258303,0.356687898089172,-1.8721298357581018e-05,-0.0005641758438121267,0.36363636363636376,0.00016136318339315253,-0.00036647646025940873,0.35189309576837413,0.00019278903588911857,-0.0003538776307775481,0.36444444444444446
2022-12-02,-0.00025827352604459487,-0.0007550888126687988,0.3312101910828026,-0.0008033136512180022,-0.0013155087731692217,0.34146341463414626,-3.607204343751471e-05,-0.0005305041147070025,0.3296213808463252,0.0010880565319686735,0.0005426019865141279,0.36363636363636376
2022-12-05,0.0026822965283631543,0.0022045895219937276,0.3184713375796179,0.002633307819539049,0.0021666411528723827,0.31111111111111106,0.003385735146433689,0.0029313921620238896,0.3028953229398663,-0.0022470302614351154,-0.002759225383386335,0.34146341463414626
2022-12-06,-0.0002867290922018901,-0.0007453278183165398,0.30573248407643316,-0.0004300682373862691,-0.000890068237386269,0.30666666666666664,0.00012176327945457623,-0.00034386864959198697,0.31042128603104213,0.0034468064469563714,0.002980139780289705,0.31111111111111106
2022-12-07,-0.0001731796651586675,-0.0006572560982796866,0.32271762208067944,1.8845947101728613e-05,-0.0004789416635177404,0.33185840707964603,0.0008235083111820512,0.0003312688433328273,0.32815964523281593,-0.0007882439389482144,-0.0012482439389482143,0.30666666666666664
2022-12-08,-2.207871815447862e-05,-0.000563479992039829,0.3609341825902336,0.00012718776866463494,-0.00041706001894598456,0.36283185840707965,0.0007303202334370618,0.0001903202334370618,0.36,-0.0006591074070782682,-0.0011568950176977372,0.33185840707964603
2022-12-09,-0.0012077569573175286,-0.0017236805241965096,0.3439490445859873,-0.0018340103741148815,-0.0023661611501680966,0.3547671840354767,-0.0010163888675469327,-0.0015539994870159592,0.3584070796460177,-0.0003649479814906058,-0.0009091957691012253,0.36283185840707965
2022-12-12,-0.001043352556633419,-0.0016229703910283235,0.386411889596603,-0.0012147930467839305,-0.0017922266751025145,0.38495575221238937,-0.000726823369177254,-0.001310894165637431,0.3893805309734513,-0.0016356259530488728,-0.002167776729102088,0.3547671840354767
2022-12-13,-0.00019417286671853141,-0.0007164658603491047,0.34819532908704887,0.0002377371244481185,-0.00027332482245453636,0.3407079646017699,0.0009019189382087301,0.0003908569913060753,0.3407079646017699,-0.0025919598687206675,-0.0031693934970392513,0.38495575221238937
2022-12-14,0.0023208612141880198,0.0017361154514761554,0.38983050847457623,0.0020344667134834073,0.0014172100763152656,0.41150442477876104,0.0025229130826039366,0.001904287805442074,0.4124168514412416,0.0014797024517554957,0.0009686405048528408,0.3407079646017699
2022-12-15,-0.0012111243834365295,-0.0017068870953009362,0.3305084745762712,-0.0011622758601249517,-0.0016600634707444207,0.33185840707964603,-0.0007354683806991688,-0.0012442789533863934,0.33920704845814975,0.0011690671273591404,0.0005518104901909988,0.41150442477876104
2022-12-16,0.00038736400400606573,-0.0001136930784463655,0.3340380549682875,0.0007282879134904354,0.0002393011293494664,0.32599118942731264,0.0010364821455015431,0.0005541032908759924,0.3215859030837005,-0.0015013772419930768,-0.001999164852612546,0.33185840707964603
2022-12-19,0.0007120952028422042,0.00014761317324389546,0.37632135306553915,0.0008260773165159954,0.00024585753629621505,0.3868131868131869,0.0005633072993081085,-3.7256677248586906e-06,0.3780219780219781,0.00039544542890865633,-9.354135523231269e-05,0.32599118942731264
2022-12-20,0.0015985979668639155,0.0011165683685552474,0.3213530655391121,0.001820739042819599,0.0013394203615009178,0.32087912087912085,0.0019089805522215144,0.001427661870902833,0.32087912087912096,-0.0006068721351845212,-0.0011870919154043015,0.3868131868131869
2022-12-21,-0.0003745429276636285,-0.0008112517884231224,0.2911392405063292,-5.119215442106473e-07,-0.00043567675670904576,0.2901098901098901,0.0003711327680378804,-5.743866053354831e-05,0.2857142857142858,0.0019160641308617222,0.0014347454495430409,0.32087912087912085
2022-12-22,0.002423037006169429,0.00203063194287829,0.26160337552742613,0.002568390368180089,0.002140758789232721,0.2850877192982456,0.0023544957502502125,0.001925924321678784,0.2857142857142857,-0.0005072693138230672,-0.0009424341489879023,0.2901098901098901
2022-12-23,0.001529870772893569,0.001067845456437873,0.30801687763713076,0.001790907995473529,0.001317223784947213,0.3157894736842105,0.0022430150396320113,0.001774883171500143,0.3120879120879122,0.003468579236345127,0.0030409476573977586,0.2850877192982456
2022-12-26,-0.0038105553529450137,-0.004221947758008305,0.2742616033755274,-0.004177986970308668,-0.004605618549256037,0.28508771929824567,-0.0034845825823447193,-0.003907490071331504,0.28193832599118945,0.0001919670598650356,-0.0002817171506612802,0.3157894736842105
2022-12-27,0.0007067172319341133,0.0002573501433265184,0.29957805907172996,0.0009546532931137119,0.0004667412052016239,0.32527472527472534,0.0003850631844768389,-9.625549684184252e-05,0.32087912087912096,-0.004867485234760856,-0.005295116813708225,0.28508771929824567
2022-12-28,0.0009937898774740467,0.00048113164962594547,0.34177215189873417,0.0012418202051048821,0.0007220833629996187,0.34649122807017557,0.0014295097601761519,0.0009174747492352328,0.3413566739606127,0.0008379792734722609,0.0003500671855601729,0.32527472527472534
2022-12-29,0.0011300648098464942,0.0006437490203728101,0.3242105263157894,0.0012215053828683407,0.0007433394440037118,0.3187772925764192,0.001583066619879614,0.0011114508993555964,0.31441048034934493,0.0015244192816706685,0.0010046824395654051,0.34649122807017557
2022-12-30,0.0007102004116981203,0.0002564188990930782,0.3025210084033614,0.0005449525866754431,8.643730283264831e-05,0.3056768558951965,0.001079558446550056,0.0006210431627072612,0.3056768558951965,0.00028517123374250785,-0.00019299470512212095,0.3187772925764192
2023-01-03,-0.002941767465358989,-0.003401851498972434,0.3067226890756303,-0.0029302380148351105,-0.0033953035170185167,0.3100436681222707,-0.0019095321405649297,-0.0023876980794295586,0.3187772925764192,-0.00045670447315708735,-0.0009152197569998822,0.3056768558951965
2023-01-04,0.00251035912951342,0.001999854927832748,0.34033613445378147,0.0028963451006874565,0.002378877851779159,0.34497816593886477,0.0025430172392333886,0.00202441767687015,0.34573304157549234,-0.002717269970962357,-0.003182335473145763,0.3100436681222707
2023-01-05,0.0006163130419460389,0.00016253152934099686,0.3025210084033614,0.0006543319831478758,0.00018824883216319297,0.3107221006564552,0.0008608185316450485,0.00041442903492732423,0.29759299781181614,0.0021607838057582035,0.0016433165568499064,0.34497816593886477
2023-01-06,-0.0014074006853072286,-0.001900032264254597,0.32842105263157895,-0.0013369773476771705,-0.0018293187043511312,0.32822757111597367,-0.0010771045537444608,-0.0015628813589961018,0.3238512035010941,0.0009381345528508217,0.0004720514018661389,0.3107221006564552
2023-01-09,-0.0007740109367881977,-0.0011971688315250398,0.28210526315789475,-0.0009966183856755162,-0.0014158323594746429,0.2794759825327511,-0.0002636932100836759,-0.0006772599496898029,0.275711159737418,-0.0018318382865528339,-0.0023241796432267943,0.32822757111597367
2023-01-10,0.00011062646744670348,-0.00033147879571119123,0.29473684210526313,0.00028632110253657393,-0.00016564396296560953,0.3013100436681223,0.0008529594017774234,0.00040656990505969913,0.2975929978118162,-0.0013261494792474507,-0.0017453634530465775,0.2794759825327511
2023-01-11,0.0005152594605129339,7.315419735503918e-05,0.29473684210526313,0.0005884524620097427,0.00014958783318878198,0.2925764192139738,0.0007111468824820884,0.0002667024380376442,0.29629629629629617,0.0009227824961541385,0.00047081743065195507,0.3013100436681223
2023-01-12,0.0012096659954286273,0.0006928592727395516,0.3445378151260504,0.0013261987693510462,0.0008175031171771333,0.3391304347826086,0.0017275576475424786,0.0012242896736862697,0.33551198257080594,-0.00012271896636703236,-0.0005615835951879931,0.2925764192139738
2023-01-13,0.0021394529109575794,0.001660461314318924,0.31932773109243695,0.0021580679059827997,0.0016624157320697564,0.3304347826086956,0.0027089507422821614,0.0022242345850769212,0.3231441048034934,0.0005275355396892074,1.8839887515294425e-05,0.3391304347826086
2023-01-16,6.411212578922958e-05,-0.00044115103210550725,0.3368421052631579,-4.814975094814475e-06,-0.0004895311323000547,0.3231441048034934,0.00041935911666124426,-6.641768859039687e-05,0.3238512035010941,0.0014455865615139816,0.0009499343876009383,0.3304347826086956
2023-01-17,0.0011478891011708603,0.0006173627853813867,0.35368421052631577,0.0010098766265833443,0.0004989595960156587,0.3406113537117904,0.001371267201551262,0.0008603501709835764,0.3406113537117904,0.00022359894947516015,-0.00026111720773008,0.3231441048034934
2023-01-18,0.00038864644219652623,-5.9774610435052726e-05,0.29894736842105263,7.30019960247727e-05,-0.0003789630694774107,0.30131004366812225,0.0005060428683374219,4.752758449462713e-05,0.3056768558951965,0.00033635996829813183,-0.00017455706226955376,0.3406113537117904
2023-01-19,0.002867498411388482,0.002419077358756903,0.29894736842105263,0.0027901863211010867,0.0023326699812318058,0.30501089324618724,0.00318414993306568,0.0027452853042447193,0.29257641921397376,0.00024836378497995314,-0.00020360128052223026,0.30131004366812225
2023-01-20,-0.001836505865035123,-0.0022217690229298596,0.25684210526315787,-0.0017171499870575705,-0.00210277090209025,0.2570806100217865,-0.0013240037453884348,-0.0017161606081335327,0.2614379084967319,0.0022876438154718157,0.0018301274756025348,0.30501089324618724
2023-01-30,-0.0019876022069886014,-0.0024739179964622855,0.32421052631578945,-0.0015780869036191875,-0.002048675138913305,0.3137254901960784,-0.0002726824028301787,-0.0007563425335491331,0.32244008714596956,-0.0027488824399074397,-0.0031345033549401193,0.2570806100217865
2023-01-31,-0.001335928229728658,-0.001721191387623395,0.25684210526315787,-0.0011027095070093955,-0.0014948663697544936,0.261437908496732,-0.0007567972891815507,-0.0011375412716760804,0.25382932166301986,0.00045780387995080114,-1.2784355343316517e-05,0.3137254901960784
2023-02-01,0.001101133448195405,0.0006653439745111946,0.29052631578947363,0.0010590230727969413,0.0006257626789238559,0.2888402625820569,0.0011388469837074235,0.0007055865898343381,0.2888402625820569,-0.0016685274311626008,-0.0020606842939076987,0.261437908496732
2023-02-02,-0.0006749278977298198,-0.0011685987838057693,0.3291139240506329,-0.00037211854808072735,-0.0008775890075993269,0.336980306345733,7.957050197530567e-05,-0.00042042949802469445,0.33333333333333337,0.00044388392985686073,1.0623535983775344e-05,0.2888402625820569
2023-02-03,0.0013352160388837395,0.0009111654059723471,0.28270042194092826,0.001347269390468999,0.0009205735480182333,0.28446389496717717,0.0017548307589436742,0.001329066566803936,0.2838427947598253,-0.00015855649110176398,-0.0006640269506203635,0.336980306345733
2023-02-06,0.0037527752849219496,0.003233787943149798,0.34599156118143454,0.003761168390149325,0.0032371509229004165,0.34934497816593885,0.004327058107725648,0.0038030406404767395,0.3493449781659389,0.0017336671313452805,0.0013069712888945147,0.28446389496717717
2023-02-07,0.0020366248582745277,0.0016062451114390848,0.28691983122362863,0.002166454121372059,0.0017472401475729323,0.2794759825327511,0.0021373339722129707,0.0017040735783398855,0.28884026258205686,0.0025541139124476333,0.002030096445198725,0.34934497816593885
2023-02-08,0.0005918404842552624,0.0001434194316236835,0.2989473684210526,0.0005099490958623901,5.798403036020661e-05,0.3013100436681223,0.0010036428937854674,0.0005582280466238954,0.296943231441048,0.002309203330018517,0.0018899893562193903,0.2794759825327511
2023-02-09,0.001877084492438931,0.0014106979378170823,0.31092436974789917,0.0020143490096479373,0.0015568326697786563,0.30501089324618724,0.00218752828219841,0.0017300119423291288,0.30501089324618724,0.0007196136625468386,0.00026764859704465514,0.3013100436681223
2023-02-10,0.0026696703315238768,0.0021780736928684145,0.32773109243697474,0.002806833611753934,0.0023231734810349796,0.3224400871459695,0.0025003012996882065,0.0020242143431664673,0.31739130434782614,0.0015384184472060705,0.0010809021073367895,0.30501089324618724
2023-02-13,-0.0009002256584238946,-0.001328797086995323,0.2857142857142857,-0.0006010421404130072,-0.0010053899664999638,0.26956521739130446,-0.000507260320062819,-0.0009181298852802102,0.27391304347826084,0.002778657787750518,0.0022949976570315637,0.3224400871459695
2023-02-14,0.0025556366527254753,0.002109095772222331,0.2976939203354297,0.002309793551132175,0.0018532718120017405,0.3043478260869565,0.002580763086000753,0.0021307630860007533,0.29999999999999993,-0.0014506748306136342,-0.0018550226567005908,0.26956521739130446
2023-02-15,0.0019905573776319036,0.0015628844216570609,0.28511530398322843,0.002116969866467807,0.0016800133447286765,0.29130434782608694,0.0025196227749268575,0.002082666253187727,0.29130434782608705,0.002083787464587839,0.0016272657254574041,0.3043478260869565
2023-02-16,0.002545388690744183,0.002091607178139141,0.3025210084033613,0.0023377654196677956,0.0018812436805373607,0.30434782608695654,0.002707078183209536,0.00225154672984728,0.30368763557483736,0.0022556504721890865,0.001818693950449956,0.29130434782608694
2023-02-17,0.0015902542787991553,0.0011122668574155077,0.3186582809224318,0.0016013300141311474,0.0011457985607688913,0.30368763557483736,0.0014178733129267878,0.0009493266751827531,0.3123644251626898,0.0030309681942084013,0.0025744464550779664,0.30434782608695654
2023-02-20,0.0006530674314197508,0.0001939479345644049,0.3060796645702306,0.0005350963545955375,5.353453246972401e-05,0.3210412147505423,0.0004907084667742246,2.639052457521589e-06,0.32537960954446865,0.0012553716289324629,0.0007998401755702068,0.30368763557483736
2023-02-21,0.0013665187698294438,0.0008581505689926235,0.3389121338912135,0.0010643224281115561,0.0005241922762677383,0.3600867678958785,0.0012702174107678686,0.0007312563718068295,0.3593073593073594,0.0002824324669095848,-0.0001991293552162287,0.3210412147505423
2023-02-22,0.0013829791819974695,0.0009938578430853354,0.2594142259414227,0.0011782827583184572,0.000795165875201574,0.2554112554112554,0.001290173132125848,0.0009070562490089648,0.2554112554112554,0.0014974881318136797,0.0009573579799698619,0.3600867678958785
2023-02-23,-0.00012979999758976676,-0.0006005112946608966,0.31380753138075324,0.0001724194396840982,-0.0003081000408353824,0.3203463203463204,0.000624355864150944,0.00015032989012496987,0.3160173160173161,0.0001881397509011203,-0.00019497713221576285,0.2554112554112554
2023-02-24,0.002583903038856074,0.0021382963442954047,0.2970711297071129,0.0026426335721353358,0.002189069857232528,0.30237580993520513,0.0027172756821714195,0.0022701914489100805,0.2980561555075593,0.00015896939382001383,-0.00032155008669946676,0.3203463203463204
2023-02-27,0.0003548334818059516,-0.00011489511944665797,0.31315240083507306,0.0004788971242885836,-2.002296210450497e-05,0.3326133909287257,0.0003118506615442402,-0.0001805899432073797,0.32829373650107996,0.0028999063938106072,0.0024463426789077996,0.30237580993520513
2023-02-28,8.892929917528151e-05,-0.0004183775901775368,0.3382045929018789,0.00019001009830292917,-0.00033369679824879505,0.3491379310344828,0.0005823297215562066,7.045067188018073e-05,0.3412526997840173,0.0003413545283113091,-0.0001575655580817795,0.3326133909287257
2023-03-01,0.00045229085678151655,-1.645914321848327e-05,0.3124999999999999,0.0004733332473854379,2.721255773026549e-05,0.2974137931034483,0.0007850809502290938,0.000332494743332542,0.30172413793103453,0.0008062796656934717,0.0002825727691417475,0.3491379310344828
2023-03-02,0.0038396316575761537,0.00331572313366763,0.3492723492723492,0.004160658792436865,0.0036445297601788,0.34408602150537637,0.004067223273995911,0.003544642628834621,0.34838709677419355,0.00021482903831857546,-0.00023129165133659697,0.2974137931034483
2023-03-03,-0.000505012460834998,-0.0010029377720383176,0.3319502074688797,-0.0004695734333539708,-0.0009598960139991322,0.32688172043010755,-0.00030612569211107415,-0.0008018338466175119,0.33047210300429186,0.003815946441281387,0.0032998174090233226,0.34408602150537637
2023-03-06,0.00144798308042894,0.0010247465659061184,0.2821576763485477,0.001524872222785027,0.0010935417506820228,0.2875536480686695,0.0012442919758756223,0.0008000859672919313,0.296137339055794,-0.00038856894532064484,-0.0008788915259658062,0.32688172043010755
2023-03-07,0.0034523560703294646,0.002966878891906228,0.32365145228215775,0.003737660026681404,0.0032677029451363394,0.3133047210300429,0.0032808165652791037,0.0028054418329450568,0.316916488222698,0.0008449946674239787,0.0004136641953209744,0.2875536480686695
2023-03-08,2.7587504796039095e-05,-0.00046411374001723894,0.3278008298755187,6.045109677186959e-05,-0.00042134761843155643,0.3211991434689507,0.0002522098122730333,-0.0002231649200610138,0.3169164882226981,0.0039820260004792656,0.003512068918934201,0.3133047210300429
2023-03-09,-0.0002496050137094849,-0.0006719652621566898,0.2815734989648032,1.4887233919892457e-05,-0.0004090956354591226,0.2826552462526767,-0.0001968653695186152,-0.0006272722217670092,0.28693790149892934,-0.0005323379126530893,-0.0010141366278565154,0.3211991434689507
2023-03-10,0.0010155618668879606,0.00045034447558361273,0.37681159420289856,0.0016256256420811108,0.0010603151495757576,0.37687366167023556,0.0013225233111036454,0.0007648310034113377,0.37179487179487175,0.001074860798986478,0.0006508779296074631,0.2826552462526767
2023-03-13,0.0012898127076786579,0.0007991294778649932,0.32712215320910976,0.0016463979085718197,0.0011528081649820761,0.32905982905982906,0.0019839137464291354,0.0014967342592496482,0.32478632478632474,0.0008494439299267121,0.0002841334374213588,0.37687366167023556
2023-03-14,0.0006999557947827435,0.00016689794354307402,0.3553719008264463,0.0005674396425239502,9.747334831642393e-06,0.3717948717948718,0.0007817000820782537,0.00023159347227015114,0.3667377398720683,0.0010692162006949238,0.0005756264571051802,0.32905982905982906
2023-03-15,0.001857752614726458,0.0013494881519165406,0.33884297520661155,0.0023986503142057088,0.0018933198238005912,0.3368869936034116,0.0022114529974863045,0.0016869327416227649,0.3496801705756931,-0.00042090894809692324,-0.000978601255789231,0.3717948717948718
2023-03-16,0.0018691159554278837,0.0013309716255309764,0.35876288659793815,0.00215322241702306,0.0016095123957010982,0.3624733475479744,0.002070256395703414,0.0015265463743814522,0.3624733475479745,0.003727488895390118,0.0032221584049850005,0.3368869936034116
2023-03-17,-0.0008426621382079539,-0.001331321932022387,0.32577319587628867,-0.0014384727660647694,-0.0019427280852137056,0.3361702127659574,-0.0008322124952497316,-0.0013375429856548487,0.3368869936034115,6.009430460322644e-05,-0.0004836157167187352,0.3624733475479744
2023-03-20,0.0011398181921144909,0.000675900666341295,0.30927835051546393,0.0013261303238205188,0.0008410239408417955,0.3234042553191489,0.0014123816796474634,0.0009262409547007684,0.32409381663113007,-0.0003326200591900973,-0.0008368753783390334,0.3361702127659574
2023-03-21,-0.0012825167710497024,-0.0017649909978538262,0.32164948453608255,-0.001334027709879523,-0.001820168434826218,0.32409381663113,-0.001036294336396685,-0.001528831649829521,0.32835820895522394,0.00041441253418661233,-7.069384879211101e-05,0.3234042553191489
2023-03-22,0.0018902377749228424,0.001369576617898049,0.34710743801652894,0.0018329178857401382,0.0012892078644181765,0.3624733475479745,0.0011996888888727974,0.000648406837590746,0.36752136752136755,-0.0018422530821556246,-0.0023283938071023197,0.32409381663113
2023-03-23,0.000876040347987906,0.00041736266203749276,0.30578512396694213,0.0009869649195883875,0.0005061956888191567,0.3205128205128205,0.0011107246530665973,0.0006245839281199021,0.3240938166311302,0.0022506369768902513,0.0017069269555682895,0.3624733475479745
2023-03-24,-0.0010607845708282874,-0.0015494443646427204,0.32577319587628867,-0.0011777457085956808,-0.0016702830220285169,0.32835820895522394,-0.0005974324935383719,-0.001083573218485067,0.32409381663113007,0.0007079695308030327,0.000227200300033802,0.3205128205128205
2023-03-27,-0.0012623105239763044,-0.0016396301116051704,0.2515463917525773,-0.0014435742400759732,-0.0018265529634802285,0.2553191489361702,-0.0011811058886022929,-0.0015712977862568772,0.26012793176972293,-0.000880648896253529,-0.0013731862096863648,0.32835820895522394
2023-03-28,0.003507443445223,0.003136309424604443,0.24742268041237114,0.0037783335779908254,0.0033825888971397615,0.26382978723404255,0.0035702180002429714,0.0031744733193919076,0.2638297872340426,-0.001694907462529104,-0.002077886185933359,0.2553191489361702
2023-03-29,-0.0005122243031935271,-0.0009575851279357952,0.29690721649484536,-0.0005598616789152105,-0.0009939042321066998,0.28936170212765955,-0.00028858673127602104,-0.0007226292844675104,0.2893617021276596,0.0022977048909111203,0.0019019602100600564,0.26382978723404255
2023-03-30,0.001523085894801551,0.0010777250700592829,0.29690721649484536,0.0012456577775541565,0.0007934284781910991,0.3014861995753716,0.0011818510660008808,0.000735042555362583,0.2978723404255319,0.00019526698316840166,-0.0002387755700230877,0.28936170212765955
2023-03-31,-0.0010669957289309966,-0.0015309132547041925,0.30927835051546393,-0.0011744472985495535,-0.001626676597912611,0.3014861995753716,-0.0008801301608084393,-0.0013397046288935457,0.30638297872340425,-0.0001305967468875173,-0.0005828260462505747,0.3014861995753716
2023-04-03,-0.0033178257703114795,-0.0037879288630949847,0.3134020618556701,-0.0033424255377982673,-0.003820132544167694,0.3184713375796179,-0.0030020684263875226,-0.003487174809366246,0.3234042553191489,-0.0004110842738369626,-0.00086331357320002,0.3014861995753716
2023-04-04,-0.0021369358514494313,-0.0026565234803154108,0.34639175257731963,-0.001973343525419384,-0.0025020059458015498,0.35244161358811044,-0.0019972735836138074,-0.002525936003995973,0.3524416135881104,-0.003186088785395973,-0.0036637957917654,0.3184713375796179
2023-04-06,0.0002349509596807616,-0.00023515213310274354,0.3134020618556701,0.00045559928482152097,-1.4739698229326512e-05,0.3135593220338983,0.0007660090810487265,0.00028830207467929974,0.3184713375796179,-0.0025067995146748484,-0.003035461935057014,0.35244161358811044
2023-04-07,0.000635138927114769,6.723769254686777e-05,0.3786008230452675,0.0006603227192693503,0.00010100068537104525,0.37288135593220334,0.0007191109283822619,0.0001382598645524747,0.3872340425531915,0.00034977206393522597,-0.00012056691911562151,0.3135593220338983
2023-04-10,0.0034214168623400553,0.0029214168623400553,0.33333333333333337,0.0031915436965551675,0.0026947284099309637,0.33121019108280253,0.0034283025888526587,0.0029495791845973395,0.3191489361702128,-0.0005743112754699065,-0.0011336333093682116,0.37288135593220334
2023-04-11,-0.0024890220897695868,-0.0029890220897695868,0.33333333333333326,-0.00237081036348037,-0.002862299725182498,0.327659574468085,-0.0017543446692895007,-0.0022458340309916285,0.32765957446808514,0.002902828303162167,0.002406013016537963,0.33121019108280253
2023-04-12,-0.0016603252311721004,-0.0020862511570980263,0.28395061728395055,-0.0016502370755661615,-0.0020715136713108425,0.2808510638297873,-0.0013864957441300108,-0.0018205382973215003,0.28936170212765966,-0.0025911688906948252,-0.0030826582523969526,0.327659574468085
2023-04-13,0.0005613838848742315,0.0001292851194421328,0.28806584362139914,0.0004765885482480711,4.254599505658157e-05,0.28936170212765966,0.0005863990794308192,0.00015235652623932965,0.28936170212765966,-0.0008013056151171859,-0.0012225822108618669,0.2808510638297873
2023-04-14,-0.0013056026595920206,-0.0017385923503136702,0.288659793814433,-0.0011351457997199792,-0.0015691883529114687,0.28936170212765966,-0.0010407806267235566,-0.0014684402011916416,0.2851063829787234,-0.0003858533131925173,-0.0008198958663840068,0.28936170212765966
2023-04-17,0.0014312008899290364,0.0009982111992073868,0.288659793814433,0.0012421290042487385,0.000801703472333845,0.2936170212765957,0.001338186295233293,0.0008977607633183994,0.2936170212765957,-0.0012980553622035217,-0.0017320979153950112,0.28936170212765966
2023-04-18,0.00035143417493622466,-0.00010629778382666199,0.30515463917525776,0.00015674539704087827,-0.0003092120497676324,0.31063829787234043,0.00010042367342970229,-0.00036454447943653974,0.3099787685774947,0.00167017949200811,0.0012297539600932164,0.2936170212765957
2023-04-19,-0.00034046271509693537,-0.0008229369419010592,0.32164948453608255,-0.00029697806238699036,-0.0007746850687564172,0.3184713375796179,-0.0009464956745357999,-0.0014242026809052268,0.3184713375796179,-0.0004936935773065514,-0.0009596510241150621,0.31063829787234043
2023-04-20,-0.0004487583534623146,-0.0009869026833592219,0.3587628865979382,-0.0002790429407799411,-0.0008268136414168838,0.36518046709129515,-0.0002764541582721807,-0.0008190073497615424,0.36170212765957444,-0.00019262288088889908,-0.0006703298872583259,0.3184713375796179
2023-04-21,0.004851411681860339,0.0043256384859840505,0.35051546391752586,0.0049306366096789345,0.004407232354359786,0.3489361702127659,0.004488596051714096,0.003970472384336697,0.3454157782515992,-4.071972979019208e-05,-0.0005884904304271348,0.36518046709129515
2023-04-24,0.0025104076364052927,0.002003191141559932,0.33814432989690724,0.0025104953616247095,0.001992371694247311,0.34541577825159914,0.0024587947539033983,0.0019342744980398586,0.349680170575693,0.0045522707671583305,0.004028866511839182,0.3489361702127659
2023-04-25,0.0018961160482811185,0.0013270438833326648,0.3793814432989691,0.0021064238845416097,0.0015051445668443815,0.4008528784648188,0.002024346753744858,0.0014333403297619885,0.39400428265524623,0.002004392198129659,0.0014862685307522605,0.34541577825159914
2023-04-26,-0.00043591397691316973,-0.0009678727397997677,0.354639175257732,-0.00044980680765304565,-0.000963725437203367,0.34261241970021417,-0.0005642435451223993,-0.0010932758031869153,0.35268817204301073,0.002083224493181969,0.0014819451754847408,0.4008528784648188
2023-04-27,0.004911004981986083,0.004365550436531538,0.36363636363636365,0.005162568336113577,0.004627084465145835,0.3569892473118279,0.004963494528871455,0.004420391080595593,0.3620689655172413,-0.0003331363666956265,-0.0008470549962459478,0.34261241970021417
2023-04-28,-0.0005524147154615695,-0.0010192196947146816,0.3112033195020747,-0.0006209520938021372,-0.0010735383006986888,0.3017241379310345,-0.00046069697106060695,-0.0009585417986468141,0.33189655172413807,0.004275938646946354,0.0037404547759786124,0.3569892473118279
2023-05-04,0.002958661506790811,0.002448288062807409,0.34024896265560156,0.003716794418534543,0.0031930875219828183,0.3491379310344829,0.004339583797159951,0.003816707980166487,0.3485838779956426,-0.0010631588042458139,-0.0015157450111423654,0.3017241379310345
2023-05-05,0.0011651454168578584,0.0006265232874215327,0.35908141962421714,0.0015533411351465196,0.0010043215273033825,0.36601307189542476,0.0015205814793116989,0.0009934665118496598,0.351409978308026,0.0038668105343077066,0.003343103637755982,0.3491379310344829
2023-05-08,0.00022738534364078085,-0.0003009165431516719,0.35220125786163514,0.0006122386952975454,7.861613564461706e-05,0.35574837310195223,0.00018749365608286463,-0.0003591440879518427,0.36442516268980485,0.0004198872856947264,-0.0001291323221484107,0.36601307189542476
2023-05-09,0.0026177930677230166,0.0021146484136349663,0.33542976939203345,0.0028136889870253434,0.002293081611754194,0.3470715835140998,0.002719259351937656,0.002198651976666506,0.3470715835140999,0.0016999869645091918,0.0011663644048562636,0.35574837310195223
2023-05-10,-0.0003996339820228718,-0.0009416507887455609,0.36134453781512604,-0.0005682144755499285,-0.0011278674039664144,0.3731019522776573,-0.00039193198564224825,-0.0009450773218678448,0.368763557483731,0.0025432342865222904,0.002022626911251141,0.3470715835140998
2023-05-11,0.0022392288560583356,0.00174132969639447,0.33193277310924374,0.002421658925644635,0.0019270819191370427,0.3297180043383948,0.002902389921761241,0.002406737747848198,0.33043478260869563,-0.0013268212271020314,-0.0018864741555185173,0.3731019522776573
2023-05-12,0.0007814606494393611,0.00025315876264690837,0.35220125786163514,0.0006173273658509337,8.370480619800526e-05,0.3557483731019523,0.0009328402498314965,0.0004003727173639641,0.35497835497835495,0.0023543989542334815,0.0018598219477258893,0.3297180043383948
2023-05-15,-0.004927817169079163,-0.005437251131343314,0.339622641509434,-0.005288178984501712,-0.005806537515819206,0.34557235421166305,-0.005013265344539694,-0.00553923937051372,0.3506493506493507,0.0002554091994047157,-0.0002782133602482128,0.3557483731019523
2023-05-16,-9.734437211155952e-05,-0.0006130676425518111,0.3438155136268344,-0.00022978031797703507,-0.0007675772942189358,0.35853131749460043,-0.0009402988163382808,-0.0014727663488058134,0.354978354978355,-0.004612371318398615,-0.00513072984971611,0.34557235421166305
2023-05-17,0.0011189162280584222,0.0005591678003854662,0.3731656184486373,0.0005552750669610557,3.327015013003553e-06,0.36796536796536805,0.0011783521005111538,0.0006264040485631018,0.367965367965368,-0.000340323052372412,-0.0008781200286143127,0.35853131749460043
2023-05-18,-0.002521306360408425,-0.0030181617063203747,0.3312368972746331,-0.0022167601593661443,-0.002697279639885625,0.3203463203463204,-0.0011015940661274143,-0.0015821135466468949,0.3203463203463204,-0.0003860898071424545,-0.0009380378590905066,0.36796536796536805
2023-05-19,-0.0017003645228014146,-0.0022526657780315403,0.36820083682008375,-0.001873541125116222,-0.0024319826835577803,0.37229437229437234,-0.0018199426230715737,-0.0023953736575543323,0.38362068965517243,-0.0023868930788129104,-0.002867412559332391,0.3203463203463204
2023-05-22,1.854228895669177e-05,-0.0004073449761790076,0.2839248434237996,-0.0001494964901980339,-0.0005753029418109372,0.2838709677419355,0.00030683371695304495,-8.756283477109308e-05,0.2629310344827587,-0.0018030191484867668,-0.0023614607069283255,0.37229437229437234
2023-05-23,-0.00023623008970418725,-0.0007811152671572144,0.36325678496868474,-0.00044684892506996303,-0.0009823327960377048,0.3569892473118279,-0.00018172592133845582,-0.0007236614052094236,0.3612903225806452,-0.0002915042580001982,-0.0007173107096131014,0.2838709677419355
2023-05-24,-9.706673860214454e-05,-0.0006670041081219775,0.3799582463465553,7.957529809128692e-05,-0.0004817150244893583,0.37419354838709684,-0.00042219617574609705,-0.0009963897241331938,0.3827956989247312,-0.00029281586586919414,-0.000828299736836936,0.3569892473118279
2023-05-25,0.000568944268880504,2.9195314905608623e-05,0.35983263598326354,0.0003725135960006361,-0.00016297027496710596,0.356989247311828,0.0003246385580472662,-0.0002131584181946345,0.35853131749460043,0.0003859370219394672,-0.00017535330064117802,0.37419354838709684
2023-05-26,-0.001922820539071733,-0.002418636438653323,0.3305439330543933,-0.0022191938559253726,-0.0027116344606769923,0.32829373650107996,-0.0014524658053069583,-0.0019384269284171095,0.32397408207343414,0.00022148448139327126,-0.0003139993895744708,0.356989247311828
2023-05-29,-0.0011405863338772582,-0.0016426783840864632,0.33472803347280333,-0.0011844760928770744,-0.001683396179270163,0.3326133909287257,-0.00040930692582765837,-0.0009211859755036843,0.3412526997840173,-0.004077005267706508,-0.0045694458724581275,0.32829373650107996
2023-05-30,-0.001192156908184504,-0.0017433051336542323,0.36743215031315235,-0.0010221779968049814,-0.0015652814450808437,0.36206896551724144,-0.00039975759816938614,-0.000936395529203869,0.35775862068965525,-0.00043847341115982926,-0.0009373934975529178,0.3326133909287257
2023-05-31,-0.0012534112484795603,-0.0017544550898156773,0.33402922755741127,-0.0012954497059201107,-0.0018062255679890762,0.3405172413793103,-0.0009504923549793548,-0.0014677337342896997,0.34482758620689663,-0.0015602374958098818,-0.002103340944085744,0.36206896551724144
2023-06-01,-0.0025877316239359257,-0.0031514059454390573,0.3757828810020877,-0.0024923711411024485,-0.003067802175585207,0.3836206896551724,-0.0017620095950348722,-0.002337440629517631,0.3836206896551725,-0.0007303401533135237,-0.0012411160153824891,0.3405172413793103
2023-06-02,-0.002396078692407143,-0.002971078692407143,0.38333333333333325,-0.00265568905666389,-0.0032363342179542124,0.3870967741935484,-0.001956445821904897,-0.002544807890870414,0.39224137931034486,-0.004254110368705578,-0.004829541403188337,0.3836206896551724
2023-06-05,0.0009203248848378104,0.0003390748848378103,0.38750000000000007,0.0007844272494439146,0.00019087886234714043,0.3956989247311828,0.0009946566870650902,0.0004062946180995728,0.3922413793103449,-0.001851705217428063,-0.0024323503787183854,0.3870967741935484
2023-06-06,-0.0025013251054691495,-0.0030252336293776732,0.34927234927234924,-0.002253442275525149,-0.002795377759396117,0.3612903225806452,-0.0019465330705812252,-0.0024831710016157077,0.35775862068965514,0.00043783091381602345,-0.00015571747328075073,0.3956989247311828
2023-06-07,5.438537198171681e-05,-0.000413390095793751,0.31185031185031187,0.00023684030222302817,-0.00023412743971245567,0.3139784946236559,0.0009254725532774591,0.0004470242774153901,0.31896551724137934,-0.002235476765163405,-0.002777412249034373,0.3612903225806452
2023-06-08,-0.0006873622758237332,-0.0011541672550768453,0.31120331950207475,-0.0006140139029450304,-0.00109143325778374,0.3182795698924731,-0.00030693056646028706,-0.0007843499212989968,0.31827956989247314,-7.941850121015708e-05,-0.0005503862431456409,0.3139784946236559
2023-06-09,-0.0007567634456802459,-0.0012484646904935238,0.3278008298755187,-0.0010194459342900176,-0.0015215918570367988,0.33476394849785407,-0.00013151239881375402,-0.0006411898181685928,0.3397849462365592,-0.0016215109173487409,-0.0020989302721874502,0.3182795698924731
2023-06-12,0.001416056738378222,0.000911907360784861,0.3360995850622407,0.0015243719470289666,0.0010029127195611554,0.34763948497854086,0.0023007598060529382,0.0017888807563769123,0.3412526997840173,-0.0010522377263416233,-0.0015543836490884044,0.33476394849785407
2023-06-13,0.0017582335851747954,0.001210515742851144,0.36514522821576767,0.002050010536127687,0.001499254596602849,0.36717062634989206,0.002008487867600111,0.0014536491579226914,0.36989247311827966,0.0008069948934284971,0.00028553566596068575,0.34763948497854086
2023-06-14,0.001134696812977137,0.000618099302603693,0.34439834024896265,0.0011001593802569805,0.0005711271221924642,0.35268817204301084,0.0011180229222865223,0.000595442277125232,0.34838709677419355,0.0010865365482195903,0.0005357806086947522,0.36717062634989206
2023-06-15,-0.0025293795174557783,-0.003014856695879015,0.3236514522821577,-0.0027153755535318483,-0.0031798916825641066,0.3096774193548387,-0.002520207858500066,-0.002984723987532324,0.30967741935483867,0.0008584738324181084,0.0003294415743535921,0.35268817204301084
2023-06-16,-0.0006774054568111122,-0.0012002270335745979,0.3485477178423237,-0.0005394593802425752,-0.001081394864113543,0.36129032258064514,-0.0002754845761314276,-0.0008238716729056213,0.36559139784946243,-0.002462400500682588,-0.002926916629714846,0.3096774193548387
2023-06-19,-0.002131811834828961,-0.002673305610762571,0.3609958506224067,-0.0017577252245268473,-0.0023061123213010412,0.36559139784946243,-0.0011680271440123215,-0.0017058241202542223,0.35853131749460043,-0.0017786815788502384,-0.0023206170627212063,0.36129032258064514
2023-06-20,-3.1914529362258096e-05,-0.0005059270033747321,0.316008316008316,-2.8386708336370498e-05,-0.0005133005014398189,0.3232758620689656,0.00026694742431414113,-0.00022443188603068662,0.3275862068965518,-0.001299327461179616,-0.0018477145579538098,0.36559139784946243
2023-06-21,0.0021935906857532862,0.0016956653745499666,0.3319502074688797,0.002619815043578562,0.0021607633194406306,0.3060344827586207,0.0025027664416509,0.0020437147175129686,0.3060344827586208,-0.0007184795568103159,-0.0012033933499137643,0.3232758620689656
2023-06-26,0.0003560469663318605,-7.341361458100272e-05,0.2863070539419088,0.00022972127931815411,-0.0002163994103370183,0.2974137931034483,0.00010074174255604584,-0.0003463424907052932,0.2980561555075594,0.0027859552017422233,0.002326903477604292,0.3060344827586207
2023-06-27,0.0019514220013208787,0.0014472726237275176,0.3360995850622407,0.0021989843236552044,0.0017065437189035845,0.32829373650107996,0.0027032337069266554,0.0022162207199136683,0.3246753246753247,-0.0008400841481263407,-0.001286204837781513,0.2974137931034483
2023-06-28,0.0017979646359889097,0.0013000393247855901,0.3319502074688797,0.001955628262006847,0.001437269730689352,0.3455723542116631,0.0019822816505663133,0.0014715057884973478,0.3405172413793104,0.0022505730805245823,0.0017581324757729624,0.32829373650107996
2023-06-29,0.002510714729180987,0.002031461617147792,0.31950207468879677,0.0023797137318712983,0.0018883344215264706,0.3275862068965518,0.0027259234991870405,0.002234544188842213,0.32758620689655177,0.0011497677802703365,0.0006314092489528418,0.3455723542116631
2023-06-30,3.771085002235268e-05,-0.0005100069923012989,0.36514522821576767,-0.0003466084880918187,-0.0009026429708504394,0.37068965517241376,0.00047389507720686265,-8.334034395944404e-05,0.3714902807775378,0.0023888959374050948,0.0018975166270602671,0.3275862068965518
2023-07-03,0.0013132921244245234,0.0008215908796112453,0.32780082987551873,0.001303646202354002,0.0008058013747677951,0.3318965517241379,0.0015447807444066443,0.0010523401396550244,0.32829373650107996,-0.0017414273358051981,-0.002297461818563819,0.37068965517241376
2023-07-04,-0.0011224437313071102,-0.0015954727769502638,0.3153526970954357,-0.0010724937862350657,-0.001557407579338514,0.3232758620689656,-0.0008665056275389124,-0.0013708159723664986,0.3362068965517242,0.001577001707411051,0.001079156879824844,0.3318965517241379
2023-07-05,0.0024933164667459463,0.0019269264252521703,0.37759336099585067,0.0027254801642682194,0.0021435836125440815,0.3879310344827587,0.0027798937586644363,0.0022069323852738783,0.3819742489270386,-0.000506040169036371,-0.0009909539621398194,0.3232758620689656
2023-07-06,0.0012024960943708344,0.0006434898831907104,0.3726708074534161,0.0011675190019047798,0.0006009953967545653,0.37768240343347637,0.0005996192726619434,2.6657899271385357e-05,0.3819742489270387,0.002088691057968913,0.001506794506244775,0.3879310344827587
2023-07-07,0.0010973402555909742,0.0006563464667710984,0.29399585921325055,0.00086473518185088,0.000421480363863728,0.29550321199143464,0.0008358581246618434,0.0003861793238053125,0.2997858672376873,0.0012796883866419107,0.0007131647814916962,0.37768240343347637
2023-07-10,-0.0005913085957485628,-0.0011677548767402984,0.3842975206611571,-0.0008047072775601639,-0.001381630354483241,0.38461538461538464,-0.0002164311622960891,-0.0007817416548014424,0.3768736616702355,-0.0003143469353325162,-0.0007576017533196683,0.29550321199143464
2023-07-11,0.0025253863331114665,0.002035716911623863,0.32644628099173556,0.002167651006336851,0.0016740612627471072,0.329059829059829,0.0025870361630203472,0.0020913280085139096,0.33047210300429186,-0.00031829184538329294,-0.0008952149223063699,0.38461538461538464
2023-07-12,0.0009021090303892414,0.0003318610965049437,0.3801652892561984,0.0011492842985040622,0.0005711258402599507,0.3854389721627409,0.001320862879364483,0.0007427044211203717,0.38543897216274087,0.002341918037148061,0.0018483282935583172,0.329059829059829
2023-07-13,0.0004699260636454646,-0.0001065202173462709,0.384297520661157,0.00013558208267722312,-0.0004490003584362673,0.3897216274089936,5.466274446164557e-06,-0.0005855401495367048,0.39400428265524623,0.0004617923791517004,-0.00011636607909241102,0.3854389721627409
2023-07-14,-0.00041380410124333277,-0.0009158702169458121,0.3347107438016529,-1.4050287123972102e-05,-0.0005279689166742934,0.34261241970021417,0.0005467889410455395,3.820525005841509e-05,0.3390557939914163,-8.315405969707389e-05,-0.0006677365008105643,0.3897216274089936
2023-07-17,0.003708106820701559,0.0031637769237943423,0.3628865979381443,0.0036335956259082617,0.0030682851334029085,0.37687366167023556,0.003476036405783879,0.002892703072450546,0.38888888888888884,0.0011496134969739345,0.0006356948674236132,0.34261241970021417
2023-07-18,0.0033423190155506205,0.002841288087715569,0.33402061855670107,0.003383545910893432,0.00285149462884215,0.35470085470085466,0.003642445808116452,0.003131807510244111,0.3404255319148937,0.0015662940749981672,0.001000983582492814,0.37687366167023556
2023-07-19,0.00037754915472224004,-0.00019152301022621362,0.3793814432989691,0.00023075229343553962,-0.0003500987703942477,0.38723404255319155,0.0006542420377243503,8.615693134137164e-05,0.37872340425531914,0.0037499613382289266,0.0032179100561776446,0.35470085470085466
2023-07-20,-0.0001486937715949252,-0.0007474592036936906,0.39917695473251025,0.00011907241858598837,-0.00046816162396720313,0.39148936170212767,0.0007186976252210407,0.0001186976252210407,0.39999999999999997,-0.0003898287500376793,-0.0009706798138674666,0.38723404255319155
2023-07-21,0.0007614916305675261,0.00024914595155518045,0.34156378600823045,0.0007276204098949951,0.0002233650907460589,0.3361702127659575,0.0011935751028840993,0.0006946412009651228,0.3326226012793177,-0.00035562538236846505,-0.0009428594249216566,0.39148936170212767
2023-07-24,0.002326580801694663,0.0017413651959451762,0.3901437371663245,0.0021337683574371973,0.00155291729360741,0.38723404255319144,0.002498116719748967,0.0019172656559191797,0.3872340425531915,0.0011471527336641358,0.0006428974145151995,0.3361702127659575
2023-07-25,-0.0005810487650313063,-0.0011354635494255569,0.36960985626283366,-0.0005821029984900868,-0.0011374221474262569,0.3702127659574468,-2.088298917547228e-05,-0.0005953510742818553,0.3829787234042554,-0.0004138343794759889,-0.0009946854433057761,0.38723404255319144
2023-07-26,0.0020177730987402344,0.0014756786428880783,0.3613963039014374,0.002313064906978178,0.0017449798005951993,0.37872340425531914,0.0019179917108507996,0.001348695335584275,0.37953091684434975,0.0012585209244383114,0.0007032017755021412,0.3702127659574468
2023-07-27,5.3529453736538e-05,-0.0005255259877419014,0.3860369609856263,0.0004822450047990128,-0.00013182748987049687,0.40938166311300644,0.000884382820683159,0.00029589667995821227,0.39232409381663114,0.0016444251940669883,0.0010763400876840096,0.37872340425531914
2023-07-28,0.0012072765829372507,0.0006171126485110212,0.39344262295081966,0.0012355195473286694,0.0006546684834988822,0.3872340425531915,0.0017865980123723353,0.0012045084601335291,0.38805970149253743,5.3126386032343806e-05,-0.0005609461086371659,0.40938166311300644
2023-07-31,-0.000516835105122326,-0.0010270810067616702,0.34016393442622955,-0.00011269293000396377,-0.0006360971853231126,0.3489361702127659,0.0001229202259058317,-0.0003952034414715672,0.34541577825159925,0.0004160712508560205,-0.00016477981297376675,0.3872340425531915
2023-08-01,0.0006771184026694035,0.0001495110407062132,0.3517382413087935,0.0007659615530078631,0.00022340836151850147,0.36170212765957444,0.0012539710860101174,0.00071780087324416,0.35744680851063826,0.000506290396704078,-1.7113858615070885e-05,0.3489361702127659
2023-08-02,0.0007210136523362148,0.00024248604497425157,0.3190184049079755,0.0006662697290142205,0.00018856272264479364,0.3184713375796179,0.0009933893312287154,0.0005230503481778678,0.31355932203389836,7.974620699465309e-05,-0.0004628069844947086,0.36170212765957444
2023-08-03,-0.001273474536692074,-0.0018061275979165637,0.35510204081632657,-0.0015749613204615483,-0.0021025036933429043,0.3516949152542373,-0.0012105871717563998,-0.0017381295446377556,0.35169491525423724,0.0005705989340587278,9.289192768930098e-05,0.3184713375796179
2023-08-04,9.034161243966742e-06,-0.0005542311448784823,0.3755102040816327,-6.43843125714723e-05,-0.0006109944820629978,0.364406779661017,1.3383773892737061e-05,-0.0005320707715618084,0.36363636363636365,-0.0023221039315216097,-0.0028496463044029655,0.3516949152542373
2023-08-07,-9.522637827256639e-05,-0.0006278794394970563,0.35510204081632657,0.00032938215298504783,-0.00016533243475279564,0.32980972515856233,0.0004706373925351722,-3.676218463184678e-05,0.33826638477801263,6.8978548566499e-05,-0.0004776316209250265,0.364406779661017
2023-08-08,-0.00025272475388888444,-0.0008637227172290069,0.4073319755600816,-0.00033677166501323527,-0.0009393086628990704,0.40169133192389006,-6.256025989392075e-05,-0.0006473060226057851,0.38983050847457623,6.886698298622009e-05,-0.0004258476047516234,0.32980972515856233
2023-08-09,-0.00042616669564334627,-0.0009882848219162587,0.3747454175152749,-0.00013138422654320348,-0.0007034181248482882,0.3813559322033898,0.00018348033595680727,-0.0003810016936415013,0.37632135306553904,-6.430441849271992e-05,-0.0006668414163785551,0.40169133192389006
2023-08-10,-0.00021498237472935026,-0.0007820555454610573,0.3780487804878047,0.00015452988853999986,-0.0003897739089283547,0.36286919831223635,0.00020822368408951724,-0.0003170927716066855,0.35021097046413513,-0.0007019073576380909,-0.0012739412559431757,0.3813559322033898
2023-08-11,0.0009321494835622182,0.0004138568006353888,0.3455284552845529,0.0009809290297030752,0.00048092902970307534,0.33333333333333326,0.0008739645140826251,0.0003676354001585744,0.33755274261603374,0.00019252677969368217,-0.0003517770177746724,0.36286919831223635
2023-08-14,0.0005257780397261921,-4.129513100551525e-05,0.3780487804878049,0.0007058087481113602,0.0001425176088708539,0.3755274261603375,0.000409948249901143,-0.00015334288933936333,0.3755274261603375,0.0014653397594590056,0.0009653397594590057,0.33333333333333326
2023-08-15,-0.0004681845663794442,-0.0010657455419892004,0.39837398373983746,-0.00018435732141551964,-0.000779294030276279,0.3966244725738396,9.382561942973544e-06,-0.0005855541469177859,0.39662447257383965,-0.00048026223575551794,-0.0010435533749960243,0.3755274261603375
2023-08-16,-2.096206676038305e-05,-0.000447791335053066,0.2845528455284553,-0.0001871016096360173,-0.0005976279254254909,0.27368421052631575,-5.770002656303036e-05,-0.000468226342352504,0.27368421052631575,2.460898254229467e-05,-0.0005703277263184647,0.3966244725738396
2023-08-17,0.0017187675071593852,0.001169987019354507,0.36585365853658536,0.0018477513562827515,0.0012982776720722252,0.3663157894736842,0.0023440482479094703,0.00178825877422526,0.3705263157894736,-0.0005817063480949326,-0.0009922326638844062,0.27368421052631575
2023-08-18,0.00038808851285242023,-0.0001595788299467685,0.3651115618661258,0.0006827061813882533,0.0001458640761250956,0.35789473684210515,0.0006302160692253592,8.705817448851727e-05,0.36210526315789465,0.0015665998159544881,0.0010171261317439618,0.3663157894736842
2023-08-21,-6.478561904641345e-05,-0.000588112191054527,0.3488843813387424,8.244775523254776e-05,-0.00043544698160955745,0.34526315789473677,0.0002899324146772844,-0.00022796232216482082,0.3452631578947368,0.0006689399073371901,0.00013209780207403237,0.35789473684210515
2023-08-22,-3.0186672163895045e-05,-0.0005413428587764712,0.3407707910750507,0.00026229757582397996,-0.0002492813715444411,0.3410526315789474,0.0005641989806335086,4.630424379140335e-05,0.3452631578947368,-0.0006947131291240593,-0.0012126078659661645,0.34526315789473677
2023-08-23,0.0008693104590370114,0.000364239465122204,0.3367139959432049,0.0009917975564509678,0.0004991659775035994,0.3284210526315789,0.0010944514395796467,0.0006071096674277482,0.3248945147679324,0.00046597811956329625,-4.560082780512482e-05,0.3410526315789474
2023-08-24,-0.0011236861677420885,-0.0016095161272562586,0.3238866396761133,-0.0006916541699679855,-0.0011726668281958337,0.32067510548523204,-0.0004097264893541989,-0.0008844100336579963,0.3164556962025316,0.0006834892448278358,0.00019085766588046742,0.3284210526315789
2023-08-25,-0.001517302028151219,-0.002094225105074296,0.38461538461538464,-0.0016132921898464672,-0.002182912443011024,0.379746835443038,-0.0014916637748656376,-0.0020612840280301945,0.37974683544303806,0.00036756070996733347,-0.00011345194826051458,0.32067510548523204
2023-08-28,-0.0008628794350184904,-0.0014094381394719317,0.3643724696356275,-8.940158396675106e-05,-0.000627376267511055,0.3586497890295359,0.0002929555646810477,-0.0002502023300557946,0.3621052631578948,-0.005337294594444014,-0.005906914847608571,0.379746835443038
2023-08-29,0.0014017392728694622,0.000812670446958531,0.3927125506072875,0.0009766585438348366,0.0003527089640029036,0.4159663865546219,0.0015435168702319577,0.000924569501810905,0.41263157894736846,0.0021367620041875812,0.0015987873206432773,0.3586497890295359
2023-08-30,0.0037500086561279835,0.0031062839597717083,0.4291497975708502,0.004315133681482147,0.003659671496608198,0.4369747899159664,0.004385207049271262,0.003734680733481788,0.4336842105263158,0.000811425128565392,0.00018747554873345905,0.4159663865546219
2023-08-31,0.0019404253050456025,0.0013756479771103798,0.3765182186234818,0.0021951996115349088,0.0016342752417870094,0.37394957983193283,0.002274807763254493,0.0017379656579913348,0.35789473684210527,0.0035755692192838053,0.002920107034409856,0.4369747899159664
2023-09-01,0.0003487170381388405,-0.0001553315448571109,0.3360323886639676,-0.00012759834958078883,-0.0006381025512614612,0.3403361344537815,0.0004783787079063483,-2.582297276592071e-05,0.33613445378151263,0.0010979739045265528,0.0005370495347786535,0.37394957983193283
2023-09-04,-0.002425692455915075,-0.0029783240348624433,0.368421052631579,-0.0026085470820757777,-0.003162006201572633,0.3689727463312369,-0.0018288138475780966,-0.002396040738334399,0.37815126050420167,-0.0011398759165017589,-0.0016503801181824312,0.3403361344537815
2023-09-05,0.0020665547769524754,0.0015017774490172528,0.3765182186234818,0.0023514766092061303,0.0017854388733570738,0.37735849056603765,0.0027512763947668923,0.002197817275270037,0.3689727463312368,-0.0017688987013338361,-0.0023223578208306913,0.3689727463312369
2023-09-06,0.0016962084367181975,0.0012043056027101003,0.32793522267206476,0.0019195817312382185,0.0014101477689740676,0.3396226415094339,0.0013664102008595714,0.0008506869304193198,0.3438155136268343,0.0019023318738415028,0.0013362941379924463,0.37735849056603765
2023-09-07,0.0024809599838285738,0.001958692777350841,0.3481781376518219,0.002329175845842177,0.0017882953426975228,0.360587002096436,0.0026120468011927994,0.002090034222576447,0.34800838574423476,0.001435540491996669,0.0009261065297325182,0.3396226415094339
2023-09-08,0.0015108547050688695,0.0010250247455546994,0.32388663967611336,0.001796524949216228,0.0012933802951281778,0.3354297693920335,0.0017929009498027684,0.001289756295714718,0.3354297693920335,0.0027225460231320754,0.0021816655199874213,0.360587002096436
2023-09-11,-0.00017027687228204566,-0.0007046898277476328,0.35627530364372473,-0.0003075818389995603,-0.0008484623421442144,0.360587002096436,6.302541878330445e-05,-0.0004738166864798535,0.35789473684210527,0.0012173642790262408,0.0007142196249381905,0.3354297693920335
2023-09-12,-0.0002715882534460489,-0.0007877825854298546,0.3441295546558704,-5.1550993976180585e-05,-0.0005683577166652562,0.3445378151260504,0.00015254655565511517,-0.00036534818118699004,0.3452631578947368,-0.0011353236863497086,-0.0016762041894943626,0.360587002096436
2023-09-13,0.000967057626187243,0.0004387175452155831,0.3522267206477733,0.0010863273463200783,0.000556915581614196,0.3529411764705882,0.0009548601305728564,0.000425448365866974,0.35294117647058826,0.00014072925943439782,-0.00037607746325467783,0.3445378151260504
2023-09-14,0.0013317649868055323,0.0008094977803277995,0.3481781376518219,0.0016112500740264359,0.0011007458723457635,0.3403361344537815,0.002068891857139067,0.0015583876554583946,0.3403361344537815,0.0009338859349677341,0.00040447417026185175,0.3529411764705882
2023-09-15,-0.0003817237078819508,-0.0008918451653718293,0.340080971659919,-9.327804239818156e-05,-0.0006037822440788539,0.3403361344537815,-6.397467407858273e-05,-0.0005744788757592551,0.3403361344537815,0.0004954767206844903,-1.5027480996182042e-05,0.3403361344537815
2023-09-18,0.0021767852077354257,0.0016302265032819845,0.3643724696356275,0.0014576937319197873,0.0009345844882223083,0.3487394957983193,0.0016074665857389384,0.0010769402699494649,0.3536842105263157,0.000659039923216964,0.00014853572153629164,0.3403361344537815
2023-09-19,0.0025718571106890763,0.0020374441552234892,0.35627530364372473,0.002941246147844266,0.0024107198320547927,0.3536842105263158,0.0030114315897210673,0.0024694147829983784,0.361344537815126,0.0008250336188901208,0.0003019243751926418,0.3487394957983193
2023-09-20,0.0016900371203104293,0.0011859885373144779,0.3360323886639676,0.0020517046600620585,0.001535981389621807,0.3438155136268343,0.0022594544099688776,0.0017489502082882052,0.3403361344537815,0.0018973350365002542,0.0013668087207107805,0.3536842105263158
2023-09-21,-1.5131149434014467e-05,-0.000567762728381383,0.368421052631579,-0.00022218097178709154,-0.0007819293994600474,0.3731656184486372,4.43359327593814e-05,-0.0005016891718431291,0.36401673640167365,0.002266274102247984,0.0017505508318077325,0.3438155136268343
2023-09-22,-0.0020111682523997754,-0.0024909253374200183,0.31983805668016196,-0.0024450239929745994,-0.002922011440673344,0.31799163179916323,-0.002080799203970099,-0.002551510501041229,0.3138075313807531,-0.000619709446873837,-0.0011794578745467927,0.3731656184486372
2023-09-25,-0.0008039626934394292,-0.0013201570254232349,0.3441295546558705,-0.0005917806060735673,-0.0011127011081656175,0.3472803347280335,-0.0005552012527314989,-0.0010709245231717503,0.3438155136268343,-0.00313264238015392,-0.003609629827852665,0.31799163179916323
2023-09-26,0.00019537339996204828,-0.000254019312588559,0.29959514170040485,0.0005454238942211127,6.743647283746507e-05,0.31865828092243176,0.0003105960277521927,-0.00016110208545535437,0.3144654088050314,-0.0005488104293190398,-0.00106973093141109,0.3472803347280335
2023-09-27,-0.00043925504127164273,-0.0010101052437007925,0.38056680161943324,-8.486652504184275e-05,-0.0006634828772431006,0.3857442348008386,0.00014651717527943905,-0.00042701223648526675,0.38235294117647056,0.0002482342554506953,-0.00022975316593295235,0.31865828092243176
2023-09-28,-0.0011170264764394089,-0.0016878766788685586,0.3805668016194332,-0.001112270959224733,-0.0016908873114259908,0.3857442348008385,-0.0008240019600010296,-0.0014038338927741389,0.3865546218487395,-0.0007134892427893644,-0.0012921055949906223,0.3857442348008386
2023-10-09,-0.001069433450495553,-0.0015917006569732858,0.3481781376518218,-0.0004722301275708425,-0.000989036850259918,0.3445378151260504,-0.0003279558349050093,-0.0008573675996108918,0.3529411764705883,-0.0017920353976377222,-0.00237065174983898,0.3857442348008385
2023-10-10,-0.0008549709708719393,-0.0014148086990666655,0.37322515212981744,-0.0005796019267561223,-0.0011405262965040212,0.3739495798319327,-0.0011418704891490565,-0.0016988325144655122,0.37130801687763726,-0.000524650704029927,-0.0010414574267190026,0.3445378151260504
2023-10-11,-0.001047612197035191,-0.0015770239617410734,0.35294117647058826,-0.0013419494008557642,-0.0019040546640136588,0.37473684210526315,-0.0008579161335755003,-0.0014200213967333949,0.37473684210526303,-0.0006226169192854606,-0.0011835412890333595,0.3739495798319327
2023-10-12,-0.0005137526172274316,-0.0010370791892355454,0.3488843813387425,-0.0003209135832603809,-0.0008451241095761703,0.3494736842105263,0.00017173242554462294,-0.00035137681815285604,0.3487394957983193,-0.002044422551155591,-0.0026065278143134855,0.37473684210526315
2023-10-13,-0.0007480777719716947,-0.0012714043439798085,0.3488843813387425,-0.0006346846393553039,-0.0011640964040611863,0.35294117647058826,-6.116478234103988e-05,-0.0005905765470469223,0.35294117647058826,0.0007805208137740521,0.00025631028745826264,0.3494736842105263
2023-10-16,0.0010953940784110454,0.0006390046260783882,0.3042596348884381,0.0014233593607633575,0.0009768184802602128,0.2976939203354297,0.0017139717044065148,0.0012664927128098762,0.29831932773109243,-0.0016049482124906502,-0.0021343599771965326,0.35294117647058826
2023-10-17,0.0006649971376326045,0.00011124460213564704,0.3691683569979716,0.0006580253471260592,0.00011085553580530462,0.3647798742138364,0.0009415490513817624,0.0003943792400610078,0.3647798742138364,0.00127339245344474,0.0008268515729415954,0.2976939203354297
2023-10-18,-0.001996764402047522,-0.002488667236055619,0.32793522267206476,-0.0015088453745917274,-0.0020172135754285476,0.3389121338912134,-0.001580274230129991,-0.002095997500570243,0.3438155136268344,0.00011213704390871694,-0.0004350327674120377,0.3647798742138364
2023-10-19,0.001765360097783602,0.001279530138269432,0.3238866396761133,0.0010192197570288754,0.0005171277068196702,0.33472803347280344,0.0012089518719291033,0.0007183858341932542,0.32704402515723274,-0.0008814876659710529,-0.001389855866807873,0.3389121338912134
2023-10-20,-0.0005950028237174856,-0.0010261769127863116,0.2874493927125506,-0.0006912412498009755,-0.001124295643106415,0.288702928870293,-0.0003344892630262504,-0.0007684515271771939,0.289308176100629,4.655572069221705e-05,-0.0004555363295169881,0.33472803347280344
2023-10-23,-9.916723160330321e-05,-0.0005424870696599834,0.29554655870445345,0.00030790915739912356,-0.00013769753716154592,0.29707112970711297,0.00044666158326492345,6.410010937879388e-06,0.29350104821802936,-0.0005959283238816011,-0.0010289827171870406,0.288702928870293
2023-10-24,0.0009294248687325146,0.00038286616427907335,0.36437246963562747,0.0006640243938991243,0.00011799928929661361,0.36401673640167376,0.0014648363276565414,0.0009113772081596862,0.3689727463312368,-0.001139459000664183,-0.0015850656952248524,0.29707112970711297
2023-10-25,0.0009271674103421661,0.000385585260240746,0.36105476673428005,0.000994126590072343,0.0004469567787515885,0.3647798742138364,0.0014999483302054334,0.0009631062249422757,0.35789473684210515,0.0008041251550815268,0.0002581000504790161,0.36401673640167376
2023-10-26,0.0022753134108819176,0.001689947557223381,0.3902439024390244,0.0024555155463371068,0.0018555155463371067,0.4,0.002364890603906995,0.001772453629117079,0.3949579831932773,0.0018513804402659176,0.001304210628945163,0.3647798742138364
2023-10-27,-0.0009143699297645396,-0.001505833344398686,0.3943089430894309,-0.0011295707526872995,-0.0017396336457690606,0.40670859538784065,-0.00032410511464299116,-0.0009417521734665207,0.41176470588235303,0.0023546122520811718,0.0017546122520811717,0.4
2023-10-30,-0.002657426899010393,-0.0032305976307177102,0.38211382113821135,-0.002933541042739683,-0.003487000162236538,0.3689727463312369,-0.0023291197476907784,-0.0029062867667182628,0.38477801268498946,-0.0023949841157210865,-0.0030050470088028476,0.40670859538784065
2023-10-31,0.0019425168156563812,0.0014181265717539424,0.3495934959349592,0.0021741819076676475,0.0016350698569276897,0.3594080338266385,0.002761261107999906,0.0022307347922104325,0.3536842105263158,-0.005215363674769505,-0.00576882279426636,0.3689727463312369
2023-11-01,0.003593557812387328,0.0031475292991490385,0.29735234215885964,0.0036907063364513978,0.003248601073293503,0.2947368421052632,0.003893790304286206,0.003451685041128311,0.29473684210526313,0.0028162635309398965,0.0022771514801999387,0.3594080338266385
2023-11-02,0.0023926838604709814,0.001983315225033099,0.27291242362525475,0.002472890661375798,0.0020632267958295794,0.273109243697479,0.0021734222373541844,0.0017574558507995625,0.2773109243697479,0.0032080575426893525,0.002765952279531458,0.2947368421052632
2023-11-03,-0.004200828779498789,-0.0046529672723704795,0.3014256619144603,-0.0045221837928325365,-0.00495614605698348,0.28930817610062887,-0.003968376597429317,-0.004403250547009149,0.2899159663865546,0.0021416802308951884,0.00173201636534897,0.273109243697479
2023-11-06,-0.006595270054292304,-0.0070412985675305925,0.2973523421588594,-0.006587908002402524,-0.00704073819108177,0.3018867924528301,-0.0059988300219838454,-0.006465216576605694,0.3109243697478991,-0.005590943097271886,-0.00602490536142283,0.28930817610062887
2023-11-07,-0.0021346177619265562,-0.0025989762140650493,0.30957230142566194,-0.0019311140497113959,-0.002391198083324841,0.3067226890756302,-0.0019193339788836036,-0.0023803866104625507,0.3073684210526315,-0.005648792782480658,-0.0061016229711599035,0.3018867924528301
2023-11-08,-0.0024308543820934572,-0.002858552956431543,0.285132382892057,-0.0021606648419401878,-0.002601841312528423,0.2941176470588235,-0.0014555021088082216,-0.0018723442140713795,0.2778947368421053,-0.002418146615097439,-0.0028782306487108843,0.3067226890756302
2023-11-09,0.0017591716494875466,0.0013070331566158561,0.30142566191446024,0.001729779257166963,0.0012759977445619209,0.3025210084033614,0.001745093810899839,0.0012787072562779904,0.31092436974789917,-0.002712362220011399,-0.0031535386905996343,0.2941176470588235
2023-11-10,0.002168941907206474,0.0017656832514019935,0.2688391038696537,0.0019912299120688082,0.0015941710885393964,0.2647058823529412,0.002268411377445485,0.00186505003290767,0.26890756302521013,0.00247492886471877,0.002021147352113728,0.3025210084033614
2023-11-13,-0.000609520293320882,-0.00104943882692577,0.29327902240325865,-0.0004524285994047042,-0.0008801015553795469,0.28511530398322843,0.00017918292765659906,-0.0002493885009148295,0.2857142857142857,0.0004986657468847135,0.00010160692335530174,0.2647058823529412
2023-11-14,-0.003192619910048866,-0.0036691983214541613,0.3177189409368635,-0.0031692992917732804,-0.0036409974049808275,0.3144654088050314,-0.0026676886136242015,-0.0031403776892544536,0.31512605042016806,5.326939371570142e-05,-0.00037440356225914125,0.28511530398322843
2023-11-15,-0.001436728554718208,-0.0018949770272232995,0.30549898167006106,-0.0012545101375354148,-0.001726208250742962,0.3144654088050314,-0.0007171897183056936,-0.0011898787939359457,0.31512605042016806,-0.0051343914821189145,-0.005606089595326462,0.3144654088050314
2023-11-16,0.0025754326543100028,0.0021232941614383123,0.3014256619144603,0.0026352010700229364,0.0021760815731675905,0.30607966457023056,0.0029944818521248327,0.0025353623552694868,0.30607966457023056,0.0010712743597910087,0.0005995762465834617,0.3144654088050314
2023-11-17,0.0017110358968067145,0.0012711173632018265,0.29327902240325865,0.0017384929724533161,0.0012919520919501715,0.2976939203354297,0.0017198809352495887,0.0012733400547464441,0.2976939203354297,0.0016490931854163575,0.0011899736885610116,0.30607966457023056
2023-11-20,-9.196970655665597e-05,-0.0005013383419945379,0.2729124236252546,0.00028514215567999185,-0.00014882010847095138,0.2893081761006288,0.0006138128407870026,0.00019154393322397734,0.2815126050420168,0.0006995231733395585,0.00025298229283641393,0.2976939203354297
2023-11-21,0.000975589582337801,0.0005975408018499965,0.25203252032520307,0.0011976486361899644,0.0008194973756857626,0.25210084033613445,0.0014197010658796123,0.0010352472843670071,0.2563025210084034,1.4406078803621408e-05,-0.0004195561853473218,0.2893081761006288
2023-11-22,0.004216142547482218,0.003746630352360267,0.3130081300813008,0.004335489707236156,0.003870080902204709,0.31027253668763094,0.005022117187153876,0.004551405890082747,0.3138075313807531,0.002037740580324514,0.001659589319820312,0.25210084033613445
2023-11-23,0.0009245483364524743,0.00048552394620857186,0.2926829268292683,0.0008870478660637365,0.0004423714568779325,0.2964509394572027,0.000643100314237019,0.0002037697703039644,0.292887029288703,0.0033140250742582705,0.002848616269226824,0.31027253668763094
2023-11-24,0.004151844236079935,0.003676234479982374,0.3170731707317074,0.0043612383538290615,0.0038852467045597506,0.31732776617954067,0.004230389569040463,0.003754397919771152,0.31732776617954084,0.0001665637507012492,-0.0002781126584845548,0.2964509394572027
2023-11-27,0.0005626218481813062,0.00011231758854641762,0.3002028397565924,0.0006201288134501642,0.00016387881345016428,0.3041666666666666,0.0010372116044376851,0.0005862721472351799,0.30062630480167013,0.004871167361996475,0.004395175712727164,0.31732776617954067
2023-11-28,0.0010562035573031953,0.000575473334179463,0.32048681541582147,0.0007505949800846873,0.0002630949800846874,0.3249999999999999,0.0008936526765533446,0.0004041129275993697,0.3263598326359832,-0.000227345062328787,-0.0006835950623287868,0.3041666666666666
2023-11-29,0.0010982885838992078,0.0006479843242643194,0.3002028397565923,0.0009701719508842573,0.000531758589715155,0.29227557411273486,0.001408633003670355,0.0009764826905179543,0.2881002087682672,0.00026007482977935016,-0.0002274251702206497,0.3249999999999999
2023-11-30,0.0004916674220458734,6.570393320206002e-05,0.2839756592292089,0.000507195029822439,8.844502982243915e-05,0.27916666666666656,0.0004317410607726198,5.8537956369204966e-06,0.28392484342379953,0.0010724832711170602,0.0006340699099479578,0.29227557411273486
2023-12-01,-0.0007890979259656252,-0.0012211466075072073,0.28803245436105473,-0.0007635690207152745,-0.0012010690207152745,0.2916666666666667,-0.0002970905966031608,-0.0007355039577722633,0.29227557411273497,6.815159944600132e-05,-0.00035059840055399853,0.27916666666666656
2023-12-04,-1.36617925658997e-05,-0.0005430735572717821,0.35294117647058826,0.00021094458719983278,-0.00032655541280016733,0.3583333333333334,0.0004697347763852574,-5.856711040719547e-05,0.35220125786163525,-0.0009777624146107304,-0.0014152624146107303,0.2916666666666667
2023-12-05,0.0022085103171009743,0.0016912689377906296,0.3448275862068966,0.0025073806722536937,0.00197278947728514,0.35639412997903563,0.0030751702374789483,0.002554249735386898,0.34728033472803355,0.00030323956152771394,-0.00023426043847228617,0.3583333333333334
2023-12-06,0.0015569482379307132,0.0010883884002025183,0.31237322515212984,0.0019276128763011172,0.001464147323065209,0.3089770354906055,0.0016292434867258235,0.0011657779334899154,0.3089770354906054,0.002412174213628389,0.0018775830186598353,0.35639412997903563
2023-12-07,0.001293503608942219,0.0008371141566095618,0.3042596348884381,0.0013413775901417366,0.0008841750849225299,0.3048016701461378,0.0016274758328859616,0.0011765363756834563,0.30062630480167013,0.0025216815657040743,0.002058216012468166,0.3089770354906055
2023-12-08,-0.0026708601483916936,-0.003121164408026582,0.3002028397565923,-0.0030566371416283593,-0.003513839646847566,0.30480167014613774,-0.002786573590237186,-0.0032510087366807005,0.30962343096234307,0.0010697388816960109,0.0006125363764768042,0.3048016701461378
2023-12-11,0.0003809335074704875,-0.0001656251969829538,0.3643724696356275,0.00018310498484915005,-0.00036804324062057845,0.36743215031315235,0.0003552953599461166,-0.00018958981750691057,0.36325678496868474,-0.0028940178869966606,-0.0033512203922158672,0.30480167014613774
2023-12-12,0.001369230130957493,0.0009198374184068857,0.29959514170040485,0.0011703140441460752,0.0007515640441460754,0.27916666666666656,0.0015508516659442206,0.0011437535448586256,0.2713987473903966,-0.0010909695975797051,-0.0016421178230494335,0.36743215031315235
2023-12-13,0.00216322207322532,0.0016288091177597331,0.3562753036437246,0.002588467095068623,0.0020384670950686226,0.3666666666666666,0.0023380330222473157,0.0017868847967775874,0.36743215031315235,0.0014025720847209494,0.0009838220847209495,0.27916666666666656
2023-12-14,0.0017427571291269127,0.0012751457930945242,0.31174089068825905,0.0020852797399159755,0.0015915297399159757,0.32916666666666655,0.0020590245216393034,0.0015579806803031864,0.33402922755741127,0.0019506058488498665,0.0014006058488498666,0.3666666666666666
2023-12-15,0.0017666416699934464,0.0012808117104792763,0.32388663967611336,0.0016165782405711342,0.0011290782405711344,0.32499999999999996,0.00195314577972925,0.0014646280344265358,0.325678496868476,0.0022524745568126485,0.0017587245568126486,0.32916666666666655
2023-12-18,8.018109358124553e-05,-0.00047245048536612285,0.3684210526315789,0.00039780700998323995,-0.00012828902341968282,0.3507306889352818,0.000986332050939306,0.00045397296951968195,0.3549060542797494,0.00157408925373479,0.0010865892537347901,0.32499999999999996
2023-12-19,-0.001121220249528549,-0.0016688875923277376,0.36511156186612576,-0.0011646444782693892,-0.001690740511672312,0.3507306889352818,-0.0007392119469805465,-0.0012653079803834693,0.3507306889352818,0.00012308036480880927,-0.0004030156685941135,0.3507306889352818
2023-12-20,0.0018650489947065422,0.0013782335788850412,0.32454361054766734,0.002178878008365307,0.001659045022979086,0.34655532359081415,0.002284992469202324,0.0017588964357994014,0.3507306889352818,-0.0020442257056678013,-0.0025703217390707243,0.3507306889352818
2023-12-21,-0.00039759328234070974,-0.0008834232418548797,0.3238866396761133,-0.0005604738600082735,-0.0010542238600082733,0.32916666666666655,9.935807605880587e-06,-0.0004723188896801319,0.32150313152400833,0.003236629646072688,0.002716796660686467,0.34655532359081415
2023-12-22,0.0033876464093626907,0.0028896707008606664,0.3319838056680162,0.00358843269080948,0.0031009326908094798,0.32500000000000007,0.0033192086558224854,0.0028306909105197714,0.32567849686847594,-0.0019290936334454695,-0.0024228436334454693,0.32916666666666655
2023-12-25,-0.0005788371323461857,-0.0011011043388239185,0.3481781376518218,-0.0005085220996686526,-0.0010022720996686525,0.3291666666666666,-0.0007281251433775347,-0.001235432032730353,0.3382045929018789,0.00398749671385377,0.0034999967138537695,0.32500000000000007
2023-12-26,0.0017612027877046878,0.001190352585275538,0.3805668016194332,0.001957971081565422,0.0014005598080789922,0.37160751565762007,0.002404928189699536,0.001860043012246509,0.36325678496868474,-0.0009321133470171746,-0.0014258633470171744,0.3291666666666666
2023-12-27,-2.295073371959104e-05,-0.0005634365636791053,0.3603238866396761,-0.00039734695769587207,-0.000966096957695872,0.3791666666666666,-0.00036069559435142513,-0.0009356955943514251,0.3833333333333333,0.0016505199585695705,0.0010931086850831406,0.37160751565762007
2023-12-28,-6.5449090510191765e-06,-0.0005338176363237464,0.3515151515151515,2.5238976148554693e-05,-0.0005310110238514453,0.37083333333333335,0.0007445488659896145,0.0001882988659896146,0.37083333333333324,-0.0003461296652115019,-0.0009148796652115018,0.3791666666666666
2023-12-29,-0.003013577314805515,-0.0036438803451085454,0.42020202020202024,-0.0030717620055933387,-0.0036967620055933384,0.41666666666666663,-0.002572958838574368,-0.0031992636402445145,0.4175365344467641,0.0006060931923722104,4.984319237221044e-05,0.37083333333333335
2024-01-02,0.0009231712768513628,0.0003826854468918486,0.36032388663967607,0.000960062496127518,0.00039638817462438647,0.3757828810020877,0.0014604228925171243,0.0008967485710139928,0.3757828810020877,-0.0037522680946483027,-0.004377268094648302,0.41666666666666663
2024-01-03,0.00021614104928026866,-0.00034978187161222637,0.3772819472616633,0.0004658446196099163,-9.782970189321522e-05,0.3757828810020877,0.0007466471013584438,0.00017789710135844398,0.37916666666666654,0.0004444179515914013,-0.00011925636991173025,0.3757828810020877
2024-01-04,0.0018066568710081098,0.0012894154916977649,0.3448275862068966,0.0014884279992824316,0.0009696779992824318,0.3458333333333332,0.002020078135614549,0.001507578135614549,0.3416666666666667,0.00016877903443858868,-0.00039489528706454285,0.3757828810020877
2024-01-05,0.002958296974386092,0.002410629631586903,0.36511156186612576,0.0032113269211393215,0.0026300769211393214,0.3875,0.003179657872486072,0.002599616292444492,0.3866943866943866,0.0003609286128383412,-0.00015782138716165857,0.3458333333333332
2024-01-08,-0.0018433265790620233,-0.0022927192916126307,0.2995951417004048,-0.0017051607190678754,-0.0021719656983209875,0.3112033195020747,-0.00126118156145957,-0.0017102460105240188,0.2993762993762993,0.003641860565233593,0.0030606105652335926,0.3875
2024-01-09,-0.0010431377767285352,-0.001571477857700195,0.3522267206477733,-0.0009226401643238156,-0.0014579098738673841,0.3568464730290457,-0.00041137241787871006,-0.0009488724178787102,0.3583333333333334,-0.002306881219094708,-0.00277368619834782,0.3112033195020747
2024-01-10,0.0023168103023088237,0.0018917090877339248,0.2834008097165992,0.002129084150973487,0.0016862567081460443,0.2952182952182951,0.0026129839944381023,0.0021754839944381024,0.2916666666666667,-2.9793103954703533e-05,-0.0005650628134982721,0.3568464730290457
2024-01-11,-0.002241043247428156,-0.002720800332448399,0.3198380566801619,-0.002492349358060267,-0.002948599358060267,0.3041666666666667,-0.0015899786528029147,-0.002046228652802915,0.3041666666666666,0.0011748882329057362,0.0007320607900782935,0.2952182952182951
2024-01-12,0.002247395151108459,0.0017797838150760705,0.31174089068825905,0.002482899150983051,0.002007899150983051,0.31666666666666654,0.002675685303453121,0.002201672829440647,0.3160083160083159,-0.0023477543963636126,-0.0028040043963636126,0.3041666666666667
2024-01-15,8.61471000956804e-05,-0.00038241273763251437,0.31237322515212984,3.1338672610722006e-06,-0.00048234331116216416,0.3236514522821576,0.00025985657296302136,-0.00022039290728645877,0.3201663201663201,0.002977332796787439,0.0025023327967874393,0.31666666666666654
2024-01-16,-0.00023168952308345175,-0.0007002493608116465,0.31237322515212984,-1.8019195412273363e-05,-0.0005097204402255515,0.32780082987551873,0.0003475067561455915,-0.00013897973034089487,0.32432432432432423,-0.001098465983201374,-0.0015839431616246104,0.3236514522821576
2024-01-17,0.001882348574713734,0.0014390287366570537,0.2955465587044534,0.0023145698443564656,0.0018726611306635194,0.29460580912863077,0.002582813536278747,0.002139986093451304,0.29521829521829523,-0.00012255063884292206,-0.0006142518836562002,0.32780082987551873
2024-01-18,-0.004746220234861494,-0.005213831570893882,0.3117408906882591,-0.004591245635591449,-0.00505182654845452,0.30705394190871377,-0.004164106244654298,-0.004625644706192759,0.30769230769230765,0.0026431624143473838,0.0022012537006544375,0.29460580912863077
2024-01-19,0.0029483053762704887,0.0025171312872016628,0.2874493927125506,0.0028760455277615643,0.00245192910364514,0.28274428274428276,0.0031464957846495736,0.002715245784649574,0.2874999999999999,-0.005489924121251654,-0.005950505034114725,0.30705394190871377
2024-01-22,0.002263654780324538,0.001881063687207129,0.2550607287449393,0.002695302203360464,0.0023148448229030837,0.25363825363825354,0.0020916534340874593,0.0017096075050686702,0.2546972860125261,0.002880728683947946,0.0024566122598315217,0.28274428274428276
2024-01-23,0.0038881268195598627,0.003481244228466745,0.27125506072874495,0.003792231977708755,0.003367231977708755,0.2833333333333333,0.004134821986546228,0.0037268721957512485,0.27196652719665276,0.0029426336662585,0.0025621762858011195,0.25363825363825354
2024-01-24,0.00042687037521087906,6.992079064834368e-06,0.2799188640973631,0.00048599633517652785,5.921809249870362e-05,0.2845188284518828,0.0012878363756390343,0.0008673342835888249,0.2803347280334729,0.0028429844535900386,0.0024179844535900386,0.2833333333333333
2024-01-25,-0.00012372609704734,-0.0005436043931933848,0.2799188640973632,0.00015854953938147787,-0.00026195255266873155,0.2803347280334729,0.0004609789961233582,2.072742379631413e-05,0.29350104821802936,0.0008958797918549796,0.0004691015491771554,0.2845188284518828
2024-01-26,-0.0002585987029976233,-0.0006732328493390868,0.2764227642276423,2.374396135888454e-05,-0.00042908622732036063,0.3018867924528301,0.0007632924593854677,0.00031675157888232303,0.29769392033542974,0.00015899027666251703,-0.0002615118153876924,0.2803347280334729
2024-01-29,0.009703293715629661,0.00922158639855649,0.3211382113821136,0.010074928736580772,0.009584362698844924,0.32704402515723263,0.009664538077961419,0.00918026134840167,0.3228511530398322,0.0009955912175686364,0.0005427610288893912,0.3018867924528301
2024-01-30,0.003755228683805876,0.0032542103538669757,0.3340122199592668,0.00369949939254895,0.0031837761221086987,0.34381551362683427,0.0029864824125830393,0.0024696756898939637,0.3445378151260504,0.00903849352997143,0.00854792749223558,0.32704402515723263
2024-01-31,0.0061356513061128146,0.005556383013429888,0.3861788617886177,0.006405905616073605,0.005814710647520146,0.3941299790356393,0.006274538522348105,0.005669496505541383,0.40336134453781514,0.0036610747198545963,0.003145351449414345,0.34381551362683427
2024-02-01,0.0019511165556638614,0.0014328238727370321,0.34552845528455284,0.00166528763991018,0.0011306964449416266,0.35639412997903563,0.002792695428937982,0.0022821912272573096,0.3403361344537815,0.006746193252349042,0.006154998283795583,0.3941299790356393
2024-02-02,0.0037444401620891077,0.0033036238355584955,0.29387755102040813,0.004186829483819876,0.003720442929198027,0.3109243697478992,0.004352317982260309,0.0039048389906636703,0.2983193277310925,0.0005230175804472994,-1.157361452125416e-05,0.35639412997903563
2024-02-05,0.017115599882401106,0.016673882090990064,0.29447852760736204,0.018187774574945734,0.017740295583349094,0.2983193277310925,0.016679024542240274,0.01574428770013501,0.6231578947368421,0.005752622725506806,0.005286236170884958,0.3109243697478992
2024-02-06,0.02386819749346857,0.023138136143775318,0.48670756646216773,0.011911402311529755,0.010812454943108701,0.7326315789473685,0.023639978056985,0.022554451741195525,0.7236842105263158,0.02628295075940855,0.02583547176781191,0.2983193277310925
2024-02-07,0.01789585622232739,0.017383510543315044,0.34156378600823045,0.018954552778449183,0.017932718717313813,0.6812227074235808,0.016024279594854276,0.01543217433169638,0.39473684210526316,0.007853307551364583,0.00675436018294353,0.7326315789473685
2024-02-08,-0.006133079888542073,-0.006676289765085283,0.3621399176954732,-0.006530926499354439,-0.007140096805031295,0.4061135371179039,-0.003529098203528279,-0.004178651774956851,0.4330357142857142,0.018815590335110426,0.017793756273975055,0.6812227074235808
2024-02-19,-0.013582693119644568,-0.01417032198562395,0.3917525773195877,-0.013870637157689991,-0.014620637157689992,0.5,-0.01198545186012695,-0.012679775004231753,0.46288209606986896,-0.0077987593393472054,-0.008407929645024062,0.4061135371179039
2024-02-20,-0.003986137816509402,-0.004487168744344453,0.33402061855670107,-0.003988795571546296,-0.0046176165322449865,0.41921397379912667,-0.003895631809560946,-0.004438185001050308,0.36170212765957444,-0.015275352844679096,-0.016025352844679097,0.5
2024-02-21,-0.0049488892126876485,-0.00543336126237709,0.3229813664596274,-0.00577868386232999,-0.006307346282712156,0.3524416135881103,-0.005382858709453054,-0.005874348071155182,0.32765957446808514,-0.0033431978380325895,-0.00397201879873128,0.41921397379912667
2024-02-22,-0.006772742877089682,-0.007313115547897136,0.3602484472049689,-0.006872359387642309,-0.007432868941782436,0.37367303609341834,-0.00581806635902361,-0.006378575913163737,0.3736730360934183,-0.007036604166715157,-0.007565266587097323,0.3524416135881103
2024-02-23,-0.006700413158204372,-0.007111201539947111,0.27385892116182575,-0.006196615436710809,-0.006616106962134538,0.2796610169491526,-0.0054640841038745,-0.005884466269479596,0.2802547770700638,-0.008107141572669067,-0.008667651126809194,0.37367303609341834
2024-02-26,-0.002426257456579038,-0.0028121495727616106,0.2572614107883817,-0.0023623164731253355,-0.002756384269735505,0.2627118644067796,-0.0020857125645581277,-0.002483148461994025,0.26495726495726496,-0.006536876692370228,-0.006956368217793957,0.2796610169491526
2024-02-27,-0.003030847659776577,-0.0035038767054197304,0.31535269709543573,-0.002725984750502383,-0.0032121254754490782,0.3240938166311302,-0.0022880659341067665,-0.00278165567769651,0.32905982905982906,-0.0020469123326107607,-0.00244098012922093,0.2627118644067796
2024-02-28,0.008767018881471113,0.00827429538874762,0.3284823284823285,0.009877498214233518,0.009371087957823262,0.33760683760683763,0.007387876377683296,0.00679172253152945,0.39743589743589736,-0.00357090806185454,-0.004057048786801235,0.3240938166311302
2024-02-29,-0.0005671385968802276,-0.0009475959773376081,0.25363825363825365,-0.0007030024930242476,-0.0011517204417421962,0.2991452991452991,-0.0009040207259288571,-0.0013675400392335782,0.30901287553648066,0.012688924414385627,0.01218251415797537,0.33760683760683763
2024-03-01,2.3793664829558844e-05,-0.00046892982789393395,0.3284823284823285,0.00030795650974727723,-0.0002650048636432807,0.3819742489270386,0.0010126866714019276,0.0005265459464552326,0.32409381663113007,-0.0030978391344754427,-0.0035465570831933915,0.2991452991452991
2024-03-04,-0.002672565310090201,-0.0031839998215247123,0.34095634095634086,-0.0022112936638488474,-0.0027666128127850176,0.3702127659574468,-0.0013384035830981682,-0.0018821136044201302,0.36247334754797456,-0.0005569706660228449,-0.0011299320394134028,0.3819742489270386
2024-03-05,0.0018828031563436314,0.0014087906823311575,0.3160083160083159,0.0015409693856225579,0.001068628960090643,0.3148936170212766,0.0021457698304099063,0.0016680628240404794,0.31847133757961793,-0.0014847881810196722,-0.0020401073299558424,0.3702127659574468
2024-03-06,0.00038787687655088277,-4.871356003955388e-05,0.2910602910602911,0.0001208740828709514,-0.0002922615103493877,0.27542372881355937,0.0013563678836406318,0.0009423551447871284,0.27600849256900223,0.0014442534829922273,0.0009719130574603124,0.3148936170212766
2024-03-07,0.0012105491761211576,0.0007178256833976648,0.3284823284823285,0.0015069771919263468,0.0009985026156551604,0.3389830508474576,0.0020629753630714495,0.0015459540864757046,0.34468085106382984,-0.0012203110696398338,-0.0016334466628601728,0.27542372881355937
2024-03-08,-0.0008552263038287562,-0.001354186802789255,0.33264033264033266,-0.0009126687933500525,-0.0013967452264710715,0.3227176220806794,-0.00023009598320854717,-0.0007152023661872707,0.32340425531914896,0.0010853089183391618,0.0005768343420679753,0.3389830508474576
2024-03-11,-0.0037250329409210595,-0.004149149365037483,0.28274428274428276,-0.0037025288888604783,-0.004122911054465574,0.28025477707006374,-0.0033496043786678704,-0.003790029910582764,0.29361702127659584,-0.001160637033270519,-0.0016447134663915381,0.3227176220806794
2024-03-12,-0.004661226353190394,-0.005191371883335924,0.35343035343035345,-0.004682547809537769,-0.005243057363677897,0.37367303609341823,-0.004236348428241956,-0.0047876304795240075,0.36752136752136755,-0.004213020276162438,-0.004633402441767534,0.28025477707006374
2024-03-13,0.0004696703102513586,-0.00023074291288913736,0.46694214876033063,0.0005407299527209258,-0.0001486317494067338,0.4595744680851064,0.0008159731265841648,0.00012807503741219016,0.45859872611464975,-0.004021999937713085,-0.004582509491853213,0.37367303609341823
2024-03-14,-0.00048425229083088033,-0.0009367316296738555,0.30165289256198347,-0.00041942115391491435,-0.0008589115997747871,0.29299363057324845,-0.0001560185235599922,-0.0005882219133905007,0.288135593220339,-0.0003464531450716828,-0.0010358148471993423,0.4595744680851064
2024-03-15,-0.0009078873417805271,-0.0014645883727083622,0.3711340206185567,-0.0008339149745430121,-0.0013857120147121452,0.36786469344608874,-0.00015151922949363517,-0.0006917734667817708,0.36016949152542377,0.0008957915222621744,0.00045630107640230174,0.29299363057324845
2024-03-18,-0.0016256506462386314,-0.0023246197184035797,0.46597938144329903,-0.0015258877331931452,-0.0022235621517977962,0.4651162790697674,-0.0011345073852483435,-0.0018366350448228118,0.46808510638297873,-0.002484828583122191,-0.003036625623291324,0.36786469344608874
2024-03-19,0.0012604854186798115,0.0006678928260872189,0.3950617283950617,0.001414771040480046,0.0008033060723271797,0.40764331210191085,0.0016854155662646558,0.0010561782781290626,0.4194915254237288,-0.0014997917640386452,-0.0021974661826432962,0.4651162790697674
2024-03-20,-0.001787771193145415,-0.0023668266346238546,0.38603696098562634,-0.0013985955251464444,-0.001980874006159103,0.38818565400843885,-0.0012737827498482002,-0.0018585285125600646,0.38983050847457623,0.0011639744910055994,0.0005525095228527331,0.40764331210191085
2024-03-21,-0.0006032475764617867,-0.0012623851534638401,0.4394250513347023,-8.092719990722744e-05,-0.0007454841619325439,0.44303797468354433,5.7998378413820105e-05,-0.0005966626385353323,0.43644067796610164,-0.002307321132823942,-0.0028895996138366005,0.38818565400843885
2024-03-22,0.0016515803443677892,0.0011464468741419166,0.33675564681724846,0.0017800253255554222,0.001278968243102991,0.3340380549682875,0.0021298999354971825,0.0016404931558361654,0.326271186440678,0.00025416951291317835,-0.0004103874491121381,0.44303797468354433
2024-03-25,0.004542744581447142,0.003963689139968703,0.38603696098562623,0.004469974495094661,0.0038750377862339018,0.39662447257383976,0.004806107456695238,0.004217499861758529,0.39240506329113933,0.002396810613682262,0.001895753531229831,0.3340380549682875
2024-03-26,0.0002528446283836767,-0.00039264717489501176,0.430327868852459,0.00026267218994059064,-0.0003815383363751988,0.4294736842105263,0.000929528643294496,0.0002713007951932301,0.43881856540084396,0.0037393558136014464,0.003144419104740687,0.39662447257383976
2024-03-27,0.0006368200775171834,6.013296095276621e-05,0.38445807770961143,0.0004367495127530277,-0.00014430311882591962,0.38736842105263153,0.0010912019556095567,0.0005076924418674848,0.38900634249471466,-0.0009513738226579085,-0.001595584348973698,0.4294736842105263
2024-03-28,-0.002742879563004775,-0.0031661924464403577,0.28220858895705525,-0.0027518161638385545,-0.003169537682825896,0.2784810126582278,-0.0021417003640838567,-0.0025539625205320596,0.2748414376321353,0.0006510454640897487,6.999283251080135e-05,0.38736842105263153
2024-03-29,0.002994041126882155,0.002466433764918965,0.35173824130879344,0.003443837916981383,0.0029058632334370794,0.3586497890295358,0.0034577597122105053,0.002905962672041372,0.36786469344608885,-0.002690031390444967,-0.0031077529094323086,0.2784810126582278
2024-04-01,-0.0030038812858326804,-0.0035192187091455636,0.34355828220858897,-0.002864067509998347,-0.0033957130796186,0.35443037974683544,-0.0026339357541112426,-0.0031730478048512005,0.35940803382663844,0.0031268448643013216,0.002588870180757018,0.3586497890295358
2024-04-02,0.0018364403336198279,0.0012658881863805641,0.38036809815950917,0.002014995060090738,0.0014453748069261807,0.37974683544303806,0.0022795874395782835,0.0017151054099799749,0.3763213530655391,-0.0033624681582642493,-0.0038941137278845025,0.35443037974683544
2024-04-03,0.002009235052076147,0.0015420219373220487,0.3114754098360656,0.002032181338381853,0.0015574977940780554,0.3164556962025318,0.002805861092042219,0.002349201472591902,0.3044397463002114,0.002200984211391828,0.001631363958227271,0.37974683544303806
2024-04-08,0.004694378758953212,0.004122657447477802,0.3811475409836066,0.0048088333635006725,0.0042467281003427775,0.3747368421052631,0.004602512751266122,0.004025345732238637,0.3847780126849894,0.0029370081659520486,0.0024623246216482508,0.3164556962025318
2024-04-09,-0.0009838967618047752,-0.0015310279093457588,0.36475409836065575,-0.0015628959180324174,-0.0020997380232955754,0.3578947368421054,-0.001120195854798351,-0.0016529654108237211,0.35517970401691334,0.0037414469063892057,0.003179341643231311,0.3747368421052631
2024-04-10,0.003030968378875381,0.0024408044444491515,0.39344262295081966,0.0032602624399977707,0.0026577254421119357,0.4016913319238901,0.0033576071184657635,0.0027576071184657637,0.4,-0.0016629046958379547,-0.0021997468011011128,0.3578947368421054
2024-04-11,0.0032030267116048227,0.0026815543189667858,0.3476482617586912,0.00336738477647546,0.0028379730117695776,0.3529411764705883,0.0024693424818094303,0.0019388161660199568,0.3536842105263157,0.004197921262404893,0.003595384264519058,0.4016913319238901
2024-04-12,0.003108776642200748,0.0025136846176608708,0.3967280163599182,0.0031472123886933136,0.0025232628088613807,0.4159663865546218,0.0037884068738318058,0.0031934701649710463,0.3966244725738396,0.001490164111526417,0.0009607523468205345,0.3529411764705883
2024-04-15,0.00888132074381217,0.008415063075100513,0.310838445807771,0.009602738819424545,0.00912905460889823,0.3157894736842105,0.008189497595284916,0.007651522911740612,0.3586497890295358,0.004345532461056453,0.0037215828812245198,0.4159663865546218
2024-04-16,0.01044727992887165,0.009981022260159993,0.310838445807771,0.010734506052518147,0.010216611315676041,0.3452631578947368,0.010574568782289288,0.009929831940184024,0.4298245614035088,0.008965372835125746,0.00849168862459943,0.3157894736842105
2024-04-17,-0.007243243636143752,-0.007860527586761036,0.41152263374485587,-0.007677155075776078,-0.008438643040765137,0.5076586433260393,-0.006560910078907842,-0.0073175472470494345,0.5044247787610618,0.008307645820861388,0.007789751084019283,0.3452631578947368
2024-04-18,0.0023542860260253244,0.0017542860260253246,0.3999999999999999,0.0032572342841818503,0.002482399847095758,0.5165562913907285,0.0031613385682081065,0.002513902670772209,0.43162393162393153,-0.005728469744794483,-0.006489957709783542,0.5076586433260393
2024-04-19,0.0018054360015425392,0.0012741860015425392,0.35416666666666663,0.0023547103776363106,0.0017790174138836452,0.3837953091684435,0.003067868796072035,0.002535817514020753,0.35470085470085466,0.0024723150151589974,0.0016974805780729048,0.5165562913907285
2024-04-22,0.0008081406839834521,0.0002643906839834521,0.36249999999999993,0.001440787763815777,0.000903474330979956,0.3582089552238806,0.001365887441750739,0.0007953746212379185,0.3803418803418803,0.002331916463713199,0.0017562234999605338,0.3837953091684435
2024-04-23,-0.00475504358149787,-0.005256087422833987,0.3340292275574112,-0.004893107469291759,-0.0053984379596968765,0.3368869936034116,-0.004872045899071952,-0.005384866411892465,0.3418803418803419,0.00202638361866022,0.0014890701858243992,0.3582089552238806
2024-04-24,-0.0011883047151536943,-0.0017457159886401243,0.37160751565762,-0.0013409863811290508,-0.0019102827563955754,0.37953091684434975,-0.0012019451958816887,-0.0017660477599842528,0.37606837606837606,-0.005339993164105378,-0.005845323654510496,0.3368869936034116
2024-04-25,0.002129466004956882,0.0015470025394036463,0.3883089770354906,0.0028233969681364882,0.00222211765043926,0.40085287846481876,0.002644367213234569,0.0020366913070511998,0.4051172707889127,-0.0005973658369624896,-0.0011666622122290143,0.37953091684434975
2024-04-26,-0.003510955170226539,-0.004049577299662864,0.3590814196242171,-0.003908387130521123,-0.004445700563356944,0.35820895522388063,-0.0038194860256538683,-0.00436319604697583,0.36247334754797444,0.001814448501116085,0.001213169183418857,0.40085287846481876
2024-04-29,0.0008046026852101436,0.0003025106350009385,0.33472803347280333,0.0006043337504918443,7.34169061421641e-05,0.3539445628997868,0.000923826860146304,0.000370178791476776,0.36909871244635195,-0.004005603266845086,-0.004542916699680907,0.35820895522388063
2024-04-30,0.001666198613324653,0.001057412002445992,0.40585774058577406,0.0028207577918444656,0.0022349208819732206,0.3905579399141631,0.0026306518458384474,0.0020527297679163695,0.3852813852813853,0.00015062754659879093,-0.0003802892977508893,0.3539445628997868
2024-05-06,-0.0006304877628301106,-0.0012040171745948166,0.3823529411764707,-0.00022176452964868185,-0.0008049178773808632,0.3887688984881209,-4.805465489209418e-05,-0.0006194832263206655,0.38095238095238093,0.0018522582361864054,0.0012664213263151607,0.3905579399141631
2024-05-07,-0.0015174114849583727,-0.0021516609564171466,0.42283298097251587,-0.0010969284387050702,-0.001751356084493407,0.43628509719222464,-0.0008127586175383913,-0.0014671862633267281,0.4362850971922246,-0.0003194976326023613,-0.0009026509803345427,0.3887688984881209
2024-05-08,-0.0004909567456851168,-0.0010046988175667236,0.34249471458773784,-0.00016302864266469833,-0.0006996665736991811,0.3577586206896552,6.154546271331697e-05,-0.00046862695107978663,0.35344827586206906,-0.0005092953598854399,-0.0011637230056737767,0.43628509719222464
2024-05-09,-0.0007209074530587951,-0.001260019503798753,0.3594080338266385,-0.00039586214911724316,-0.0009325000801517259,0.3577586206896552,0.00042530111667948324,-0.00011133681435499963,0.35775862068965525,-0.001053294962073452,-0.0015899328931079347,0.3577586206896552
2024-05-10,-0.0012620262108265484,-0.0018518782192832079,0.39323467230443976,-0.0005525561909149046,-0.0011538492943631803,0.4008620689655172,-0.0002887609397731663,-0.0009029850777042009,0.4094827586206897,-0.00037053133846678965,-0.0009071692695012724,0.3577586206896552
2024-05-13,-0.0005428675469156714,-0.0010998295722321272,0.3713080168776372,-0.00028512242829313236,-0.0008593159766802291,0.3827956989247312,0.00016967989495050156,-0.0003992856222908778,0.3793103448275862,0.00035862288745018914,-0.00024267021599808666,0.4008620689655172
2024-05-14,-0.00021575969905014702,-0.0007474052686704002,0.35443037974683544,-0.00032038413875721053,-0.0008494163968217266,0.35268817204301073,-8.584087595789845e-06,-0.0005516875358716519,0.3620689655172413,-0.0010152755150912157,-0.0015894690634783125,0.3827956989247312
2024-05-15,0.0013177312546540938,0.0006974780900971317,0.4135021097046414,0.0007345216580621405,8.936036773955997e-05,0.4301075268817204,0.0006802114512282579,2.8598548002451373e-05,0.43440860215053767,-0.0008221618702426783,-0.0013511941283071943,0.35268817204301073
2024-05-16,-0.0011408677381358348,-0.0017231462191484932,0.38818565400843896,-0.0009906015976463428,-0.0015764385075175875,0.3905579399141631,-0.000864860986395067,-0.0014519577605886153,0.3913978494623656,0.0007045383269359169,5.9377036613336384e-05,0.4301075268817204
2024-05-17,0.0003213260192574882,-0.0002913055596898801,0.4084210526315789,0.0005645628474494069,-4.058736714286778e-05,0.4034334763948498,0.0013418353715509528,0.0007418353715509527,0.4,-0.0015900820494748904,-0.0021759189593461353,0.3905579399141631
2024-05-20,-0.001295379081994446,-0.0018866653890483882,0.3941908713692946,-0.0010611490716856357,-0.0016240488584660195,0.3752665245202559,-0.0008338601411272662,-0.0014071085487705785,0.3821656050955415,9.709595534242339e-05,-0.0005080542592498513,0.4034334763948498
2024-05-21,-0.001052341151667609,-0.0016237697230961803,0.38095238095238093,-0.0013671313681500683,-0.0019645889952687122,0.39830508474576265,-0.0009971957604958982,-0.0015858033554326072,0.3924050632911392,-0.0012038337829603338,-0.0017667335697407176,0.3752665245202559
2024-05-22,-0.002632512799352297,-0.0030672954080479494,0.2898550724637681,-0.002556706382903261,-0.0030051274355348398,0.29894736842105263,-0.0022382934740954007,-0.0026813314487789453,0.29535864978902965,-0.002213889217653125,-0.0028113468447717688,0.39830508474576265
2024-05-23,0.00021779705187345566,-0.0002718723696141477,0.32644628099173556,0.0005312912791533772,5.129127915337725e-05,0.31999999999999995,0.0005391689796589404,5.9168979658940247e-05,0.32000000000000006,-0.0017471541370179867,-0.0021955751896495655,0.29894736842105263
2024-05-24,0.0012870821859519554,0.000797412764464352,0.32644628099173556,0.0009756006526184594,0.0004892848631447751,0.32421052631578945,0.001462634501056959,0.0009763187115832748,0.3242105263157894,0.00017986775467656105,-0.0003001322453234389,0.31999999999999995
2024-05-27,0.0007059581106483815,0.00021111274982363922,0.3298969072164949,0.0006784967357581556,0.0002048125252318398,0.3157894736842105,0.0009215196837823875,0.0004468361394785898,0.3164556962025318,0.00016683579512203912,-0.0003194799943516451,0.32421052631578945
2024-05-28,0.0024359531916798302,0.0018606954597210673,0.3835051546391753,0.0020573357925729036,0.0014889147399413246,0.3789473684210526,0.0025809951873778172,0.002012574134746238,0.3789473684210527,0.000997070928261401,0.0005233867177350852,0.3157894736842105
2024-05-29,-0.001025816589111211,-0.0016381877231318295,0.4082474226804124,-0.0013485969063990791,-0.0019536389232058015,0.403361344537815,-0.0008214460269602725,-0.0014201855227585919,0.39915966386554624,0.0014022659690513146,0.0008338449164197357,0.3789473684210526
2024-05-30,0.002139869559212484,0.0016017252293155768,0.35876288659793815,0.0022731488800872566,0.001737434594372971,0.3571428571428571,0.0025191384005810945,0.0019771215938584052,0.36134453781512604,-0.0014983372296140539,-0.0021033792464207764,0.403361344537815
2024-05-31,0.0005780179118492655,7.184507234309274e-05,0.33744855967078186,0.0006128933643414491,0.00010238916266077681,0.3403361344537815,0.0011707822165009972,0.0006602780148203249,0.3403361344537815,0.002312318845601029,0.0017766045598867435,0.3571428571428571
2024-06-03,-0.0006562875104067917,-0.0011429404878195227,0.32443531827515404,-0.0011631475830421352,-0.0016474243126018834,0.3228511530398322,-0.001189236813950497,-0.0016682284105891524,0.31932773109243695,0.00031137341506633307,-0.00019913078661433926,0.3403361344537815
2024-06-04,-0.0022669248864542364,-0.0028006672177425798,0.35582822085889565,-0.0020092508999257595,-0.00254272370327304,0.35564853556485365,-0.001592406748639418,-0.002120708635431871,0.35220125786163514,-0.001420843401839695,-0.0019051201313994431,0.3228511530398322
2024-06-05,0.0003732579022285437,-7.459485850765276e-05,0.2985685071574643,0.00035956122283688566,-9.23216223513988e-05,0.30125523012552297,-0.00039987020473964893,-0.000868620204739649,0.31250000000000006,-0.002314483226884847,-0.002847956030232127,0.35564853556485365
2024-06-06,3.7910324846741894e-05,-0.0005131100833165235,0.3673469387755103,0.0002514122150071435,-0.00029744433384940516,0.36590436590436576,0.0009713160368770637,0.00043381603687706386,0.3583333333333333,-0.0014631255451208382,-0.0019150083903091226,0.30125523012552297
2024-06-07,0.003450472492435089,0.0030044439791967995,0.29735234215885964,0.002855377206927495,0.002375127726678015,0.3201663201663201,0.003323637875506196,0.002851939762298649,0.3144654088050313,9.50194887286912e-05,-0.00045383706012785746,0.36590436590436576
2024-06-11,-0.0010243237346891495,-0.0015436720035282537,0.3462321792260694,-0.0013519551585382582,-0.0019042564137683837,0.36820083682008375,-0.0010312173617584046,-0.0015624673617584046,0.3541666666666667,0.004419313415963973,0.0039390639357144925,0.3201663201663201
2024-06-12,-0.0014783307961493027,-0.0019549092075545984,0.3177189409368637,-0.001583813956641084,-0.002065063956641084,0.32083333333333325,-0.0016472465720019768,-0.002134746572001977,0.3249999999999999,-0.0013507306635269344,-0.00190303191875706,0.36820083682008375
2024-06-13,0.004611245063268595,0.004068562136439327,0.3617886178861787,0.00505129672809442,0.00450129672809442,0.3666666666666667,0.00539358182137392,0.00483733182137392,0.3708333333333333,-0.002376284881587457,-0.002857534881587457,0.32083333333333325
2024-06-14,-0.004157253559879186,-0.004785302340366991,0.4186991869918699,-0.004354097087928836,-0.004977797711629459,0.41580041580041577,-0.003872701340860009,-0.0044888839134741175,0.41078838174273863,0.0046898591422183744,0.004139859142218374,0.3666666666666667
2024-06-17,0.0014370201610305693,0.0009431177220061791,0.32926829268292684,0.001548347777537026,0.0010441983999436646,0.33609958506224075,0.0006369054176465884,0.00012653197366318592,0.34024896265560167,-0.004851393631558785,-0.005475094255259409,0.41580041580041577
2024-06-18,-0.0020917631785013057,-0.0026161534224037448,0.34959349593495936,-0.0021821971565695094,-0.002717466866113078,0.35684647302904565,-0.0015457823373211874,-0.002081052046864756,0.35684647302904565,0.0006149432553530789,0.00011079387775971776,0.33609958506224075
2024-06-19,-0.000847668606015017,-0.0013171808011369682,0.3130081300813008,-0.0006497488386859752,-0.0011227778843291287,0.3153526970954358,-0.0006483229512599204,-0.001109861412798382,0.30769230769230765,-0.0022082400632176414,-0.00274350977276121,0.35684647302904565
2024-06-20,0.006265729484788981,0.005680363631130444,0.39024390243902446,0.006309575267519563,0.005742007699951996,0.3783783783783784,0.005944524404952339,0.005364482824910759,0.3866943866943867,0.0005056787638221035,3.264971817894984e-05,0.3153526970954358
2024-06-21,-0.002138452465412141,-0.002742111001997507,0.4024390243902439,-0.002338489637822053,-0.0029608962768262028,0.41493775933609967,-0.001201125458088146,-0.0017998780568407448,0.3991683991683992,0.004829370377823206,0.004261802810255639,0.3783783783783784
2024-06-24,-0.0008624338899695591,-0.0014965802314329737,0.4227642276422764,-0.0006910800562892477,-0.0013197107616834387,0.41908713692946065,-0.0006412265641283499,-0.0012649271878289736,0.4158004158004158,-0.0017081660754485533,-0.002330572714452703,0.41493775933609967
2024-06-25,-0.0015183694365136081,-0.0021342230950501936,0.4105691056910569,-0.0014362949107581983,-0.002071149682542431,0.4232365145228216,-0.0012873302176305878,-0.0019172678475682177,0.41995841995841987,-0.0020133966830499575,-0.0026420273884441483,0.41908713692946065
2024-06-26,0.003021322212755733,0.0024237612371459773,0.39837398373983723,0.002926204359777366,0.0023037977207732165,0.41493775933609944,0.0032659783637395204,0.0026472283637395204,0.4124999999999999,-0.0007005043442893074,-0.0013353591160735398,0.4232365145228216
2024-06-27,-0.0013680791049714945,-0.0020035169868452213,0.4236252545824847,-0.0011237372929580117,-0.0017674872929580115,0.42916666666666653,-0.0007286420989591931,-0.0013523427226598168,0.4158004158004157,0.0023241685813202018,0.0017017619423160524,0.41493775933609944
2024-06-28,-0.001908206018520508,-0.002513094002227229,0.4032586558044806,-0.0026363575687458397,-0.0032525401413599476,0.4107883817427386,-0.0019160849224079362,-0.0025273115336345475,0.40748440748440745,-0.0017644520578323358,-0.0024082020578323356,0.42916666666666653
2024-07-01,-0.0015215778713613968,-0.0021386858143349202,0.41140529531568226,-0.0018105761834560875,-0.0024329828224602373,0.41493775933609967,-0.001975864053418641,-0.002613364053418641,0.42500000000000004,-0.003042330156332467,-0.003658512728946575,0.4107883817427386
2024-07-02,0.0015110455158390656,0.0008022878783645236,0.4725050916496947,0.0019399931863716495,0.001235211481589945,0.46985446985446977,0.0014789198368569943,0.0007664198368569944,0.4749999999999999,-0.002706992419586768,-0.003329399058590918,0.41493775933609967
2024-07-03,0.004107276410248002,0.003458296818411267,0.4326530612244899,0.004154560982465798,0.003510810982465798,0.4291666666666666,0.004571090272818815,0.003933590272818815,0.42499999999999993,0.002800556548879258,0.0020957748440975535,0.46985446985446977
2024-07-04,-0.0025518459422628134,-0.003248383620470553,0.46435845213849297,-0.002741481843555167,-0.0034400265420998655,0.4656964656964656,-0.0023659745177509947,-0.003069294019825684,0.4688796680497926,0.002467136822052445,0.0018233868220524454,0.4291666666666666
2024-07-05,0.001803990779573274,0.0011380029995325409,0.4439918533604888,0.0019826304901261575,0.0013166553863917176,0.44398340248962664,0.002013328846245133,0.001341129676120652,0.4481327800829874,-0.002317671181195035,-0.0030162158797397334,0.4656964656964656
2024-07-08,-0.00273067555362648,-0.0033111236187995958,0.3869653767820773,-0.002650653896040661,-0.003241940203094603,0.39419087136929465,-0.0020717510883165383,-0.0026642666808321305,0.3950103950103948,0.0005560660397445315,-0.00010990906398990847,0.44398340248962664
2024-07-09,-0.0012099598444083592,-0.001729308113247463,0.3462321792260692,-0.0011692876053589554,-0.001686959123030473,0.345114345114345,-0.0009178599061451104,-0.0014417684300536342,0.3492723492723492,-0.0028220027945942035,-0.0034132891016481455,0.39419087136929465
2024-07-10,0.0015807439193089448,0.0010491756912030387,0.35437881873727084,0.0020468231715725163,0.0014979666227159676,0.3659043659043658,0.0021191803648830136,0.001566879109652888,0.36820083682008364,-0.0004970238299019814,-0.001014695347573499,0.345114345114345
2024-07-11,-0.00024308151126041164,-0.0008174195968001265,0.38289205702647655,0.0005330370569796884,-4.3163360556845915e-05,0.3841336116910229,0.0009295734653935982,0.0003458914570253973,0.3891213389121339,0.001120818748218018,0.0005719621993614691,0.3659043659043658
2024-07-12,0.00229703456219581,0.0016860365988556878,0.4073319755600816,0.002600764773140375,0.0019668735597512532,0.4225941422594143,0.0031934471773353,0.002567142375665154,0.4175365344467641,-0.00031835403255954346,-0.0008945544500960778,0.3841336116910229
2024-07-15,-0.0015658273903199453,-0.0020862355535852515,0.34693877551020413,-0.0014115839305489965,-0.0019553339305489964,0.36250000000000004,-0.0008379126946648965,-0.0013765348241012222,0.35908141962421714,0.0021352997541081806,0.0015014085407190592,0.4225941422594143
2024-07-16,0.0007616150427462462,0.00019834973662379712,0.3755102040816327,0.0006916112131425154,0.00011036121314251537,0.38750000000000007,0.000839058419996598,0.0002453084199965981,0.39583333333333326,-0.0016989311973096641,-0.002242681197309664,0.36250000000000004
2024-07-17,0.003195981823386084,0.0026388389662432266,0.3714285714285715,0.0034704469899701105,0.0029141969899701106,0.37083333333333335,0.0032678203586946498,0.0027178203586946496,0.3666666666666667,0.00023722981376642343,-0.00034402018623357663,0.38750000000000007
2024-07-18,0.002776047097073404,0.0021821695460529957,0.39591836734693886,0.0031217187543678138,0.0025092187543678136,0.4083333333333333,0.002357362864107298,0.0017198628641072978,0.42499999999999993,0.005300226153189442,0.004743976153189442,0.37083333333333335
2024-07-19,0.0019056822611593586,0.0013924439719536557,0.3421588594704686,0.002064823343976477,0.001552323343976477,0.3416666666666667,0.0019097896285208563,0.0013962196911513364,0.3423799582463465,0.0018968686533413284,0.0012843686533413284,0.4083333333333333
2024-07-22,-0.0001793096938804582,-0.0007903076572205807,0.4073319755600816,0.00011404828165077069,-0.0005172017183492292,0.4208333333333332,1.1942329164760148e-05,-0.0006219488842243611,0.4225941422594142,0.0021811037694232024,0.0016686037694232025,0.3416666666666667
2024-07-23,-0.0008380652434670406,-0.001309493814895612,0.3142857142857143,-0.0009685281353407384,-0.001451791733667098,0.3221757322175732,-0.0008965935163196999,-0.0013798571146460597,0.32217573221757323,-0.0009701374762592684,-0.0016013874762592683,0.4208333333333332
2024-07-24,-0.001383473380357209,-0.001977350931377617,0.3959183673469388,-0.001606686209927502,-0.002220464915564245,0.40918580375782876,-0.0014599475385858006,-0.0020687341494644617,0.405857740585774,0.0004913606169330981,8.097018606738316e-06,0.3221757322175732
2024-07-25,-0.0001399643557783341,-0.0007950663965946606,0.43673469387755104,-0.00011508846918355155,-0.0007476563188703991,0.4217118997912317,0.0006838819946909311,6.254308255703995e-05,0.4142259414225941,-0.002307943661007346,-0.002921722366644089,0.40918580375782876
2024-07-26,0.00042478469571003916,-0.00010174591653485884,0.3510204081632653,0.00039226428490209825,-0.00014009479651752588,0.3549060542797494,0.0005018850985879231,-5.041615664220253e-05,0.3682008368200837,-0.0001062018589047184,-0.000738769708591566,0.4217118997912317
2024-07-29,-0.0010639532408789018,-0.0016394634449605344,0.38367346938775515,-0.0006741261157785582,-0.0012503265333150928,0.38413361169102306,-7.953592462028587e-05,-0.0006467628153765883,0.37815126050420167,0.0005220248452847305,-1.033423613489362e-05,0.3549060542797494
2024-07-30,0.0010170351578508126,0.0003864229129528534,0.42040816326530617,0.0011274085896366493,0.0004921884638504856,0.4234800838574424,0.0013619620192568075,0.0007141632771184429,0.43186582809224305,-0.0018650598522290448,-0.0024412602697655795,0.38413361169102306
2024-07-31,0.0025438461842191007,0.002018387935746595,0.35030549898167024,0.002459898763632909,0.0019264259602856284,0.35564853556485365,0.003436270293383961,0.002895389790239307,0.360587002096436,0.001165735012204439,0.0005305148864182754,0.4234800838574424
2024-08-01,0.00019080998368281056,-0.0004018580407571079,0.39511201629327897,0.0005016999131705773,-0.00011336284833569877,0.41004184100418406,0.0008687848557571798,0.0002537220942509036,0.4100418410041841,0.0021350149647792888,0.0016015421614320082,0.35564853556485365
2024-08-02,-0.0013288117719349162,-0.001835940081507218,0.33808553971486777,-0.0010358432495270638,-0.001556763751619114,0.3472803347280335,-0.0006428185780731985,-0.0011511867789100187,0.3389121338912134,-0.0003047035830217133,-0.0009197663445279894,0.41004184100418406
2024-08-05,-0.0034145786869319364,-0.0039522568946712446,0.35845213849287183,-0.0032569890521818683,-0.0037841857049015337,0.35146443514644354,-0.0023186666757139436,-0.002852139479061224,0.35564853556485354,-0.0016521249971696121,-0.0021730454992616626,0.3472803347280335
2024-08-06,0.00036786994987241667,-0.00010870846153287892,0.3177189409368637,0.000344831424700022,-0.00013215602299872296,0.3179916317991633,0.0008717068438472662,0.00040532028922541746,0.31092436974789917,-0.0027682065406603,-0.0032954031933799654,0.35146443514644354
2024-08-07,0.0021108634701584583,0.0016578022456686624,0.3020408163265307,0.0023293422409572913,0.0018890906686302475,0.2935010482180293,0.00202654282055103,0.0015853663499627948,0.29411764705882354,-0.0001954818773445277,-0.0006724693250432727,0.3179916317991633
2024-08-08,-0.0018635068330566762,-0.0023410578534648393,0.31836734693877555,-0.0016523480782791233,-0.0021114675751344692,0.30607966457023056,-0.0009689545591516149,-0.0014217847478308601,0.3018867924528301,0.0011462560310491214,0.0007060044587220775,0.2935010482180293
2024-08-09,-0.0006790572716636632,-0.0012117103328881532,0.35510204081632657,-0.000670600179411689,-0.0012166252840141996,0.36401673640167376,0.00023893662122498934,-0.00030708848337752134,0.36401673640167376,-0.002205970353173825,-0.002665089850029171,0.30607966457023056
2024-08-12,0.00036843626000381165,-0.00015091200883529253,0.3462321792260694,0.0007833721296254155,0.00026980219225589575,0.3423799582463465,0.00027926908287734253,-0.00023537526858709269,0.34309623430962344,-0.0012983324288730648,-0.0018443575334755754,0.36401673640167376
2024-08-13,0.00016571313129017454,-0.00031086528011512105,0.3177189409368637,8.279923895518002e-05,-0.0003994554583308325,0.32150313152400833,0.00041318735228158127,-5.752394478954843e-05,0.3138075313807531,0.0009551915987035054,0.0004416216613339856,0.3423799582463465
2024-08-14,-0.0005432833824605635,-0.0010820588926646452,0.3591836734693878,-0.00015477779735537014,-0.0007070790525854956,0.36820083682008364,0.0004683895607099642,-9.018784514777634e-05,0.3723849372384937,-0.00040178147785036034,-0.0008840361751363728,0.32150313152400833
2024-08-15,-0.0020443982598255302,-0.0025770513210500202,0.35510204081632657,-0.001940448152360141,-0.0024801971063350362,0.3598326359832636,-0.0015091437695807092,-0.0020551688741832197,0.36401673640167365,-0.0006607939243971905,-0.001213095179627316,0.36820083682008364
2024-08-16,-0.0011162846332894317,-0.0016673050414526972,0.3673469387755102,-0.0007957173363172809,-0.0013668470434302516,0.38075313807531386,-0.0002969792584937162,-0.0008642061492500187,0.37815126050420167,-0.002115135639456152,-0.002654884593431047,0.3598326359832636
2024-08-19,0.001114369391836346,0.0005633489836730806,0.3673469387755102,0.0012195721607551869,0.0006472451167300298,0.38155136268343803,0.0015872494604739894,0.0010200225697176869,0.37815126050420167,-0.0004321197040171726,-0.0010032494111301433,0.38075313807531386
2024-08-20,-0.002488102795226276,-0.003094225244205868,0.4040816326530613,-0.0020315680904703162,-0.0026227630590237756,0.3941299790356395,-0.0015890651664641868,-0.0021790233254600027,0.39330543933054396,0.0004968529446567804,-7.547409936837666e-05,0.38155136268343803
2024-08-21,0.0001219155529311529,-0.0004402025733417597,0.37474541751527507,0.0003815797956079935,-0.00020210221276020757,0.389121338912134,0.0008693550547519031,0.0002856730463837022,0.38912133891213396,-0.0026700807518360604,-0.00326127572038952,0.3941299790356395
2024-08-22,0.00014803904914519397,-0.0004018591178609163,0.3665987780040735,0.00043461549842341296,-0.0001239619074343279,0.37238493723849386,0.00026178514199976313,-0.0002853846693209916,0.3647798742138365,-0.00023663601289472254,-0.0008203180212629236,0.389121338912134
2024-08-23,0.0003461888390687527,-0.00019759934830395622,0.3625254582484726,-0.00012676159457255132,-0.0006665105485474468,0.35983263598326365,0.0005005195250269079,-3.407166994164566e-05,0.3563941299790357,0.00047019341425958913,-8.838399159815172e-05,0.37238493723849386
2024-08-26,-9.27077917658066e-05,-0.0006609358976721202,0.3788187372708757,0.00014205296328388684,-0.0004228005932014688,0.37656903765690375,0.000853065585593631,0.0002933171579206749,0.3731656184486374,-0.0019516662078605566,-0.002491415161835452,0.35983263598326365
2024-08-27,0.0005404396521621335,1.4981403689628449e-05,0.35030549898167007,0.0007831880182855924,0.00024343906431069677,0.35983263598326376,0.0009967048969024284,0.0004569559429275327,0.35983263598326376,0.0006532389941022888,8.83854376169331e-05,0.37656903765690375
2024-08-28,0.00239452040159837,0.001850732214225661,0.3625254582484725,0.0024018762949541217,0.0018695172135344972,0.35490605427974964,0.00298562790621171,0.0024521551028644298,0.35564853556485354,0.0005973314140285384,5.758246005364278e-05,0.35983263598326376
2024-08-29,0.0001275737819955696,-0.00036733456830992937,0.32993890020366595,0.0001789963991944369,-0.000309521346108277,0.32567849686847594,0.0008035931321253853,0.0003140533831714102,0.3263598326359834,0.002102229304087444,0.0015698702226678196,0.35490605427974964
2024-08-30,0.0006552987594572804,8.822558872557333e-05,0.3780487804878047,0.0008600104531314226,0.0002826045953908368,0.38493723849372385,0.0009157733907928581,0.0003182891140632982,0.3983228511530399,0.00030653493114512695,-0.00018198281415758696,0.32567849686847594
2024-09-02,-0.0006711422649191903,-0.0013235812893094344,0.43495934959349597,-0.00041354656922300975,-0.0010725423851225915,0.4393305439330545,0.0002668484680789958,-0.0003970346216913592,0.44258872651357,0.0008606758048841957,0.0002832699471436099,0.38493723849372385
2024-09-03,0.0011978330380442038,0.0006734427941417647,0.34959349593495936,0.0011662925582703165,0.0006475425582703163,0.3458333333333334,0.0016966599334965558,0.0011768269481103343,0.3465553235908142,-0.0012612491838372639,-0.0019202449997368456,0.4393305439330545
2024-09-04,0.0015774929739887124,0.0011201759008179807,0.30487804878048785,0.0017515852497546015,0.0012890852497546015,0.30833333333333335,0.0018720690812162807,0.0014148665759970741,0.3048016701461378,0.0006188401223195168,0.00010009012231951666,0.3458333333333334
2024-09-05,0.00024420590801293995,-0.00022530628710901125,0.3130081300813008,0.00025510156408741803,-0.00020114843591258202,0.3041666666666667,0.00040253345706979353,-5.4669048149413196e-05,0.3048016701461378,0.00064942667783295,0.00018692667783294994,0.30833333333333335
2024-09-06,-0.001778221458510778,-0.002234610910843435,0.30425963488843827,-0.0013157879769262054,-0.0017595379769262055,0.29583333333333334,-0.0008987682113065498,-0.0013478326603709987,0.2993762993762992,-0.00038527950694069134,-0.0008415295069406914,0.3041666666666667
2024-09-09,0.000804022190457894,0.000341547545427468,0.30831643002028397,0.0006680013017176401,0.00022517385889019742,0.2952182952182951,0.0010627738584846778,0.0006012353969462164,0.3076923076923076,-0.0009415485418792467,-0.0013852985418792469,0.29583333333333334
2024-09-10,0.0032986053660941147,0.00283004552836592,0.31237322515212984,0.0032616308307441303,0.0028000923692056688,0.30769230769230765,0.0038892920240147085,0.003419563422762099,0.31315240083507306,0.0005466414733865878,0.00010381403055914509,0.2952182952182951
2024-09-11,0.0018796909699893595,0.0013685347833767834,0.3407707910750507,0.0018780999626138062,0.0013468499626138062,0.3541666666666667,0.002168791195543244,0.001632408659160708,0.35758835758835744,0.0022973740838724806,0.001835835622334019,0.30769230769230765
2024-09-12,-0.002099314141104658,-0.0026519457200520264,0.3684210526315789,-0.0020340608071375272,-0.00258800271585122,0.36929460580912865,-0.001567363470584838,-0.0021099830132043805,0.36174636174636177,0.0015272224037781055,0.0009959724037781055,0.3541666666666667
2024-09-13,-0.0041179429365996376,-0.004688793139028788,0.38056680161943324,-0.004118047106382843,-0.0046719890150965365,0.36929460580912865,-0.0035063533726350793,-0.004048972915254622,0.3617463617463617,-0.002193830764956941,-0.002747772673670634,0.36929460580912865
2024-09-18,0.0003274601908495479,-0.0001644426431585493,0.32793522267206476,0.00030025115351413854,-0.00017999832673534175,0.3201663201663202,0.00026560706921174414,-0.0002208794172747422,0.32432432432432423,-0.0028629404588130097,-0.0034168823675267026,0.36929460580912865
2024-09-19,-7.55114810263649e-05,-0.0007435276753583487,0.44534412955465585,-5.9064282738489904e-05,-0.0007250393864729299,0.44398340248962664,0.00023667775134950803,-0.00043068191601015925,0.4449064449064448,-0.0011745292822999457,-0.001654778762549426,0.3201663201663202
2024-09-20,-0.0016332992144579652,-0.0021566257864660786,0.3488843813387424,-0.0016882910518074834,-0.002223560761351052,0.35684647302904565,-0.001263413548604382,-0.001788413548604382,0.35,0.00013373576085839653,-0.0005322393428760434,0.44398340248962664
2024-09-23,-0.0005209621708294684,-0.0010990554771175007,0.38539553752535494,-0.00038463010264506406,-0.0009408801026450641,0.37083333333333335,-0.00028827004453000206,-0.0008570200445300019,0.37916666666666654,-0.0024239464323721188,-0.0029592161419156873,0.35684647302904565
2024-09-24,-0.0011056958360607175,-0.0017324706839309,0.4178498985801218,-0.001094975441078283,-0.001732475441078283,0.42499999999999993,-0.00012921671415368902,-0.0007617845638405367,0.42171189979123175,-0.0008780126904340295,-0.0014342626904340293,0.37083333333333335
2024-09-25,-0.0020109379072985826,-0.002523133029249802,0.34146341463414637,-0.0017084396265716738,-0.002240798707991298,0.3549060542797495,-0.0013277436298154421,-0.0018549402825351075,0.35146443514644354,-0.0019503157617941705,-0.0025878157617941705,0.42499999999999993
2024-09-26,-0.00199302567419838,-0.0024869281132227704,0.32926829268292684,-0.002032565142040671,-0.002558661175443594,0.3507306889352819,-0.001799429098221103,-0.0023391780521959983,0.35983263598326365,-0.001317422815648789,-0.0018497818970684133,0.3549060542797495
2024-09-27,-0.0030731762200065793,-0.003628054268787067,0.36991869918699194,-0.002684058836883621,-0.0032727853504535584,0.39248434237995833,-0.0021426965273936838,-0.0027107816337766624,0.37872340425531914,-0.0030951735353584447,-0.0036212695687613677,0.3507306889352819
2024-09-30,-0.0020685563342461993,-0.0026417270659535165,0.3821138211382114,-0.0009098876830900132,-0.0015022443709881025,0.39490445859872614,-0.000983162794867265,-0.0018257159863566265,0.5617021276595744,-0.004852325380000869,-0.0054410518935708065,0.39248434237995833
2024-10-08,-0.0008453278996329305,-0.0013209376557304913,0.31707317073170715,0.0024952676239356486,0.0017245669869929733,0.5138004246284501,0.005322562840887876,0.004702124884683497,0.413625304136253,0.002150728609696978,0.0015583719217988888,0.39490445859872614
2024-10-09,0.004197111996738306,0.003482244379630363,0.4765784114052955,0.004495036064098609,0.0036649389767199683,0.5533980582524272,0.00468122958498314,0.003703127395202119,0.6520681265206811,0.0002860664503543664,-0.0004846341865883088,0.5138004246284501
2024-10-10,0.00160938854578492,0.0010388363985456561,0.3803680981595093,0.0010862956182797964,0.00021250921051280602,0.5825242718446603,0.002150779660580775,0.0012990847453265382,0.5677966101694915,0.005615287488200234,0.004785190400821593,0.5533980582524272
2024-10-11,-0.0023164036946796696,-0.0028685509339434734,0.36809815950920255,-0.002580315637618298,-0.0034256546206691456,0.5635593220338984,-0.00281424323311405,-0.003382664285745629,0.37894736842105264,-2.4421061031515076e-05,-0.0008982074687985055,0.5825242718446603
2024-10-14,-0.0005878759497947236,-0.0010970784037824537,0.3394683026584867,-0.0004215368126659451,-0.0009394315495080503,0.3452631578947368,-0.0003605026151737821,-0.00089734472043694,0.35789473684210527,-0.0037033789186812875,-0.004548717901732135,0.5635593220338984
2024-10-15,0.0008176941272347894,0.0001919272560691451,0.41717791411042954,0.0008278367221686567,0.00017731040637918298,0.4336842105263158,0.0008645404543683594,0.00022664571752625405,0.42526315789473684,-0.00046181551922789416,-0.0009797102560699994,0.3452631578947368
2024-10-16,-0.0008881091770408457,-0.0014770662322555698,0.392638036809816,-0.000919491736624322,-0.001551070683992743,0.42105263157894735,-0.00038128783654297824,-0.0009876036260166624,0.40421052631578946,0.0010096899909561412,0.0003591636751666675,0.4336842105263158
2024-10-17,0.0032710456937069298,0.0027383926324824398,0.35510204081632657,0.002966097723867609,0.002403992460709714,0.37473684210526326,0.002887648243924368,0.0023330263951848724,0.3697478991596639,-0.0033478282406210653,-0.003979407187989487,0.42105263157894735
2024-10-18,0.000888404184870184,0.0003802409195640615,0.3387755102040817,0.0014854724151579304,0.0009560606504520479,0.3529411764705883,0.0021366871574259733,0.0016009728717116874,0.3571428571428572,0.0031831330721457194,0.0026210278089878244,0.37473684210526326
2024-10-21,0.0017950571093055673,0.0012624040480810773,0.35510204081632657,0.0027903141342786597,0.002235692285539164,0.3697478991596639,0.0035296545885450618,0.0029807184183322957,0.3659574468085107,0.00106017163603786,0.0005307598713319774,0.3529411764705883
2024-10-22,-0.0003723048923596449,-0.001039651831135155,0.4448979591836735,-0.001057592335765259,-0.0017263821446824564,0.445859872611465,9.238499336204457e-05,-0.0005955130958099302,0.4585987261146498,0.002037495019358947,0.0014828731706194513,0.3697478991596639
2024-10-23,-0.0021167673911640706,-0.002742534262329715,0.4171779141104296,-0.0020080390166823986,-0.002662700033631551,0.43644067796610164,-0.0016241905747132605,-0.002261133249872496,0.4246284501061572,-0.0019526380790908116,-0.002621427888008009,0.445859872611465
2024-10-24,0.0007268455088703437,0.00019310317758200013,0.3558282208588957,0.0009374824361004222,0.00039087226660889675,0.3644067796610169,0.002219469503802349,0.0016908070834201834,0.35244161358811044,-0.001856534647330985,-0.0025111956642801373,0.43644067796610164
2024-10-25,-0.0017498291731816058,-0.002346140648591442,0.3975409836065574,-0.001159782458437942,-0.001757240085556586,0.39830508474576276,-0.00013482720036022897,-0.0007590310220162799,0.41613588110403393,-0.0009943630947615396,-0.001540973264253065,0.3644067796610169
2024-10-28,-0.004024113103854112,-0.0046142770382803415,0.3934426229508197,-0.0035152081934076464,-0.00412537768493307,0.4067796610169492,-0.0028260525101958776,-0.0034389557360023294,0.4086021505376345,-0.0004832906414097768,-0.001080748268528421,0.39830508474576276
2024-10-29,0.0016305408767456342,0.0008712816174863749,0.5061728395061729,0.002834440524142747,0.0020473437499491987,0.524731182795699,0.002177149679898578,0.001378866418096003,0.5321888412017168,-0.005189623316983402,-0.005799792808508826,0.4067796610169492
2024-10-30,-0.0012451379990478179,-0.0018525760155767435,0.4049586776859504,-0.0011998935931619046,-0.0018422918800998062,0.4282655246252677,-0.0013663390695671514,-0.0019779270523997694,0.40772532188841204,0.002552720119250916,0.0017656233450573677,0.524731182795699
2024-10-31,-0.0017586129275654113,-0.002403241026738965,0.4297520661157025,-0.0008727633710417671,-0.0015215856408490477,0.4325481798715203,-0.0008333864994359026,-0.0014928692580565926,0.43965517241379326,-0.0029738134819450794,-0.003616211768882981,0.4282655246252677
2024-11-01,0.0028379905917340353,0.0021844636207796783,0.4356846473029046,0.0033121563061283936,0.0026462080302663243,0.44396551724137945,0.002537956539280399,0.0018647539249013142,0.44880174291938985,0.0006214774797010988,-2.7344790106181654e-05,0.4325481798715203
2024-11-04,0.003232919522442257,0.002546848836371571,0.4573804573804573,0.0032003504012821232,0.002494468048340947,0.4705882352941176,0.003983037990514967,0.0032871955397491028,0.4638949671772429,0.003683719336306873,0.003017771060444804,0.44396551724137945
2024-11-05,-2.2089329387114248e-05,-0.0006345893293871141,0.4083333333333332,0.00026726362629198724,-0.00037325924952500604,0.4270152505446622,0.0006348873189676758,1.7819485269645295e-05,0.41137855579868704,0.001478278980385793,0.0007723966274446165,0.4705882352941176
2024-11-06,-0.0016161663815305732,-0.002247416381530573,0.4208333333333332,-0.0007985055738064552,-0.0014586362927607036,0.44008714596949894,-0.0003933767093147692,-0.0010506435205945956,0.4381778741865509,0.0005103550075805999,-0.00013016786823639341,0.4270152505446622
2024-11-07,-0.003257794021358902,-0.003864044021358902,0.40416666666666656,-0.003841374105567747,-0.004451763715957358,0.4069264069264071,-0.0016890197886762527,-0.002326763823383411,0.4251626898047722,-0.0021618186744725085,-0.002821949393426757,0.44008714596949894
2024-11-08,0.0029900589783537984,0.002432647704867368,0.3716075156576201,0.0033064219008646038,0.0027349933294360325,0.38095238095238093,0.0032016816643558395,0.0026134463702381927,0.392156862745098,-0.006031632414385028,-0.006642022024774639,0.4069264069264071
2024-11-11,0.010257890594048372,0.009754745939960322,0.33542976939203356,0.010349790905122808,0.009828051774688025,0.34782608695652173,0.009340425185765267,0.008804477473346967,0.3572984749455338,0.003488243695836394,0.0029168151244078227,0.38095238095238093
2024-11-12,-0.004135723872254618,-0.004607421985462165,0.3144654088050314,-0.004231165469328111,-0.004713774164980285,0.3217391304347827,-0.0035236069266779534,-0.004012737361460563,0.32608695652173925,0.008191845199461718,0.007670106069026935,0.34782608695652173
2024-11-13,0.002284112596059563,0.0018293757539542999,0.30315789473684207,0.002467643831026082,0.0019785133962434732,0.3260869565217392,0.0032428883752697877,0.0027668014187480485,0.3173913043478261,-0.004522545407285642,-0.005005154102937816,0.3217391304347827
2024-11-14,-0.0007422493558467101,-0.0012169329001505077,0.3164556962025318,-0.0017347609264841482,-0.0022173696221363223,0.32173913043478264,-0.0014467668315781453,-0.0019272863120976258,0.3203463203463204,0.0012502638128490274,0.0007611333780664185,0.3260869565217392
2024-11-15,0.00020214979075656309,-0.0002788628674712851,0.32067510548523215,0.0003845164865310807,-0.00010792411822053906,0.32829373650107985,0.000716800138803958,0.00022978715179097087,0.32467532467532473,-0.0010789846360915803,-0.0015615933317437542,0.32173913043478264
2024-11-18,-0.001143497934679695,-0.0016688143903758976,0.35021097046413513,-0.0006291309367347682,-0.0011993253211840123,0.38012958963282933,-0.00017214796571623364,-0.000733017530933625,0.3739130434782609,-0.0006014712883705906,-0.0010939118931222102,0.32829373650107985
2024-11-19,-0.0005442608992030779,-0.0010136055080825705,0.3128964059196617,-0.0004582195624445104,-0.0009082195624445103,0.29999999999999993,0.0006524593201127707,0.00018637616912808792,0.31072210065645517,-3.9792305509787906e-05,-0.0006099866899590319,0.38012958963282933
2024-11-20,0.001050500783695986,0.0005674499362383588,0.3220338983050848,0.0011310444552551993,0.0006135772063469024,0.3449781659388646,0.0007280202890781774,0.00018316252102566094,0.36323851203501095,-0.0005979767808680855,-0.0010479767808680854,0.29999999999999993
2024-11-21,0.0006701945862184534,0.00015536407774387716,0.3432203389830508,0.00038502070575963717,-0.00021104916323599605,0.3973799126637555,0.0008177793572905767,0.00020727607501486547,0.40700218818380746,0.0011465129176151632,0.0006290456687068663,0.3449781659388646
2024-11-22,-0.0007890281722066697,-0.0013991976637320936,0.4067796610169492,-0.0001476775545676684,-0.0007581808368433796,0.40700218818380746,-6.270527367212286e-05,-0.0006509405677897699,0.392156862745098,-0.0001961801663955512,-0.0007922500353911844,0.3973799126637555
2024-11-25,0.0003229958426378132,-0.0002236143268537122,0.3644067796610169,0.0008845569996784458,0.0003041222170697502,0.3869565217391304,0.0015059148774588839,0.0009176795833412369,0.392156862745098,4.6357349133406556e-05,-0.0005641459331423047,0.40700218818380746
2024-11-26,0.003424721716318571,0.00271285730953891,0.47457627118644063,0.003224628589354489,0.002481150328484924,0.49565217391304356,0.004206378360673554,0.0034795061139775187,0.48458149779735676,0.0004169282080418949,-0.00016350657456680072,0.3869565217391304
2024-11-27,-0.0006682841839201377,-0.0013025336553789115,0.4228329809725158,-0.0006732398219372292,-0.0013113977166740714,0.42543859649122817,-0.0006035520978021382,-0.001260007240034086,0.4376367614879651,0.0027613958517949426,0.0020179175909253774,0.49565217391304356
2024-11-28,0.0016263179117070427,0.0009301153800614729,0.4641350210970466,0.0014761508639401595,0.0007702685109989832,0.47058823529411753,0.0016273400154981357,0.0009264666530527208,0.46724890829694327,-0.001119619500857292,-0.0017577773955941341,0.42543859649122817
2024-11-29,-0.00165808514547937,-0.00236061679104899,0.4683544303797468,-0.001494336333761382,-0.0021921624207179038,0.4652173913043479,-0.000528307103599036,-0.001216080029363228,0.4585152838427947,0.0016865793737131014,0.000980697020771925,0.47058823529411753
2024-12-02,-0.0008229524555096179,-0.001373585366902023,0.36708860759493667,-0.0005414861930271575,-0.0011349644538967227,0.3956521739130434,0.00048348556462922757,-0.00011519864589708848,0.399122807017544,-0.0017660800536603918,-0.0024639061406169136,0.4652173913043479
2024-12-03,-0.0005298535927057266,-0.0011690940990348405,0.4261603375527426,-1.1845823198010754e-05,-0.0006668676572591462,0.4366812227074236,0.00039988379587516934,-0.0002747886932078003,0.4497816593886464,-0.002549120054385408,-0.003142598315254973,0.3956521739130434
2024-12-04,0.0018105206968512793,0.001177609304446216,0.42194092827004215,0.002126909859726068,0.0014994588793339112,0.41830065359477114,0.002683247141013161,0.002057160184491422,0.41739130434782606,0.000816985329010237,0.00016196349494910155,0.4366812227074236
2024-12-05,-0.00017449321883162248,-0.0006987037451474119,0.34947368421052627,-0.000868934217560971,-0.0013884147370414907,0.3463203463203465,-0.00047753137826896976,-0.0009927487695733175,0.3434782608695652,0.002730817875334631,0.0021033668949424745,0.41830065359477114
2024-12-06,0.0011345587097945711,0.0004727940039122182,0.4411764705882353,0.0013363932203842369,0.0006740555580465745,0.4415584415584416,0.0016489298489352454,0.001008406973118252,0.4270152505446622,-0.0015622688322686658,-0.0020817493517491853,0.3463203463203465
2024-12-09,0.001114676908147131,0.0005411474963824251,0.3823529411764706,0.0009117691998634458,0.00035742137377648927,0.3695652173913043,0.0021065450648386505,0.0015444535615706766,0.37472766884531594,0.0011175707637020738,0.0004552331013644114,0.4415584415584416
2024-12-10,-0.0024542299073438134,-0.0030529694031421325,0.39915966386554624,-0.0017264600520213577,-0.0023264600520213575,0.39999999999999997,-0.0017033536006410112,-0.0022981248424710768,0.39651416122004357,-0.0024787989423264503,-0.0030331467684134067,0.3695652173913043
2024-12-11,-0.0007500819773647617,-0.0014167486440314282,0.4444444444444443,-0.000670018437554095,-0.0013598232097883683,0.4598698481561822,6.719466302308741e-05,-0.0006060079513559974,0.4488017429193899,0.0011625640104905507,0.0005625640104905508,0.39999999999999997
2024-12-12,0.0011731211165717063,0.0005567689153138448,0.41090146750524104,0.0008932133329172514,0.0002749920747827613,0.4121475054229934,0.002285225467582872,0.001679962309688135,0.40350877192982454,-0.001191966745629009,-0.0018817715178632824,0.4598698481561822
2024-12-13,0.0016910275464069452,0.0011048930926254325,0.39075630252100846,0.001590143007018284,0.0010124624818541703,0.38512035010940915,0.0022910676768076906,0.001709368330402462,0.3877995642701524,0.0007690500546834516,0.00015082879654896154,0.4121475054229934
2024-12-16,0.0009721852451050547,0.0004427734803991723,0.35294117647058826,0.0015199594116187933,0.0009970835946253294,0.3485838779956426,0.0020852540765635376,0.0015558423118576554,0.3529411764705881,0.0012070564602326868,0.0006293759350685731,0.38512035010940915
2024-12-17,0.0032578539158538665,0.0026894328632222873,0.3789473684210526,0.0031369074177525075,0.002568279966772115,0.37908496732026137,0.0025190507089686114,0.0019598401826528217,0.37280701754385964,0.000304559269445075,-0.00021831654754838887,0.3485838779956426
2024-12-18,-0.00040939734807904013,-0.0009083447165000927,0.3326315789473684,-0.0005756263063315557,-0.0010930935552398526,0.34497816593886466,0.0006748866369714213,0.00016285162603050238,0.34135667396061264,0.0037247699554612893,0.003156142504480897,0.37908496732026137
2024-12-19,-0.001438642333422304,-0.0019691686492117775,0.35368421052631577,-0.0009631161420912705,-0.0015186716976468258,0.3703703703703703,-0.00020036141398824448,-0.0007624529172562183,0.37472766884531583,-0.0004745095140359307,-0.0009919767629442276,0.34497816593886466
2024-12-20,-0.0016187891666583978,-0.00216194706139524,0.3621052631578947,-0.001681879445408204,-0.0022166620541038563,0.35652173913043483,-0.0007703977260397604,-0.0012932735430332245,0.3485838779956427,-0.0022778251338235102,-0.002833380689379066,0.3703703703703703
2024-12-23,0.005243890091980806,0.004725995355138701,0.3452631578947368,0.0059520576604631045,0.0054303185300283215,0.34782608695652184,0.005246675298700786,0.0047041916385700665,0.3616557734204792,-0.0018391414802699704,-0.0023739240889656225,0.35652173913043483
2024-12-24,0.0008060188492960193,0.00027030456358173355,0.35714285714285715,0.0007353870367498242,0.00018636742890668708,0.36601307189542476,0.0016188922876020466,0.0010764086274713278,0.3616557734204792,0.005422324834964902,0.004900585704530119,0.34782608695652184
2024-12-25,0.0026970860414263914,0.002148766713695299,0.365546218487395,0.002679550892289051,0.002119897963872565,0.37310195227765725,0.0030752439265841532,0.002540461317888501,0.35652173913043483,0.000675200728015018,0.00012618112017188086,0.36601307189542476
2024-12-26,-0.003169444054708986,-0.0036115493178668807,0.2947368421052632,-0.0032607083224342453,-0.0037227473679873908,0.3080260303687636,-0.002273139772919137,-0.002736183251180007,0.30869565217391315,0.0016769086902861073,0.0011172557618696214,0.37310195227765725
2024-12-27,-0.001486215844675805,-0.002155689528886331,0.4463157894736842,-0.001390535157698586,-0.0020478019689784124,0.4381778741865511,-0.00028815756882391835,-0.000933809742736962,0.4304347826086957,-0.0035442026223451387,-0.004006241667898284,0.3080260303687636
2024-12-30,0.000357653998190436,-0.0002486617912832482,0.40421052631578946,0.0009082993589575959,0.00028221240243585645,0.41739130434782623,0.0008211806827334075,0.00018343664802624913,0.42516268980477223,-0.001102611475211286,-0.0017598782864911126,0.4381778741865511
2024-12-31,0.003796610233217295,0.003115937964309732,0.45378151260504196,0.0032963806453148725,0.0026030761096777237,0.46220302375809935,0.0034365728121365305,0.002759783224284036,0.4511930585683297,0.0003304546131154872,-0.0002956323434062522,0.41739130434782623
2025-01-02,0.0011958757993940916,0.0006172594471928338,0.3857442348008385,0.0012620038336034235,0.000659412040946836,0.40172786177105835,9.618141735444688e-05,-0.0005207016995286701,0.4112554112554113,0.004128700534027103,0.003435395998389954,0.46220302375809935
2025-01-03,0.003941474397052065,0.00338801527755521,0.36897274633123694,0.004336409191486625,0.0037480471225211074,0.39224137931034486,0.004036035404535253,0.0034516198201196683,0.38961038961038963,1.2696054878802432e-06,-0.0006013221871687072,0.40172786177105835
2025-01-06,0.002050364545672639,0.0015106155916977432,0.3598326359832637,0.0012193344736509178,0.0006568344736509178,0.37500000000000006,0.0013684849455928671,0.0008076153803754757,0.37391304347826093,0.006056178145670152,0.005467816076704634,0.39224137931034486
2025-01-07,-0.0019868244988410153,-0.002631918444561266,0.43006263048016696,-0.0021006700184171903,-0.0027514292375061273,0.43383947939262474,-0.0018564254209360344,-0.00253175009626071,0.45021645021645035,0.0007713696616111732,0.00020886966161117316,0.37500000000000006
2025-01-08,-0.002195339329883255,-0.002826589329883255,0.4208333333333332,-0.0022338496552049667,-0.002841608275894622,0.40517241379310354,-0.0013658134956858053,-0.00197096371027808,0.4034334763948498,-0.0013885013739883215,-0.0020392605930772585,0.43383947939262474
2025-01-09,-0.0035836841711774435,-0.004177434171177444,0.39583333333333337,-0.0035517583907870515,-0.004174884729116816,0.41541755888650966,-0.0026152895020606914,-0.003239753021373996,0.41630901287553645,-0.0025983666481050774,-0.0032061252687947328,0.40517241379310354
2025-01-10,0.0030502232688424426,0.0024814732688424428,0.3791666666666667,0.0036102521603580996,0.003025669719244609,0.3897216274089935,0.003347174688688944,0.0027484622423370126,0.3991416309012875,-0.0036333754901680714,-0.004256501828497836,0.41541755888650966
2025-01-13,0.0022200581233657807,0.0015888081233657808,0.42083333333333334,0.0024958902062950762,0.0018599159022265536,0.42398286937901497,0.002790739760114994,0.0021469629360806593,0.4291845493562232,0.0051426156965034,0.004558033255389909,0.3897216274089935
2025-01-14,-0.0015121616583166006,-0.0021059116583166007,0.39583333333333337,-0.0013696863724405178,-0.0019735407621621452,0.40256959314775165,-0.0008474788187110005,-0.0014590668015436186,0.40772532188841204,0.0004158054290736568,-0.0002201688749948657,0.42398286937901497
2025-01-15,-0.0010767685765281842,-0.0016767685765281843,0.4,-0.0009287324113116,-0.0015454347667719856,0.411134903640257,-0.0005756827777985826,-0.0011808329923908574,0.40343347639484983,-0.001625136882914123,-0.0022289912726357504,0.40256959314775165
2025-01-16,-0.0014812390923577695,-0.001973962585081262,0.3284823284823284,-0.0014758620734187143,-0.0019833567200996565,0.33832976445396146,-0.0009077568055125681,-0.001420577318333081,0.3418803418803418,-0.0017267628478690315,-0.002343465203329417,0.411134903640257
2025-01-17,0.002413317384353222,0.0019205938916297292,0.3284823284823285,0.00235237891730701,0.0018662381923603146,0.3240938166311301,0.0032609739991545737,0.00276738425556483,0.3290598290598291,-0.00037403269992635196,-0.0008815273466072942,0.33832976445396146
2025-01-20,0.001041107560028903,0.0005483840673054101,0.3284823284823285,0.0009858558433492506,0.0005125082953748368,0.3155650319829425,0.0014521129999438397,0.0009649335127643527,0.3247863247863247,0.0004826929928218541,-3.4477321248411216e-06,0.3240938166311301
2025-01-21,-0.00016795045091359915,-0.0007854140683772164,0.41164241164241155,-0.00023652314029688022,-0.0008390872428609828,0.4017094017094017,0.0004929502320317928,-0.00011090415768983449,0.40256959314775154,0.0008817100305618473,0.0004083624825874335,0.3155650319829425
2025-01-22,0.0014620958931568957,0.0009808458931568958,0.3208333333333333,0.001928900087334831,0.001460951369386113,0.31196581196581197,0.002479810974622387,0.0020044362422883396,0.3169164882226981,0.0017274569316408223,0.0011248928290767198,0.4017094017094017
2025-01-23,0.0018913612649691263,0.0013249712234753505,0.3775933609958506,0.0019404668356543325,0.0013723817292713536,0.37872340425531925,0.0015314254750989228,0.0009493359228601166,0.38805970149253743,-0.0009599378632883264,-0.0014278865812370443,0.31196581196581197
2025-01-24,0.0005207535618495119,-0.00013277340910484493,0.43568464730290457,0.0005517123510707326,-6.105360637607602e-05,0.4085106382978724,0.0009780705469048072,0.0003512048752630162,0.417910447761194,0.00404918874589541,0.003481103639512431,0.37872340425531925
2025-01-27,0.0017491380171061714,0.0010596970233173516,0.45962732919254656,0.001946337741421552,0.001276124975464105,0.44680851063829796,0.002131206822554096,0.0014631126041386787,0.44539614561027835,0.0003656153977439451,-0.0002471505597028635,0.4085106382978724
2025-02-05,-0.0026882166269822884,-0.0033714464406468846,0.45548654244306414,-0.0032396218947758626,-0.003930453451279061,0.4605543710021323,-0.002237133167769652,-0.0029244993347932067,0.4582441113490363,0.0005905793335102298,-7.963343244721721e-05,0.44680851063829796
2025-02-06,-0.00223573598643902,-0.002876814824613294,0.42738589211618266,-0.0018515236659613597,-0.0025103722800338545,0.4392324093816631,-0.001207146076456101,-0.0018587589796819075,0.43440860215053767,-0.0017607642450592571,-0.0024515958015624557,0.4605543710021323
2025-02-07,-0.0017130886984411241,-0.0023603916030054397,0.43153526970954365,-0.0014717664995052646,-0.0021091055552992562,0.4248927038626609,-0.0007607666188105371,-0.0014045434428448717,0.4291845493562232,-0.0016886949459464472,-0.002347543560018942,0.4392324093816631
2025-02-10,-0.0011717511635490827,-0.001794157802553232,0.4149377593360996,-0.0008724807902200891,-0.0015213030600273697,0.4325481798715203,-0.0007522894103453616,-0.0014153795391007263,0.4420600858369099,-0.001799291828323897,-0.0024366308841178887,0.4248927038626609
2025-02-11,-0.0007234130203309388,-0.0013271474601649637,0.4024896265560166,-0.0006990750126481568,-0.0013478972824554373,0.4325481798715204,0.00019741066596599445,-0.0004436149750596466,0.42735042735042733,-0.001808367413149525,-0.0024571896829568055,0.4325481798715203
2025-02-12,0.0010458514107994348,0.00047442283937086346,0.38095238095238093,0.0013174706447280065,0.0006906049730862153,0.4179104477611941,0.0013715670338851505,0.0007497721620902788,0.41452991452991444,-0.0007070729970204363,-0.0013558952668277168,0.4325481798715204
2025-02-13,-0.0027495061975250194,-0.0033582018496989326,0.4057971014492754,-0.00236892925025178,-0.003002191510379712,0.42217484008528794,-0.0014523013923559615,-0.002067686007740577,0.41025641025641024,0.001704198388367776,0.0010773327167259848,0.4179104477611941
2025-02-14,0.004371700387615784,0.0038696342719133046,0.33471074380165294,0.0040298142142751086,0.0035372769008422725,0.328358208955224,0.004441245199874004,0.003934834943463748,0.3376068376068376,-0.002309984024052282,-0.002943246284180214,0.42217484008528794
2025-02-17,-0.0022758586032917607,-0.002796519760316554,0.34710743801652894,-0.0022438679671480805,-0.0027747848114977607,0.35394456289978676,-0.0025874145789390552,-0.0031270291399668926,0.3597430406852249,0.002629822962873004,0.002137285649440168,0.328358208955224
2025-02-18,-0.0008768291147907455,-0.001490465478427109,0.40909090909090906,-0.0009196434396894423,-0.0015273193458728114,0.4051172707889127,-0.00037433308487632225,-0.000967950106152918,0.39574468085106385,-0.003121471095558398,-0.003652387939908078,0.35394456289978676
2025-02-19,-0.001978736043137634,-0.0025365872828070554,0.371900826446281,-0.0016315419976329973,-0.0021920515517731246,0.3736730360934183,-0.0010272352509208306,-0.0016017033360272135,0.3829787234042553,-0.0012988061420880076,-0.0019064820482713766,0.4051172707889127
2025-02-20,0.0017938535143487075,0.001162925679297161,0.420618556701031,0.0025285033669283034,0.0018788218382658828,0.4331210191082803,0.0015084329996178664,0.000846762764071828,0.44111349036402564,-0.0021335323918042493,-0.0026940419459443765,0.3736730360934183
2025-02-21,0.0009642925878515871,0.000450890525995917,0.34226804123711346,0.001614725445782124,0.0010634433945000727,0.3675213675213675,0.0015884049460141202,0.001035942419247525,0.36830835117773014,0.002490919549971613,0.0018412380213091923,0.4331210191082803
2025-02-24,-0.0007806636308742812,-0.0012559722728495899,0.31687242798353904,-0.0006460800490633565,-0.0011589005618838693,0.3418803418803419,-0.00034669478164034884,-0.000847765445451912,0.33404710920770875,0.002691834141661688,0.002140552090379637,0.3675213675213675
2025-02-25,0.0010759746250232562,0.000501900550949182,0.3827160493827161,0.0009192445644833121,0.0003679625132012608,0.36752136752136755,0.0009146169740563721,0.000365680803843606,0.3659574468085107,-0.00047327483005317385,-0.0009860953428736867,0.3418803418803419
2025-02-26,0.0010291011593609178,0.0005414468383732635,0.3251028806584362,0.0011501326320215166,0.0006596867721489049,0.3269639065817411,0.0011520575978908269,0.0006669512149121034,0.323404255319149,-0.0015878317312413778,-0.002139113782523429,0.36752136752136755
2025-02-27,0.0019908001670180756,0.0015031458460304213,0.32510288065843623,0.001819547556449694,0.00132273226982549,0.3312101910828027,0.0018207582646920014,0.0013346175397453061,0.3240938166311301,0.001280574028637722,0.0007901281687651103,0.3269639065817411
2025-02-28,0.004131770213191232,0.003631770213191232,0.33333333333333337,0.003826643026436989,0.0033096217498412442,0.34468085106382984,0.0041340983387603975,0.003641561025327562,0.32835820895522383,0.0023180652937165487,0.0018212500070923447,0.3312101910828027
2025-03-03,0.003200464900193296,0.002620217986613049,0.3868312757201646,0.003755449812074989,0.0031682157695217977,0.3914893617021276,0.003279714666736405,0.0026848319375253177,0.39658848614072495,0.00242936452666407,0.001912343250068325,0.34468085106382984
2025-03-04,0.0032097411702642943,0.0026294942566840473,0.3868312757201647,0.002826247776499662,0.002218571870316293,0.4051172707889126,0.003642266409644882,0.0030409870919476537,0.4008528784648189,0.0047947574706986565,0.004207523428145465,0.3914893617021276
2025-03-05,-0.001332509384349416,-0.0017945217046779582,0.30800821355236147,-0.0013454432886607752,-0.0018123942481490481,0.3113006396588486,-0.0009296051027359787,-0.001414711485714702,0.32340425531914896,0.0009263945566986807,0.0003187186505153118,0.4051172707889126
2025-03-06,-0.002508930836909378,-0.003006881656581509,0.3319672131147541,-0.0021649154101763303,-0.002660678122040737,0.3305084745762712,-0.0013557925246233792,-0.0018664308224957198,0.3404255319148937,-0.0018886575413733378,-0.002355608500861611,0.3113006396588486
2025-03-07,0.0021484011326249287,0.0016811880178708304,0.3114754098360656,0.002161354744807928,0.0016719479651469108,0.3262711864406781,0.002822666696910525,0.002339615849452898,0.32203389830508483,-0.00021704747679922136,-0.0007128101886636282,0.3305084745762712
2025-03-10,-0.0015153457005858484,-0.0020574401564380047,0.3613963039014374,-0.0013818807320538085,-0.0019336777722229418,0.36786469344608885,-0.0007463166945421412,-0.0012992827962370565,0.36864406779661013,0.0003173253624446326,-0.00017208141721638452,0.3262711864406781
2025-03-11,0.0009326027738656532,0.0003165863467609304,0.41067761806981523,0.0010888231551893094,0.00044823118901594786,0.427061310782241,0.001730352398319453,0.0010997791499118097,0.42038216560509556,0.000647795778461943,9.599873829280973e-05,0.36786469344608885
2025-03-12,-0.0016047689306043587,-0.0022269455219801285,0.4147843942505134,-0.0020606935358778726,-0.002677218959606686,0.4110169491525424,-0.0010721547363673424,-0.0016963585580233934,0.416135881104034,-0.001621953341996999,-0.0022625453081703607,0.427061310782241
2025-03-13,0.004596901372999424,0.004091767902773552,0.33675564681724846,0.004477610620852239,0.003956424180174273,0.3474576271186441,0.004975163908817285,0.004447621535935929,0.35169491525423724,-0.00046728319751406866,-0.0010838086212428821,0.4110169491525424
2025-03-14,-0.0032859747098322734,-0.003791108180058146,0.33675564681724846,-0.003271247603403025,-0.003798789976284381,0.3516949152542373,-0.002249688453540448,-0.0027772308264218037,0.35169491525423724,0.003074227819222581,0.0025530413785446147,0.3474576271186441
2025-03-17,-0.0006833585914844146,-0.0011946522259813346,0.3408624229979466,-0.0008042797687551739,-0.0013381780738399196,0.3559322033898305,-0.00015683781429825985,-0.0006813580701617993,0.34968017057569295,-0.0033435658225199963,-0.003871108195401352,0.3516949152542373
2025-03-18,0.00027036554067503323,-0.0002963695722613118,0.37782340862423,-2.869869168172206e-05,-0.0005892082458218494,0.3736730360934183,0.00026964041843724734,-0.00029086913570288005,0.3736730360934183,-0.0011774177583114055,-0.0017113160633961512,0.3559322033898305
2025-03-19,0.0016762976025037563,0.0011650039680068363,0.34086242299794667,0.0013586822782791375,0.0008311399053977816,0.35169491525423724,0.0017413216500983498,0.0012201352094203836,0.34745762711864403,0.0014942308835729809,0.0009337213294328535,0.3736730360934183
2025-03-20,0.0024335144721347114,0.0018174980450299887,0.4106776180698152,0.003014734928245115,0.00241219793035928,0.40169133192389006,0.00311348641242103,0.002503316920895606,0.4067796610169492,0.001570872151038888,0.0010433297781575323,0.35169491525423724
2025-03-21,0.004053393838649286,0.0034693774452066633,0.38934426229508196,0.004667430167406693,0.004083920653664621,0.38900634249471455,0.004429621592991123,0.0038512317624826487,0.385593220338983,0.0032775994270926806,0.0026750624292068456,0.40169133192389006
2025-03-24,0.0014069495607434961,0.0008905561181205453,0.34426229508196726,0.0013360775347214544,0.0007906229892669089,0.36363636363636365,0.0016886815318503598,0.001148427294562224,0.36016949152542377,0.004213760196354055,0.0036302506826119832,0.38900634249471455
2025-03-25,0.005889576813574732,0.005354740748000962,0.35655737704918034,0.005872330252086281,0.005320533211917148,0.3678646934460888,0.004985047018980315,0.004413013120675231,0.3813559322033898,0.0016086526754009855,0.00106319812994644,0.36363636363636365
2025-03-26,-0.004223932703659939,-0.004795654015135349,0.3811475409836066,-0.004515637801666758,-0.0051054898101234175,0.39323467230443976,-0.0031418868308442155,-0.00372663259355608,0.38983050847457623,0.005619367580124263,0.00506757053995513,0.3678646934460888
2025-03-27,0.0038846640170864415,0.003319090246594638,0.3770491803278688,0.0032620820900978653,0.0026849150710703813,0.3847780126849894,0.0041563715257305735,0.0035843376274254887,0.3813559322033898,-0.0038531650372214538,-0.004443017045678114,0.39323467230443976
2025-03-28,0.00024315264091634078,-0.0003285686705590691,0.3811475409836066,0.00038123605952789484,-0.00018958846478500158,0.38054968287526425,0.0005741724016403785,-1.7769654482291657e-06,0.3839662447257384,0.002401823520359085,0.0018246565013316008,0.3847780126849894
2025-03-31,8.035247828994813e-05,-0.00042884997569778193,0.3394683026584867,-0.0002593256377880736,-0.0007898519535775473,0.3536842105263158,0.00016516422924628925,-0.0003601522264499135,0.35021097046413513,0.00172483373890759,0.0011540092145946935,0.38054968287526425
2025-04-01,0.00142689064732612,0.0008379335921113958,0.392638036809816,0.001451665017408392,0.0008706123858294446,0.3873684210526316,0.0022700102672284436,0.0017003900140638865,0.37974683544303806,-0.002239163025388853,-0.0027696893411783266,0.3536842105263158
2025-04-02,-0.0007040004531734456,-0.0011947979991857156,0.32719836400818003,-0.0009478568706541277,-0.0014278568706541277,0.32,-0.0005334791172691715,-0.0010144917754970196,0.32067510548523204,0.0021318506209383123,0.0015507979893593649,0.3873684210526316
2025-04-03,0.002544868870814924,0.00193750690762474,0.40490797546012275,0.0023195397885027854,0.0017069082095554171,0.4084210526315789,0.0025953248745227576,0.0019750717099657955,0.4135021097046414,0.0010678788798852657,0.0005878788798852658,0.32
2025-04-07,0.0016708728256801114,0.0010953626215984788,0.38367346938775515,0.002762145327589352,0.002200040064431457,0.37473684210526326,0.003929384696314847,0.002130655882755525,1.1991525423728815,0.0071739667910252145,0.006561335212077846,0.4084210526315789
2025-04-08,0.014012740457287887,0.013014781273614419,0.6653061224489795,0.003909910436933062,0.0019564220648400385,1.302325581395349,0.013240228266635262,0.011301766728173724,1.2923076923076922,-0.0019663080943876365,-0.0025284133575455316,0.37473684210526326
2025-04-09,-0.001444870953289299,-0.0019521778426421174,0.33820459290187893,-0.0009465986158337311,-0.002801861773728468,1.236842105263158,0.00014166213761694982,-0.00038545282984508923,0.351409978308026,0.004711630414950334,0.002758142042857311,1.302325581395349
2025-04-10,-0.0027137278930090374,-0.0032398239264119603,0.3507306889352818,-0.0024480252686237373,-0.0030064668270652958,0.37229437229437223,-0.00214354705987959,-0.0026771696195325187,0.3557483731019524,-0.004277957527682924,-0.006133220685577661,1.236842105263158
2025-04-11,0.002493560278466485,0.0018672554767963387,0.4175365344467641,0.0024487018876959647,0.0017863642253583023,0.4415584415584416,0.002732663498813755,0.0020652768897424807,0.44492440604751626,-0.0010449382521672463,-0.0016033798106088047,0.37229437229437223
2025-04-14,-0.0013662479087102816,-0.002006415272727018,0.4267782426778244,-0.0013607302111884843,-0.002015157856976821,0.4362850971922246,-0.0015778579006797688,-0.0022387650281095743,0.4406047516198704,-5.95057616477393e-05,-0.0007218434239854017,0.4415584415584416
2025-04-15,-5.3972643561984795e-05,-0.0006200103794110413,0.37735849056603765,0.00011429710421878445,-0.0004753357251548657,0.3930885529157667,-7.860241348049777e-05,-0.0006552762795712105,0.38444924406047515,-0.002371393354880391,-0.003025821000668728,0.4362850971922246
2025-04-16,0.0014281911255222008,0.0009113844028331251,0.3445378151260504,0.0015999594522392423,0.0010762525556875183,0.34913793103448276,0.0019990982443707905,0.0014947878995432043,0.3362068965517242,0.0011532971634652302,0.0005636643340915801,0.3930885529157667
2025-04-17,-0.0018752593799366644,-0.0024676963547265803,0.39495798319327735,-0.0016535018272660768,-0.0022535018272660766,0.4,-0.0009597832107721685,-0.0015740073487032031,0.40948275862068967,0.0015851385474755786,0.0010614316509238546,0.34913793103448276
2025-04-18,0.0012053739904924826,0.0005751218896521463,0.4201680672268908,0.000834773745727418,0.00018316084250161147,0.43440860215053767,0.0012431226833311449,0.0005951745191842766,0.4319654427645788,-0.0016615654113063868,-0.0022615654113063866,0.4
2025-04-21,-0.004344222449345408,-0.004949264466152131,0.40336134453781514,-0.004282083776329684,-0.00487691136253658,0.39655172413793105,-0.0035945283770203486,-0.004190640688035468,0.39740820734341253,0.0003865760428151924,-0.00026503686041061414,0.43440860215053767
2025-04-22,0.001900052130636244,0.0011626571726530506,0.4915966386554622,0.0014881409138751442,0.0007316753966337649,0.5043103448275862,0.0023801004247526077,0.0016398406844928674,0.49350649350649356,-0.004313551689911689,-0.0049083792761185855,0.39655172413793105
2025-04-23,-0.0011861618823180674,-0.001748267145475962,0.37473684210526315,-0.0015734548803361635,-0.002131896438777722,0.37229437229437234,-0.00094592326264309,-0.0014913778080976356,0.36363636363636365,0.0008937742419056387,0.00013730872466425942,0.5043103448275862
2025-04-24,0.00013356677066158132,-0.0004159069135489451,0.36631578947368426,-5.657225206110502e-05,-0.0006202871548688803,0.3758099352051835,0.00045607810111598663,-9.995638164263406e-05,0.3706896551724138,-0.00215520081068782,-0.0027136423691293786,0.37229437229437234
2025-04-25,-0.0002546524865373015,-0.0007851788023267752,0.3536842105263158,9.777288127392741e-05,-0.0004441626025970404,0.3612903225806452,0.0003887369798203906,-0.0001608319856968508,0.3663793103448276,-0.00018846434675418543,-0.0007521792495619607,0.3758099352051835
2025-04-28,-0.0008820061763100406,-0.00140621670262583,0.34947368421052627,-0.0005960444657024267,-0.0011315283366701684,0.3569892473118279,0.00036060724235871186,-0.0001730153172942166,0.3557483731019523,0.00020664931361780774,-0.00033528617025316006,0.3612903225806452
2025-04-29,-0.00078768785822746,-0.001324529963490618,0.3578947368421053,-0.0002913371008020117,-0.0008432851527500638,0.36796536796536805,-0.00026138638592392884,-0.0008340544987221934,0.3817787418655097,-0.001034761072898521,-0.0015702449438662626,0.3569892473118279
2025-04-30,-0.0019678769830741034,-0.0026592089069641667,0.4608879492600423,-0.0023914950089797167,-0.0031073301499775475,0.47722342733188716,-0.0016010709915704868,-0.0022772197880693928,0.4507658643326039,-0.0018331031115385622,-0.0023850511634866144,0.36796536796536805
2025-05-06,4.344826922619144e-05,-0.000695405233958522,0.4925690021231423,-0.0005661820839883529,-0.0013063567564774359,0.49344978165938863,0.00016073947977369996,-0.0005892605202263001,0.5,-0.0016538751216165649,-0.0023697102626143956,0.47722342733188716
2025-05-07,-0.0013432220264717326,-0.001955987983918541,0.4085106382978723,-0.0012999100104182553,-0.0019498006012278832,0.4332603938730854,-0.0005830034397032767,-0.0012328940305129047,0.43326039387308535,-0.0014882662348633252,-0.0022284409073524084,0.49344978165938863
2025-05-08,0.0019516512150292206,0.001427130959165681,0.34968017057569295,0.0018959462761433035,0.0013313948538238285,0.37636761487964987,0.0015976626484739444,0.0010331112261544695,0.37636761487964987,-0.00034135500024065797,-0.000991245591050286,0.4332603938730854
2025-05-09,0.0035375652734734387,0.0025082765705445684,0.6861924686192469,0.0037933962174715556,0.0027675897658586525,0.6838709677419355,0.0041112399569717215,0.003100510343237816,0.6738197424892702,0.0013452034535649665,0.0007806520312454917,0.37636761487964987
2025-05-12,-0.0013760852409965135,-0.0018448352409965133,0.3124999999999999,-0.001503346797328121,-0.0019777057716870955,0.31623931623931617,-0.000808592727031333,-0.0012785498085763974,0.3133047210300429,0.0021693522136499842,0.001143545762037081,0.6838709677419355
2025-05-13,-0.0009927560252267044,-0.0014490060252267045,0.3041666666666667,-0.001020946703145154,-0.00145684413904259,0.29059829059829057,-0.00024809505983747855,-0.0006785019120858725,0.2869379014989293,-0.002187818430265746,-0.0026621774046247204,0.31623931623931617
2025-05-14,-0.0011782062349039574,-0.0016646927213904439,0.3243243243243243,-0.0011559413901316474,-0.001649531133721391,0.32905982905982906,-0.0005634928526283806,-0.0010570825962181243,0.32905982905982906,-0.0006896235656534706,-0.0011255210015509065,0.29059829059829057
2025-05-15,0.003417199434614734,0.0029192741234114142,0.3319502074688797,0.003737753803858718,0.003251613078912023,0.3240938166311302,0.003829194967169676,0.003342015479990189,0.3247863247863248,-0.0005405821661806602,-0.001034171909770404,0.32905982905982906
2025-05-16,-0.001797630139073819,-0.002344213990005496,0.3643892339544513,-0.0018365142236298742,-0.0023790674151192358,0.36170212765957444,-0.0014136372994670932,-0.0019520988379286316,0.35897435897435903,0.0036438991146040267,0.0031577583896573317,0.3240938166311302
2025-05-19,0.0021946489125847096,0.00159960759027066,0.39669421487603307,0.002155640374187839,0.001555640374187839,0.4,0.0013715270184781947,0.0007625526595038357,0.405982905982906,-0.002795422022031726,-0.0033379752135210875,0.36170212765957444
2025-05-20,-0.0014331316766737316,-0.001966189527913401,0.3553719008264463,-0.0010070154008130251,-0.001569915187593409,0.375266524520256,-0.0005958242157437493,-0.0011482867425103445,0.3683083511777302,0.0020324744054887357,0.0014324744054887357,0.4
2025-05-21,0.002302106980257007,0.0016685666075861995,0.422360248447205,0.0019021700858035864,0.0012290931627266632,0.44871794871794873,0.002712322260710478,0.0020406804696657017,0.4477611940298508,0.00021009263122817503,-0.00035280715555220893,0.375266524520256
2025-05-22,-0.00037075684079639765,-0.0008862847911069567,0.34368530020703936,-1.0273908824156436e-06,-0.0005691124972653944,0.3787234042553192,0.0006430551912648651,7.375881599834056e-05,0.3795309168443497,0.001036139635387511,0.00036306271231058783,0.44871794871794873
2025-05-23,0.0022995617466985098,0.0017219219951457145,0.3850931677018634,0.0024794612015052835,0.0018858441802286877,0.39574468085106385,0.002887829603309801,0.0022878296033098013,0.3999999999999999,0.00039715631054641765,-0.00017092879583656114,0.3787234042553192
2025-05-26,-0.0011317642737624185,-0.0016969816650667664,0.37681159420289856,-0.0012011872491566444,-0.0017744356567999566,0.3821656050955415,-0.000954042329024486,-0.0015348933928542735,0.3872340425531916,0.0017618473226420949,0.001168230301365499,0.39574468085106385
2025-05-27,1.9619775759804284e-05,-0.0005878182407691214,0.40495867768595045,0.0004781865863122802,-0.00013327838184058608,0.40764331210191085,0.0010255623519731596,0.0004191793732497552,0.40425531914893625,-0.0024469823899438397,-0.003020230797587152,0.3821656050955415
2025-05-28,0.002164309455893065,0.0016188549104385196,0.36363636363636365,0.002683787203205652,0.002160382947886503,0.348936170212766,0.0023266687767701166,0.0018032645214509676,0.3489361702127659,0.0008050514404711983,0.00019358647231833206,0.40764331210191085
2025-05-29,-1.8847171671942942e-07,-0.0005940029047064102,0.39587628865979385,-2.306652367574727e-05,-0.0006039175875055345,0.3872340425531915,-0.00019821892667666076,-0.0008122914213461703,0.4093816631130064,0.0026245520721243916,0.0021011478168052426,0.348936170212766
2025-05-30,0.0026212704175024148,0.002152134615033279,0.31275720164609055,0.0032503283929290454,0.002739690095056705,0.34042553191489366,0.003175029291400176,0.0026654751512727873,0.33970276008492567,-0.001075200635143568,-0.0016560516989733553,0.3872340425531915
2025-06-03,-0.0018194801380792599,-0.0023850539085710633,0.3770491803278689,-0.0014512373610775621,-0.002034746874819634,0.38900634249471466,-0.00032557010402499073,-0.0008733408046619334,0.36518046709129515,0.0032465306237379355,0.002735892325865595,0.34042553191489366
2025-06-04,-0.0015980909879309054,-0.0021686431351701694,0.3803680981595092,-0.0017093256862616823,-0.0023055201894329296,0.39746300211416485,-0.0012683042614832912,-0.0018670303761329728,0.3991507430997877,-0.002294547964432384,-0.0028780574781744556,0.38900634249471466
2025-06-05,-0.0012512560232198597,-0.0018305243159027866,0.3861788617886179,-0.0011124998080748634,-0.0016718218419731685,0.3728813559322034,-0.0004553417574125274,-0.0010210197235142222,0.3771186440677966,-0.0022901004618731974,-0.0028862949650444447,0.39746300211416485
2025-06-06,0.0004252323075939295,-8.592387901864684e-05,0.34077079107505087,0.0005244342608299539,-1.9928004808282464e-06,0.35095137420718814,0.001328547662284186,0.0007969020926639327,0.35443037974683556,-0.001147493928419847,-0.001706815962318152,0.3728813559322034
2025-06-09,-0.0036476602509401615,-0.004169927457417894,0.3481781376518218,-0.003570293851911037,-0.004132399115068932,0.37473684210526326,-0.0029781933904519716,-0.003528826301844377,0.36708860759493683,-0.00010464638554309779,-0.00063107344685388,0.35095137420718814
2025-06-10,0.00035590460398591574,-0.0001845812259735984,0.36032388663967607,0.0005742447861032248,4.371847031375126e-05,0.3536842105263157,0.0010247083628032796,0.0005068136259611743,0.3452631578947369,-0.003854908310543255,-0.00441701357370115,0.37473684210526326
2025-06-11,-6.040301172653608e-05,-0.0005533036202458059,0.3286004056795132,-0.0001931706570023426,-0.0006973723376746114,0.3361344537815125,6.549516666259914e-05,-0.0004460837807058218,0.3410526315789473,-6.201869638792178e-05,-0.0005925450121773954,0.3536842105263157
2025-06-12,-0.00016705490728573767,-0.000623444359618395,0.3042596348884382,-0.0001319910785162479,-0.0005920751121296933,0.3067226890756303,0.00019129648067468894,-0.000277057949705058,0.3122362869198313,5.557340823765305e-05,-0.00044862827243461573,0.3361344537815125
2025-06-13,0.00039622225277367515,-1.2314332592178493e-05,0.27235772357723576,0.00048218922067010464,5.27155364595782e-05,0.2863157894736843,0.0017526658528726827,0.0013277187069953042,0.2832980972515856,-0.0008279954844377998,-0.0012880795180512453,0.3067226890756303
2025-06-16,-0.003964114995378007,-0.0043848467026950805,0.2804878048780488,-0.0039017626400529746,-0.004326709785930353,0.2832980972515856,-0.0033437929060608712,-0.0037750825466528375,0.28752642706131076,0.0005543118375584046,0.00012483815334787818,0.2863157894736843
2025-06-17,0.0012513245197503828,0.0007888498747199566,0.3083164300202841,0.0013574113667643162,0.0008827278224605186,0.3164556962025318,0.0017655761947708891,0.0012972217643911423,0.3122362869198313,-0.005144122989777474,-0.005569070135654852,0.2832980972515856
2025-06-18,0.0003915254536230382,-0.00010037738038505897,0.32793522267206476,0.0004827809231419881,-9.850655805380103e-06,0.32842105263157884,0.0006053766446414959,0.00010642927622044344,0.33263157894736833,0.002306011879965885,0.0018313283356620874,0.3164556962025318
2025-06-19,0.0036480199647389196,0.003137898507249041,0.340080971659919,0.004150049799677563,0.0036269405559800844,0.3487394957983193,0.004617912806554991,0.00410633385918657,0.3410526315789474,-0.00041521065949042847,-0.0009078422384377967,0.32842105263157884
2025-06-20,0.004365589700186022,0.0038686200032163245,0.33131313131313134,0.00414178158774893,0.0036438824280850646,0.3319327731092437,0.004035159826927603,0.00353621245850655,0.3326315789473684,0.004084941979606351,0.003561832735908872,0.3487394957983193
2025-06-23,-0.004565151416205412,-0.00501363626469026,0.298989898989899,-0.004487028172572101,-0.004966019769210757,0.31932773109243695,-0.003793758086471295,-0.004280073875944979,0.3242105263157894,0.00442022082484779,0.003922321665183924,0.3319327731092437
2025-06-24,-0.000797885060160472,-0.0013130365753119871,0.3434343434343434,-0.0009776962765670368,-0.0014945029992561123,0.34453781512605036,-0.0004768044424496645,-0.0010021208981458671,0.3502109704641351,-0.005083307479691455,-0.005562299076330111,0.31932773109243695
2025-06-25,-0.00027789918694491253,-0.0007099478684864946,0.28803245436105473,-6.749108906441148e-05,-0.0005105290637479559,0.29535864978902965,0.00019756486226716816,-0.00026543725189773665,0.3086680761099365,-0.0014750947026299852,-0.0019919014253190607,0.34453781512605036
2025-06-26,-0.00020802045956221657,-0.0006999232935703138,0.32793522267206476,-8.116247106433952e-05,-0.000574833357140289,0.329113924050633,0.0007995023510131379,0.0003058314649371885,0.329113924050633,-6.059417596052108e-05,-0.0005036321506440655,0.29535864978902965
2025-06-27,-3.397035817299422e-05,-0.0005319460666750185,0.33198380566801616,0.00011355277210297297,-0.00040434196473913223,0.3452631578947368,0.0006095799919213904,0.0001032508779973397,0.33755274261603374,-0.0007981184341095514,-0.0012917893201855007,0.329113924050633
2025-06-30,-0.0008597488717463613,-0.001382016078224094,0.3481781376518218,-0.0010366591749974736,-0.0015735012802606315,0.3578947368421052,-0.00033665939114859225,-0.0008683049607688455,0.3544303797468355,-0.00022881605987249906,-0.0007467107967146043,0.3452631578947368
2025-07-01,0.0006198326284493081,3.9943006874124717e-07,0.41295546558704455,0.000576567576161007,-3.7356474471904474e-05,0.409282700421941,0.0005182197310399507,-0.00010334475098964764,0.41437632135306557,-0.0017703377415840202,-0.002307179846847178,0.3578947368421052
2025-07-02,0.001695513939129774,0.0012026133306105042,0.32860040567951315,0.0016081560428286277,0.0011208142706767288,0.3248945147679325,0.0020150259273257784,0.0015329963290171104,0.321353065539112,0.0006536170553220555,3.969300468914408e-05,0.409282700421941
2025-07-03,-0.0027629064853854665,-0.003298403442789118,0.3569979716024342,-0.002917505648724022,-0.003455480332268326,0.3586497890295359,-0.00213105749180884,-0.002664955796893586,0.3559322033898305,0.0011468847975517693,0.0006595430253998705,0.3248945147679325
2025-07-04,0.0006418416183944621,0.0001246002390841172,0.34482758620689663,0.0009868186773178984,0.00047941910015087937,0.3382663847780127,0.00117461418015737,0.0006735570977049386,0.33403805496828753,-0.003799974671083675,-0.004337949354627979,0.3586497890295359
2025-07-07,-0.0017388641140037402,-0.0022500203006163163,0.3407707910750507,-0.0013622472524085676,-0.001893892822028821,0.35443037974683556,-0.0003922625994355611,-0.0009186896607463433,0.35095137420718814,0.002396880250289373,0.001889480673122354,0.3382663847780127
2025-07-08,-0.0022375770512029127,-0.0027730740086065638,0.35699797160243407,-0.002574593653307526,-0.0030935809950796782,0.3459915611814347,-0.00160743815011306,-0.0021275227167092546,0.346723044397463,-0.0025180246098292277,-0.0030496701794494813,0.35443037974683556
2025-07-09,-0.00041440439688408327,-0.0010046680885676534,0.3935091277890467,-3.695833083790798e-05,-0.0006204678445799798,0.38900634249471455,-0.00021443412855655158,-0.0008030417234932606,0.39240506329113933,-0.0026091025777268857,-0.003128089919499038,0.3459915611814347
2025-07-10,0.0018063232134591257,0.0012536916345117573,0.3684210526315789,0.0020423691280694054,0.001492895443858879,0.36631578947368426,0.0023329504298339925,0.0017949757462896888,0.3586497890295358,8.979924301983711e-05,-0.0004937102707222347,0.38900634249471455
2025-07-11,-0.0011883120505436712,-0.0016862877590456955,0.3319838056680162,-0.0008814023307590468,-0.0013803496991800993,0.3326315789473684,1.1005000091222732e-05,-0.00047633677206067597,0.32489451476793246,0.0007946491556715994,0.000245175471461073,0.36631578947368426
2025-07-14,-0.0003063146192154318,-0.0008335873464881591,0.35151515151515156,-0.00014561169160009005,-0.0006645990333722419,0.3459915611814346,-8.093585114679006e-05,-0.000618910534691094,0.358649789029536,-0.0011223269300140275,-0.00162127429843508,0.3326315789473684
2025-07-15,-0.0002630376712601818,-0.0008145528227753334,0.3676767676767677,-0.00043411296188597924,-0.0009531003036581311,0.3459915611814346,6.728516964886293e-05,-0.00045170217212328915,0.3459915611814347,0.0005851576530556219,6.617031128347008e-05,0.3459915611814346
2025-07-16,0.0018211326656939319,0.001347448455167616,0.3157894736842105,0.0015703707152653042,0.00112733274058176,0.2953586497890295,0.001937150893492467,0.0014814546909608212,0.30379746835443044,-0.0008424106000342654,-0.0013613979418064172,0.3459915611814346
2025-07-17,-0.0022606710184227673,-0.002808338361221956,0.36511156186612576,-0.001925733684495617,-0.002463708368039921,0.3586497890295358,-0.0013265994279640283,-0.0018593689839893983,0.35517970401691334,0.001577381964765632,0.0011343439900820878,0.2953586497890295
2025-07-18,-9.592607691782246e-05,-0.000546230336552711,0.30020283975659234,0.0001252088194665774,-0.000336816496989119,0.3080168776371309,0.0004911413228577939,3.4481703407476794e-05,0.3044397463002114,-0.002271434309585563,-0.0028094089931298668,0.3586497890295358
2025-07-21,0.0033407732629606706,0.002828578141009451,0.3414634146341463,0.003784625866227607,0.003284625866227607,0.3333333333333334,0.0035715228597715913,0.0030260683143170457,0.36363636363636365,0.0018168873876562995,0.0013548620712006032,0.3080168776371309
2025-07-22,0.003440747837320695,0.002885869788540207,0.3699186991869919,0.00403168524689493,0.0034873814494265753,0.3628691983122364,0.004395559796781001,0.0039019700531912572,0.329059829059829,0.0024693655413255532,0.0019693655413255532,0.3333333333333334
2025-07-23,-0.0008533855776508845,-0.001466882510166222,0.40899795501022507,-0.0010746184462407538,-0.0016886909409102636,0.4093816631130065,-0.00040714776099245314,-0.001024982155896912,0.41188959660297253,0.005558269722680206,0.005013965925211851,0.3628691983122364
2025-07-24,0.0005926253129589793,-3.186448295938802e-05,0.4163265306122449,0.00040830735652700595,-0.00020186213499841774,0.4067796610169491,0.001514618619145246,0.0009158925044955645,0.39915074309978765,-0.003078876967519432,-0.0036929494621889417,0.4093816631130065
2025-07-25,-0.0017531056618561606,-0.002304126070019426,0.3673469387755103,-0.0017733566267079028,-0.002319966796199428,0.3644067796610169,-0.0007836565108818633,-0.001331427211518806,0.3651804670912951,5.62792958673404e-05,-0.0005538901956580833,0.4067796610169491
2025-07-28,-0.003929008916201978,-0.004411697307240675,0.32179226069246447,-0.003970330039632982,-0.004459736819293999,0.326271186440678,-0.003546746509874216,-0.004037192369746828,0.326963906581741,-0.0014302262340943799,-0.001976836403585905,0.3644067796610169
2025-07-29,-0.0024749367295962164,-0.002999326973498655,0.34959349593495914,-0.002415789307283126,-0.002930619815757702,0.3432203389830508,-0.0015467450308112324,-0.002060487102692839,0.34249471458773784,-0.004345216701572501,-0.004834623481233518,0.326271186440678
2025-07-30,0.0024258823874564314,0.0019329817789371614,0.3286004056795133,0.0028334212341295426,0.0023471054446558585,0.3242105263157895,0.003394901551125578,0.002919214447531498,0.31712473572938693,-0.0026034900753465267,-0.003118320583821103,0.3432203389830508
2025-07-31,-0.0026528313298996038,-0.003139646745721105,0.32454361054766734,-0.0024939996762470794,-0.002967683886773395,0.31578947368421045,-0.001964636943169871,-0.002440324046763951,0.31712473572938693,0.002577866547857685,0.0020915507583840007,0.3242105263157895
2025-08-01,0.0017248344175906276,0.0012380190017691267,0.32454361054766734,0.0017830049648745955,0.0013083214205707981,0.3164556962025316,0.0024423710969078347,0.001967687552604037,0.3164556962025318,-0.0029491542493620213,-0.003422838459888337,0.31578947368421045
2025-08-04,-0.0042111653595777575,-0.004631043655723802,0.27991886409736305,-0.0039470345180113425,-0.004390072492694887,0.2953586497890295,-0.0031866770236403264,-0.0036297149983238707,0.2953586497890296,0.0019662024275197867,0.0014915188832159893,0.3164556962025316
2025-08-05,-0.0022916851007137055,-0.002735904167650825,0.2961460446247464,-0.0021480686130421634,-0.0026100939294978597,0.30801687763713087,-0.0013827979176412302,-0.001845800031806135,0.3086680761099365,-0.0060098065478489705,-0.006452844522532515,0.2953586497890295
2025-08-06,-0.002478152530494904,-0.0030319050659918614,0.36916835699797157,-0.0025697134209185027,-0.003120346332310908,0.36708860759493683,-0.0021884018075561057,-0.002759226331869002,0.38054968287526425,-0.0012981503682283737,-0.00176017568468407,0.30801687763713087
2025-08-07,-0.000588147173213954,-0.0010384514328488424,0.3002028397565923,-0.00018489184485802242,-0.0006405880473896682,0.3037974683544305,-0.0002638707258965248,-0.0007268728400614296,0.3086680761099365,-0.002707924617376343,-0.0032585575287687484,0.36708860759493683
2025-08-08,0.0023308287474516015,0.0018014169827457191,0.3529411764705882,0.002390900628857136,0.0018708160622609416,0.34672304439746304,0.0030648052718888316,0.0025574056947218126,0.33826638477801274,-0.00038253065007633896,-0.0008382268526079847,0.3037974683544305
2025-08-11,-0.0022624274347888655,-0.0027066465017259855,0.2961460446247465,-0.0022863658735566127,-0.002704087392543955,0.27848101265822794,-0.00232325402922506,-0.0027735711539607897,0.30021141649048627,0.001940087172364964,0.0014200026057687694,0.34672304439746304
2025-08-12,0.001305849956437232,0.0008139471224291347,0.32793522267206476,0.0014584226017583446,0.0009267770321380913,0.3544303797468355,0.0016560725304451628,0.0011307560747489602,0.3502109704641351,-0.00198526326688285,-0.002402984785870192,0.27848101265822794
2025-08-13,-0.0021102825263440922,-0.002590039611364335,0.31983805668016196,-0.001991725364791275,-0.0025022295664719474,0.3403361344537816,-0.0020960309562453555,-0.0026276765258656087,0.3544303797468355,0.0017344208773868493,0.0012027753077665962,0.3544303797468355
2025-08-14,0.0027349884677811357,0.0022137763465690146,0.3474747474747475,0.0033596307255959953,0.002836521481898516,0.3487394957983194,0.003296760565407104,0.002791497407512367,0.33684210526315794,-0.0015044284892011131,-0.0020149326908817855,0.3403361344537816
2025-08-15,-0.0033348244261696414,-0.003801491092836308,0.31111111111111106,-0.003197864832923985,-0.003670553908554237,0.31512605042016817,-0.0025701025421210368,-0.003056418331594721,0.3242105263157895,0.002955827077106458,0.0024327178334089786,0.3487394957983194
2025-08-18,-0.003370000038504654,-0.0038366667051713205,0.31111111111111106,-0.003488728657641318,-0.004005535380330394,0.3445378151260505,-0.002692220826912029,-0.003207051335386605,0.3432203389830508,-0.0054234321786535665,-0.005896121254283819,0.31512605042016817
2025-08-19,-0.0026150723692155457,-0.003136284490427667,0.3474747474747475,-0.002948457728448655,-0.003506597263332376,0.37209302325581395,-0.0021979198710289274,-0.0027508859727238427,0.3686440677966102,-0.002714597174575943,-0.003231403897265019,0.3445378151260505
2025-08-20,0.00300890270389027,0.0024947898006644634,0.342741935483871,0.0027155202180714332,0.0022091911041473827,0.33755274261603385,0.0029942729738083726,0.0024794424653337963,0.3432203389830508,-0.0013559418982238703,-0.0019140814331075912,0.37209302325581395
2025-08-21,0.004372887536059765,0.003829627978715701,0.3621730382293762,0.004229763126642514,0.0036538137595539064,0.3839662447257385,0.004220250216367132,0.0036290552478136727,0.3941299790356394,0.001244287928645284,0.0007379588147212333,0.33755274261603385
2025-08-22,-0.0027409478906748434,-0.0032057366230692098,0.3098591549295775,-0.002791562612826542,-0.003281102361780517,0.32635983263598334,-0.001971773937170569,-0.0024497613585542167,0.31865828092243176,0.004836199452003142,0.004260250084914534,0.3839662447257385
2025-08-25,-0.004287905888432044,-0.0048553103149914,0.37826961770623746,-0.0036701932728545553,-0.004266427582477987,0.39748953974895396,-0.003352091103752155,-0.003950830599550474,0.3991596638655462,-0.00436852079913571,-0.004858060548089685,0.32635983263598334
2025-08-26,0.004090140395355369,0.0034563375784539604,0.4225352112676056,0.003797840438058684,0.003180193379235155,0.4117647058823529,0.00344052580113646,0.0028228787423129308,0.4117647058823529,-0.0025335737669677713,-0.003129808076591202,0.39748953974895396
2025-08-27,0.0012871458352669979,0.0006231619318464747,0.4426559356136821,0.001321106834190424,0.0006530396072996678,0.4453781512605042,0.0013504748342308415,0.0006789267170760297,0.4476987447698745,0.002739517417312284,0.002121870358488755,0.4117647058823529
2025-08-28,-0.000994189270787777,-0.0015736661319547792,0.3863179074446681,-0.0009123901047852828,-0.001513642714388623,0.40083507306889354,-0.001056628436099584,-0.0016654150469782452,0.4058577405857742,0.0014596854181652963,0.00079161819127454,0.4453781512605042
2025-08-29,-0.0014437751696544576,-0.0020051433789099907,0.37424547283702214,-0.0014178910947252855,-0.002012880656311924,0.3966597077244258,-0.001256817947516776,-0.0018605915324224362,0.40251572327044016,-0.002222249614406275,-0.002823502224009615,0.40083507306889354
2025-09-01,-0.0031459024129522,-0.003707270622207733,0.37424547283702214,-0.0026957816491052066,-0.003292015958728638,0.39748953974895407,-0.0017321632968580773,-0.00231829775063959,0.39075630252100846,-0.001754220760244252,-0.002349210321830891,0.3966597077244258
2025-09-02,0.0037267502198771833,0.0031412371414063587,0.3903420523138832,0.0038579997763160574,0.003265562801526141,0.3949579831932774,0.004112864383367554,0.003521669414814095,0.3941299790356394,-0.0017437060326279475,-0.0023399403422513787,0.39748953974895407
2025-09-03,0.0016967557031631296,0.0011233150592999505,0.38229376257545267,0.001937754744575141,0.0013729011880897852,0.37656903765690386,0.0020540566755482166,0.001508031570945706,0.36401673640167376,0.0032295695260974,0.0026371325513074835,0.3949579831932774
2025-09-04,0.005504708412022909,0.004889014247032969,0.4104627766599598,0.00579592156304049,0.005182142857403747,0.40918580375782876,0.006050929492503188,0.0054421428816245265,0.4058577405857742,0.0011132438304384956,0.0005483902739531398,0.37656903765690386
2025-09-05,-0.0013756806077011435,-0.002003447207298729,0.41851106639839036,-0.001787429469111309,-0.0024325234148315595,0.43006263048016696,-0.001062833164322749,-0.001723210522813315,0.4402515723270439,0.005920666093147675,0.005306887387510932,0.40918580375782876
2025-09-08,0.0010687007124056628,0.00045904276471954604,0.40643863179074446,0.001136354772596224,0.0005150158604623327,0.41422594142259417,0.001879923923995731,0.0012572824145617688,0.4150943396226415,-0.001486047717774084,-0.0021311416634943346,0.43006263048016696
2025-09-09,0.0031271196984603263,0.0025307341562916513,0.39759036144578325,0.0035951579342131078,0.002980095172706832,0.4100418410041841,0.003505543119018524,0.002893043119018524,0.4083333333333334,0.0012462169797561751,0.0006248780676222839,0.41422594142259417
2025-09-10,-0.00098815387609921,-0.0015242984544124628,0.357429718875502,-0.0010496435065033979,-0.0015933935065033978,0.36249999999999993,-0.0010530113335400224,-0.0015893938699225586,0.3575883575883575,0.002617121951404033,0.002002059189897757,0.4100418410041841
2025-09-11,-0.004015335590181888,-0.004617745228736105,0.40160642570281124,-0.003752422440892654,-0.004344938033408246,0.3950103950103949,-0.002824173310050764,-0.0034229259088033627,0.3991683991683992,-0.0007267906807762769,-0.0012705406807762768,0.36249999999999993
2025-09-12,-0.0011003056543821036,-0.0017328357748640313,0.4216867469879518,-0.0005846578732669102,-0.0012208325094415465,0.42411642411642414,-0.0009453332064755012,-0.0015841641041790505,0.42588726513569947,-0.004425601063019025,-0.0050181166555346175,0.3950103950103949
2025-09-15,-0.0001329568187460003,-0.000801631517541181,0.4457831325301205,-0.0002549588705178504,-0.0009299588705178506,0.45000000000000007,8.798773676441845e-05,-0.0005821584010226379,0.44676409185803756,-0.0006822668281148993,-0.0013184414642895355,0.42411642411642414
2025-09-16,-0.0010401067418552377,-0.0017615496276267807,0.4809619238476953,-0.0008212294950430375,-0.0015337294950430373,0.47499999999999987,-0.0004022171813639515,-0.001116204655267918,0.47599164926931103,-0.0009486699315998874,-0.0016236699315998874,0.45000000000000007
2025-09-17,0.0013823783869599828,0.0007150437176213055,0.4448897795591182,0.0014552332867735487,0.0007802332867735488,0.44999999999999996,0.0018242495046724531,0.001141577270851994,0.45511482254697283,-0.00019659155336489327,-0.0009090915533648931,0.47499999999999987
2025-09-18,0.00013991351344285786,-0.0005274211558958195,0.44488977955911824,0.0004022012504955458,-0.00025404874950445426,0.4375,0.0006487689699983361,-1.2353691124324974e-05,0.44074844074844066,0.0011105157106726174,0.00043551571067261747,0.44999999999999996
2025-09-19,0.0016418428002103005,0.0010105802751602003,0.42084168336673344,0.0017668000102052678,0.0011257211720309942,0.42738589211618255,0.0020805940479306107,0.001431945399281962,0.43243243243243246,-0.0003174591001051351,-0.0009737091001051351,0.4375
2025-09-22,0.0004869787166266097,-6.612749579823984e-05,0.3687374749498997,0.0004895549296914791,-7.683511180229695e-05,0.37759336099585067,0.0006099297881866424,4.11797881866426e-05,0.37916666666666654,0.0018909217570706122,0.0012498429188963385,0.42738589211618255
2025-09-23,0.002376485033870758,0.0017331984607244656,0.4288577154308617,0.0029227620600932695,0.002280350417681627,0.4282744282744282,0.003404324763586689,0.002766824763586689,0.42499999999999993,-0.0009890355340851035,-0.0015554255755788795,0.37759336099585067
2025-09-24,-0.00041818879642891403,-0.0011155835860080722,0.46492985971943884,-3.3186369763456985e-05,-0.0007144363697634571,0.4541666666666667,0.00030479018529645276,-0.00039520981470354745,0.4666666666666668,0.002834682999937754,0.0021922713575261116,0.4282744282744282
2025-09-25,0.0010597226782507246,0.00038036396081585493,0.45290581162324645,0.0012928535196664024,0.0006116035196664025,0.4541666666666666,0.0015408251904620498,0.0008720751904620496,0.4458333333333334,-0.0009440107003778932,-0.0016252607003778932,0.4541666666666667
2025-09-26,0.0008003817939825856,0.0001558034807295736,0.429718875502008,0.0006886867976514909,4.0038149002842344e-05,0.43243243243243235,0.001031708331728014,0.00039420833172801415,0.42499999999999993,0.0013715564274392883,0.0006903064274392884,0.4541666666666666
2025-09-29,-0.00269200722038139,-0.003288392762550065,0.3975903614457833,-0.00262599119633979,-0.003212269782618376,0.3908523908523907,-0.0016328949470315844,-0.00221535841258482,0.3883089770354906,-0.0008569065930183707,-0.0015055552416670193,0.43243243243243235
2025-09-30,-0.001431697602720139,-0.002083609071533016,0.4346076458752515,-0.0015528444921335117,-0.002210464533887165,0.4384133611691023,-0.0012960557771851161,-0.0019676038943399277,0.4476987447698745,-0.002375131162842428,-0.002961409749121014,0.3908523908523907
2025-10-09,0.001530513982713008,0.0009932906426727665,0.358148893360161,0.0017297554171436212,0.0011911332877072955,0.3590814196242171,0.0022620788270295168,0.001697225270544161,0.37656903765690386,-0.0017175117760763097,-0.002375131817829963,0.4384133611691023
2025-10-10,0.003530306044186105,0.0030111913560573324,0.346076458752515,0.0035073999149647962,0.0029562516894950674,0.3674321503131525,0.0038061950002475763,0.003264178193524887,0.3613445378151261,0.0025107265270614544,0.0019721043976251287,0.3590814196242171
2025-10-13,-9.129367501027391e-05,-0.0006549300386466375,0.37575757575757573,-0.0001683834977337659,-0.0007419129094984719,0.3823529411764707,-0.0006621918489387538,-0.0012105111766698463,0.365546218487395,0.006986543280257218,0.006435395054787489,0.3674321503131525
2025-10-14,0.004157262829487058,0.0035815052537294823,0.3838383838383838,0.004649903859426822,0.004064998199049463,0.3899371069182389,0.004797075363406429,0.004213393355038228,0.3891213389121339,-0.006661212774060711,-0.007234742185825417,0.3823529411764707
2025-10-15,-0.0006994692078713498,-0.0012449237533258954,0.36363636363636365,-0.000924181814027333,-0.001462803943463659,0.35908141962421725,-0.0008494022516170457,-0.0014017035068471712,0.3682008368200837,0.005371914037191904,0.004787008376814545,0.3899371069182389
2025-10-16,0.001762594717227891,0.001059564414197588,0.4686868686868687,0.001513388513013917,0.0008119271351433534,0.46764091858037576,0.0018322564139828228,0.0011418798449451659,0.46025104602510464,0.0003297277990538857,-0.0002088943303824402,0.35908141962421725
2025-10-17,0.004067774708155631,0.003570805011185934,0.33131313131313134,0.0039170364200355225,0.0034023920685710874,0.34309623430962344,0.004305865635242573,0.0037974974344057526,0.33891213389121344,0.000449183295704458,-0.0002522780821661056,0.46764091858037576
2025-10-20,-0.0005823157473305723,-0.0012065581715729966,0.4161616161616162,-0.0006374519955739191,-0.0012650670583354254,0.4184100418410043,0.0004342502137021989,-0.0001833968451213305,0.4117647058823529,0.002021040380129558,0.001506396028665123,0.34309623430962344
2025-10-21,-0.0005860195015517031,-0.0012271485338097676,0.42741935483870974,-0.0005365359535428986,-0.001173090575391638,0.42436974789915966,0.0003674572009420632,-0.000270437535900042,0.4252631578947368,8.875581626606368e-05,-0.0005388592464954427,0.4184100418410043
2025-10-22,0.0018791087937832394,0.0012500765357187234,0.41935483870967744,0.0014727575456572194,0.0008425054448168832,0.42016806722689076,0.0019834729633610285,0.001367120762103167,0.41090146750524104,0.0006083426959638677,-2.82119258848718e-05,0.42436974789915966
2025-10-23,0.00294548694733944,0.0023454869473394403,0.39999999999999997,0.002843027321436015,0.0022329644283542545,0.4067085953878406,0.004048643370425948,0.003438580477344187,0.4067085953878406,-2.1908368635078362e-05,-0.0006521604694754145,0.42016806722689076
2025-10-24,-0.005623042375516106,-0.0062169817694555,0.39595959595959596,-0.006127823913664626,-0.006763044039450789,0.4234800838574423,-0.005759021864229143,-0.006396916601071248,0.4252631578947368,0.0014887496889567182,0.0008786867958749574,0.4067085953878406
2025-10-27,-0.0013128346978534796,-0.001864349849368631,0.36767676767676766,-0.0012138729773122948,-0.0017874023890770007,0.3823529411764706,-0.0012735546110797342,-0.0018419756637113132,0.3789473684210526,-0.006855218928870025,-0.007490439054656188,0.4234800838574423
2025-10-28,0.0010466299972404878,0.00048070707634799274,0.3772819472616633,0.00040558539327272805,-0.00013643141344996113,0.3613445378151261,0.0012055639930468797,0.0006687218877837219,0.3578947368421052,0.001356325500824436,0.0007827960890597301,0.3823529411764706
2025-10-29,-0.0031937863281705503,-0.003717112900178664,0.3488843813387425,-0.0031929523335437054,-0.0037424260177542318,0.36631578947368426,-0.003422728084982376,-0.003992348338146933,0.3797468354430379,-0.000827747708523083,-0.0013697645152457721,0.3613445378151261
2025-10-30,0.0007853324597477326,0.00026703977682090323,0.3455284552845529,0.0008223456099618453,0.00028550350469868735,0.35789473684210527,0.0019035005979983304,0.001378184142302128,0.35021097046413496,-0.00361121432612708,-0.004160688010337607,0.36631578947368426
2025-10-31,-0.0015483669604787233,-0.0020483669604787233,0.33333333333333337,-0.0017245178941207463,-0.002217149473068115,0.32842105263157895,-0.0009442212406425479,-0.0014315630127944468,0.3248945147679326,0.0006285955102774271,9.175340501426917e-05,0.35789473684210527
2025-11-03,0.0002886334604262353,-0.00015039092981766723,0.29268292682926833,0.0005925424203559321,0.00016306873614540585,0.28631578947368413,0.0010536516456976933,0.0006287044998203148,0.2832980972515856,-0.0017946888739943639,-0.0022873204529417325,0.32842105263157895
2025-11-04,0.005178386274101979,0.004574727737516613,0.4024390243902439,0.005507462852505877,0.004899867915797016,0.40506329113924044,0.006085605615698295,0.005479289826224611,0.4042105263157895,0.0010633216812093753,0.000633847996998849,0.28631578947368413
2025-11-05,0.0004478251546136732,-8.876021123998537e-05,0.35772357723577236,0.00035605060721800863,-0.00016815991909778082,0.34947368421052627,9.066026368014912e-05,-0.0004461818415830088,0.35789473684210527,0.007817974416450341,0.00721037947974148,0.40506329113924044
2025-11-06,-0.0019810810759572388,-0.002510492840663121,0.35294117647058837,-0.002007128039256666,-0.002512391197151403,0.33684210526315783,-0.0012008798350048003,-0.0017082794121718193,0.33826638477801274,-0.0036765816853639582,-0.004200792211679748,0.34947368421052627
2025-11-07,0.003366782969019692,0.0028677971678026538,0.332657200811359,0.003729925071532244,0.003230977703111191,0.3326315789473684,0.00417150430665577,0.0036662411487610328,0.33684210526315794,-0.0008166141389396523,-0.001321877296834389,0.33684210526315783
2025-11-10,0.0016430261516308282,0.0011257847723204835,0.3448275862068966,0.002140412248083639,0.00163621056741137,0.33613445378151263,0.0031850692406569254,0.0026734902932885043,0.3410526315789474,0.001722253357347063,0.0012233059889260104,0.3326315789473684
2025-11-11,0.0016799323966832265,0.0012235429443505693,0.3042596348884381,0.0019566965768165294,0.0014903100221946807,0.3109243697478991,0.0024110808339811683,0.0019427264036014215,0.3122362869198313,0.001598470541409545,0.001094268860737276,0.33613445378151263
2025-11-12,0.0029225838891892126,0.0024905352076476303,0.28803245436105473,0.003002191396629241,0.0025537703439976623,0.2989473684210526,0.0035344466464694085,0.00308696765487277,0.2983193277310924,0.0034092250973247716,0.002942838542702923,0.3109243697478991
2025-11-13,-0.004198009803605594,-0.0045935473289605636,0.26369168356997974,-0.004394972487811013,-0.004798333832348829,0.2689075630252101,-0.003322916089535821,-0.0037325799550820397,0.2731092436974791,0.0021074813607013416,0.0016590603080697628,0.2989473684210526
2025-11-14,0.0022142066708478953,0.0017517320258174692,0.30831643002028397,0.0029227481473253795,0.0024626641137119342,0.3067226890756302,0.0038075756337773645,0.0033518794312457187,0.3037974683544305,-0.002668650866356392,-0.003072012210894207,0.2689075630252101
2025-11-17,-0.002101623025908189,-0.002594523634427459,0.3286004056795133,-0.0022805890547821575,-0.002755272599085955,0.3164556962025316,-0.0016242683334847159,-0.0021052809917125642,0.32067510548523215,0.00041267791140955565,-4.7406122203889694e-05,0.3067226890756302
2025-11-18,0.001760251036534143,0.0013212266462902405,0.29268292682926833,0.0022807184577070053,0.0018629969387196632,0.278481012658228,0.002229085729528372,0.0018050350966169796,0.2827004219409283,-0.00179543580371471,-0.0022701193480185074,0.3164556962025316
2025-11-19,0.001079097715274929,0.0005851952762505387,0.32926829268292684,0.0012093891706992967,0.0007230733812256124,0.3242105263157895,0.0017666615227760994,0.0012856488645482513,0.32067510548523215,0.0024960670284114184,0.0020783455094240764,0.278481012658228
2025-11-20,0.0037400500191029787,0.0033193183117859056,0.2804878048780488,0.003789180156920185,0.003378653841130711,0.27368421052631575,0.004334026761883776,0.003917184656620618,0.2778947368421053,-0.000362964885449334,-0.0008492806749230183,0.3242105263157895
2025-11-21,0.00720960909530596,0.00666802694520454,0.36105476673428005,0.007725163738490089,0.007189449452775803,0.35714285714285715,0.007789615631402253,0.0072527735261390955,0.35789473684210527,0.008684406212938416,0.008273879897148942,0.27368421052631575
2025-11-24,-0.0009877344575561862,-0.0014988906441687623,0.3407707910750507,-0.0015489922982294436,-0.002046891457893309,0.33193277310924363,-0.0005191762746268244,-0.0010202333570792557,0.3340380549682875,0.0018189874290437703,0.0012832731433294847,0.35714285714285715
2025-11-25,-0.005361950329198846,-0.005897447286602497,0.35699797160243407,-0.0055996710400138365,-0.006124987495710039,0.350210970464135,-0.004510900002794938,-0.005030984569391132,0.34672304439746293,-0.0018791342763730748,-0.0023770334360369402,0.33193277310924363
2025-11-26,-0.0023739783051804505,-0.0029399012260729455,0.3772819472616633,-0.0023513331997691467,-0.002914624339009653,0.37552742616033763,-0.0016591460101795606,-0.002223628039777869,0.37632135306553904,-0.004072703383693435,-0.004598019839389638,0.350210970464135
2025-11-27,0.00014336393523121547,-0.0004164737929635108,0.37322515212981755,6.686288849214661e-05,-0.00048493415167698663,0.36786469344608885,0.00109419448887183,0.0005498906914034753,0.3628691983122364,-0.002425454827755936,-0.0029887459669964422,0.37552742616033763
2025-11-28,-0.0027554394099435133,-0.0032970215600449334,0.36105476673428005,-0.0028803885747106274,-0.0034235464694474696,0.36210526315789476,-0.002727900715309362,-0.003272204512777717,0.3628691983122364,-0.0003489892900222619,-0.0009007863301913952,0.36786469344608885
2025-12-01,0.0009473031164521145,0.0003326986539774695,0.40973630831643,0.0010821046585767265,0.000494736237524095,0.391578947368421,0.0016990306492228055,0.0011218636301953213,0.38477801268498946,-0.0036185743108664153,-0.004161732205603258,0.36210526315789476
2025-12-02,0.0020013845600642694,0.0014902283734516933,0.3407707910750508,0.0022036004522662067,0.0017099295661902572,0.3291139240506329,0.002110451693957254,0.0016051885360625169,0.33684210526315794,0.002275099939108106,0.0016877315180554744,0.391578947368421
2025-12-03,0.0023411051115332,0.0018289099895819803,0.34146341463414637,0.002603185242657323,0.0020863785199682476,0.34453781512605036,0.0029709425841535735,0.002446732057837784,0.34947368421052627,0.0014253073723198705,0.0009316364862439211,0.3291139240506329
2025-12-04,0.0011525787738539683,0.0006363844418701625,0.3441295546558706,0.0010117035226675083,0.00047598923695322257,0.35714285714285715,0.001665640967710237,0.0011351146519207635,0.3536842105263157,0.002031927078844307,0.0015151203561552316,0.34453781512605036
2025-12-05,-0.0021296460144295763,-0.002603330224955892,0.3157894736842105,-0.002873751507793544,-0.003359045625440603,0.3235294117647059,-0.001800100516928388,-0.002280100516928388,0.32000000000000006,0.0015935578262028117,0.001057843540488526,0.35714285714285715
2025-12-08,-0.005380908743863792,-0.0059699775697747235,0.39271255060728744,-0.0050683275441856905,-0.005635554434941993,0.3781512605042016,-0.004359172120052912,-0.004923654149651221,0.3763213530655391,-0.0035234190997290755,-0.004008713217376134,0.3235294117647059
2025-12-09,0.00023671548198412034,-0.00038271771639644637,0.4129554655870445,0.0005269487377223062,-7.431708506250388e-05,0.40084388185654,0.0007069626946297229,0.00010569687184491263,0.4008438818565402,-0.0046795902219604855,-0.005246817112716788,0.3781512605042016
2025-12-10,-0.00024357862325416772,-0.0008083559511893905,0.3765182186234818,-2.6264588483700265e-05,-0.0005757382726942265,0.36631578947368415,0.00025347744793181425,-0.0003023120257523962,0.37052631578947365,0.00022310893447356067,-0.00037815688831124936,0.40084388185654
2025-12-11,0.0036542662696266784,0.0031866549335942897,0.3117408906882591,0.003543597964652319,0.0030835139310388736,0.3067226890756303,0.003499236284399191,0.003050815231767612,0.29894736842105263,-0.0005358730343284807,-0.001085346718539007,0.36631578947368415
2025-12-12,-0.0015684631948045585,-0.002018767454439447,0.3002028397565923,-0.001960322231521536,-0.002426708786143385,0.31092436974789917,-0.0003676217609509423,-0.0008476217609509422,0.32,0.0036667732340539445,0.0032066892004404992,0.3067226890756303
2025-12-15,0.0013235274052811076,0.000716239955888395,0.4048582995951417,0.0014228649276419938,0.0008241254318436745,0.39915966386554624,0.0021817898507640546,0.0015868531419032952,0.3966244725738397,-0.0019732841440889136,-0.0024396706987107625,0.31092436974789917
2025-12-16,0.004510118680535559,0.004024288721021389,0.32388663967611336,0.004710317010599846,0.004242948589547215,0.31157894736842107,0.005019448037270172,0.00454675896163992,0.315126050420168,0.0006333462200984372,3.460672430011789e-05,0.39915966386554624
2025-12-17,-0.0018672558455468564,-0.002286284185627828,0.27935222672064774,-0.001971607804462789,-0.002387574191017411,0.2773109243697479,-0.0016497236522268217,-0.0020656900387814436,0.2773109243697478,0.003952220661628706,0.0034848522405760743,0.31157894736842107
2025-12-18,0.0036824353334121004,0.003220896871873639,0.30769230769230765,0.00416671424359555,0.003712932730990508,0.3025210084033614,0.00447084032237236,0.004021473233764765,0.29957805907172996,-0.0009956676985897325,-0.0014116340851443544,0.2773109243697479
2025-12-19,-0.00025605971395029417,-0.0007661811714401727,0.340080971659919,-0.0002477220854754606,-0.0007656168223175658,0.3452631578947368,0.0002698515846089756,-0.00025546487108722715,0.35021097046413513,0.0023033696679127975,0.0018495881553077555,0.3025210084033614
2025-12-22,-0.0033570078589741596,-0.003812473446018694,0.30364372469635625,-0.003155620677338552,-0.0035914101510227626,0.29052631578947363,-0.0031034787582348267,-0.0035411108935413807,0.2917547568710359,0.0005214887354972955,3.5939986551903128e-06,0.3452631578947368
2025-12-23,0.0010374883442000635,0.0004727110162648407,0.3765182186234818,0.0008132527661544918,0.00025629074083803594,0.37130801687763726,0.001541148968172301,0.0009841869428558452,0.37130801687763715,-0.0029403727795907697,-0.0033761622532749802,0.29052631578947363
2025-12-24,-0.0011517991316997434,-0.001619410467732132,0.3117408906882591,-0.0013032356344303293,-0.001776919844956645,0.3157894736842106,-0.00016039490538479612,-0.0006224202218404925,0.3080168776371309,0.0013603641412603296,0.0008034021159438737,0.37130801687763726
2025-12-25,-0.0018743930464616924,-0.0023531809252495713,0.3191919191919192,-0.001943580163465004,-0.00241726437399132,0.3157894736842105,-0.0007830991168546464,-0.0012704408890065453,0.3248945147679325,-0.00182949844793758,-0.002303182658463896,0.3157894736842106
2025-12-26,-0.0037801441177183603,-0.00421044714802139,0.28686868686868683,-0.003853317449054885,-0.004301738501686464,0.29894736842105263,-0.002988820702905689,-0.0034508460193613854,0.30801687763713076,-0.002884413831592823,-0.003358098042119139,0.3157894736842105
2025-12-29,0.00011926471030865478,-0.000262553471509527,0.2545454545454545,0.00014042209648798673,-0.0002574726403541186,0.26526315789473687,0.0014457655142552173,0.0010407022231159768,0.2700421940928271,-0.0036281581721661934,-0.004076579224797773,0.29894736842105263
2025-12-30,0.0012193298644787597,0.0006920571372060324,0.35151515151515156,0.0011125949707898272,0.0005694370760529851,0.3621052631578947,0.00199645156305083,0.0014481322353197376,0.36554621848739505,0.0009427612051561432,0.0005448664683140379,0.26526315789473687
2025-12-31,0.0012351312457137753,0.0007927070032895328,0.29494949494949496,0.0013327767883506505,0.0008988145241997072,0.28930817610062887,0.0018067141270951994,0.0013718401775153675,0.2899159663865546,-0.0007795889988835986,-0.0013227468936204407,0.3621052631578947
