,1,2,3,4,5,6,7,8,9,10,H-L
2023-11-01,0.002542832530089548,0.0028480670695478867,0.002620487205551262,0.003624223713706319,0.002341848715618308,0.00217612648759835,0.0026672295340228005,0.0008550441242368732,0.002112115642421766,-0.0018796805065063973,-0.004422513036595945
2023-11-02,-0.005916275600681107,-0.0063290232922692926,-0.007188593506864688,-0.0068498878606625384,-0.008037940359052486,-0.009066241925044686,-0.007514659821017853,-0.0109643451331695,-0.008594928540445392,-0.01570440167208581,-0.009788126071404703
2023-11-03,0.004939867514203416,0.007707914677145047,0.005119335004735781,0.00672252304500447,0.004182597591005345,0.0024227717071443836,0.006151530775733473,0.0038921771822917096,0.0042157832350566,-0.0022157082979841185,-0.007155575812187533
2023-11-06,0.020212327203296153,0.02509938342873148,0.023418350473342824,0.02838343006104385,0.024306880487769147,0.023399857838004627,0.028065013990485208,0.026840064916264696,0.025619953526204123,0.02202216211722159,0.0018098349139254403
2023-11-07,0.02156737600549127,0.02706679282157579,0.027702073880693602,0.03334842835573105,0.029288696229433975,0.027857687870854627,0.03499792548873355,0.03440553850515742,0.030947816775963838,0.02843505656196147,0.0068676805564702
2023-11-08,0.02123605912137579,0.02727881941214174,0.028516011267527886,0.03719198631916306,0.03063833385258539,0.0294075182000094,0.03641799196522201,0.03675765410456696,0.03514267126097256,0.03184241532359351,0.010606356202217723
2023-11-09,0.01974413352898878,0.023675530630555674,0.024548172803636668,0.031116913799483795,0.024039861204410932,0.024079204616473136,0.029532066849981817,0.02974053547369148,0.026554909549605852,0.021885406965810768,0.0021412734368219874
2023-11-10,0.015290105062216383,0.021649153748465412,0.023739043201344925,0.029972039328285332,0.023190282738899084,0.02332603995062754,0.028940162289366144,0.02766841422193527,0.026100146919912158,0.020437188644317206,0.0051470835821008235
2023-11-13,0.02148134768546138,0.031116450038959315,0.03564512004803102,0.041513372929003214,0.035117300050536114,0.03659312393147532,0.04045161897614934,0.03928466203916037,0.035631713089985945,0.027680431861906656,0.006199084176445275
2023-11-14,0.025040855677428538,0.036281201136001175,0.040233403419887896,0.047543683033305646,0.04198429746666083,0.04239019756565822,0.04702104026933465,0.04430186136191974,0.039395393589575264,0.03241550253872323,0.007374646861294692
2023-11-15,0.03359510950459326,0.0431666919056948,0.0465006373945016,0.054235130304147096,0.04770502582242248,0.04647946502821481,0.05221092966716595,0.05012742281499449,0.045460854134924726,0.037017527313207774,0.003422417808614509
2023-11-16,0.027006201778860612,0.0357318235278165,0.03930078229357528,0.04786316732876921,0.04157527688351996,0.03983452508781179,0.04593619236207708,0.04220188757870363,0.036755109266022226,0.02550899160470115,-0.001497210174159466
2023-11-17,0.031879239841244474,0.04220261656584284,0.04651839860925341,0.0554104437662906,0.05052167912389917,0.047105867001075157,0.053882540823198904,0.05088474675864334,0.046504850384989596,0.034325981345380674,0.0024467415041361986
2023-11-20,0.0401032991256396,0.05116311603545387,0.05711972202200549,0.06406004763824591,0.061114992847804445,0.057005560082886444,0.06392015662937947,0.06066853899553748,0.0561030634498635,0.043828912643303346,0.0037256135176637444
2023-11-21,0.039365915431477674,0.04726366242380952,0.052840964058144944,0.05943945248974331,0.055059221474767155,0.04901449681941573,0.055648796817271945,0.054260267631698375,0.0499746672939491,0.036303090122681646,-0.0030628253087960347
2023-11-22,0.030296559095772394,0.03880656973232285,0.04160853669486045,0.04742840310967755,0.046743013509615634,0.03738239711146016,0.045632104099352394,0.04358058595147351,0.03827047946988401,0.02637114313972446,-0.003925415956047938
2023-11-23,0.039009537102275955,0.04903031172750896,0.051883743309325235,0.057216810062070786,0.05732890266518775,0.04709660686692337,0.05668866479760153,0.05304323797349873,0.049012120525529695,0.035442328144109275,-0.0035672089581666863
2023-11-24,0.030043909849419605,0.03482433563676494,0.037563581053125523,0.042350441047196194,0.0435785720660501,0.03355239701732318,0.043127462256390664,0.041878896748995365,0.03878827889165424,0.02663454941911258,-0.0034093604303070324
2023-11-27,0.02776455933264859,0.034600586809893204,0.039152412128108625,0.04476244619771473,0.04441433096739732,0.03472870020337715,0.04255717018285743,0.044072289628676764,0.03758013985441136,0.024890734032061393,-0.0028738253005872044
2023-11-28,0.03442026138556987,0.042592270348545534,0.04818358074958222,0.05447426964347591,0.054145557589534446,0.04346680912538854,0.050451732777975926,0.05187498754024237,0.04470860932604599,0.03109516301375759,-0.0033250983718122826
2023-11-29,0.026919946339686113,0.037463702951676704,0.04249089114582437,0.04782454352750924,0.04764112196065296,0.03770127565056717,0.045436084313649656,0.04659399569504791,0.037761217884247536,0.027211526209175798,0.0002915798694896792
2023-11-30,0.023394839999196306,0.03361266784476401,0.036107556063960156,0.04166477027438177,0.041938500352758284,0.03087121644543997,0.03932276528756896,0.038690422148612416,0.032505674992551255,0.02546592624941259,0.0020710862502162806
2023-12-01,0.025549087833672147,0.03792785593827871,0.04206505862516838,0.0474990074038195,0.0481898451906155,0.03709102385823018,0.04557612168550865,0.0460809694581117,0.039107444254320015,0.03265439471892918,0.007105306885257036
2023-12-04,0.024293893109741244,0.0369321830410448,0.04164800122296081,0.04728675031179343,0.04713920088100627,0.038636192252515196,0.045638532263823896,0.04800641857146971,0.03834704118101343,0.03187315065858895,0.007579257548847706
2023-12-05,0.008169735087869216,0.022032992813940284,0.02311028095346831,0.029637959899717813,0.02780674812569408,0.01939193718889299,0.025811166672824216,0.028206318936424973,0.019430306141193954,0.014945235995308965,0.006775500907439749
2023-12-06,0.012721178119426194,0.02775426210608891,0.025656105284530783,0.03499754106596431,0.0339521933522852,0.02386665240356742,0.03192515084290526,0.033856826624859254,0.025160901850614387,0.019788333049467078,0.007067154930040884
2023-12-07,0.007662223103212664,0.023751216321920864,0.02244587907478344,0.030951981109418013,0.03101689784531579,0.01999381515742083,0.031034278789246257,0.0331226304219551,0.02286258136366376,0.015781415431703368,0.008119192328490704
2023-12-08,0.0007891048360603838,0.017292637041147238,0.01417230140204907,0.02302581987322319,0.02083964334047652,0.00778253616780211,0.022868495322126703,0.023170715529219395,0.012282897477260675,0.00648474871099396,0.005695643874933577
2023-12-11,0.01068870687948846,0.027073448586997943,0.02498526791539132,0.03378618784388893,0.03141797091628114,0.01988761627314111,0.034537011570292035,0.034115327762346395,0.026414767148484695,0.016773350411293825,0.006084643531805366
2023-12-12,0.018076041841616555,0.03138034862079109,0.029745572242308012,0.03780161977444234,0.03478108852861409,0.02478780267679507,0.03953235071818655,0.03722583548803931,0.02979623973960576,0.018564014971113523,0.0004879731294969679
2023-12-13,0.008524186070599384,0.02329471172993589,0.023535753633639765,0.03372823888706798,0.02906276559362874,0.020025050847437366,0.03419611406221523,0.030287190567438255,0.023016474148189154,0.01299664686022848,0.004472460789629095
2023-12-14,0.006403854703463986,0.0198663270469574,0.02007574602378747,0.03165680567426269,0.025734562245672256,0.017391739381758038,0.03266908443616887,0.02793348665599661,0.020141762328651707,0.009805349256188926,0.0034014945527249393
2023-12-15,0.0031036690328105996,0.015592975001125062,0.016643734665499895,0.027296086652592484,0.021813018779401117,0.013867471067537405,0.028457998807443853,0.023794395204120473,0.014807211853260872,0.003665881267950368,0.0005622122351397682
2023-12-18,-0.012021792763525212,0.0009210268975547945,0.0023134082488863693,0.013884127134264793,0.0093083531039315,0.0006179321095250954,0.015205501869215836,0.013096416776169715,0.0001686110039377381,-0.00859566092979547,0.003426131833729742
2023-12-19,-0.01044776523629657,0.0020308240483989004,0.004878644553302459,0.015357760277408466,0.011535456065265163,0.0025994091607694993,0.017840663633550878,0.016409173120531615,0.0029443329941584995,-0.006973031171005316,0.003474734065291255
2023-12-20,-0.020575552705625583,-0.005561671233741315,-0.004347384106489943,0.006660667460581558,0.0031670642132044305,-0.008283915640855503,0.006893376577358673,0.004984996945890427,-0.008917074027793327,-0.02062928437614466,-5.37316705190756e-05
2023-12-21,-0.011269449359223895,0.001798084612358886,0.0025456889820234226,0.011864646847605959,0.009793287829197542,-0.0010050940156614077,0.013547815483245015,0.011116302565631626,-0.000987693987067632,-0.012785157121368823,-0.0015157077621449286
2023-12-22,-0.02122711685985454,-0.01135529348067999,-0.010214543180210988,0.00041531943009464646,-0.0031416905172878956,-0.014259032082236951,-0.002704073007935886,-0.005687491795575286,-0.016585992241712828,-0.02616064091942743,-0.00493352405957289
2023-12-25,-0.024705286128550875,-0.01575655972972521,-0.013834952548358282,-0.005151021708640015,-0.007578678413050925,-0.016987749189302858,-0.0063250259639634,-0.008179734629264036,-0.016992887239836874,-0.026012865049694155,-0.0013075789211432808
2023-12-26,-0.03760338667030834,-0.028042745656837512,-0.02678577782836839,-0.018980772037405797,-0.02067113171286037,-0.03087529142250091,-0.020920892741641696,-0.022947103995975472,-0.03260921114206791,-0.03944848810081446,-0.001845101430506116
2023-12-27,-0.029668201718794432,-0.020158142865628434,-0.01919951837728375,-0.01050014952090746,-0.011822191901394746,-0.022192405128378744,-0.011220044121040494,-0.01485737540254023,-0.025608133646999674,-0.035486434556857314,-0.00581823283806288
2023-12-28,-0.008060606624874778,-0.00041231935910555906,0.0009292867768769392,0.009566516240483287,0.007336574219777875,-0.002393755300570656,0.006453826858142246,0.0010897670160617615,-0.006430639269164911,-0.013283073927177914,-0.005222467302303133
2023-12-29,0.006498282960581796,0.014926435556665328,0.016667300143315602,0.025137991512782922,0.024052000374687563,0.014249881460502135,0.02110111875307813,0.016129592662340084,0.007391883699318513,-0.002767452645403793,-0.009265735605985585
2024-01-02,0.011959001000620778,0.01986531193375575,0.01995351324542516,0.027508552120984124,0.02716535689429399,0.017050667152720526,0.02202421393020018,0.016225260672574994,0.003966242556511001,-0.009763339730020242,-0.021722340730641016
2024-01-03,0.0073873829194523,0.016195232267607128,0.016138203995108912,0.022613696311487495,0.024393054346250345,0.013691146955717017,0.015872296309243254,0.011289539214470169,-0.0024728204915406083,-0.013915137331782974,-0.02130252025123527
2024-01-04,0.00599915911705026,0.015392003568108879,0.014808558838002164,0.020100434784040895,0.02156769732335572,0.010275062967750772,0.01138977494440243,0.00595539342825859,-0.008456749327679666,-0.021928625829968018,-0.027927784947018273
2024-01-05,-0.00938743342485323,-0.0008784653137967838,-0.0012135606182009338,0.002946679921612915,0.006195858647357057,-0.007128245093322624,-0.005670673380636499,-0.011573091909137483,-0.0249389692049432,-0.0403594561058018,-0.03097202268094857
2024-01-08,-0.027832773405537598,-0.019192383793152565,-0.020179895048138274,-0.016506280662500004,-0.013120990372359557,-0.026464539022120537,-0.026019479816588025,-0.03102375003986973,-0.04600172555851599,-0.059931019826717544,-0.03209824642117995
2024-01-09,-0.02343761541365871,-0.014805815654330007,-0.014193283125513361,-0.010493098059949336,-0.007068174962977304,-0.019614236461364495,-0.020064087628451445,-0.02453742274285889,-0.0402055700211375,-0.05376091116880322,-0.030323295755144513
2024-01-10,-0.035009269459641223,-0.024923919519230328,-0.024900389550123997,-0.019971795301783606,-0.017085300199785138,-0.028693976938732296,-0.0303503997721679,-0.034237286998667585,-0.04973083955862044,-0.0552392219861633,-0.02022995252652208
2024-01-11,-0.01768509605249123,-0.007772932476414633,-0.00678984710745599,-0.0042444769086084425,-0.0008517216473788967,-0.012042321243506335,-0.014225201979788361,-0.018594074653798524,-0.032246281430615906,-0.03672349263713072,-0.01903839658463949
2024-01-12,-0.02706972477899997,-0.01830987087131731,-0.01691735073174491,-0.01362411408131838,-0.009049080956147346,-0.019337741536698653,-0.022262154986324497,-0.024238625127185734,-0.036884032729784674,-0.03858158294268739,-0.011511858163687423
2024-01-15,-0.027230617224527173,-0.020288031729703455,-0.01945983415140709,-0.014638518228804815,-0.011488082501379383,-0.020462359226321603,-0.023591676840423462,-0.02719680748199578,-0.03864767719125308,-0.04408384568708915,-0.01685322846256198
2024-01-16,-0.03347741084946905,-0.027257125756211805,-0.02521934287111386,-0.02023955810219413,-0.017012422089074088,-0.025210502662423397,-0.028512733733526655,-0.031016732616038812,-0.04142725043357279,-0.04149711010387473,-0.00801969925440568
2024-01-17,-0.058607605270396726,-0.05340341739085301,-0.04994994849388209,-0.04561624653197564,-0.04249337592580504,-0.049845639277180116,-0.052021903366265734,-0.05772352834947917,-0.06684736156174327,-0.06811857651942638,-0.009510971249029653
2024-01-18,-0.06392201041320693,-0.06011050073031339,-0.056785665912120066,-0.05425031635009447,-0.04969758294623616,-0.05729903654669101,-0.061312811782407974,-0.06693699170817376,-0.07295166248988426,-0.07018644846411247,-0.006264438050905543
2024-01-19,-0.07236763421820033,-0.06961995249965644,-0.0669657542481421,-0.06608731213638877,-0.06301302804287903,-0.07061017297854918,-0.0765765286591558,-0.08195818350708839,-0.08990035360381653,-0.08750580559772234,-0.015138171379522001
2024-01-22,-0.13123556818497306,-0.12972397435466018,-0.12612567438878652,-0.12632906622589088,-0.12316340343524874,-0.12821065643554863,-0.1355069428302082,-0.1400133735639655,-0.14669431801509553,-0.14041319899800542,-0.009177630813032326
2024-01-23,-0.1305272189983662,-0.13022702275814088,-0.12490152150467565,-0.1254044320095471,-0.11977814612624618,-0.12321681741678708,-0.1310883496994184,-0.13625866036517073,-0.14301108759648518,-0.13310568650668414,-0.0025784675083179182
2024-01-24,-0.11468974611998585,-0.1131200488990382,-0.10885415409355118,-0.10970884111909973,-0.10361013425829048,-0.10826751667889786,-0.11796460390075494,-0.12079581757028028,-0.12890448195540322,-0.12398448432104738,-0.009294738201061496
2024-01-25,-0.07482079047980277,-0.07364142321336259,-0.07191933635182292,-0.07046182298853308,-0.06783668777761596,-0.07171705905385668,-0.0831298336433216,-0.08368352343876975,-0.0920767587882523,-0.09409140453104466,-0.019270614051241863
2024-01-26,-0.0791019359755171,-0.07617255927732666,-0.07461437852983352,-0.07377525222877789,-0.07212130073134018,-0.07625028953952853,-0.08961764088805385,-0.08676686444111584,-0.09730059342273342,-0.10105460294344643,-0.02195266696792929
2024-01-29,-0.10909170412074881,-0.1078353121156829,-0.1058677580032614,-0.10315927143274581,-0.10289799830083882,-0.10669287482628127,-0.12088395973119856,-0.11706519982979183,-0.12664051026008558,-0.12866223578276692,-0.019570531662018074
2024-01-30,-0.14078394255619295,-0.13940766862155518,-0.13935284036113751,-0.13524961907465327,-0.13446853763396116,-0.13836238842537119,-0.15209955845126882,-0.14843415829101544,-0.15837921508223463,-0.1598210550785441,-0.019037112522351116
2024-01-31,-0.18964975605797615,-0.19044054089996673,-0.18855157419991905,-0.18554189925145814,-0.18496614097843744,-0.18584577544376435,-0.2003294027821204,-0.1935020360247119,-0.20222987855308505,-0.19739140378439257,-0.007741647726416383
2024-02-01,-0.2022176589474856,-0.20489234733953765,-0.20335908505345787,-0.20091516720496314,-0.19933550116438925,-0.1997747937262971,-0.21276452923449454,-0.20577754866034068,-0.21356329159067414,-0.2085499415188616,-0.006332282571375948
2024-02-02,-0.25242858152009917,-0.2557543528251139,-0.25052957786500735,-0.2494387136610387,-0.2442730787863762,-0.24241603445408916,-0.254219329838045,-0.24302128465304568,-0.2481214031157246,-0.2395078860990702,0.012920695421029027
2024-02-05,-0.35226288955886553,-0.3538050424825666,-0.34236349436378644,-0.34058836457076025,-0.3264075109079413,-0.3198642573940542,-0.3315138558535036,-0.31877657168562856,-0.32121870476369635,-0.3025941061267744,0.04966878343209116
2024-02-06,-0.3372047536991478,-0.3190083362376499,-0.29837724071364136,-0.2854334907456513,-0.2709379062304791,-0.26351038768267576,-0.2806141904306827,-0.266363987490433,-0.27151233485001747,-0.2548838960346992,0.08232085766444863
2024-02-07,-0.3964322351154866,-0.3576279297416829,-0.32774565083799895,-0.30020249283328243,-0.276549859697217,-0.2695174159255342,-0.28170411932730666,-0.26939643792571283,-0.26851194462688116,-0.24424031611216296,0.15219191900332363
2024-02-08,-0.2799255155233622,-0.2522668130771914,-0.23264210976653354,-0.21091338018180053,-0.1984205626401881,-0.19973445385699423,-0.2227211909164898,-0.2197833775106453,-0.22885201436776942,-0.22862556224271952,0.05129995328064266
2024-02-19,-0.23118946543379484,-0.20874322996370787,-0.1897028217730068,-0.17367052848374956,-0.16558817992264402,-0.17024376187679013,-0.191166974235013,-0.19938901679946525,-0.21346015497264836,-0.22149359403215207,0.009695871401642742
2024-02-20,-0.21933949912051845,-0.19609478550055717,-0.17621804671465427,-0.16218037682598802,-0.15323314939838417,-0.15730590752750573,-0.18034012590925969,-0.19052821449655682,-0.20782451170240498,-0.21551738199654022,0.003822117123978206
2024-02-21,-0.19746767945003357,-0.1756324674072587,-0.15726039774813313,-0.1419040590272751,-0.13592529231087996,-0.14229181143690023,-0.16492493617852896,-0.17788867110721343,-0.1989571252386499,-0.20296487925100665,-0.005497199800973074
2024-02-22,-0.17580551300638694,-0.15189812906832742,-0.13167806067808424,-0.11732325554555423,-0.11168923813421176,-0.11810522508151566,-0.14269285698989992,-0.15743957470582243,-0.17777779803414318,-0.1825914554256864,-0.006785942419299466
2024-02-23,-0.14882726789550849,-0.12446592828417793,-0.10060567980732377,-0.08720332007479062,-0.08455461460070154,-0.0902179936850828,-0.11564580142002236,-0.13493746750078234,-0.15412452345693536,-0.16036481020911075,-0.011537542313602302
2024-02-26,-0.13458319076840303,-0.10729927174786005,-0.08358929828861741,-0.0733203270130609,-0.06703304807910998,-0.07805691583430915,-0.10227008381744915,-0.12269573256866409,-0.14260818425858957,-0.14681824233478608,-0.012235051566383097
2024-02-27,-0.109518802379307,-0.08147550952253174,-0.05752151255768325,-0.04630167695883917,-0.039058772624294844,-0.04886734889072305,-0.07313654567396358,-0.095268373898756,-0.1146380957659342,-0.11849561859204637,-0.008976816212739418
2024-02-28,-0.16957294533225958,-0.1462725483303988,-0.1255726134984902,-0.10864777323346639,-0.1016984222978383,-0.10871067788438439,-0.13267023768697703,-0.1530278856009793,-0.1742252299949883,-0.17934010185284424,-0.00976715652058471
2024-02-29,-0.13168935687402342,-0.10620664228436766,-0.08585537999271403,-0.06663807661734884,-0.06245494350005304,-0.06895715172028619,-0.09324462355448478,-0.1137520067456147,-0.13828998499347164,-0.14900807518768613,-0.017318718313662784
2024-03-01,-0.12096263109548833,-0.09427900861407441,-0.07223734651548781,-0.05332983976720572,-0.0489135577579768,-0.057016836524285804,-0.08101608483543644,-0.1011479640331781,-0.1300481973084265,-0.14512734494570462,-0.024164713850216357
2024-03-04,-0.12262731415622298,-0.09464671873175998,-0.071651223592725,-0.05329913421171535,-0.04761714631561426,-0.05556010740246602,-0.07842914499689414,-0.09580702895445928,-0.12426748881554367,-0.13882851813215386,-0.016201203975930938
2024-03-05,-0.14181193342096415,-0.11273248483080142,-0.09032794264073118,-0.069130331692832,-0.06382683878667703,-0.07203428841601524,-0.09416857482690164,-0.10937180896546611,-0.13691593507776173,-0.15110885272736985,-0.009296919306405763
2024-03-06,-0.1300587646616936,-0.09880074765414879,-0.07834223612475402,-0.05924097866173106,-0.053931928257481665,-0.06259773936893273,-0.0836637494281708,-0.1023388274822147,-0.12974425260642186,-0.1465387528967771,-0.016479988235083568
2024-03-07,-0.1300919092140477,-0.10407491907785257,-0.08380034655070283,-0.067054199728471,-0.06311356294575605,-0.07314287023848116,-0.0946681685575439,-0.11501321484768576,-0.1411292974647956,-0.15585694796315727,-0.025765038749109664
2024-03-08,-0.12084941499768238,-0.09366730373741358,-0.07388913238156215,-0.05671928633217724,-0.051827736195313535,-0.06106012211924583,-0.08214291356958059,-0.10272704948000742,-0.1303981401510793,-0.14749055717892476,-0.026641142181242465
2024-03-11,-0.10082558760007379,-0.07189527715638933,-0.0543889876029662,-0.03653007003874146,-0.029742677585692,-0.0425277899859042,-0.0644261204312127,-0.08570940986453793,-0.11163979795310866,-0.13037227934335854,-0.029546691743284823
2024-03-12,-0.0844993399810845,-0.0548495270533985,-0.03934909367746747,-0.021987927404467724,-0.015101163174812936,-0.030869367779816533,-0.053833702593095056,-0.07687906056388238,-0.1059561375425328,-0.12313467218455688,-0.038635332203472456
2024-03-13,-0.08278142070614534,-0.05026591748436987,-0.03626322366627984,-0.01890347426132312,-0.01300508123431572,-0.02778032234313159,-0.05335457975647607,-0.07640039734124492,-0.10651432093061225,-0.12520736484396314,-0.042425944137817855
2024-03-14,-0.0905530395791151,-0.05509557465092971,-0.04188477020865349,-0.025244017103384822,-0.020532016785046944,-0.03553930640082429,-0.05871302908092316,-0.08106658810588854,-0.11069994849746374,-0.1282437318227901,-0.037690692243675064
2024-03-15,-0.07668748317582555,-0.040519571842182675,-0.0263422001798062,-0.011207626377619238,-0.005934057210011993,-0.019996303178761214,-0.04549558924313004,-0.06776419492555372,-0.09868012645113684,-0.11672495559009624,-0.04003747241427075
2024-03-18,-0.055275748400505066,-0.018472193272926728,-0.003793556582653873,0.011041339980817707,0.01494704878166419,-0.0007373712988611031,-0.025101051435370156,-0.047284978284276184,-0.08094233793846412,-0.10242331864979624,-0.04714757024929123
2024-03-19,-0.05489310778810428,-0.01784324822561293,-0.002853884791840115,0.008167817153853096,0.015358155805992226,-0.005052692104226276,-0.03038547603038177,-0.0546809636380941,-0.08735675624821661,-0.10863650185979548,-0.053743394071691264
2024-03-20,-0.039983618151772995,-0.005137235356298668,0.010647058294183408,0.02158195266053138,0.02686837818658997,0.006209972659531771,-0.020370909357850634,-0.04438685644196247,-0.0797150645355044,-0.10207625400734188,-0.062092635855568956
2024-03-21,-0.03954221763818223,-0.0040259476645724,0.013654284275354065,0.023507898443936387,0.02680265248410529,0.007335590246982935,-0.020542608576877112,-0.042416790565438685,-0.0798056291976948,-0.10342756649861094,-0.06388534886042878
2024-03-22,-0.05448802644184739,-0.02053830879046109,-0.0020743332597429782,0.010550879426527058,0.012793354087859816,-0.006184398237072583,-0.0344963644605422,-0.05702880743987668,-0.0944791846593322,-0.118152511301028,-0.06366448485918066
2024-03-25,-0.07700053300764252,-0.04436341679695524,-0.02736243226790333,-0.013833375973962897,-0.012738317267363426,-0.031744691060992716,-0.06079929466923817,-0.08390660227841627,-0.11939782101962018,-0.14002169760340108,-0.06302116459575863
2024-03-26,-0.0765669612251763,-0.0443745565906988,-0.027917141328447317,-0.013840226609429162,-0.013718845109734997,-0.03368024411034851,-0.05872275292506877,-0.08305931625600758,-0.1199840115185542,-0.13712050448768828,-0.06055354326251207
2024-03-27,-0.10679048241604386,-0.07299125855297936,-0.06037979097981838,-0.045832159154835815,-0.04612970866658473,-0.06932111850628087,-0.09432305088600784,-0.11659233191026863,-0.1532235560834016,-0.1662782502067151,-0.05948776779067132
2024-03-28,-0.08415473917961426,-0.048522969317879874,-0.03505754177991519,-0.020471224861610612,-0.0218738487595233,-0.04569621135288687,-0.07094570152774746,-0.09436858045259924,-0.1323525891894199,-0.14573073742609421,-0.06157599824648004
2024-03-29,-0.07135438082508774,-0.03587790757721368,-0.02239456081900199,-0.008179444932789656,-0.008296159476007346,-0.03475889357347453,-0.05662411098097404,-0.08200577504369908,-0.12005496842680567,-0.13561222989507923,-0.06425784906999157
2024-04-01,-0.04950325528871648,-0.014063103282689057,0.0008474984009521659,0.01605003382604803,0.015088708253529804,-0.011778272133059861,-0.034199642297996456,-0.0598180572960377,-0.0974020216232572,-0.11408604618156101,-0.06458279089284463
2024-04-02,-0.054156711026308875,-0.0179774305903609,-0.0024892947652217306,0.012929342415701203,0.012933060660832203,-0.014820585475460947,-0.03605114676343597,-0.061756660673423745,-0.09610053655187317,-0.11191822410281747,-0.0577615130765087
2024-04-03,-0.06054405548243746,-0.02632541909421536,-0.013916015296438168,0.003518238878262036,0.001036504535344868,-0.02464969215077418,-0.043693008368665305,-0.07036807463088303,-0.10196851361066013,-0.11461469145539138,-0.05407063597295403
2024-04-08,-0.08365854135002332,-0.05074496072451104,-0.041277081041910184,-0.022259555677931916,-0.02564540021257443,-0.04777512214971475,-0.06805529512126088,-0.09210449416651476,-0.12768807446821678,-0.1344045671461061,-0.050746025796082894
2024-04-09,-0.07014999862765303,-0.03422578701040378,-0.02334780921774334,-0.005420864132569658,-0.00971436301126638,-0.031910256937256166,-0.05242116034522703,-0.07559934319451828,-0.11447052484144662,-0.12507271610704965,-0.05492271747939673
2024-04-10,-0.08902439505023924,-0.05509085250202965,-0.04552010211218256,-0.02556386641066588,-0.0332598218808958,-0.0547248490493504,-0.07462268628690974,-0.09770543006631258,-0.13528145494393087,-0.1424288587568739,-0.05340446370663478
2024-04-11,-0.08467764206549183,-0.05320819601693233,-0.04254449220593669,-0.023391712482977507,-0.03070843001291923,-0.05289038371680365,-0.07176683899228851,-0.09566906389495282,-0.13583592964776742,-0.14000692893652888,-0.05532928687103717
2024-04-12,-0.09267298182618314,-0.06159573806828915,-0.04909406201255143,-0.03135594044641013,-0.03669446132286827,-0.061258635626828116,-0.07999882511640741,-0.10318859628174334,-0.14298545557005912,-0.14748397985474276,-0.05481099802855973
2024-04-15,-0.12355060347622321,-0.0967834750974769,-0.08355991325203022,-0.06310550135585609,-0.07477331592415348,-0.0966473224714373,-0.11635705630788991,-0.13428189784108704,-0.17444873450533396,-0.17384400481045223,-0.05029340133422912
2024-04-16,-0.19561437512487737,-0.16105411883970666,-0.14513721337237384,-0.12793233448369717,-0.1370000718151712,-0.16026196896358239,-0.18472482776852683,-0.19828906730549356,-0.23695818921239897,-0.22013431884507212,-0.024519943720194864
2024-04-17,-0.11739855199972882,-0.0977414517244905,-0.08832036073040418,-0.06827488916583724,-0.07433713104456963,-0.09698634657761439,-0.12625118764321813,-0.13962694506552087,-0.17939042730514476,-0.1716434451183174,-0.054244893118588676
2024-04-18,-0.1214934467286756,-0.10030589851074787,-0.09109104511855057,-0.06875774687726871,-0.07806014867377101,-0.09898153876210138,-0.12675582116986844,-0.14196913726643293,-0.18037502400681388,-0.17596932397232182,-0.054475877243646324
2024-04-19,-0.12933010456402488,-0.1074098573986923,-0.09848511650177784,-0.0780907141822739,-0.08387443827278407,-0.10639661647350418,-0.13391202198169594,-0.14584414397476425,-0.18280406101588972,-0.17521818073858292,-0.04588807617455813
2024-04-22,-0.1307586859192229,-0.1101646485460205,-0.10195442638488217,-0.08040352548707243,-0.09065278375503451,-0.11458390874239195,-0.14173159476192157,-0.15277874354199206,-0.19384607911598958,-0.18578206084524768,-0.05502337492602488
2024-04-23,-0.11701245728745721,-0.09728835195381537,-0.08937293705447877,-0.06763310006500757,-0.0828036957843199,-0.11037717288441418,-0.13552775420564703,-0.1496118962063875,-0.1941273777725382,-0.19067235114761227,-0.07365989386015517
2024-04-24,-0.09708797901439672,-0.07486064434548388,-0.06786715420803757,-0.04578335443750157,-0.06262747280311196,-0.09203071703795923,-0.11609604360169574,-0.12977816706340933,-0.1764355172621279,-0.17914510248413082,-0.0820571234697342
2024-04-25,-0.09035542944530821,-0.06824873335718211,-0.061815449646573664,-0.04026319533708329,-0.06023037456537258,-0.08659531022396202,-0.11261589403413266,-0.1273854330107774,-0.17389303202760314,-0.1792499936895871,-0.088894564244279
2024-04-26,-0.07529772759018794,-0.050114793742395844,-0.046410054921593204,-0.02312299492634184,-0.045121734113159714,-0.07098168003044313,-0.0974135181220667,-0.11276076710995706,-0.16077549528065294,-0.17009684781201542,-0.09479912022182757
2024-04-29,-0.0423561436803649,-0.01653409987203025,-0.016411231522399154,0.0082653798299764,-0.014502916799826931,-0.04326799551753796,-0.06797740493876797,-0.08651435009741584,-0.13715612581624917,-0.15295591992926025,-0.11059977624889544
2024-04-30,-0.044178746027577064,-0.01984142260520024,-0.021909592618717173,0.003964499309294342,-0.021612120770483655,-0.04855232467712842,-0.07551713276541132,-0.09766846318034235,-0.14702320944042713,-0.16301981426348802,-0.11884106823591106
2024-05-06,-0.019673137604376736,0.0031807695091903357,0.0011585492695986369,0.027062100559319277,0.0014261531304582478,-0.0235749739736498,-0.05215915224600064,-0.07537875299530289,-0.12576101790247027,-0.14326558919852939,-0.12359245159415275
2024-05-07,-0.012954011336382373,0.0101641344138301,0.01020681709528731,0.03436401454865641,0.008169473305431506,-0.017638967150409586,-0.045429821913812826,-0.06934233651738823,-0.11603228034370797,-0.13773314953395965,-0.12477913819757738
2024-05-08,-0.026176930677508432,-0.0028369762173057374,-0.0036452921569138513,0.020896718542077506,-0.005873319116320979,-0.031543112449161324,-0.056872915159178514,-0.08142563145160918,-0.1286086017264151,-0.15283156111887222,-0.1266546304413639
2024-05-09,-0.01203906717894396,0.010933102633949233,0.010812980940060841,0.036469923682418026,0.008162208729013758,-0.01624579303028183,-0.0414478288273372,-0.068981102653319,-0.11487913061680577,-0.13864810672343952,-0.12660903954449568
2024-05-10,-0.02414094731670663,-0.0027714999754705066,0.00041635553605512757,0.025136833694320137,-0.002942284265254943,-0.02642435792234098,-0.04914138541822368,-0.07703042518842447,-0.12369107414845298,-0.1453746319313392,-0.12123368461463269
2024-05-13,-0.044942988331339154,-0.023716308345254032,-0.02069674752765049,0.006601689242794983,-0.020882111782686466,-0.04287203171352836,-0.06373947836563358,-0.0944196104174545,-0.13372497350187226,-0.15121028695851324,-0.1062672986271742
2024-05-14,-0.03194055258921664,-0.012576278666292764,-0.009208023598467972,0.01661014606915677,-0.011679063631386622,-0.03431211865617646,-0.057833957256405846,-0.08641323807836397,-0.129097899739331,-0.14816857801502686,-0.11622802542581034
2024-05-15,-0.036693160795013315,-0.02012114726349528,-0.01691892054327692,0.0107081369033448,-0.020424487467008368,-0.04091183639281805,-0.06551280543868528,-0.09506021091785889,-0.1364382494271522,-0.15854935901384445,-0.12185619821883124
2024-05-16,-0.028948406349981613,-0.01265662294663397,-0.009599012205042832,0.01718235610735172,-0.01530259689931425,-0.038202751039974475,-0.06072768522910073,-0.09247411179205567,-0.13395754158638615,-0.1551955005094843,-0.1262470941595028
2024-05-17,-0.017029669940076236,-0.0003664338817330904,0.0019365228993713183,0.029072369359189706,0.0003152993305389068,-0.02381894574117329,-0.04822464678513418,-0.07828837436783567,-0.11918890420670003,-0.14049022066010478,-0.12346055072002865
2024-05-20,-0.009864380253963936,0.007157267548630252,0.006128761372025424,0.0330387553598501,0.0023454670139792305,-0.01986176569025721,-0.04378582273013194,-0.07527823704827097,-0.11916641263532216,-0.14017425644875145,-0.13030987619478762
2024-05-21,-0.01955419410535275,-0.002048676588618701,-0.004052711816578826,0.02099742734462875,-0.009035796164320396,-0.03144528701295586,-0.05286660617357965,-0.0855845973499264,-0.12741757170969675,-0.14862724428010216,-0.12907305017474952
2024-05-22,-0.01897803776443802,0.0015593038091265467,0.000558533430829281,0.025689432520700353,-0.003527062481452006,-0.026463953016176475,-0.04672826485972069,-0.07870115173149586,-0.12164050182533209,-0.14046743035937723,-0.12148939259493931
2024-05-23,-0.04080025445489436,-0.02035664088278097,-0.02384117194084375,0.00416619941840914,-0.026470013020478383,-0.04981659117831308,-0.06600458680860966,-0.09923367765909345,-0.1406670594168252,-0.16147531249095795,-0.12067505803606368
2024-05-24,-0.049348381363644896,-0.03032480850781909,-0.03355986706297101,-0.003937446651079342,-0.03631733773374104,-0.06047475648954462,-0.07688566019545909,-0.11010874863435531,-0.15167327310777157,-0.17524354644103604,-0.12589516507739124
2024-05-27,-0.042852953884871314,-0.023017367665170017,-0.025846562166245403,0.003011959386720997,-0.028070843829914205,-0.05433586555254853,-0.06846486216094858,-0.10308328050022411,-0.1463453744341356,-0.16906548024754894,-0.1262125263626777
2024-05-28,-0.053526902024569674,-0.032614706152990766,-0.03639099094411084,-0.007429613398626625,-0.03790997535178071,-0.06530731675474054,-0.07955032696686187,-0.11303232227315355,-0.15597648703770728,-0.178218069677919,-0.12469116765334941
2024-05-29,-0.051362450306744946,-0.029598684328963294,-0.033358841608347456,-0.004671351427703886,-0.03315020956037867,-0.061253084119383405,-0.07642422544924365,-0.10919262668505546,-0.15216796949188585,-0.17767948388234395,-0.1263170335755991
2024-05-30,-0.056218866487597885,-0.03488759015268698,-0.03932067213147399,-0.009822718107498228,-0.03793644733870643,-0.06754037032130802,-0.08134759190957463,-0.11519552028676802,-0.15912424030350447,-0.18507985052087383,-0.12886098403327603
2024-05-31,-0.04574911373754266,-0.02452584988373893,-0.02979431757354238,-0.00099320794759219,-0.028915194036561565,-0.062270319425450256,-0.07507359696718774,-0.10997457381025491,-0.15296664113442976,-0.18289000594291502,-0.13714089220537246
2024-06-03,-0.06328580831303504,-0.04473952443503004,-0.05174464001152286,-0.01932300732092583,-0.05237069367668222,-0.08205852090385886,-0.09336847938270165,-0.12732767871772066,-0.16616839186938615,-0.19335462196732334,-0.13006881365428838
2024-06-04,-0.07286544273128945,-0.05493095794219745,-0.06181075623255622,-0.029412167976281236,-0.06004723767224737,-0.08961601405133424,-0.09914651231876084,-0.13179372085168953,-0.17045825483140487,-0.19540640139168852,-0.12254095866039914
2024-06-05,-0.09239969120883737,-0.07264314496239643,-0.07892825121176561,-0.04861309271340819,-0.07736710779905503,-0.10982536715639252,-0.1197267721083483,-0.15277217109351068,-0.1898212554194163,-0.21304560433518308,-0.12064591312634579
2024-06-06,-0.1363986667594998,-0.1123246637570107,-0.11730193060554196,-0.08514109476858894,-0.11532830662703855,-0.14358153209558902,-0.15418094066725008,-0.1832864722426606,-0.2210180544316248,-0.24096846904035116,-0.10456980228085144
2024-06-07,-0.10361319585734827,-0.08622448265487676,-0.0974915364285387,-0.06712179907479884,-0.09676795588167957,-0.12429373447248176,-0.1388123944240386,-0.17117056794638794,-0.20900471898844986,-0.2302696064041383,-0.1266564105467901
2024-06-11,-0.09666081593659176,-0.07964753731161778,-0.09277650951050097,-0.06326377725698168,-0.09053162788579022,-0.11998352150838146,-0.13333630700915472,-0.1612142520430934,-0.20248656450528746,-0.2216816492450981,-0.1250208333085064
2024-06-12,-0.0833493781124815,-0.06546791511335286,-0.07837178448400939,-0.048881127326282116,-0.0763122375664244,-0.10566443251105359,-0.1181668042877247,-0.14894719169676815,-0.1916292089844809,-0.21458725484758714,-0.13123787673510576
2024-06-13,-0.0892517133626523,-0.07032952831315122,-0.08199258154752363,-0.05299233772734177,-0.08068540218251434,-0.10801184218575222,-0.12029092690696491,-0.1501894675759264,-0.19112979952654272,-0.21724694046447343,-0.12799522710182126
2024-06-14,-0.08945919075838789,-0.06945772410106578,-0.08257782278151728,-0.05337776360234478,-0.07966305553106806,-0.10669975402543565,-0.1192586076570796,-0.14772557377612056,-0.1904735409121551,-0.21678508178211256,-0.1273258910237248
2024-06-17,-0.09720597167458817,-0.07728256578667093,-0.09007472983303597,-0.06049817239041998,-0.08598079345633987,-0.1111845783794677,-0.12298023320985327,-0.1519885017094379,-0.18922786576691072,-0.21725598693886428,-0.12005001526427622
2024-06-18,-0.08276879698507658,-0.06185250063568526,-0.07622994852800476,-0.046824065066584576,-0.07077287443535124,-0.09669556740331053,-0.11002817247515563,-0.13910012046845677,-0.17892127654039922,-0.20974143232652512,-0.12697263534144865
2024-06-19,-0.09074678950362469,-0.06703477358578602,-0.07977762877037897,-0.05037729111379484,-0.07655197776466674,-0.10099604908131304,-0.11565123780509438,-0.14795022195389002,-0.1893430727945668,-0.2175275318502942,-0.1267807423466696
2024-06-20,-0.11161568849557701,-0.08695451556704661,-0.09978142082042205,-0.07008449087287304,-0.09598451269570989,-0.12114150360585246,-0.13481379725049328,-0.16651202792685912,-0.20713755808037793,-0.23422148648001287,-0.12260579798443597
2024-06-21,-0.11094025863312079,-0.08736230189678981,-0.09990872111934589,-0.07245746372271791,-0.09668083122109696,-0.12251882118291114,-0.13520012853092955,-0.1698767695504947,-0.2115495061843117,-0.23874342269695284,-0.12780316406383216
2024-06-24,-0.14954293868847124,-0.12563425160903396,-0.13789401253717248,-0.11027452145295104,-0.135523336930449,-0.15934802419550315,-0.17087076027018294,-0.20616807773251614,-0.24719603506828425,-0.27055804084654267,-0.12101510215807154
2024-06-25,-0.1469425995579964,-0.12022956169725023,-0.1326745167566435,-0.1073576572490814,-0.13132209855631521,-0.15826639712893725,-0.17150702092212305,-0.20882367564337626,-0.25263353679495953,-0.2799113469923007,-0.13296874743430442
2024-06-26,-0.11570078138437273,-0.088553742154092,-0.10088496198573557,-0.07585203278951803,-0.10182636006828405,-0.13002885837614242,-0.14423733628774082,-0.18215462997126533,-0.22315191304991694,-0.2566242181878968,-0.14092343680352423
2024-06-27,-0.13436035847301783,-0.10693738633363474,-0.11845096349896747,-0.09386105368956996,-0.11931484406723561,-0.14931293150897965,-0.16265415833198657,-0.20135172404802673,-0.24187226797328798,-0.2789812624226883,-0.1446209039496706
2024-06-28,-0.1321994076005211,-0.10392954358389221,-0.11536035920616503,-0.08997922482321824,-0.11565504432186023,-0.1442874391997619,-0.1553639177572848,-0.19611846052970502,-0.2327344707167592,-0.2714482124467787,-0.13924880484625773
2024-07-01,-0.11818956258832927,-0.09279727075670405,-0.10445621817530955,-0.08106514265380234,-0.10666572678976784,-0.13812002545256058,-0.1496713849840912,-0.19105055467944926,-0.22763233905770153,-0.26465817651127443,-0.1464686139229453
2024-07-02,-0.11643898289263088,-0.08761699255537053,-0.09852888068070512,-0.07996327413302966,-0.10418215515899186,-0.1378607205730001,-0.15253862229002113,-0.1940908626903469,-0.2329054503761895,-0.27296977472285616,-0.15653079183022542
2024-07-03,-0.12385096623168979,-0.09402006812658892,-0.10631873105438618,-0.08770983102580704,-0.11215682877990726,-0.14740704794077028,-0.16334210424238058,-0.2043462487603969,-0.2467575450195389,-0.285356518424268,-0.16150555219257834
2024-07-04,-0.15091079652820452,-0.12089640151456904,-0.13436929283650623,-0.11704869200769996,-0.13849900858300412,-0.17359064453217618,-0.19140631087064097,-0.23094833487816196,-0.2711367561406764,-0.30820665648094286,-0.15729585995273843
2024-07-05,-0.13808394128975235,-0.1074680944332908,-0.12026284298343684,-0.10430433884662245,-0.1257122914270682,-0.1626737578316026,-0.18169350703650858,-0.2233450460436441,-0.2621434379598181,-0.30384649506704675,-0.16576255377729449
2024-07-08,-0.16466090857412438,-0.1345807013199534,-0.14577495946192423,-0.13076673236556818,-0.15398429392839913,-0.19075815179001918,-0.20953306932162186,-0.25083969361849395,-0.28781004463009047,-0.32486111739970663,-0.16020020882558234
2024-07-09,-0.15345367886346398,-0.12300218609560054,-0.13313617265691463,-0.11687735538571103,-0.13511728492115316,-0.17148613851516634,-0.18791913346065486,-0.22697141440584157,-0.26303491618760233,-0.2991674679893081,-0.1457137891258442
2024-07-10,-0.16106545813252782,-0.1333510981105283,-0.13913815924716438,-0.12468262893870546,-0.14166513032540615,-0.17773546541388158,-0.19426720295310157,-0.2360609898888695,-0.26811479720300724,-0.3058849527829612,-0.14481949465043342
2024-07-11,-0.13065483410720702,-0.1011220798080921,-0.10570985984211881,-0.09140998780791942,-0.11069323346240492,-0.14572784320040733,-0.16358110289152336,-0.2045496127952533,-0.23852130574287933,-0.2786866522364371,-0.14803181812923014
2024-07-12,-0.13323011114211974,-0.10282004216253837,-0.10842070232717305,-0.09432903937542188,-0.11393047440917202,-0.14762748849129761,-0.1663212310618098,-0.2080521421770679,-0.24311038956398234,-0.28437105860603223,-0.15114094746391254
2024-07-15,-0.1442735210981444,-0.11748789611580295,-0.12277263525348042,-0.10830719127899613,-0.13006134300862443,-0.16425792136802497,-0.18302407417053315,-0.22355094138773385,-0.2573719278209315,-0.29925887867771495,-0.15498535757957058
2024-07-16,-0.1472048186527276,-0.11949050414959975,-0.12313573188017818,-0.10872085374736644,-0.12876190550521932,-0.16264838228205836,-0.18155942574402023,-0.22015423104434023,-0.2547918946891987,-0.2948746900852644,-0.14766987143253685
2024-07-17,-0.1552279463053156,-0.1288386920327369,-0.1319978289826523,-0.11777546437321113,-0.1387181400419112,-0.17380893152910348,-0.19587373951524603,-0.23064460372440604,-0.27190974436782067,-0.3081230493181313,-0.15289510301281573
2024-07-18,-0.15237306856810448,-0.1276158474207023,-0.13221979932456887,-0.11704427296428399,-0.1389059302708197,-0.17441072279116485,-0.19784050796910932,-0.2307768854114821,-0.27443521329621223,-0.31034904656605733,-0.1579759779979529
2024-07-19,-0.14490579576928278,-0.11971324801649956,-0.12577082565210548,-0.1102511948594221,-0.13381317924375544,-0.1682539646748864,-0.1903293347205713,-0.22465325933736194,-0.26928667098377995,-0.30437146199050635,-0.15946566622122363
2024-07-22,-0.1429703235272024,-0.1156064151780669,-0.12294163366524993,-0.10707515572731804,-0.12772832346177154,-0.16267352337824675,-0.18505312300731652,-0.21938697571156882,-0.2624687859889039,-0.2994819289054714,-0.156511605378269
2024-07-23,-0.16616229603683524,-0.13685623302437816,-0.14369943253650447,-0.12693544093798878,-0.14807785086107833,-0.18248882362598318,-0.2052990873020791,-0.2397993873673403,-0.2816059534151521,-0.3230753715826919,-0.15691307554585668
2024-07-24,-0.1826032481554976,-0.1538815028185025,-0.1597706501350902,-0.14333090381080915,-0.16516261235162205,-0.1988846072111699,-0.22051832762100015,-0.25390915419719146,-0.29642338241397664,-0.33514690686765886,-0.15254365871216127
2024-07-25,-0.180200296430393,-0.14850752956151067,-0.15513700182011675,-0.13754169077516704,-0.15826590972629379,-0.193015323022441,-0.21468433036430243,-0.24989007672682215,-0.2935081810089271,-0.3314137741548798,-0.15121347772448684
2024-07-26,-0.1643341787942624,-0.13047920223031376,-0.138960581928586,-0.12072378173246567,-0.14038449856997642,-0.1748748727221539,-0.19868813490663476,-0.23247254167426748,-0.2757903689109936,-0.31995185625046274,-0.15561767745620037
2024-07-29,-0.16798821061832334,-0.1304343457906216,-0.13834312720197942,-0.11988698710948614,-0.1391469115694183,-0.17125061551014636,-0.19829671409975366,-0.2312549226503722,-0.27172186239962853,-0.32112844355730863,-0.15314023293898535
2024-07-30,-0.164863120037838,-0.12588458668882077,-0.1327779997024742,-0.11343287509123533,-0.13361581895269536,-0.16526602480454097,-0.1932965732254179,-0.22533573345130756,-0.2674439220211225,-0.31704551706399203,-0.15218239702615408
2024-07-31,-0.12860091269634008,-0.0885745797205911,-0.09820006154557706,-0.07714779158561949,-0.09874807659119494,-0.13055529622709255,-0.1577241946576143,-0.19074040067740075,-0.23524905172821847,-0.28718163509772415,-0.15858072240138413
2024-08-01,-0.1299481903806003,-0.08916905044515384,-0.10011505550619294,-0.07693402143758067,-0.09745284400297546,-0.1311884967463956,-0.15781208006484282,-0.18879137804242938,-0.23237542132071415,-0.2859907564055022,-0.156042566024902
2024-08-02,-0.14025313552441346,-0.10040370044417225,-0.11168007446292592,-0.08939856329799105,-0.1102617724563235,-0.14647972167778592,-0.17103775565278834,-0.20400359934311546,-0.24739352474015203,-0.3000914875561337,-0.15983835203172034
2024-08-05,-0.16091699706338175,-0.12409345450218343,-0.13509031583612535,-0.11582337738941156,-0.13414451494635066,-0.17503070772397764,-0.19680574133270215,-0.22969621272748966,-0.2754547522193323,-0.32649702567270283,-0.1655800286093212
2024-08-06,-0.14562968477493823,-0.10482898369591315,-0.11538978171087962,-0.09580436452637914,-0.11433684672812051,-0.1548954709503785,-0.1762518411187601,-0.2095462202813557,-0.2574722891668652,-0.3065215166145343,-0.1608918318395962
2024-08-07,-0.14137713146280867,-0.10175378309422382,-0.11349835545997586,-0.09465448734788469,-0.11262039263930802,-0.15499259596075204,-0.17708121140364033,-0.21092653542582002,-0.26040586006544025,-0.31215930657103624,-0.17078217510822769
2024-08-08,-0.14356036210759673,-0.10480387082174736,-0.11620480156139114,-0.09798283113148432,-0.11500980663977668,-0.15664710520999614,-0.17912794768698623,-0.2130480766193632,-0.26358751872970704,-0.3135509889083674,-0.16999062680077076
2024-08-09,-0.14729952220532852,-0.11133676013468241,-0.1212736539360461,-0.10347927916529806,-0.1227652978302402,-0.1639733976843797,-0.18685929517684718,-0.2212031637585905,-0.2719798222933914,-0.32526296927134246,-0.17796344706601405
2024-08-12,-0.1538700376220986,-0.11601944319950225,-0.12713175526087755,-0.11052007161407337,-0.12850625064007914,-0.1712625581950069,-0.19383624973463173,-0.23072245088132268,-0.27777000618229225,-0.3309253706427413,-0.1770553330206428
2024-08-13,-0.1463979160330127,-0.10786370743224272,-0.11789103362172178,-0.10198661637033732,-0.12228929902360913,-0.16428573455560114,-0.1872396367255128,-0.2235792443329144,-0.272506633759261,-0.32529779077186444,-0.17889987473885186
2024-08-14,-0.1498487116160648,-0.11277000730898791,-0.12390275584713567,-0.10611149744263922,-0.12758579435598616,-0.17016774200729595,-0.1936616048537609,-0.23010448516289952,-0.27903865245281145,-0.33133541173312775,-0.18148670011706305
2024-08-15,-0.14182658128853948,-0.10408001376848655,-0.11561229444042517,-0.09760142556618309,-0.11935421380629381,-0.1619350028469454,-0.18671061797852506,-0.2203745080972899,-0.27021815660040405,-0.3214820035632979,-0.17965542227475853
2024-08-16,-0.14479419747837036,-0.10694873492075771,-0.12040345480012095,-0.10360462850620829,-0.1247957489133603,-0.16730473126977957,-0.19305903209119335,-0.22669208197883206,-0.27432542691505307,-0.32621440107585176,-0.18142020359748148
2024-08-19,-0.1475898467177098,-0.11130828252684202,-0.12374894771061239,-0.10651684725603142,-0.12833661100501045,-0.1718057653978641,-0.19648630809423137,-0.2298633015203039,-0.27948066553165707,-0.33209846460533987,-0.18450861788763015
2024-08-20,-0.16481774021684145,-0.1291540326851901,-0.1420594632765503,-0.1226095753445387,-0.14484664740628014,-0.18911026007555376,-0.21405705310350578,-0.2466285383675881,-0.29770007125211945,-0.34960862112858293,-0.1847908809117416
2024-08-21,-0.1669933601131185,-0.13077166369263316,-0.1440711678331831,-0.12356962360381256,-0.14663556429245103,-0.1934761090773069,-0.21794834679838201,-0.2513650895125595,-0.3009915573989272,-0.35413107574518876,-0.1871377156320704
2024-08-22,-0.17972832845404063,-0.14398793470335547,-0.15624869082307902,-0.1390765946393718,-0.16178540854324802,-0.20838524290424815,-0.2325853690729783,-0.26733163257215287,-0.3178745165359104,-0.3746482645829603,-0.1949199361289198
2024-08-23,-0.1853851543575941,-0.1480120879699224,-0.16099142671698052,-0.14327777530849847,-0.16533894788669232,-0.21133303554515334,-0.2362527823442864,-0.2741801740254423,-0.32227338645275594,-0.3795548060644337,-0.19416965170683975
2024-08-26,-0.17671633198203607,-0.13774855354470839,-0.1489999712368343,-0.13199290645956724,-0.15495693220418008,-0.19923603153268368,-0.22406754186683278,-0.2616547098608659,-0.3126358766017127,-0.3716191363287596,-0.19490280434672363
2024-08-27,-0.18799591988066236,-0.15255631528246333,-0.16278319641766303,-0.1465830140511463,-0.168175276366188,-0.2154166416207991,-0.2414945589878843,-0.27498492466515834,-0.3251188953572346,-0.385534758613881,-0.19753883873321873
2024-08-28,-0.18383392285634156,-0.1483624829320848,-0.15619477558762151,-0.14106664725617396,-0.1627787822550073,-0.20988323597904993,-0.23718175971339048,-0.2698887329559614,-0.3212655814898869,-0.3833825197646845,-0.19954859690834306
2024-08-29,-0.1665647698271791,-0.1329653803662671,-0.14186201272928062,-0.12670562504997177,-0.1476430966580467,-0.1960049224139499,-0.22383895339862864,-0.25656047026173306,-0.30559398569475826,-0.37046211754592373,-0.2038973477187447
2024-08-30,-0.14779444607628114,-0.11357958756294402,-0.12119205264385205,-0.10863438119465299,-0.1296834981023808,-0.17521806888275918,-0.20373626052471544,-0.23585230909729865,-0.2852259681784064,-0.3530175805072732,-0.20522313443099216
2024-09-02,-0.16749190306718054,-0.13163860558747947,-0.1397251777724312,-0.12631299856494949,-0.14685689275813749,-0.1921856096174923,-0.22138212568362664,-0.25107804392048005,-0.29920173489208995,-0.36782745984054155,-0.20033555677336112
2024-09-03,-0.16179360797368453,-0.12343523207339907,-0.13225002522237098,-0.11665766551018868,-0.13721774711427126,-0.18215462385017253,-0.2120527223844709,-0.23949879256595355,-0.2880419125729374,-0.35619862269033836,-0.19440501471665395
2024-09-04,-0.16655730406012967,-0.12884949737088736,-0.1377320211071779,-0.12295483163614004,-0.14400685674155336,-0.18939576854217804,-0.21877102928253572,-0.2458359573345524,-0.2942391273718036,-0.3640350483786082,-0.1974777443184786
2024-09-05,-0.15809225169904062,-0.11971433617016915,-0.1282621722786573,-0.11342556310537179,-0.13417333327278788,-0.17982033494494892,-0.20884487880714955,-0.23647434043152238,-0.2853255335009299,-0.3585787604720184,-0.2004865087729779
2024-09-06,-0.17546790743544544,-0.13813426426801206,-0.1466735695039274,-0.13260463169212972,-0.153919743407257,-0.19901675483602294,-0.22794430540615856,-0.2558777038553936,-0.30495681419368104,-0.3785975819771702,-0.20312967454172487
2024-09-09,-0.18118816542948066,-0.13993211765622302,-0.14876439262682256,-0.13533255169996647,-0.15454245581808174,-0.20065675765497365,-0.230198142673969,-0.2570601048126026,-0.305600753150995,-0.38352108341733127,-0.2023329179878507
2024-09-10,-0.17886523908878543,-0.13477091079868803,-0.14259879444900922,-0.1294135956816245,-0.14747722370785304,-0.19296823517143125,-0.22303552797374882,-0.25026286264674685,-0.2996022763697463,-0.3794963729052961,-0.2006311338165107
2024-09-11,-0.1846272093971847,-0.14009862147656463,-0.14692304254538233,-0.13389528922680025,-0.1517806175541221,-0.1974709104496906,-0.2296770779013979,-0.2529331522546867,-0.3031556062901519,-0.37933621497904685,-0.19470900558186222
2024-09-12,-0.18747470336419586,-0.14235616254515476,-0.14904778353113954,-0.13804918161377952,-0.15392680042966797,-0.20025379958544529,-0.23245222723551023,-0.25574059450685543,-0.3049337518238752,-0.38364854331244036,-0.19617383994824453
2024-09-13,-0.19894440828206492,-0.15549279085864798,-0.16130249990199497,-0.15148891077905144,-0.16735229174495686,-0.21516109614312512,-0.2452927207934069,-0.2698564426226867,-0.31986401262181324,-0.39763172565310856,-0.19868731737104367
2024-09-18,-0.20538870112332244,-0.16184810416295092,-0.16729781338252914,-0.1570731355553657,-0.17475756534703443,-0.221323897134404,-0.2519474291545953,-0.27626181676895334,-0.32747955770351506,-0.40185679898472587,-0.19646809786140348
2024-09-19,-0.18573884027800647,-0.1393555464888286,-0.1425460531513258,-0.13370661373975173,-0.1516437050419701,-0.19783431453697264,-0.22969528170765066,-0.2535282547058425,-0.3045928123884091,-0.3803514516125008,-0.19461261133449437
2024-09-20,-0.19168986978280597,-0.14557440743304764,-0.14806054618609776,-0.13911696460233164,-0.15537888248415463,-0.2008194565156061,-0.23378513892056998,-0.25596503167333523,-0.3068326464550059,-0.38075468780057836,-0.18906481801777245
2024-09-23,-0.18923908267630735,-0.1426457716982457,-0.14617112678376473,-0.13632932058547256,-0.15253396197338884,-0.19895530413436208,-0.23102812287001026,-0.2551349648326196,-0.3070191652312093,-0.3801595879030371,-0.19092050522672982
2024-09-24,-0.15093777533014277,-0.10452497801703911,-0.109570225454548,-0.09933811640400178,-0.11665487606171362,-0.16450817010949184,-0.19510171818933353,-0.22086164868137018,-0.2710571090604772,-0.3485542368527134,-0.1976164615225707
2024-09-25,-0.13680440694767554,-0.09350688681784847,-0.09666034411853591,-0.08731305092127005,-0.10390162381074444,-0.15389272161951287,-0.18393610960544113,-0.20935363228896806,-0.2607305425325646,-0.3380383935307165,-0.20123398658304104
2024-09-26,-0.10493381956014293,-0.061851048016767704,-0.06242769854395218,-0.0548778588866884,-0.06856773163816576,-0.1203714407224709,-0.14742619348660022,-0.1712079893599311,-0.22554354762715256,-0.302551039908205,-0.19761722034806212
2024-09-27,-0.06196899435454774,-0.01333645744102814,-0.015239872399860244,-0.004974286246452887,-0.018482854992483998,-0.0701186799525119,-0.096695889322914,-0.11889292163516085,-0.1731862908644492,-0.2516172146502972,-0.18964822029574951
2024-09-30,0.04057096949055436,0.09284535153864718,0.09226164280570878,0.1036438782236054,0.09372559274168171,0.03761470932182441,0.014733249640881019,-0.0026864435571193612,-0.05797188196895628,-0.12857135466709346,-0.1691423241576479
2024-10-08,0.09758059672130348,0.14627615374053696,0.15027304540797723,0.1641913550516037,0.1641235629374163,0.11682705755587046,0.0975101436076162,0.09854014866855196,0.056622623615389056,0.002704075968289865,-0.0948765207530137
2024-10-09,0.019869859947127116,0.06169842543568477,0.0635084104040572,0.07360887714877082,0.0682409819257255,0.019854306230552843,-0.004495090246482619,-0.007077185137030678,-0.05387113475708104,-0.12794082674666002,-0.14781068669378722
2024-10-10,0.03831528065428714,0.07465773111542623,0.07742240687762396,0.08547925124476694,0.0799200074803067,0.02992043977175258,-0.001147366978991632,-0.007749775088954782,-0.06623729014296874,-0.1639914655815667,-0.2023067462358539
2024-10-11,0.01338499586086982,0.044926772621009935,0.045093210606491685,0.048515859997327174,0.04001510842048155,-0.01310004750985782,-0.045230253548974086,-0.05474516280296346,-0.11563642417777906,-0.2157515163119909,-0.2291365121728608
2024-10-14,0.03615643506430752,0.06735699421861199,0.07148979222720953,0.07577647002693416,0.06983573639363883,0.018842985472062507,-0.012024867531206802,-0.0193224098515797,-0.07677272380160778,-0.1663897278027507,-0.2025461628670583
2024-10-15,0.017044514074563633,0.04837688274314855,0.05282899912596938,0.057976744847191015,0.05253512500973506,0.0026029466001203927,-0.027008635497040363,-0.036095050244984515,-0.09065805706237043,-0.18130947738714703,-0.19835399146171073
2024-10-16,0.023264222635625626,0.054082817996663465,0.05755706320355073,0.06337818503655383,0.05549486789429276,0.007195311692182604,-0.02288223136112079,-0.033768824529314415,-0.08975358213641722,-0.18330875591633397,-0.20657297855195966
2024-10-17,0.011441433803065296,0.04261952967129862,0.04914452687532668,0.05761102568648063,0.0521356838423664,0.0022831237988867065,-0.02687984526858931,-0.03407510953028651,-0.09047066598088067,-0.18331138915681613,-0.1947528229598815
2024-10-18,0.03384712354155249,0.06945346663743635,0.07764572993709443,0.08683051081882597,0.08644646480503584,0.035303110335024375,0.009153099884913883,0.004808812247176615,-0.05112346403082265,-0.14030412013692745,-0.17415124367848
2024-10-21,0.03892760941937544,0.07647388370559766,0.08878540508478719,0.09823383993110249,0.10219935465263918,0.05338753845797116,0.028316690447542474,0.027327019573399284,-0.025614316541789126,-0.1055994295860074,-0.1445270390053829
2024-10-22,0.05491866649795821,0.09210283788583111,0.1036869743912968,0.11319591240664154,0.11254477600373372,0.06209103442071511,0.03706050522445261,0.03471601219427483,-0.019102326639897624,-0.10746443118923309,-0.16238309768719136
2024-10-23,0.061309275307476895,0.0959069957646026,0.10856770621426817,0.11752961647866658,0.11561092312590467,0.06415079397581783,0.03865855063224434,0.03589170562442807,-0.019055269513454827,-0.10827097777255595,-0.1695802530800329
2024-10-24,0.05980800361735969,0.09605403452175705,0.10758902360166772,0.11412368904405645,0.11452673574226088,0.06092392608427522,0.03519033380393402,0.029288964924024184,-0.02687764058073141,-0.1193080055598048,-0.17911600917716455
2024-10-25,0.07548494264665585,0.11415059667729986,0.1290402024457002,0.1340619741792862,0.136153650802744,0.08348080793158497,0.058272785324120085,0.05215741147145435,-0.003634446531203473,-0.09222011631927404,-0.16770505896592997
2024-10-28,0.09936097688676268,0.13760315459987668,0.1538846493561083,0.1581404466696574,0.15935405913193285,0.10700852445235579,0.07990230674239486,0.07313746805329209,0.016972261488177202,-0.06960910391453975,-0.1689700808013025
2024-10-29,0.07892862847545512,0.11470841748278696,0.13429203265298498,0.13439241435259716,0.13787635695345046,0.08593081680444416,0.06204602241593216,0.049921995880717954,-0.007662916816581815,-0.09550166297886206,-0.17443029145431727
2024-10-30,0.07858219502500707,0.11441789281280274,0.13357237612848197,0.13564599543535297,0.13689884917971742,0.08538684397092121,0.05951485991958292,0.05240389822638196,-0.006697570445685018,-0.09761589625597406,-0.1761980912809812
2024-10-31,0.08604445247263612,0.12411237473131824,0.1460697940402514,0.14944600269867872,0.14805651451370472,0.09817368930380801,0.07825594237963063,0.07195916246439041,0.011335129513509826,-0.0812409646382877,-0.1672854171109239
2024-11-01,0.07467842738057716,0.10716728061908276,0.1227088225722258,0.1215420957683121,0.12236883080408906,0.06470334640105099,0.04226695387317131,0.030742719983883504,-0.03266412629026629,-0.1364975725187641,-0.21117599989934133
2024-11-04,0.09042720124760734,0.1252338851178389,0.14196921699813694,0.14448369652871046,0.14483819880978335,0.08919208443218593,0.06703389772239512,0.056550956274595825,-0.007459963343304458,-0.1142327627402945,-0.2046599639879019
2024-11-05,0.10789462706266643,0.1463022291929703,0.16642766956919203,0.16917793495990038,0.17343391165259311,0.12138620561176915,0.10106311320731862,0.09042705078247516,0.028293665729547817,-0.07370953211106172,-0.1816041591737282
2024-11-06,0.11282529547716333,0.1507556095238524,0.17285324821016512,0.1760852736131536,0.17906763669137876,0.12622441050772176,0.10662113182499212,0.09585710951074747,0.03561518841692122,-0.07196171073567956,-0.18478700621284294
2024-11-07,0.13945928426259752,0.17746156459727042,0.20022351843376524,0.20300374340101882,0.2030192246527822,0.15060910252654275,0.12874927333322944,0.11695197181228878,0.056557514437013456,-0.05378356594926076,-0.19324285021185833
2024-11-08,0.14617024443542026,0.18144720190779434,0.20271965029271846,0.20573480060325547,0.20844975151009099,0.15374594201912628,0.12842356693803,0.11790360768921813,0.054165494216587964,-0.05814177321246634,-0.20431201764788665
2024-11-11,0.16460708938619106,0.20086417246550126,0.22719026692678873,0.228469433613614,0.2319019902501261,0.181295891225915,0.15158339673155963,0.13963093722349113,0.07703446739647751,-0.03689245007157842,-0.20149953945776955
2024-11-12,0.15734058235857257,0.19291132367054942,0.21739989263542364,0.21957732501959581,0.2239325844708261,0.17131224638988557,0.13925843795144488,0.12712568721990825,0.06600596501687879,-0.051118001083529166,-0.2084585834421018
2024-11-13,0.15861603350593606,0.19514579153388686,0.22014780793871186,0.22272167348121413,0.22623194927832863,0.174575975224944,0.14010310845093707,0.12992063020750355,0.0673150109683432,-0.05145288897683677,-0.2100689224827729
2024-11-14,0.1298970956778249,0.16566466708034022,0.19102038303159874,0.19265976238002894,0.193910810167514,0.1473028893956035,0.10987239644012703,0.09862300527603952,0.03798863633203653,-0.08246064633136786,-0.21235774200919283
2024-11-15,0.11361008165648859,0.14907683515203443,0.1736469427406999,0.17496337427686892,0.17290499275987964,0.12588617466348123,0.08955141333983022,0.07574974076133154,0.01509958605778174,-0.10621055779698554,-0.21982063945347421
2024-11-18,0.091555498517243,0.1247618999685695,0.1488482045922647,0.15052844946327576,0.14698448130274927,0.10297988353523967,0.06883516758649723,0.05496564259864477,-0.007250080843778702,-0.129636837005935,-0.2211923355231781
2024-11-19,0.11582081116309302,0.14993102871745284,0.17287995247889915,0.17794035606942163,0.17366199430550291,0.13000298914402436,0.09583299952581176,0.08305621625815583,0.021414440983102374,-0.10471842191937032,-0.22053923308246345
2024-11-20,0.1422131088283518,0.1741866544656304,0.19578533653700786,0.19950370927807493,0.1933513786474391,0.1498708401862628,0.11578778152538738,0.10102733024550986,0.03824569114706047,-0.08750358258559969,-0.2297166914139516
2024-11-21,0.1476125594999322,0.1799209077732504,0.19875839672272788,0.20396373453192468,0.19482895716786514,0.15125951621395115,0.11671032060643302,0.10371001079460956,0.03771678014506347,-0.08910302492021692,-0.23671558442014923
2024-11-22,0.11010742980911184,0.14316620358126259,0.16279035345860216,0.1646300434973485,0.15662697654177613,0.11536472100983836,0.08068493631280874,0.06659760143208346,-0.0004947027527146125,-0.1268044863579943,-0.23691191616710625
2024-11-25,0.12645380713144877,0.1600730074283044,0.17574572089136814,0.1792098094960998,0.1710241746967579,0.12664619811403463,0.09401830657669552,0.07832920081250441,0.011941165305596607,-0.1181426857904885,-0.2445964929219374
2024-11-26,0.12022686306717731,0.15235623100267107,0.16929595867624359,0.17058480267836595,0.16316711470100384,0.11419300148517521,0.0846022812091134,0.06950479554268718,0.003863630373430684,-0.12855532210030146,-0.24878218516747888
2024-11-27,0.1365185590807803,0.16982625000029944,0.1865766349938167,0.18944097762713785,0.18279519693017504,0.13170945375757265,0.10310782923588549,0.08711449773303762,0.021280532276462476,-0.11147656541645905,-0.24799512449723946
2024-11-28,0.13915532867000663,0.17381789860326086,0.18846912022562257,0.19017160476286019,0.1831998924027103,0.1310283068888839,0.10284368107918536,0.08940951889348725,0.022400638481289148,-0.11059064188479019,-0.24974597055479691
2024-11-29,0.15539936236913898,0.18862720859415474,0.20495459475218736,0.20516730544365816,0.19890627546501524,0.14461003892272314,0.11783391978605452,0.10542050368388588,0.0379358699792025,-0.09532523365715774,-0.2507245960262968
2024-12-02,0.1772039440660617,0.20906397725832537,0.22524671897091536,0.22535715392712227,0.22055255052974895,0.1658709472629265,0.13733470340357737,0.12637233827752287,0.06126373749669855,-0.07601955658687795,-0.25322350065293975
2024-12-03,0.1817116947361753,0.21341168500840535,0.2277758151800998,0.22571626149085544,0.22222492076255662,0.16811735700233912,0.13865149206536168,0.1262926026497288,0.0620964182540519,-0.07962594577958765,-0.261337640515763
2024-12-04,0.16631354389338143,0.20028805278968956,0.21298564795428987,0.21028322424070373,0.20781869269400557,0.15469806034651926,0.12436808906992583,0.11311966968375421,0.04792266315863358,-0.09203730626566466,-0.2583508501590462
2024-12-05,0.17900399539013492,0.2124861090066113,0.2263101584291714,0.22387223846784965,0.22158226319547195,0.1688842771883884,0.13682791180724546,0.1249391699482468,0.061614258479934875,-0.08033453088341647,-0.2593385262735515
2024-12-06,0.19323825791097404,0.22519312559929508,0.23856959640945283,0.2334266337386544,0.23134734202766283,0.17880861860127673,0.1464146087389081,0.13635096859612506,0.06880055629682223,-0.07659531219669041,-0.26983357010766457
2024-12-09,0.18841738298480581,0.221004265500207,0.23879808954368162,0.2313329630560909,0.2294730978190586,0.1770905232633996,0.1469097421029256,0.13669725252533688,0.06938920825849952,-0.07758795758032803,-0.266005340565134
2024-12-10,0.19758404422737144,0.22915207455556358,0.24493094032376903,0.23833145107731066,0.23587451301279636,0.1834518055650813,0.15170018738934213,0.14585289498220178,0.07875329714415806,-0.06797444505156963,-0.2655584892789412
2024-12-11,0.211639770076486,0.24191018519350094,0.2579827624377023,0.25303251502713836,0.24797510802031208,0.196850977106002,0.16784402782032581,0.15972903374633823,0.09246955245750971,-0.055520526726317396,-0.2671602968028035
2024-12-12,0.22134232510411386,0.25360193354982236,0.2695940514206711,0.2634036222298447,0.2594680382019294,0.20543021979292933,0.17717076783595845,0.16753575574826463,0.10336904836997457,-0.05074370928085075,-0.27208603438496476
2024-12-13,0.20117083266990513,0.23515397807495464,0.2504391146462913,0.24292342221776644,0.24003013394256167,0.1901431978735218,0.15981917305019916,0.15003482493213882,0.08498428813844183,-0.06776163097693193,-0.2689324636468372
2024-12-16,0.19459291075904056,0.2311162631217687,0.2445497038333099,0.23822965927577894,0.23332035039682128,0.1850669592688823,0.1547974825029552,0.138942877679244,0.08182825938942728,-0.07709928159904252,-0.27169219235808323
2024-12-17,0.16798568337667108,0.20309133079293837,0.20943270485381682,0.2030991013845619,0.1987392654460069,0.15035467308591444,0.11623365148280908,0.10026513161940064,0.04487035302229167,-0.11525102877176055,-0.28323671214843177
2024-12-18,0.17173591522121778,0.207228110004347,0.21517754068427136,0.20810968355906734,0.20480426673553326,0.15820471710384856,0.12348892384143872,0.10906071131345016,0.052597015641103174,-0.10663075256608362,-0.27836666778730157
2024-12-19,0.16891668840688098,0.20578569326488844,0.21304630209559755,0.2068308737605836,0.2084530591799022,0.15955064030018712,0.12412899801096279,0.1101505920294506,0.05611101254651585,-0.10312177451149543,-0.2720384629183766
2024-12-20,0.17639599677536955,0.2140852460333762,0.2208564807410777,0.2186690196891469,0.2194334541756652,0.17103663864253416,0.13621576579329847,0.12523213974418396,0.0713952749963361,-0.08945536102694704,-0.2658513578023167
2024-12-23,0.14171448595103459,0.17571354018210267,0.18158534720022174,0.1754191601311114,0.17736389305646177,0.12985200198882182,0.09690187427837148,0.08234493015468165,0.029106074811362348,-0.1269485588395399,-0.2686630447905746
2024-12-24,0.15056261729479167,0.184453111082362,0.19093101683890598,0.18617647021392703,0.18853628443161116,0.14124271895277335,0.10975347571210846,0.09467949936049097,0.043376562620882415,-0.11671104987293127,-0.26727366716772305
2024-12-25,0.13193551158378902,0.1667066806657377,0.1714119128604397,0.16616646498743504,0.16822449946615262,0.12401915299510449,0.09128933396717485,0.07450408874243009,0.023774879057905398,-0.13383366990177467,-0.26576918148556383
2024-12-26,0.141759821792383,0.1743252433525063,0.18072764339747685,0.175767367112789,0.1812041804070686,0.13523685373160993,0.10433955699512626,0.0902764334178921,0.03943771894641225,-0.11473853966070016,-0.2564983614530833
2024-12-27,0.152498419909216,0.18467544498646257,0.19100137785648325,0.18649353579260905,0.18922994079669073,0.1431379789404553,0.11070439787765436,0.09698658641018681,0.04160841873962747,-0.11615673115935372,-0.26865515106856985
2024-12-30,0.14290505676245935,0.17642254307131766,0.18176938937783046,0.17534937232987227,0.17916728463752776,0.1327219942684032,0.10082173001834249,0.08675602301193196,0.03295959724521834,-0.1247429838868148,-0.2676480406492743
2024-12-31,0.12099628116243662,0.15307362969733185,0.15816416062722813,0.15037984858429648,0.15434965655796323,0.10744597022713182,0.07508278504160608,0.0589888938548391,0.005872465132962225,-0.15589895402935572,-0.2768952351917925
2025-01-02,0.10110389487686677,0.1311870888590495,0.13798364744797836,0.13089421271697138,0.13635572065511478,0.08900477621057931,0.0583541872857881,0.042479061315376515,-0.013613682459896085,-0.1735738732413728,-0.27467776811823974
2025-01-03,0.07376200717400136,0.10085499623658817,0.10662510966094098,0.0955682171680133,0.09878529944716002,0.04931666734746675,0.016763293420966573,0.0008644145138754222,-0.05418381742145961,-0.2162664720380677,-0.2900284792120692
2025-01-06,0.07485625360581828,0.10342951871938039,0.10561773809327905,0.0947573513412465,0.09451157791273407,0.04491566208680419,0.01154744389252809,-0.0044296932835191875,-0.06123429861625075,-0.22464812916817006,-0.2995043827739885
2025-01-07,0.08910767178006292,0.11900880099599546,0.12360548550402131,0.11408555654702453,0.11678039408819554,0.06871375222498655,0.03825216087774238,0.021732112346257486,-0.032487332989636006,-0.1964612377951489,-0.28556890957521197
2025-01-08,0.08230868015542593,0.1132736241167774,0.12042885107447153,0.11249524189806409,0.11476379546549645,0.06771322211052316,0.037555280014113124,0.021833227127828658,-0.03227604974060812,-0.19423128186696756,-0.27653996202239367
2025-01-09,0.083912928174657,0.11444100992448197,0.12367072935445689,0.11515661806331809,0.11790323837260046,0.0710325131318971,0.043995947959094166,0.02514178646281706,-0.03040095099106776,-0.19311571748539552,-0.2770286456600527
2025-01-10,0.060194616062040546,0.09183057590601829,0.09810224939098482,0.08936512025244123,0.09086127723294199,0.042560623929865184,0.01783061131986966,-0.00410251496092982,-0.06091203015982345,-0.22358482136183427,-0.283779437423875
2025-01-13,0.06906183809769759,0.09966150741584608,0.10406921033991492,0.09516529431439742,0.09542685910315245,0.045018377735557544,0.01726841124506516,-0.006142208851210628,-0.0636873005791341,-0.22505470558145707,-0.29411654367915485
2025-01-14,0.11284227821188934,0.14444939342736568,0.14793169138019407,0.14035677076455683,0.13991399588310952,0.09249796816814422,0.06411060384186978,0.04301716353798078,-0.013813798268465204,-0.1809154697273262,-0.2937577479392157
2025-01-15,0.1108750600830143,0.14227394811883162,0.14374299802441892,0.13668258955021592,0.1375468312279618,0.08645136110550965,0.059095884489612574,0.03569810638817141,-0.022033540344666314,-0.19013244350481706,-0.30100750358783157
2025-01-16,0.1170024961661628,0.14843632787218783,0.150186024236379,0.1437074908348367,0.14380389963432746,0.09325531475385518,0.06493718808623478,0.043232994351997664,-0.017802530449634448,-0.1890737890416797,-0.30607628520784275
2025-01-17,0.11677274020811317,0.14949381710192686,0.1515531023460879,0.14461767463130834,0.14592099191418703,0.0959877746141873,0.06764326954268618,0.04441390078783799,-0.01629205295969509,-0.1872990000910837,-0.3040717402991971
2025-01-20,0.12830124598822423,0.161352803556259,0.1622217953792133,0.15522215161190897,0.15488566198697395,0.10554507802883366,0.07814138907988435,0.05414061542707631,-0.007427109625052939,-0.18221153025273237,-0.31051277624095686
2025-01-21,0.12075169944733252,0.15560885867807894,0.15677540883017074,0.15153032798995084,0.154102025625388,0.1051212681743889,0.0792607371276209,0.056520294068967955,-0.004009269215891531,-0.17408219834220207,-0.29483389778953484
2025-01-22,0.11203770145871014,0.14547650717173632,0.14674627636454265,0.13925482527086747,0.14402570500243678,0.09417586329300882,0.06816748197443473,0.04650304293269779,-0.014446234359843881,-0.18568464950965619,-0.2977223509683666
2025-01-23,0.11199750005266301,0.1468634356873086,0.1470713361455038,0.13929323656240283,0.1437673651670536,0.0924284414746917,0.06563638873177148,0.044321572467744895,-0.017488078561480908,-0.19000430486561626,-0.30200180491827955
2025-01-24,0.12244150977045003,0.1567815763382591,0.15902461946713992,0.15094958928564262,0.15770968309331387,0.10530564103219951,0.07681632474547612,0.057041891417060855,-0.005228737724373281,-0.17456361183295727,-0.2970051216034076
2025-01-27,0.11409888354815804,0.15083050664937914,0.15191951873265996,0.14475197322902641,0.14961495160194124,0.0957510968772633,0.06788911824486736,0.04537783657467008,-0.02185457581450465,-0.19515185266833265,-0.309250736216491
2025-02-05,0.12366474400016661,0.15816135470041554,0.16186719271516717,0.15731394271792845,0.16071265421386965,0.10788165505927301,0.07859299749836403,0.05428663835739139,-0.01018751450042462,-0.18417082843321317,-0.3078355724333801
2025-02-06,0.1433699323209181,0.1758311325087698,0.18087440455118708,0.17663435397578695,0.18269616534808936,0.12848968435209632,0.10159225015844874,0.07846855113392781,0.015762494924150973,-0.15423105174850446,-0.2976009840694229
2025-02-07,0.15609905454254233,0.18784474631997747,0.19338580303805591,0.18945095393932385,0.19515431797192653,0.14119036777428043,0.1153234844780154,0.09143982367500286,0.02826600681189963,-0.1430876261492032,-0.2991866806917459
2025-02-10,0.1733479386750154,0.2041145080658043,0.20899491532529632,0.2071878131779333,0.2114681148373878,0.15885011750706254,0.13397596507807738,0.10773680782520437,0.046096554939202034,-0.12491879280291168,-0.2982667314779275
2025-02-11,0.17185849691670002,0.20119320145929237,0.20503993340754736,0.20509101207419422,0.20854675822044083,0.15617259498818686,0.12950905502305463,0.10379634296831822,0.04205716299490569,-0.13334770540108543,-0.30520620231778584
2025-02-12,0.17850890975179878,0.2102399885310571,0.21380020596256757,0.21628699164083284,0.21830469045258613,0.16726159581710778,0.1421610332787914,0.11594758395843371,0.0525479504054646,-0.12386468297503034,-0.3023735927268295
2025-02-13,0.1704679620691323,0.20085730460595883,0.20386114799200866,0.2066606253400835,0.20769508408055054,0.15708160066484037,0.13225464916323265,0.10702710592937538,0.04040593716118806,-0.13707866177358002,-0.3075466238427127
2025-02-14,0.1688145697987583,0.1987343467612514,0.20663646102079222,0.2102611525567673,0.21268370842148096,0.15998190307372276,0.13603999891843316,0.11244193352196379,0.04516749981411726,-0.13335661225469356,-0.3021711820534522
2025-02-17,0.18022118927217362,0.21330531624676108,0.2192979497333898,0.22219675646328835,0.22545022563356334,0.17181138723492742,0.14799858864953083,0.12302130777191872,0.05731292767975999,-0.1236823944194563,-0.3039035836916303
2025-02-18,0.16333812881324355,0.19131376753406026,0.19536130660452125,0.19838330796951723,0.2003814794631516,0.14557692202882372,0.12066696735042735,0.09975335976394901,0.03167327842261025,-0.14836288669832456,-0.3117010155115685
2025-02-19,0.17978132729206658,0.21009098103756155,0.21587231203959187,0.21920697237335166,0.22270988532672725,0.1678449678911194,0.1433419202632938,0.12257521684330906,0.05599339770784776,-0.12296460710041211,-0.30274593439247904
2025-02-20,0.18562858166498877,0.21826111479322008,0.22294289041698226,0.22904819618831113,0.23188153194223368,0.17630413962166763,0.154373990197485,0.13504157836677363,0.06514644645055882,-0.11529366095233082,-0.3009222426173199
2025-02-21,0.18889779754010733,0.226726570840457,0.23268824801180196,0.23872619026160147,0.24002202210879842,0.18861322087897336,0.16371605822569485,0.14312780209366063,0.07487962690466923,-0.10521543449477501,-0.29411323203488265
2025-02-24,0.19322730481527653,0.2286857609470077,0.23463286082773313,0.24108778432457412,0.2451969517024773,0.19376502614099678,0.16714789420385717,0.1445240115605499,0.07798537230100847,-0.10148240386362754,-0.2947097086789044
2025-02-25,0.18601189829704257,0.22216862867629106,0.23014246524886076,0.23646859046413096,0.24228129491000644,0.18969302245991088,0.1666051833203809,0.14090342947761572,0.07543081238288345,-0.10523364322630914,-0.291245541523352
2025-02-26,0.1977790396909644,0.23307924826769144,0.242125489192952,0.2513221182894649,0.2555406909456946,0.20473942902529327,0.18158289071117273,0.1565546191022447,0.09351935202716843,-0.08792006564770297,-0.28569910533866766
2025-02-27,0.19960933778569503,0.23319198559682633,0.24059406314925771,0.25098119496141025,0.25288219928497796,0.20099495445361273,0.1819234276003396,0.1548073778071435,0.09108935356790619,-0.09168814007099509,-0.2912974778566904
2025-02-28,0.17769869303026506,0.20470160036355342,0.20838802127917774,0.2195379485245579,0.2163434494337555,0.16936390117049846,0.1472778130231268,0.11998206949223998,0.055388451076686177,-0.1233103985204681,-0.30100909155073347
2025-03-03,0.18124839465278844,0.20979562246829495,0.21424863061612048,0.2252907049404506,0.22211022671074807,0.17516832203375957,0.1522988059352658,0.12292561257938024,0.061445503488049294,-0.11803230097468238,-0.2992806956274711
2025-03-04,0.19168783511854476,0.22383339789989887,0.22911521934546486,0.24055962785492352,0.2359949011960958,0.18878633707075462,0.16491129556169143,0.13687634331786597,0.07301138662379482,-0.10778413432838975,-0.29947196944693477
2025-03-05,0.1944890789999002,0.22654248868681998,0.2305705314231688,0.241675489356073,0.2373166101442814,0.19165625467679556,0.16891395690867494,0.13930145080484627,0.07611727944061945,-0.10822732419676927,-0.3027164031966697
2025-03-06,0.21035661494692465,0.2459473050797548,0.24800947041457974,0.26201544878573535,0.2558308093100682,0.21144298802514394,0.18844109175773416,0.1550167420356916,0.09218597295095368,-0.09556828545129165,-0.3059249003982165
2025-03-07,0.20507381883577686,0.23994403752577012,0.24136565336901594,0.2571584238351602,0.24923458257334377,0.20466501100309117,0.18175081521691902,0.15115194502238075,0.09086815198676974,-0.09681087168415803,-0.3018846905199351
2025-03-10,0.21023960230078484,0.24512933873493412,0.24378605969018494,0.2638847614943291,0.25367555021026966,0.20991503315994103,0.18706783664946994,0.15721152231663257,0.09956155157954627,-0.09159480187013179,-0.3018344041709169
2025-03-11,0.21334844846588644,0.248540181679829,0.24736053375613862,0.26858259414340435,0.2569408905627294,0.21252723854288888,0.19171089942732614,0.16252442553240465,0.1048326835982529,-0.08613963823845411,-0.2994880867043408
2025-03-12,0.21948148305431797,0.2550209762761267,0.25321995735876013,0.2733830009655765,0.2626912484781683,0.2175191769466652,0.19444790673946546,0.16465747842750794,0.10805806646265562,-0.08728207845654307,-0.3067635615108613
2025-03-13,0.2097173595716131,0.24365331867850895,0.24126319874690366,0.26011791678821744,0.2489022032687208,0.20318778545727664,0.18209986388240135,0.15443694344125333,0.09837907734692565,-0.09530399375690349,-0.3050213533285169
2025-03-14,0.22922054140775394,0.2635007507723455,0.26050029549537024,0.2798699950406797,0.26680758684904593,0.22056519201247246,0.19918300229450603,0.16924848640146783,0.11350064702535652,-0.08535353872494365,-0.3145740801326979
2025-03-17,0.23450266510084153,0.2692563541763116,0.2672837301383714,0.2867583887508807,0.27335866829450206,0.22612074424480605,0.2041960492743761,0.1754973577042382,0.11658932519843476,-0.08246760994675631,-0.3169702750475981
2025-03-18,0.24294986223014214,0.27595923119482463,0.27394328150920266,0.29272392068951886,0.27992881077486914,0.23212714785159314,0.2084165175999857,0.17907450544807973,0.11927730034594088,-0.0800835305799414,-0.3230333928100838
2025-03-19,0.23959117503138913,0.271285555558046,0.2669218932859514,0.2858545234710516,0.2753376278155151,0.22617077632309912,0.20336527980774627,0.17379250303686303,0.11611053477143907,-0.08273782338482849,-0.32232899841621787
2025-03-20,0.23858715001474054,0.27172424201605766,0.2672055273040912,0.2841025670245818,0.2741049467082841,0.2252529443941167,0.20338153562159966,0.17230134538229397,0.11340605655920967,-0.08498909333494947,-0.32357624334969026
2025-03-21,0.21952903343515975,0.24946306998317988,0.24558353161466726,0.2646468185925286,0.25469788718270403,0.2111608084632996,0.1901379806351659,0.15548073009867663,0.10148240184820334,-0.09422340514898213,-0.31375243858414215
2025-03-24,0.20302686038822648,0.23326332185733836,0.22736197801054986,0.24586227000296965,0.23777049764370256,0.19445584931076118,0.17393001700876215,0.1391211890034153,0.08970624010293353,-0.10126037953277776,-0.30428723992100454
2025-03-25,0.19882718543167655,0.22920147185515502,0.22263386971484983,0.2401845817131837,0.23370475548009387,0.18983301280843792,0.17071628796939334,0.13663827768823505,0.08725874433233245,-0.10169820599060446,-0.3005253914222813
2025-03-26,0.2123523670233958,0.24153381380507513,0.23500130744482442,0.25285867824570557,0.2436747340867103,0.2016096391449049,0.1793576714451503,0.14573222012411297,0.09401123435278012,-0.09959835341325239,-0.3119507204366485
2025-03-27,0.2076628563204656,0.2379828165055086,0.23053862766363828,0.24776519735567631,0.23915776572141903,0.19655080494834798,0.17516314725889395,0.1419748775800259,0.08699514849285281,-0.10080854418642143,-0.30847140050688737
2025-03-28,0.1946260070341999,0.22625976561563976,0.2172211874744111,0.23664969372664324,0.22617582313058007,0.18463321818945447,0.16153259273091378,0.13003463351153302,0.07253639331303445,-0.11730241082705284,-0.3119284178612531
2025-03-31,0.18642206251102555,0.21673399047159334,0.20697301798133383,0.22375649591749838,0.21249580721554273,0.17436006618365368,0.15117804522317937,0.12042973920519236,0.061314842376447284,-0.1296918900400277,-0.31611395255105357
2025-04-01,0.20056815498382682,0.2274000225482497,0.22010686648684086,0.23624678357950027,0.22458818221781338,0.185509585819237,0.16217208674171577,0.12948861786174473,0.07152235542298899,-0.11808847023231163,-0.31865662521613874
2025-04-02,0.20260972219943865,0.23114285051189368,0.22363812551002915,0.2388066686600743,0.228070545556042,0.18636210707508977,0.16416309322740333,0.13228658687709025,0.07275373571889976,-0.11728028818913468,-0.3198900103885736
2025-04-03,0.1949016719270887,0.22109992263780942,0.21666785133925942,0.23090399099180461,0.21911418951985248,0.18040930562349952,0.1570097529930629,0.12697979310690724,0.06682634430588888,-0.12052141620846647,-0.3154230881355555
2025-04-07,0.0640081022297522,0.09596878067655562,0.09279914856101533,0.10653462794375704,0.09723572126697007,0.06071926771000838,0.036661063937398014,0.008521727936088519,-0.04779934737331179,-0.2255294914894837,-0.28953759371923615
2025-04-08,0.10026208296747709,0.12561782808690825,0.12814169690115645,0.14441492711225298,0.135024998814528,0.09668680254316249,0.07358124315767822,0.04472217141574147,-0.006865752026190587,-0.1880618722509893,-0.28832395521846665
2025-04-09,0.12255253625137898,0.15092985585733568,0.1537304045584974,0.17125247580225766,0.1615072516124309,0.12304048938226853,0.09957950588598942,0.07281782388520501,0.01930713961493958,-0.16758919234479616,-0.29014172859617543
2025-04-10,0.15155362101947317,0.17760489870970592,0.17986167016309945,0.19975644535632311,0.18697500681720294,0.15276553478563312,0.12645618051233679,0.1009774247670325,0.04642764214315196,-0.14398084743553002,-0.2955344684550035
2025-04-11,0.16239098517046918,0.18703530066135945,0.19180079716623666,0.21191698776950688,0.2002163034552393,0.16254324376022744,0.13637889117032762,0.10876213220912918,0.053346442094070266,-0.14928916463837205,-0.3116801498088415
2025-04-14,0.17653661645836663,0.203372066423038,0.20928043707528154,0.2287367653452906,0.2187194883314613,0.18255654675173147,0.1554429811029442,0.12763187016856176,0.07320334142060886,-0.1300106064996256,-0.3065472229579925
2025-04-15,0.1801367238579494,0.20343870771703776,0.21010660770262157,0.23068493297702986,0.2195005248969005,0.1830032239022542,0.15542749826548574,0.12607449205835602,0.07139965229750936,-0.1338393275322819,-0.3139760513902316
2025-04-16,0.1668387252716875,0.18851576340146575,0.19393016385466738,0.21552164543822433,0.2032773226255887,0.16699663397997108,0.1398879843903033,0.11242474827017505,0.05928151526617295,-0.14431127986335957,-0.31115000513504737
2025-04-17,0.1728418519057586,0.19339127093960953,0.19969459315036897,0.22054795892353415,0.2096178193360667,0.1733653001046717,0.14430169571256768,0.11770900964129422,0.06605005419854412,-0.13732626075166623,-0.3101681126574251
2025-04-18,0.17443969153575534,0.1971491205161658,0.2012250128347602,0.22141150576151378,0.21058117568746101,0.17266217495922068,0.14172155385767837,0.11259032924863577,0.05787933932733903,-0.1481383792537017,-0.3225780707894573
2025-04-21,0.18983796341723097,0.21328916536803558,0.21865047445548863,0.23910330821004805,0.23110296709545874,0.19227179321542556,0.15994855855989615,0.13283474818001906,0.07543876771083526,-0.13163770715768425,-0.3214756705749155
2025-04-22,0.1914919881465073,0.21453177645029128,0.2197652676597089,0.24069092010942514,0.23352203112766484,0.1944731653866063,0.16073800954434786,0.13343000404487204,0.07526198122584998,-0.13093748349331658,-0.32242947163982416
2025-04-23,0.20568684339321605,0.22504546589375202,0.23163940418256335,0.24961323850161551,0.240676445947572,0.20077403307324296,0.16972022923081487,0.13774209033493112,0.07593275721148342,-0.13127374384538035,-0.3369605872385967
2025-04-24,0.19857965374543954,0.21980380472455785,0.22332770152810574,0.2408052267319937,0.2337897448379176,0.1929210139734992,0.16152883080953395,0.12792883708594197,0.06791750194468842,-0.13907896672976888,-0.3376586204752087
2025-04-25,0.2024471448993073,0.22510771876934657,0.2263658723886715,0.24477913340305046,0.23670705437281367,0.1971890293159078,0.1625265218817238,0.12922983222815443,0.06983994046175668,-0.1416128919610189,-0.3440600368603265
2025-04-28,0.18992693636487895,0.21479670645908147,0.21660041814913317,0.23415460888332829,0.2248700022261318,0.18521098031809233,0.14883035245676315,0.11561265944316945,0.05577252392148166,-0.15612703611868142,-0.3460539724835607
2025-04-29,0.19938677842454877,0.22335743075462303,0.22580959018803198,0.24424130066029073,0.23398975043954312,0.19465458049275006,0.1576642107725101,0.12452669431288031,0.06411832345151139,-0.14719163625123607,-0.34657841467578515
2025-04-30,0.20667246334228287,0.2326877231266663,0.2362813605226631,0.25289481985361595,0.24343001095199146,0.20412991324077545,0.16865000034042857,0.13223053969909138,0.07281146578750684,-0.1386286135719815,-0.3453010769142647
2025-05-06,0.22938183302420065,0.2588807705917562,0.26136966585296356,0.28211234179933353,0.27115300821160654,0.23352667974048633,0.19843127502109068,0.16036581656797247,0.10196904986150186,-0.11072172596320154,-0.3401035589874025
2025-05-07,0.23463743305425738,0.26423042072281894,0.26707369161052275,0.28913401764342206,0.2773233751291559,0.23973494525837874,0.20425006128552373,0.1684016015236362,0.10961920927683978,-0.10322067926911245,-0.33785811232337015
2025-05-08,0.2472895164794526,0.2758123318255355,0.27983889140066914,0.30108922710958885,0.28782810256362257,0.24795231034439144,0.21381030414916494,0.1792560294158157,0.1178461729703279,-0.0959367215743213,-0.3432262380537742
2025-05-09,0.23751971979070619,0.2671001015310539,0.2690202022289153,0.2894945102889303,0.27654024949110834,0.23572796303271312,0.20199853623194178,0.16727967002257216,0.10583389570474036,-0.10837510066544834,-0.34589482045615483
2025-05-12,0.24846143835491058,0.2783475996509331,0.2818369348202988,0.3020753456147199,0.2908731333976629,0.24888074354719494,0.21443632125577633,0.18190146534427096,0.12041966621037814,-0.0939519508475308,-0.3424133892024417
2025-05-13,0.2505395393429962,0.27879587820679996,0.2816290548280425,0.30017255227994566,0.28964346297713645,0.24650296746306863,0.21370054204464572,0.17874862304827654,0.11742880263089404,-0.09834778417932809,-0.34888732352232465
2025-05-14,0.2549561558016582,0.28237364251770525,0.2820666736983491,0.30231641469939236,0.290673483807781,0.24790324090090976,0.21348772444623854,0.1786228831323217,0.11552713170086516,-0.09966627590268602,-0.3546224317043446
2025-05-15,0.24755534043640046,0.27367000499963107,0.27239959352113996,0.2910437880652845,0.2794959489544978,0.2363123305921968,0.20419965994877565,0.17048334616015376,0.1061606911022571,-0.11011371191902769,-0.3576690523554285
2025-05-16,0.2522565317818348,0.27917734611800643,0.277678344068225,0.2956233959576113,0.2857346538080344,0.24076468915881316,0.2100965398010407,0.17631853832250188,0.11074229769411427,-0.10366683498830842,-0.35592336677014363
2025-05-19,0.26097579857715353,0.2882166735790384,0.28555992866333424,0.3060019809455859,0.2927281876104201,0.24591592277010607,0.21844063198684846,0.18502860402965005,0.11834870596912066,-0.09726843657937244,-0.35824423515652637
2025-05-20,0.26896245427144483,0.2978071011376533,0.293857635825842,0.3154483742231114,0.30230425933336896,0.25437267235193267,0.22797260560824173,0.19402061677736515,0.12800040085851325,-0.08707261979556338,-0.3560350740670086
2025-05-21,0.26504989129547524,0.29464393482469026,0.28803474523080463,0.3101443430815115,0.2959832369334098,0.24859120383877217,0.22378784771399093,0.1895215929072703,0.12433815227426492,-0.09256204840565058,-0.3576119397011262
2025-05-22,0.2536258520402417,0.2826606457652394,0.2769381953066292,0.2979873571122982,0.2845157681815949,0.23693637136271048,0.21063843130937693,0.1781949583334059,0.11135042626580217,-0.10339482709826654,-0.35702067913850866
2025-05-23,0.24385466645985757,0.2730000083825809,0.26647852381909864,0.2863482066775557,0.2743157543915332,0.2260843738923447,0.20119800214579722,0.16825813448086738,0.10347964038462609,-0.11286921291355213,-0.3567238793734101
2025-05-26,0.2501821433825876,0.2813054221839669,0.2749449350478929,0.29736495587264666,0.28390571760377087,0.2356189255458193,0.21056186835289176,0.17683901483999048,0.1133997610783328,-0.10570504313324719,-0.35588718651583523
2025-05-27,0.2515392808620007,0.28320305677865715,0.2747933743334552,0.299807275589802,0.2840706860627904,0.2383587418398281,0.21203519422448863,0.17834005827326446,0.11561628284255383,-0.10401869210400912,-0.3555579729660103
2025-05-28,0.24877452256741614,0.2802294621825197,0.2721385792893857,0.2948196741061143,0.2802394026497153,0.23526640813974417,0.20864378211007734,0.17711856229228454,0.11179981710098333,-0.10645042563831802,-0.35522494820573464
2025-05-29,0.2636302642227041,0.2958560507705305,0.2912973335598968,0.3131930284578021,0.29729897201905364,0.25258625217024394,0.22478289378626096,0.19331398367722505,0.12839255008549158,-0.09158453708473793,-0.3552148013074425
2025-05-30,0.254067675809885,0.28461098299335386,0.27991005714450845,0.2987124693395017,0.2830961715522148,0.23755968999626212,0.20933697301056867,0.1803379146450352,0.11581631269465353,-0.10451525795733566,-0.3585829337672211
2025-06-03,0.26196436128013784,0.2929949301417362,0.28701777719063826,0.30541008801351965,0.2902744578963434,0.24574035092472882,0.2176343742523188,0.1897244090938715,0.12287733563810514,-0.09104088402029047,-0.35300524530042876
2025-06-04,0.2713307815613615,0.30316965787834965,0.2978026217444672,0.3154002399763979,0.30058271766358285,0.2561371305503815,0.2268689682165805,0.20160404382981872,0.1335462227969668,-0.08372447976222261,-0.3550552613235845
2025-06-05,0.27975049443315947,0.3109327904576249,0.30428939241299124,0.3219264812368926,0.30539932124924435,0.2599506707342897,0.22985823409242817,0.20360386995734203,0.1333296151637993,-0.08967438413345902,-0.3694248785666189
2025-06-06,0.28235899962625705,0.3116625450303342,0.30791852822454263,0.32173727489826215,0.3070698543449931,0.2603287213124092,0.2302694259758172,0.20283671855909455,0.13291628419211457,-0.09241310357703303,-0.37477210320329046
2025-06-09,0.29224451486908914,0.3224109884335463,0.31733517316231324,0.33449503747095355,0.31971653861373367,0.2737897158783197,0.24391057076131045,0.2154051275062604,0.14893768189078097,-0.07933586011012275,-0.37158037497921226
2025-06-10,0.28261721724553107,0.31294885530740646,0.3079971359008062,0.3249276201267465,0.30974026193418297,0.2683676499754093,0.2358123250903642,0.20870767559535536,0.14131527936549015,-0.08702940756388552,-0.36964662480941696
2025-06-11,0.28908671618907644,0.31939281423340127,0.3141805206625333,0.3296420619973516,0.3144959655461952,0.2729762097395468,0.24062487444858333,0.21518106815121305,0.14685807323280142,-0.08236819041525416,-0.371454906604331
2025-06-12,0.2880985797386746,0.3185744562892106,0.3154277211012888,0.3331175665584045,0.31625172867794593,0.2754381653362181,0.2434176561327184,0.21817361241925975,0.1507870335044822,-0.07814844179246165,-0.36624702153113664
2025-06-13,0.2742244167833743,0.30280927255877355,0.29830241756176135,0.31359827297414755,0.30074465685815466,0.2602590030220753,0.22580318232203803,0.1994280377945685,0.13285294665873096,-0.09383702075542727,-0.36806143753880194
2025-06-16,0.2790218602536595,0.31062062567085713,0.305323163200209,0.32341464115491725,0.30972839733415963,0.2694571000926111,0.23483738419090025,0.20704615891926254,0.14139682937894635,-0.08514246964106449,-0.36416432989472436
2025-06-17,0.27939138837976896,0.31001241155087916,0.303122757764759,0.3226081939931085,0.3089482190580299,0.26885109110367844,0.23372765711547164,0.20637061446589183,0.14067470325037415,-0.09086115877255879,-0.37025254715232814
2025-06-18,0.2764496344425806,0.30610987714119403,0.2997581280127329,0.3194456459341993,0.30396320098730617,0.26696428977941755,0.22781988060527952,0.20514921330721947,0.13838779320121797,-0.09079205087524261,-0.36724168531782353
2025-06-19,0.26188274926086563,0.28899343041642794,0.28527985910115555,0.30390866354073975,0.28661274878396087,0.24946645082246424,0.20970319669847562,0.1877846162501774,0.11785643253518606,-0.10830829587594931,-0.3701910451368153
2025-06-20,0.2589067313567971,0.2842778920827861,0.28017443395262254,0.29832545858406545,0.28032198582061296,0.2432880623477802,0.20139008073787784,0.17845570558817803,0.11129045405240773,-0.11665574238010698,-0.37556247373690443
2025-06-23,0.26988711314527064,0.2980762311015792,0.29495747206723544,0.31662244525433114,0.2966179639238229,0.26015439213808234,0.2195262362258329,0.19520111508380086,0.12825522498536848,-0.10350869075401636,-0.3733958038992874
2025-06-24,0.2910586108320644,0.31997822345420396,0.3175291108662746,0.3373307923934587,0.31893403062339776,0.2804328498437835,0.24039063590966148,0.21384120174057178,0.14631007833175175,-0.09210476196205189,-0.38316337279411666
2025-06-25,0.29909423507926575,0.3304737745365626,0.3267995019087056,0.3459075520117014,0.3279356684262001,0.2888435673992337,0.250150086499867,0.22370381724419433,0.15538933788399378,-0.07909572396255923,-0.37818995904182534
2025-06-26,0.2947012710128875,0.32778980708052496,0.3232826430168576,0.3429388367584555,0.32564422526352155,0.2861882814653306,0.24696220858890774,0.2220275803758236,0.15360359650755992,-0.08079544873580896,-0.37549671974869686
2025-06-27,0.2998794777933312,0.3342033647449446,0.328963355686695,0.3473120043394619,0.3311461056135868,0.29275480327421066,0.25317894075190245,0.22791387171374033,0.1595207163989318,-0.07805938733515834,-0.3779388651284899
2025-06-30,0.3094018595320344,0.34517139004286246,0.34158752668807135,0.36177116284602706,0.3438762746866078,0.3078283952671473,0.2674504411157841,0.24097778395904385,0.1738305646046841,-0.06343745955151654,-0.37283931908355133
2025-07-01,0.3124784659458306,0.3494175823256494,0.3459706027925603,0.3668893342413996,0.3457178299474791,0.3113647744237786,0.2702891642755843,0.24411409453309982,0.17767862848136623,-0.06256459227045574,-0.37504305821628675
2025-07-02,0.3105498365571286,0.34627483647777424,0.34257718000417536,0.3622467412731287,0.3416916272425379,0.30810557265284516,0.2648369572896319,0.23772624230847222,0.17195091168418364,-0.07133820944637068,-0.3818880460034997
2025-07-03,0.31536593168167404,0.3523449844418394,0.3481437773104296,0.36789743548890125,0.34864249956605564,0.3147031597401548,0.2707906644793515,0.24589889896839862,0.17954464676138385,-0.0666167309087809,-0.3819826625904553
2025-07-04,0.3104334654242022,0.34392316016351343,0.3400875674744816,0.3586756636742276,0.34141443056918325,0.3074214563369063,0.2618142906449655,0.23536403920380217,0.17244422189977116,-0.07543276525116094,-0.3858662306753635
2025-07-07,0.31761905722493555,0.351269724864855,0.34619194096564887,0.3652860570917986,0.3488515722060524,0.3134185064013237,0.2679644449204999,0.24163702188513134,0.17960642465454751,-0.07070804032479018,-0.38832709754972616
2025-07-08,0.32548934893805775,0.3611105028908586,0.3563164312173884,0.3762844147399922,0.3607837315290246,0.3266319076903583,0.2805124625045931,0.25487236402518226,0.19452723371677547,-0.057950168885693466,-0.3834395178237517
2025-07-09,0.32539940414280405,0.36014718130852996,0.35561230240126446,0.3765678822487758,0.3597093865409142,0.3247066143180058,0.27810632287492176,0.2510627414060441,0.19164703792881863,-0.05995688674923696,-0.38535629089204143
2025-07-10,0.32935688566366234,0.3619782993692876,0.35673902172903194,0.37903473179371067,0.36036248011220035,0.3266773031166204,0.2803202128251543,0.25355334786236766,0.192958298172998,-0.05834363736235985,-0.3877005230260226
2025-07-11,0.3340566169009907,0.36649817589015726,0.36133999969299363,0.38365120176914136,0.36570644933297414,0.3299325527053285,0.2830189237038858,0.2568266998569038,0.19773142129627921,-0.05787547797080236,-0.3919320948717935
2025-07-14,0.34018926045418313,0.3743818737752473,0.369534474293703,0.38950071233305655,0.3730060915485055,0.334649722671961,0.2883040260923593,0.26081748850886793,0.20109479775768072,-0.05628495488079949,-0.39647421533498306
2025-07-15,0.33154877787944115,0.36254084595083275,0.36006133603608503,0.3809437354961623,0.36527344767988995,0.32591715133857396,0.27970598148591924,0.2535640148665547,0.19540992454502062,-0.05953991806128602,-0.3910886959407276
2025-07-16,0.33844795859965904,0.37031634816298153,0.36706587082263814,0.3867606506906977,0.37022436416665505,0.33140374766568426,0.2851426146189402,0.25714400033935486,0.19908709307521383,-0.055942103493187484,-0.39439006209284694
2025-07-17,0.34401023699253275,0.37770486006058046,0.3745797107445842,0.39436895778834546,0.3794797179974071,0.3407313168535653,0.2949188850403366,0.26803278624627713,0.21154284310344146,-0.043525391865551925,-0.38753562885808507
2025-07-18,0.3460393493550593,0.3806448702926081,0.3753886117199486,0.39623407909539116,0.3837472699668706,0.3435438829708835,0.2962969848333567,0.27100294291160243,0.21392334712367694,-0.04077335399241941,-0.38681270334747914
2025-07-21,0.3586761213133561,0.39384430847149093,0.3899527038707232,0.411639433406919,0.39740707592482927,0.3548573739349404,0.30957095130549417,0.28251269214582614,0.2277762535051258,-0.028644095564889876,-0.38732021687824636
2025-07-22,0.36014999482528687,0.39405466767365044,0.39185221307846946,0.4136953162159189,0.3987176237935803,0.3554425674325407,0.31145165743268394,0.2839334471676193,0.23007006408645497,-0.022341817500397154,-0.3824918123256844
2025-07-23,0.35409039429563627,0.38627344259460283,0.38471187436427595,0.40706122873415734,0.39224269929316297,0.3477343967031329,0.3061986780728522,0.2781402064653454,0.22363654063162883,-0.030599175491905113,-0.38468956978754176
2025-07-24,0.3617207751173144,0.39821693558953253,0.3979859766118746,0.4195089914786147,0.4038293450588898,0.3606198333817175,0.3187270195956906,0.29149191901351795,0.23716996888506747,-0.01692978005629674,-0.3786505551736115
2025-07-25,0.3598972358536181,0.3996525058704079,0.4007168209758623,0.42202739464047523,0.4041977668768611,0.3635381625356591,0.32075889364437543,0.2955602426042467,0.24115133881399303,-0.01186072706638847,-0.37175796292000696
2025-07-28,0.3637837140189688,0.4046873402875975,0.40533344877008065,0.42754655037136496,0.40901472789444965,0.367618203750483,0.3259179474680424,0.30278276260522874,0.24540431185927739,-0.004450126130769687,-0.36823384014973887
2025-07-29,0.36342346793531327,0.40379851618820656,0.40610631467658564,0.43050057166121247,0.4106057839261659,0.37042990799424086,0.3293277468018794,0.30682174384388916,0.25031433939278896,0.00199766498786832,-0.3614258029474453
2025-07-30,0.3611673148894871,0.40101375909819337,0.40153548317975046,0.4259661951407377,0.4046435178738817,0.36468063307908793,0.3229536268225984,0.2998188703393624,0.24413876639180476,-0.004033790216036136,-0.3652011051055236
2025-07-31,0.348881615149027,0.38746781884792314,0.391499001881867,0.4145991532523822,0.3940247497652031,0.35385331030357997,0.31081094937678155,0.29077723770314523,0.2358550681892913,-0.013340262517941666,-0.362221877666969
2025-08-01,0.35423737811541206,0.3927274883761645,0.3968026260461375,0.42126765958199963,0.39861294810567915,0.35864065694923986,0.3160847982183587,0.2956638477709202,0.23931772370460744,-0.01030615094277679,-0.36454352905818915
2025-08-04,0.3635044020930395,0.40313823299921514,0.4081712103426505,0.4319109223859763,0.41063581857402565,0.37085883651680285,0.3280820472959468,0.3089395742328828,0.25238098553221217,0.004861352752475352,-0.35864304934056446
2025-08-05,0.37305043923380177,0.4132521635615329,0.41776128410075375,0.44042699407751423,0.4198675548791639,0.37986953826489495,0.33773679176883403,0.315739216965065,0.26071818074308595,0.012552047733094197,-0.36049839150070784
2025-08-06,0.37736845891535753,0.4197770301475209,0.4231715584366565,0.44904970057556165,0.42778062449926113,0.3875821230648153,0.3475936781810307,0.32340465106891453,0.2701668882468368,0.022974231983070303,-0.35439422693228745
2025-08-07,0.37777659622950355,0.42104918734378155,0.4223736506260742,0.44757338167426697,0.42756232684716494,0.38687093521459953,0.347313533526788,0.32475150876587816,0.26775220291626683,0.024682384948866962,-0.35309421128063684
2025-08-08,0.3807288907272322,0.42451348904474784,0.42455324911998726,0.44818610232495887,0.4305457741918821,0.3864457998356312,0.34660333456090037,0.322289091208182,0.26556029464413333,0.01861827759300652,-0.36211061313422593
2025-08-11,0.39265163684228316,0.43794347336601225,0.43874517536330265,0.46057886591043823,0.4436923352260043,0.40229532105584964,0.3618318493657001,0.34024899812667947,0.28200206099300795,0.03494793508156936,-0.35770370176071403
2025-08-12,0.39126845744901634,0.4367270520784314,0.43929083429461524,0.4605531930044465,0.4439729890660497,0.40252539956821304,0.36059786768360896,0.33820974649731633,0.28188479083509155,0.03790064428138254,-0.35336781316763405
2025-08-13,0.393037433076896,0.4412823837890534,0.4443855027678147,0.4673431415053241,0.44962220304633865,0.40964712204082127,0.36963631046614853,0.34585051093818137,0.2926468366224465,0.045295327923932205,-0.34774210515296405
2025-08-14,0.38083083533398926,0.4263315155186181,0.4265185399256171,0.4491030003966526,0.4309956918838022,0.39199004108323837,0.3495906673690103,0.3273066757658381,0.2713057572575768,0.02755048534814533,-0.35328034998584423
2025-08-15,0.3913899610095738,0.43852066317028865,0.44161673906481486,0.46503636814494126,0.44906115081276937,0.41173387759950913,0.36968767280800907,0.3485470620621801,0.29186703492308086,0.04942223906511142,-0.3419677219444627
2025-08-18,0.40179928525301944,0.44916848373519574,0.4549799140931076,0.47790310750419956,0.46374819615748686,0.4269242169138297,0.3849455921920853,0.3657806704002398,0.3138660270928989,0.06645749706097205,-0.3353417881920477
2025-08-19,0.407950592823003,0.4536498692235544,0.46316143248472624,0.4831114145913064,0.4688870311125528,0.43175712102022673,0.3894375627991373,0.3688886948562231,0.3155131752148822,0.06644840434877816,-0.34150218847422514
2025-08-20,0.4159284949784553,0.46029636726655054,0.4719697528622592,0.4908739352307169,0.4762268945409241,0.43957948261400437,0.39707452668251647,0.37782007461193556,0.32173257215390094,0.07246064418775348,-0.34346785079070213
2025-08-21,0.4197767342517833,0.4601683113900448,0.4708877069843033,0.49069252066850316,0.4736449859678517,0.43637541448842593,0.39235843951676486,0.37237467163943433,0.317195776322325,0.06497696818759091,-0.35479976606419267
2025-08-22,0.42088026703782633,0.46369233117751607,0.47538221298874794,0.4970187770081833,0.47933664727656256,0.4445500885679267,0.4020558574423536,0.3836202012502025,0.3265141249147936,0.07567933958411488,-0.3452009274537117
2025-08-25,0.4301008931773865,0.4735783467973975,0.48757839745614395,0.5070936769112643,0.4892041435185854,0.4558632168454562,0.41362700036234024,0.3931043703806873,0.3371681461464771,0.0876307584794786,-0.34247013469790816
2025-08-26,0.43730490147458545,0.47930688992015646,0.4909915932552136,0.5082532877567777,0.49219541580598325,0.45700539251989075,0.4168126112236666,0.3929700401537338,0.3372545046892227,0.08460262896837933,-0.3527022725062064
2025-08-27,0.4126483544247193,0.4538281352768109,0.4661306925617808,0.4820873875559322,0.4676618453286935,0.4334971514447134,0.3940800729681309,0.36949789511180436,0.31354463246299735,0.06162433747351542,-0.35102401695120417
2025-08-28,0.41127263723952956,0.456505160724491,0.47082683845331785,0.48750422051621284,0.47430716508944015,0.4442291193419774,0.4047711781121735,0.37829933321332004,0.32277065851518355,0.07064172690535302,-0.3406309103341768
2025-08-29,0.4085203380667544,0.451326056933677,0.4666347459860581,0.48514055128381794,0.47311823132776204,0.44224445610654944,0.40211851106852026,0.37685274998672424,0.3228749140485075,0.06670411935151324,-0.3418162187152414
2025-09-01,0.4165028416971204,0.46177615226624735,0.47549478187591065,0.4941822808964066,0.48188977365307095,0.4517455218283978,0.4098081115625784,0.38667680637161667,0.3342566685849244,0.07652022178107397,-0.33998261991604667
2025-09-02,0.4075780000930146,0.4492163043375733,0.46073181996984325,0.4762027755346948,0.4639468991525939,0.4318538307230285,0.3888886527178867,0.3653248917311388,0.31433159593714927,0.05997731761162425,-0.34760068248139064
2025-09-03,0.3898178623142234,0.4306727044876431,0.4408058117648203,0.45927799839613653,0.4459058182440848,0.4140963963396612,0.3686834513568176,0.3455186936173662,0.29297985964806517,0.04156728687075391,-0.34825057544346977
2025-09-04,0.3897863576537224,0.426051086977391,0.4338184659381768,0.4505472680998675,0.43406623216589146,0.4059173842083886,0.3555324137063336,0.33562045226292847,0.2830353541691916,0.02910726143147286,-0.3606790962222498
2025-09-05,0.40605906270481545,0.4465088492228801,0.4555655853417598,0.47514741564824553,0.4586882997239962,0.4323473922588044,0.3802545727869819,0.3612269082808906,0.3092357185228083,0.058407773606207136,-0.3476512890986086
2025-09-08,0.41979563446353624,0.45949359393873257,0.46654037120174585,0.4870401344341446,0.47231072533868196,0.44572170973083125,0.3945129143111043,0.37378582985838305,0.3229326147703952,0.07314375462067238,-0.3466518798428641
2025-09-09,0.4116184492053834,0.4504497764780425,0.4565242449858135,0.476546197780367,0.4605012490682782,0.43538066506335754,0.3846172672046489,0.36300034048662055,0.31277765590995255,0.06352656452055619,-0.34809188468482744
2025-09-10,0.41351905524295923,0.4524205598434675,0.4594096103146827,0.47889207392991634,0.4630808646543803,0.43883120257398356,0.38669935653888354,0.36502440029290567,0.3114682034436892,0.06131486285350519,-0.3522041923894543
2025-09-11,0.4224509187198729,0.4653317617137913,0.4754483890470205,0.4966612214295,0.48061897038016677,0.45834688690520464,0.40574975744661135,0.3810172527522024,0.327830774614689,0.07543747640752009,-0.34701344231235304
2025-09-12,0.4199900463703915,0.4654583869898116,0.47483340729982987,0.4963081286117879,0.48151016108761174,0.45945136053688923,0.4054008476265244,0.380447941239745,0.32369955177695364,0.0739839351679946,-0.34600611120239716
2025-09-15,0.417133625020128,0.4630432004818708,0.47238812013723613,0.4935507602167416,0.4804215142964456,0.4608919728328974,0.4055897464208331,0.3794820507133038,0.32325633826482664,0.07738249779266243,-0.33975112722746587
2025-09-16,0.42598222162406024,0.47509022432208325,0.48461939455661646,0.5053550295330749,0.49006395757188403,0.4723492399318459,0.41935909495109946,0.39058058792923356,0.33366675765307585,0.08637103906179304,-0.33961118256226747
2025-09-17,0.4276233068964198,0.4776304834298617,0.48808412137889906,0.5105079906350429,0.4939089167671982,0.47899507454427576,0.4216601079913702,0.39390689375440563,0.3361434755516674,0.08888675755373789,-0.3387365493426822
2025-09-18,0.41300941696418064,0.46438642210619296,0.4741298187145554,0.49848951274044784,0.48269174623520733,0.4672073509783209,0.40798482820782883,0.3781568237050771,0.31996081202373633,0.07210980406393891,-0.34089961290024207
2025-09-19,0.40836731167709356,0.4599378190520668,0.46841685219695656,0.4920683139227071,0.4788342333171376,0.4628229529758135,0.40300283501089007,0.3729325854700138,0.3147823709665272,0.06809881546322011,-0.3402684962138738
2025-09-22,0.40657424198306863,0.4596061069335345,0.4691431512308855,0.4949918946956183,0.4819776509933031,0.4670791987796007,0.4076918130126086,0.37572207893150195,0.3164894945277538,0.06717688875334356,-0.3393973532297254
2025-09-23,0.3940215354795612,0.4459692744440758,0.4568819644785167,0.4809622541536384,0.46976221234519017,0.4542410466982201,0.39567330992646277,0.36241099278577393,0.3065625429517909,0.057950155270546366,-0.33607138020901517
2025-09-24,0.40881363660039755,0.46287659577839396,0.47314873152191117,0.49815424819295695,0.48469369468894313,0.4685536679803995,0.4109371706516526,0.37983827280147264,0.32288847159549716,0.07323349001120175,-0.33558014658919616
2025-09-25,0.40278299179191224,0.45869283757084506,0.4681383618089788,0.49215966949218964,0.48075691119708375,0.4637589688685064,0.40467636479403657,0.37491207787559117,0.31755464975000924,0.06727240738269337,-0.3355105844092192
2025-09-26,0.3944646761363888,0.4504100952070448,0.45777813466296957,0.48531312305244595,0.47176071396746017,0.45398796740571046,0.39426450592581136,0.36765768639185314,0.3115960517022879,0.059935544530151375,-0.3345291316062378
2025-09-29,0.402829701259648,0.4600942367117279,0.46658338425238,0.4945213094432134,0.4815675749845955,0.4633663954852612,0.405746740076088,0.3772268006001073,0.322383792385102,0.06777097712673708,-0.3350587241329113
2025-09-30,0.4098066663835398,0.46468942694402804,0.4693520967591664,0.5001085123563291,0.48369224520222465,0.467712917397769,0.4109262554468024,0.380055543666568,0.3277950690170939,0.07310070806551044,-0.33670595831802974
2025-10-09,0.4175226913602914,0.4727580445124619,0.4790191959751062,0.507312174654009,0.4878209882734365,0.4749428258515506,0.41996637783011576,0.3900594336183955,0.3341039070249516,0.08479299847851844,-0.3327296928817734
2025-10-10,0.4174569808365796,0.4740174330809957,0.47912997062783663,0.5023076535262961,0.48543921436075116,0.4693495829942959,0.4133666845124476,0.38245680621819433,0.32938758228221965,0.07647808872255045,-0.3409788921140296
2025-10-13,0.41314744194484976,0.4708777469111993,0.47551689783022055,0.49848615103916233,0.48173728862145404,0.46651204992927164,0.4104564760480798,0.3778019607653851,0.3258893189144483,0.07519437989202903,-0.33795306205282116
2025-10-14,0.4079786304656719,0.4637060682938601,0.46562934249931004,0.48830514760353183,0.4681491627214127,0.4523832174002997,0.396751208489618,0.3641458730655613,0.31068103033889327,0.058595319756132996,-0.3493833107095394
2025-10-15,0.4219314772478586,0.477080170383746,0.47810626841343046,0.5026252212337939,0.4830636071077147,0.4677524482692724,0.41320076029097297,0.3782720459590532,0.32452805903785575,0.07387084494961041,-0.34806063229824863
2025-10-16,0.41269087362818035,0.46819989504022536,0.4673047713011089,0.4910938990081096,0.4737520678193833,0.45509252830534674,0.3997906126825303,0.3674477011207815,0.3154190088953147,0.06425978931629885,-0.3484310843118819
2025-10-17,0.39831138638229135,0.4489473784889143,0.4470551807211425,0.46818652692998514,0.449160795156488,0.4292845179409003,0.37155017110085253,0.342103934874353,0.2903159414428068,0.03946951737045666,-0.35884186901183507
2025-10-20,0.4077006233422623,0.46289453053291674,0.45769476218194327,0.4829231959972364,0.4635146827430081,0.4430577555317403,0.3847537239617191,0.35526403731808126,0.3023753137695701,0.049940376020317034,-0.3577602473219456
2025-10-21,0.4256485796630451,0.4799566725259993,0.4757481457404791,0.5009498966555918,0.4803148194750828,0.46015520846766617,0.402178074844119,0.37171126503348995,0.31797124963830664,0.06087551155760784,-0.3647730681054376
2025-10-22,0.42601827367179,0.478377978839234,0.47413409699621145,0.49836920573378807,0.47679714580350546,0.4588233039283279,0.39904705217599123,0.37044300038513367,0.31405397205407154,0.05625899956180117,-0.3697592741099892
2025-10-23,0.4290691154977707,0.48209979611873666,0.4767798511512181,0.5008488935144769,0.47862708843748974,0.4617010681722861,0.40091689586309953,0.3705903254279262,0.31540708249394284,0.058064430000219665,-0.3710046854975514
2025-10-24,0.43055272081686363,0.4872180450336416,0.48419035993785886,0.5082130067150179,0.489985561294409,0.46946870070507435,0.41027753687669816,0.37863245866987455,0.3247173322381063,0.060900426433693075,-0.3696522943831709
2025-10-27,0.4365873457469303,0.49549297660431124,0.49187022668513153,0.5191932091091185,0.4970463669191734,0.4788799303817745,0.418395513174446,0.3862584860704074,0.3327200557984922,0.06850275812097072,-0.3680845876259599
2025-10-28,0.43581813897450156,0.4962589252556661,0.4937695045125022,0.5177801105143227,0.49746597694704037,0.47868726432450565,0.419944107464478,0.3868686894822774,0.33301406868172007,0.06746761922709842,-0.36835051974740346
2025-10-29,0.437580599026737,0.49931402418530035,0.4976924602600264,0.5232499492549456,0.5000170942386836,0.48158316647388766,0.4250331352150767,0.3900214328906189,0.3360001435835788,0.06699006294187276,-0.37059053608486453
2025-10-30,0.42556408466869006,0.48677571936913,0.4850864388694969,0.5115425929425804,0.48733158748205163,0.47049093939122033,0.41320691526235054,0.3808041398526253,0.3236237688151599,0.05715973550339497,-0.36840434916529535
2025-10-31,0.4370829735520273,0.49906125047673805,0.4935340523183058,0.5186363414781425,0.4948805229365292,0.47973128557485256,0.4188164645954785,0.39038210377075877,0.329673642842353,0.06435942642369992,-0.3727235471283276
2025-11-03,0.4423925398304347,0.5040428621530859,0.49749786757046754,0.525197901007314,0.5016068391264182,0.48778972722096736,0.42856408174717925,0.3975926185183549,0.34003044433909774,0.07560986472580622,-0.3667826751046287
2025-11-04,0.4331802982978339,0.49437263430601536,0.48926565624311086,0.5149023298055538,0.4923907509176113,0.48192550744191054,0.4231857459367831,0.39000142018803036,0.33408659421469894,0.06912915152487836,-0.3640511467729557
2025-11-05,0.4408722804448091,0.5006255911097447,0.4953127935956399,0.5215587320492252,0.5000504723760738,0.48827335531844135,0.43049455388488717,0.3963082023389946,0.3407930813410042,0.07553105499631811,-0.3653412254484911
2025-11-06,0.44661347886773967,0.5100231634630578,0.5030299823350826,0.5272271343273041,0.5069604033400407,0.494741343961882,0.43519895287453647,0.4006697854175534,0.34188551396457206,0.07669861077346003,-0.36991486809427976
2025-11-07,0.4433918350827881,0.5068055518974683,0.49895248524529434,0.5249439735068145,0.5057280564751797,0.49201597999339636,0.4343559865670903,0.4006487582335714,0.3418455739704101,0.07667275611667719,-0.36671907896611106
2025-11-10,0.4509799168976327,0.5131233652546473,0.5031761779957832,0.5297228445370341,0.5105510082687101,0.4986430499972964,0.4406222643620554,0.40670897454608834,0.3500544579351483,0.08854870209619431,-0.36243121480143853
2025-11-11,0.44943422168736874,0.5126199511639644,0.5054583797887973,0.5304281633429543,0.5120864460850312,0.502239167611347,0.44474338427258736,0.4079711778028411,0.35187788977686885,0.09264110548756443,-0.3567931161998044
2025-11-12,0.4432257766926846,0.5059601689532475,0.4998227590776465,0.5254248992423122,0.5048823196494092,0.4966159493737334,0.4417629950702581,0.4025147435545411,0.34667732550277774,0.08851580592804931,-0.3547099707646354
2025-11-13,0.45287004285235016,0.5155559688518083,0.5104042918811228,0.5376045214430119,0.5149755898685147,0.5087269549520642,0.4527597755854408,0.4127478186929242,0.3564774747033195,0.10099551628901944,-0.3518745265633308
2025-11-14,0.44968207772454366,0.5118693967320217,0.5064218652038649,0.5334790656739561,0.5103002926363973,0.5033745266922433,0.44827109378638086,0.4069093898217915,0.35567930556603017,0.09360114656430012,-0.3560809311602436
2025-11-17,0.44647314120669024,0.5121988216151788,0.5099075809618508,0.5336870011596675,0.5112398086542362,0.5072594189696089,0.45234121978117287,0.4113288212698918,0.3603673895293341,0.09555928537409789,-0.3509138558325924
2025-11-18,0.43833504483901625,0.5016564523880986,0.49826090787095784,0.5245517426014461,0.4994226724774537,0.494526671406406,0.4391635448140836,0.39906560104291044,0.34786573465384596,0.08407358938899268,-0.3542614554500236
2025-11-19,0.4268382114565028,0.49076940459047125,0.4869050310302561,0.5121907434623223,0.4887959273978829,0.4826821155137952,0.42832063262350645,0.38866042373913534,0.3339307934774776,0.06968651872545883,-0.35715169273104397
2025-11-20,0.4207691056780063,0.48449912366660447,0.48152500313060753,0.5059382260073623,0.48151289284500653,0.474499591545025,0.42140494169522474,0.3807111852595459,0.3265459399224779,0.06166300433787374,-0.35910610134013254
2025-11-21,0.3871435991358202,0.44761620912143846,0.4432391924316242,0.4672307106601194,0.44211687879756,0.4366937772788478,0.3788553831832608,0.3429979183013355,0.28859054643514714,0.0293618307947491,-0.3577817683410711
2025-11-24,0.4022793038636209,0.4618398248557683,0.45763018761371715,0.4810809791394192,0.45797891707357435,0.4515835663693502,0.394876010755005,0.35986423010516333,0.30591582697042197,0.05117379108062489,-0.351105512782996
2025-11-25,0.41274277736980747,0.47501608464820094,0.4708257489932243,0.496301205170023,0.47328508720559676,0.46568483700464186,0.41110099229908603,0.3749129000532482,0.3180092489691646,0.06108392382874578,-0.3516588535410617
2025-11-26,0.4091790340676955,0.4704949212266303,0.46662322702628684,0.4925821197508323,0.47127190807400504,0.46210291093755873,0.406666333867233,0.37113979078388487,0.31474082845168355,0.05533535531252225,-0.35384367875517325
2025-11-27,0.414287126745155,0.4745096522801964,0.4712278947043657,0.4971007417867135,0.47485745376570715,0.46616413291486825,0.41045961360309924,0.37475047059819094,0.31638047461400826,0.05684188984861056,-0.35744523689654445
2025-11-28,0.4264560158830646,0.48688544853751564,0.4838946604901737,0.510914630774518,0.4870221510053342,0.4797981928528409,0.4234119185701429,0.38647416552593244,0.32810996095490796,0.06710171624777017,-0.3593542996352944
2025-12-01,0.4332213881770842,0.4916098911459916,0.4906404662553311,0.5183525934069593,0.49338472898480157,0.48481895636872846,0.429012539006501,0.3932864286744235,0.3353583921008102,0.07087017719845497,-0.36235121097862927
2025-12-02,0.4275390635573458,0.48588473542047145,0.48592628877326255,0.514081785146591,0.4882250228163687,0.47964151300033714,0.42281852132109615,0.3885171492278892,0.3296444671908721,0.06402874260733148,-0.3635103209500143
2025-12-03,0.4206677124167903,0.47934191897570944,0.48051113036275567,0.5068405945118934,0.48014662944077224,0.47189802679834664,0.41260372713944976,0.3802276345683845,0.3214095733022407,0.056112948924595514,-0.3645547634921948
2025-12-04,0.4133023044634298,0.46982670372414487,0.47281725867503194,0.5005535927351596,0.4729307873744531,0.46516275078839187,0.40597890640097123,0.3738811035303385,0.31355990310996684,0.04958325265468175,-0.3637190518087481
2025-12-05,0.4277532789233595,0.4849644869339761,0.48680410041653893,0.5150761762055501,0.48738107004289416,0.47986380335005263,0.422571444581692,0.38672061667263063,0.3269762921574744,0.0610850161524526,-0.36666826277090697
2025-12-08,0.431189079971672,0.49174666775987025,0.49347442930671953,0.5233546455179665,0.4963513730149324,0.48840225663674947,0.4330357671462653,0.3964819778910172,0.33936419978563126,0.07317554458163258,-0.3580135353900395
2025-12-09,0.4232681861328194,0.4853274680039447,0.48567379455673526,0.5168075518434251,0.4863593119934265,0.48102323285281856,0.4257994328875159,0.3908483152433122,0.33431179653318616,0.06703810506641719,-0.3562300810664023
2025-12-10,0.42304304858001357,0.48548475181197875,0.4851558274323788,0.5183401844608265,0.4865132173603705,0.480652604540049,0.42570053417713555,0.39246977877472916,0.33439838961783536,0.07305946072284278,-0.3499835878571709
2025-12-11,0.4093151991669257,0.46960974630398505,0.468194180232193,0.5006551462498917,0.468945256571514,0.462943434703168,0.40897977564007926,0.3754112675147176,0.3177495788513353,0.057904775071169506,-0.3514104240957563
2025-12-12,0.4111362030613684,0.4722814907146246,0.4669657878433902,0.501697018587067,0.47209042927457934,0.4662168005160664,0.41262458973207183,0.3794840671073569,0.32355253142541357,0.06537728022019237,-0.3457589228411761
2025-12-15,0.41423380765776713,0.4744480013066246,0.4692632244658224,0.5015594137308603,0.46992748367875403,0.4659001038158411,0.40999577815833027,0.37254255616952814,0.31625897978275586,0.05653622347874813,-0.3576975841790191
2025-12-16,0.400361124775229,0.45856850356544265,0.45512178465443215,0.4874614500177121,0.4516607271924141,0.44819621637713997,0.39273777501315865,0.3536086907757653,0.3003324169057771,0.03847036415736736,-0.36189076061786174
2025-12-17,0.4062679586412181,0.4650864151057043,0.461574957180354,0.49591521868475835,0.4568508155461627,0.45736243948789973,0.4007606113772677,0.36296290479666227,0.310429505806454,0.05187047873393601,-0.3543974799072822
2025-12-18,0.4140502014762751,0.46985787996599576,0.46610165997789854,0.4996563817033197,0.4586108425971052,0.4616680611250289,0.4021441617339374,0.3640065937732339,0.3096254055630992,0.045770136700010566,-0.3682800647762646
2025-12-19,0.4300031080676672,0.4859708404348834,0.48222294563507445,0.5170258949582417,0.4724954432195782,0.4772747530492148,0.4167344028487022,0.37856568759760273,0.32020155363728087,0.05468476075385725,-0.37531834731381003
2025-12-22,0.432192396952146,0.4893960691410429,0.4870311255527135,0.5205039167377445,0.4782310707734832,0.48320930406132406,0.422959415612963,0.3865223395239908,0.3306087978987793,0.06591242943955994,-0.3662799675125862
2025-12-23,0.42414875066339375,0.481653405399177,0.48146389346245977,0.5138502800884198,0.47229942307961614,0.4786536765117118,0.4174734780742964,0.3841861306041252,0.3268024199528016,0.06287828890138475,-0.3612704617620091
2025-12-24,0.4348545525044412,0.49135183428901513,0.4920302241665672,0.5264162955864745,0.4838884901250099,0.49114874257132796,0.4332651437785009,0.3986601990730471,0.3399597830969327,0.07694733538136911,-0.35790721712307216
2025-12-25,0.4435694738497754,0.4993976393137526,0.501461129950911,0.5360131003263872,0.4948587373773072,0.5020976753004873,0.44285332485042495,0.40974989856442146,0.35015653164495025,0.08460197537502072,-0.35896749847475473
2025-12-26,0.44250246284051264,0.495659835340414,0.5015423772794984,0.5365342733511385,0.49799475496876744,0.50269110827224,0.44390883288531574,0.4095780380023711,0.3471498443401244,0.08073101731900614,-0.36177144552150653
2025-12-29,0.4386065042059404,0.4933303129525397,0.4984521676960387,0.5338501010155053,0.49503520638979415,0.5017786168013141,0.4432600503031127,0.4095157398456797,0.34751711036151656,0.08280429148342626,-0.35580221272251417
2025-12-30,0.4367538552939833,0.4900432748975649,0.49441059043400765,0.5313828688367982,0.4912606996807806,0.498735187205073,0.4408074101117669,0.4069332028607396,0.3480384936395564,0.08348644405452851,-0.3532674112394548
2025-12-31,0.44049970499324853,0.49304217620062346,0.4948232170066852,0.5356005911141117,0.49375046068656825,0.49858157469500725,0.44149086558375733,0.40862005157592185,0.34777266864535317,0.08201684371385944,-0.35848286127938916
