Date,1,2,3,4,5,6,7,8,9,10,H-L
2020-01-03,0.002520819407053193,0.004224079082404043,0.0041292113267644755,0.00438134284285175,0.006225837572274515,0.0046705937919640315,0.00462062665578556,0.004437111584518729,0.0064951027818982605,0.005387208862048777,0.002866389454995584
2020-01-06,0.008118586605289007,0.01144625256065058,0.01136522875563014,0.011113904901793648,0.011107596153476848,0.012830467402674286,0.012283380148700087,0.01136111975042892,0.013013932896612807,0.011689619831557549,0.0035710332262685407
2020-01-07,0.022029961456929578,0.02346978078768692,0.02532788588623979,0.02672608427074026,0.023358637275950753,0.024973415980989972,0.024985733944961,0.024215884238018587,0.026623197376086823,0.023573693950932333,0.0015437324940027536
2020-01-08,0.0100198948295841,0.009015962217567862,0.010215475104899865,0.01365069359382469,0.006430942220028921,0.00891349878947301,0.01138149013333007,0.01170647138081651,0.01139238990276065,0.008927997139309356,-0.0010918976902747459
2020-01-09,0.025084949647176384,0.02462820539633259,0.026714295531673732,0.030300513957505475,0.023233237102443988,0.0257436053375901,0.027160639869480557,0.027030119652194387,0.02663592194496776,0.021093141085765717,-0.003991808561410668
2020-01-10,0.02458431505911068,0.02157083477758553,0.022327143811165854,0.02697620713126817,0.02008003677701027,0.022783075637634168,0.024048592558812115,0.023311656494561184,0.025967107820994952,0.020996106580978197,-0.003588208478132483
2020-01-13,0.03556884330553474,0.03202701192251284,0.033293573132497506,0.03923018392859824,0.028412734181578192,0.0339055409128572,0.03428973032351601,0.03288739340284501,0.03656928351786778,0.031309675889827734,-0.004259167415707007
2020-01-14,0.03508382019437519,0.03268530995797096,0.03365022928292585,0.040856322775979836,0.027730694139378724,0.03328271332005752,0.03379314814366244,0.033445874419596476,0.03585446124130864,0.031614138917261704,-0.003469681277113488
2020-01-15,0.03205310103289729,0.02808709456282701,0.02912662745858082,0.03602034325064004,0.0231220038294999,0.030233291570809263,0.027808308416830956,0.026449320056532163,0.030362932049507567,0.025488715408534836,-0.0065643856243624565
2020-01-16,0.02698753881075861,0.024235525387370144,0.02704936286446086,0.03032983889272093,0.019228988481743616,0.027843588023122364,0.02591087295024891,0.02357508144739242,0.026763777400870714,0.02175548226704152,-0.005232056543717096
2020-01-17,0.02408390628204688,0.01981570295562483,0.024602746340737783,0.02661617086729986,0.01771855419824396,0.024601447199730397,0.023180027818574537,0.01986801602723065,0.025966965938238436,0.02031863499527377,-0.0037652712867731145
2020-01-20,0.03517229717760664,0.026432020282569177,0.034668936555053084,0.03492251270671412,0.026274534052531124,0.035523746757242215,0.03341475605159658,0.028783724998557116,0.03715409860333753,0.029064804652690693,-0.0061074925249159605
2020-01-21,0.022538148312668975,0.012763573711574033,0.020523642307300215,0.0227219107609653,0.012571088285029832,0.021089733965540085,0.019409371814036125,0.0164484130408731,0.024705032086029612,0.020026820006257183,-0.002511328306411804
2020-01-22,0.022554142059607173,0.013477493214910187,0.022143272321423803,0.023936719988696953,0.014756243095119852,0.024365864107501595,0.02283306842178044,0.01856867405208618,0.02362758554733796,0.017432092225335958,-0.005122049834271227
2020-01-23,-0.004590439267885944,-0.020727005668076753,-0.014040090933087258,-0.01163761978415103,-0.020649399399057376,-0.013001576912199605,-0.012930115254460698,-0.017646589177535362,-0.013344585110937952,-0.01777113715997752,-0.013180697892091588
2020-02-03,-0.0966482552059997,-0.11262829671750368,-0.10648542052933208,-0.10044016090580549,-0.11287880487824814,-0.10438657743462239,-0.09976078721167608,-0.10629000517514313,-0.10728721417995218,-0.10810998103598968,-0.011461725829989973
2020-02-04,-0.05160169243586856,-0.06578764191689715,-0.05342314717163096,-0.05322612561502037,-0.06236523597831169,-0.05588119558519939,-0.04047911336991078,-0.04273980881316121,-0.0444573654552622,-0.04952182147383334,0.002079870962035218
2020-02-05,-0.019343601131868886,-0.03503209145795977,-0.023134925254388185,-0.02673283835082942,-0.04039953449723212,-0.029019442587826252,-0.016141758671660948,-0.019222024704621192,-0.02327988538393895,-0.02933537623178451,-0.009991775099915627
2020-02-06,0.004416932801960156,-0.010336662188423346,0.0025718704872619014,0.0003973907408527967,-0.015672863026163962,-0.0037469420890654734,0.007241805465299407,0.004904215986033671,0.0008170702623740804,-0.007056711659610533,-0.011473644461570691
2020-02-07,0.007852927602113237,-0.006883997927594833,0.01527747433760231,0.01335989558900194,-0.0037444920713070387,0.009220829414011273,0.017060122582135795,0.016511730843667267,0.01544493378184009,0.004688826025073815,-0.003164101577039424
2020-02-10,0.013319498927939632,0.005508112750993713,0.028428109477806086,0.03002529617579329,0.01658085875819972,0.02602175564462442,0.037484683048214326,0.03471285024815558,0.03388961294743793,0.023710490069956586,0.010390991142016952
2020-02-11,0.0010341886894531579,-0.009852542931648427,0.020864241840499887,0.02518075054118182,0.01281110696234138,0.021891811468456545,0.0364848657876459,0.03413000491618614,0.033380812602120814,0.024944312578570448,0.02391012388911729
2020-02-12,0.02047802531830499,0.011390206298218162,0.04014645603504331,0.04513165765405246,0.031636440669029126,0.03863069359001146,0.05200609186902701,0.048553682690266525,0.04600687368201856,0.03637196234497109,0.0158939370266661
2020-02-13,0.009265956079541404,0.0018992003667039938,0.027770450456704093,0.03487825823315498,0.022211400437732506,0.030378495936504893,0.041129324523024785,0.03876455503373361,0.036555072986010684,0.02633514116378422,0.01706918508424282
2020-02-14,0.009439853806037249,0.0012701459010580447,0.029728463992994954,0.03668146873366582,0.022618730443424266,0.032947700027241116,0.04120956834924163,0.04095945759586021,0.0400762727857291,0.028608524862555593,0.019168671056518347
2020-02-17,0.04055891608637183,0.03341939640862637,0.06098358928027301,0.07119433799684063,0.059213946320486203,0.06825336401018126,0.0762288900496437,0.07677917570665574,0.0751816012134625,0.060389272707219804,0.019830356620847985
2020-02-18,0.05794785960646532,0.05055300014726476,0.0805039784950442,0.08805188680370868,0.07728290307356787,0.08488391901349156,0.09019130521046917,0.09305878796819364,0.09049048984117686,0.07305569585564073,0.01510783624917542
2020-02-19,0.04637105720312543,0.03870060407148068,0.07066716360212356,0.08111900033470648,0.0696601369050006,0.08129217056181141,0.08755777676909096,0.09087514980607692,0.08992870797589976,0.07032108964978757,0.023950032446662158
2020-02-20,0.05984710088349311,0.05700714709665694,0.08907645353193513,0.09957865001531144,0.08935007498527552,0.09976103611589102,0.1071392066624954,0.11030789306796486,0.10881127245311288,0.08685589127357635,0.027008790390083255
2020-02-21,0.07117470190883343,0.07183708009404872,0.1016114271208974,0.11156579569608399,0.09943068276442923,0.10909987438865248,0.11501320012804521,0.11909018271168301,0.11486661580830695,0.09208918698594393,0.02091448507711052
2020-02-24,0.08078455552910846,0.08658583466806387,0.1181987184805167,0.1253047378721981,0.11346145407242085,0.1213103365651157,0.12803590312624197,0.12829318907230486,0.12135280294371514,0.0983071207624708,0.017522565233362368
2020-02-25,0.07566359123153141,0.08177462555106649,0.1172899053664652,0.12120179470469614,0.10778260802268269,0.11739732925934437,0.12182921141172966,0.12136042933394273,0.11695091774280839,0.09393708258981279,0.018273491358281393
2020-02-26,0.06844112152387744,0.07098732493870477,0.10466391545231156,0.10313649935029717,0.0934087953569876,0.10013442018267199,0.0996778709427899,0.10629663984989324,0.09679541507069653,0.07627994783044972,0.007838826306572306
2020-02-27,0.07071824893988327,0.07188144253136952,0.10875318854038715,0.10788677831127927,0.0994081928023966,0.10526034141563234,0.10253810392475957,0.11141475129214821,0.10242937455904277,0.07798489992969776,0.007266650989814511
2020-02-28,0.01923245793274559,0.0192962886877122,0.05051654826432361,0.05132898514204327,0.043453702207090376,0.04387279259985356,0.047085395160005886,0.0575876023543994,0.054221834217329345,0.030462163454230515,0.011229705521484942
2020-03-02,0.05761404024967656,0.05775527721152166,0.0922993784012297,0.09252579952321908,0.08761123908658286,0.0880770520172982,0.09171229756704738,0.10181693126114627,0.0984487987497851,0.07377463736695436,0.016160597117277808
2020-03-03,0.07205338945982104,0.07131441596395754,0.10353551880320505,0.10258207362627722,0.09744852112372147,0.09946286775409224,0.10082833925873495,0.11304132214114104,0.10984421003122573,0.08315926314736959,0.011105873687548565
2020-03-04,0.08267664463477999,0.08158484863802207,0.11260243916836632,0.10875636014440804,0.10496919346100934,0.10966615009094788,0.10938979873514988,0.12442981827633343,0.12023387685722979,0.09242031020832966,0.009743665573549698
2020-03-05,0.09879040256948801,0.09753531689217056,0.12942489512313943,0.12527354006082633,0.12035522015625366,0.1253711367200674,0.12768734065449713,0.14343729006760952,0.14069187854057832,0.11447364778926214,0.015683245219774142
2020-03-06,0.09504088911284192,0.09463097375277066,0.1284484070021838,0.12205303013013065,0.11817027501491408,0.12179905713106086,0.12350363956636624,0.14080368261142182,0.13889569562389173,0.1129826225789267,0.017941733466084794
2020-03-09,0.06415291905260345,0.05842657405051892,0.094739040206062,0.08491131368331903,0.08290843739923957,0.087108588352807,0.09045805867903234,0.10507856360492657,0.10353752618947337,0.07900445889215059,0.014851539839547151
2020-03-10,0.08432424868813408,0.08271839660385764,0.11825726057808139,0.10588573820686518,0.10505245649184573,0.11159471774388793,0.11522302597717962,0.125813571299295,0.12701179275517965,0.09832062531592559,0.013996376627791518
2020-03-11,0.0763962829910403,0.0709035327840095,0.1080423393997589,0.09655737407957452,0.09439553004672165,0.10042662793002274,0.10596819910150124,0.1175436367895915,0.11738464725027323,0.08884178244981245,0.012445499458772151
2020-03-12,0.05657551305838293,0.04777765940023253,0.08912388965200685,0.07619957745533715,0.07807331995335912,0.08058384821075143,0.0905634413465355,0.0985548693935768,0.097924116287058,0.0667141410713284,0.010138628012945482
2020-03-13,0.04167468760815405,0.02968216412754203,0.07272914063145207,0.06349804890205042,0.06821033017913801,0.0702639214211625,0.08235687002307797,0.09014801932221216,0.08721093337575646,0.05467367578873222,0.012998988180578186
2020-03-16,0.009260597576498893,-0.008897522909358566,0.03389489517381106,0.024512023338241234,0.028889759915841855,0.02648464766392851,0.041638546075608136,0.04854971835007846,0.046755047633493446,0.013636474738724938,0.0043758771622260575
2020-03-17,0.007294781192905098,-0.008896087266873201,0.029146540058754805,0.025947211869298763,0.03099749763196645,0.025007994687705502,0.03701216991145871,0.046531006176409886,0.04354082370152608,0.00837547689711726,0.0010806957042121747
2020-03-18,-0.005157341835683013,-0.027058444032775304,0.013803845631368135,0.009026695816627718,0.011371682512241459,0.0074933277814825325,0.019610997074005647,0.030697822723792397,0.029378658447460407,-0.007776697635974687,-0.002619355800291661
2020-03-19,-0.004618070673497147,-0.01932696015804518,0.018747955916172326,0.016971196180232462,0.02213625561325704,0.017788480304243813,0.029314075998395014,0.03983969576442804,0.038158901934586986,-0.0001152445645567924,0.004502826108940367
2020-03-20,0.011732860362753181,-0.004476301829189826,0.03231501194715141,0.027908943158336606,0.03644750981443218,0.029372446893008584,0.04314358459732624,0.05436751942913111,0.0559375211899307,0.01625581333572644,0.00452295297297327
2020-03-23,-0.03693706470248818,-0.04784597744877911,-0.014609578655640172,-0.014863303354936214,-0.007173728770744681,-0.01127637679785266,0.003847963495782425,0.023544927484435582,0.024104617152517015,-0.011924786128195374,0.025012278574292814
2020-03-24,-0.01582240854941607,-0.029168491813568304,0.003141074796044703,0.006100247397530435,0.013201744795994182,0.010447179243346021,0.027335767541907505,0.045586028631025274,0.047896789357620664,0.010907470445056817,0.0267298789944729
2020-03-25,0.01081524324120554,-0.0013395780856539953,0.027790526159239,0.03154494811698104,0.03771443898327989,0.03583659381186852,0.049994661887032235,0.06548601467749762,0.06852694630429043,0.031082775044851872,0.020267531803646342
2020-03-26,-0.0015512796686730536,-0.013888679449510503,0.013066658404847113,0.019616762370772756,0.02827143340070129,0.025785092530430598,0.04060610541613456,0.05561348706437784,0.06043852519885976,0.0247313620974188,0.026282641766091863
2020-03-27,-0.0030686518132090976,-0.01542118571691715,0.008506674186220888,0.014736547660931885,0.02242131168606757,0.021431708267550434,0.035870510928798324,0.052407656349984816,0.05753746812237984,0.020729215680094188,0.023797867493303294
2020-03-30,-0.026903828780057912,-0.04090154697417811,-0.013759886492179806,-0.011231584707218481,0.0005022699851966739,-0.0018978237480751226,0.013548259944384751,0.0311269569801814,0.03940692224399978,0.0018664152331067038,0.028770244013164626
2020-03-31,-0.024973251984023618,-0.041072758338031236,-0.01556696082126623,-0.012558560989359764,0.0020934170460287296,-0.00470061738593932,0.014954445342005289,0.029140819152298478,0.041838793503580426,0.0039052103328895697,0.028878462316913198
2020-04-01,-0.027486923312570487,-0.0458420904332867,-0.018888473943909606,-0.015912538228333488,-0.0037763545586518323,-0.010863786106730746,0.010250281574656184,0.02153450090870151,0.03395094647677225,-0.006060659369307275,0.02142626394326322
2020-04-02,-0.009748514275429374,-0.02287190089011978,0.004176870439384493,0.004656666452786808,0.020196089191022264,0.012139477253884454,0.03411902283428261,0.04266084990879647,0.053928588738570836,0.013884501734872379,0.02363301601030176
2020-04-03,-0.012360865683070798,-0.02941636819302104,-0.002187678454997088,-0.0045341498936026445,0.016695912788000332,0.005633949388433514,0.02490578606007831,0.038321647898753905,0.04893253767022952,0.008499960005014968,0.020860825688085772
2020-04-07,0.0201252995064913,0.004661018352429009,0.029897856232466567,0.030164904472099123,0.0479224111469565,0.03741436614800533,0.05288602146568686,0.06820709442022013,0.07881327411391498,0.03272353270178577,0.012598233195294472
2020-04-08,0.023145390976829057,0.008957785229142085,0.03376196623810052,0.03520038658977913,0.04950369371783612,0.040533994637953256,0.05895758001250235,0.07199324214393615,0.0834386955960505,0.036820265273233094,0.013674874296404044
2020-04-09,0.03297729253582643,0.017406710758677543,0.04193846241620787,0.04566314307006283,0.059716096632646334,0.0486138513837534,0.06582649182526848,0.07958487510868954,0.09259650614059861,0.04196229195492671,0.00898499941910029
2020-04-10,0.015623077514260973,-0.0051199876158559525,0.017248792937318597,0.02093136429032947,0.035519316415493316,0.023885266513887768,0.04252086425075216,0.05280742054471682,0.06853567008690123,0.01993358094477132,0.004310503430510353
2020-04-13,0.009768285883892534,-0.009408880192976674,0.007701853819366208,0.012581481247929627,0.029884515428054783,0.014475873276258676,0.03371272334124426,0.042963971633742264,0.05909768969293412,0.010412531217718464,0.0006442453338259381
2020-04-14,0.026591352878015225,0.010490437731478501,0.025438715697217278,0.03255238956005717,0.047386791783248006,0.03174431428920756,0.05073806178769295,0.0606774008589136,0.07911647784262285,0.026435290492999617,-0.00015606238501560035
2020-04-15,0.02091723441555632,0.002684660736003457,0.01850612135603824,0.025107443340504236,0.037900782657087864,0.025661003377244584,0.043944070050386246,0.05543672282235243,0.07504543790591443,0.019630475426111717,-0.0012867589894445973
2020-04-16,0.02432461252739066,0.007310029656144611,0.023932083352670927,0.032274439278177136,0.04134912311546961,0.028952105598481145,0.04871259676524209,0.056445076828864814,0.07731398030177979,0.02404559335244836,-0.00027901917494229864
2020-04-17,0.024732297755367182,0.008391148325461914,0.024166887663725482,0.031683440990987126,0.04063206755159437,0.027263204454296072,0.047272785419066335,0.057114911079345625,0.07817294526182866,0.02443187316469288,-0.00030042459067429646
2020-04-20,0.034941552494843986,0.01782095302750171,0.03608217024384368,0.04249797335472343,0.05169954602260645,0.040658393112073435,0.0606014191296318,0.06765400985975689,0.088526337868966,0.03464199099721931,-0.0002995614976246709
2020-04-21,0.03046094574024183,0.010900615430761635,0.031132811460792678,0.03884999645613457,0.045324090175689856,0.03572588234838914,0.055540606600047074,0.06192209843414692,0.08253900006604115,0.026980417976320427,-0.0034805277639214025
2020-04-22,0.03903361451746572,0.01959890173048571,0.039189646220588514,0.04642077475226901,0.0559085975540744,0.04556658440819278,0.06598382431049299,0.07165837134736357,0.09112490713571175,0.03439434100769474,-0.004639273509770979
2020-04-23,0.03632988655439607,0.01796987638113681,0.0341437493780861,0.03934335517495049,0.04970895398743586,0.039798875586349924,0.0601663674666827,0.07061100527767501,0.08827108339496655,0.03281818710687691,-0.00351169944751917
2020-04-24,0.02024842193125412,0.00030984267669812576,0.01231604305557393,0.018950445118408057,0.029751829809628545,0.020786555460057664,0.04322080244630319,0.05363813996853732,0.07414132620022304,0.020314848486013018,6.642655475888734e-05
2020-04-27,0.016276838284147402,-0.006121451097388517,0.0058352603319972,0.011913575118986941,0.019365804563494814,0.015090145873558926,0.03938016136212141,0.045271125749101776,0.06925863332832276,0.013535206244879297,-0.002741632039268116
2020-04-28,-0.00802485821360896,-0.028789825137446576,-0.018650092148884124,-0.013206202944473704,-0.006105575124214575,-0.0050448077629040335,0.020924730695898532,0.032102282213093886,0.052297499649434157,-0.0034030235114623445,0.004621834702146605
2020-04-29,-0.0075009861467753465,-0.029456917234070457,-0.01854406708031449,-0.013935341624317994,-0.004237529947469858,-0.00615947182458129,0.020474239818823847,0.03259693399488862,0.05062822646964914,-0.008346786565415073,-0.0008458004186397364
2020-04-30,0.013325022234595637,-0.006782987169142111,0.0053115596190904425,0.008810072936141077,0.019557614139312313,0.01707677485038736,0.043283314221848126,0.057366033632019586,0.07243503925318825,0.011858649211583137,-0.0014663730230125103
2020-05-06,0.02848286529968536,0.010255745696552195,0.025194524257712864,0.026990374339994,0.03807168078175952,0.03339112473900616,0.06053462253685082,0.07558656367061219,0.09326646499132456,0.03426012510086892,0.005777259801183548
2020-05-07,0.029027276540382882,0.010392929164113223,0.024215736737211606,0.025521904806878406,0.03697157002477465,0.02996988260388585,0.05778107325830348,0.0710566407106593,0.09057080009709328,0.029344717619228702,0.00031744107884580566
2020-05-08,0.0427313833926349,0.02473166746887119,0.03709423435256557,0.037844736594086256,0.047917877748888046,0.04056491359066389,0.0687807532331347,0.08045302454297763,0.10089171474489064,0.038397443186330156,-0.00433394020630476
2020-05-11,0.043399216770775545,0.023402530661117905,0.03623015304440892,0.04299262948564755,0.04842409870192454,0.041634956022058474,0.06919035361153805,0.08005186303593617,0.09928890740346183,0.03822168817632054,-0.0051775285944550276
2020-05-12,0.04160333442576401,0.02274214510282526,0.03623167408575808,0.04287510889178498,0.049790556439521946,0.04140115443598696,0.06832357909511459,0.07734851759290164,0.10022292612681966,0.036768152151608925,-0.004835182274155111
2020-05-13,0.04506140489536116,0.027376685104660427,0.04069352397804222,0.05051333129362015,0.05755794796422167,0.04797743349977197,0.07373688947259105,0.0822672753029205,0.10508038739934475,0.04365709757931558,-0.0014043073160456038
2020-05-14,0.037376518100770056,0.020375042313674346,0.03241813624697343,0.040301721750919575,0.04736646290310814,0.03965138649841283,0.06443535255586223,0.07396276887013552,0.09594250864976803,0.03469220996904774,-0.002684308131722345
2020-05-15,0.03861875012620362,0.022059184503887955,0.034705194501389564,0.043313543256948896,0.05120910160810373,0.044351857960426275,0.06770196633767492,0.07664451338566002,0.09600278897571184,0.03627503682256886,-0.00234371330363479
2020-05-18,0.0405130084289523,0.016098212702375263,0.030733395194749352,0.03657778522444765,0.046468596283959065,0.041901045487289956,0.06022529263725741,0.07174334139819513,0.09021955105590954,0.035575172694837946,-0.00493783573411438
2020-05-19,0.053764551898666676,0.029101147797589252,0.04540895497371529,0.05139721428808035,0.05848679319896688,0.05317022996200289,0.07015098034328607,0.08000597498145702,0.09952666485731093,0.04416559283815004,-0.00959895906051667
2020-05-20,0.04819728994707288,0.021514077630445296,0.03945986331699142,0.04487079612533009,0.0501479750540615,0.0447954905698825,0.058760824013463386,0.07039347822040685,0.0899829658418811,0.036770998703701825,-0.011426291243371092
2020-05-21,0.0406433406948421,0.013393807017222942,0.02848055900818828,0.036925742493563216,0.04141230723977819,0.03324360782771844,0.04980407193685235,0.0607242853850004,0.07981151958049906,0.026251642561161095,-0.01439169813368104
2020-05-22,0.025845278575692736,-0.004166034231060527,0.01220148191758682,0.02108853972771512,0.02612159442730732,0.014654243950904401,0.03597809301448705,0.04154825540606462,0.06495874171995644,0.01002784131720108,-0.01581743725849169
2020-05-25,0.025668708421126396,-0.005879129778886823,0.012237841778056703,0.017811729579836868,0.02691807352556069,0.01264877926429291,0.0352158321545745,0.03991772338406923,0.06337199768619872,0.009731568069070997,-0.015937140352055436
2020-05-26,0.0445334057042706,0.01706342475706096,0.0370145639585755,0.042167920257237146,0.04891807375533437,0.034301317955361524,0.05714343834938202,0.0590736724718291,0.0804237445303563,0.02683370947553733,-0.017699696228733304
2020-05-27,0.04251937502874706,0.013332971791311075,0.03380540550612485,0.03767150753876304,0.04646358687473835,0.031309696006350585,0.05395389269344377,0.055789850634675536,0.07765412163016197,0.0244417167595445,-0.018077658269202598
2020-05-28,0.03962694280049661,0.010626395843776058,0.0308556168287996,0.03286468816927321,0.04273003308133018,0.02725012752482499,0.05072542310873605,0.05223336131196195,0.07553825279950202,0.021563516054621062,-0.018063426745875587
2020-05-29,0.04686722795947926,0.017305711238163664,0.04047228986380748,0.0407075379356365,0.04962516612428371,0.03466601251078302,0.05716210236094611,0.060465316500326174,0.08235640356651731,0.027252622550259314,-0.019614605409219978
2020-06-01,0.07282458976953327,0.04662107699033088,0.07166617985285825,0.06822564793468952,0.0790208397141779,0.06238125445046791,0.08631847805491996,0.0875542667078523,0.10915655209727278,0.052703709488010925,-0.020120880281522372
2020-06-02,0.07276907792995377,0.05126913635164371,0.0729057638605008,0.07436152685237896,0.08129179923467879,0.07077713863914087,0.09247207849277264,0.09392560968087017,0.11632052774483971,0.060070491557780235,-0.01269858637217356
2020-06-03,0.07358585688326588,0.053607698674652815,0.07310994024515709,0.07613504426528044,0.07996112833276042,0.07043038874478649,0.09296760020229874,0.09402308535994845,0.11311119333309541,0.059554722478652636,-0.01403113440461328
2020-06-04,0.07469299696109229,0.057323450958851746,0.0743964056319156,0.08125609122320072,0.0827702345671283,0.07619514298604839,0.09506804823232425,0.09671364719467179,0.11635788199776731,0.06310256299802353,-0.011590433963068783
2020-06-05,0.07329714191693429,0.0572535709750299,0.07305968940332255,0.08262803149277174,0.08198127999600657,0.0778440914641177,0.09538385781550002,0.09634774268219184,0.1159034815168408,0.060733131471579736,-0.012564010445354571
2020-06-08,0.07248390992189833,0.05507093331619171,0.0723160784813193,0.08208683472616722,0.08011818677974601,0.07540580142021844,0.09378206302311051,0.0942569748133761,0.11450356997080827,0.06102251168631797,-0.011461398235580377
2020-06-09,0.07798587485070733,0.05939085119769083,0.07814342375298934,0.08860411179370202,0.08490100552880803,0.08023954749503076,0.09952892171867035,0.09668702433502177,0.11748654056608229,0.06330826340858682,-0.014677611442120535
2020-06-10,0.0764084843983255,0.056852123874979475,0.07725589667617877,0.08550743287927562,0.08411203861975822,0.0779326859741036,0.09621471938707823,0.0949224874696202,0.11499634847408104,0.06026001579140855,-0.016148468606916974
2020-06-11,0.07334416674309843,0.05341620246025623,0.0753808493359285,0.08049283481456364,0.0782312531473602,0.0746313603604378,0.09251357174822136,0.09293123663066337,0.1103941263500794,0.05642721511007038,-0.01691695163302808
2020-06-12,0.07548843269831762,0.05401384545830011,0.07735506726251695,0.07984996617505795,0.07712609474520073,0.07534595721254286,0.09238348598776194,0.09250246007985438,0.11014493935988189,0.05520040266656882,-0.020288030031748824
2020-06-15,0.07400036334399071,0.05204230817836262,0.07666836546293775,0.08088099674133739,0.07377522162837853,0.07246726018085471,0.08956245397567039,0.09292917020721798,0.10685348771546055,0.051876181835037324,-0.022124181508953403
2020-06-16,0.0947871811756354,0.07140494698386773,0.09423581390367228,0.1001555992422925,0.09056412386584423,0.08982924221414679,0.10457577207268945,0.10966181249126375,0.12152179471768676,0.06769586395539312,-0.02709131722024228
2020-06-17,0.09733073835086736,0.07500864728096109,0.0988905303948367,0.10487995333999015,0.09582867823578871,0.09475080992689949,0.10908085362905262,0.11537852394242762,0.1258618174393491,0.0714234002468479,-0.025907338104019455
2020-06-18,0.09722070944201054,0.0756281051347611,0.0969235567968449,0.10309919458261148,0.09195374670635145,0.09421700964867814,0.10840802010150062,0.11281352163853485,0.12677727970669617,0.07150848694343351,-0.02571222249857702
2020-06-19,0.10125987952841249,0.08080394214179026,0.10389219952303014,0.10793829064390487,0.09677329746260878,0.09698817918727501,0.11386560403782434,0.11680205228637651,0.13080208658726922,0.07708347419818079,-0.02417640533023169
2020-06-22,0.10233371119206634,0.08186315052431677,0.10673439295050709,0.11241162199440818,0.1001277004101026,0.10017966896744729,0.11621768292090338,0.11966330593595335,0.13255803096935928,0.07903562651314722,-0.023298084678919116
2020-06-23,0.09980548329919665,0.08063909766377539,0.10505800877900387,0.11299403242048794,0.09831745639992832,0.10098506659150046,0.11402299103658015,0.11891876263828162,0.1334021790601561,0.07761810180994479,-0.022187381489251857
2020-06-24,0.09946054494342843,0.07701546155955367,0.10073693567509634,0.10899124557513692,0.09466913573470506,0.09910610103658646,0.11172149876641391,0.11529777604116584,0.1329829092505955,0.07554593113234871,-0.023914613811079708
2020-06-29,0.09217897561222058,0.07083756926565461,0.09419156986831032,0.10265012146415163,0.09015230605577187,0.09097415571784336,0.10665095049497422,0.11098015998699223,0.12946235677958168,0.07078497410126523,-0.02139400151095533
2020-06-30,0.10583867113861435,0.08551180703947826,0.11231937131081396,0.11852856248472872,0.1063518148823085,0.10641515224566121,0.12352255159903645,0.12668880985134248,0.14374657022441245,0.08527809045184523,-0.020560580686769123
2020-07-01,0.11208157539271481,0.09071973629208582,0.11650811573013202,0.12335296029447514,0.1125720812669843,0.11158751593982719,0.12793905998492067,0.13079740222843467,0.14971449099367787,0.08861883563644121,-0.023462739756273592
2020-07-02,0.12430642562320679,0.10546454355427935,0.12782950368123244,0.13604782042063437,0.12712592354705785,0.12455012968443539,0.14367966576070787,0.14420063191602298,0.16728440678482775,0.10523583967822361,-0.019070585944983183
2020-07-03,0.13234633576333565,0.11637663470739458,0.13697390765213932,0.14469288874006594,0.138145193067207,0.13617059955874056,0.15688786389393883,0.15898675272739562,0.183652415119203,0.11816504947394518,-0.014181286289390485
2020-07-06,0.1708503115551686,0.15605933632023267,0.17650722907377833,0.18508506178525025,0.1791375113155755,0.17599034564056631,0.19637914870002676,0.20045478691150526,0.22332229571093637,0.15698372228041624,-0.013866589274752386
2020-07-07,0.18792804586884004,0.16961179496486622,0.18854580712384728,0.19442458307892863,0.1873118585999424,0.18432289186283837,0.2022940344960786,0.20750985513714548,0.23044685072390658,0.16193275545139968,-0.025995290417440375
2020-07-08,0.2154057292246611,0.1956289528626711,0.20915758913994895,0.21498130734212093,0.20808683075776294,0.2053107883993805,0.22434950223970904,0.22543222107597868,0.24745989858538747,0.17960295102427204,-0.03580277820038908
2020-07-09,0.2457338158529398,0.22445976396254216,0.2348934383315081,0.2412409526627024,0.2364962603697107,0.2289953745274324,0.2485493031543038,0.24900644788946952,0.2690441743409948,0.20144994501948654,-0.04428387083345328
2020-07-10,0.24187006842920863,0.22074055930012176,0.22615314727348174,0.22920753331045793,0.22503857192880847,0.21949961612558164,0.2383264822963659,0.24086856270692927,0.2599552952894047,0.19206924702155642,-0.04980082140765224
2020-07-13,0.2732149594014353,0.25592824565035355,0.2593515524139362,0.26447590332258575,0.2580809445854864,0.253921138472455,0.27341097091474575,0.2722841693318373,0.29322085592550573,0.2237527863368598,-0.049462173064575524
2020-07-14,0.2671363055053159,0.24302369553836106,0.252221963262581,0.2561391520450203,0.2552895683121095,0.2459266532242373,0.2662342478022455,0.26705922954285677,0.28804356172052653,0.21741282257017577,-0.04972348293514016
2020-07-15,0.2470708321316428,0.21548306872707354,0.22444202327279814,0.22963344228788943,0.22511440419636183,0.21711329162918913,0.23617450843668114,0.24142962970590248,0.2603888601808921,0.19137262060046914,-0.05569821153117367
2020-07-16,0.20057072632413017,0.17096140659530681,0.17937606128189856,0.18873609192316965,0.1795646270890927,0.17284380762540663,0.1904479892487819,0.19470734839052792,0.21613895611601233,0.14374865026011333,-0.05682207606401686
2020-07-17,0.20364279311116115,0.17586475392779274,0.18271863288903056,0.19169950466170044,0.18352117386120176,0.17482272208867292,0.19447521125747216,0.20109946551166458,0.21865516245279973,0.14666071585556334,-0.05698207725559784
2020-07-20,0.2392604572549429,0.21304565132785885,0.2206922537146693,0.2310192757032034,0.21995276817576015,0.21188621016775977,0.22851665132219945,0.23462275723999476,0.2525155054762933,0.17918222247399673,-0.060078234780946226
2020-07-21,0.25423601810415497,0.21738378717049667,0.22274817531582164,0.23656507352920697,0.22316408426690745,0.21329294946505267,0.23026581067103838,0.23676738160014485,0.2568389694364614,0.18277857108673928,-0.07145744701741573
2020-07-22,0.2614349885761748,0.2235189871742553,0.22934171948364368,0.24341097558310024,0.22701963333367017,0.216052467513745,0.23240731901262143,0.23922989485333623,0.25973577241460577,0.1857632710375798,-0.07567171753859504
2020-07-23,0.25943655975198493,0.2213659806851806,0.2277859095011925,0.2400080929216283,0.22065792934884151,0.21291208392638497,0.22588285506355424,0.2384233513718138,0.25246211765167764,0.18249152327339394,-0.07694503647859105
2020-07-24,0.2217723749098106,0.17936767340985788,0.18356629128727264,0.1965211321275387,0.1752290859753138,0.1717807571797404,0.179378889618772,0.19886103039311023,0.20766830009604414,0.1391253287035987,-0.08264704620621197
2020-07-27,0.22132427884655612,0.18332994876895062,0.1820233690990539,0.1981114534493187,0.17627004167374116,0.17420937615940857,0.1819326957012307,0.20248887707432273,0.20789440687199884,0.14040553342325052,-0.08091874542330565
2020-07-28,0.2343350657278718,0.1947004733303448,0.19312305058188498,0.2113354244480502,0.18770796874195717,0.1870212908841184,0.19416120240732562,0.21212742893573142,0.21897156013601804,0.15239294520305072,-0.08194212052482114
2020-07-29,0.26188228418602993,0.22421641015120114,0.2202354696361713,0.2364917646131687,0.21411958548027507,0.2112146355608264,0.2163547743580631,0.23476964072381276,0.24048769303524317,0.17234625445882734,-0.08953602972720263
2020-07-30,0.2620626676982549,0.22282217074602542,0.21598219760244708,0.23514725271750686,0.21056466128960782,0.21048992567762922,0.2140086732961947,0.2322434857585821,0.23934311830857424,0.17336725650747098,-0.08869541119078403
2020-07-31,0.273000196074146,0.23390832758990782,0.23034834643336635,0.24683349717125372,0.22240123332239845,0.2248015952710715,0.22593896183613546,0.2441260090603945,0.2498984899217861,0.18386889414919738,-0.08913130192494871
2020-08-03,0.30190516413300883,0.2627947630001193,0.2597512983435703,0.27582213051823995,0.25079911408206434,0.25388459343385844,0.2563447187065573,0.2716089774669139,0.27994844919013395,0.21259241791800643,-0.08931274621500249
2020-08-04,0.2977814169306858,0.2545905046083869,0.2536503857890403,0.26723986029936464,0.24497219599291317,0.2479790030333709,0.24860314945252046,0.26755444271168916,0.27353346049497157,0.20706539403354968,-0.09071602289713619
2020-08-05,0.31137640127784566,0.26718962334645746,0.2641119524141787,0.2805824189771321,0.2528822510995429,0.2575246184231201,0.25759443993631514,0.273937773446352,0.28051658578852495,0.2153814995945632,-0.09599490168328248
2020-08-06,0.3100315417661282,0.26593210567827796,0.26305781471511347,0.2776532319838651,0.25121998941017404,0.25467285913334586,0.25437662949805784,0.2713662666908608,0.27719365015314595,0.2103294974876809,-0.09970204427844731
2020-08-07,0.29327541122875345,0.2515165583565428,0.2508380334402813,0.26471455364533686,0.2365956097638545,0.24728216237753564,0.24018691693518648,0.2541505047147547,0.2643928965724185,0.19499572760681114,-0.09827968362194235
2020-08-10,0.30377478487345566,0.26066623834316294,0.2561186358789759,0.2719167937982269,0.24379926215238873,0.2545111228565728,0.2504587166257938,0.2617561428387695,0.27553395804148906,0.2044859432123072,-0.09928884166114849
2020-08-11,0.2843165696643688,0.23916578916049885,0.238076628588966,0.25235122474627086,0.22310698560271305,0.23445303027841938,0.23187230065082864,0.2421888743157644,0.25700296570955244,0.18575443062963357,-0.09856213903473526
2020-08-12,0.28083492680259836,0.23359226892552276,0.23182519891992423,0.24658188767432107,0.21655162638724945,0.2259437516012584,0.22523938327814033,0.23438018728357057,0.24753642907413953,0.17869614485112917,-0.1021387819514692
2020-08-13,0.2881500946773927,0.24103297629769513,0.23974437229518047,0.25334380196681083,0.22317175810776485,0.22933520573330046,0.23103733687343872,0.24045840944251523,0.2517697580028233,0.18377701243928396,-0.10437308223810876
2020-08-14,0.2979548601933449,0.2501870954064672,0.24835224844161552,0.2601048587236576,0.23147070237880946,0.2364714781631964,0.2404084288316129,0.24950544168187633,0.26137582159266015,0.1901241393909302,-0.10783072080241467
2020-08-17,0.3151952825249256,0.26930396614770524,0.2687839800465752,0.280794740056984,0.2528706710505352,0.25499732606928127,0.2581689602082159,0.26884741775495347,0.27999186592484504,0.20799151589624226,-0.10720376662868336
2020-08-18,0.32335527340088244,0.27867986150865054,0.27578216256275323,0.288206466631194,0.2609908277187155,0.2633439129837854,0.2640845408578579,0.27512861589559234,0.2863914858230494,0.21321370247996999,-0.11014157092091244
2020-08-19,0.3094556430364946,0.2647133539210378,0.2607368050927402,0.2712879163786014,0.24556072707717058,0.2447615662229414,0.24861004859577437,0.25751180385791406,0.2742100898796589,0.19830903525255322,-0.11114660778394132
2020-08-20,0.30116846797358277,0.25433617295138544,0.2503768782662139,0.2607719078067754,0.2350547101649351,0.23093540310813515,0.23700764419959994,0.24521278639989116,0.2614793759606823,0.18793866796374414,-0.11322980000983857
2020-08-21,0.30891398566281747,0.261931506713068,0.2551324772511822,0.2669400603755466,0.24271867956427348,0.2398041637550316,0.24350293763524355,0.2524401100207723,0.26862929685937476,0.19177091994441278,-0.11714306571840465
2020-08-24,0.31546753069354566,0.26785321199500667,0.2634169996372315,0.27288802136414,0.2463525808325167,0.24704510881777647,0.24917418640792177,0.25877913503619904,0.2748943920395478,0.19773062995198404,-0.11773690074156157
2020-08-25,0.31419230825091915,0.2657848243096739,0.264254179455146,0.27184295871078595,0.24701731654637174,0.24481851620425993,0.251776215980754,0.2592855462295177,0.2710339813162513,0.19797688905759184,-0.11621541919332726
2020-08-26,0.29492078140231337,0.2462792237119741,0.24398546965052914,0.25046295609676406,0.22644516364081474,0.2214291398258833,0.22907009532715192,0.23538904066432154,0.25187002318010293,0.1775016219337605,-0.11741915946855282
2020-08-27,0.30893441317528775,0.25925872109869674,0.258439818566283,0.2643510806291349,0.24195343688653176,0.23372889170214572,0.2420546886305107,0.24880135001614667,0.2624040805518504,0.18649849241997424,-0.12243592075531345
2020-08-28,0.32017202342845663,0.2680945751914994,0.26924513720805254,0.27440799823586964,0.25386985414572383,0.24509018219892914,0.25078721719514596,0.2577175015715804,0.2710590791645402,0.1965408128852009,-0.12363121054325568
2020-08-31,0.32218133728819653,0.27191684349067374,0.27339749293428567,0.27410442363342163,0.2541359499981484,0.24566238224260611,0.25034450954710435,0.25767348823824054,0.27243354063809233,0.19749180567364968,-0.12468953161454681
2020-09-01,0.32713309778230254,0.27656418967788493,0.279495797976561,0.27979172139729624,0.26122729280725365,0.25393556087943286,0.26046120638884523,0.2633335336355659,0.27616866996254785,0.2018941844263226,-0.12523891335597992
2020-09-02,0.330346905419282,0.2816377478591345,0.2842051721851982,0.28545808442006276,0.26615825866593196,0.2609171541324387,0.2682805505722086,0.27059293719312055,0.2842460102399485,0.20755412108780166,-0.1227927843314803
2020-09-03,0.3232887002262824,0.27320230973990195,0.27348299415803135,0.27547573974809364,0.2559998417410198,0.2532456074471173,0.2574532580247704,0.2617541812961655,0.2738602554660687,0.19823483187669946,-0.12505386834958288
2020-09-04,0.3242379472725987,0.2756636583932762,0.27491411391063775,0.27920289182987446,0.257362264958503,0.2555889061711811,0.26122970698707276,0.26325152356043446,0.2751854008631134,0.1940402035150412,-0.13019774375755744
2020-09-07,0.3089680171302918,0.26536202644306917,0.26776021457980476,0.2674157326177792,0.24362314537872498,0.24564748003781647,0.2519306414245216,0.2497783411450786,0.2632111580088501,0.17913592860327426,-0.12983208852701753
2020-09-08,0.3114517274034641,0.2706942457462493,0.2754690938852969,0.275766810276656,0.2545935284783059,0.25606030645531824,0.2679246717527615,0.26570011240975727,0.2790922381519684,0.18674211933286597,-0.12470960807059811
2020-09-09,0.2808685179062608,0.23854492530795346,0.24376776763538474,0.24465117459273464,0.22563136071154827,0.22690757538843778,0.2449006820002508,0.24155322675343305,0.2579724812613691,0.1719009085027042,-0.10896760940355653
2020-09-10,0.2494817949619838,0.2062029625791994,0.20380892231006326,0.20507832949515997,0.18389548558095725,0.1825729494805505,0.2023106217918837,0.2059934169187192,0.2242804727635706,0.1355584012159342,-0.11392339374604954
2020-09-11,0.25940750274723245,0.21874568506124886,0.21942166686255815,0.22106091350052817,0.2005034485703975,0.19787041808631137,0.21888765599324084,0.22561736376580208,0.2402899008184589,0.1521425116481055,-0.1072649910991269
2020-09-14,0.27276065932312693,0.2391291627736371,0.23717863735712516,0.23838540367188737,0.220192996063295,0.21888786590782716,0.23623324568358736,0.23723584232857306,0.2522857578279098,0.16165946052881808,-0.11110119879430883
2020-09-15,0.27748785549788363,0.24446550968141648,0.24235724631579847,0.244949005016114,0.22190013495978575,0.21946182858048965,0.23866683168956235,0.23789208077742371,0.25444459176964357,0.1615664420914999,-0.11592141340638372
2020-09-16,0.2700988851470197,0.23907998094077731,0.2377854114306645,0.2386473056003251,0.21235433400669793,0.20922433262906398,0.23474626947540522,0.2299747792763773,0.24623899449688125,0.1544511950227577,-0.11564769012426195
2020-09-17,0.2822199189880391,0.24624866513841506,0.24342898084044123,0.2402533396502339,0.2144807495295277,0.2103224690705147,0.2375476628032817,0.23378975706440508,0.24962231384507216,0.15543342826540074,-0.12678649072263837
2020-09-18,0.2958120450156642,0.2585691777313824,0.2557768791703982,0.2565027753702341,0.22738928063674968,0.2248326246113711,0.25138466421789946,0.24851212025399202,0.261443093340012,0.1677219023254126,-0.1280901426902516
2020-09-21,0.2909696878293535,0.26070090982688493,0.2567114390409821,0.2526815304042001,0.22720112677527016,0.22413471902730409,0.24983633909885772,0.24522309201364642,0.258554238651454,0.16461371280444959,-0.1263559750249039
2020-09-22,0.27612758874790183,0.24634618392209834,0.24143778664995025,0.23992202509212376,0.21092030691522,0.20749207837262262,0.2328497175789582,0.2286332648944267,0.24253106628998103,0.1496686126135728,-0.126458976134329
2020-09-23,0.2819891155189661,0.25506829906146566,0.25020673879404254,0.2496235778997922,0.21928580337035594,0.21400984927706396,0.23974203063196736,0.23534520459313854,0.24752228645507554,0.1553069043229177,-0.12668221119604842
2020-09-24,0.25624904051500963,0.2264401719594654,0.22156243555520136,0.21972524118516784,0.19051103111905462,0.18737293557425475,0.21318961379326795,0.21053285711095104,0.22140494401674293,0.13069172012531485,-0.12555732038969475
2020-09-25,0.25210490005974895,0.2203504464632756,0.2162465060228247,0.21592230134127816,0.1838350450556165,0.18280836047046764,0.20655059254554703,0.20423064037920285,0.2174425042622095,0.12494262874196836,-0.12716227131778057
2020-09-28,0.24108112903346174,0.20839976927928125,0.20185227104275216,0.2014767049150504,0.16691318354027102,0.168080257662923,0.19152039489659378,0.18943496828588807,0.20322115104693556,0.10957462212859198,-0.13150650690486976
2020-09-29,0.24976291670378226,0.21681691210400944,0.21116509481170173,0.21312768954732608,0.1754143239801559,0.17599858083671258,0.20144338291343306,0.19826819847216087,0.2102166633891636,0.1150028824684154,-0.13476003423536684
2020-09-30,0.2451113652840663,0.21482725805435973,0.20854310540775503,0.2106522937635035,0.17312163792389104,0.1732584705900361,0.20024351195810738,0.19652551731182155,0.20716317594136624,0.11316614835245037,-0.13194521693161593
2020-10-09,0.27192643364360536,0.24446969471527344,0.24131555119077194,0.24338554350670924,0.20508036581644415,0.20662880922359939,0.23115279370393874,0.22780898498835406,0.2364606221136204,0.14051095934449515,-0.13141547429911024
2020-10-12,0.30128582432315526,0.27746581751515,0.2765696197965863,0.275210506981792,0.23717343952049516,0.23738634983825124,0.2592600400598463,0.25654617171382726,0.2652173978318667,0.1677388756587106,-0.13354694866444466
2020-10-13,0.3075946143971039,0.2873688425826381,0.2828643577677193,0.2792732954197983,0.24075215757152693,0.23813414922582934,0.2612364811811694,0.25652740498026444,0.26473775856168724,0.16600461869275188,-0.14158999570435205
2020-10-14,0.30167686108164116,0.2833035741182237,0.2782444070564707,0.27307734507273973,0.23459037914729441,0.2307483122587054,0.25462040812636116,0.2513425519531044,0.2568998205043374,0.15858127951239323,-0.14309558156924795
2020-10-15,0.2957273103071555,0.2760983462179894,0.27356511277999923,0.2650307290597592,0.22801230985828863,0.22063246108614806,0.24778175596055182,0.24339308400062562,0.25100284600024586,0.14955967162847028,-0.14616763867868524
2020-10-16,0.29601834218506284,0.2774716557451703,0.2760466323849786,0.26547150649772416,0.2309112314436612,0.22162600475767785,0.24786785925213142,0.24332704385700352,0.25013318944056573,0.1462022004342977,-0.14981614175076519
2020-10-19,0.2923713608823073,0.2725236170200557,0.2725304932112514,0.262327614626889,0.2262198874734975,0.21497837771236178,0.2422807245445034,0.23702839796125602,0.24364375150926668,0.13923386160335735,-0.15313749927894998
2020-10-20,0.30304413900244764,0.2845887704001652,0.28470257677106653,0.27875612689189133,0.2374409405546981,0.22323978275284134,0.25174431544250214,0.24731579779927415,0.2506552597789057,0.14492417393921006,-0.1581199650632376
2020-10-21,0.29376399312345935,0.2718174224393842,0.27386231765819663,0.2684098498597057,0.22291936910966034,0.21028184127159075,0.24049472866350302,0.23623869077511742,0.2396829290157018,0.13184859108410119,-0.1619154020393582
2020-10-22,0.2910391793043055,0.2696634452145081,0.27250978201719245,0.2660213591122926,0.21971565984186123,0.20566183330787405,0.2384077250095032,0.23292298024281274,0.23628581755481917,0.12573388035471617,-0.1653052989495894
2020-10-23,0.277383576106685,0.25427586784821327,0.25688304856484906,0.25324494627881605,0.20214365209076782,0.18959083244828637,0.22485733583825404,0.22093893508142878,0.2253596504104124,0.1132754599558754,-0.16410811615080967
2020-10-26,0.27597845937559595,0.25645837512302205,0.25719859719027083,0.2544619387806735,0.20434312088517326,0.19429018458149938,0.22812878189369562,0.22353266503277192,0.22704241351184912,0.11455207668334154,-0.16142638269225448
2020-10-27,0.2770137133704703,0.25657690871344957,0.25667763514144215,0.25319473598400116,0.20589932630523217,0.19540835114142638,0.2279303760743518,0.22637506041535915,0.2273052427796736,0.11415536580618482,-0.16285834756428558
2020-10-28,0.27640679653963063,0.25678106500845527,0.25983258739287685,0.25870276839573414,0.20780417568001694,0.19920286811316074,0.2288948630027405,0.22834365951531715,0.2277939948936949,0.11555647598094544,-0.16085032055868526
2020-10-29,0.2719354662024643,0.2539776629008607,0.25568675109567013,0.25558876122664637,0.20816921121547305,0.19390195969159824,0.2286522765031869,0.2259439898858453,0.22555920318877173,0.11401617190719633,-0.15791929429526802
2020-10-30,0.24344969857935847,0.22247203889749698,0.22618178339608752,0.22724226366709194,0.1830838136125846,0.1680668140616719,0.2032981946227889,0.2017332479599246,0.1990699367795176,0.08783703502015068,-0.15561266355920786
2020-11-02,0.23800002431822137,0.2189949842490592,0.22785633691971263,0.22660170449945713,0.18276250608798364,0.17614033633911144,0.20897051874543746,0.2085105577357874,0.20247535307292566,0.09127520654731583,-0.1467248177709056
2020-11-03,0.262852336701529,0.2431869287307349,0.24999087372104725,0.24701217349948318,0.20370384844879208,0.19571806520524762,0.22816130471349663,0.22911935813812515,0.22142900301093804,0.1084464410016818,-0.1544058956998473
2020-11-04,0.2625329544852742,0.24262914315132672,0.25011907685423884,0.2437358325152763,0.20146831244122562,0.1930145101165186,0.22558215935457876,0.22641118733525378,0.21702382546728397,0.10451772830286288,-0.1580152261824114
2020-11-05,0.28250243174905687,0.26315506114486104,0.2672170371686002,0.26096049628851764,0.22053655486816442,0.21009016916631074,0.2420706332382791,0.24342425232503442,0.2326520381393944,0.12093805870029675,-0.1615643730487602
2020-11-06,0.27607566509461895,0.2518132526844368,0.25390399778250705,0.2486197186633313,0.20930995656458357,0.19968986640908784,0.23149466522131665,0.23404260650617326,0.2246691411018035,0.11367897535306921,-0.16239668974154983
2020-11-09,0.3018946752524686,0.27750838766619124,0.2780875797181267,0.2734770899535526,0.2312644473217723,0.2210605748222748,0.25035430030322753,0.254136502830529,0.2446926214912068,0.13198990423425366,-0.16990477101821508
2020-11-10,0.29353139894276414,0.26488400586429856,0.26580967018249146,0.26435119051523587,0.22184662635248117,0.21073375945255002,0.24278806856606167,0.24645858740668472,0.23688474815664487,0.12548340585919202,-0.16804799308357224
2020-11-11,0.28194480224874396,0.2526350409606801,0.2533004104248927,0.2524846167829876,0.20836340055760344,0.19698976725293058,0.22781874799484578,0.23546144605455874,0.2258502811120088,0.11361507634636778,-0.16832972590237633
2020-11-12,0.28174882462325845,0.2517221879893613,0.25370357698604146,0.25097524190105996,0.21011482441760787,0.19944945980506887,0.22994392874525266,0.23692711181929738,0.22715515182981386,0.11512587692503015,-0.1666229476982284
2020-11-13,0.28345641972452273,0.25351511590975534,0.2566905225121411,0.25075416920795895,0.20962492505308034,0.1983807267685553,0.22926248017025808,0.23675808166139414,0.2261305633584454,0.11475360352368291,-0.16870281620083993
2020-11-16,0.2941816674112311,0.2656442431167875,0.26602497095326966,0.2617936189552882,0.22009182161642774,0.20741449166914933,0.23865986758602714,0.2467809829537353,0.23615530071341673,0.12377834833918601,-0.1704033190720452
2020-11-17,0.2838050455577177,0.25580875716344714,0.2577423881211991,0.25545572754326995,0.2123612620587181,0.20025497995086458,0.23183397610559467,0.24053315426039212,0.23185629198114202,0.12067290785991479,-0.16313213769780302
2020-11-18,0.28701656204212456,0.2597409531468875,0.2625257845514306,0.2597827752507382,0.21412619052171897,0.20436106210199503,0.23664895435086575,0.24467040147141658,0.23593590295898528,0.12452946641175422,-0.16248709563037045
2020-11-19,0.2925990767641013,0.2652036257865566,0.2644579897312926,0.261078259083619,0.21584988440622543,0.20870265812959532,0.23867075916100564,0.2464080830898076,0.2405898067144217,0.12785001346853309,-0.16474906329556832
2020-11-20,0.30089283858916965,0.27285795979490224,0.2730682691746299,0.2669095290471563,0.22132869268984995,0.21284797760508206,0.24290250559715526,0.24822791632369626,0.24419935047339317,0.13045485888948088,-0.1704379796996889
2020-11-23,0.3008114393193371,0.27585131643742855,0.2768467426762003,0.2724286215299033,0.22669183046677266,0.21478354927874704,0.24717143149440501,0.25045222520763116,0.2479636181382853,0.13326255537531564,-0.16754888394402162
2020-11-24,0.30063382243754244,0.2758059859197837,0.27528756374411917,0.2717815948594354,0.22488202537495866,0.21442065551183992,0.24677707092803144,0.24913575730719442,0.24849958543258413,0.13210939519107567,-0.16852442724646693
2020-11-25,0.28722678069624924,0.26179383434182896,0.2643991754346527,0.25670932032903765,0.2099676502711385,0.1999301559707305,0.23150534767408007,0.23493194275887086,0.23684816890338245,0.11996311982954232,-0.1672636608667071
2020-11-26,0.2825991222735092,0.25908637532917983,0.2595983761716139,0.2530973262030474,0.20699560345072063,0.19711096250186727,0.22632796115712994,0.23050503143304232,0.22993957100809367,0.11608939345199852,-0.16650972882151083
2020-11-27,0.2823106747582013,0.2587207798182641,0.260281985249551,0.252067901924227,0.2066672678577184,0.19486126644144056,0.22583535708546135,0.23081270260133227,0.2306286433104636,0.11586446123703521,-0.1664462135211663
2020-11-30,0.2810276730080549,0.25539897369107123,0.25780718931039315,0.24999289316678505,0.20342482634773018,0.19215410759611862,0.2228824401563648,0.2284147595432395,0.22865426711249198,0.11380840297396146,-0.16721927003409365
2020-12-01,0.295929475660138,0.26834711467485484,0.27290777748590467,0.26508803101696626,0.21634735881597217,0.20466721258814913,0.23584318094872314,0.2399625083344738,0.24093171156889634,0.1275359066303426,-0.16839356902979558
2020-12-02,0.29760435578851,0.2701978346728294,0.273554817056464,0.26559586879171415,0.21656981883502774,0.20605314698255955,0.24052703311661167,0.24224461171076858,0.24397899224484987,0.13084173611968838,-0.1667626196688218
2020-12-03,0.29344965005443635,0.2675756382317205,0.26841151073741515,0.26097077157661436,0.21469447296687208,0.20402065927229593,0.23991433377698576,0.24021045272802855,0.2437706176624915,0.13195477905110017,-0.16149487100333632
2020-12-04,0.2966683021918147,0.2703388500003099,0.2705281215078653,0.26297408701547825,0.21809932798497428,0.20578600686833912,0.2413802576642949,0.2405770294453492,0.24749451568892816,0.1337246058517935,-0.1629436963400214
2020-12-07,0.2893998204889112,0.2660442568665656,0.26544362045184655,0.25960431400786776,0.2137849456007349,0.19883949265840775,0.2375550654906927,0.23532824530814478,0.24095316289003674,0.12917198672204294,-0.16022783376686842
2020-12-08,0.28663449270577124,0.2637363729939271,0.2629354171909389,0.25843981434795954,0.21117411944289702,0.19599560361462917,0.2361602587451653,0.23324386367689698,0.23817135558617117,0.12692908384796509,-0.15970540885780632
2020-12-09,0.2683553756137134,0.24673475380879317,0.24460339768859768,0.2383804132348789,0.19263147804773204,0.17777587906265316,0.21689307808028768,0.2128849707284578,0.21773358734463735,0.10762906970661215,-0.16072630590710144
2020-12-10,0.26771358652366833,0.24634839939624287,0.24397333232931873,0.23817521252437202,0.19299976886179387,0.17730593985381699,0.21996792298490936,0.2127655193855779,0.21661103031199783,0.10739161220975692,-0.1603219743139116
2020-12-11,0.2494810921097777,0.2291378849386101,0.22563830180677702,0.22117019529593618,0.17968956237585615,0.15836581612455755,0.2049795781844615,0.19703627849160815,0.19899860414495554,0.09132094868504104,-0.15816014342473686
2020-12-14,0.25864042106283525,0.23819726923608103,0.2334311134694029,0.2290782494535235,0.18716199801911595,0.16673110931405238,0.21143034257536247,0.20234889215978127,0.20617839022199588,0.09760617477483671,-0.16103424628799876
2020-12-15,0.25866963253904174,0.23792245106224752,0.23306888585069185,0.22738412429357785,0.18935808938318793,0.16444824402981673,0.20886277281968774,0.2035002267711093,0.2035113138644519,0.0974709297934749,-0.16119870274556705
2020-12-16,0.24582303654069082,0.2253075384378122,0.2195319371359973,0.21668917890643974,0.17737280119416698,0.15342077987206074,0.20039091557757568,0.19122202057457924,0.1906790250958739,0.08603743315129676,-0.15978560338939427
2020-12-17,0.25624503076026456,0.23700945045286917,0.229453533618645,0.22661844865807557,0.18812825130297897,0.1644386985365707,0.20980242100493435,0.19977019144956953,0.1976265976216034,0.09330231501379349,-0.16294271574647126
2020-12-18,0.2500286748999295,0.23107881823050297,0.22562473467600025,0.22140977042708043,0.18417337356285737,0.15936763453052452,0.20473932092905386,0.19612037482315994,0.19266639974651417,0.08915585761852518,-0.16087281728140454
2020-12-21,0.2598409939635022,0.24055652872996558,0.23329560215136025,0.23383209981297642,0.19542283340231761,0.1704769130224814,0.21380303136282894,0.20723742834997994,0.2001436594688355,0.1001753548409667,-0.15966563912253567
2020-12-22,0.2380658542077795,0.21932312073828927,0.21070097072065114,0.21336570124577758,0.17209798458533274,0.14768809078723538,0.1926898319190789,0.18694274170156883,0.1811194107707277,0.08058429273091935,-0.15748156147686032
2020-12-23,0.23964412578683092,0.22284988213466922,0.21614814983116154,0.21679039889081875,0.17610558096839177,0.15129426392139672,0.19885854179314746,0.1927505873409322,0.1847195044789957,0.08156051051993216,-0.15808361526689896
2020-12-24,0.21348638240604412,0.19802560584938825,0.19404562394789202,0.19830029408784952,0.15789127167122274,0.13282177367381093,0.1786321420221896,0.17270952275451937,0.1654033183805012,0.06879164563556223,-0.14469473677048209
2020-12-25,0.222885159465358,0.2065136925705937,0.20322228735666875,0.20807009377687133,0.16795118680777069,0.1427814122602489,0.18996785620588993,0.18380588802531483,0.17419907573709942,0.07776945488779687,-0.14511570457756134
2020-12-28,0.2023141554457425,0.1946051202159027,0.19345758632692564,0.19732839786170875,0.15501872530933478,0.13235821981570314,0.18037426605413193,0.17194722723659436,0.16054165219796282,0.06732048183477607,-0.13499367361096665
2020-12-29,0.20695296726758522,0.19640878778214577,0.19305530410513835,0.19860869331690664,0.14577601685568867,0.12591839916815067,0.17411448092950546,0.16776072472680587,0.15875595020748998,0.06566087379248199,-0.14129209347510344
2020-12-30,0.21120050809263197,0.20268835000530985,0.20018312780116262,0.20583436872949232,0.15090605175818952,0.13026385443736307,0.17726839581130335,0.17135816246346633,0.16159709245177684,0.06531938418988532,-0.14588112390274685
2020-12-31,0.22439359445486445,0.2170136149402294,0.21261276572135043,0.22108410101353912,0.16537936700104164,0.1459463553631154,0.1914598765874763,0.1853174758563547,0.1775082855458824,0.0796144194720435,-0.1447791749828212
2021-01-04,0.23699399589674336,0.23520729802389334,0.22829950281641193,0.2387953213281755,0.17879546182349917,0.1586970212469711,0.2058378947248312,0.20039381919011873,0.19216987932639273,0.09336361001686766,-0.14363038587987595
2021-01-05,0.23478790211802883,0.2315398354055635,0.22825287316619522,0.23861268310869524,0.17589446508985024,0.15788558613469464,0.20443091864164714,0.20122957985064535,0.1925760418829702,0.09245795164185962,-0.14232995047616945
2021-01-06,0.22078567776416658,0.2215572459239768,0.21436437723960425,0.22466850593083043,0.16145571570607797,0.14616018471790337,0.19362886676558616,0.18883621782494386,0.17887363318715563,0.07759977537364524,-0.14318590239052156
2021-01-07,0.1867998826918421,0.1895336911333359,0.1845031786408341,0.19761952448767753,0.1345929628540502,0.1197845166983667,0.17141446116831227,0.16748843686899692,0.1567423892731096,0.05554347417194902,-0.13125640851989331
2021-01-08,0.19443737685668566,0.19284557241390526,0.18708264111505804,0.1958823857489352,0.13556783417192456,0.1177653310444459,0.16621557388490485,0.16229278094013508,0.1549815059399413,0.04889606746898398,-0.14554130938770188
2021-01-11,0.171695965965041,0.17132455617182157,0.16326947472508468,0.17229083243842724,0.10749453558532004,0.09649029537569384,0.14188496691777017,0.1360155445000928,0.13395950160368447,0.029478637978131408,-0.14221732798690978
2021-01-12,0.17982775008981775,0.1800942929452245,0.17323955993139545,0.18143522463035971,0.11917539686405568,0.10529550276072656,0.1507983554801904,0.14271405641029133,0.13929610162030362,0.036208516165089744,-0.1436192339247282
2021-01-13,0.16012295947546668,0.16177892159238264,0.15340826561895082,0.16533810537115087,0.1041296579583149,0.09075632146344324,0.13663109250351946,0.1277274645200774,0.1254431735459592,0.02264381642921976,-0.1374791430462471
2021-01-14,0.1697545029863726,0.16690977078125083,0.15378760652079404,0.16631858973091812,0.10638847078230906,0.09664700641966749,0.14068153730479926,0.13270242440172775,0.1306548774147974,0.028884786693154245,-0.14086971629321854
2021-01-15,0.18802438750721726,0.18253010546782214,0.16755971301275902,0.17712214449852448,0.12217124876170327,0.10613833609675444,0.15413155475671803,0.14661727964683863,0.1430764807278543,0.04280549889055488,-0.14521888861666254
2021-01-18,0.20365715259792064,0.19845767460433272,0.18156740351586537,0.19319506508103323,0.1375367537990064,0.11986243409574164,0.1689456972803582,0.1617339451478791,0.15689685114551968,0.05795483970003851,-0.1457023128978823
2021-01-19,0.20553863671547362,0.1990637622989601,0.18228494310346724,0.19599058553473833,0.143095657721749,0.12320916896338287,0.17374246055953543,0.16505374074056497,0.16323039292167368,0.06512061569470462,-0.14041802102076917
2021-01-20,0.2160391699724675,0.20515585216158452,0.1896423178142964,0.20177937607057234,0.14539464624199422,0.12587804050746268,0.17398246173343931,0.1630445791949022,0.16355108446954172,0.06322689240909256,-0.1528122775633751
2021-01-21,0.22482349673114646,0.21378377980183144,0.19565742398527608,0.20902538717888752,0.1534895802361778,0.13059170806033601,0.17832344294885777,0.1675926933537982,0.16909629854942163,0.06809109176700966,-0.15673240496413696
2021-01-22,0.21325124567290388,0.20541456546429257,0.18614520692624847,0.19697886049654148,0.14177020773115023,0.11870691046113309,0.16866865079304813,0.15722230498747053,0.16044125442216978,0.05758609817251222,-0.1556651475003918
2021-01-25,0.19771186141600317,0.19082458700237417,0.1699747250948791,0.1847768408216621,0.12815737477185637,0.10451913245064676,0.1504793680942639,0.14410521110485477,0.1447435487692804,0.04520704368336165,-0.15250481773264166
2021-01-26,0.1931221134889444,0.1849307576368126,0.16355038978722633,0.1747443034172161,0.12225690884763868,0.09532683747622743,0.14064874759384874,0.13337430010400686,0.13618959250182613,0.033679415831744754,-0.15944269765719976
2021-01-27,0.19323905546603415,0.1864189558268974,0.1646203283250022,0.17534376092004925,0.12595047589276778,0.09743675744613439,0.143978250010757,0.1330448416008951,0.13825726081640832,0.03131502346605273,-0.16192403199998154
2021-01-28,0.18289649565227717,0.1723055962215967,0.1479939200718419,0.16286002588152154,0.11158299002242857,0.08221360030203587,0.1301302210605662,0.11818213726722943,0.12567256328527682,0.02171433953463115,-0.16118215611764614
2021-01-29,0.16945841743562348,0.15600442371074064,0.13255974069024573,0.15311888040465763,0.09703052183494733,0.06771633955415245,0.11695276891048512,0.1034657558562893,0.10997741049248022,0.002580470798915005,-0.1668779466367086
2021-02-01,0.17188641415464584,0.16011149432563399,0.13748564613013747,0.16065285691052142,0.10045728274820707,0.07113576011491966,0.12301857291974197,0.1108118230520842,0.11791484591250073,0.008416066621977478,-0.16347034753266848
2021-02-02,0.17665942592278125,0.1650133572507905,0.1428332849102894,0.16394824153636364,0.1049771720168793,0.07348814783373446,0.12568641999083718,0.11366199777623606,0.12115431588781123,0.008657377988121242,-0.16800204793466014
2021-02-03,0.15997929926985896,0.14940883472440575,0.12861386205605663,0.14912952294542137,0.0892212143969685,0.05543309517104478,0.10877614774344987,0.0970329750260045,0.10610504675834319,-0.008524643550962288,-0.16850394282082137
2021-02-04,0.1393645347299126,0.1292764328602465,0.11146943108042998,0.12966357476589574,0.07014500176346226,0.03757672844682383,0.09126664758848732,0.0788546114743464,0.08775019100665472,-0.02519644183423883,-0.16456097656415153
2021-02-05,0.1302342056473676,0.11909213823534633,0.10207355889769024,0.1154018921131842,0.05879557385365099,0.023491621336262793,0.07727667122725851,0.06436586866507465,0.07477119560052317,-0.03754996933470972,-0.16778417498207743
2021-02-08,0.1316800209442414,0.12198510223495833,0.10477070632116448,0.11624653123478804,0.0596814082511839,0.02345476602713094,0.0834541782528512,0.06410871244983782,0.07808783735684814,-0.03923259566722672,-0.17091261661146823
2021-02-09,0.1516084795571295,0.14120198153825037,0.12326042276132343,0.1356341614442672,0.07982596301447423,0.041912220113900465,0.1037961293090418,0.08190881222827798,0.09473599936195126,-0.025555080902765426,-0.17716356045989506
2021-02-10,0.15857804858408223,0.14668926568411306,0.1287130845095944,0.1427717230337549,0.0884023035577208,0.04915595996452167,0.11233763879103138,0.08926422909380219,0.10099054613568854,-0.016974086939144886,-0.17555213552322724
2021-02-18,0.18375576059274337,0.1741163211375492,0.15635202823894462,0.16980621355549796,0.11376424980326998,0.07429789487733719,0.13682521188122995,0.11173707946319045,0.12754079722755274,0.009155583628838705,-0.17460017696390479
2021-02-19,0.19676464831145232,0.19570408127067734,0.18027490628346396,0.19470200061936252,0.1399499615112689,0.10246102990368866,0.16670102075941132,0.14446378906012283,0.1582435501987433,0.044191592214470894,-0.15257305609698155
2021-02-22,0.19207758311555587,0.20007992639905062,0.1839153964779991,0.202435343073343,0.14699690344418262,0.1134713472527528,0.17552323746161128,0.15501872293778138,0.16879212315774572,0.05645463179764067,-0.13562295131791532
2021-02-23,0.18698333778712425,0.1945670711577789,0.17917335698489084,0.19956540083950103,0.13967620002518338,0.10656802886712911,0.16982029573128915,0.1463846911593527,0.16052425565660994,0.04889549336403525,-0.13808784442308913
2021-02-24,0.18942653609535903,0.19505422367383315,0.17849097000348513,0.19977557961003786,0.13835341475154334,0.10338999718328731,0.16658822058260145,0.14668568556203537,0.1572444437362782,0.046612951750781006,-0.14281358434457814
2021-02-25,0.1835676798164543,0.1891283524173266,0.1711553342078081,0.19465963398598918,0.13087863120795576,0.09526104193197885,0.16027861492859616,0.13984922052918788,0.14911186675118845,0.03752671220281356,-0.14604096761364085
2021-02-26,0.18314016686370588,0.18406557340079968,0.16422398917899184,0.18777405687597828,0.12749685019109164,0.091290724478422,0.15519369054570323,0.1343162549336382,0.14667959278433443,0.03559401493466529,-0.1475461519290407
2021-03-01,0.20521217186455304,0.20692771704242036,0.18734020656454792,0.21105569118072318,0.15231669207614712,0.1151559084100108,0.17671834578066542,0.1553564296615446,0.16946026548288035,0.05559208434279837,-0.14962008752175476
2021-03-02,0.20069743180333688,0.19989103727473778,0.17883352338295233,0.20228987592584075,0.14683022088451578,0.10629836174204742,0.17121511708309956,0.14998759976991194,0.1644583149517504,0.05350408835279822,-0.14719334345053875
2021-03-03,0.21490852111225844,0.2131065779669577,0.19290451249825918,0.21762520632103813,0.1611495738120613,0.12024581845163376,0.18306998572224306,0.16175665631436376,0.1752511486687645,0.06265992651785848,-0.15224859459440004
2021-03-04,0.20045176839327977,0.1994939487729856,0.17912081478655867,0.20798408745221494,0.1519042038239942,0.11031913841903553,0.1745622286884583,0.1532843720712653,0.1676751495837487,0.055359969466993945,-0.1450917989262859
2021-03-05,0.20977902539496832,0.21107587355385427,0.18627437895840715,0.2151207769613906,0.15645402237602204,0.11920885962141461,0.17992129056178036,0.16162706451779757,0.1751395991416868,0.06440329175684993,-0.14537573363811848
2021-03-08,0.19867198775939807,0.19789313690973576,0.17465964912776485,0.20314292898308434,0.14427750671876982,0.10728194033217162,0.16541501093960603,0.14781959410749068,0.16069235347255068,0.0509911030911492,-0.14768088466824897
2021-03-09,0.17157299371045556,0.17556431875887757,0.14921009923585876,0.17772815834740163,0.11806330945056878,0.07956037096602762,0.13919060893913987,0.12280728421072767,0.13717942683498996,0.024864905428401307,-0.14670808828205434
2021-03-10,0.16009832067753244,0.16777894031280244,0.14028054640676246,0.16737324093470246,0.10761283434013204,0.06758142211931993,0.12902429454599568,0.10886285600738797,0.12382529736235945,0.00833634292294489,-0.15176197775458763
2021-03-11,0.18140984878979513,0.1873896495253946,0.16132198649931137,0.18922965765174748,0.12934449025541075,0.09082742915051112,0.15212592886229062,0.12935211580416608,0.14182913313646517,0.025767228485367992,-0.15564262030442721
2021-03-12,0.18380619316257582,0.1864545003753555,0.16448998595954195,0.18783705823393812,0.12942221594680073,0.09141198407633815,0.1560749238265836,0.1279891575753027,0.14258571179451746,0.02489552628340192,-0.158910666879174
2021-03-15,0.17541121138281948,0.1807451540369381,0.16053737652714953,0.1834634691869331,0.12678344986540072,0.09006511560012784,0.15260428893220712,0.12901511962249546,0.14117357876104697,0.023132640177337745,-0.15227857120548183
2021-03-16,0.18783240105482277,0.19426482156370461,0.17511707183073077,0.19854638013327305,0.13898852131300166,0.1035995978099316,0.1655370917715532,0.14092566983875987,0.15257430565900137,0.03587134077221166,-0.1519610602826112
2021-03-17,0.19855728019005903,0.20300985387811982,0.1812035045584802,0.2027346242902779,0.14361685239489524,0.10563851650238111,0.1686025912679189,0.1454768230781505,0.15915733169454196,0.038958090490743315,-0.1595991896993158
2021-03-18,0.19986440584854268,0.20608718531456668,0.1812978002203567,0.20425768918802784,0.14640881691836216,0.10606584793789023,0.16815708930954304,0.1448028724631119,0.15932507275040103,0.039047668409965604,-0.16081673743857716
2021-03-19,0.19706803043091684,0.20473830738356322,0.17942593628163592,0.2018507671874545,0.14402199920528788,0.10235641030202852,0.16557277312626534,0.14210413593132817,0.1557108310035289,0.03409225895304964,-0.1629757714778673
2021-03-22,0.2154336112863084,0.22087307998959138,0.19724259424275276,0.21948851279359796,0.15905771299993723,0.117535804510502,0.1832512259541318,0.15948091721751426,0.17010905166231888,0.04678903899164589,-0.1686445722946626
2021-03-23,0.20292547883589115,0.2048142594527883,0.18226052791326305,0.2037634842621343,0.14558716825711546,0.1065927801250964,0.17225831427127744,0.14931897165459673,0.16156507331108394,0.03866618710362091,-0.16425929173227036
2021-03-24,0.1943285416087235,0.19433221235218034,0.17438951667311148,0.19867164277377344,0.13656516381077594,0.09657928548898824,0.1660035156952446,0.1397592977092998,0.15302365937303647,0.02761773698971476,-0.16671080461900886
2021-03-25,0.19235967193851003,0.19136712315122778,0.17298574954164403,0.19432982095330106,0.131351442987878,0.09165801172731788,0.1646072722608716,0.1372453830121566,0.15189351176021673,0.022450090072759266,-0.1699095818657509
2021-03-26,0.20478083196990754,0.2045556069328385,0.18744164924049084,0.20705542260402898,0.1448087138184136,0.10450759314243238,0.177156479912963,0.15098855853620646,0.1667163429477682,0.03471189247624748,-0.17006893949366017
2021-03-29,0.20477796948219434,0.20710167379224914,0.19009060685992213,0.2093318606967039,0.14562873321194558,0.10189149238506603,0.17768006863955274,0.15235845297058748,0.1656201465168758,0.034437096602644504,-0.17034087287954994
2021-03-30,0.19508452339284627,0.19516980646520998,0.18272419796302622,0.20161438686851157,0.13667481147139962,0.09582602655174882,0.17090435191866377,0.14630148772532506,0.15811930758990042,0.027533613292634707,-0.16755091010021164
2021-03-31,0.20167001942622692,0.20066061093290705,0.18692627892776165,0.20461400320467085,0.13960878715881908,0.0970499670608981,0.17356935661466955,0.1492057883771974,0.1555697845632283,0.02494673102616711,-0.17672328840005988
2021-04-01,0.20427258300519413,0.20267942182225865,0.19004850888370492,0.20707342138264817,0.14224245402825123,0.10149904156709902,0.17757931563635013,0.1518437945870914,0.15680325740954,0.02520093627106213,-0.17907164673413206
2021-04-02,0.2089408106212414,0.20855348985557293,0.1949141897517426,0.20960465315293655,0.14326731015751623,0.10517910119129634,0.18101860160930938,0.15660822109526007,0.16334924398549436,0.030476064450554778,-0.1784647461706867
2021-04-06,0.21900770629432662,0.21910457641265163,0.20649799935565746,0.2208321574885118,0.15378059248836118,0.11383057727448068,0.1903531394606841,0.16662736456179392,0.1735053600137186,0.03952420536940132,-0.17948350092492538
2021-04-07,0.22385478343414303,0.2292688385545596,0.21579694174117497,0.22860463472647571,0.16248987875024684,0.11976076874229116,0.19683354545575182,0.1725816112325316,0.17824618528922903,0.04312127767802227,-0.18073350575612085
2021-04-08,0.21796442349679046,0.22177867492243877,0.20908555927570716,0.22064757993903755,0.15617561709619404,0.11270134673608678,0.19062558939114632,0.1669058927506439,0.17193055576632302,0.035648763931241924,-0.1823156595655486
2021-04-09,0.2197229505113058,0.22204696698475654,0.21099144617480908,0.22334638618547387,0.15689910847421407,0.11432076902345302,0.19018349319888683,0.1634426859043985,0.17112282532349032,0.031364167912751255,-0.18835878259855462
2021-04-12,0.20598702175996567,0.2084416030560609,0.19807758358443184,0.21304370218878071,0.14279472207403926,0.09982995663194434,0.17394401775338078,0.1489943408264526,0.15715769720326633,0.017898781563545883,-0.18808824019641984
2021-04-13,0.20128763563073715,0.20245746286902652,0.19157368129532584,0.2074947303914119,0.13319104701177548,0.09161478501971809,0.16459802383176853,0.14115741172365012,0.14962447849230134,0.010507602976872622,-0.1907800326538646
2021-04-14,0.21364530159606848,0.21699654144215474,0.20407509432558218,0.21919704585923222,0.14480220751033748,0.1069335968363141,0.1765887902706505,0.152620004802706,0.15880766726464943,0.020735888132710507,-0.19290941346335802
2021-04-15,0.21284286337919844,0.21196238434047235,0.20048582739828166,0.21427045403217948,0.14064599251155363,0.10482359471386074,0.17370733204878852,0.1505877222409108,0.15841733723942553,0.017768639269918885,-0.1950742241092796
2021-04-16,0.23183373923315512,0.22982643379701057,0.2160821048230424,0.23139691771454882,0.15868099866409197,0.1199114785691873,0.1880146793300584,0.16591077742096716,0.17108763991369802,0.0337435257478826,-0.19809021348527256
2021-04-19,0.24612801117625172,0.2452541890951317,0.23091919070878697,0.24405194357027662,0.17224711651805819,0.13172533339816794,0.2012510346311854,0.17892841180207197,0.18269473047276272,0.047364057564306714,-0.19876395361194504
2021-04-20,0.24282965235253523,0.24080366437539932,0.22568935573767662,0.24146333012109442,0.1685074665561789,0.1270160284329325,0.19467714785762777,0.1755100673515281,0.17913220307542935,0.04411681889291532,-0.19871283345961996
2021-04-21,0.2404926955958126,0.23586197886411236,0.2221812543710439,0.23976691540960915,0.16496688872097195,0.12279912002631779,0.19372736916096142,0.17219551415748494,0.17653273574398215,0.043370750257807004,-0.19712194533800564
2021-04-22,0.2433733825796438,0.24034856145231248,0.22519413222952897,0.24249824540554268,0.16779089489990678,0.12738266941084084,0.1994232905822434,0.17721621480668678,0.1800441539351674,0.04675517990117075,-0.1966182026784731
2021-04-23,0.23640853053400726,0.23252634287578272,0.21535663604602057,0.23242754474637592,0.15845320666793827,0.11920530815778832,0.19143902485760594,0.16851313708407323,0.172193843049693,0.03628395019480003,-0.20012458033920727
2021-04-26,0.2311556193317065,0.22905517519208324,0.21070440961710962,0.22795200526925663,0.15448302692001728,0.11605858315659226,0.18805729192477086,0.16463187130632628,0.16836521525022327,0.03237177057144759,-0.19878384876025895
2021-04-27,0.2255033635523968,0.22365740218507546,0.20476088194297618,0.2237410464549419,0.14661122411028168,0.11029108663123047,0.17848755787621107,0.1581799867545872,0.15918580460366033,0.02357079059228985,-0.201932572960107
2021-04-28,0.22697601508152696,0.22273978726972551,0.20666027504873694,0.22815195041348818,0.14894669087352178,0.11264696694252083,0.18038818224972608,0.16189515141494162,0.16151926439734687,0.02601366086828966,-0.20096235421323733
2021-04-29,0.22926574611606065,0.21967345751257414,0.2044470628695004,0.227902691256455,0.14368873011040556,0.1075900139359025,0.17747072999100622,0.15583775963619062,0.15843834532590811,0.02383948511503206,-0.20542626100102862
2021-04-30,0.2197821329781471,0.21403815009602126,0.19758004506478244,0.22116574746078674,0.135306319545828,0.10139978811995394,0.1709769622981741,0.14759563703222714,0.14975012798451698,0.014034817524430386,-0.20574731545371674
2021-05-06,0.2247957910916025,0.21857948302893535,0.2042480117418326,0.2253306915704347,0.14239812471458888,0.10816255900783807,0.17726989512806632,0.15090698529610957,0.15119186072542376,0.015794533058854518,-0.209001258032748
2021-05-07,0.21442449738077168,0.21210151163376728,0.19622123602447414,0.22054551574752942,0.1355613412571254,0.10526338223399492,0.17298977180621747,0.14615019955967587,0.1450539002534498,0.012544244481242561,-0.20188025289952913
2021-05-10,0.2109946827473461,0.21167877208756042,0.2015148069861853,0.2282993727767461,0.14209949500919983,0.11213347557953171,0.17924036245905206,0.15104548579898688,0.15069524938640083,0.014790327698981795,-0.1962043550483643
2021-05-11,0.21801852029919422,0.21821280770960105,0.20874913830838107,0.23101290563061683,0.14481317549453238,0.11515672813911142,0.18177276178067353,0.15321932743105054,0.1559949075358419,0.015937111263310676,-0.20208140903588356
2021-05-12,0.22996513310757222,0.23101627232350022,0.21836388615918723,0.24258176100847104,0.15501547116034775,0.1268218323604113,0.19137335808245526,0.16201229672108586,0.1648361889327753,0.022460944048207462,-0.20750418905936477
2021-05-13,0.22362834679241714,0.22271134799066247,0.21093151098808682,0.23434369265820978,0.14978273351568117,0.12159436087070216,0.1868286382049093,0.15850649735319977,0.16333202348985515,0.018536505503593027,-0.2050918412888241
2021-05-14,0.24009852827481915,0.2356931601758285,0.2224951851864091,0.24570375787462181,0.16387302431756642,0.13378516480665514,0.19769607342926226,0.17148252568549105,0.1787330533306524,0.033718703835679986,-0.20637982443913916
2021-05-17,0.23569135079465198,0.22640647316042706,0.21396325962708954,0.2367229881009781,0.15459221560304373,0.12754104690652865,0.19415754889068743,0.1655281606739642,0.17486557084332693,0.027708222601532627,-0.20798312819311934
2021-05-18,0.2400642593481473,0.23419452719816974,0.2214493133073054,0.24582244340298887,0.16152147495851532,0.13592915266575809,0.20204265759056053,0.16971890515495913,0.1768865226595025,0.027670626889158886,-0.2123936324589884
2021-05-19,0.23966312609705437,0.23218604373370508,0.22111866731586008,0.24484453133405848,0.15829300568924679,0.13535372570781917,0.20057228867072288,0.1686108564982515,0.1777519989260488,0.02597861742403195,-0.2136845086730224
2021-05-20,0.23727575918459132,0.22882041862224758,0.21835522842398197,0.24140275318085638,0.15285735934795408,0.13335047774431474,0.1972818363877723,0.163985237852624,0.1777054521157019,0.023202061459832796,-0.2140736977247585
2021-05-21,0.2393755034330098,0.23104432740475994,0.22009566220745225,0.24570450099250643,0.15602834477570743,0.13449372022692135,0.19820619032372547,0.16374333286473722,0.17618749319217547,0.023288827766476037,-0.21608667566653378
2021-05-24,0.24698899242160846,0.23886532506023878,0.22464253468841164,0.2504186047932305,0.16422386945472525,0.13946343668307187,0.20546996411253665,0.1683323299891941,0.1830654002011892,0.02909674195329585,-0.2178922504683126
2021-05-25,0.2580643732812464,0.24689725061342058,0.235541242558591,0.2584020506723473,0.17311678804206942,0.1477174864803056,0.21361484912653295,0.17582605076383284,0.19047301671629066,0.03722620344244255,-0.2208381698388038
2021-05-26,0.2643775389648511,0.2554707737850919,0.24340638899362038,0.26687499536102927,0.1809864470940296,0.15465527957968114,0.22087362230753602,0.18062007457086815,0.19749929595019533,0.04307327366095369,-0.22130426530389738
2021-05-27,0.27471633714311056,0.2674441024252152,0.2514456697512397,0.27426574662956105,0.1887151955275062,0.16206991405545612,0.22843846244258725,0.18715851105934314,0.20518461166286903,0.0516089649080305,-0.22310737223508004
2021-05-28,0.2714298191918106,0.2640698381298393,0.2496146570372949,0.272752386664212,0.18372978666588427,0.1586744059792287,0.2241128242756684,0.18133246391191238,0.19899291131343308,0.044299507072896316,-0.22713031211891427
2021-05-31,0.2822466469143164,0.2771050826337131,0.2615041083002377,0.2851440183271763,0.19567594631207694,0.17238395699762532,0.2348145515302391,0.19588104143742446,0.21450650213954411,0.055078250757134475,-0.22716839615718193
2021-06-01,0.28958668541349764,0.2845092697994774,0.2676970689667748,0.29349894970367324,0.2020819351595622,0.1810304926999068,0.24180662752012022,0.2026802450789552,0.22381819646971113,0.0652398699535012,-0.22434681545999643
2021-06-02,0.28089791800049924,0.27474731302737737,0.2591557771205399,0.2850204152977774,0.1953799420488998,0.1714741373996817,0.23655978173525632,0.19815615398763162,0.21866995213784185,0.06102248816121734,-0.2198754298392819
2021-06-03,0.28081939778968346,0.27537139751396145,0.25845320949183354,0.2838858483503994,0.19190779862833976,0.1721437603815134,0.23667541910421466,0.19490152207166886,0.21778628677190162,0.059409881508996114,-0.2214095162806874
2021-06-04,0.28202458790957186,0.27444038367586,0.25750029306746613,0.28466057159837366,0.19397197821600265,0.17182695728355787,0.23378980284300985,0.1962176085363362,0.21762980049556999,0.05803846308086327,-0.22398612482870864
2021-06-07,0.2893644074639541,0.2819679849823549,0.26310662980811544,0.29108513364492006,0.20280830432984742,0.1824594946288263,0.24298998393464702,0.20294729230191416,0.2254151932017056,0.06343296001727221,-0.22593144744668195
2021-06-08,0.2892581448867359,0.28018993786734564,0.25919460340031975,0.28786405822651195,0.19955659526505845,0.17954043742563577,0.2388326318542999,0.2027011109700652,0.2251214986028258,0.06488165851093297,-0.22437648637580299
2021-06-09,0.29325155551439125,0.2818572942129579,0.2605255114699133,0.2892559060434329,0.20109453009653716,0.18066873159854482,0.2413988655356731,0.20555389225679424,0.22492114006641054,0.06900133459972106,-0.22425022091467023
2021-06-10,0.2993962257892194,0.2884249742454212,0.26799414694965007,0.2953713774207228,0.2061778991991591,0.18504570167129614,0.2511979447077273,0.21153363381402332,0.22831447776471592,0.07392549197801516,-0.22547073381120425
2021-06-11,0.29456790491916063,0.2823297709000164,0.2591119075142782,0.2865112253525369,0.20021024056409356,0.17585281507860795,0.2445959385513034,0.20348984943730436,0.2225674926945299,0.06683979466403892,-0.22772811025512174
2021-06-15,0.28845310589534606,0.2767103813696418,0.2518832315810527,0.2788018393426336,0.18960381706872698,0.16602934138665482,0.2344049748429067,0.19716586117400803,0.21473997688767602,0.0567515917408006,-0.2317015141545455
2021-06-16,0.28091102030472703,0.2676634743592951,0.2441463662083729,0.2667705496813119,0.1762976004489865,0.15222433312901562,0.2223371992180105,0.18185741004231967,0.2030455214021787,0.046067773282698725,-0.23484324702202833
2021-06-17,0.28784107015682237,0.2759274817233579,0.25452126034064176,0.2740214723024678,0.187870166951219,0.16017692406713255,0.22920377606179326,0.1890988751121594,0.20667637689908094,0.05004907619306074,-0.2377919939637617
2021-06-18,0.2954271177929116,0.28620692520139673,0.26359858885100895,0.2834099542333471,0.19539882784545762,0.1673836363633838,0.23939970829848073,0.19680782145332273,0.21656757603695537,0.05550669016975047,-0.2399204276231612
2021-06-21,0.3075262020865842,0.29734089366429367,0.2751233948446563,0.2979201501164283,0.20646733208715481,0.1780022985426797,0.2532173453882398,0.20816827285537798,0.22931732743149494,0.0637359961603935,-0.2437902059261908
2021-06-22,0.314305629249512,0.3051475493778668,0.28000928254999236,0.30315729964866817,0.21120883528114046,0.182009637122747,0.25649589690092467,0.21392988939502075,0.23424898703156607,0.06967119805731102,-0.24463443119220105
2021-06-23,0.31848944057299766,0.3109529603859329,0.28450396649925436,0.30721985335889396,0.21640168027724316,0.1843935441622837,0.25792395630161885,0.21659320913647695,0.23525152190705462,0.07267967573309557,-0.24580976483990213
2021-06-24,0.31510918714648434,0.3073715147628468,0.27563551049151347,0.2985538745763332,0.2079945135522453,0.174567608892571,0.2509658353030291,0.21103135799572967,0.22887976987356481,0.06927528285844588,-0.24583390428803847
2021-06-25,0.31933994335564936,0.31148455484815885,0.2809397882136669,0.29904695753486443,0.2119256109247085,0.17734083519408136,0.2518672972219757,0.21105225199825964,0.22870845992764471,0.07137004318496153,-0.24796990017068785
2021-06-28,0.3287744902335863,0.317711287542495,0.28911286822962334,0.30524371149434076,0.2205481726352704,0.18300441740570467,0.25727891886084947,0.2148218322534951,0.2334164169728934,0.0775480551393244,-0.2512264350942619
2021-06-29,0.32120565848147353,0.308777414306574,0.2781494599123584,0.29626954680147255,0.21011992537454488,0.17371613884836068,0.24972345537511317,0.20757492336385322,0.2234840000105112,0.06962127887005845,-0.25158437961141505
2021-06-30,0.3298384916593485,0.316834567218976,0.28829572801648395,0.3049672979801436,0.2171279016056572,0.17953466751841196,0.2557916337109668,0.2160514989960715,0.23029411661201876,0.07351005176497111,-0.2563284398943773
2021-07-01,0.32006304393802065,0.3040955996557059,0.27422623532856544,0.2884718112550366,0.20558029414728674,0.1642088251719452,0.2405721296183438,0.2038252605901368,0.21657441764610197,0.06136337372720088,-0.25869967021081974
2021-07-02,0.3155097505653621,0.30032757228656,0.27304856023835683,0.282639114256713,0.20001071840418175,0.1590186679095252,0.23641054314042712,0.19939343429171938,0.20942552945832327,0.052220935164352965,-0.2632888154010091
2021-07-05,0.3250928035094979,0.3088421661545535,0.28636985726337916,0.2966165078073703,0.21050558333738917,0.17484713747512318,0.25075553254919325,0.21197560728256076,0.22234503002342854,0.06661124462575274,-0.2584815588837451
2021-07-06,0.32303738013352046,0.30939357837681913,0.2858618279260301,0.2975141530336112,0.21147295466383928,0.17427912980646634,0.2486372750948508,0.21059105976338038,0.22217881514042884,0.06849762587674603,-0.25453975425677433
2021-07-07,0.33213330327832696,0.3206110059914085,0.2977855520192502,0.3074097162034463,0.21598316591945407,0.18171341834200255,0.25559415544150227,0.21791656579843036,0.22862586106049979,0.07504202808827086,-0.25709127519005603
2021-07-08,0.32432537737001577,0.31656501142778637,0.2900662959499298,0.3014965797000545,0.21348968972742932,0.1774821854438349,0.24868566399977188,0.21609573142090638,0.22341859121463456,0.07112949208814408,-0.2531958852818716
2021-07-09,0.3295880367734374,0.3223044526467556,0.29842685930920815,0.30833373591782687,0.22042951922127907,0.18373000212533705,0.2562634395337822,0.22454937630596844,0.22594337919345225,0.07261043494677884,-0.25697760182665846
2021-07-12,0.34851856912721035,0.33642604943667015,0.31343996615329345,0.32184109778749165,0.23109260293455844,0.19757418854702222,0.26940422020176624,0.23482757019071748,0.23617989330256675,0.08249072089869855,-0.26602784822851167
2021-07-13,0.3557694168057611,0.3431675560248522,0.3184749011086588,0.32750931361240376,0.23443162578737906,0.20361078252347584,0.27357873953281114,0.2396767988676872,0.24100793987660382,0.08756983458613529,-0.26819958221962564
2021-07-14,0.3487412364061131,0.33654294826584363,0.307566416138826,0.3185630040844926,0.22741234748100908,0.19388934488693563,0.26432616382160234,0.23138028239849048,0.23569660069273818,0.08218069979420818,-0.26656053661190476
2021-07-15,0.34070396083843707,0.3294015443753194,0.3021031545574184,0.3120080107363166,0.22415276816156152,0.18648678883232364,0.25749612858273807,0.22621738485745038,0.22763768170575593,0.07319607564738195,-0.26750788519105495
2021-07-16,0.33845072217089184,0.32890616366806613,0.29957428691209453,0.31075608200659577,0.2235113377857245,0.1863855143909569,0.2571565347195507,0.22562946102289452,0.2262901219049458,0.06836783772310326,-0.27008288444778844
2021-07-19,0.33793817251840086,0.3282743676949554,0.29609434716873684,0.3103599911489394,0.2213917443015315,0.1836851720139671,0.2565127982323181,0.22308732421850197,0.22774592107196504,0.06802743019279402,-0.26991074232560675
2021-07-20,0.33932800553592607,0.33203758187593185,0.2996738235801535,0.3131825580485225,0.2253176291806134,0.18843076347188759,0.2595820687185138,0.22508499026071602,0.2297194149027909,0.0687331191522239,-0.2705948863837021
2021-07-21,0.35225576189134605,0.3434342072465784,0.31404873064709354,0.3271753859767284,0.23891405212977285,0.2008624793433338,0.2711110212231203,0.23608168919262987,0.2388796290546548,0.08193290886554376,-0.2703228530258022
2021-07-22,0.35565075281444997,0.34806280790589234,0.3193280862441428,0.33017587248686425,0.24340198569262253,0.20552094306850896,0.27868780114562597,0.24299607280924948,0.24720343405347012,0.08458304436776465,-0.2710677084466852
2021-07-23,0.3400473270051127,0.3370077894085089,0.30507553908018475,0.31812669163116886,0.23486384161445364,0.19252920067861115,0.2687061423164376,0.2347006190662595,0.237066149841093,0.07516474446613694,-0.2648825825389757
2021-07-26,0.32123856614274154,0.32108825438873134,0.28855280611693007,0.30329197960500714,0.21913876491803852,0.17991381939659604,0.2553341365733069,0.2220806246505828,0.2213339218321133,0.06118354258863282,-0.26005502355410864
2021-07-27,0.305023513994252,0.30560643490805556,0.2703344887749667,0.28457657564206656,0.19941685642016152,0.15865223380477056,0.23023632909766892,0.200708999937048,0.20321579990763872,0.04290462013472557,-0.2621188938595263
2021-07-28,0.2876207951172529,0.28353166754018666,0.24792366117276127,0.2634287873148189,0.17064746528834013,0.13432885724734123,0.20541770283841504,0.1759808845485245,0.1793993493973739,0.01961282229128228,-0.26800797282597055
2021-07-29,0.30572484502927394,0.30664316297176636,0.2733398639056885,0.28878411057168857,0.19953834196653478,0.1630457447535017,0.23325014515961567,0.20351191567914034,0.20566967070422676,0.04476565607323632,-0.26095918895603754
2021-07-30,0.30905132120652684,0.3119733019540195,0.28011865493809124,0.29703986943169375,0.20856791555045526,0.17190931602331164,0.2429856001147306,0.21695145249379486,0.21657636983635498,0.05793811453595802,-0.25111320667056874
2021-08-02,0.33213459978756393,0.3334501965532811,0.2976023662306677,0.3183329355486583,0.227686015960064,0.18999675092982043,0.25998571813997823,0.23933097201074538,0.23425777607420517,0.0758438766880608,-0.25629072309950307
2021-08-03,0.32479917426403093,0.32476405753832094,0.28661292536968763,0.3119664170758549,0.2246925920863359,0.1886527779969809,0.26084458619540546,0.24253239061177695,0.23602613471469824,0.07865410985586964,-0.24614506440816122
2021-08-04,0.3473914594434645,0.34338930191611633,0.30242488685030955,0.3271063269986294,0.23965854854962113,0.19707221241280934,0.2672661057373985,0.24864711990025737,0.23781664567514016,0.08286411969962472,-0.26452733974383974
2021-08-05,0.34414391792855503,0.337656441954037,0.2926255308602904,0.3188675599917499,0.23146071888396916,0.1899143945069216,0.26033724844458006,0.2412207420808617,0.23034827610844677,0.0756449381940292,-0.2684989797345258
2021-08-06,0.3431218509892841,0.33632826183920234,0.2938241233105782,0.32378066631558944,0.23239640649958232,0.18851943238499347,0.2611572604754971,0.24301345759110732,0.2280090522192594,0.07325103347293654,-0.26987081751634756
2021-08-09,0.35693893684051964,0.34749752960014313,0.3050788197070855,0.33369827516955547,0.24424586514882296,0.19904389644457626,0.2711699996448416,0.25302057060935035,0.24082280587393665,0.0873323631651874,-0.26960657367533225
2021-08-10,0.36978188948402774,0.3568834060275082,0.3152802855266708,0.3398885476804472,0.2553766420815194,0.21068524804926506,0.2810072927110864,0.261375114170989,0.25031414056652607,0.09584493414434869,-0.27393695533967904
2021-08-11,0.3778707689049686,0.3649442724410764,0.32632012854641423,0.34746443400385335,0.26121790770982145,0.21611861961989406,0.28983551343485825,0.2657117154004656,0.2538799188609713,0.09593770829035633,-0.2819330606146123
2021-08-12,0.38051323989667535,0.3684390421310811,0.329798685513973,0.3489039696426051,0.2638339639208354,0.22111727683935808,0.29142446257331994,0.26860855519493854,0.2559168135810681,0.09674976985755829,-0.28376347003911706
2021-08-13,0.38091779172325596,0.36980630946355963,0.3264376760981477,0.3489269966826326,0.2599801745921716,0.22268639087744035,0.29020109253127785,0.26891764799869405,0.25524871795966736,0.09815271904019461,-0.28276507268306134
2021-08-16,0.38332144528014367,0.3698369893164333,0.32537349168328505,0.3513917931654232,0.25940455223488723,0.22260767805143772,0.2899928001815827,0.26725599416471474,0.2578308004879923,0.09985808956870722,-0.28346335571143644
2021-08-17,0.3605029222975918,0.34412887388992275,0.30037401408193826,0.3250319122533705,0.23551018291351047,0.1953866767789729,0.2643676627718678,0.24145449290140364,0.23315324441185872,0.07919507448282562,-0.28130784781476614
2021-08-18,0.36698340065732576,0.35208672511612465,0.3078082321204099,0.33495250247131153,0.24271299689752973,0.20543717336281722,0.2726671160149464,0.25143282549282325,0.24121412544918194,0.09118329152622257,-0.27580010913110314
2021-08-19,0.3707436879927305,0.3542450043427565,0.3064815056680682,0.3320517276740795,0.2404296768116764,0.20057841716470898,0.26809743463433483,0.24735667552406643,0.2361854081946841,0.0880339564837849,-0.2827097315089455
2021-08-20,0.3611122665354827,0.3465655425047475,0.30349719226489974,0.32617226186138837,0.23506567543251616,0.19395903948352466,0.2632640934824491,0.24156498259191975,0.23117911006344688,0.08245435942438055,-0.27865790711110205
2021-08-23,0.3875304303704291,0.3754942093049216,0.33060005807905474,0.3519380906563575,0.2635284887526836,0.21864224736459678,0.28734929651500624,0.2634673017602415,0.25319365389649195,0.10464707942253473,-0.28288335094789435
2021-08-24,0.39455224092718877,0.38308592748240283,0.3366487279099836,0.35833460517628307,0.2693176529767183,0.2237783061466531,0.29180671585544615,0.2681877660541749,0.25606931278903483,0.10772726103592381,-0.28682497989126493
2021-08-25,0.4015697241261394,0.3938501343178332,0.343708323476459,0.3663680702785215,0.2802130356351441,0.23020896608155036,0.2983120741468029,0.27507859814676633,0.2626013062712833,0.11312207117651489,-0.2884476529496245
2021-08-26,0.39470425114108565,0.38668644699911464,0.3358880640044323,0.36120428497431156,0.2723213278900403,0.22570125210156058,0.2910009458553012,0.26936835311906365,0.25458834420716303,0.10549697042931289,-0.28920728071177276
2021-08-27,0.38993114049551264,0.38550755295742684,0.33295729110978345,0.3604487284719433,0.27246860826990127,0.22181168330020914,0.2886731189503332,0.26558838625029296,0.2517854199191402,0.10147212334219836,-0.2884590171533143
2021-08-30,0.3880289513422837,0.38872320806901195,0.334102796328218,0.3624976364735692,0.2746948440245752,0.22461467174343092,0.2869701710289147,0.26627657683350653,0.251366705286726,0.09745551977333511,-0.2905734315689486
2021-08-31,0.3878566357801825,0.38636453935808623,0.3339394364474368,0.3627950165639677,0.27393274104436866,0.22093480353456382,0.2833637027868651,0.2651695059337494,0.24880857040783336,0.09784821477109219,-0.29000842100909024
2021-09-01,0.381364636855796,0.37972928962866975,0.32529445599303314,0.35584071862018307,0.26970273957483376,0.21442585539044853,0.27995653665233766,0.2635501419387392,0.2512241624475882,0.10183172343530439,-0.27953291342049164
2021-09-02,0.3965513416996783,0.3973027460279969,0.34159085819863677,0.36837719531692853,0.28269336983567595,0.22156067497153886,0.2890546098462473,0.2685262675874198,0.25349490567042016,0.10596571987563087,-0.29058562182404746
2021-09-03,0.3966488903809636,0.39556574421120094,0.33967311489887897,0.3679609514514813,0.2823989023255409,0.22021910807852238,0.2910552955907274,0.27032069505067696,0.25824644927818363,0.11518351671706578,-0.2814653736638979
2021-09-06,0.41494229664384,0.4070935219170719,0.3503031233830273,0.3793700836745475,0.2921692600657865,0.2330813812940728,0.30333030471401295,0.28123171720846624,0.2703935172251984,0.1239769447250082,-0.2909653519188319
2021-09-07,0.4302671671606758,0.4206890512014839,0.3642035627946073,0.39344143787674835,0.3032353316455111,0.2446617112433856,0.3134582130983579,0.2916889482956551,0.2788441141066641,0.13020754479975882,-0.30005962236091704
2021-09-08,0.43226909390382123,0.42324334126100016,0.3685479275395896,0.3988354141845094,0.3102228978598673,0.25603531928771656,0.3218020305703548,0.3018894719455747,0.29005939470067027,0.14223062954653515,-0.29003846435728614
2021-09-09,0.429808806086329,0.42261661389635685,0.369942676162397,0.4010297345719403,0.3104816372379993,0.25673595919552755,0.323946297450931,0.29982000612148757,0.28849478911887616,0.1414760252741081,-0.2883327808122209
2021-09-10,0.4262921220815708,0.4199924301631956,0.3653802262722801,0.39635812348068744,0.3045261314433757,0.2527144012924969,0.318390075020255,0.2924131749063321,0.2818186981979481,0.1351670501276618,-0.291125071953909
2021-09-13,0.4322653172426677,0.42672283344006273,0.37215936755023166,0.4039956391295236,0.31071568392813526,0.25777956875898267,0.3209698401609036,0.2955870498935587,0.28230838524629975,0.1341650599800744,-0.2981002572625933
2021-09-14,0.42805148117792763,0.4194754549945746,0.363304154954525,0.3937231842477758,0.2999019170337135,0.24603342749605198,0.30924950542773627,0.2816448142774264,0.26737839159526955,0.11840684134050114,-0.3096446398374265
2021-09-15,0.43134435673783617,0.4252667669518747,0.37102600664896024,0.4017814675409057,0.30723100747431975,0.25587153466908713,0.3168688288456988,0.2870112783563765,0.27342259898184007,0.12023177093140035,-0.31111258580643586
2021-09-16,0.41528392949411785,0.4090968279162635,0.35195537787580666,0.38177904754906716,0.29303835954604435,0.24293854789362662,0.30389132143796754,0.274410952134115,0.26216394962572703,0.1070128819261079,-0.30827104756801
2021-09-17,0.4118538517056071,0.4065807396222972,0.34385855687577804,0.3791959542191706,0.29246326741948275,0.23867485533045085,0.3032340019889944,0.2723987048340513,0.26055011878021134,0.10374836483091099,-0.30810548687469613
2021-09-22,0.41137870357833684,0.41133436299770454,0.35100493249964365,0.3837660112478649,0.2952077044954124,0.24389481486853423,0.30504067271328106,0.2745290276490643,0.26259854432093205,0.10589475918263208,-0.30548394439570475
2021-09-23,0.4211155881317557,0.4147406400377927,0.3555015833899299,0.3859587636532772,0.30020666534423995,0.24971571388572855,0.3140073486164114,0.283119042151375,0.272279688517135,0.11938395665002102,-0.30173163148173465
2021-09-24,0.4021138589069422,0.39654325444735994,0.3385184750818765,0.366508920789306,0.2828177408320075,0.23490544210439274,0.29682282984261077,0.26688489447016994,0.26047192592453056,0.10472618345542174,-0.2973876754515204
2021-09-27,0.37427692441522126,0.3673441588068843,0.3085044967110874,0.3404658168286506,0.2510057114556585,0.20494391745137827,0.26924177217170814,0.24238626035122302,0.23959022456863782,0.08492987363317914,-0.28934705078204204
2021-09-28,0.3791735363111576,0.37414841189196857,0.31924419511477586,0.34740318279718074,0.25797477003117125,0.21261684342218776,0.2733375959816078,0.24354067054077377,0.23673006007126932,0.08061821766562843,-0.29855531864552903
2021-09-29,0.3512203031243712,0.34289354885584017,0.2866218766873195,0.3153886829212847,0.2271423359969408,0.184199192690372,0.2425981524727413,0.2143636533056593,0.2112636525589145,0.05745311176629343,-0.29376719135807766
2021-09-30,0.3687917656383265,0.3654675161985069,0.31072123727476786,0.33881112936734575,0.2500156890672097,0.2075096799999733,0.2655132564697581,0.23621836913130786,0.22993675979464107,0.0741120371767866,-0.2946797284615398
2021-10-08,0.38492718348944543,0.37814281835951413,0.3226315444439259,0.34836443807831546,0.2628700316874039,0.2213010393775497,0.28516996908097,0.25270824315649837,0.24759562463578147,0.09071302667201053,-0.2942141568174348
2021-10-11,0.38197004347282537,0.3705752552077225,0.31681495093254364,0.342721120325711,0.26240635775553717,0.2192164983471652,0.28515392764913455,0.2534472752782473,0.24579218524730848,0.09058338096156981,-0.29138666251125545
2021-10-12,0.3635379138366879,0.3534436207278835,0.2969420151549312,0.3264739130581845,0.2448687730116475,0.20234337242472258,0.26873396817653455,0.23767251037535952,0.23241450573446137,0.07549395354128774,-0.2880439602954
2021-10-13,0.37027399106933956,0.3580986611900066,0.30312495983899024,0.3303820923817433,0.24845536509727512,0.20310617246622995,0.2713746181195559,0.24040097185501863,0.23530279248870595,0.07958587150487187,-0.2906881195644676
2021-10-14,0.37510764291824544,0.3662484207776572,0.31069063199648506,0.3367609492994109,0.254816787575282,0.21076956133251956,0.27563120337454133,0.2468631736396544,0.23997659813322472,0.08677550627237224,-0.28833213664587315
2021-10-15,0.369128884485927,0.360838093871099,0.3057982174999536,0.3304942190533796,0.24906479973675122,0.20132193787938785,0.2663554296374046,0.238212980865837,0.23232251883230684,0.0757404637107988,-0.29338842077512817
2021-10-18,0.3737170503412905,0.3676362240643185,0.3151529948161909,0.34169666417704253,0.25670521886133696,0.21207285549352917,0.275212290701383,0.24570445025956958,0.23700883559420122,0.07515118406015127,-0.2985658662811392
2021-10-19,0.37868996419161804,0.37475458744993817,0.3219760634058806,0.34881390101528637,0.26140460031917345,0.21507336648549358,0.27847068915978934,0.2493716542641651,0.23985927452607853,0.07845330755802457,-0.30023665663359345
2021-10-20,0.3758040591285371,0.3739766412805381,0.3210751955362186,0.3500419728952385,0.26219226324979544,0.21201710361776754,0.27706660839026326,0.24669598764931375,0.23486653748733638,0.0738034125579711,-0.30200064657056597
2021-10-21,0.36909752699924797,0.36607617637797507,0.3156935218857314,0.3460168729674537,0.25849215098333694,0.20655753560262544,0.2729198779960723,0.2409059388433677,0.2287234277920038,0.06760094527887199,-0.30149658172037597
2021-10-22,0.36345337407756934,0.3572329411781402,0.30585308716416443,0.3348028159623243,0.24749530988426335,0.19460796586572596,0.26219857637647453,0.23285828466528474,0.22372411781921828,0.06007497141934834,-0.30337840265822097
2021-10-25,0.368463622144212,0.36433812187600567,0.31245455643799097,0.3438511694553073,0.2588628219434812,0.20353548329971877,0.26923624691711473,0.2423066097930532,0.22682961395994436,0.06324721089791682,-0.30521641124629517
2021-10-26,0.36463054159220243,0.35912249216863174,0.30730048550751704,0.34134442476404303,0.25443482829196945,0.19707260327552564,0.2647740129901139,0.23749709054271878,0.22359822663492201,0.06286511170695559,-0.30176542988524685
2021-10-27,0.3443053931579867,0.3393134444498217,0.2925185024364745,0.3286895483615463,0.23833841528875693,0.18077529616837662,0.24806356458754308,0.21803320152964023,0.20680363911145674,0.04346388796306047,-0.30084150519492625
2021-10-28,0.33038609301644234,0.3254778361759507,0.2771661573641457,0.3106227483310901,0.2183462631581211,0.15967847961459466,0.2271578810873649,0.19704425720217705,0.18491787630584477,0.025971872395012127,-0.30441422062143025
2021-10-29,0.34888000969856675,0.34473968403661037,0.2944944723135974,0.32694189969091464,0.23717046054437577,0.17733868181582882,0.24138390081509156,0.21106020983174814,0.19724003629556672,0.03799935656257216,-0.3108806531359946
2021-11-01,0.36138287178168094,0.3574489030120216,0.3094816033136907,0.3414924665209939,0.25140354901247935,0.19041980929444513,0.2534396780581678,0.22343114802119202,0.20850217829223344,0.050365815648888375,-0.31101705613279257
2021-11-02,0.34847145652639067,0.34265883630052557,0.29142533869022996,0.32841977472766365,0.23791072153254506,0.1765775854365991,0.23971903450319684,0.21531832025549041,0.19902274390831834,0.04122559563349315,-0.3072458608928975
2021-11-03,0.3570603154870261,0.3506538633929843,0.3006136786461511,0.33666683158203414,0.24558146532797664,0.18241196002164256,0.24626208869167276,0.22111478927147382,0.20339349400435747,0.04618214275691217,-0.3108781727301139
2021-11-04,0.3735798973459811,0.3680928526638864,0.3177469088429286,0.35060065247072597,0.2588976230998838,0.19762930039872478,0.25943986489927817,0.23333472130377594,0.21514126456083146,0.055350690812802694,-0.31822920653317843
2021-11-05,0.36916246477668047,0.356740791651471,0.31118597969281236,0.3440664264625725,0.2530581138350322,0.18957669901721289,0.25620636697003796,0.23230591960730462,0.21306447884750512,0.05432863467389956,-0.31483383010278093
2021-11-08,0.37565294961064777,0.36126000284342746,0.3179143925803863,0.34964391676454626,0.26186713093358926,0.19301382588460722,0.260723652485022,0.23777014640232547,0.21615001515502788,0.05897181653534864,-0.31668113307529916
2021-11-09,0.388060551340169,0.3728941760858176,0.32859241123603083,0.3602022381440857,0.27162204376909843,0.20203335845287002,0.2714271645813147,0.250143112565757,0.2259494074536301,0.06896342303895564,-0.31909712830121334
2021-11-10,0.3921891233712049,0.3790052016437517,0.3310895938347912,0.3645199054050723,0.2779820749640336,0.20593664060452244,0.27821002702439424,0.2577365852978913,0.2331734528116058,0.07694799418907469,-0.3152411291821302
2021-11-11,0.4036415848354706,0.3880382545941398,0.3396079569990535,0.3717401063631853,0.28714644115942584,0.21683846824457745,0.2893591050626654,0.270047883670339,0.24311586343239402,0.08817304010743116,-0.3154685447280394
2021-11-12,0.4147903005569,0.400658864518625,0.3484538912259036,0.3850006565965399,0.29625795732603916,0.22739467472652705,0.29896302480840653,0.2800951064670364,0.2502153801984051,0.0930015761436623,-0.3217887244132377
2021-11-15,0.4255601600530517,0.40953316812066987,0.3569260325309916,0.39184653419021453,0.30326189412623195,0.2362725740620076,0.3069385760475656,0.29001469466445595,0.26089260587365415,0.10399506096641699,-0.32156509908663466
2021-11-16,0.417920396250201,0.39931360343827427,0.3493247955309075,0.38143970113369424,0.2934149319798618,0.22623951285153227,0.29808976862869313,0.28360528223821,0.252377159144964,0.09845429142140182,-0.31946610482879917
2021-11-17,0.4326038137151297,0.4131521958436797,0.3668456424008033,0.39826778687012393,0.31047585443647696,0.24102776088088218,0.3116982198729214,0.2983263666203337,0.2623825466034111,0.10900113345739376,-0.3236026802577359
2021-11-18,0.4243438266297617,0.40400387529935816,0.3614651167041444,0.39145906083450693,0.30235799100476046,0.23410873251911246,0.3047222960244808,0.29060939339843356,0.2536925436616723,0.10126082466745452,-0.3230830019623072
2021-11-19,0.4384001290808822,0.41736565809093795,0.3733090545670268,0.40449610460104335,0.3154936757490671,0.2454691690717595,0.3162665460321488,0.3010165563125961,0.26414770984443925,0.11388135601771864,-0.3245187730631636
2021-11-22,0.44506854130211465,0.4267932940448845,0.39011083380007316,0.4156263568197926,0.3237963340395169,0.2547103426008011,0.32558928679734395,0.30823562452857783,0.2692291168428037,0.11985018814488578,-0.3252183531572289
2021-11-23,0.4480281939650938,0.42997437712680076,0.39361583974816927,0.4199512444145401,0.32851011745120223,0.2587982082991589,0.32952172322646983,0.31318330943173867,0.2700234699681448,0.12242356670483649,-0.32560462726025735
2021-11-24,0.451920277356565,0.4337120178188819,0.39859594774601836,0.42499126884059163,0.33279253453808766,0.2618332110362931,0.3330406298135126,0.31820359413699534,0.27520958711389576,0.12570735833516503,-0.3262129190214
2021-11-25,0.45170735992031774,0.4343143422063229,0.3972329358567879,0.4245331433262706,0.3327650826438207,0.2631865797632847,0.33347311633002996,0.3194558598145735,0.27653558630891767,0.12535860438745225,-0.3263487555328656
2021-11-26,0.44932706466662625,0.43154489481447694,0.39526091031147,0.4231278167255837,0.33085640895030766,0.26227644878962253,0.33066066707057984,0.31609481435895503,0.27318804864702084,0.11997426489082938,-0.32935279977579696
2021-11-29,0.4476913663743952,0.43055810856979193,0.39482134168758254,0.4233253193856917,0.33159841482914654,0.26391483469158666,0.3276532131553008,0.31555343734062513,0.2711659408036719,0.11882455723270419,-0.3288668091416911
2021-11-30,0.4579970842199245,0.4392065578608891,0.40194329434684356,0.42905542882759884,0.3382687903842052,0.2702574856699502,0.3359927601434575,0.32354509537056353,0.2765594564165752,0.12682063451246664,-0.3311764497074579
2021-12-01,0.46754469511720226,0.4487576332121959,0.41123894977402436,0.4368853413715443,0.3489165682640567,0.27817898539243713,0.3473092421717351,0.33446261793130816,0.28555401594981034,0.13605982947075615,-0.33148486564644614
2021-12-02,0.45274705844232277,0.43468409884835885,0.3974003105566849,0.4222074870300988,0.33569020337673816,0.2638036913864098,0.33549827366532337,0.32494518075089707,0.274939086158898,0.12654752246458006,-0.3261995359777427
2021-12-03,0.45672006317843505,0.43784468585837877,0.40119328764949697,0.4251028831645054,0.34103303980898264,0.2696536667390797,0.34046325472611444,0.33020028824739,0.27946344118336264,0.13049638548447504,-0.32622367769396
2021-12-06,0.4393128154148892,0.4219847385501061,0.3828843264919483,0.40686644450423043,0.3247504713277476,0.2553987544145362,0.3256745727781521,0.31436007326426085,0.26556496998706863,0.11678560868952273,-0.32252720672536644
2021-12-07,0.4328080046688497,0.41519848200594456,0.3735320084013317,0.39947307604685,0.3161597910212021,0.2468003965692705,0.3176867926545781,0.30714035329572503,0.25940923544558314,0.11042848306159488,-0.3223795216072548
2021-12-08,0.44648406549144976,0.4294894339074076,0.3879126410485406,0.41545078044901523,0.33011928547347763,0.26024439284964945,0.3283824177373257,0.3202309072636272,0.2694543350357316,0.1194866748677738,-0.32699739062367594
2021-12-09,0.45093158648900195,0.4341857471683511,0.39158336506650576,0.4215940873686843,0.3345072358602484,0.26683642471470675,0.33446857314663136,0.326694720321678,0.2760440432261392,0.12575468677905688,-0.32517689970994507
2021-12-10,0.45423892779559394,0.4367080164520651,0.39660046255439807,0.4246540077679701,0.33802444156657085,0.27081961939012755,0.33807227536428736,0.3307278453618799,0.27783055652570626,0.12655887869862278,-0.3276800490969711
2021-12-13,0.45767883850344043,0.4424099444722217,0.4005067805139679,0.4288535434640327,0.3440997026782289,0.27557312972156867,0.3421086125153227,0.3345180358640004,0.280932726435292,0.13155425411284502,-0.3261245843905954
2021-12-14,0.46258539359765893,0.4476682318846466,0.40631350723561055,0.43347912189534826,0.34615722471793625,0.28089532379254983,0.3480092624316813,0.3402398581737654,0.2878798289933139,0.13457966902676335,-0.32800572457089555
2021-12-15,0.46210366257728613,0.4486661347523794,0.4082202435628116,0.43299839269143464,0.3476233140614474,0.28252088031858874,0.3493595868233917,0.34255448118396425,0.2900654292569181,0.13625884809724673,-0.3258448144800394
2021-12-16,0.46923226092248355,0.4569924453866255,0.4180324579999691,0.4420623321596371,0.35587898988768235,0.2892142866763261,0.35926517098515104,0.3502675955404296,0.29947070656012514,0.14683360611256624,-0.32239865480991725
2021-12-17,0.4559590357089881,0.4468260581246405,0.4082139354872733,0.4341826349510396,0.34690679131598173,0.2813383590816346,0.35134464694059353,0.3429939288807123,0.29446240088431574,0.13892241502937516,-0.31703662067961286
2021-12-20,0.444466933040217,0.4319927356303003,0.3963620522118757,0.4225351682175968,0.3356688760277488,0.26836811953811907,0.34061671370354424,0.33472166680475113,0.28881971039575555,0.13088164151431902,-0.3135852915258979
2021-12-21,0.45969576018722047,0.445896821024677,0.41130635595452325,0.4385115631825012,0.35296811558069163,0.28553480342362086,0.35676695460402685,0.35079582488636324,0.302705843163065,0.14471808123975552,-0.31497767894746487
2021-12-22,0.46990138476612464,0.45031167950576023,0.41593717005118896,0.4438980583322537,0.3580428527454514,0.29012653282059736,0.3627547737057875,0.35294131837821396,0.3053266357373921,0.1469600891408364,-0.32294129562528817
2021-12-23,0.4658086517077575,0.44375328952688986,0.41225847755529854,0.4384573937060705,0.3535010096655927,0.2851715528132136,0.3572557595566057,0.3474472009203672,0.30000768069889966,0.14422093589519377,-0.3215877158125636
2021-12-24,0.451102099154069,0.42686188378962203,0.3964979587947835,0.42021872548430234,0.33664288713282237,0.26781743736203467,0.34322036417569396,0.32859259871600105,0.2843179368789438,0.12657569102480673,-0.3245264081292622
2021-12-27,0.4579655139231559,0.4312507673053064,0.4031269916202227,0.42657861397868174,0.34143496212944113,0.2719778591475517,0.34618259771871995,0.33473180249984763,0.2874530559210675,0.13299919366236698,-0.3249663202607888
2021-12-28,0.4685836767990497,0.43930323530327364,0.4095965623387367,0.4307465878157061,0.3456812142825092,0.2774074047554401,0.35100307011334836,0.3417951251520935,0.29452070091135646,0.1412494184421162,-0.32733425835693347
2021-12-29,0.46895760048983015,0.4402396337051576,0.4067738771566455,0.43018125751955505,0.34317375208904116,0.2740003870373202,0.34916326351491095,0.3403019300117873,0.29471022822218707,0.13977755268838388,-0.3291800478014462
2021-12-30,0.48364232650693767,0.45465058670188857,0.4169537624731243,0.440217179277828,0.3515460536857298,0.28218086634685197,0.3585087000289216,0.34816968863693476,0.302172852890678,0.14553211858710954,-0.3381102079198281
2021-12-31,0.48971849566278164,0.4595040510131943,0.4235539541885943,0.44726452187521765,0.35482742694906777,0.28882680514134174,0.365170064423328,0.352603407080226,0.3084153267658154,0.15185287232321273,-0.3378656233395689
2022-01-04,0.49844424221581085,0.46973224054099916,0.43278784226265954,0.4567862937371566,0.36584187603773194,0.30185017809029463,0.3758768606683198,0.36498343583023796,0.3197888299727072,0.16187903172170856,-0.33656521049410226
2022-01-05,0.47755027578063736,0.448427357099089,0.4140696008540199,0.44294380367369296,0.35183568478954175,0.2872636410218585,0.3624099343202864,0.35364316670396306,0.30803797449158515,0.1503927201030456,-0.3271575556775917
2022-01-06,0.4908058926278679,0.46098253716003657,0.42639648237056,0.4519471264969036,0.3608876381149784,0.29526279301078817,0.3683437458348262,0.36093718960249827,0.3151146331588584,0.15584740176976114,-0.3349584908581067
2022-01-07,0.4773066437321366,0.4446921828904653,0.40898657279516637,0.4345131454211667,0.3433314207033664,0.2757731977965919,0.3495161291499331,0.34517263235082557,0.30023596231118094,0.141950637661308,-0.33535600607082855
2022-01-10,0.48699935118538046,0.45493794543428345,0.4183884768430694,0.4444514309928691,0.3526886448373438,0.2837432805735532,0.3565582260427996,0.3540669070825645,0.3084835279504611,0.15075317238035407,-0.33624617880502633
2022-01-11,0.4812061732881175,0.45170023940052967,0.41164332941192583,0.438776348873781,0.3486924221855466,0.27939865074004683,0.3533587940519361,0.34937140063332967,0.30335390056086703,0.143841354566182,-0.3373648187219354
2022-01-12,0.4990663955335094,0.4643011881781732,0.42799366463207683,0.4555435237950739,0.3622507813325226,0.2917400750084317,0.36639900320506585,0.362136728884605,0.3157431773558359,0.15477125115608786,-0.3442951443774214
2022-01-13,0.4858504242315887,0.4547206525354905,0.41684283260200017,0.44718196912675257,0.3546699314882887,0.28164739925992066,0.357364707587043,0.3532698039033054,0.30661905759583463,0.14273846656324646,-0.3431119576683422
2022-01-14,0.47970614467664846,0.4506962413088173,0.4146643161187772,0.44380337210228255,0.3490773067898003,0.27715741501560015,0.3537809375190311,0.3467639983423055,0.30234251717550487,0.13688665180438936,-0.34281949287225905
2022-01-17,0.49192421931913166,0.46540020501938484,0.43054892874582074,0.4623288779464786,0.36500524889742636,0.2937167115790382,0.36896759114383293,0.364870736602382,0.3214470974583146,0.15271356397442384,-0.3392106553447078
2022-01-18,0.480640726621785,0.4473638167217351,0.4138356114707751,0.45003198485601814,0.3503834228043634,0.2796976169111651,0.3571619443514643,0.3527793048484502,0.31134677314051706,0.13998979318619456,-0.34065093343559033
2022-01-19,0.4855286923871856,0.450138006597788,0.4168815962884072,0.45579238463731236,0.35244089032425713,0.2790531304769983,0.35675806724817216,0.35116723485671963,0.3091927808081315,0.13698240014815222,-0.34854629223903333
2022-01-20,0.4615194435329059,0.42911494445312814,0.39085957615704253,0.4316864914461209,0.32743453989118343,0.25242318712406275,0.33059638254828666,0.3270211024979811,0.2837504051815122,0.11324522739856085,-0.34827421613434506
2022-01-21,0.45328051043436335,0.4194727479210441,0.38021396845069283,0.41687727523242585,0.31375123621281603,0.23950279802598218,0.3208920482017431,0.3176165462869388,0.2713793106279005,0.09854009719132004,-0.35474041324304334
2022-01-24,0.45109824593393294,0.416166805492051,0.3800834178793897,0.41410375737119337,0.31250985995915065,0.23908525065634928,0.3175609453154861,0.3153506403369087,0.267043518901983,0.09699825774020278,-0.3540999881937302
2022-01-25,0.4110703281104937,0.3759351454904489,0.3388943329911216,0.3710218408336413,0.27045052375924156,0.1949858486013712,0.27668741220080084,0.27300721904735215,0.2268249693543968,0.05994563656225049,-0.3511246915482433
2022-01-26,0.4204234771328114,0.3870258848735735,0.3476906860583192,0.37885380392296963,0.279287647797445,0.20006207359734288,0.2832330064600944,0.27977813040599575,0.23142906312661554,0.0657995732640898,-0.35462390386872167
2022-01-27,0.387864896223034,0.3536969978648728,0.31155345224854486,0.34531962907154623,0.24753109047791752,0.16709519526141778,0.2529214741454151,0.2498383511277445,0.20044225311936675,0.0347488316624467,-0.3531160645605873
2022-01-28,0.4057452067885162,0.3693246346359501,0.328823451626699,0.36085394090815004,0.2578795820019978,0.1796869735500254,0.2649277346434402,0.25901459047133457,0.2096483284545806,0.04397641891296976,-0.3617687878755465
2022-02-07,0.42077580680606125,0.38194889425189177,0.34670023577414777,0.3734635897827674,0.27366334027458145,0.19402945832912818,0.2801656777690905,0.27425067969449457,0.2227800897137184,0.05672418663561185,-0.3640516201704494
2022-02-08,0.42498178056806174,0.39066385755940164,0.3599385469428532,0.3898045770515504,0.2867185607533394,0.2107956461122146,0.29541640704143685,0.29034240612423007,0.23872021346164624,0.07287024490946228,-0.3521115356585995
2022-02-09,0.43986059415655704,0.41051109581707484,0.37502623524148887,0.40380036535484654,0.30057076003201305,0.22300392264296026,0.3092016633004961,0.3032664889508089,0.25180197778234115,0.08615266192428377,-0.35370793223227326
2022-02-10,0.4350483211905742,0.40695699383179235,0.37315910955893955,0.3990855512052143,0.2969680631753869,0.21834666749416184,0.3052987632007854,0.30061382508100915,0.2476496343193139,0.0818284501751535,-0.3532198710154207
2022-02-11,0.4108641320424558,0.3837280043881879,0.35392112731184633,0.3776557261581404,0.27704099469154775,0.19817862295261107,0.2847594969493752,0.28020942808802274,0.22850082811254613,0.06300932574926707,-0.3478548062931887
2022-02-14,0.40943303925373675,0.3860608012624004,0.3539859715499399,0.3817130560124401,0.2793399972560648,0.19728528289431124,0.28473693497347446,0.27957907359498885,0.22544988181541864,0.06072889864639498,-0.34870414060734173
2022-02-15,0.41468497967334433,0.3910731492422461,0.36034457638058215,0.3896346667673634,0.282695861058587,0.20517823700770263,0.29035429760095965,0.2836667882572132,0.2313408878089464,0.06560855599062913,-0.3490764236827152
2022-02-16,0.4290042063456467,0.40505015438963726,0.3731323725986671,0.40264977887692427,0.294920621206748,0.21822914477823918,0.3029097976540539,0.29633131172687965,0.24056162364440303,0.07297665642734372,-0.35602754991830293
2022-02-17,0.42647980636805893,0.40064654545856676,0.36737280580355414,0.3984295651997407,0.2923338599398189,0.2171777440096812,0.300810787265674,0.2961146503148914,0.23921584659437706,0.07220706998967219,-0.3542727363783867
2022-02-18,0.4354930690607989,0.4121885633485454,0.376816814910275,0.407347854408061,0.3002433928612715,0.2238262386660052,0.3063727662652334,0.3024196919526367,0.24288748913278443,0.07417907197183107,-0.3613139970889677
2022-02-21,0.444661736826518,0.42731513413411193,0.39208663362916635,0.4206672105196524,0.31625119205290536,0.23646140297073387,0.3201689219337004,0.31437435471730935,0.25405260931814133,0.08732452291804685,-0.35733721390847106
2022-02-22,0.43256823900832697,0.41572379739804727,0.3812501283589586,0.4063359964519821,0.3034300768989354,0.22412440630754682,0.30739890834965994,0.30280796865240917,0.2435598222880458,0.07521616488131112,-0.35735207412701575
2022-02-23,0.4518173460464904,0.43152522230686624,0.3970322213848208,0.42025088000826094,0.31990715067552267,0.23933410114598788,0.32233361762810475,0.31977657971725815,0.2647862022390506,0.09306356587609879,-0.3587537801703915
2022-02-24,0.42817658739420383,0.4023299613357309,0.3709919597064532,0.3949411388598365,0.29666781022149685,0.2166052056883936,0.3009177655569768,0.29754401632383154,0.24380549466564724,0.06864257492177991,-0.35953401247242384
2022-02-25,0.440367720708093,0.41551054394597625,0.38291467463124595,0.40549484186400647,0.30671664183479175,0.2264069583542157,0.3104405913850728,0.30655886358576306,0.2528789235842923,0.07656924366110683,-0.3637984770469861
2022-02-28,0.4412148363619363,0.4148669469931424,0.38336721830426496,0.4076090208627759,0.3073334215651944,0.2272946009264825,0.311040007362934,0.30692038712944936,0.25357586648360675,0.07512831569581786,-0.36608652066611835
2022-03-01,0.45138177452554445,0.422761624085305,0.3908304383831415,0.4176226511405614,0.3148129121750037,0.23632021884728718,0.3187289640245445,0.3144276686493486,0.26101279951237083,0.08162594491752942,-0.3697558296080149
2022-03-02,0.45313949580959423,0.42755698391408953,0.39600445787618266,0.4229388116605845,0.31945333484368704,0.2408869531106707,0.32254997696424914,0.317233916474767,0.26275782351961474,0.08521081477653618,-0.36792868103305787
2022-03-03,0.44958002309765344,0.4246528120545091,0.3938173021344551,0.42003751465097444,0.3163534464417988,0.23894339258360608,0.3186105131800428,0.3129460257218797,0.259490664617213,0.08157309787395486,-0.3680069252236984
2022-03-04,0.43733989505623516,0.41117683609081795,0.3806416771248095,0.40556074397757197,0.30607730654650095,0.22868513578367985,0.3079744550228614,0.3011437465975065,0.24934384889339692,0.07376993665486661,-0.36356995840136835
2022-03-07,0.42079119167360857,0.3966955980480765,0.36764486966429694,0.39199681334817776,0.2913417888941417,0.21201613697870123,0.29390349199138843,0.2854910324364193,0.22826153298634327,0.05512821291729618,-0.3656629787563122
2022-03-08,0.3892572856264449,0.36765238629859553,0.33486997929547374,0.35960820111894565,0.2593086401128367,0.18004591177337645,0.26336373863756735,0.25223468487909184,0.1954155040924641,0.022632430116395937,-0.3666248555100488
2022-03-09,0.368038862406688,0.35245993864359226,0.32100272018092363,0.34683467756234526,0.24516114575311213,0.16935557405322602,0.25159776171358206,0.24088974571522348,0.18449482224679034,0.007705213629902927,-0.36033364877678487
2022-03-10,0.38507198516629204,0.37064271815533767,0.33862052392680414,0.3659561710276601,0.26315555663511536,0.18678393947853078,0.26880483243710906,0.2584673429726818,0.20439343132265841,0.022291706524134133,-0.3627802786421577
2022-03-11,0.3921590765319851,0.37780254707277044,0.34625345226469495,0.3735424626103402,0.27011771635134746,0.1933028321083821,0.2762130953514397,0.26624300459704947,0.21256836688436428,0.029962709501336837,-0.3621963670306481
2022-03-14,0.36189060579468807,0.34817046602448887,0.3188585318108872,0.3456403737575374,0.2420466924764289,0.16623495399850746,0.24820612748085666,0.23963934014410718,0.18603307516768103,0.005374599907644564,-0.3565160058870433
2022-03-15,0.31080140709331205,0.2991193952814789,0.27000198826228305,0.2954528805654669,0.1888183151713064,0.11406483878899955,0.19537855036242416,0.18851261484832232,0.13343148209216787,-0.04590268123035347,-0.3567040883236653
2022-03-16,0.33979454615514343,0.33195144440476304,0.3016019563564777,0.3263100076045742,0.21778571686205825,0.1485788227434616,0.22679772789421732,0.22154465061478992,0.16476772936233824,-0.013683615369084356,-0.35347816152422756
2022-03-17,0.35798541456839233,0.3542432892403992,0.32128804920265236,0.34518044980982054,0.23754524343770128,0.1687757096302802,0.24512456588912507,0.24189298113165908,0.18374867928340305,0.0023121254807102858,-0.3556732890876818
2022-03-18,0.3720105729257113,0.3662655327652895,0.3357901255365932,0.3595140812598021,0.2507536678962917,0.1824639717749881,0.2584062666361687,0.2529794384386708,0.19449072709481172,0.011678501494443678,-0.3603320714312674
2022-03-21,0.38721385096286143,0.37922898006444106,0.35397607217590943,0.3747840475497749,0.263210240150005,0.1939590921239666,0.27085749983010654,0.26108250592025506,0.20396033090650853,0.021837871907304074,-0.3653759790555571
2022-03-22,0.3858107115891269,0.3731443972359953,0.34973179704769386,0.3719302572523952,0.2623753775935348,0.19293063629753116,0.269889861664039,0.25895779028260135,0.20301443725681273,0.018526102243554082,-0.3672846093455725
2022-03-23,0.3906599818162788,0.37418961820362767,0.3513632474634805,0.3751255823683239,0.2635753677838807,0.19454179050213055,0.2727113038820744,0.2645516964647193,0.20775866554927952,0.022332320016750434,-0.36832766179952803
2022-03-24,0.38040808992373515,0.3642512353150633,0.3393581894635217,0.3638197684803011,0.25050703418719716,0.18229717798923395,0.262952848291521,0.25247329724948114,0.1955693996879312,0.008662181227912017,-0.3717459086958228
2022-03-25,0.37796372425050884,0.35762078299198125,0.3376110046709477,0.35910420236076546,0.24574460590835687,0.17717997328693474,0.25709786492158837,0.2475319506784997,0.18979148551596461,0.0019259880580625279,-0.37603773619244596
2022-03-28,0.3718447145203217,0.35243527641662414,0.33591745909268866,0.35666663250211095,0.2421306150028398,0.17279967873413574,0.25264508700840504,0.24362078162051978,0.18865796020450407,-0.003934302682512144,-0.37577901720283347
2022-03-29,0.3631507635242522,0.3458281969473785,0.3274410253775185,0.34858570165147723,0.23255889241774252,0.16255322864624025,0.24134554136292702,0.2326862503328707,0.17653171796552686,-0.015823945359185094,-0.37897470888343693
2022-03-30,0.3809414011186989,0.3651709661922124,0.34613408863928746,0.3644362102371921,0.24801582071684597,0.17914194806467,0.25793880135306185,0.24790899938835878,0.19471282643640442,0.00014085005042878754,-0.38080055106826977
2022-03-31,0.37742876288921895,0.36643748731365716,0.3467029149060071,0.360146623641765,0.24496254842335727,0.176670022557479,0.2552800472505941,0.24685665124819164,0.19110590882781403,-0.0026362948779004467,-0.380065057767119
2022-04-01,0.37471256968696065,0.3631640723950411,0.3425279929732714,0.35591631687669745,0.24233999446768495,0.17364326696929427,0.25311614744572375,0.24572987936220742,0.19105885143676166,-0.0046643406556064,-0.37937691034256665
2022-04-06,0.38154061167413217,0.3708918805336328,0.35172333212623536,0.36501882871010377,0.2527080866412107,0.18399565138118038,0.2621048617919756,0.25712632056197304,0.2017936129540131,0.0036385922321882386,-0.3779020194419435
2022-04-07,0.3570527617966431,0.3451800829397426,0.32631265375556096,0.3414444879257243,0.22778333397336617,0.16039424861311943,0.23938197280793042,0.23388409323149403,0.1794058098322835,-0.01974134705465977,-0.37679410885130243
2022-04-08,0.34723065706419876,0.33747576700330745,0.31747223046551803,0.3334172753525121,0.22377222430948684,0.15355727381823456,0.23264008273184966,0.22538307057542747,0.17395513220442205,-0.02386140375500046,-0.3710920608191988
2022-04-11,0.31562821088744486,0.3089105118375804,0.2904088433623932,0.3042511470973702,0.19541111734833957,0.12056946086374729,0.20325242422673967,0.19393182397310102,0.14383889143406367,-0.05352062684467745,-0.36914883773212187
2022-04-12,0.3361630715291685,0.32959985735781167,0.31015024019989007,0.32327589684553093,0.21385316803176363,0.13899816650245436,0.21996496134621885,0.21019712144396968,0.1588551165380984,-0.03959348570944194,-0.37575655723861
2022-04-13,0.3155360245364811,0.30761500726654206,0.2859856056737078,0.30143859332833794,0.19423128217040553,0.1197986773188311,0.19993419031039147,0.1908696703632083,0.14132546581660155,-0.05632652567478332,-0.371862550211264
2022-04-14,0.32512162322895116,0.31711071440091626,0.29427915222154993,0.31092611897642897,0.2058290421796859,0.13149269332813576,0.21140307496951993,0.20196220736818235,0.149524866045835,-0.052205565884847385,-0.37732718911379814
2022-04-15,0.31094185682410624,0.29840994273605975,0.27596901248983063,0.29288363478877505,0.1858189472198763,0.11383632884354429,0.19257332381959003,0.18633911374352524,0.13431484429705312,-0.06580319428153636,-0.3767450511056422
2022-04-18,0.3207102190367888,0.3074579467552883,0.28396014559325533,0.2993729500805884,0.19155650199170504,0.12116010971603658,0.2028292156999698,0.19416809925434605,0.14283963308285702,-0.058086075333113545,-0.378796294369902
2022-04-19,0.32748138150675693,0.3140937441785102,0.2909274950255754,0.3032748856403163,0.19850036109476826,0.126279405756033,0.2054577546314319,0.19817681126681225,0.1460794881169464,-0.05712239883368733,-0.38460378034044385
2022-04-20,0.3184819009392652,0.3055407409519651,0.2789798926318086,0.29236595983235164,0.18764442471866385,0.11447681157177952,0.19599428844892097,0.18617227206701945,0.13793730406733398,-0.06782075964400179,-0.3863026605832666
2022-04-21,0.2805281634192866,0.268068180819456,0.2396785551386259,0.25423691398559634,0.1464645097528721,0.07450682334578625,0.1577132857249505,0.14794120740159636,0.10328109049906953,-0.1041155329667014,-0.3846436963859876
2022-04-22,0.2736824458086151,0.2617647325871764,0.23238305088467395,0.24623109667428597,0.13760260213945003,0.06438567013798249,0.149286565202073,0.1364057765032025,0.0938468894264375,-0.11441729256901638,-0.3880997383776311
2022-04-25,0.19159864088030512,0.18470010072207074,0.15597260934777682,0.17215263105471224,0.06033194277103131,-0.013909806104512992,0.07071050444943774,0.06025085932283272,0.019492775302615062,-0.18656710125613163,-0.3781657421364364
2022-04-26,0.15986373828210937,0.15337415996870124,0.12626485978763036,0.1411922888948459,0.03015480264721474,-0.044977214278863996,0.04080535835250272,0.033516869626575775,-0.007620799421530898,-0.2120581957028716,-0.37192193398498063
2022-04-27,0.19899278340555612,0.18594876096313287,0.15811039995384543,0.17743830173511932,0.07017389222013083,-0.012618267467439298,0.07377269026415834,0.06612734078769252,0.024468069015329386,-0.18076523475045025,-0.37975801815600607
2022-04-28,0.18379957870572522,0.16740885230089622,0.1396924688620801,0.1591144886867768,0.04846318762605527,-0.032564751888619056,0.059104856342735934,0.048119698784644185,0.006994633329727239,-0.19767021294950846,-0.38146979165523337
2022-04-29,0.23612949553038914,0.21660525029736458,0.18641314707968754,0.20208051199500024,0.0919065413302288,0.013230378404501739,0.10461392609414268,0.0930237655618473,0.049082386264839996,-0.15497650943615576,-0.39110600496654463
2022-05-05,0.2559172036023543,0.23627421612904495,0.204434783561662,0.22059610427262571,0.1100952274723683,0.030957600072518642,0.11987262391708134,0.11021348027362377,0.06398762995173535,-0.14054759072469178,-0.3964647943270458
2022-05-06,0.2424473528372234,0.22235661363185227,0.19194604645626775,0.20827647756305118,0.098679125490473,0.019519573274380832,0.10931729490652516,0.09950713124816757,0.05546382558257076,-0.14970144545941005,-0.3921487982966331
2022-05-09,0.25940484857255575,0.23898374969888322,0.21234907112904666,0.22515112703569173,0.11627446941825664,0.03588705751520142,0.1263000180597443,0.11274440930037205,0.06964604168742311,-0.1367974113060094,-0.3962022598785648
2022-05-10,0.28041069089215626,0.2589227041919775,0.22886172132953275,0.24257103436695882,0.13460871091588061,0.053529643592867035,0.14155570572202095,0.1273139432371935,0.08484751486724688,-0.12035779638813593,-0.4007684872802918
2022-05-11,0.2816753379865102,0.259982175438751,0.23148407678412145,0.24441901563898294,0.13989673785995618,0.0560544576243666,0.1493078475052155,0.1315723688977688,0.08871844034810515,-0.11624297447490092,-0.3979183124614107
2022-05-12,0.29504969101935774,0.2707202967956807,0.23831512207340394,0.25611358391513106,0.14845493453071434,0.06367799691010621,0.15673380925596164,0.1394789302330328,0.09460562968457331,-0.11155317472178995,-0.4066028657411473
2022-05-13,0.3028347211250931,0.27693014333439403,0.2443382356030701,0.26328488089070845,0.15418944922919478,0.07036971088472864,0.1624535222634497,0.1449964345325151,0.10179318704677896,-0.10600552231146318,-0.40884024343655584
2022-05-16,0.30391310761222357,0.27915060155458654,0.24714894392175743,0.2651361718877884,0.15647323539849833,0.07216559496044819,0.1637775110143556,0.14664303253040073,0.10201361550135232,-0.1059738539259695,-0.40988696153819265
2022-05-17,0.30345587516530903,0.2816389835173971,0.24525252855810661,0.26054960587657494,0.15549420867827476,0.06895518189719257,0.1621274399188288,0.14605931296896074,0.10052992762202419,-0.10531363089294134,-0.40876950605824997
2022-05-18,0.31027495190328463,0.2893962235747813,0.25367676909453823,0.26728499319935367,0.16371213477503918,0.07455310207262077,0.16869171364799992,0.1533790926063823,0.10755655963893343,-0.09784329681831093,-0.4081182487215952
2022-05-19,0.314296640704276,0.2960888209448184,0.26001362855826216,0.27582397264594377,0.17171026629353586,0.08244533245050553,0.1751637590694186,0.15857772217688618,0.11626532050087424,-0.0922135845401226,-0.4065102252443982
2022-05-20,0.32404638429592586,0.30444854117188247,0.2686985202362196,0.28649176357309414,0.18337478668696156,0.0935743316328404,0.18835574352856588,0.17188567094504964,0.1290629112658023,-0.07745613926331717,-0.40150252355924265
2022-05-23,0.336384762909471,0.31679555862447195,0.28062881958697594,0.299464335539013,0.19741380388406304,0.10722935526733815,0.20203541560602972,0.18451350452317486,0.14453386501863902,-0.06372154092022711,-0.40010630382969775
2022-05-24,0.2930427686818847,0.2737601214729936,0.23786467580183815,0.2568848011896594,0.1545138343820484,0.06639760854861981,0.1592221488541036,0.14137021205608563,0.10117909383585075,-0.10781505612339054,-0.4008578248052749
2022-05-25,0.31470816662479706,0.29489987606803053,0.2575419334760431,0.2774094352681795,0.1762186346067728,0.08797710041383158,0.1795753593544661,0.16325102297776656,0.11981690684497627,-0.09505283062612249,-0.4097609972509192
2022-05-26,0.318164597198615,0.2986960191201823,0.26027539169085495,0.28401630324483446,0.17935163602337234,0.09343391358452145,0.18666578588649313,0.1678647762252608,0.1251665716164008,-0.08787360299801195,-0.40603820019662656
2022-05-27,0.3179171766325962,0.3000565324574935,0.26190705910579715,0.28352979710227016,0.18028116556886792,0.09474503276025145,0.18641715627855185,0.16897856088490143,0.1267804554107262,-0.0874348774479101,-0.40535205408050595
2022-05-30,0.33191349709432044,0.31220306575815127,0.27040128771537497,0.2931006372317176,0.1884774614105978,0.10236243813613437,0.1959871048965005,0.17629311343406423,0.1363644790657971,-0.07739644792422237,-0.40930994501854245
2022-05-31,0.3439570969247402,0.3259601322390614,0.2795510309698184,0.3024793604686977,0.19970195151858347,0.1131768683073871,0.20669141158186363,0.18975262614194494,0.15026200255633013,-0.05906062379710164,-0.40301772072184144
2022-06-01,0.35231140440237274,0.33141177379626063,0.28650178811712207,0.30908810344959986,0.2049036952232195,0.11884578797495686,0.2161458023877384,0.19870317121310632,0.1600248882170748,-0.04862572947601376,-0.40093713387838614
2022-06-02,0.36410371624498356,0.3386480888587628,0.295240226570926,0.3167970548140211,0.21253561871783905,0.12817368527289713,0.227681685277777,0.21151014743185986,0.17719577468574188,-0.027014778420209072,-0.3911184946651923
2022-06-06,0.3803223569298447,0.35339833977243806,0.3132009106569754,0.33350651869779346,0.22837688844574874,0.14578038855185818,0.24770764426127562,0.23108482797448476,0.19864940567408415,-0.006583593964553554,-0.38690595089439783
2022-06-07,0.376115861562903,0.34782313497511697,0.3119853735688918,0.32976088388622765,0.22381111609631793,0.13922237545545174,0.24039897513348046,0.2253619464454996,0.19181955067828482,-0.012051414187467628,-0.38816727575037024
2022-06-08,0.375957524811163,0.3482779185404622,0.31260071742403817,0.32864735792135924,0.22169956148273315,0.1393626454598588,0.23632076994112253,0.22202538763245686,0.18523757376769276,-0.017144181404603952,-0.39310170621576657
2022-06-09,0.35714846172277953,0.3285326196237646,0.2939074400721491,0.30941494761968336,0.2000753232181175,0.11954908827784164,0.21762359523479335,0.20256466559101283,0.1645584035337339,-0.037597778010623306,-0.39474623973340245
2022-06-10,0.3746617117387963,0.34707969364655783,0.31139594187591957,0.3264784559149653,0.21598395639970183,0.13971961362806626,0.2367347008412372,0.22202309174172397,0.18254614377945785,-0.021913162552671717,-0.3965748742914676
2022-06-13,0.38043765220908426,0.35318581956839745,0.31610953675465553,0.32950363987123077,0.21987076308781087,0.1409856728297846,0.23937002395549273,0.22495409315741963,0.1859348634630324,-0.019240995573759693,-0.39967864778284357
2022-06-14,0.38260287937215637,0.35427995896581005,0.31702102775631574,0.3304991520396165,0.21913227955894748,0.14234452822592297,0.23995195348214912,0.22384737710994698,0.18487292038948153,-0.02270606078918121,-0.40530894016133723
2022-06-15,0.381221776684926,0.3516306014848001,0.3133452918614443,0.326984822610199,0.21748282104354322,0.14016436555234002,0.2382266810962826,0.22309715398341945,0.18583346785728924,-0.01989104737266815,-0.40111282405759385
2022-06-16,0.38749600792329897,0.3596980128923417,0.32271697744594435,0.3353085257119419,0.22862599992589713,0.14825850472421803,0.2480129522724155,0.23246102563389437,0.1941227482799127,-0.01312285050416857,-0.4006188584274672
2022-06-17,0.39286657750663617,0.3658932879939146,0.328260769857564,0.3420145395811287,0.23439232032847215,0.15236935304377167,0.2543139320106699,0.2374598270707089,0.19981409716645582,-0.009690970468635332,-0.40255754797527116
2022-06-20,0.40559828211079113,0.3765884147082544,0.3404479847034327,0.3512527232944022,0.24489075102418364,0.16462050573247508,0.2667925528375907,0.24884005948256052,0.21035157419201703,0.0030304007672328527,-0.4025678813435579
2022-06-21,0.4026333568880145,0.37073880767764655,0.3355897848092609,0.3465047467146292,0.23813611823750308,0.15993404012730347,0.2630493623939813,0.24473176836887955,0.20572304537178188,4.41124137393915e-05,-0.40258924447427474
2022-06-22,0.3896253756684611,0.3566306569522288,0.3226744404643596,0.33496588948701433,0.22654881648670283,0.14819366241224335,0.25106576766513994,0.23218685827221636,0.19052221034281255,-0.01674397349410534,-0.40636934916256606
2022-06-23,0.40975920318559805,0.37795090425068706,0.3447086187538882,0.3562349976270415,0.2463310645291581,0.16716988849478542,0.27181895493806557,0.24997512771438285,0.21117515824061067,0.002090257493235017,-0.40766894569236267
2022-06-24,0.4187015607097847,0.3889966567676803,0.3543385175372293,0.36637559662049934,0.2589337913688824,0.17878236416638693,0.282212123303837,0.2630722452607488,0.221155251054103,0.014661788174166654,-0.4040397725356177
2022-06-27,0.42840631354287584,0.3954514124107741,0.3640699473696388,0.3729613613668971,0.26988325186538276,0.18735786933597098,0.28995358385449393,0.2696982120954308,0.22699052922676566,0.022363286894865247,-0.40604302664801023
2022-06-28,0.4440546855397752,0.41090928490540884,0.37791654834583965,0.3871052610012957,0.28282716852757167,0.20034410762424534,0.30355587986413557,0.28478849033806963,0.24203472519470498,0.03505673904542506,-0.40899794649434973
2022-06-29,0.42248005839221014,0.3868919850327838,0.35366092694252566,0.36302011930759964,0.25976830949382435,0.17624866334204148,0.28249436553614904,0.26414173441013006,0.22509383390599125,0.01727248385869491,-0.40520757453351486
2022-06-30,0.43023214808624205,0.3963512912732081,0.3623519417138236,0.3698845003087289,0.2713997860578317,0.18466658317432935,0.29258939271961815,0.2747713619032292,0.23474995818980277,0.025910709601495358,-0.4043214384847463
2022-07-01,0.4302975584754662,0.39662710395425954,0.3609190008958384,0.36810922042862554,0.2690383084467824,0.18210560297890818,0.29159195793655435,0.2736689859994608,0.23221249717688985,0.022593539423412766,-0.407704019052053
2022-07-04,0.43858620360452716,0.40349216841809815,0.3662042293839509,0.3726852053263603,0.2742459242985332,0.1902343162966292,0.297075809984247,0.28185081891973135,0.23853620084841745,0.031235462818397543,-0.40735074078612915
2022-07-05,0.43047698845306503,0.3938927886721488,0.3582051670439515,0.36498340695803455,0.265687904292886,0.18201501101106707,0.2899134111368744,0.27267750725178713,0.2290569503291175,0.02001297632604147,-0.4104640121270231
2022-07-06,0.4224942415893453,0.38764027115946986,0.3525140176471534,0.35544378763095136,0.2570034824022737,0.1725905721564137,0.2799943285846694,0.2641036583586373,0.21960119956817503,0.010344666567323678,-0.41214957502202115
2022-07-07,0.4281988943999306,0.39530128035750955,0.3595649564014771,0.36335902353751676,0.2635924314497082,0.17859441169847642,0.2880424227961261,0.26962417697911806,0.22615348081794243,0.015530612505250464,-0.41266828189467963
2022-07-08,0.4323594925859781,0.4018129841583078,0.36172619060283484,0.3657396704658047,0.2641322293317107,0.18159524300143942,0.286829387882034,0.2698251281847006,0.22819323565528774,0.01712754398786943,-0.4152319485981082
2022-07-11,0.42133308472006065,0.39266075446810633,0.3512956062470453,0.35620301357312545,0.25660505003557754,0.17542970386389878,0.2781615726963611,0.26219783012179787,0.22037246122986978,0.01065392595597341,-0.4106791587640867
2022-07-12,0.4024027036126237,0.37702716322134444,0.3344617683757069,0.3378620371491532,0.24225218070061555,0.16028732462121073,0.2611260269914484,0.24575361855057534,0.2027480245112633,-0.0064395921826198126,-0.408842295795243
2022-07-13,0.41213885606818124,0.38776048441624983,0.3475453991541992,0.3498272063683709,0.25730036680611634,0.17385950111255347,0.27373362286361863,0.25737706383837095,0.21538016368092822,0.005416734008912594,-0.40672212205926817
2022-07-14,0.41940898729837245,0.39641000460100945,0.3539841862041029,0.35790998038294897,0.26470705327250094,0.18414501761739097,0.28259981402273193,0.26584694317569646,0.222063202538303,0.010445151813765603,-0.40896383548460635
2022-07-15,0.4021543861869691,0.3791840020939635,0.3367239969757158,0.3396950173381616,0.24727610869644637,0.16504055335202192,0.2645941828886397,0.25092874377716984,0.207149783277196,-0.007923876051757699,-0.41007826223872634
2022-07-18,0.42828544750238395,0.40759680163565315,0.3640056091624377,0.3690128027494244,0.27226107752982803,0.19149614231027903,0.2877957837823495,0.2748187885034657,0.22967839137893215,0.01147375608069904,-0.41681169142168445
2022-07-19,0.4358535229475864,0.4165447600933599,0.37368994303822883,0.37873662402722436,0.28061100705612907,0.20114688076784887,0.299243613761926,0.2874282917983413,0.24134065878083505,0.02400876150365337,-0.41184476144393256
2022-07-20,0.44665362438706924,0.4265986896031638,0.38377478302222023,0.38834649130877064,0.288270975242346,0.20865760588913004,0.3099464439330606,0.2955056969899325,0.24864332127305894,0.033114103652177714,-0.4135395207348911
2022-07-21,0.44597688723789447,0.42237152306499803,0.3819609565861949,0.38598878363637074,0.2826003028665263,0.20556081974449522,0.30649822099967206,0.29108136614061153,0.24315600252717479,0.02703511581220068,-0.4189417714256934
2022-07-22,0.44301258229131296,0.420467878222525,0.38162125620186504,0.3832744154207567,0.2823540702722524,0.20207996323112565,0.30261101066365087,0.28765339101551285,0.24090756839557306,0.021612957196942534,-0.42139962509437
2022-07-25,0.43873557935278545,0.4148616164920445,0.3721650682023346,0.3735444702464353,0.2720082302816634,0.19239891612729282,0.2922711949109515,0.2801805398404528,0.23164179784733394,0.01289167836362275,-0.42584390098916225
2022-07-26,0.4497495508974612,0.427425297257954,0.38420168217361383,0.3865844542640977,0.28275955850756374,0.2033472209275272,0.3026320955645814,0.290342625234975,0.24042100995648086,0.01955952365251539,-0.43019002724494537
2022-07-27,0.45752241975400976,0.4372492655747274,0.39492972598007026,0.3956659912101391,0.2930616994226731,0.21291591185239833,0.3135344718386448,0.29963818843142903,0.24949387080715876,0.02494417291008292,-0.4325782468439264
2022-07-28,0.4637385056755141,0.4451563626164882,0.4019570698698038,0.40372014483269303,0.3000964733150632,0.22098508931164543,0.32141507041985157,0.30778305439349307,0.25839744203070636,0.033859725468149,-0.42987878020736464
2022-07-29,0.46000933636649266,0.44312598018800947,0.3970068768470324,0.399361721815884,0.2947710610111225,0.2154600094499557,0.3150854584349604,0.30105470106074017,0.25113298058702505,0.0252945864089799,-0.43471474995751225
2022-08-01,0.46546231511145947,0.4470739529403406,0.40396268571916444,0.40541891557615656,0.30198277112449873,0.21920105537625265,0.32283278398896464,0.3079206951444458,0.25645216585996433,0.02974393020514894,-0.43571838490631
2022-08-02,0.4294830649062086,0.404438703252697,0.3665348298991576,0.36304444726715707,0.26023751333364575,0.17961352129361807,0.28438198314520274,0.26869897226030065,0.21775753300382938,-0.008750957161181669,-0.4382340220673897
2022-08-03,0.4273538429835999,0.40361099101810277,0.36208495583654193,0.36043501106255316,0.25543757531239447,0.17603947050851113,0.2776402918962544,0.26484325024388977,0.21254938270082857,-0.015295328872527455,-0.4426491718561268
2022-08-04,0.4394457327531383,0.4173388966664367,0.3777153949725725,0.37361207319189993,0.27103239577580357,0.19016548834033217,0.2914252869258699,0.27953266604623894,0.22635497365172985,-0.0021988095382467297,-0.44164454229138445
2022-08-05,0.4559798390647412,0.4293185543244667,0.3871296809206688,0.38285594819296326,0.282629072419762,0.20284796480530715,0.30700162161864636,0.29494960602041137,0.2403401486204554,0.012816553247578697,-0.4431632858171619
2022-08-08,0.4747445628168965,0.44777594484016897,0.4031294142565126,0.39875734639681965,0.29607512093358473,0.2163156017286527,0.31808701202315426,0.3053631621368004,0.25078337188538746,0.022194275782560804,-0.4525502870343351
2022-08-09,0.4779873208381904,0.4510566265764341,0.40819271866733187,0.40463226169167316,0.29957641061833584,0.21808220643678497,0.31992663622165446,0.30944611238772296,0.2551767444282467,0.023641459913974035,-0.45434586092421575
2022-08-10,0.479922959442369,0.4547581677455231,0.4141973722376593,0.4091277735815003,0.3028021536247019,0.2203342419003183,0.32627520983044184,0.3117566009696878,0.25499743933102204,0.02323479628125228,-0.4566881631611161
2022-08-11,0.4966413941356781,0.46708660012354747,0.4238080176827476,0.42228767797486627,0.3155623301691793,0.23315612550952874,0.3418296966917767,0.3251500768033464,0.26856884160682937,0.03659906793024511,-0.4600423262054324
2022-08-12,0.4910871350164375,0.46244662244369455,0.4194443620961803,0.4181389570502978,0.31078069365721395,0.22675278520296785,0.3388864587583,0.31808295246778234,0.2651379181810189,0.03281345184280223,-0.4582736831736347
2022-08-15,0.49433033939247195,0.46919724760183734,0.4258246232187186,0.4229073166074881,0.3188053988645068,0.23293608928767554,0.3444624531900505,0.3179125238663993,0.26677097631589763,0.03266526885190102,-0.4616650705405703
2022-08-16,0.4999799626254057,0.4764763856540006,0.4337697912424422,0.431208054473564,0.32813158549859855,0.2405797143058622,0.3527333969721733,0.3263608644456333,0.27141144641775833,0.038787175106067426,-0.46119278751933773
2022-08-17,0.5023453726474243,0.48184017750038005,0.43675823710613776,0.432032773546142,0.3294967445886744,0.24501650232734862,0.3531731077933296,0.3293799748909382,0.2734992840923337,0.03977387474335225,-0.46257149790407154
2022-08-18,0.503427606253625,0.486774593324547,0.4399153882332778,0.4354291095975466,0.3346682168077514,0.24636961852661038,0.35376755509071883,0.33209756462598167,0.27547039107851456,0.03731033872668432,-0.4661172675269402
2022-08-19,0.49865003525957713,0.4776058174951243,0.4261675797090195,0.4173384471860895,0.3200149639956763,0.23030803193038504,0.3394891363581237,0.317397517851028,0.25871435297390377,0.024518187569125088,-0.4741318476904515
2022-08-22,0.5046178627038594,0.4827979368328426,0.4306598923299453,0.4227511537264044,0.32599328944877365,0.23563850055294144,0.3442562821957308,0.3225089234253598,0.2646213506482277,0.030695148043580686,-0.4739227146602783
2022-08-23,0.5091711751362437,0.4888847494743436,0.43693138317758035,0.42889210908854286,0.33174865173782514,0.23972364549381767,0.34822068179555316,0.32565209440267223,0.26531841679631707,0.029833209982749617,-0.47933796515349364
2022-08-24,0.4777196932560544,0.45789834064298757,0.4036784081656343,0.39518443471198306,0.29941601809666313,0.20768214807259872,0.3172401920965814,0.29295608573371773,0.23611412668692622,0.002302931307356773,-0.4754167619486972
2022-08-25,0.4722477252980031,0.45310342338381304,0.40000288584277227,0.3899646650874909,0.29376887311973393,0.20346170074442865,0.31179050127288505,0.28876244884368546,0.23099250290261458,0.00402733424403407,-0.46822039105396857
2022-08-26,0.46866290912570446,0.4484616530167107,0.39333252687817105,0.38251796546351696,0.2886787974693744,0.1981347157812034,0.30591617877673577,0.282796371887508,0.2282857771022379,-2.5746656149963458e-05,-0.468688655781854
2022-08-29,0.48076085102350086,0.45697753495776394,0.4041762980083752,0.390745795376986,0.2975872527250382,0.2066201465446367,0.31295595961217265,0.28952030092336284,0.23612606067120093,0.005641093763741068,-0.47511975725975936
2022-08-30,0.47470582835171193,0.45103876728549896,0.3987608341194352,0.38415695833016467,0.2931158409143147,0.206584654920268,0.3101742770093781,0.2873187286658485,0.23592210310989278,0.004244737892409651,-0.47046109045930185
2022-08-31,0.4377683546721304,0.41789868195036695,0.36933222201159394,0.35510557907666856,0.26407253825017496,0.17874593004531683,0.2855278664692469,0.26406165563244605,0.21543659128037265,-0.013707032115834947,-0.4514753867879649
2022-09-01,0.43421720785538054,0.41499784725426964,0.3660533430633061,0.35134263617053035,0.2612729919561033,0.1743715066612548,0.28311337810676085,0.26055574717535457,0.21244050587359964,-0.01992763700971327,-0.4541448448650934
2022-09-02,0.4495454003406317,0.43170278768375797,0.38211661938343944,0.366830596387688,0.27668459345271484,0.1894609090084899,0.29571141532583556,0.27266995475640715,0.2222329998154775,-0.009690854255931164,-0.4592362545965624
2022-09-05,0.45537017748111686,0.43441654837776983,0.3863937093878021,0.3699578760262976,0.2793160453301986,0.19384909613303403,0.29551048560316834,0.27500590479756115,0.22392795800126938,-0.009146541018853113,-0.46451671849996956
2022-09-06,0.47253235341638705,0.4500922458436248,0.40141800591127835,0.38257742811450235,0.2926041981816032,0.20726803257416082,0.30692809566987544,0.2852303967469325,0.2347348092949287,0.002918722208922777,-0.46961363120746386
2022-09-07,0.47652284517966914,0.4551562383504927,0.40704262934762975,0.38879639465234994,0.2968879017604324,0.2114886257485859,0.3100581723113,0.2865819224534535,0.23907721889331351,0.005956620426193352,-0.47056622475347537
2022-09-08,0.4687764882120534,0.4460870689914192,0.3975872419104544,0.3779948560284562,0.2865609502063643,0.20068492197021212,0.3002106899858429,0.27645431273656773,0.22794165029047325,-0.0038703636737031635,-0.47264685188575617
2022-09-09,0.4713612606613583,0.4476391217298777,0.3978710161254792,0.37891763513303867,0.28342950508031345,0.19920903344230775,0.29875288953861906,0.27588390039340643,0.22645845565476705,-0.006513662335716232,-0.4778749229970741
2022-09-13,0.47443942257202276,0.4512631627758489,0.4017646461217682,0.3808075729605399,0.28826593527797945,0.19996507104688924,0.30346709328230936,0.2786064835229639,0.22825964999142412,-0.004874784186402799,-0.4793142067584251
2022-09-14,0.4656648609388681,0.44351265438026455,0.3940043832693835,0.37377900581557644,0.28060387287712235,0.19107344608133187,0.2935208737336823,0.2688326432263478,0.21994390798914276,-0.011652563758051508,-0.4773174246969191
2022-09-15,0.4420182818992078,0.42023847557406896,0.3687506069306777,0.3494702993624521,0.25372997679456527,0.1674520650520765,0.26884554867923,0.24624967424688332,0.19510076816076868,-0.03587038794457886,-0.47788866984378614
2022-09-16,0.418081924769712,0.39684867167809224,0.3447068781226806,0.32543611791607285,0.2309295314273561,0.1416237884392558,0.2472733811148738,0.22195296621714206,0.16988156730656934,-0.058566683200713725,-0.47664860797042524
2022-09-19,0.40376019103237176,0.38317725382222123,0.3339014363643205,0.3131251467503591,0.21865330475889638,0.13061886793692196,0.23774153675851217,0.2090290769243697,0.157148706472929,-0.07419190958190686,-0.4779521006142781
2022-09-20,0.4182357502075896,0.3993096263799183,0.3492932236581151,0.3292873632433207,0.23567446883177995,0.1460609151631748,0.25325035136081203,0.2214541549045811,0.17130371351285864,-0.06341499789264501,-0.4816507481002341
2022-09-21,0.42007354607027375,0.4031266990124848,0.3524203636727208,0.3334605957817548,0.23853900753264015,0.1468357202239694,0.25643461286319563,0.22493952473635384,0.1749710286935272,-0.058619858489497495,-0.4786934045597708
2022-09-22,0.41916660885195867,0.4026823217798268,0.35033866087458304,0.33097926269763245,0.2349311419378718,0.14287236353762722,0.25145198492131265,0.22016157785766188,0.16982996497396824,-0.06603486458653784,-0.48520147343849607
2022-09-23,0.4010179952205829,0.38281825879855874,0.3303563511588054,0.3094482591924564,0.21222564393153578,0.11945223254454737,0.23138511431687614,0.1998904917578658,0.15096524649654047,-0.08673006856897676,-0.4877480637895592
2022-09-26,0.380867656808007,0.36654083859773146,0.31441545480995925,0.2922810874091802,0.1935281841120832,0.10445172967115349,0.21143081367876795,0.1832924394271993,0.1343020833391777,-0.10683842249839776,-0.4877060793064043
2022-09-27,0.405912719048279,0.393019054108921,0.33969946933329087,0.3149344236658811,0.21824191736691276,0.12795986626728295,0.2348286942131216,0.20628423143631194,0.1594027078020125,-0.08085241557904996,-0.4867651346273285
2022-09-28,0.3758716584849428,0.3616183370501007,0.3090696143148741,0.28641077680473803,0.18983564467452693,0.10100196689870296,0.21012449264879762,0.18316290614376968,0.13552317189042382,-0.1047419999465206,-0.4806136584314629
2022-09-29,0.37322340916336405,0.3576252607880168,0.30538839193551104,0.2806352948861157,0.1829731838683392,0.09384210427641083,0.20538766503499445,0.17934110260872116,0.13225581404575967,-0.1087080205740104,-0.48193142973737396
2022-09-30,0.36728766996831846,0.3495593313747336,0.2932108180216316,0.2704699950648256,0.1682024249184106,0.07833636386373205,0.18988731000091605,0.163972695818347,0.11791665559077784,-0.12559320674847205,-0.49288087671679004
2022-10-10,0.34624905521828814,0.3284538724982093,0.2746355346407734,0.2546198665658892,0.15049858929688703,0.059754360968357546,0.1747670818923491,0.1443424250262742,0.1017868320174436,-0.14209925149033015,-0.48834830670861784
2022-10-11,0.35329752072255843,0.3322601136132775,0.28058989992563943,0.26155776160960126,0.15692109373157417,0.06761880756290856,0.1820772748808509,0.15040578049961656,0.10631331427854755,-0.1372767380853662,-0.49057425880792416
2022-10-12,0.3822153618103081,0.36179064086040547,0.3092157739695541,0.29066679084782754,0.1827523529845689,0.09452034493471606,0.20931430560871347,0.1790068655913931,0.13417181427265087,-0.10946894021873023,-0.49168430202903785
2022-10-13,0.3914358095522951,0.37055530953189186,0.31737187559822644,0.2995206260961369,0.19325951287707907,0.10577031315135338,0.21991413158135686,0.18918730386221078,0.14639067078601586,-0.10012084311395708,-0.49155665266625176
2022-10-14,0.4153541032290616,0.39409279384651247,0.3371646817395347,0.3224415269964908,0.21518129458618562,0.12914714831689217,0.2442968021540242,0.21350725651249836,0.16954309706097048,-0.07628807102329503,-0.4916421742523561
2022-10-17,0.4270227920841462,0.405443457104421,0.3522947088901553,0.3373253346938732,0.23072724975993253,0.14439935900408374,0.2609446269950956,0.2330348101793635,0.18897219631832357,-0.05721257823391697,-0.4842353703180627
2022-10-18,0.4333985022267075,0.4115644408545974,0.35744724222812385,0.3403913081764239,0.23439832155338766,0.146453640967612,0.26264967394175354,0.23828681304326715,0.1893300178872206,-0.057265843379827014,-0.49066434560653405
2022-10-19,0.42471960377394263,0.40337772901512886,0.34920775350625427,0.332894386908673,0.2250758606336851,0.13816186382777962,0.25420760970044476,0.228905223703388,0.18062945391606014,-0.06447531686267227,-0.4891949206366144
2022-10-20,0.4236561049746022,0.40319784665008673,0.3486476481978605,0.32978971593816697,0.22289581063465677,0.13516163558507308,0.25203580632398376,0.2248658472579926,0.1760915370711308,-0.06945172918827712,-0.49310783416287884
2022-10-21,0.42724565769516587,0.40401400157203077,0.34965474266877566,0.3313943237913917,0.2255628264902403,0.13729119750666194,0.2540212577184968,0.22461215520618333,0.17515324327306084,-0.06906773920344168,-0.49631339689860704
2022-10-24,0.4121088908609244,0.38924860727853144,0.33640329735751545,0.32027606772744077,0.2128634091868116,0.12570777389835658,0.2429066174401126,0.20928283785180485,0.16108727996286246,-0.07981632791959223,-0.4919252187805161
2022-10-25,0.4067717106171404,0.3850608953659267,0.3343862460520887,0.31549252535030875,0.21204666370387915,0.1217032259353094,0.24023394717899063,0.20601591701381608,0.15779096783869548,-0.08152696580116538,-0.48829867641830527
2022-10-26,0.43353757016275873,0.408428500816205,0.35863409947821306,0.33982704284869075,0.23184854207300432,0.14109361657094227,0.2613814289207504,0.2259779255948961,0.17706046843123427,-0.06585679280486831,-0.4993943629676265
2022-10-27,0.43077541314459133,0.40455866237769883,0.35526455592109374,0.3361593110768164,0.22754950629738688,0.13628218428526673,0.25837637097565386,0.22321009067607994,0.1758134431916181,-0.06623134202797297,-0.49700675517256376
2022-10-28,0.39336616973876765,0.3695939428099926,0.31980852702131163,0.2997340404723642,0.19386762188266216,0.10084481252154597,0.22190664881549188,0.18842472706446906,0.1396894266873186,-0.1050572427847495,-0.49842341252351663
2022-10-31,0.40378897827171634,0.3819632817560077,0.3330236131300686,0.3138226150308411,0.20743236915650856,0.11517561123295594,0.2334050176241616,0.19911424698552826,0.15092000578377013,-0.09369826322421371,-0.49748724149592954
2022-11-01,0.428370634106229,0.4088997211327998,0.3590858412067738,0.34022442598988184,0.23282161463531975,0.14114433280221467,0.257780969571942,0.2248980219408324,0.17663373773962376,-0.06755972986652867,-0.49593036397275714
2022-11-02,0.44048912803751694,0.4225071679923188,0.3727409602766858,0.35409639406415083,0.24755807348279638,0.15366662886650082,0.27210875895139564,0.23913776669637682,0.18844400261328695,-0.05565061758582897,-0.4961397456233454
2022-11-03,0.447230977092215,0.4263472141312294,0.3783445716647555,0.3602869197543374,0.25248353108082794,0.15894723428249574,0.27567339585357037,0.24370558692092192,0.1923046072272186,-0.05467737093555066,-0.5019083480277652
2022-11-04,0.46638829107623825,0.44317757000313673,0.39553817494946353,0.37838095600204463,0.2686420573333882,0.17642222902428334,0.29379613407570543,0.2615924797027436,0.20703076208465337,-0.039265422208655545,-0.5056537132848933
2022-11-07,0.4709091308256973,0.4484130411479447,0.40258572920256075,0.38556728893499764,0.2746049914507032,0.18175440112639143,0.29960040997443554,0.26861322888715383,0.21435174388048672,-0.0334035154073543,-0.504312646233051
2022-11-08,0.4710381663152592,0.44736629373155995,0.4053217949451337,0.3840355757772818,0.27316673567607475,0.1805274596262864,0.29704837146604385,0.2647767456962846,0.21272143088092374,-0.03666989686761113,-0.5077080631828698
2022-11-09,0.47032542833211227,0.4477788457265796,0.40556250752899015,0.38570243249367925,0.2723152942245219,0.17951382636932073,0.2986645145603191,0.26546063819493365,0.21335452165737206,-0.03763325327228882,-0.5079586816044005
2022-11-10,0.46403734573061506,0.4415856608580069,0.4012928909335119,0.382279410973868,0.26777974292132034,0.17484308416942573,0.2935300358805338,0.2605210119018109,0.2094280641030922,-0.04419101047356329,-0.5082283562041777
2022-11-11,0.4663518616266605,0.4450630432640357,0.4023686578166586,0.38410752116618835,0.27213090809131446,0.18095279738269893,0.29651255816704913,0.268344876981694,0.2157027363861902,-0.03489342848654434,-0.5012452901132042
2022-11-14,0.4620358993022612,0.4427612677634093,0.40201655647249684,0.3821344062982248,0.2726950195825956,0.17967302270821314,0.2953049898768984,0.26435722775403864,0.21319766377420046,-0.033392423950226,-0.49542832325248654
2022-11-15,0.48127323736573485,0.4646802366228768,0.4218552973309544,0.40319088113598117,0.2919669957171718,0.19951818424981013,0.3168183731493237,0.283647599577808,0.23112685580926373,-0.014443186693494876,-0.49571642405922905
2022-11-16,0.47939501783353655,0.4630896683426707,0.4213845302698867,0.3993967854994995,0.2910841936149861,0.19473130070640438,0.3161244476459838,0.2807449206711574,0.2285273082963749,-0.017894047741175003,-0.49728906557471086
2022-11-17,0.4855156812837261,0.46830811084300394,0.4268568196513389,0.40566365700851265,0.29516902312568255,0.1995752045473685,0.32053155291153734,0.282614464579701,0.23193062101074055,-0.013551225915135063,-0.49906690719886043
2022-11-18,0.48076607403447474,0.4634916956734035,0.42057002518920666,0.3983144595471946,0.28832763756057195,0.191321963260522,0.3122720421788733,0.2733314615059094,0.2227149059918407,-0.022881798123448094,-0.5036478721579222
2022-11-21,0.4860002289378127,0.4680053167002173,0.42482659969968195,0.40309440375362676,0.29071198536680304,0.19464212034501524,0.3146482263766813,0.27521332186532155,0.22449805599654027,-0.020518614829607176,-0.5065188437674192
2022-11-22,0.47723723137025337,0.4573459080226622,0.4131863858679573,0.3901143741110272,0.2755175033069962,0.17917297360087545,0.304096145836002,0.2628730362496468,0.2111646829852557,-0.03114667413647423,-0.5083839055067269
2022-11-23,0.469341849906423,0.4493143473861152,0.40569231008208895,0.38142765039411436,0.2675375452234114,0.17087075448093303,0.30039904376957993,0.2586258599848252,0.20738806678870206,-0.032193516441785544,-0.5015353663482078
2022-11-24,0.4751319587047124,0.4540471875365282,0.4138675229590008,0.3865761396765013,0.27053369377059727,0.17424469868213502,0.30342001576130806,0.26067841173850076,0.20960268332972226,-0.0317307539563877,-0.5068627126610994
2022-11-25,0.46846548334146776,0.44888183290755507,0.40608601698893615,0.37968860112368913,0.26118439302341073,0.16523290893456255,0.29213023055153436,0.25092557188197423,0.19904298070362206,-0.043935312092746676,-0.5124007954342137
2022-11-28,0.46276989005006525,0.44320106996655717,0.4007432271956558,0.3769389353138663,0.25653557964146884,0.1604046629682078,0.2889581325538834,0.24558559265704322,0.19427497005829572,-0.04866345927919297,-0.5114333493292574
2022-11-29,0.48171148421426074,0.4630955712151068,0.4201568094309484,0.3972572430372466,0.2751793367448666,0.17824293603406094,0.30914356547365596,0.2650342750800019,0.2108673051125855,-0.034714369677915906,-0.5164258538921759
2022-11-30,0.4811591021412595,0.46154514261586094,0.4191301535351073,0.3967479237738899,0.2735573654740227,0.17696246929390544,0.3078148857481795,0.26220928337288507,0.20887667668353896,-0.03626017289977818,-0.5174192750410369
2022-12-01,0.49204041340882054,0.47203721705721513,0.4269690264753898,0.4061910611438428,0.28094363860937405,0.18514974311612464,0.3187903388591542,0.27008649606308377,0.21661987251656295,-0.027860724941954844,-0.5199011383507746
2022-12-02,0.4959584716197322,0.47854163704014685,0.4319311875465935,0.4143283847732805,0.2863035979650514,0.19160543598914884,0.32491355801330357,0.27652701076566294,0.22560905937784942,-0.020532088307239717,-0.5164905599269711
2022-12-05,0.5048769794648986,0.4875234763500501,0.4406830113573934,0.42358926128656993,0.2933343818277276,0.19931815779893983,0.33328165641445495,0.2837506912667771,0.23241827542609472,-0.015287639561587617,-0.5201646190264855
2022-12-06,0.502996087467047,0.48439253574754976,0.43623170998738575,0.417930794016681,0.2883599505045635,0.19297449678282738,0.3290545633776126,0.2809047213610699,0.2276465753398661,-0.02055353172586566,-0.523549619192912
2022-12-07,0.5049311564443337,0.4856582598071077,0.43779682335602654,0.4191933205991868,0.289440792610165,0.1931011693141885,0.32800228326394415,0.2816700498785769,0.22854883204077328,-0.021009227113458533,-0.5259403835577915
2022-12-08,0.49953655288934024,0.48254835165294196,0.4341669707784959,0.4161552449885302,0.28591077736447823,0.1890315149441679,0.3250983475971792,0.2766306544533934,0.22602341660554032,-0.023138557156233242,-0.5226751100455727
2022-12-09,0.49840972409270157,0.48084482992245353,0.4326707303570287,0.4136244218753523,0.28610686068578933,0.18601376397538513,0.32240252786335094,0.27584474193677155,0.22701769620371398,-0.02429078756422794,-0.5227005116569287
2022-12-12,0.49809664540134635,0.48094765108659804,0.43303572692904646,0.4117784534904699,0.28653668467528,0.18299497227605283,0.31930431835000095,0.2722939650936109,0.22349672349543237,-0.028575580167935037,-0.5266722255692805
2022-12-13,0.5006925191956575,0.4813278675668589,0.4321097591191742,0.40868219894000346,0.2822606107382196,0.17930837319479573,0.31400741457538595,0.2656119946493591,0.2159307755082405,-0.04024606822102515,-0.5409385874166818
2022-12-14,0.499756300850871,0.4801364414245299,0.4290127748216641,0.4058194182273038,0.2794546957522228,0.17696951243939016,0.3102873861848108,0.26274003534645385,0.21171908026414762,-0.044126598196305634,-0.5438828990471758
2022-12-15,0.505540261444892,0.48658664551108444,0.43449908781819147,0.4104742532031371,0.2826519835119321,0.17935507394664715,0.3133476641312187,0.2639747879749335,0.21409762018729822,-0.040827239492992475,-0.5463675009378836
2022-12-16,0.4972390615103929,0.4798893593989364,0.42612746025491266,0.4017758344692623,0.2727223199045343,0.16993960014172607,0.29963307943879075,0.2491736595329387,0.20028968973088712,-0.05984517921947058,-0.5570842407298626
2022-12-19,0.4769738663997016,0.4576162021649109,0.4059703268051147,0.3802501337040443,0.2482029109334384,0.14850615197409606,0.27593077519713205,0.2244551518424416,0.17649822123162606,-0.08353548094640006,-0.5605093473461008
2022-12-20,0.47661869450188205,0.4567397046710119,0.4040979220647558,0.3751478498637914,0.24476246724724082,0.14196091463191904,0.2689771378003949,0.21765484926367898,0.170914201094795,-0.08934427037928791,-0.5659629648811692
2022-12-21,0.4715785681415164,0.4512646536112651,0.39847602072975,0.3693012380416515,0.23599440838082944,0.1342397799749169,0.2621375261224626,0.2088023105599355,0.16015579167846644,-0.09995850751504239,-0.571537075656558
2022-12-22,0.45517054489440834,0.434517021705142,0.38319982966340105,0.3551023231578506,0.22253046280102445,0.12092055674129992,0.2487726122609801,0.1947083117784511,0.14506729918874256,-0.11469181750268795,-0.5698623623970954
2022-12-23,0.45385549429262745,0.4325372434854966,0.37901804206387213,0.3540825283820086,0.22154306016614228,0.11863476524415534,0.24417221015715482,0.18922200879544404,0.14388875560430162,-0.11988807496919543,-0.573743569261822
2022-12-26,0.4722383419410383,0.45012334642515506,0.3993825115254049,0.3704379038877237,0.2391708510367915,0.1346670928181247,0.26024996429907343,0.2068435176543017,0.15890891030224827,-0.10336845810094775,-0.5756068000419852
2022-12-27,0.4799080407309233,0.45473021576302186,0.40118706468071474,0.37326623579249973,0.24178894511698742,0.1392220847662368,0.2654112798193933,0.21237589360034087,0.1638058344155792,-0.09551134100186748,-0.5754193817327898
2022-12-28,0.46936734240689715,0.44235611362268296,0.3899640089551598,0.36209373645695514,0.2296813982068165,0.12588459050292294,0.2542550341527496,0.20007366852310415,0.1537542228191624,-0.10646154351599943,-0.5758288859228957
2022-12-29,0.46678279893139674,0.4391361153673679,0.386034857468169,0.35919657058634735,0.2242552930943559,0.11988763728387947,0.25145815541740285,0.1945684322619175,0.1500098219444834,-0.10858517304911204,-0.5753679719805079
2022-12-30,0.4730300597918149,0.44752771794030566,0.3930698046521746,0.36864234008592667,0.2304433823588135,0.12611651481993533,0.2564324989379992,0.2012950924674999,0.15457629591539654,-0.10249609322994116,-0.5755261530217552
2023-01-03,0.4990597541166523,0.471898214382834,0.41754756356550277,0.39371665020305224,0.2530077575172446,0.1523901964920818,0.2780281674400963,0.22253113415967526,0.17608798503602796,-0.08373436382588448,-0.582794117942536
2023-01-04,0.5042261956716549,0.4762252101151145,0.4209271346812362,0.39739335634558404,0.25635488149620245,0.15653225206189772,0.2820569511587255,0.22802423910659048,0.17978614960544048,-0.07955701087851712,-0.5837832065501712
2023-01-05,0.5122899411299419,0.48309057122154225,0.427642537856654,0.404286672294159,0.26109861222482506,0.1638803889949082,0.2880692945325123,0.23448234283136124,0.18655677052219335,-0.0746814914707221,-0.5869714326006632
2023-01-06,0.509058849080842,0.4801275535791417,0.42461038703495446,0.39785132607348805,0.2587057772237057,0.16328556003714936,0.28752985861545133,0.23443269968441605,0.1873970799314418,-0.07467794849666062,-0.5837367975775019
2023-01-09,0.5146597336379762,0.48556187317879723,0.42958035239229875,0.40356400948646276,0.2648362887285836,0.16967110633552704,0.29455508692898724,0.24056983442692834,0.1913624669492462,-0.06548672197208431,-0.5801464556100598
2023-01-10,0.5129264941979959,0.4832072487368944,0.4282577364673476,0.4022717919919081,0.2645746730794514,0.16844703432731092,0.2937842642582058,0.2396666815374839,0.19062001885960528,-0.06701117378533969,-0.5799376679833348
2023-01-11,0.5063244580622583,0.4757767962871071,0.42026778597688824,0.3921977016849346,0.25423766005866677,0.1602196857682938,0.28293366221502414,0.23139673704852243,0.18161194961790814,-0.07645267904742957,-0.5827771371096871
2023-01-12,0.507840309272028,0.476695145277262,0.4216188328440408,0.3915947102765103,0.254410314976442,0.16036861449911471,0.2833183167869641,0.2299825492632117,0.18086708711379432,-0.07504551578093303,-0.5828858250529603
2023-01-13,0.5157090222698447,0.48137814189466244,0.4257752373895585,0.39511517271174507,0.2576888398526202,0.16575528694113745,0.2869074925816153,0.23337395815069975,0.18555481237657287,-0.07392253257949795,-0.5896315548493419
2023-01-16,0.5294904872807442,0.49286460849150515,0.4349592045535444,0.40495657912553973,0.2680915447773514,0.17606711193814215,0.29895171079364713,0.245179565058106,0.19787395376030972,-0.06066365177223604,-0.5901541390529795
2023-01-17,0.5254565928305441,0.4909276107760525,0.4310048513396357,0.403386874158771,0.2662214939766903,0.17472618084681388,0.29870500256117144,0.2447126720949366,0.19835612440287492,-0.057964398124692174,-0.5834209909552356
2023-01-18,0.5308242653406909,0.4962141411808118,0.4351093750593023,0.4093291283978509,0.26965566442330224,0.17923221756709792,0.3015548422781744,0.24880394437538408,0.2024506192677031,-0.0534832280356601,-0.5843074933763504
2023-01-19,0.5366164286116665,0.5019265432766934,0.4402429715112784,0.41592922185486797,0.2760457663061815,0.1862474688431705,0.3094338621944535,0.2576351223506962,0.21072682445795016,-0.04598079273610335,-0.5825972213477691
2023-01-20,0.54622100968253,0.5106058609628638,0.4502701890364016,0.42417329578785024,0.28386657571932317,0.1928335709910226,0.315724885562958,0.26591677426976584,0.21786245710054408,-0.03845764551649446,-0.5846786551990237
2023-01-30,0.5578088711558229,0.5229869781535669,0.4651596217179733,0.439138202248826,0.2969636474979944,0.20749796477340554,0.32887467703003787,0.2782893156530517,0.23077554530188488,-0.027227118914918667,-0.5850359900707409
2023-01-31,0.5584889603061323,0.5252971371799197,0.4682249072845031,0.4414272361782225,0.3022701008832561,0.2093751882986861,0.3315208603579375,0.2801404600449075,0.2349556967479174,-0.025035623120150632,-0.5835245834262822
2023-02-01,0.576910125600623,0.5433890669788376,0.48623546312480465,0.4592269357175174,0.3192113537294177,0.22539765597354175,0.3470576734408963,0.29514750142242824,0.2505945781538227,-0.009490330748104629,-0.586400456348727
2023-02-02,0.5824873337002104,0.5455767907775592,0.48909157845692125,0.4621131482158957,0.3213355731996467,0.22775723758205088,0.3494356885981812,0.29874050908819466,0.25668635571210474,-0.00635253439694995,-0.5888398680971596
2023-02-03,0.5822560674697,0.5444738725896325,0.48974048015447297,0.4626260920137981,0.3219379163407305,0.22895681015447159,0.3482261661605348,0.2977009380119807,0.2560265857835864,-0.0050982193527515105,-0.5873542868224507
2023-02-06,0.5788074674601764,0.5405882013248094,0.4872108456377575,0.46000528975946486,0.3230596354974937,0.2277740537582919,0.34465314570552874,0.29824430934863416,0.2549262350786148,-0.007292899347092788,-0.5861003668072684
2023-02-07,0.5882617732838612,0.5471974147213405,0.49360242333578846,0.4665295759188465,0.3310608358244199,0.23524008111199268,0.35126239998144915,0.30470526831346634,0.2604097709476053,-0.001049215589895688,-0.5893109888737561
2023-02-08,0.584400778571473,0.5444338629404664,0.4880143789346866,0.46095702354845963,0.3241374458622402,0.23116704577124164,0.34474004620822996,0.30057062054433625,0.25416744683986064,-0.006068405344128143,-0.5904691839156004
2023-02-09,0.5994849020375349,0.5595788295028632,0.5029356214334393,0.4756430509400862,0.3351585847713898,0.24331846921790634,0.35955026355753017,0.3149282024285257,0.26892283232014763,0.0051352671727747014,-0.5943496348647596
2023-02-10,0.5993266611656095,0.5577313101958196,0.5015583441758337,0.4753415007041569,0.3341610665127974,0.24124683259516325,0.3597453250651746,0.3136816726952902,0.2677222294497536,0.0012522526192583453,-0.5980744085463505
2023-02-13,0.610193798533345,0.5660052499487371,0.5109517355640676,0.4888487658682196,0.3453946665601481,0.2499995502841946,0.3711897757246225,0.322947875465746,0.27799090951856015,0.011489511083418093,-0.5987042874499262
2023-02-14,0.6123492978111919,0.5664102404870922,0.5115800611368458,0.4897065523175319,0.346508339125615,0.25095364422114497,0.37167830344060754,0.3246974815457439,0.27842055367711477,0.01206417073130237,-0.6002851270798888
2023-02-15,0.6162460515898205,0.5704509984819052,0.5149315465817021,0.49315778287066747,0.3484100704459812,0.2534668029078126,0.37186074765690424,0.32568860229533936,0.27922846767590115,0.013059339238078685,-0.6031867123517411
2023-02-16,0.5960465174532205,0.5491872626927717,0.49230022644502114,0.46990097858424196,0.32469364420962843,0.2306849432553486,0.3494720779871421,0.30124942149135725,0.25290064644169485,-0.010416263963172651,-0.6064627814163925
2023-02-17,0.5948269730201281,0.5469163580122176,0.4889335970301103,0.46741668851771,0.3200099189307764,0.22461509327274556,0.34150859203473666,0.2946292125291545,0.24387527999915398,-0.02073284410759704,-0.6155598171277246
2023-02-20,0.6116203181002715,0.5613154062479391,0.5026636049741701,0.48283778537165556,0.3327472414512094,0.23811177503129594,0.3536698725440659,0.3052543010503242,0.2556538079837379,-0.010704904788535637,-0.6223252228888067
2023-02-21,0.6141201148941297,0.5641228759813415,0.5058715143294615,0.4875282736390682,0.33859834103339476,0.24092105595206528,0.3588277917461192,0.30918348318530703,0.2603724683435764,-0.006218364496287942,-0.6203384793904171
2023-02-22,0.6176610221504949,0.5669452916670861,0.507367024582961,0.48941743509571267,0.33989012843531696,0.24249819673531733,0.3593190442732664,0.3110232009332404,0.26137579172318326,-0.003869540377509904,-0.6215305625280043
2023-02-23,0.6171813695800457,0.5663560056228854,0.5032905362937716,0.4872726177303876,0.3381662680113265,0.2386521482538395,0.35686950348510044,0.3096352622588636,0.2586017092229556,-0.007523037096081789,-0.6247044066761269
2023-02-24,0.6167969993247535,0.5635584790150386,0.5015833676944852,0.48536536460288593,0.33516827500125473,0.23515596900066035,0.3545265003741643,0.3074340398315241,0.2561642630281062,-0.01075891312230666,-0.6275559124470595
2023-02-27,0.6098542752282533,0.5545349929010046,0.49212337177486576,0.4762481655394489,0.3255137730555285,0.2256225499211218,0.3456368808895576,0.2987252674190646,0.24846607936712,-0.019131198184751955,-0.6289854734130046
2023-02-28,0.6226455947231514,0.5662758288537181,0.5015608222985799,0.48642847660777594,0.3351369636506989,0.23490643372496303,0.35396394367843537,0.3061544013715856,0.25569344710720976,-0.011257385121782378,-0.633902979844933
2023-03-01,0.6343011254971133,0.5780173726065654,0.5121217819815889,0.49648093071629096,0.3427111963405616,0.24228000661364182,0.3612779693919579,0.31346926403105785,0.2635903970950922,-0.004303097309413562,-0.6386042228065261
2023-03-02,0.6294506025365867,0.5736870521253302,0.5092163235488801,0.4932929467311312,0.3403894451068971,0.23761235934888914,0.3571805117158745,0.30904810137883554,0.2599764205279345,-0.008942018263444453,-0.6383926208000305
2023-03-03,0.6304980133436298,0.5746681872705972,0.50830861688321,0.49343866942675974,0.3402193227105582,0.2375642345918253,0.35727370136146774,0.30884000915523124,0.2578513601113467,-0.01087266590189923,-0.6413706792455283
2023-03-06,0.6350946994679607,0.5770329440909875,0.5099058751098765,0.49307039999790814,0.3406610774619133,0.23845699178805527,0.3588919207937115,0.31077591511777497,0.2605235285756365,-0.011014774269433092,-0.646109473737393
2023-03-07,0.6143527809892263,0.5560799912966105,0.48929276602387545,0.4725839180333764,0.3188507979829183,0.21681050291544957,0.33924568368223385,0.28837075531982903,0.2388045437832523,-0.031063069953871127,-0.6454158509430966
2023-03-08,0.623235653342486,0.5664941818710384,0.4971048233278486,0.4811219841153645,0.3277858640220014,0.22622156099827345,0.34846808555833797,0.2967198319682356,0.24754462250556572,-0.025418722380028166,-0.6486543757225134
2023-03-09,0.6244546674765058,0.5671141933009721,0.49782541089058574,0.4823105723739882,0.32901081857934744,0.2275852622795037,0.35254865370752303,0.2999797185470099,0.2519936064303611,-0.021939462038685232,-0.6463941295151903
2023-03-10,0.6118525622528669,0.5512709392375575,0.484222025271131,0.4683316468344387,0.31492021522496405,0.2135337261064501,0.3400043559866241,0.2872057606950682,0.238484989042897,-0.033066291626885014,-0.6449188538797511
2023-03-13,0.6143461595651037,0.553145640307769,0.4859419003506944,0.4715521327613553,0.3190348110816015,0.21650736415511193,0.34419116921440107,0.2902212596303513,0.24095958652431532,-0.03290391782861208,-0.647250077393715
2023-03-14,0.6045211259569603,0.5414297978709787,0.4731743912518507,0.45881413990072983,0.30693785012015357,0.20430977326791594,0.3350484539591869,0.2781842893639954,0.22840435085356312,-0.044286213232460125,-0.6488073391894196
2023-03-15,0.614650935007631,0.5520516123313335,0.4838797178910674,0.4676025508532908,0.3145749395099645,0.2110024082601521,0.34313186178288946,0.2869674302174784,0.23518118494870083,-0.038918575871857715,-0.6535695108794879
2023-03-16,0.5989630171033724,0.5362634090194809,0.46823084950996935,0.4517876355955439,0.2997368324020596,0.19263390342282954,0.32850520728190985,0.2718822493237878,0.21788007504827428,-0.05527229693511915,-0.6542353140384908
2023-03-17,0.6042803330554015,0.5426137485833934,0.47495456842693273,0.4594131348473795,0.3085256879601457,0.20302118100957606,0.33687254910485975,0.2811352527278288,0.22605760903309502,-0.05195003146101284,-0.6562303645164136
2023-03-20,0.600330978388901,0.5387017265069242,0.46945589842334884,0.4551136909408717,0.30352559403704266,0.20173655072293595,0.3336339608519222,0.27809832182259725,0.22422557090843048,-0.05325780519802359,-0.6535887835869238
2023-03-21,0.6147595862903789,0.5544549341815794,0.4852219849842774,0.47225313324135365,0.319150838235036,0.2157493806455285,0.34955053195666524,0.29435263741977036,0.23930090321752012,-0.038183963253972386,-0.6529435495443504
2023-03-22,0.618249796222766,0.5603585454657654,0.49150038140522867,0.48078637889162573,0.3271092017848354,0.2220551436968524,0.35564861361803174,0.30154503115534353,0.2459326553687093,-0.034136526078640615,-0.6523863223014058
2023-03-23,0.6152744926721433,0.5608647023405727,0.49299574721812367,0.4817371146274084,0.329387195601812,0.22275842041960336,0.35684665917292846,0.302035613113006,0.24663110482443165,-0.033810426908938304,-0.6490849195810808
2023-03-24,0.6159879222147484,0.560747466076395,0.4933884691878419,0.48217914765712333,0.33092257793052254,0.22514305201061463,0.3577185188440839,0.30207102514457634,0.24587530190372053,-0.03271200221035311,-0.6486999244251007
2023-03-27,0.6139266532789708,0.5595183342624919,0.4931756403966652,0.4826194938966474,0.33230871398598283,0.22611650455068788,0.35846589349284763,0.3027106299321888,0.2435265142907039,-0.0331172549746986,-0.6470439082536686
2023-03-28,0.6080898884846997,0.552038985576163,0.48586551647748694,0.47410032068406505,0.32430844249071433,0.2152330404006963,0.3461396019595455,0.29445310492270355,0.23448187780870558,-0.04065743413819592,-0.6487473226228949
2023-03-29,0.6039065378470736,0.5468545485827365,0.482178430627723,0.4713234240770338,0.3195519279585193,0.21325928981943157,0.34481253794834743,0.28874952914595803,0.2290288126245887,-0.04504433448197076,-0.6489508723290437
2023-03-30,0.6022699778198921,0.5447249032890064,0.4794692279802694,0.46866835006193486,0.31695331386592973,0.20845843535060912,0.3406833388108843,0.2848732758762134,0.22569300773519357,-0.04873039748881956,-0.651000375308711
2023-03-31,0.6123940092229659,0.5564692009369543,0.4924163762344811,0.4781797122146383,0.3275934786967686,0.21933134630932616,0.35005741399484763,0.29254034498276427,0.2308570726810033,-0.04287152749690057,-0.6552655367198659
2023-04-03,0.6202285015976684,0.5670179255242808,0.503473348551876,0.49271607862961253,0.3385918212081759,0.23069563322283734,0.36225764154690815,0.30173543617649484,0.23724167102101154,-0.036270965756708476,-0.6564994673543763
2023-04-04,0.6120312304150669,0.5566298275150603,0.49704178384419817,0.48223951884768756,0.32847012423754296,0.2225474859908155,0.3539082148535231,0.29412744743786545,0.22722509475531472,-0.0455905544927997,-0.657621784907866
2023-04-06,0.6112031864736113,0.5541482154287595,0.495445545834882,0.48145735144452356,0.3256470060547716,0.22630382428587967,0.35366590098981626,0.2924695141367163,0.22879744849798866,-0.042939440106934006,-0.6541426265805448
2023-04-07,0.6206757536651778,0.5639856740440136,0.5081697142235252,0.48918858371838736,0.3349784022238603,0.2361122063993735,0.36698023273849883,0.30258658711531994,0.23769810609336928,-0.0315090465819335,-0.6521848002471108
2023-04-10,0.6127958807793596,0.5535228330068328,0.49368818361620426,0.47435027366189525,0.32187832426419805,0.2221197863744059,0.35630554474712045,0.2904381460339506,0.22459728002135448,-0.042347833341094765,-0.6551437141204539
2023-04-11,0.6143548926302046,0.5551609702644573,0.49749994120281993,0.4776002091660194,0.32179192878647533,0.2256311145517082,0.3578731255290995,0.290744945388024,0.22316325893485697,-0.03993576409940751,-0.6542906567296115
2023-04-12,0.6182863341478982,0.5623916906095469,0.5039439793003379,0.4893818490852172,0.3310990880441877,0.2367025649686668,0.36854963366865434,0.30176109895816683,0.23100702120769376,-0.03209329768252703,-0.6503796318304247
2023-04-13,0.6164426037698583,0.5602459348738589,0.49814894302511437,0.48618639793681967,0.32540017438869373,0.23095637512038125,0.3622924764304448,0.2962021653567005,0.22431365277871002,-0.03841634597916959,-0.6548589497490273
2023-04-14,0.6245278290086589,0.566605661422434,0.505341471800411,0.4910686564286929,0.3293252977976867,0.23572327764718026,0.36565250533912513,0.2986702647089955,0.22840732143402173,-0.038458854743622865,-0.6629866837522812
2023-04-17,0.6269159464284421,0.5690262098595396,0.5057302358886343,0.4907030655812476,0.32800483702153466,0.2359071491903507,0.3657186143367517,0.2992094176949685,0.22832772518180658,-0.03764817482272689,-0.6645641212511685
2023-04-18,0.6207494015958431,0.5640529369717063,0.5008495315412458,0.48513917046675414,0.3224833301847467,0.23111327050272806,0.3603012618596607,0.2928305811400744,0.22368301928623963,-0.04319965201670844,-0.6639490536125511
2023-04-19,0.6163718796972191,0.560334904122941,0.4961289032004663,0.4813276946990928,0.32132085898098944,0.2277100598870301,0.3569869729051854,0.2887386845563399,0.21937424143772266,-0.049737578064927186,-0.6661094577621457
2023-04-20,0.611104907012453,0.5558831392952783,0.4919695647154814,0.4799311516165933,0.3196615573826414,0.2254958681670587,0.3527307611578662,0.2814839908348651,0.21295203529521523,-0.05848306708994589,-0.6695879741023983
2023-04-21,0.5897498342639753,0.5324726613606774,0.4631834811651728,0.45239229901107375,0.2902928872157465,0.1963448098794991,0.3206108257133223,0.2514234198982819,0.18766579167619782,-0.08527634516672897,-0.6750261794307036
2023-04-24,0.5862585281729873,0.5295256022454259,0.4578930021811481,0.4475422441320621,0.28413360596246234,0.19084256237681144,0.3156217598279238,0.24563143925166395,0.1821506402575227,-0.08919037753124712,-0.6754489057042338
2023-04-25,0.5666723149912133,0.5108179721543451,0.4379733498924489,0.4254475407405616,0.26262941792230615,0.17099260210050285,0.2933289199865972,0.22149488185007518,0.16005903693032836,-0.1136302366556158,-0.6803025516468284
2023-04-26,0.5813353233289221,0.523565561006599,0.4494251934196058,0.4344756882619299,0.26959782633545526,0.17696330803690857,0.3029381258199928,0.2283425126753484,0.1680740556223324,-0.10419318950369962,-0.6855285128326211
2023-04-27,0.5780237294553713,0.5219434479329199,0.44906420780510964,0.43419057107098524,0.27126899452270636,0.17556058470748556,0.30581986736562855,0.23224974749908914,0.17205232368479087,-0.10015154657572375,-0.6781752760310943
2023-04-28,0.5984181815979489,0.5447494342082465,0.4702347143453902,0.45402700280938574,0.2932626918668363,0.19353299818527867,0.32533810520434725,0.24933565638481778,0.19038088132094774,-0.08357138555394134,-0.6819895671518895
2023-05-04,0.5982901967891945,0.546917525081909,0.47213003978837914,0.45530333586628613,0.29962466576883595,0.19727132733496153,0.32967518623938463,0.2566613575164755,0.19871903858064827,-0.0759602271126008,-0.6742504239017945
2023-05-05,0.5862510842964854,0.5362933556726792,0.46202702616110974,0.4448791977478379,0.2913923853079649,0.19047141444923088,0.3215484107302868,0.2485559551367321,0.19282405979783945,-0.08166802146045958,-0.6679191057569442
2023-05-08,0.5909781325181241,0.5418929756640662,0.46788561454968985,0.4500104539068678,0.2974911929902863,0.19955435486418024,0.3263777733867646,0.2557673553821981,0.19805016052633564,-0.07875310860776731,-0.6697312411258908
2023-05-09,0.5749920106310896,0.5236135378236354,0.45084538195253904,0.4334677512156638,0.28375797892668314,0.18338038430052797,0.3119695514826912,0.2425896796554535,0.18585154353276664,-0.09147824470343556,-0.6664702553345245
2023-05-10,0.5825753279599253,0.5290397721403938,0.4561792651777872,0.4380853056129383,0.28836836114209746,0.18550003544708726,0.3156774003807393,0.24717785647240578,0.19055309834193815,-0.08472671060081756,-0.6673020385607421
2023-05-11,0.5888699142403155,0.5342193799613257,0.4602539006746016,0.4428205917123763,0.29316253215852695,0.19237639305458537,0.32115408134771184,0.2519933136028326,0.19599436693794342,-0.07816147876638979,-0.6670313930067047
2023-05-12,0.5812881875024187,0.523690412559401,0.45209765339684216,0.4319424197108853,0.28407602002314525,0.18240157489881803,0.3116958028255371,0.2420734919426443,0.18808054152568404,-0.08814030826126104,-0.6694284957636791
2023-05-15,0.5912799250854287,0.5331029325641451,0.46058511700663113,0.43854841760161717,0.29442544882826666,0.19242794258835821,0.3216490629195782,0.25266487715299146,0.19860784506867796,-0.07973539669533157,-0.6710153217807596
2023-05-16,0.5835193001564726,0.5244793105672597,0.4512434904827872,0.42981883697550755,0.28664953690523964,0.18577659012009612,0.31648615892261434,0.24664967670113286,0.1933236709295582,-0.08266172481323296,-0.6661810249697049
2023-05-17,0.5942601462735039,0.5360316428503364,0.4595251243805555,0.43993144365236925,0.2971624080347629,0.1942875779442605,0.326233356699699,0.2579395982938997,0.20384654179354025,-0.07264375035369723,-0.6669038966272005
2023-05-18,0.5961518860897156,0.5423464571550509,0.4657228131450772,0.4443903852239365,0.30185823251197685,0.1999515449045004,0.33146227748429097,0.2637182439923719,0.2097979388417351,-0.06835923583111095,-0.664511121920826
2023-05-19,0.5979481426113001,0.5437986364534563,0.4666313241346868,0.4450682317334628,0.3028981518650181,0.19988173773194656,0.332554389107069,0.2645809922528598,0.21447251914625853,-0.0651638179255233,-0.6631119605368229
2023-05-22,0.6007289884570288,0.545947869585193,0.47064975673550663,0.4481436520841386,0.308464301786959,0.20189690800405824,0.3377542378016862,0.27017907004457226,0.2211033083870142,-0.05888062560064662,-0.6596096140576748
2023-05-23,0.5894598757664042,0.5357652481093226,0.4595044599645127,0.4370506438254036,0.2984984264454716,0.19268275857409675,0.3285758382261854,0.2619644045697589,0.21449480487647343,-0.0661644237582649,-0.6556242995246685
2023-05-24,0.5865233780593836,0.5348773248028174,0.45869742008581926,0.4371249296155023,0.3007015951362928,0.193891650122751,0.33015925402265056,0.262536324341037,0.21239960743787892,-0.07119835087311027,-0.6577217289324931
2023-05-25,0.5857428076796579,0.5349064693782954,0.4566367541091274,0.43635775410708977,0.3015875266101084,0.19305638680932372,0.32988096657798893,0.262716812455599,0.2137122683776335,-0.0712478169256608,-0.6569906246053181
2023-05-26,0.5913666225528349,0.5422510679201347,0.46134374931747746,0.4407617391305224,0.3073224209803601,0.19706252700099697,0.3348384873610532,0.2687001812434089,0.21820662773353525,-0.06833285301038,-0.6596994755632143
2023-05-29,0.5883242003539444,0.5389770511848153,0.45842945542114927,0.4377208246795945,0.3033018317949182,0.19128051017773365,0.3289614554052401,0.2652068859231451,0.21528131348057195,-0.07278028602703077,-0.6611044863809745
2023-05-30,0.5921881072894652,0.5454751846859912,0.46460813289611885,0.44393307645435737,0.307801574217441,0.19720250229456388,0.33263406567968795,0.2685694167951194,0.217863341647128,-0.07083802226098099,-0.6630261295504456
2023-05-31,0.586844512786505,0.5405429414629369,0.46160609528719343,0.44199373262120656,0.30468774073692967,0.19535414748554802,0.33115132047857987,0.2675310072887717,0.21880716101400785,-0.07092434607611305,-0.6577688588626174
2023-06-01,0.5887181057940655,0.5453886353222442,0.46665979233264476,0.4457551609541384,0.30881241380096053,0.19896203040151417,0.3354512152208226,0.27004152342140403,0.22057887253807862,-0.07047097309467888,-0.6591890788887438
2023-06-02,0.5988068557120477,0.5537733392501586,0.47261203073216734,0.45314765984745947,0.3160089865160017,0.2072069822929159,0.34368573431247534,0.27842009226617453,0.22825898008496984,-0.0628101481142197,-0.6616170038262669
2023-06-05,0.6042713806826779,0.561820746253012,0.4779493633507773,0.45860251243025063,0.31911256120544534,0.2099429446490756,0.34705600009102733,0.27916855443611527,0.22876488068822423,-0.061830971441093244,-0.6661023521237706
2023-06-06,0.583573301307841,0.5408762601901662,0.45975536278947426,0.43910509233908335,0.2988529391117314,0.18737063577321517,0.32659765687359643,0.2573647906324056,0.2079955042732811,-0.08198960047895935,-0.6655629017867998
2023-06-07,0.584425097590261,0.5443009715059716,0.4646023499694766,0.4439478082713035,0.3039767531594163,0.19384910301920014,0.3305890749633684,0.2601541180549336,0.21315440866565602,-0.0771178613876431,-0.6615429589779035
2023-06-08,0.5801980749450069,0.5384340840301545,0.46044676756357084,0.4387471813888659,0.30020667988142524,0.18839821861853606,0.3244697765598097,0.25542461227355284,0.20869125841736685,-0.08281127735660597,-0.6630093523016123
2023-06-09,0.5861153968197197,0.5450068522083075,0.4663812542946524,0.4452187311530105,0.3067079314271568,0.19372988814386496,0.3308310484418343,0.2611443174120128,0.21302483062292252,-0.08032437110686827,-0.6664397679265874
2023-06-12,0.5952467477349388,0.5545196218064773,0.4724165008550968,0.4516305773325928,0.3139584730219803,0.19908661760143476,0.3392106835702735,0.268196146912438,0.22122606898842664,-0.07568258070817555,-0.6709293284431138
2023-06-13,0.5995592151103639,0.5584303760272965,0.47864374061088405,0.4568385339348159,0.318272946709259,0.20254074224304777,0.3423200292431176,0.2729527062834593,0.22490326796006324,-0.07237026113975699,-0.6719294762501203
2023-06-14,0.5991267862406513,0.5586501575050954,0.4794736697747488,0.4569923039476538,0.319723948269563,0.20331291450779174,0.34389376513426667,0.2736271498438975,0.2276830486560883,-0.0720995481531059,-0.6712263343937567
2023-06-15,0.6034245367626935,0.5643059488658373,0.48401815473123655,0.4629016087711049,0.32474051990992836,0.20688310067483995,0.3477180934255057,0.2774114548975753,0.2329570175619376,-0.06999152254603097,-0.673416059308724
2023-06-16,0.6126078503267974,0.5699532462845385,0.4908733374876945,0.47094890500080505,0.33178333141088384,0.212387104210693,0.35302587028967364,0.28362116683366645,0.23913194408062746,-0.06327274653816818,-0.6758805968649652
2023-06-19,0.610491664695434,0.5685197506815701,0.49113678021961105,0.47199107971333587,0.33127435080817885,0.21391032315309966,0.3542581383088689,0.28332965282093014,0.24081784329201358,-0.06152024924094739,-0.6720119139363809
2023-06-20,0.6029594561283748,0.5610804443494616,0.4868744965455648,0.46743295171242155,0.32819697348580257,0.209677805017702,0.35157904096158804,0.2814051494747923,0.24064966118636155,-0.0621059676660644,-0.6650654237944387
2023-06-21,0.5915437226644031,0.5447418156840043,0.4686543120121616,0.4509674121042258,0.3102566784918808,0.1902170894912388,0.3360076073136042,0.2673462122342625,0.22578016707082413,-0.07642292695828491,-0.6679666496226875
2023-06-26,0.5723053073358338,0.5264433027316415,0.45022108645196823,0.43353470054817167,0.2924667298804852,0.17138986384413754,0.3171727366715671,0.250414570088799,0.20877368741215707,-0.0936227537453578,-0.6659280610811911
2023-06-27,0.5927286010913513,0.5455459688822059,0.46897053733371685,0.45417980431823446,0.31095543277937426,0.18795174526886838,0.3342863981388153,0.2688400976792929,0.22760874515592003,-0.07595529720857569,-0.6686838982999265
2023-06-28,0.5885516379792586,0.5406787667201203,0.4640973584415603,0.44970645718112173,0.3084873313611572,0.18643278937170388,0.3325705166060689,0.2676255359060598,0.22798784697418667,-0.07838973951743719,-0.6669413774966952
2023-06-29,0.5968027531195594,0.5523747433596535,0.4725863487638887,0.4570502879813046,0.31889145535347224,0.19674534339506028,0.3420394462948673,0.2777317443188603,0.23834098472287044,-0.06913218743341533,-0.6659349405529742
2023-06-30,0.6101196975672045,0.5631109029386612,0.48351875561772684,0.46621105241014443,0.33219819635274095,0.20885833763957537,0.35483082964245594,0.2900184469500261,0.25188584817862203,-0.05582291521707555,-0.6659426127842795
2023-07-03,0.6146822399368543,0.5675355055250172,0.48614934791759057,0.4681055818055723,0.33578676602998647,0.2132269033380753,0.3586628179154385,0.29491125939066165,0.2558652869413965,-0.0503152094207773,-0.6649974493576309
2023-07-04,0.6240529711802767,0.5762725104364672,0.49337484002731924,0.47484376701640574,0.34247826038113854,0.2188452059218943,0.3635099171894729,0.3018554642505756,0.25918180805685553,-0.04608255067099149,-0.6701355218512675
2023-07-05,0.6195103159690953,0.5711684350411363,0.4870020903303681,0.4669364108004743,0.33619475772225244,0.21145861831702922,0.358474791517214,0.29495830123061023,0.2515286764763455,-0.05243237104080915,-0.6719426870099038
2023-07-06,0.6180561331983447,0.5714804071399942,0.48757936609182906,0.4671645049705244,0.3364380419441501,0.20865995253475492,0.3579437979005434,0.29214099559584533,0.2501331913990338,-0.05289256910411239,-0.6709487023024565
2023-07-07,0.6137677230462574,0.5683753840172316,0.4822496785525824,0.46134621486560834,0.3303219491062225,0.20252556786424686,0.3524567126380787,0.2878150794136166,0.24562571807729336,-0.058625944835714455,-0.6723936678819712
2023-07-10,0.6156673099574493,0.5690443881154307,0.4833909794851494,0.4605559972417136,0.3307085525084662,0.20664382154282623,0.3534822111445842,0.28867927780570446,0.24759689525578982,-0.0594784709740527,-0.6751457809315015
2023-07-11,0.6259303594216157,0.5797677195963251,0.49091392149961754,0.46865038582750246,0.3385621863235343,0.21410705159145887,0.3612595751765063,0.29768111540239384,0.25458489246703775,-0.05105590975481091,-0.676986269176426
2023-07-12,0.6128060621009596,0.5677186307970812,0.47837317362792614,0.45522184102627655,0.3269956479109706,0.2010845099478544,0.34987741989475757,0.2871279512053282,0.2451181110343925,-0.06273210052745007,-0.675538162628409
2023-07-13,0.6246987009711363,0.5797468634727918,0.4872660038817168,0.46587848631445666,0.3392779198895954,0.21226969587347322,0.36035355758276233,0.2976543510286726,0.2536947532476063,-0.054900914249544644,-0.6795996152206804
2023-07-14,0.6244672462143224,0.5790325276388113,0.4869660260590451,0.46610732752820183,0.33909257966331646,0.21062714303641214,0.36076922597429345,0.2973915920157513,0.25471564114774065,-0.05463711744557938,-0.6791043636599011
2023-07-17,0.622826862604638,0.576427036174716,0.4841149916485804,0.46413466714376944,0.33576307591288956,0.20873018022122403,0.3588934488630568,0.2952830359505236,0.252540396865829,-0.05620304385978055,-0.679029906464418
2023-07-18,0.623292648101635,0.5741343247278702,0.4834201598620002,0.46309102757936715,0.33572774218512536,0.21030187382966453,0.36024347431211357,0.2961411521211217,0.253214124402897,-0.05593576180242797,-0.6792284099040623
2023-07-19,0.6214538009917704,0.5719303755880512,0.48203898453380883,0.4624609863574599,0.33575478651130275,0.20724529951158122,0.35869195092722345,0.2947341564613689,0.2512386720616901,-0.056590831553518336,-0.678044632545288
2023-07-20,0.6099914957947936,0.5583900688467738,0.4698105189793129,0.44946632226791033,0.3240601654835616,0.1948735314394841,0.3468446455617837,0.2849502558832481,0.24199608365604416,-0.0649372157621989,-0.6749287115569919
2023-07-21,0.6075839855482158,0.5549825691385534,0.46373320209338476,0.4454629432443617,0.3226280493233651,0.19045549258784417,0.3431179876052438,0.28211180270129665,0.24139684843941003,-0.06817216037039173,-0.6757561459186069
2023-07-24,0.6079661507758137,0.555331258961649,0.46414881099579264,0.4468038803449908,0.3209238958167039,0.19013800206110262,0.3416333372659566,0.2825488071574584,0.2418734244829986,-0.0683050046090729,-0.676271155384886
2023-07-25,0.6259289657921727,0.5717025497040881,0.47980580572572684,0.4641918137679027,0.33838830853162943,0.20591363264947393,0.3581929591273165,0.2992492745438841,0.2565640996724588,-0.052252795858832246,-0.6781817616510043
2023-07-26,0.6199813096253111,0.5653301044149751,0.47292937655181383,0.45770473967872927,0.3333064457522153,0.20224056166371832,0.3546996129796274,0.29805281002641437,0.255828111215293,-0.05717866048287035,-0.6771599701081807
2023-07-27,0.6138680223106132,0.5581013956129652,0.4670502445640789,0.4513914689119206,0.3249980330582902,0.19574740750069977,0.3466083478779035,0.2901567272645123,0.2494792218222224,-0.06532659841994316,-0.6791946207305557
2023-07-28,0.6218065417730256,0.5661255975010769,0.47561359288770294,0.45793743346568816,0.3316264936255452,0.20307399644633745,0.3538396362882684,0.2978767491679382,0.2570481836657886,-0.05827553119409116,-0.6800820729671161
2023-07-31,0.6306016612708452,0.5738302616587667,0.48601926738784673,0.4673371778976969,0.33940611783960367,0.2101866785026359,0.3615889924407359,0.305928258177934,0.2630556672980986,-0.052257112970753604,-0.682858774241598
2023-08-01,0.6272846927188331,0.5720162691998899,0.482061299172231,0.46321893298448347,0.33581512607480446,0.20617838769274427,0.3596773952895564,0.30509695985675994,0.2604718628126528,-0.05473829886339031,-0.6820229915822227
2023-08-02,0.623868001578733,0.5703174342550484,0.4831067139523782,0.4621911497539443,0.3337204198002703,0.20460055514101994,0.3579734911292917,0.3037886927195176,0.25862924885385535,-0.05560803151731988,-0.6794760330960521
2023-08-03,0.6263290128512874,0.5716810604847895,0.48423869705084943,0.4616059660735349,0.33321153980453844,0.20365750928182913,0.3563736937029511,0.3015842492084689,0.25625330902898685,-0.059672487722554804,-0.6860015005738415
2023-08-04,0.6270760330332041,0.573713614821691,0.4849167309387316,0.46369509876386544,0.33471514532723695,0.20611116568329077,0.3560284070674389,0.3032685626403146,0.25452503111477165,-0.0591749135518346,-0.686250946585038
2023-08-07,0.6186961235596039,0.5662197098754111,0.4772447205588029,0.45780101855023436,0.3305846966208384,0.20065387680456706,0.35099732276974527,0.2976244042661756,0.24836603440633725,-0.06348546500574986,-0.682181588565353
2023-08-08,0.6174752797509953,0.5658283667207888,0.4750959998237682,0.4566583976035186,0.3280832235947353,0.19856058450845956,0.34821842277506637,0.29583276343767256,0.2458524659372706,-0.06592282501312659,-0.6833981047641211
2023-08-09,0.6092816087931542,0.5580975797667714,0.4650679634081707,0.44765413869916826,0.32162825294218333,0.19061362849641678,0.34079525658038906,0.2879100125661584,0.23940734936368172,-0.0715409273020649,-0.6808225360952184
2023-08-10,0.6147890873305085,0.5629802333437628,0.46777135747658316,0.4509603572854831,0.3252313844887589,0.19176607879396507,0.3437041739051434,0.29109645290329494,0.24260282504948133,-0.06996464927590776,-0.6847537366064156
2023-08-11,0.6000649369317876,0.5445834916145165,0.4510936539400692,0.43480018717141433,0.3105012361759908,0.17543714513273562,0.3275939106088582,0.272371649954897,0.22512006742988394,-0.08571374856772594,-0.6857786854995129
2023-08-14,0.6028166076343092,0.547420819910565,0.4555272815089304,0.4380676329038166,0.31646679024227925,0.18032592418053708,0.33158201309106483,0.27549909925954535,0.2285334937451556,-0.08201032769429412,-0.6848269353286027
2023-08-15,0.5960404812032999,0.5422647364217006,0.4481395477839521,0.43160510022338294,0.3096626194769836,0.17426204326122588,0.3247049518996954,0.27008587006506307,0.2221334753954907,-0.08975485430783,-0.6857953355111293
2023-08-16,0.5846678848119277,0.5330595733217516,0.44092284204140975,0.42017042439301633,0.3000488534947523,0.16427869415704052,0.31518806040276753,0.2606891046163904,0.21306000703420036,-0.10106912485737554,-0.6857370096693026
2023-08-17,0.6016163307438389,0.5468562617975178,0.45233586451642666,0.43235900393950816,0.3134648651400182,0.17607249392185156,0.32732580414920637,0.2725835839605934,0.2256328762444979,-0.08705807661293277,-0.6886744073567711
2023-08-18,0.5873686299844447,0.5305728470416822,0.43653546356351164,0.4172276339557066,0.30107648752133087,0.16313216319799145,0.31407597291021877,0.2604262863643058,0.21351448439673446,-0.10058262282835047,-0.6879512528127947
2023-08-21,0.5805872968195933,0.5234436309914334,0.43195066485188965,0.4105715983678136,0.2932537346135598,0.1580266278250958,0.306797798048939,0.2548633869989583,0.2071592777963848,-0.10921613560487396,-0.6898034324244667
2023-08-22,0.5816870077755547,0.5255555131310976,0.4350467766945548,0.41461172810382035,0.2955050113980328,0.16172427321116917,0.30981682801251287,0.25777679875577086,0.20993789863469606,-0.10742360218474935,-0.6891106099603035
2023-08-23,0.5646646360177275,0.5075898983819338,0.41867804470164754,0.39506974455305327,0.2773288937019081,0.14655913677205887,0.29169767061876806,0.24015924368307143,0.1945478390892552,-0.12417990522037237,-0.6888445412380994
2023-08-24,0.5657895929052749,0.5058770571533914,0.41713219015065983,0.3925106822462895,0.2758672221363106,0.14574628637860174,0.2919055233417815,0.24010598159296956,0.1940732172344154,-0.12448676770675764,-0.6902763606120319
2023-08-25,0.5442065219073104,0.48459613890858294,0.39952067414459647,0.3713693965980796,0.25698403827679417,0.12891615800918085,0.27477267979045245,0.22306775295395748,0.17638875781035487,-0.1454816556860517,-0.6896881775933615
2023-08-28,0.5520505842745328,0.4927511460091838,0.40797855477963196,0.38018580490040876,0.265442464973419,0.13938233420037366,0.28476336500564053,0.23480430767687915,0.18620508098454816,-0.13670519976551626,-0.6887557840400484
2023-08-29,0.5887444838698866,0.5335310611088169,0.44876081222781883,0.4174725747239332,0.30402121555282624,0.17697195026004128,0.3233168619656991,0.26933182216171114,0.21710470330792772,-0.11024632297962501,-0.698990806849511
2023-08-30,0.5832282520897476,0.5345217427723337,0.455345238300751,0.42079912931229263,0.3080990212313999,0.18533292903437665,0.332145549153338,0.28295251800402227,0.23030160667197758,-0.09356661652605958,-0.6767948686158065
2023-08-31,0.5724885746429235,0.5271302752590291,0.44979737880059706,0.4160908074613752,0.30582184542819896,0.18069020194683444,0.32754551509071556,0.280346479251956,0.22597611226460737,-0.09914940159749522,-0.671637976240418
2023-09-01,0.5749132915771274,0.5263583110048171,0.45120797851442307,0.41640290467076246,0.3078872787362189,0.18313402648449287,0.326872282361252,0.2804034361050702,0.22585764422830537,-0.10073043717706348,-0.6756437287541903
2023-09-04,0.58650120426796,0.5387860850377734,0.4644108593526387,0.4282263865149307,0.32324551473443847,0.19740381482374436,0.34190480540225543,0.2940638770273999,0.23928408514229393,-0.08816767975150107,-0.6746688840194605
2023-09-05,0.5796151126258745,0.5314876969885294,0.4583626791781285,0.4225182232854262,0.3184221477401936,0.1926531968125735,0.33920893825084425,0.2913107840651976,0.23548695925140115,-0.08991593498408867,-0.6695310476099625
2023-09-06,0.5826906228550474,0.535441331499252,0.4619813393646167,0.42642443916795686,0.3248067793420654,0.195178597696721,0.3460209765746561,0.29815128936511165,0.24137985644194535,-0.08283180964162525,-0.665522432496672
2023-09-07,0.5674816611732303,0.5194649225484826,0.44592052194322507,0.40859500164029977,0.3070335778891996,0.1781381708912412,0.3282299075420148,0.28276091304640094,0.22298037568258156,-0.10093111060947159,-0.6684127717827013
2023-09-08,0.5688212647458464,0.5203873862411588,0.4471708071318863,0.4095990325169691,0.3088520689029205,0.1816137758847458,0.33208426087406123,0.28793182948180346,0.22647588522933654,-0.0984906023609892,-0.667311867106835
2023-09-11,0.5793200937993369,0.5299471986054348,0.45561141386198684,0.4188330792142511,0.3166223724353203,0.19132870619733022,0.3409306044800073,0.29761607419694447,0.23761809661099645,-0.08903371935845299,-0.6683538131577893
2023-09-12,0.5775358490350979,0.5271264835634966,0.4545274380635008,0.4172108109544687,0.31558501565680963,0.19183312463609328,0.33947191516030617,0.29795978285784347,0.2371026108972056,-0.09014579153700746,-0.6676816405721048
2023-09-13,0.5689285747893448,0.5180257554619461,0.44473675685374314,0.4091853538062643,0.30363983951315954,0.17978357023921632,0.3285585784132584,0.2851061233269342,0.22367962180810547,-0.10486664368149329,-0.6737952184708375
2023-09-14,0.5611983649306319,0.5111009860225013,0.43663587357725103,0.4021536085865128,0.2954982374223035,0.17076807599974086,0.32037237521387796,0.2766870837629751,0.21634833039221882,-0.11487597833595972,-0.676074343266591
2023-09-15,0.5621311331238882,0.5111124024671828,0.43667123809801006,0.40397383681652077,0.2979093050103113,0.17174591275584408,0.3225574886368696,0.2774995336478029,0.21860790667291105,-0.11312696903443664,-0.6752581021583242
2023-09-18,0.5678556338817929,0.517131656975384,0.4440202350575508,0.41254557223689087,0.30299769679104505,0.17832621766481832,0.3295827300671116,0.28476708164543124,0.22636177030638588,-0.10460914401875271,-0.6724647779005449
2023-09-19,0.5613397797877977,0.5081547373862871,0.43419745730042886,0.4020086585381815,0.29144076592200785,0.16818502549176464,0.3198668136116339,0.27238783381914894,0.2148502727442612,-0.11797523839178156,-0.6793150181795785
2023-09-20,0.5533774949374176,0.5009110558933151,0.42736802072008234,0.3964414062931457,0.28389863393191095,0.16166451755098493,0.3117155263524336,0.26465218639990873,0.206784959600301,-0.12615492382744223,-0.679532418764859
2023-09-21,0.5467061042593556,0.4944963332705937,0.42022451691641616,0.38972885398811874,0.2761309572935639,0.1554192390275345,0.30539541532316206,0.2567797701231815,0.19815743982179324,-0.1334871086543145,-0.6801932129136693
2023-09-22,0.5648768739367386,0.512118279927935,0.43898460363200265,0.40741952791641245,0.29440451146142516,0.1751801251707813,0.32435060555467543,0.27549686706789533,0.2213364292028811,-0.11167095198852403,-0.6765478259252617
2023-09-25,0.5633955519799274,0.5096775481328136,0.4369238940835661,0.4037522137527489,0.2902628211545176,0.17059140538038803,0.3172472961436169,0.26977590403859036,0.2162875414258043,-0.11687324044796811,-0.6802687924278946
2023-09-26,0.5578255605588193,0.5050047849132193,0.43133180107094105,0.3994816310345183,0.28569336683800245,0.16711382145853965,0.31366167325451294,0.26565028940074964,0.21290059183286522,-0.11904573299134498,-0.6768712935501634
2023-09-27,0.5640024623227593,0.5086811893828516,0.43506989323625817,0.4034183067210496,0.2902869419676516,0.171039193600817,0.3156383127447086,0.27067187233428447,0.21823003088747692,-0.11544135823229498,-0.6794438205550535
2023-09-28,0.57517122229435,0.5198537594120445,0.44832062872090533,0.41155159546624154,0.29984045163034945,0.1810318664985103,0.32465974327806624,0.2790057585713473,0.2276201623748871,-0.10790150048906029,-0.6830727227834096
2023-10-09,0.568937650445686,0.5159688006654742,0.44143841812111256,0.4079211508672375,0.2960010767798035,0.17569880213026673,0.32151211183824546,0.2733797716864996,0.22155255488155284,-0.11464619106184919,-0.6835838415075345
2023-10-10,0.5653900014548287,0.513188517063236,0.436999811134477,0.4041660518740953,0.2950238494908112,0.1736159319255036,0.3197849642400275,0.27015911345711896,0.21669706395804952,-0.11746852137216762,-0.6828585228269956
2023-10-11,0.5693721885589061,0.5151280646591996,0.4398711469442272,0.406968386164005,0.2962551345446851,0.17745071418664443,0.3227659067579241,0.272667121623065,0.21955318630700577,-0.11385501637251125,-0.6832272049314166
2023-10-12,0.5781774665162157,0.5229966849761355,0.4475464289625105,0.41332755004195854,0.30087955158307794,0.18194669518279322,0.3264928839344126,0.2765730424059293,0.22394917349327886,-0.10973460463785414,-0.687912071154069
2023-10-13,0.5697787092084248,0.516143298141801,0.44156893832717775,0.40786455720327636,0.293370642596755,0.17511641291721125,0.3192650643947386,0.2705434312833425,0.21636048853366666,-0.11779278852943331,-0.6875714977378573
2023-10-16,0.5647760128613059,0.5110302509265868,0.43364265357422094,0.40076774492772654,0.28780471502819066,0.16792279287504724,0.3142020733486735,0.2628173961403134,0.20939109519008056,-0.128205836073575,-0.6929818489348801
2023-10-17,0.5626312219102625,0.5076584083142569,0.4318701507696269,0.40016375168865437,0.2843660847465055,0.16722656581462667,0.3136579433689424,0.26171014846191387,0.20774510638277754,-0.12732929937413023,-0.689960521284392
2023-10-18,0.5461502952713289,0.49154794630997967,0.414112454076392,0.38134289458681075,0.26704916181045113,0.14865610561314338,0.2950506028555262,0.24292018141984273,0.1887218618348077,-0.14639610916426163,-0.6925464044355897
2023-10-19,0.5386172574507974,0.483102381193995,0.4058241955634528,0.37091775173334596,0.25742471792680943,0.13870098930300823,0.2863794873437969,0.2337323112936719,0.1800792616168091,-0.1542393169386529,-0.6928565743894495
2023-10-20,0.5312921731865161,0.4748577205552394,0.39547471426229236,0.36153763469441863,0.248533730762832,0.1295665343106649,0.27746715445409886,0.22449625415038146,0.17085213913396974,-0.16716223885682566,-0.698454412043341
2023-10-23,0.5077829013616695,0.4531985607648339,0.3739695764066023,0.3362662496650958,0.2239242814821367,0.10469039211047218,0.252526449150273,0.19957348338939757,0.1451200710030845,-0.19304503029437634,-0.7008279316560451
2023-10-24,0.5323995884801864,0.4774924858817919,0.39971484313538463,0.3602949008062652,0.2500563663398784,0.1291791909029497,0.27765456143911194,0.22492652234612298,0.17024455232581753,-0.16989641146989148,-0.7022959999500772
2023-10-25,0.5449302140468643,0.49072963991727775,0.4119354357451433,0.37307814099521414,0.263573149671155,0.14268858797210154,0.2903101307323912,0.2391938815953945,0.18592716314957997,-0.15578697954258272,-0.7007171935894463
2023-10-26,0.5479050530421671,0.4933379792422809,0.4164302497588708,0.37742874007895727,0.26551149039600663,0.14447738643072006,0.2930926390371141,0.24215363353263838,0.18900408633215054,-0.1532656036028933,-0.7011706566450597
2023-10-27,0.5643051289419082,0.5067873659679131,0.42932652147335865,0.39236025064181274,0.2800591166320119,0.16187913642577503,0.30716098269751546,0.25788176819855785,0.20391744541012127,-0.1388463074553365,-0.7031514363972441
2023-10-30,0.5766027730168868,0.5190849282833434,0.4395825493779954,0.40829660526401784,0.2932098942291242,0.17535632325879708,0.31875160068509434,0.270768613686533,0.21816388612829388,-0.12567938517494612,-0.7022821581918323
2023-10-31,0.5727380057517841,0.5156677927062545,0.43338365503089005,0.404484379728376,0.28817670568423975,0.1718453704944423,0.3148568069994402,0.26701390659742597,0.2149145544725085,-0.1286613606736875,-0.7013993664254711
2023-11-01,0.5741040902759377,0.5177162417924015,0.43534379698532494,0.40584827695303577,0.2898025158871272,0.17483461996248917,0.3172505718814915,0.2698222903055262,0.21747646420728373,-0.12749960017142878,-0.7016036904473659
2023-11-02,0.5617083776945869,0.5050520622813087,0.42462056911408136,0.39685734542655804,0.27882802785664607,0.1637378734692608,0.30646006998021114,0.2611809442778609,0.20786286218611097,-0.13729217383090325,-0.6990005515254897
2023-11-03,0.57890324611208,0.5203815747274217,0.43891001924371775,0.41009145260841073,0.2905827745028742,0.17732130178197222,0.3184494348673445,0.27501041948554844,0.21800600755677624,-0.1293832719844812,-0.7082865180965606
2023-11-06,0.5932425644776181,0.5386948403756794,0.4597502594463066,0.4281522630509801,0.31135690627656787,0.1978535473166262,0.33908487504093743,0.29935358160318043,0.240632723028301,-0.10575207294244632,-0.6989946374200638
2023-11-07,0.5968971720315142,0.5435606738413912,0.46507038233313125,0.4350888824124353,0.31655137928197163,0.20339060573938797,0.3425769064850526,0.3038823870290954,0.24591089816521125,-0.10243220628408761,-0.6993293783156012
2023-11-08,0.5995177549407711,0.5440903763237986,0.46789067220676217,0.4387731339757664,0.31811333618668175,0.20481829261502246,0.344288106635797,0.3065535709579299,0.24670169664364872,-0.10173278350160808,-0.7012505384423785
2023-11-09,0.5950814694166648,0.539033010752354,0.46057219442271663,0.43203177934942233,0.31238388978193216,0.19973901625940835,0.33809047120261343,0.29967950172871505,0.24107110735382398,-0.10788449441471729,-0.7029659638313814
2023-11-10,0.5951619718264246,0.5373990581962923,0.4614622757677227,0.4300727927185336,0.3099263781744189,0.19725589490402326,0.3358581668749293,0.29918245689600903,0.23840560999154567,-0.10994238006907464,-0.7051043518954986
2023-11-13,0.6063187477377482,0.547246354348592,0.4707816911224826,0.44094824686917355,0.3205250384222293,0.208683660430604,0.3455394915761837,0.30899630483353335,0.24912424465135838,-0.09934230389250118,-0.7056610516302487
2023-11-14,0.6120164185433858,0.5539301149027486,0.4781677394721284,0.448950556449967,0.3254012293325937,0.21245502315050294,0.3501451421659318,0.313654639666778,0.2529137832251483,-0.09638890329081364,-0.7084053218341988
2023-11-15,0.6194731430939832,0.5611705397215101,0.483641471150596,0.45355253091488934,0.331830609485496,0.22080441615860097,0.35618743094827054,0.3181010105160224,0.25894678913190383,-0.09256971819379703,-0.7120428612877795
2023-11-16,0.6134447840833568,0.5543408016741869,0.47747874464176926,0.4461268423969131,0.32317288232350644,0.21279438800675393,0.3488986968148176,0.31151580968187953,0.250699164488732,-0.10195334928307262,-0.7153981333664287
2023-11-17,0.6219995650398492,0.5632474253569488,0.4850210516287331,0.45318656161851795,0.33107185208802403,0.21992697513835813,0.3562909099982303,0.3206269264313216,0.2577947183906286,-0.09492633676444573,-0.7169259018042942
2023-11-20,0.6312221217606887,0.5722843858680107,0.49602907491333303,0.4632290305324935,0.3407010884543168,0.22922066638168498,0.3663627299056916,0.3308649067704895,0.26642936066204,-0.08649912844830804,-0.7177212502089959
2023-11-21,0.6245034063348984,0.5670771800515702,0.4884610499110071,0.4569908339494246,0.33472609266381814,0.22451387771757403,0.3617979078509502,0.3253725460016035,0.26190848375861936,-0.09159654844606488,-0.7160999547809624
2023-11-22,0.6105620949889212,0.5540330930862134,0.47712590391489984,0.44441614247823974,0.32421490656999186,0.2152656590223166,0.3528975594763962,0.3151930754782598,0.25374668285584856,-0.0969638643409532,-0.7075259593298736
2023-11-23,0.6216695562295814,0.5636898241281039,0.48654220033597645,0.45302494998928067,0.33442287819203276,0.2252171341946864,0.36323737602727135,0.32549488568742047,0.26289842289919346,-0.08613515119554761,-0.7078047074251282
2023-11-24,0.6100684535332664,0.5524818773621168,0.4742349044142488,0.43914069876886863,0.321231036384579,0.21325387281477842,0.34984896369449714,0.31272436512843454,0.2505777045574589,-0.09652824603417315,-0.7065966995674388
2023-11-27,0.6137801134664341,0.5542966857600178,0.475759122074542,0.4411055177533812,0.3208844712111137,0.21274188832635493,0.34955053755693666,0.31142330199972895,0.2486837307000533,-0.09899651910348162,-0.7127766325699149
2023-11-28,0.6206124225689318,0.5616067191368384,0.4843800231298067,0.44860863097064985,0.32995582852779,0.2212499480386833,0.3581606590609229,0.31991833630144006,0.25554266098136746,-0.08997428748296205,-0.710586710051893
2023-11-29,0.6149628842655733,0.5554208731635684,0.47764556727573665,0.4437583403550676,0.3245933401627158,0.21537542537590557,0.3528358670378062,0.3138265635332328,0.24966231942638534,-0.09619712192286253,-0.7111600061884351
2023-11-30,0.6102391621200868,0.5495576458376349,0.47315320504008845,0.438376803577224,0.31914444422976557,0.20915520628493023,0.34721275596558127,0.3088232821371532,0.24383017860019285,-0.10072837939251109,-0.7109675415125971
2023-12-01,0.6144846212125779,0.556574705265569,0.47956808479091145,0.44549416688910315,0.3260402447489234,0.2163596600073681,0.3520142087502773,0.3133243255936,0.24868463532228816,-0.09563693546905715,-0.7101215566816342
2023-12-04,0.6137717522415428,0.5548813641336723,0.47949631357890204,0.44387072534043825,0.3265585619777279,0.21762872061661917,0.3527877455525535,0.3138224141723461,0.2482124680577945,-0.0961535122459072,-0.7099252644874493
2023-12-05,0.5956585462073873,0.5358844184814991,0.4617024080108787,0.4237803571444596,0.30827115324659243,0.201455924009977,0.33386194845731365,0.29603681735568327,0.23044499847620525,-0.1136371112791347,-0.7092956574865213
2023-12-06,0.601465580973434,0.541626153324495,0.4667927030392535,0.42804959957284433,0.3126002406246366,0.20620917042232564,0.34030482415928304,0.301160905338076,0.23492874263601699,-0.10867870744666659,-0.7101442884200999
2023-12-07,0.5971567828835275,0.5373753575916563,0.4614870128736718,0.42449627156585923,0.30872694598835726,0.2024869059992166,0.33763238847929383,0.29943255585202744,0.23499012279769427,-0.11033203845436362,-0.7074888213378903
2023-12-08,0.5865079735051275,0.5277176101587138,0.450385805885304,0.415347085307208,0.3000253291390759,0.1936406909014407,0.32855173477037164,0.2920397685905389,0.22580793630284524,-0.11665470768816978,-0.7031626811932965
2023-12-11,0.5962476315746456,0.5384657026171067,0.46100128401269985,0.4268159159691518,0.3130100543720327,0.20608477034423503,0.33961714588197595,0.3028702668876308,0.23578944957022163,-0.10553210202909878,-0.7017797336037436
2023-12-12,0.6016510961361,0.5423265742337036,0.46407338844460494,0.4311928586357967,0.3173842190368501,0.21132190780844834,0.34467741032773835,0.3062802685973212,0.23956329155792727,-0.10193317871859198,-0.7035842748546912
2023-12-13,0.5948328126386534,0.5359226066609195,0.45733616741628236,0.42478779121698884,0.3110213790532477,0.20419974985234302,0.3391199873563341,0.2998792112478551,0.23316957589188492,-0.10685375738718819,-0.7016865700258408
2023-12-14,0.5918187166161921,0.5332061467221982,0.4530765603206899,0.42146504487914843,0.3076253436535838,0.20185798900760754,0.33728002392789774,0.2976861095643955,0.23100412206564686,-0.10840855003759965,-0.700227266653791
2023-12-15,0.5883899236212933,0.5287166745928431,0.44885424070704993,0.41826096158900855,0.30296950700692094,0.19724529968083226,0.3330705587163553,0.2932068848139072,0.22691572472108795,-0.11390129757076056,-0.702291221192053
2023-12-18,0.57744639763608,0.5171180574769265,0.4366100331404586,0.4054071064632848,0.2895767007891941,0.18328732999754244,0.31827849805185066,0.278706194015397,0.21213070588835342,-0.1289755718241957,-0.7064219694602748
2023-12-19,0.5791425118957801,0.5188186809790453,0.43831976566487096,0.4078036420298154,0.2902979851897383,0.1842803873933644,0.32051608238583296,0.2819383345751479,0.21465468636158316,-0.12491349868517224,-0.7040560105809515
2023-12-20,0.5688770940004684,0.5066895158421222,0.4273807575650498,0.39811835457886147,0.27973822009161814,0.1732480182352956,0.3103476451313638,0.27348228936412666,0.205286406342602,-0.13497854273069493,-0.7038556367311625
2023-12-21,0.5765692463155908,0.5131335305097329,0.43461499877152127,0.4057859257275133,0.2878280474348609,0.18012634894101096,0.3174629619227741,0.2808316233794402,0.21235542171206664,-0.12910975742822808,-0.705679003743818
2023-12-22,0.5583001758566858,0.49820156868702586,0.4226428059918307,0.39389085580411753,0.2735851251119214,0.16612210187386808,0.3066712231479619,0.26763409505735325,0.19911693551567777,-0.14235751638558997,-0.7006576922422749
2023-12-25,0.554625297111028,0.4939102862304541,0.41963950157754226,0.38910660694542853,0.2691375232929731,0.16396720772790518,0.30473065020082507,0.26501242600848673,0.19685843511596435,-0.14363276460910268,-0.6982580617201298
2023-12-26,0.5437252277396816,0.4810119717493674,0.40906098744345126,0.37459508621094745,0.2550313419413846,0.14775853377859663,0.2911059802771439,0.2509127998952378,0.18144825890370042,-0.15861430138657773,-0.7023395291262584
2023-12-27,0.5526618579241126,0.4888268847883225,0.4170172387028658,0.38244577885635267,0.26385312902096786,0.15464088687444016,0.29776535647894475,0.2586547166247361,0.18927823474615732,-0.15114585700303546,-0.7038077149271471
2023-12-28,0.5744540995517481,0.508849650577399,0.4379008232948981,0.40233829812534216,0.2847974757903308,0.17326660476218553,0.31629987261704384,0.2770672284378152,0.20735007221901772,-0.1326657870593498,-0.7071198866110969
2023-12-29,0.5918769257409021,0.5262762396269309,0.4535511993476672,0.4182268117165029,0.3007239127199296,0.18638975482663442,0.32948837459856445,0.29050692933264743,0.22130051645821175,-0.11980853639293919,-0.7116854621338403
2024-01-02,0.5961771996785639,0.5274071350345296,0.4550379152645416,0.4185254710748043,0.3001415619918423,0.18622552735618847,0.32977673366465454,0.29110146741895926,0.22413876345849942,-0.11750582079854484,-0.7136830204771076
2024-01-03,0.5867103776929887,0.5216365862108294,0.44858808631742564,0.4119383521574642,0.29566128104484557,0.1824295631220018,0.32659774474840647,0.2894513567113049,0.22156704252648357,-0.11785647013098548,-0.704566847823973
2024-01-04,0.5840260807622223,0.517898660546893,0.44430345972787516,0.40652315522206356,0.29147193800599364,0.1801230199944484,0.32244579361460385,0.28499539748390534,0.2179857134947525,-0.11943266458143928,-0.7034587453436604
2024-01-05,0.5669702755056598,0.5010036108998857,0.4250924125970292,0.3892157008559412,0.2740701770061639,0.1638924486438459,0.30715911398168483,0.2694830464659924,0.20174447907704934,-0.1355419888356069,-0.7025122643412655
2024-01-08,0.5462388557095992,0.48224583859626696,0.406656631193675,0.3710501158483758,0.2567740069685634,0.14406769149863563,0.28805274896032534,0.24895876832006664,0.181412720494114,-0.156184316127918,-0.7024231718375159
2024-01-09,0.5526634195193287,0.4881295707805102,0.41240645894801853,0.3767261815619415,0.2616765192117852,0.1497910159232508,0.2940681553338388,0.25535747347064885,0.18721384803554542,-0.15016038370400042,-0.7028238032233278
2024-01-10,0.5425813935333063,0.47812299885837767,0.401055903325722,0.3667518536582303,0.2542688716936791,0.14110687495152827,0.28698628875112153,0.24746984876427278,0.17873250189336376,-0.16171023527432168,-0.7042916288076266
2024-01-11,0.5578140097179725,0.4941504314898191,0.41791611122677064,0.38329390103071176,0.27144894438809625,0.1589977591253732,0.30441782127406747,0.2644512968934255,0.1958835499598362,-0.14411143741732516,-0.7019254471352963
2024-01-12,0.5511359973264793,0.4855973852325244,0.41016394885590385,0.3753126917365319,0.2624247606851224,0.15150145638514181,0.29713770331782174,0.2563807584378807,0.19004613794604955,-0.15035973072039535,-0.7014957280468733
2024-01-15,0.550148765248876,0.48536977145220667,0.4090116606380708,0.3730375733012229,0.2587624486579916,0.14975201420529585,0.29313565318047713,0.2538757804077951,0.18833607324849785,-0.15256539172145608,-0.7027141569703307
2024-01-16,0.5454370358819309,0.48134189475035877,0.40367090121288757,0.3697211094669725,0.254235701573419,0.14586360743803986,0.2893595203791902,0.2499380226101309,0.18338370000666243,-0.15778982552157245,-0.703226861403502
2024-01-17,0.5188137559957887,0.4542379231685227,0.3788831798942374,0.3441809408015007,0.22794487569383515,0.1199179284910988,0.26473475151240977,0.2251848536748622,0.15960753573726566,-0.18163457179185952,-0.7004483277876469
2024-01-18,0.5084365668551767,0.4450229601013528,0.37098514652102865,0.3366019697317318,0.2205098983582837,0.11281804614772112,0.25935772302960897,0.21979475996373543,0.15584024851494174,-0.18640353257201975,-0.694840099427195
2024-01-19,0.495657458809485,0.4329433067527661,0.3579919454363392,0.32329721549352597,0.2056179048244586,0.1000047490839712,0.24617415641633023,0.20683478912746942,0.1441232069817235,-0.2003587569022251,-0.6960162157117087
2024-01-22,0.43358984444671783,0.37351229021427823,0.2994615686032533,0.26641126409798005,0.14781998905081367,0.04229847872936354,0.19001128900269512,0.15087332045628052,0.08531236630607915,-0.25999369071780387,-0.6935835351645203
2024-01-23,0.43678852016863046,0.3761522875564737,0.30199524093254343,0.26706275499988424,0.15089669057814248,0.04726591322238312,0.19597878107665878,0.15383627469341699,0.08852952512140881,-0.2595266545541308,-0.6963151747227599
2024-01-24,0.4480480454750282,0.38855255083118884,0.31507707626087916,0.28235562674679643,0.16576189791135776,0.0638989960877627,0.21233981066414462,0.17000991377028427,0.10511703349868069,-0.2444351992176526,-0.6924832446926794
2024-01-25,0.48166135027952295,0.41965508918821604,0.3503694520828535,0.3179414308111796,0.20242209793733162,0.10256027932207147,0.2499353689577279,0.20853647662254596,0.1450140745424089,-0.20453028436769727,-0.6861916346472188
2024-01-26,0.46996799659059096,0.4111414451534601,0.34249221158007415,0.3144141925739896,0.19788945281546608,0.09951591688441477,0.24731932258181394,0.20715321911821097,0.14475662138533144,-0.20435675421467037,-0.6743247508052599
2024-01-29,0.43985400849166745,0.3815815827645293,0.3104842130701252,0.28216871684633194,0.1693346496305973,0.07013358843654335,0.21853957644654168,0.17890127150249605,0.11429077890315437,-0.23713927634200907,-0.676993284833675
2024-01-30,0.40645725126594223,0.34845728769626977,0.27958625763705397,0.2503931705384511,0.13934970014106363,0.03839988114228487,0.1884856533916499,0.14845509989307182,0.08049197557408654,-0.2690007555914873,-0.6754580068574281
2024-01-31,0.3532343509059397,0.2986684553578288,0.232232096944903,0.20004766966391024,0.09431457565350133,-0.008426032047760629,0.14388304309838687,0.10403477963938755,0.036142384007444815,-0.3153761421638231,-0.6686104930697614
2024-02-01,0.34107890991851053,0.28500792267937075,0.21813937867809394,0.18553472784217218,0.08016665837755008,-0.02200801544714756,0.13049632290983879,0.091794370239307,0.023523888907823396,-0.3282048391046427,-0.6692837490231518
2024-02-02,0.298662281363773,0.24407831763075888,0.1752437587823358,0.1404137673187818,0.037106143093957544,-0.06596424292618744,0.08689229816600882,0.04972481100347184,-0.018840756861692638,-0.3702025308420317,-0.6688648122058032
2024-02-05,0.20838057147952146,0.15548918113169907,0.09023198969731946,0.05546690559864269,-0.0439813727163364,-0.14984590679545412,0.011119092237529132,-0.028847934528948432,-0.09987065555153621,-0.45056488416533425,-0.6589454556448542
2024-02-06,0.22267640619709897,0.18676696509473317,0.12962407870256085,0.102115982242837,0.000726233526524768,-0.09818852043120274,0.06186712672597379,0.028159701385783595,-0.041314111682940594,-0.38350488552600565,-0.6061812917231031
2024-02-07,0.1625018122495306,0.14463989223582546,0.09827388642844237,0.08180279016152979,-0.01175545834349838,-0.10778385892676232,0.05873814096233531,0.031599745050367126,-0.026517951584952675,-0.36589205381839685,-0.5283938660679259
2024-02-08,0.28686861808954545,0.24494376951351016,0.18945545691573235,0.16157658468440345,0.060341209884564,-0.0435063351701343,0.11277208768790206,0.07753372084162705,0.01704243536788857,-0.32327422111660575,-0.6101428392061496
2024-02-19,0.32432869761474487,0.2763683328712563,0.2225734387739679,0.19459921680280964,0.09112022350570678,-0.014803399765613998,0.14083129598273383,0.10615109499299094,0.04589924423652433,-0.29455111003946993,-0.6188798076542132
2024-02-20,0.3283771754883763,0.281070932054565,0.23149855690483534,0.20758080579868837,0.10274297825302182,-0.004429678646628368,0.15226285933537095,0.1192228290913343,0.06032913989956301,-0.28041550308702934,-0.6087926785754041
2024-02-21,0.34719131396131303,0.2965193394202673,0.25009553555097785,0.2229325948106678,0.12174037397286758,0.013694554531210355,0.16976957023512512,0.13333951758121365,0.07348105918095525,-0.26703431642898084,-0.6142256303902923
2024-02-22,0.37769921345409363,0.32165040247762605,0.27432809363975796,0.24587870190677688,0.14396979109474675,0.03399930235231055,0.19121447435848715,0.1532039637576611,0.09233499285439864,-0.2441658739170258,-0.6218650873711179
2024-02-23,0.41017976749844165,0.3488391048431212,0.2986220171526657,0.2729850076193768,0.16960287973191956,0.060476228238537544,0.21541000803759472,0.1787254896083371,0.1183350461159979,-0.21726809195988067,-0.6274478594583208
2024-02-26,0.42603768412114795,0.3639194361032498,0.31138519650562585,0.285749732444611,0.18432368334543112,0.0742820938362992,0.2272917484972654,0.19279439971944068,0.13473581416966626,-0.20190209916488863,-0.6279397832860351
2024-02-27,0.4487112036702861,0.3897986351122094,0.33847599816864876,0.31198514763122226,0.21305488223265806,0.10174442642145456,0.2576113943877937,0.2212816505335075,0.16426776643584612,-0.17471673792545003,-0.6234279415957346
2024-02-28,0.3847696992005184,0.3263853143159111,0.27757475055230996,0.24790918670776318,0.1531277670359904,0.04433602310924798,0.19644341102354165,0.16024239994663836,0.10206432733235582,-0.2358799091117123,-0.620649608312229
2024-02-29,0.42932158923412933,0.3678321224525701,0.3172114940273685,0.2890170853841991,0.19115169509513505,0.08293905444187286,0.23328402321193095,0.1951908017523012,0.13785338031377928,-0.20323084069075767,-0.6325524299248854
2024-03-01,0.44062025644531844,0.3774752482157503,0.3270997670845261,0.2982544774937733,0.20154079412680329,0.09328223085439595,0.24464906063357286,0.2060175160967373,0.1523231957287615,-0.18847318381965433,-0.629093440264971
2024-03-04,0.4431655850613245,0.3807875562906173,0.32649852190811224,0.30025119393717004,0.20538528234675033,0.0965461852206417,0.24673639474276524,0.20709758374403262,0.15516727311588063,-0.1872342722642299,-0.6303998573255527
2024-03-05,0.4268073788400351,0.36522076177382345,0.30892450284266093,0.2857727788040973,0.18957262914919673,0.08105856267422205,0.23116034757088685,0.19241466549288028,0.13772517834776818,-0.2034344189341124,-0.6302417977741459
2024-03-06,0.4384333598410676,0.3754457828868159,0.3201285046678954,0.29535511292486943,0.19882395531609562,0.09195399399694358,0.2404145468953003,0.2024004449830162,0.1462549161927813,-0.19778861413956902,-0.6362219739806351
2024-03-07,0.4310516549505678,0.36698273040269136,0.31258686025415927,0.28313807177187755,0.19126306343900593,0.08252627845671334,0.23146526219623229,0.19482425663944164,0.13936592894688415,-0.20451040460665862,-0.6355620595572249
2024-03-08,0.4464887324373692,0.38023261656584606,0.3255833366273529,0.2935260736095253,0.20237276651729233,0.09426880537180345,0.24142776498226048,0.20432140348954445,0.1480786385914942,-0.20035925244712643,-0.6468479848844941
2024-03-11,0.4667803518254195,0.3979322623887029,0.34397133269005337,0.31390240534110714,0.22157215177160594,0.11368076583210765,0.2617011187362949,0.22529544954737443,0.16751047810867592,-0.18364928541707037,-0.6504296372424884
2024-03-12,0.47640096522363373,0.4089021361290122,0.35384426591701384,0.32426209812459994,0.23382076164300056,0.1258683105335086,0.274286331811928,0.24035588043383851,0.1815779920190943,-0.16903481795220296,-0.6454357831758352
2024-03-13,0.4794358355012333,0.4119493878961872,0.357143835651043,0.32520799893797336,0.23752166140141232,0.12614357017306732,0.27612228699907704,0.24139635022829942,0.1814158408655742,-0.17000632575423935,-0.6494421612554712
2024-03-14,0.4719140747265489,0.4064380373123834,0.3508477198674666,0.31891903742397315,0.2315545246467802,0.12007267843162568,0.27156715910626883,0.23650185482241157,0.17651535295137719,-0.17489575085419093,-0.6468098255807383
2024-03-15,0.486295778596803,0.41946651820763214,0.3668356509367035,0.3328449830362753,0.24509652651278208,0.13335669010123977,0.2849871062299485,0.24973221383034402,0.19036252243836285,-0.16132961553979366,-0.6476253941365951
2024-03-18,0.5069011306487181,0.4410981680978584,0.38776993648181035,0.3541885381392501,0.2668849097587954,0.1529312029786904,0.30429747847291244,0.2685320779441815,0.20860181027786914,-0.14230635989446686,-0.6492074905431834
2024-03-19,0.5047162598795985,0.43928196482983056,0.38526297794332875,0.35221977121263454,0.26345432458126583,0.14814508722746858,0.30114570470279967,0.2664465355265626,0.20539058928039922,-0.14724025277145003,-0.6519565126510468
2024-03-20,0.5123152466320767,0.4501249849280404,0.3973682509870337,0.3638148130133968,0.27535521059059975,0.1607129990488948,0.3134253745071273,0.27834326405977705,0.2160229825560033,-0.1367814997484211,-0.6490967463804961
2024-03-21,0.51246817237181,0.45158403122359486,0.39799762952409246,0.3643799533826437,0.27577684082245263,0.16169368718469826,0.3136379523759403,0.2800175149779408,0.21763956983911917,-0.136850168844876,-0.6493183412166843
2024-03-22,0.4980839976078987,0.43684443648301635,0.38168037633294,0.3498852914043907,0.26225008709301834,0.149148679109546,0.2992458184497848,0.26628797244119534,0.2027761626750799,-0.15344631039262538,-0.6515303080005224
2024-03-25,0.4776381670251116,0.41096386402170104,0.3579531850302366,0.32261103740136354,0.23700135515371246,0.12349706356245153,0.27373192944702623,0.24067652147709778,0.1791699970868841,-0.17725702653299313,-0.6548951935581031
2024-03-26,0.4747216456492103,0.40932532982171843,0.3566381512337083,0.3205736409993327,0.23676628849667308,0.12405589431298777,0.2738767732372453,0.24566865632319634,0.18146684044611466,-0.1748723123342414,-0.6495939579834501
2024-03-27,0.44340562591111127,0.3783493412486449,0.3208942500041504,0.2891010909208188,0.20308106442833485,0.09126205356874843,0.24235672308776085,0.21286379873926814,0.1487687072454359,-0.20479501667497524,-0.6482006425860849
2024-03-28,0.46775253158676755,0.40453778861343404,0.3450966176771994,0.3143049161806324,0.22416357651971336,0.11332015800226944,0.26520381838892426,0.23689685459461346,0.17084273145181944,-0.18407077934034588,-0.6518233109271118
2024-03-29,0.4798592103261434,0.41706297130006875,0.3562451080689489,0.3263638080988971,0.235661186617559,0.1263470089500311,0.27972485334843233,0.24944138984484113,0.18255841171442797,-0.17102384418784541,-0.6508830545139872
2024-04-01,0.5036532693189201,0.43978032594884064,0.37906753503166346,0.34955141370087195,0.25863109269901935,0.14838699971563826,0.303833349441194,0.27216793811294837,0.20483911049021422,-0.1513155643487243,-0.6549688336676427
2024-04-02,0.49836801477392295,0.4332886943579123,0.3736271124759553,0.3475211360224363,0.25683077431568263,0.14559552887738392,0.30352483029502203,0.2721471668717474,0.20719966672668078,-0.15010787551102955,-0.6484758902849508
2024-04-03,0.4870760799523541,0.4205832545245953,0.3641241634877461,0.3362141304329318,0.24893359626530875,0.1375567971935383,0.2975991625148886,0.26604843033112047,0.2019668662702563,-0.15417888070079416,-0.6412549606531466
2024-04-08,0.4597641553873299,0.39558598160420566,0.3381946343488003,0.3114344142229865,0.22217749476578025,0.11677714519695544,0.27470505622425045,0.24285221464329904,0.17945573942464943,-0.17712722200650086,-0.6368913773938291
2024-04-09,0.48107063575007813,0.416410383471584,0.35425312709993445,0.3295830906408961,0.23727042148361863,0.1318043846129351,0.2877174338748476,0.25379838212332173,0.1912546570485286,-0.16809744938199422,-0.6491680851320707
2024-04-10,0.46259651654071,0.396832570628064,0.3352079725395012,0.3078092642055412,0.21602411503720118,0.11080514913314138,0.26413479677569257,0.2302628764154422,0.16986004032046328,-0.18937550134034212,-0.6519720178810504
2024-04-11,0.46454858187347403,0.3991011726738472,0.337698729050731,0.3087654531157802,0.2181123607823232,0.11153512676871756,0.26673096669707297,0.23301432706832007,0.17360884925218656,-0.18638462337734885,-0.6509332052508212
2024-04-12,0.4579122165026488,0.39203901668189106,0.33083952117208915,0.30026850519166476,0.20962085036635342,0.10430781721646949,0.2585940308625593,0.2246372244365307,0.16829952568980955,-0.19566051963865122,-0.6535727361412983
2024-04-15,0.43346488388784465,0.3563023800376711,0.2953700090522254,0.26489991438099325,0.17492386635667237,0.06988238720645315,0.22440947712729184,0.19517629734919126,0.13299888396585294,-0.22766837661963363,-0.6611332605074766
2024-04-16,0.3576696237345905,0.2846007211565277,0.22468742167083772,0.19725431798743184,0.10980003838286387,0.011263790285997693,0.16458381329680427,0.1411585108663987,0.07979872958310068,-0.2805780152298549,-0.6382476389644437
2024-04-17,0.4309441831642651,0.3548830812749294,0.2898059066674191,0.26155225357721157,0.17279879849385663,0.06973970466575713,0.2187073451699065,0.19162338504171278,0.1303594233041911,-0.2230545729854056,-0.653998756149669
2024-04-18,0.4314617279680728,0.3538242184297116,0.2890200280782722,0.2600621221801286,0.17216180575972106,0.06667708590392508,0.21694859482022696,0.18534423249514917,0.12644083180805651,-0.22846070326320594,-0.659922431231277
2024-04-19,0.42835050073445313,0.349912602658459,0.2840318618932787,0.2538014626640229,0.16555535544577496,0.06164652543858743,0.2112244836280321,0.1795659048123584,0.1177312813688712,-0.23574295688758812,-0.6640934576220395
2024-04-22,0.4245680321753629,0.34483653404682724,0.2763191646401628,0.248640813079885,0.15578171567562416,0.05414896346360302,0.20442699934106406,0.17281377098738002,0.11348277890783472,-0.24054007121914844,-0.6651081033945097
2024-04-23,0.42608757526829977,0.34792551369933566,0.2816359675232201,0.2545377284370861,0.16590813405304192,0.05956545998825154,0.21133604156047675,0.1812008828450806,0.1249119853048076,-0.23032451438023202,-0.6564120896485302
2024-04-24,0.4427418432556734,0.3666572717373324,0.300207294365396,0.2733218290788776,0.18450498585669478,0.07916774407599378,0.23073439170449614,0.2017396190236584,0.14638359435690812,-0.21012134270015143,-0.6528631859558232
2024-04-25,0.44702789894913425,0.36891755146970173,0.30439729925218395,0.2789100794014942,0.1908079564006561,0.08297948853788625,0.23452838984806812,0.20680158345009947,0.149417273863354,-0.20734713250573616,-0.6543750314548687
2024-04-26,0.46068939839876166,0.38217097851845805,0.32288847444745367,0.2946522052600197,0.2049889740309019,0.09836462683118526,0.24843417717366176,0.2220718474657926,0.16385286602247467,-0.1930114071423917,-0.6537008055411517
2024-04-29,0.4854490424215835,0.4083453089536937,0.3488180767572155,0.32333491466513803,0.2334329102824846,0.12862074506837035,0.2775802449998654,0.25116028137426155,0.19510558231064526,-0.16386389946043375,-0.6493129418820156
2024-04-30,0.4840380663333328,0.40148786464094494,0.34263436641930584,0.31453754489031444,0.22480035218299818,0.1231089905281488,0.2703585301408953,0.2455327085888184,0.18881922269823165,-0.1731442174687961,-0.6571822838021273
2024-05-06,0.507418597275215,0.4230823858259533,0.367354457275201,0.3379933598624818,0.24889266000459817,0.14452142631510062,0.2923128600925478,0.26915824200652483,0.21111306392579346,-0.15130943567447228,-0.6587280329496856
2024-05-07,0.5138240914069792,0.4303530279801186,0.37464388335537313,0.34828673392586956,0.25646661337530136,0.15129259900921113,0.2988992481002377,0.2777192612583312,0.2177985887796323,-0.1479928193303726,-0.6618169107373502
2024-05-08,0.4984633569266743,0.41673460146945107,0.36242027533738636,0.33363347109203256,0.24195641765049936,0.13631623062258363,0.2864009125087271,0.26573228372092006,0.20739406366419602,-0.16054481149305946,-0.6590081684197322
2024-05-09,0.5138642747463007,0.43202190930421447,0.37717003559319706,0.350168488654251,0.2564214272811406,0.15104135479470876,0.2996206095947125,0.28017062847853336,0.21925656529194232,-0.14849701621110903,-0.6623612909574081
2024-05-10,0.5045745460593528,0.4215515462614156,0.36620766996974874,0.339328324104797,0.24644121391260654,0.138867390039622,0.29034561230982575,0.2707056656558135,0.21146332481585003,-0.1581818314865375,-0.6627563775458887
2024-05-13,0.48453410705715677,0.4014363564551229,0.3476490202396796,0.3218494089244749,0.22721643769883412,0.12283564705449468,0.2757220369054878,0.2556509874238051,0.1990813904115819,-0.16819880527261097,-0.652732912329766
2024-05-14,0.4926306001297701,0.40957405257029783,0.3568927722552705,0.3291147814065448,0.23558027993468894,0.13004829025703502,0.28431176207981695,0.2662710705390746,0.20883417163523613,-0.16052942919309204,-0.6531600293228604
2024-05-15,0.4852380905959699,0.4031782282729184,0.35110515748743065,0.3223916179086791,0.227418748266811,0.12236035265331766,0.27627677719636223,0.25761779925799905,0.20210450997954138,-0.17032774427530836,-0.6555658348712765
2024-05-16,0.4840620612162441,0.4036772293659114,0.35403837275720945,0.32889587686961463,0.231868132331885,0.12934026383314043,0.2837675612407746,0.26554092904263166,0.21032797731703645,-0.16407479997860078,-0.6481368611948432
2024-05-17,0.49497936565726675,0.4149957432636964,0.36770394511963805,0.340366725881498,0.24416510704395952,0.14122340446951387,0.29787989803602827,0.28183628067783684,0.22586330512367533,-0.14772588226568828,-0.6427052479229532
2024-05-20,0.5006820415631277,0.42025523310869667,0.37116349893973183,0.3447955405077359,0.2502997507165935,0.14450068753375045,0.3016533408673889,0.2839855220842457,0.22664116791352165,-0.14602124979462483,-0.6467032913577507
2024-05-21,0.4917834805023568,0.4118933720583752,0.3611445702847751,0.3341122868456554,0.23887317248248358,0.1336527790899707,0.2909181966001124,0.2752610292425278,0.21559904561702328,-0.1554570597625812,-0.6472405402649363
2024-05-22,0.49667564211177806,0.41796910022061223,0.36776702347172463,0.33894211086862386,0.24394202648772503,0.1387135965771498,0.2966700063541027,0.2796206461204365,0.2203467000737706,-0.15191698549468646,-0.6485926276064627
2024-05-23,0.4759954673337296,0.39392383351703103,0.3437293880440368,0.3149851161896709,0.22201888693024718,0.11860222106685388,0.27539234336655355,0.2590031211234868,0.20055162369657414,-0.17131905787530688,-0.6473145252090347
2024-05-24,0.46816178323289087,0.38462390438166766,0.3353343588694709,0.30650686159104534,0.21120675961947605,0.10730074533406496,0.2634283397109657,0.2452112142381594,0.1927584907060387,-0.18493413077479215,-0.6530959140076812
2024-05-27,0.47719589181507394,0.39220107765385864,0.342624743407884,0.31507588695534666,0.2179036753772484,0.11445134209737066,0.2696591436847571,0.25098138790650104,0.19876183063865346,-0.17942761973400545,-0.6566235115490775
2024-05-28,0.47080814918561165,0.3812211568847605,0.3312275329479075,0.3046700598163199,0.20675064376472396,0.10423032119463621,0.25881674517249226,0.24138157843408847,0.18777315115773127,-0.18918561232430192,-0.6599937615099117
2024-05-29,0.47545691437984283,0.3838060085072373,0.33452469840058685,0.307803902852147,0.20877716783915967,0.10868109682397636,0.2624326587863447,0.2448522225747525,0.190420333495907,-0.18791965254958426,-0.6633765669294253
2024-05-30,0.47335916162380337,0.3810708113448143,0.32711683120645685,0.3007038825938027,0.20134247935239669,0.10120356859162606,0.25601899262583355,0.23783906069654812,0.1857350323879223,-0.19310887221628525,-0.6664680338400868
2024-05-31,0.4789827937831317,0.38563867518518113,0.33286679245398865,0.30720025997894274,0.20705637515926312,0.10994221426884816,0.26606661405089016,0.24699327745881663,0.19419492161562352,-0.18439009157619976,-0.6633728853593296
2024-06-03,0.46296960157635275,0.37104001829755856,0.3153451825483894,0.29003278449551384,0.18898224761789412,0.09071620766665763,0.24715471304281217,0.22884818176741553,0.17441863277558575,-0.20568696756031646,-0.6686565691366674
2024-06-04,0.45646909199738095,0.36307281253368234,0.30765234922866974,0.28239413569185734,0.1810376138764364,0.08247941215560967,0.24266147693258697,0.22215294802223665,0.1658678224780474,-0.2117433238719768,-0.6682124158693559
2024-06-05,0.43848929814985554,0.3443171947613428,0.2870831289783879,0.26155190693411456,0.162181496241245,0.06221543312395562,0.22333857723219527,0.20416412800562198,0.1461934296651223,-0.22712447496209479,-0.6656137731119485
2024-06-06,0.4032756591099801,0.30930461260315023,0.2527029177377395,0.22772517541241463,0.12467150299236807,0.025840263636086998,0.18718582711678666,0.16939999528169916,0.11162397680297721,-0.2636800335374705,-0.6669556926474488
2024-06-07,0.4254856075767399,0.32952276340028885,0.27407378029487595,0.2493063722263421,0.1447860847289958,0.04550648468087588,0.20560123300793015,0.18627489778601847,0.12635546904698666,-0.25397021835014966,-0.6794558259268878
2024-06-11,0.43923615548396133,0.3413478023836158,0.2832384361488938,0.25687139554079946,0.15042644239301906,0.05240712433821548,0.21003796469600883,0.18932610515343373,0.12908756951837766,-0.2558457538198097,-0.6950819093037692
2024-06-12,0.4504601792617164,0.3553258154210824,0.2969912146143653,0.2715493892518664,0.16462205153241127,0.06590986988899658,0.22408928613264498,0.2025982903268759,0.1406620142750132,-0.24584899370828028,-0.696309172969995
2024-06-13,0.44570714504356534,0.3514670070399583,0.29391726692120695,0.2682064634164585,0.16189741027579432,0.06283770955062072,0.2201337923493291,0.20008364815377525,0.13813443629268982,-0.24677421870504967,-0.6924813637486134
2024-06-14,0.44769692683314466,0.3556946784135543,0.29658243996763045,0.2700244463261838,0.16412767673649223,0.06403677406405674,0.22085825732716727,0.19843239420657288,0.13606245643729237,-0.2512653236294162,-0.6989622504625592
2024-06-17,0.4435612881152797,0.35180847512527624,0.2922757236310836,0.26643393585956915,0.1575582087172351,0.057848529574078336,0.21439264785619114,0.195415818645226,0.1316468392949978,-0.25690732283082246,-0.7004686109461005
2024-06-18,0.4562293226879431,0.3646031322599086,0.3080302750323705,0.28080242320261645,0.17028115091127558,0.07292102480811855,0.22725418023615562,0.20718066981371025,0.1433487176606986,-0.24585089271040303,-0.7020802153983444
2024-06-19,0.44733816209898597,0.35827949024484185,0.2988218011243453,0.2753704130758492,0.1637416830799482,0.06665187333833444,0.2230360621764431,0.2021773945038333,0.13782903591205817,-0.25147244347449643,-0.6988106055734807
2024-06-20,0.42752053388368494,0.3387581838872037,0.27932271240206513,0.2532102207660944,0.1420543875524672,0.04616151732611873,0.202266827382758,0.18427510994173524,0.12164365216334608,-0.26583244812129153,-0.6933529820049747
2024-06-21,0.42790147338237405,0.3372621410134474,0.27901127587596025,0.2517604305841279,0.13980769982791513,0.04332121290743346,0.2002059991453297,0.18195939367936553,0.11900493134873397,-0.26764694500827735,-0.6955484183906496
2024-06-24,0.3919038978106577,0.30213349129040584,0.24204865030780454,0.21430721370770212,0.10191492124920114,0.006873424443699538,0.1627191833218708,0.14684321311082757,0.08174166602121882,-0.3058458169242241,-0.69774971473488
2024-06-25,0.39329694870760074,0.3028594772071247,0.24329805618761738,0.21421036668388446,0.10219466772786599,0.010312469987466193,0.16116574820733726,0.14779898300364244,0.0810692341323261,-0.30817559968389224,-0.7014725483914912
2024-06-26,0.4245889480968122,0.33449215205919736,0.27475181532394866,0.2446676636420546,0.13092718458925048,0.0377163553918738,0.1886054850572419,0.17629573943185137,0.10850173895244959,-0.28178970070618115,-0.7063786488029916
2024-06-27,0.40576967771852235,0.3182300704199282,0.25592787268266964,0.22553758604770477,0.11106872722660134,0.018543239704318516,0.16952373284186376,0.1572796380277017,0.08875979207684129,-0.30052051443877104,-0.7062901921572917
2024-06-28,0.410505960601526,0.3229127016096167,0.2608719137190801,0.23115059080467765,0.11474307321473458,0.025077081304765908,0.17475488248491278,0.16334032804638227,0.09417007246179088,-0.2972752568170136,-0.707781217418538
2024-07-01,0.41800071007275746,0.3311145310030329,0.26867431500580846,0.23954921729265102,0.12360487468715452,0.03309813196364372,0.18202284788579112,0.173334090824663,0.10224256368106321,-0.2882997686598334,-0.7063004787325893
2024-07-02,0.41529266957505684,0.3291155499869676,0.26759817865936975,0.2371002198190108,0.12337757946947746,0.03247502578950297,0.1824099299669868,0.17508418283208863,0.1044206889459092,-0.2860457422147779,-0.7013384117898331
2024-07-03,0.4048726800990641,0.31661806299225925,0.2544618427398814,0.2244201896387622,0.11093561479267572,0.022434490810360707,0.17381564326324528,0.1690140970782953,0.09878619246610552,-0.28894085149141724,-0.6938135315904796
2024-07-04,0.3811765320826758,0.29045516276362177,0.23000601962460543,0.19565348341705088,0.08430126583591566,-0.004691557998326313,0.1477338516314966,0.14192718721528852,0.07104524700352247,-0.3170754005752369,-0.6982519326579111
2024-07-05,0.39390047376481185,0.3032461255468513,0.24095155199816454,0.2051653660658415,0.0953418227106883,0.00639871997308647,0.15703517084136054,0.15235853520079845,0.08093201675689503,-0.3071962900432439,-0.7010967638080541
2024-07-08,0.3712053999001263,0.27893911791007125,0.2145333647460044,0.17847732119400556,0.06812182104667784,-0.02058017830791269,0.12969685515830265,0.12459633216588056,0.05348687055323768,-0.3344526162211583,-0.705658016121283
2024-07-09,0.39018195120084065,0.2990936352436281,0.23208828189020184,0.19608230112012354,0.08660592339501717,-0.0020149998459717024,0.1488764464055757,0.14246846192674467,0.0710804024127618,-0.31708460142124667,-0.7072665526220857
2024-07-10,0.38304509582572793,0.2912212956853669,0.22509789917701722,0.1869312385729623,0.07973568281698569,-0.008977776278175947,0.14213278716498123,0.13534155397971637,0.06428314876290785,-0.3229751067055598,-0.7060202025312862
2024-07-11,0.4178318651035995,0.3216465354393956,0.2566731767334465,0.21670747947982605,0.11001417234434813,0.019443399736695833,0.17416404034221722,0.1670515798417857,0.09603486573935843,-0.2924335621089104,-0.7102654272125083
2024-07-12,0.4116011159060309,0.31773876323399974,0.25391895574812823,0.21113318534790565,0.10548753503129704,0.017935448479882102,0.17292509704072553,0.1639066981163107,0.09411674370789168,-0.29311070552853324,-0.7047118214345625
2024-07-15,0.39612753590113176,0.3034799566422579,0.23775508259318823,0.1964567352409309,0.09013745328236451,0.0028712472174145624,0.15930296146428644,0.1485086477864855,0.07959902321631657,-0.307173808521868,-0.7033013444229981
2024-07-16,0.39446975170248144,0.3044727044767666,0.23970919841990332,0.1981464008262574,0.08966539409779642,0.0044286590602646125,0.16026295059104442,0.15004589099941598,0.08149374563001496,-0.3065004111482288,-0.7009701628507086
2024-07-17,0.38076220764375435,0.29149092480513117,0.22859286212505464,0.18773259394092146,0.07802237057389615,-0.005562382000433982,0.15253190167426503,0.13965554084041243,0.07078482887856286,-0.31936524431016894,-0.7001274519539216
2024-07-18,0.37554220570450747,0.2895176041727022,0.22712762418919752,0.1872863090690631,0.07966545014561136,-0.002728916325028045,0.15332024087278556,0.14135063715711163,0.07038221952600208,-0.32003703089914226,-0.6955792366036481
2024-07-19,0.38333180456567617,0.2977249158770766,0.23474648602315434,0.193348539620833,0.08629805877074534,0.003541068323122832,0.16063998715030461,0.14740921053509937,0.07608471948959748,-0.31680862767039075,-0.7001404322360653
2024-07-22,0.39057597567772,0.30375650179797037,0.23942698608454532,0.19540606686048728,0.08901976128833003,0.006196023271947713,0.16586710150647593,0.15155738263792332,0.08180664435559282,-0.31126345657414783,-0.7018394322518662
2024-07-23,0.3706767928365858,0.2811536113572872,0.21830479214370097,0.17207384937757544,0.0679070852941238,-0.016547939837373866,0.145251265973392,0.13098723001448737,0.06269570641779587,-0.328640582886889,-0.6993173757234732
2024-07-24,0.35452758483804325,0.26544634732914707,0.20300829931953873,0.15653226356871236,0.05209928951591418,-0.03257959879449275,0.12956067902193763,0.11600506629739524,0.04650239970774613,-0.3428211852077558,-0.6973487700457974
2024-07-25,0.3617824426655145,0.26903366290774744,0.20646807579584556,0.1598471306229694,0.056183447090093694,-0.029130466585045506,0.13479391166190133,0.12125902221266019,0.052166679360978296,-0.33651141971273185,-0.6982938623782448
2024-07-26,0.37702987210567707,0.28410013693363056,0.2217763339255437,0.17628772570956006,0.0726823859550314,-0.013000416643169681,0.14949323493857158,0.14044158629282633,0.07141298257532766,-0.3189247830341652,-0.6959546551398407
2024-07-29,0.3801137742271055,0.2849454971140172,0.22176544008753102,0.17543659643048326,0.07263601763662358,-0.014303235456592114,0.15037692402920752,0.14189925041158502,0.07267690072797284,-0.3171550163014605,-0.6972687905285644
2024-07-30,0.38316798885902004,0.28878377765276425,0.22820000103840485,0.1806144399049322,0.0791274942914449,-0.008207156093234148,0.15525741886165953,0.14462376994451032,0.07808110553332265,-0.3111179661959449,-0.6942859550549633
2024-07-31,0.4188312582072439,0.32384312344770383,0.26321952351762873,0.2148519651555521,0.11420318730212908,0.025402633255757694,0.190082138961103,0.1799857459160171,0.11300818834459667,-0.27851297228902566,-0.6973442304962679
2024-08-01,0.42224493054005935,0.32517575517373837,0.26333268410141364,0.2144743333066407,0.11505739178482885,0.02462972466325616,0.19100025581954075,0.18047016620259787,0.11184054721193783,-0.28024205572470895,-0.7024869862647667
2024-08-02,0.40774210520164694,0.3087850948150977,0.25066925590987427,0.20138128215606466,0.10095678742554604,0.011310548007293343,0.17968347897091125,0.16871645644504776,0.09991930610791655,-0.29280791963509034,-0.7005500248367357
2024-08-05,0.3770110053211074,0.2794792128127623,0.2237764590040911,0.17595851117912342,0.07587250126269175,-0.011612590024016649,0.15507230059399535,0.1475239071100334,0.07582267332946599,-0.31499386989474826,-0.692004875215854
2024-08-06,0.4001183015538418,0.3013776810204585,0.2425967988456238,0.19297001449460033,0.0943111419921018,0.007681064441354288,0.17372721372090918,0.1667141093045383,0.09466099704284289,-0.2973725267097607,-0.6974908282636009
2024-08-07,0.39975419926266004,0.30225844827737824,0.24385509010243261,0.19278433984038162,0.0937777141316865,0.009273939004640621,0.1724113294435943,0.16758229119164966,0.09406922816752321,-0.29774796126312264,-0.6975021605257811
2024-08-08,0.3957311182465508,0.29834903834621895,0.24226399877272212,0.19266993781824768,0.09261134927869112,0.008442704471499255,0.17040496710068156,0.16521801059667288,0.08884659227963504,-0.30038125067751403,-0.6961123689240633
2024-08-09,0.3888829914841977,0.29165765429220486,0.23646418775021644,0.18595249773344186,0.08431202185572297,0.0006731175000398177,0.16177079222472568,0.15726608027102415,0.08229521864122978,-0.30711642188801774,-0.6959994133722139
2024-08-12,0.38361023005330097,0.28436505781010224,0.23098676610848812,0.17846812779584215,0.07877036363009472,-0.004516558059996601,0.15688516023032795,0.15063283223213966,0.07432888837620567,-0.3165180587779616,-0.700128288831261
2024-08-13,0.3921304907148114,0.2930901365976143,0.23743691174057494,0.1850329750223787,0.08435651907302119,0.0016263277283986534,0.16311344015592924,0.1567165623133248,0.08293920326650567,-0.3081800613260475,-0.7003105520408573
2024-08-14,0.3863978392346919,0.28694119143895186,0.23164264388161923,0.17741882983321022,0.07699858729741568,-0.003524462868023307,0.15701810354818335,0.1519595626791682,0.08159978516255127,-0.313330528705446,-0.6997283679401363
2024-08-15,0.3959911427737799,0.29560347219162597,0.24069824221889885,0.1835582439988362,0.08535948599531366,0.004133567291582681,0.1649100622283688,0.15942386347094267,0.09059068299830242,-0.30179725450659844,-0.6977883972803767
2024-08-16,0.3939826737846577,0.29086529867082306,0.23582787523020257,0.17844491107680038,0.07955507141010892,-0.0027663778202230045,0.158737677883733,0.15481871901256303,0.08580042627978125,-0.30544661451963706,-0.6994292883042931
2024-08-19,0.39186979500288116,0.28706627767256443,0.23093035719340202,0.17442343679209188,0.07669317802707333,-0.004366792269273573,0.15484384082602554,0.15036416720385062,0.07882054721372976,-0.30979386751123794,-0.7016636625141175
2024-08-20,0.3744888306209919,0.27109119101856305,0.21318431420951944,0.15703845485354617,0.059473599006761094,-0.022755536548731418,0.13714824000067324,0.13323522249383915,0.06278908115228637,-0.32835434063853647,-0.7028431712595268
2024-08-21,0.37042872456713566,0.26872109091359614,0.21159532427356115,0.15325203954373404,0.05641488233711087,-0.02766857204648998,0.13352456124003767,0.1303046249032597,0.059433745687925456,-0.3279158148270334,-0.6983445393941675
2024-08-22,0.3533757066998575,0.25248210771506263,0.19739040127241603,0.13784358231178717,0.042693453408871,-0.04126498598766183,0.11907051669403414,0.11412015849106683,0.04477553454825198,-0.3439729002092243,-0.6973486069090803
2024-08-23,0.3504732389550699,0.24935402867402817,0.19522371223175897,0.13263969850325427,0.03864275251497819,-0.04725760780380015,0.11536995417517612,0.10869399387575726,0.03826963598605525,-0.3499606958190689,-0.7004339347741373
2024-08-26,0.36565980573429996,0.26140570667316215,0.2058678745525962,0.14255352978528552,0.04776298657215433,-0.0376782938149368,0.12511775771469819,0.11979477158404622,0.04949679312655716,-0.3414293510477605,-0.707089156782059
2024-08-27,0.3507576292371444,0.2508158595154484,0.19195131106725943,0.12953126755388938,0.03493804103830876,-0.051562489864221434,0.11038249902641913,0.10463683618826548,0.0338607768729629,-0.35780994092162627,-0.7085675701587691
2024-08-28,0.35763114741282465,0.2579805396464248,0.19739611071751453,0.13338337371101544,0.03793430780321641,-0.04779716376784537,0.11369080436208104,0.10962386979923502,0.04046094160405758,-0.3560591437324637,-0.7136902911452869
2024-08-29,0.37256346758158365,0.271646390937736,0.2113875640919967,0.14631709377933458,0.051377897675923566,-0.032174441646621345,0.12855317814374878,0.12646996669754332,0.05539723550530137,-0.3416340960684136,-0.7141975636499959
2024-08-30,0.3931724350576569,0.2905158568719115,0.22894802784263157,0.16516128961741297,0.0709389497610485,-0.014094676676942638,0.14928901896348687,0.14684109394739073,0.07464918563777759,-0.3211793665686632,-0.7143518016263187
2024-09-02,0.37781373971523585,0.2724728972250485,0.2139661334007425,0.14946900723586712,0.05458994046892017,-0.031807934791900264,0.1302520577416073,0.13012415672865346,0.05811955170480393,-0.3402541422418413,-0.7180678819570758
2024-09-03,0.3892620264464974,0.2835339557824059,0.22394942150021568,0.15701528719054977,0.0626643485431921,-0.02360658609202413,0.14016998560592883,0.13958043709104484,0.06808566550097485,-0.331796139902415,-0.7210581663489111
2024-09-04,0.38162547125418206,0.2763840097483024,0.21797398363907247,0.15112169787146712,0.0557740224815297,-0.028070317823093976,0.13449435548374195,0.1325082242810356,0.06236339985932835,-0.338302744534956,-0.7199282157891368
2024-09-05,0.39205478361766316,0.28518697304772433,0.22608246582845887,0.15895332184936428,0.06438616677886141,-0.017787379209813565,0.14346147476287122,0.14236070969713824,0.07161328321435503,-0.3305022821603968,-0.7225570657780587
2024-09-06,0.37184930473799777,0.2660158266051475,0.2082488139772046,0.1414895951204424,0.0464625129523477,-0.036976517413136734,0.12454391272110933,0.12225044134510912,0.05293731658244624,-0.35151170491039874,-0.7233610096483952
2024-09-09,0.37319826168155706,0.26454944346021286,0.20632001959547286,0.13907002697687998,0.04396659188453525,-0.04149984139148333,0.12129780333943975,0.11872572475063503,0.049675459140421915,-0.3533891422128766,-0.7265874038944324
2024-09-10,0.37877871079198083,0.2701609405848044,0.2124034785025982,0.14377026900638962,0.04838324093588806,-0.0386523184511689,0.12668237504171234,0.12663023840269627,0.057541466973005315,-0.345386861929804,-0.7241655727217836
2024-09-11,0.3742648532694703,0.26385260621958284,0.20799158628322204,0.13970991359367624,0.04366531054826669,-0.04002081136749873,0.12434100391885144,0.12187437935418478,0.05341214646070679,-0.34997798328856167,-0.7242428365580307
2024-09-12,0.37106839072541803,0.2624135789375734,0.2061281761991593,0.1383439271189994,0.039979309606924494,-0.04279468857961091,0.12163589217056496,0.11875438298713702,0.049460469315811856,-0.3535827108128527,-0.7246511015382695
2024-09-13,0.3552862804822166,0.2476924554912137,0.1918980994565114,0.12766086371178337,0.028684050458648656,-0.05542303012147286,0.10906372168892298,0.10330086014647032,0.03544499371997705,-0.36649631104557956,-0.7217825915277949
2024-09-18,0.3491518206808683,0.2411484214252424,0.18513095681070935,0.12049322064552608,0.023287958802363146,-0.06083220566435277,0.10478730569391573,0.0976157540219195,0.02906451463877389,-0.3756013520486701,-0.7247531727295371
2024-09-19,0.37440599522776896,0.267297520087982,0.20758888011717844,0.14134780111727763,0.04651524718729921,-0.03920449868532813,0.1259822800396151,0.11853177614940438,0.05190633372317523,-0.35359129273051887,-0.7279972879582864
2024-09-20,0.3719966209121275,0.26467617251988945,0.20355765311113735,0.13662737246820217,0.04355900055398625,-0.04481901340023472,0.12302788396704888,0.11515480947765021,0.04672040409874155,-0.35853796984942116,-0.7305345907615473
2024-09-23,0.3754028541002007,0.2674491359191988,0.20609029491348382,0.14056011184724432,0.045446522702047534,-0.043778764867056855,0.12271222449940945,0.11553396603180395,0.04813033563356155,-0.35671709839027593,-0.7321199524904752
2024-09-24,0.4110984955206524,0.30291423577736554,0.2447322092533939,0.1765945311283263,0.0815638106815912,-0.007445442193663707,0.1592234156546854,0.15147899599943582,0.08171406940247333,-0.3228428700845973,-0.7339413656052483
2024-09-25,0.42444109237497485,0.3150297063153028,0.2556846805266214,0.1877802435006411,0.0914470206632132,0.002617203915808792,0.171026924603039,0.16386473218015501,0.09448780392242634,-0.3103440031233683,-0.7347850954983417
2024-09-26,0.45778011904869687,0.34861991018168814,0.29194312989856314,0.22472269353446364,0.12663055474426071,0.03816648350196071,0.20506499597682332,0.19827069631773558,0.12802660338598926,-0.27856155567969076,-0.7363416747283862
2024-09-27,0.5100266247308096,0.3956750815859996,0.33770126861629746,0.2672071912715462,0.17366140492471305,0.08522835036792488,0.256221326078685,0.2507094039161107,0.1821675342007244,-0.22308156969221823,-0.7331081944230263
2024-09-30,0.6193960451828334,0.4992867849427894,0.4418618567175555,0.37040194757860073,0.2789686266296026,0.1911181343015505,0.37245706245529625,0.3689957501374231,0.30211372163045036,-0.09916626765753253,-0.7185623128403644
2024-10-08,0.6905966892235984,0.5644397335939227,0.5067779950344004,0.4453369475563552,0.35025327257515027,0.2665414099441283,0.4588174849077228,0.4629049181197682,0.40141774020267995,0.006779931646187745,-0.6838167575774092
2024-10-09,0.5925223247005792,0.4610515646544111,0.4000265637896434,0.3384690161551059,0.23885533462660746,0.15906080523097954,0.34890870743672964,0.34963443841690867,0.29210035042337545,-0.09673747349960586,-0.6892597982001836
2024-10-10,0.6049393543502004,0.47747432149185837,0.41184153122412864,0.3465936121279341,0.24956848730220732,0.16851169052002007,0.355497325309201,0.35303349987895133,0.28552564021223115,-0.1194897411970472,-0.7244290955472461
2024-10-11,0.5592086573637615,0.43251752481825056,0.37164937727559133,0.3053658389296884,0.20680763103811525,0.12604302156481983,0.31772850939616554,0.3102280348336877,0.24515913828348007,-0.15983504241796243,-0.7190436997817223
2024-10-14,0.5951012206096201,0.4645360534007061,0.4056707012092443,0.3386877344840347,0.24120780939455505,0.16425492809323283,0.353297390387397,0.345999851045398,0.2850672710341732,-0.12312958851683563,-0.7182308091264542
2024-10-15,0.5803983774728576,0.4516177638548314,0.3914863091772937,0.32655947915946815,0.22869184814204263,0.14663616494989554,0.3379296916639526,0.3317737088933623,0.2700723379633207,-0.14111511782816089,-0.7215134953010169
2024-10-16,0.587505989397344,0.4566645836838137,0.39779698727256385,0.3323103303828868,0.23445495195902002,0.15133631283306928,0.3411763435854889,0.3314194335113428,0.2743026328723046,-0.1390105678074313,-0.7265165572047737
2024-10-17,0.5811554071655601,0.4516382647419751,0.3964390841086105,0.3300181347084852,0.22755988944686337,0.14560187473790276,0.33903363632114875,0.3289700732749262,0.2730110712965664,-0.1424229418968402,-0.7235783490623987
2024-10-18,0.613074933481221,0.4861881429868818,0.4275612077371157,0.35929385116002915,0.26059921083779897,0.18036748456655427,0.372583479470994,0.3603492259097642,0.30350548891812984,-0.10760682772565842,-0.7206817612068778
2024-10-21,0.6405999561901162,0.5069970667180341,0.44767211789456035,0.37986459003948886,0.28309809060634067,0.2035115366282848,0.3935475047371498,0.37698345642086895,0.31850896746362917,-0.09132243300976069,-0.7319223891998753
2024-10-22,0.6527841417782123,0.5189654409238644,0.45597445969123934,0.3880595671017933,0.29241621742954765,0.21481576844336622,0.40525602237260355,0.3844872349242216,0.32800584673804895,-0.07942046485162736,-0.732204606629838
2024-10-23,0.6521586429554554,0.5157505226316275,0.4581070791245768,0.38591506554793836,0.2941831953343647,0.21404404457312534,0.4046645461070659,0.3870852842954543,0.3327600006225291,-0.07788872256635818,-0.7300473655218119
2024-10-24,0.6472807132095522,0.5137133300739662,0.4571499110387401,0.38098027253639805,0.288717729290314,0.21275873896668326,0.3956771420393886,0.38025825839523353,0.3258567798993891,-0.08555780666452745,-0.7328385198740779
2024-10-25,0.6710385863604351,0.535140331319035,0.48512762733731013,0.4047051193167989,0.3138246955262331,0.2356396307761101,0.4167846674150281,0.39963354789182715,0.34644425865575906,-0.06705621358502567,-0.7380947999454591
2024-10-28,0.6971511303392731,0.5634007109736519,0.5111935096791,0.4281938981088918,0.340594007602667,0.25762802168714605,0.4392270162872902,0.4183527190013082,0.3697286928288879,-0.0453931065562132,-0.7425442368954847
2024-10-29,0.6742736111390705,0.5459160491714191,0.48923895453677135,0.4085243683446573,0.3183433715212959,0.23456774373271727,0.4129757098539528,0.3962372450527558,0.3472373164385948,-0.06888637904437783,-0.7431599901834466
2024-10-30,0.6740422839987158,0.5462097811859032,0.4904867188496339,0.4108115886913836,0.31954651636827763,0.23716402841330314,0.4160876415497087,0.3948372198179324,0.34647199241118426,-0.071286202338854,-0.7453284863375681
2024-10-31,0.6832969354437536,0.5618017726880297,0.507072625436085,0.42584148452948967,0.33393665557689556,0.25415912162697757,0.4277165539354342,0.41039713345807516,0.36067933800744184,-0.06184926804222406,-0.7451462034859759
2024-11-01,0.6483308531335119,0.5203728295689944,0.46611760024593035,0.38317804395607746,0.29121386682230777,0.216283719564345,0.39244467088503976,0.36963983313424525,0.3242724262466668,-0.09318783211829387,-0.7415186852518041
2024-11-04,0.6769708022415337,0.5481994628227036,0.49347067933199984,0.4078931615843423,0.31400412926867366,0.23881840279982422,0.4143444881831785,0.3915940359174249,0.3443621080707119,-0.07313656715604006,-0.750107369397572
2024-11-05,0.7074290560436456,0.5790699977345093,0.5303435682557344,0.4406114937975411,0.34438100736356486,0.27311209501593453,0.44388252381133203,0.4209697647728765,0.37251382274001854,-0.046027708017468506,-0.7534567640611124
2024-11-06,0.7147886100703448,0.5816247824577767,0.5357001690513346,0.44690564755992257,0.35075269309377133,0.28115486160476033,0.4500044845301334,0.4285535496945228,0.38090436801218786,-0.04173379447697141,-0.7565224045473146
2024-11-07,0.7412360958409152,0.6018324291953597,0.5578669202694452,0.47020076672459404,0.3724112218273275,0.30412599241798616,0.4750186856471706,0.4541606413987079,0.4101808480156457,-0.014931209137973338,-0.756167304978887
2024-11-08,0.7457015131338872,0.6049689319704418,0.5599870827536894,0.4743944343114953,0.3756802924670344,0.30773241551963987,0.4752561192334754,0.45395743221580986,0.4095913270295999,-0.02037836223181995,-0.7660798753657055
2024-11-11,0.7678522862473055,0.6263447977901423,0.5809324098741275,0.49547200700644217,0.39756394916525095,0.32815171170424345,0.49737890194817935,0.47577699844364213,0.43201132692393784,0.0018110708695931316,-0.7660412153777107
2024-11-12,0.7608678919041671,0.6165625963029583,0.569045268524148,0.4865521167499389,0.38744650377247164,0.3185784665375633,0.4886321390480141,0.46712020754940137,0.42420798546198163,-0.005741648747737827,-0.7666095406519033
2024-11-13,0.7651776346928973,0.6169282320322732,0.5677994076370927,0.48457497544277184,0.3895862389950561,0.31993332470182245,0.4894769793754326,0.4715048087311206,0.4261249405672608,-0.005654207774866063,-0.7708318424677617
2024-11-14,0.7357004940104643,0.585356562216925,0.5358294042534693,0.4525745906352817,0.35970301387496595,0.28812155329962047,0.45970053183715015,0.44115765715522004,0.398773503687736,-0.03702780040818205,-0.7727282944186448
2024-11-15,0.7175237173137694,0.5663296403193991,0.5188724293267751,0.42990384663567843,0.34031304906675824,0.2686144868676988,0.4356351212588245,0.4188264134897404,0.38040740846253523,-0.05442450781566888,-0.7719482251294367
2024-11-18,0.6938466971036211,0.5399049975912057,0.4908578792473651,0.4002331175422605,0.3103389691929438,0.23847315163764787,0.40514407527598956,0.3928173187767858,0.3506369643099029,-0.08083135525184516,-0.7746780523554647
2024-11-19,0.7265670326630732,0.5691206361567046,0.5233648541393141,0.43129129388339965,0.33890669950720914,0.2666367862368692,0.4337586812511543,0.42311851488764646,0.3783041272776341,-0.05330817169464945,-0.7798752043577211
2024-11-20,0.750942145539637,0.5931689744328266,0.5472861259789291,0.4561404921672588,0.3647668644783745,0.2877289073155245,0.45660904557995896,0.4424098823610465,0.3998978094223374,-0.03020869852453459,-0.78115084406417
2024-11-21,0.7546274825554388,0.5949764935540315,0.5493254283505218,0.459562350382884,0.3663460353758454,0.2882873903242019,0.45920801112275816,0.4451689808993373,0.40350184115626825,-0.02470343702543836,-0.7793309195808756
2024-11-22,0.7152432407106952,0.5562186135415237,0.5109874015669797,0.42153363224770746,0.32834785088788176,0.2510379969273356,0.4232105795409228,0.4046520750683855,0.36648821790093333,-0.06053771564804676,-0.7757809563587404
2024-11-25,0.7295290386213055,0.572492927954773,0.5283548880696517,0.43877003983254953,0.3423153605440132,0.2653766156855642,0.43828195113820473,0.42000511900150694,0.38006865713204313,-0.04499797564683172,-0.7745270142681356
2024-11-26,0.7181189501394674,0.5629056640996938,0.5166972150692356,0.4287480893789463,0.33071675028708647,0.25605042833767494,0.4260332408018066,0.41451630100080505,0.37307762847174214,-0.05692744312314631,-0.7750463932626122
2024-11-27,0.7363473470206716,0.5822041801927467,0.5376624282975883,0.4493559507842394,0.3516119217640628,0.2772508672997184,0.44439364689085964,0.43219161417806645,0.39114243085483474,-0.038604122396196365,-0.7749514694168665
2024-11-28,0.7376036894005078,0.5816577128987096,0.5430408274762223,0.450206154492778,0.3551551235202196,0.2778852419040247,0.4450898134534343,0.4345095600532619,0.3904361414518605,-0.036962871037491504,-0.7745665604379979
2024-11-29,0.7557939755989646,0.5969127729920088,0.5621486124413545,0.4686356210368194,0.37097235410450163,0.29555444438710116,0.45966161782784265,0.4503826750240308,0.4044559584453612,-0.027956417208313274,-0.7837503928072763
2024-12-02,0.7791141347390256,0.6171666089524144,0.5829439494377715,0.49015115685679644,0.39921600967709026,0.3186192090505023,0.4857015438071727,0.4717528457934249,0.42510374649563754,-0.010200234026766876,-0.789314368765791
2024-12-03,0.7771646997825398,0.6234934838437189,0.5826598793114736,0.492758800692533,0.40165041707797017,0.32260005405554143,0.4897767733368889,0.4747258724646015,0.423268960446712,-0.0068044014004841075,-0.7839691011830224
2024-12-04,0.7634627734360535,0.6091052516540821,0.565943119834691,0.47895130602938585,0.38836262148851236,0.30653960368354977,0.47454057548495454,0.4587267539213741,0.4062435963082946,-0.02119982586296215,-0.7846625992990142
2024-12-05,0.7752444322468409,0.6208572546917566,0.583187489686416,0.49548855994893304,0.4001794491112757,0.3249615126915894,0.4938972858880731,0.47220184191937603,0.41901289750440207,-0.010944443862815506,-0.7861888761096549
2024-12-06,0.7862851775210997,0.6302103241129353,0.5906471812486731,0.5031733176781973,0.408263957152165,0.3377644501715788,0.5039387267140024,0.4784410582493222,0.42961919344694377,-0.0031269426277011313,-0.7894121201487994
2024-12-09,0.7863006080970092,0.6303825983520615,0.5934712216463479,0.5002786109825558,0.40753526638418197,0.3351785306027806,0.5030432057958515,0.4809349423690543,0.42878030757826757,-0.0039037967391458697,-0.7902044048361536
2024-12-10,0.7922160592187727,0.6366510365845127,0.6040692089011556,0.5101926017698323,0.41768610689190644,0.3462003636291045,0.5131563791408568,0.48763520868071625,0.4359035301463343,-3.335435825336901e-05,-0.7922494135770246
2024-12-11,0.8059986855368934,0.6505308734407165,0.6186142963465147,0.5246635959755586,0.42963795010782346,0.35956813968273477,0.5309402750868333,0.5019991304129053,0.44750154338911025,0.006001584296243851,-0.799997101240648
2024-12-12,0.8179429212105218,0.6615183177760635,0.6304480544816902,0.5352594874187265,0.4380483356914293,0.37047877385212646,0.5398251707118202,0.5138526908031783,0.45536432540966026,0.018203130808713615,-0.7997397904018068
2024-12-13,0.8035069204324061,0.6445999512230891,0.6119571330262656,0.5157943731685349,0.42146308784390524,0.35212188633950486,0.5239759243745811,0.49550715806346857,0.435298512211768,0.0013238379251609596,-0.8021830825072438
2024-12-16,0.8000162418817363,0.6391859770328718,0.6041948642634163,0.5088807255252817,0.4182754692467122,0.345929462520866,0.5154544924765598,0.48837456864720347,0.4296983868790156,-0.008230156269058079,-0.808246398150793
2024-12-17,0.7670630324009045,0.6036453616009209,0.5639340313270019,0.468638698650908,0.3772421348376907,0.30814399199806936,0.47676514575962786,0.45084534379219987,0.39387360061161725,-0.048645347503189676,-0.8157083799040928
2024-12-18,0.7720315080697966,0.6104952200256679,0.5696984541247567,0.4792161345582759,0.3843231439657181,0.31746518232563736,0.4825195774549772,0.4568922055021754,0.40254576750328447,-0.043170721206786146,-0.8152022292765815
2024-12-19,0.7735790630685274,0.6093925256279543,0.5717593601570092,0.4783663815062971,0.3856671353867501,0.32047423200514297,0.4866671610197155,0.4609712623821234,0.4094870260119891,-0.03922090448875624,-0.8127999675572825
2024-12-20,0.7850746659999418,0.6191205038926887,0.5850490676965646,0.4914369107253973,0.3999341056123517,0.33476884912493016,0.5013444466592131,0.47198327375452764,0.42163739598777417,-0.030582486116440516,-0.8156571521163811
2024-12-23,0.7468363638033141,0.5705301199630455,0.5395437929261095,0.44219594632604303,0.35270845777592474,0.29147826936525645,0.4588910286405232,0.4283156235302431,0.37699184487939896,-0.07340449344932268,-0.8202408572526355
2024-12-24,0.7577387115764498,0.5819054723570684,0.550327792719057,0.4522510067223321,0.36089364881411706,0.301205853397097,0.4685479230547497,0.43965915579570947,0.3884482593914782,-0.05769167922287676,-0.8154303907993252
2024-12-25,0.7376102054748985,0.561046360231849,0.5268321586517182,0.42619242948301717,0.3335272211368591,0.2778468305269932,0.44919895001744037,0.41952107562986174,0.36862360249543624,-0.07714025477835604,-0.8147504602532533
2024-12-26,0.7493219075904481,0.5767304774348686,0.5414652333872829,0.4408797742086063,0.3447787166144667,0.2948605918671688,0.46422870195082644,0.43503313528515697,0.38253522152832714,-0.06724915033969349,-0.8165710579301403
2024-12-27,0.7594442368871932,0.5856316237183249,0.5501426136256973,0.44888303987222905,0.3557931279238827,0.30283072285111645,0.4726968160498452,0.439504280831195,0.3918111163586955,-0.05996203145331292,-0.8194062683405048
2024-12-30,0.7544134226359178,0.5732193251968793,0.5377890189531246,0.43684233313807785,0.3437429931981783,0.2936026360167981,0.4611505297604535,0.42922079546286734,0.38117823899958275,-0.06917486843480439,-0.8235882910707208
2024-12-31,0.7301783804694632,0.5427609681823621,0.506403791047891,0.4095056236419908,0.31638222972638164,0.2644394170128955,0.4382414372417096,0.3996852436829923,0.3516280059875555,-0.09930120820342778,-0.8294795886728895
2025-01-02,0.7074858834782032,0.5190004582619527,0.4849469083388252,0.3953095547783982,0.29809232588679707,0.25019168138221737,0.4235942572052102,0.382691078390483,0.33265890534620457,-0.11513922619620107,-0.8226251096744028
2025-01-03,0.6744867107740371,0.4866498739757169,0.4445389640562183,0.352282966604004,0.2521864445465382,0.2043480088406761,0.3771765395740725,0.341619545353431,0.292052190775456,-0.153769153669251,-0.8282558644432867
2025-01-06,0.6746214920282283,0.48376871651817294,0.44076794684468334,0.34493939489079206,0.24537105687618785,0.1969300960596796,0.37577640216957975,0.33603271084220043,0.2931960771541706,-0.156389825864034,-0.8310113178922609
2025-01-07,0.7033270127977738,0.5137233123453063,0.47206555744588885,0.3790688511334476,0.27466622446017147,0.22456690517487016,0.39813326893220063,0.358327271673095,0.31433669011534576,-0.13770899117619462,-0.841036003973967
2025-01-08,0.7003762388984298,0.5122628494844191,0.4742975268671045,0.38126531338035313,0.27393481897337885,0.2219268039124581,0.3948581056241092,0.354181443699125,0.3108776358396757,-0.14254945222248586,-0.8429256911209143
2025-01-09,0.7020879061554743,0.516199410699528,0.48007800198133593,0.38656179708902905,0.28099794972170744,0.22509097824638521,0.3973581744595462,0.36013227740864745,0.3156919713968963,-0.13910501751793464,-0.8411929236734076
2025-01-10,0.6733346796181848,0.48723594056019853,0.44647548166750595,0.3529397857457376,0.24899709870381143,0.19361765355538574,0.3684783032623382,0.3301019510579043,0.28902908343125533,-0.16682477608914711,-0.8401594557073305
2025-01-13,0.6769557404923116,0.49035622744337437,0.4488227821836566,0.35472904658114296,0.2500992464022889,0.19903732404763752,0.37176732884134656,0.3347761077303792,0.29322823278789595,-0.16314736328393695,-0.8401031037762471
2025-01-14,0.722076298713353,0.542782128610493,0.5006236790295273,0.4075944241358429,0.3053937915322533,0.24872654339540223,0.4189193735826417,0.3822214054265381,0.34209998176220674,-0.11558737070085986,-0.8376636694142114
2025-01-15,0.716571692229186,0.5379132008233523,0.49445425638120283,0.40387817516542485,0.30143981608986903,0.24423042956376487,0.4132348925293193,0.3769204746322765,0.3356999627222385,-0.12266621009940916,-0.8392379023285937
2025-01-16,0.7232121063794321,0.5460733471361365,0.4995669145757155,0.40974288624111765,0.3088729756124496,0.2519830293239268,0.4187336616056067,0.38259429619458823,0.3434944859194137,-0.11772678666397048,-0.8409388930434012
2025-01-17,0.7278527430421021,0.545734933866561,0.5014694500180987,0.40776946189523366,0.3078102646223451,0.2532906097345753,0.4180610491229797,0.38269412831756927,0.3452066661425119,-0.12087492673296364,-0.8487276697750644
2025-01-20,0.740300006433245,0.5604304381840007,0.5139855925031163,0.4188935139732066,0.3195535205478728,0.262394788511913,0.42947489600595523,0.39245040327603925,0.3572655601230971,-0.11096233530671105,-0.8512623417399546
2025-01-21,0.7402864246575631,0.562388649399942,0.5150720412075305,0.41617650256936445,0.31853127368424344,0.2589416328984109,0.42570073877415765,0.39083932753611145,0.3530420764586244,-0.1134170612015182,-0.8537034858590798
2025-01-22,0.7314404288648424,0.5496025288131137,0.5019613507864191,0.4058069159188897,0.3058300508092254,0.24507462428333437,0.413802963344001,0.38090310328801363,0.34244476683414893,-0.12714241028580978,-0.8585828391506507
2025-01-23,0.7326607244709515,0.5465997964527578,0.4988771082412516,0.4007579072183268,0.30246409428724247,0.24272015596072954,0.41109312658755703,0.37944598709332245,0.3385697666801465,-0.12799918043179556,-0.8606599049027457
2025-01-24,0.7440040533233208,0.560516281811202,0.5141422213350166,0.413270832895922,0.3170487013960146,0.2568696011781584,0.4262150726397695,0.3912786578542326,0.349711707366207,-0.11834900797060594,-0.8623530612939253
2025-01-27,0.7318768134902544,0.5404365448701737,0.495050174576764,0.3998332393334197,0.30264687887446606,0.24762593632424948,0.41567042959927014,0.38194714217233766,0.3413650563081135,-0.1251239079698814,-0.8570007214601343
2025-02-05,0.7408362369891518,0.5563307287081587,0.5107302000881103,0.41986823375137755,0.3158355947531234,0.26239252615030967,0.43149445570717554,0.3898113868127671,0.3516311576679197,-0.11584671878343916,-0.8566829557725895
2025-02-06,0.7572723858845284,0.5800677634835282,0.5366951368333855,0.44570415148079595,0.34167679282553737,0.28774931711751073,0.4545602244954064,0.41022604188620204,0.3741836811141621,-0.09293795830780602,-0.8502103441923329
2025-02-07,0.7700617092463714,0.5933483863099154,0.5489966154819806,0.45807844026469746,0.3559245774216999,0.30319045389414917,0.46592153165674755,0.4249840276856092,0.3868193874459325,-0.0788651467272787,-0.8489268559736486
2025-02-10,0.7871648374133526,0.6125514111229472,0.5699484883183302,0.47646577445857036,0.3780183340979799,0.32012240968107164,0.48385070127501656,0.44275882841784686,0.40508427719225865,-0.060012373865631255,-0.8471772112789824
2025-02-11,0.784922409262756,0.6135381351343582,0.5698411349366571,0.47248956129157,0.3716069954868974,0.316185619202498,0.47913971325434734,0.43685630828242217,0.40111403887559793,-0.06745324081843437,-0.8523756500811889
2025-02-12,0.7921713908263677,0.6250538421385627,0.5806462883770019,0.484943846181118,0.3824792232037305,0.32449626962645395,0.49084332088617333,0.4454211828575243,0.4089969648058515,-0.05908058808590945,-0.8512519789122757
2025-02-13,0.7825982611269884,0.6133053872486385,0.5722324928774045,0.4765392593398919,0.3740905334977855,0.3152101557892449,0.48031306466779106,0.43395618246072015,0.39616231049124934,-0.07180032887090347,-0.8543985899978904
2025-02-14,0.7892019530812667,0.6163670023621437,0.5761441361750851,0.4762084618706537,0.37665499032579985,0.3185896727077853,0.4831652133115027,0.43556376564317567,0.40083638033095675,-0.06848147290274506,-0.8576834259840104
2025-02-17,0.8005590937783409,0.6290247554668557,0.5925449777390942,0.49011590451516385,0.3904352406983711,0.3328504339998376,0.49849432650446707,0.4492213855323365,0.4191990904966583,-0.05818041534840245,-0.8587395091267419
2025-02-18,0.7748846342707688,0.6000003138404807,0.5663455934988947,0.46199207286082217,0.3607457400678013,0.305065738487681,0.47122312080187273,0.42447736189930635,0.3941418982624373,-0.0806887258260745,-0.8555733600968419
2025-02-19,0.7961736860666158,0.6181304311351893,0.58865082113674,0.4875607347301022,0.38508561027762406,0.33152925154031543,0.49713791601476864,0.44987325879386225,0.418321357212289,-0.0592469167991828,-0.8554206028657971
2025-02-20,0.8059398652491122,0.629146932930803,0.5962803148163259,0.49745758312512306,0.39219833841417734,0.34092334726032836,0.5092813477692962,0.4600442267288333,0.4315441992308563,-0.04584503057914312,-0.8517848958282539
2025-02-21,0.8138702296820565,0.6413426910985555,0.6100782151627038,0.5093650559381869,0.4026874808837289,0.3477317089829766,0.5194187301478665,0.46450932887550894,0.43826213371020883,-0.03810350358977659,-0.8519737332718317
2025-02-24,0.8190686984423738,0.6443808271319184,0.6132633811768086,0.5116129777303173,0.4081947719167614,0.3525718377897637,0.5247170632203743,0.47053270856747426,0.4438757621874417,-0.0341356469614861,-0.8532043454038586
2025-02-25,0.8097853735248857,0.6429322950804739,0.6104843915021455,0.5060173345153444,0.40596308249962704,0.3483737280320146,0.5207033144440687,0.4655659536857879,0.4394735142041933,-0.037225389527550466,-0.8470107630524347
2025-02-26,0.8211329838196088,0.6562005957587603,0.6243618126428062,0.5213194802449886,0.42189457507967854,0.3625532280074232,0.5371604279797562,0.4792609020525434,0.4514224049683574,-0.022500911623057264,-0.8436338954426646
2025-02-27,0.8196262060796259,0.6550146150215663,0.6204376536578807,0.5175866590210931,0.42035459475668946,0.3585579809189985,0.537169405894989,0.4768382907683129,0.44931268196497676,-0.02535476302992719,-0.8449809691095518
2025-02-28,0.7830594724826855,0.6187305789135835,0.5813752801404919,0.47763824415889355,0.38325114679633837,0.3270878027658431,0.5069631166073222,0.4417453578446212,0.41862782445987157,-0.05699072863797672,-0.840050201120661
2025-03-03,0.7896355220851322,0.6258028927893611,0.5864105658535185,0.48174093133486456,0.38798303243534826,0.32973469266972005,0.5132951358608115,0.4488250619420033,0.4295038908975943,-0.05196382909595506,-0.8415993511810861
2025-03-04,0.8038268650019513,0.6376645653941371,0.6015408520715579,0.49463215038819836,0.40211803775990607,0.34388904009545396,0.5296059291528958,0.4607121699158462,0.44128316339241475,-0.039911809332978485,-0.8437386743349287
2025-03-05,0.8054409472519293,0.6419485489299885,0.6048085016230255,0.5033860137107585,0.40604064804794665,0.3481638640137755,0.5327262436162186,0.4642467727443788,0.4439613352825276,-0.03904724891389957,-0.8444881961658276
2025-03-06,0.8204470308869897,0.6601080785332603,0.6228280440462738,0.5216801058128543,0.4259670373428868,0.36881457180614413,0.5527904010334767,0.48269738616593544,0.46268718737364684,-0.021838375876889474,-0.8422854067638779
2025-03-07,0.8195349627025506,0.6549423921314816,0.6159866208705009,0.5138938102573376,0.41898463775813766,0.365857323459498,0.5452459531696591,0.4778920127213435,0.4569953232248514,-0.02532013660970627,-0.8448550993122556
2025-03-10,0.825986531136222,0.6592847900229615,0.6204272586851801,0.5199531675745979,0.42423223230402746,0.3694329054416386,0.5542371913353823,0.4821654925109673,0.4611487236376548,-0.019007858150509253,-0.84499438928673
2025-03-11,0.8286225853341509,0.6641883153071626,0.625402517718386,0.5233065300529841,0.43004709383113937,0.3746839784130827,0.5595991208823708,0.486199555713655,0.4657342039211488,-0.016859989935335953,-0.8454825752694856
2025-03-12,0.8348403271875134,0.6704515186073425,0.6323273845140507,0.5293571052831207,0.43574400678182773,0.3793404494269725,0.562561555148181,0.49065658831019715,0.4703015336340567,-0.010434749954847167,-0.8452750771423594
2025-03-13,0.8214189109214849,0.6560905912840834,0.6185079559898706,0.5134154545178762,0.4193226999884236,0.36921832019432815,0.5504158096915042,0.4803873867928825,0.46274679651910977,-0.017012812867064075,-0.8384317237885478
2025-03-14,0.8421040229257384,0.6764204311997757,0.6382775681632298,0.5289794027176904,0.436920848607459,0.38264883811005146,0.5671906829483621,0.49802662544390525,0.4828106462799599,-0.0021529249305834164,-0.8442569478563207
2025-03-17,0.8468570908690973,0.6797613958002778,0.6424736818668773,0.5338062816073095,0.4427433946940302,0.3890238447663605,0.5752410131066137,0.5044523402870151,0.49096418599630404,0.0028770744136288997,-0.8439800164554673
2025-03-18,0.8513899134584699,0.684930178302496,0.6448712269585122,0.5390356236675129,0.44846673013111765,0.39689098238639015,0.5819108249736432,0.5125210086264123,0.49594300285977694,0.008240955993019501,-0.8431489574654493
2025-03-19,0.8460767502709395,0.679126366631928,0.6359144218569036,0.534198603819177,0.44516931573279866,0.39131152825554183,0.578096367918539,0.5089848521400968,0.4922580654585236,0.0023085285960007355,-0.8437682216749377
2025-03-20,0.8438830494522016,0.678429765687824,0.634989032853734,0.5323048850348717,0.44632692680517555,0.388568492227017,0.5776428325394707,0.5068892908002544,0.49274135599628166,0.0026496159021786505,-0.8412334335500219
2025-03-21,0.8283374679305066,0.6579604371484624,0.6158223582115465,0.511474868599671,0.4279988787747174,0.3718673525596977,0.562468750425366,0.4909622382230586,0.4777407207606616,-0.011854167273535526,-0.840191635204041
2025-03-24,0.8134060280197206,0.6396840310571033,0.5936630567663403,0.48981914228469414,0.40983965700643615,0.35467090304565085,0.5429011637439084,0.46941206238414934,0.45823656465212975,-0.028197711052102933,-0.8416037390718225
2025-03-25,0.8124754312655629,0.6368952331782751,0.5843745164271616,0.48113111138044173,0.40088552438630776,0.35058315361990683,0.5351174134517991,0.4651666566163717,0.452261862786221,-0.02942950776781527,-0.841904939033377
2025-03-26,0.8245275262159616,0.6479299371472752,0.5948111689743548,0.4939578631591017,0.411595337992098,0.35914935798639813,0.5482034025319535,0.477019200999748,0.463175560626819,-0.017673287893112368,-0.8422008141090729
2025-03-27,0.8215375377456253,0.6395334665160081,0.5858032401526508,0.4846638752560799,0.4027123280609497,0.35253960762514286,0.5456477189846004,0.47455144413363654,0.4621945168577013,-0.02079157386618614,-0.8423291116118103
2025-03-28,0.8049256647777739,0.6229045666519305,0.5696445264490806,0.46968816919124995,0.3893212345910405,0.3399525742222776,0.5304246275281194,0.45862020963918226,0.4480890004071601,-0.03152730879269194,-0.8364529735704648
2025-03-31,0.7936071095615833,0.6099780298168792,0.5594462982413276,0.4557790178061625,0.3735652194215975,0.32799333462959257,0.5204075377899897,0.4486332743781327,0.4365316218693727,-0.04416759554473453,-0.8377747051063168
2025-04-01,0.8066181972316516,0.6242998077254128,0.5715168038730651,0.4632908894917956,0.38256203588181914,0.3405314524666823,0.5287358376413964,0.459758187241814,0.4462749765879338,-0.03571358846367487,-0.8423317856953254
2025-04-02,0.8123500009444189,0.6276934951711282,0.5768598153687189,0.46767468093602077,0.38235225477968654,0.34176048868069614,0.5292859337411532,0.4617424946463135,0.45007368378228696,-0.035532938167290175,-0.847882939111708
2025-04-03,0.8078894631201532,0.6204362415774283,0.5658415228510794,0.4583552268981764,0.3748363983280146,0.3364701759531834,0.5227338469288145,0.45396413096612065,0.4413892499297689,-0.042295694024869074,-0.8501851571450212
2025-04-07,0.668327640912571,0.4941079443938122,0.4398887544856883,0.330184802970821,0.2459009527014513,0.20906225447089877,0.39602353637381166,0.31650881374811535,0.3069995941285236,-0.18371739876017606,-0.852045039672746
2025-04-08,0.703904033537501,0.5322292925561098,0.4800784125328486,0.37025310160377545,0.28719623883603995,0.24894724331554577,0.43582557558591173,0.35590583391151054,0.35785957982092453,-0.13608650931456162,-0.8399905428520615
2025-04-09,0.7286210853647683,0.5529281654487189,0.5080297556560281,0.39814998935554524,0.31150226306009715,0.2734721723788005,0.46716445868521067,0.38391137959386246,0.3884051439110583,-0.10487902278380713,-0.8335001081485744
2025-04-10,0.758233010932646,0.5823273626296165,0.5407461582870827,0.42876816981287924,0.3413347846684398,0.3026002302180806,0.49398318243097866,0.41353337272923857,0.4160511777117309,-0.08097565147638404,-0.839208662409029
2025-04-11,0.762711041271969,0.5889546203250365,0.5495211998473832,0.4356350567694803,0.35107040057754624,0.3092149929886748,0.5009518856217077,0.4210311352458978,0.42618472484899916,-0.0761375793413473,-0.8388486206133153
2025-04-14,0.7853464556588924,0.6117766155908981,0.5727993087434874,0.4553063170284541,0.3721082214300407,0.32981681860088596,0.5221250355448087,0.44028499080264655,0.44374281125922194,-0.060610622534962036,-0.8459570781938535
2025-04-15,0.7844050256469163,0.6113431442721383,0.5707072856872429,0.45399823830723063,0.37384044688050894,0.3308379554466124,0.5237796420043039,0.44144204101272716,0.44553456025177185,-0.059639524800716694,-0.844044550447632
2025-04-16,0.7722581166286819,0.5927126831791482,0.5529745424883351,0.43721759236175733,0.35712158627772683,0.31444132226676275,0.50807130143981,0.42347215191449067,0.4300924727093182,-0.07639340536481823,-0.8486515219934992
2025-04-17,0.7821798788318989,0.5999769382675135,0.5580462112025024,0.44354426148041637,0.3613098711224001,0.3192589052090186,0.5139402571213124,0.4268635291452413,0.4320036060151862,-0.07355810977726564,-0.8557379886091636
2025-04-18,0.7787525906195655,0.5975049236015576,0.5550958946642464,0.44084917330458157,0.3604589073981193,0.3173175993050606,0.514309199375033,0.4279527095033057,0.43188958331413435,-0.07274513901090082,-0.8514977296304653
2025-04-21,0.7996632732241443,0.6209533796858727,0.5741852283221632,0.46068534794922883,0.38198002699907574,0.3388259318886049,0.5348531593639704,0.44747454064278075,0.44822006852576957,-0.0587364933152562,-0.8583997665393995
2025-04-22,0.8039723553102219,0.6230639624894887,0.5754481758804272,0.45935425998522317,0.38039313238597533,0.34039052143451115,0.5339976213377122,0.4463648750659832,0.4486053149496331,-0.059296751417935216,-0.8632691067281562
2025-04-23,0.809931271078266,0.6291699919083164,0.5846532751544734,0.47164382753710654,0.39211844301604987,0.35285355814136515,0.5450484660645396,0.45746567025266205,0.46009328462594773,-0.05053754958495161,-0.8604688206632166
2025-04-24,0.8036493662505565,0.6205530512395525,0.5735066517468109,0.4639797877764194,0.3818164185815623,0.3422157267191875,0.5351818584816631,0.45042265152549676,0.4482374303402497,-0.056395138528827965,-0.8600445047793835
2025-04-25,0.8075300596284264,0.6239299228782381,0.5760925966293637,0.46841852900802944,0.3842520137812437,0.3456707085862194,0.5371377320877261,0.45473168452689283,0.44979956158686357,-0.058059820647160955,-0.8655898802755864
2025-04-28,0.7979787402108532,0.6103517793226201,0.5594336636031949,0.45384414539832035,0.3706123123417081,0.33318646291742715,0.5247207807796567,0.4439907079824905,0.43678373786886515,-0.07060388298829758,-0.8685826231991498
2025-04-29,0.8064997043870284,0.6201684047489014,0.568608460285298,0.46427954524439496,0.38254400673643624,0.34543200598786544,0.5367495165312302,0.4545810943414037,0.446675605796504,-0.06213694919242496,-0.8686366535794524
2025-04-30,0.813805833468596,0.6300281602626494,0.5775198790533407,0.4760262562064013,0.3942589764233701,0.3564976034948308,0.5487465791341183,0.4642987528412388,0.45714844462455156,-0.051827955186037986,-0.865633788654633
2025-05-06,0.8398219271750628,0.6609461023551635,0.6059374748448674,0.5091328053177205,0.42641541802379423,0.3888723272237524,0.5795508930390207,0.4947019756611451,0.48681136775949463,-0.020495873595402017,-0.8603178007704638
2025-05-07,0.8504713147464683,0.66962593598804,0.6102965864003438,0.5159598944833067,0.4327656062207462,0.3950862037021426,0.5888460302858891,0.49998757563298785,0.4913986259398382,-0.014862705400216305,-0.8653340201466837
2025-05-08,0.8622627533198067,0.6816085176541052,0.6218999859366696,0.5299005881632102,0.44524817434799924,0.4094613485220253,0.6022766900964535,0.5153306734135042,0.5020394715330133,-0.0030813862025850826,-0.8653441395223909
2025-05-09,0.8546794570846505,0.6699497138160305,0.6091254024954165,0.5177196188040124,0.4295625755007727,0.3960586039621723,0.5917180790760832,0.5058297193895296,0.491264762985052,-0.015355142346106231,-0.8700345994307559
2025-05-12,0.8679167681818097,0.6827007484812455,0.6275742646403463,0.5324637487164328,0.4416305169831542,0.412077435564583,0.6044638302690502,0.5229705513162538,0.5031011646035133,-0.0007447981903669059,-0.8686615663721758
2025-05-13,0.8679745935663361,0.6808185499216135,0.6254815339855595,0.5315863492337818,0.43884421311446825,0.41109801631613757,0.6028425285228772,0.5191962996063466,0.5013846937794434,-0.00286264915420682,-0.8708372427205421
2025-05-14,0.8674920062318109,0.6811720318878273,0.6270078341543449,0.5328869606478913,0.4437178388786399,0.41336878863679577,0.6045678030994164,0.5193714085207453,0.5015488722196416,-0.0022892393155671074,-0.8697812455473772
2025-05-15,0.8606973051396315,0.6698180815710455,0.6163899582714837,0.5216349364053628,0.43240810429276677,0.4030890654446566,0.593028301518529,0.5078911036245485,0.4925732129546478,-0.014369667872286086,-0.8750669730119168
2025-05-16,0.8648599503037389,0.6715845577728969,0.6196079929976072,0.5269476678064204,0.4399142400932855,0.4137981610909881,0.6012559827245388,0.5115194054343696,0.4988501192382004,-0.005934857960971542,-0.8707948082647097
2025-05-19,0.875549522322814,0.6798656669464161,0.6293233814081695,0.5366886367199442,0.4467930191156461,0.4215545850296837,0.6092152195680931,0.5197162559622929,0.5048742982102554,-0.0015579518894252757,-0.8771074742122387
2025-05-20,0.8865677219588954,0.6916828587366769,0.6393177018716377,0.5468991380567277,0.4571673680662686,0.4338110339879568,0.6209487943881449,0.5312955718884868,0.5149482477064342,0.006099507415567333,-0.8804682145433275
2025-05-21,0.8821756636481457,0.683984954131493,0.6350756106908871,0.5424840256165793,0.4488956325534861,0.4264546235089723,0.6152005582231097,0.5260365431329762,0.5089138499674022,2.1147498288914476e-05,-0.8821545161498561
2025-05-22,0.8689058058501798,0.6702379433543614,0.6221006932916119,0.5292276488439327,0.4328947012041834,0.4108456715423188,0.6015210748269216,0.5146414489495166,0.49700435857369485,-0.008406770339994235,-0.8773125761901733
2025-05-23,0.8603550395985442,0.660160682418693,0.613178605020281,0.5160159281229643,0.4225794045896181,0.3981706931749775,0.59320997098814,0.5036097553462311,0.4853529168905681,-0.01671575620262847,-0.877070795801172
2025-05-26,0.8672917814024687,0.6726964998869437,0.6230753185094017,0.5264308534362419,0.4356135481888161,0.41153497805921185,0.6063566380337873,0.5129134287177503,0.4932355289790945,-0.00940039307107397,-0.876692174473542
2025-05-27,0.8705150179743795,0.6796922695027218,0.6267008639549835,0.53085820728407,0.43626342853946776,0.4139623758827934,0.6063009573628068,0.5121822579983537,0.4942629744103823,-0.012918736884579389,-0.8834337548589581
2025-05-28,0.8681774452139279,0.6744348473775457,0.6210939033051726,0.5274286092414061,0.4329506672837902,0.4111183503972226,0.601045415127914,0.5084128970172699,0.48928168043003867,-0.01568828371889439,-0.8838657289328216
2025-05-29,0.888981959513209,0.6958326283813585,0.6391057958218536,0.5465333785509996,0.4481791527333831,0.43072470710994276,0.6198663653776747,0.5239108616102984,0.5065898636149508,0.0003143480110161939,-0.8886676115021921
2025-05-30,0.8766233941852846,0.6811418395347341,0.6201930994246684,0.5322198936763729,0.4322344228900668,0.4147146350155394,0.6040158128393515,0.511528825046963,0.49323464381441434,-0.01154674400496683,-0.8881701381902506
2025-06-03,0.8844138346086641,0.6901291915197818,0.630320334652453,0.5431026628434903,0.44127575704243044,0.4240376248494541,0.611496591031241,0.521720135448375,0.49988596267363467,-0.004173305861816247,-0.8885871404704795
2025-06-04,0.8974009240784827,0.7009328981498316,0.6392046488151468,0.5537309790323331,0.4512548523420249,0.4362797503124372,0.6225631245788026,0.5353170358455626,0.5092200686128099,0.005017373449282077,-0.8923835506291998
2025-06-05,0.905295662727155,0.7057668118122649,0.6473753828605342,0.5586593402708604,0.45369663922428594,0.4381831991060181,0.6236288225371585,0.5421802338061863,0.5133123570829317,0.004607154649096823,-0.9006885080780573
2025-06-06,0.9073288521573001,0.70478226739272,0.6475806565193539,0.5604139981874202,0.45164339102592027,0.4369445746679451,0.6236644586665249,0.5391901822689872,0.5140394915618189,0.004877835128766959,-0.9024510170285323
2025-06-09,0.9212082508102828,0.7215511547433161,0.6641649877572663,0.5758044506420549,0.4659616840657661,0.4494978414046466,0.6387459032268014,0.5489821547240656,0.5261551117161534,0.01697057981694524,-0.9042376709933366
2025-06-10,0.9123932760630228,0.7138232190665835,0.6542121168679825,0.567880239577889,0.4576229020327779,0.44174104554381544,0.6293579789799004,0.5417075970072996,0.5205311890803226,0.007516292878512423,-0.9048769831845095
2025-06-11,0.918735860765841,0.7221109241439366,0.659988297635991,0.5724675995613548,0.46154457219447925,0.4482423440478841,0.635306713382777,0.5482864664445051,0.5270577334662797,0.012480931457450276,-0.9062549293083898
2025-06-12,0.9208495849576355,0.7265595003384587,0.6646297496202446,0.5737708015267791,0.46653721736097414,0.4507462888210596,0.6386184540093076,0.5499872634499957,0.5297510443905227,0.014804336770571042,-0.9060452481870634
2025-06-13,0.9040673533114119,0.7079297456126205,0.6473921579319261,0.554791662612054,0.4458996931874408,0.4331510806039,0.6209370943620458,0.5299517532973067,0.5123542921445579,-0.0003730735505836479,-0.9044404268619946
2025-06-16,0.9131429311757163,0.7160444695785576,0.6566758340062137,0.5668592263641266,0.45534563019184965,0.44351708701094517,0.6322735909431514,0.539818410039095,0.5233302674074812,0.009301760994960908,-0.9038411701807545
2025-06-17,0.9095909565310184,0.7162632123310483,0.6547106717004857,0.5674139551815781,0.45673288863226413,0.44035207846063407,0.63163918603188,0.5386520606146424,0.5226472945211503,0.009743702928420262,-0.8998472536025973
2025-06-18,0.9049100382700774,0.7115733337072877,0.6495382715584743,0.5645101902878303,0.45295074570659355,0.43716239833979414,0.6293086266318356,0.5370653417829787,0.5224215655699763,0.008110096656970704,-0.8967999416131058
2025-06-19,0.8876277575439302,0.6916781699655189,0.6264597243728098,0.5458911361015463,0.4321301950250176,0.41743426375952697,0.6093608345272994,0.5197730944312314,0.5074814474875765,-0.007137910196630027,-0.8947656677405593
2025-06-20,0.8839061770501644,0.6842904530286151,0.6213085824482203,0.5377765119553954,0.4213343050781458,0.40959382261800886,0.6044286502587867,0.509242045491042,0.49777858055252044,-0.014758920532502962,-0.8986650975826664
2025-06-23,0.9005747941470672,0.7002879796498773,0.6421028641594787,0.5581943513386249,0.44091348746669035,0.4296370115820464,0.6221697155585687,0.5265209910094414,0.5142566578625584,-0.002150497624914441,-0.9027252917719807
2025-06-24,0.9153221003448884,0.7157410289838383,0.6580439734083123,0.577893892176308,0.46502402059446063,0.4546564292737143,0.6464861323177746,0.5520864500653602,0.5369613145292785,0.021780776652770076,-0.8935413236921174
2025-06-25,0.9268919244182651,0.723869054411735,0.6664173752664436,0.5878733059242277,0.47249659875011324,0.46438407565033435,0.6556710369261561,0.5617279806005234,0.546166206832373,0.0313647114562844,-0.8955272129619798
2025-06-26,0.9234762622881922,0.7239972483611739,0.6654198934989719,0.5863172280345602,0.4678322969318473,0.46378812382880485,0.6524470891531391,0.5597723152377326,0.543725104798078,0.029283325229682976,-0.8941929370585083
2025-06-27,0.9302035265086794,0.729964017639413,0.6701681965392668,0.5908459438180136,0.47557800369734016,0.4688069310320908,0.6573311536414721,0.5641412741097692,0.548931806351194,0.037345964351319885,-0.8928575621573587
2025-06-30,0.9440364374648327,0.7470352025949274,0.6886854980058028,0.6064886743679884,0.4898102595991047,0.4817147172357953,0.6695153892763201,0.5750076328414095,0.5615995580648845,0.048188932280454504,-0.8958475051843774
2025-07-01,0.9488703624141599,0.7480560740649573,0.6905654433331873,0.6069393287091067,0.4914017175354007,0.484537684585069,0.6724553426186516,0.5807029549205028,0.5632394562829057,0.05210406167134465,-0.8967663007428145
2025-07-02,0.9431852862758422,0.7387415196070022,0.6841228136130983,0.6001307669217834,0.4830711749795048,0.47937086346744867,0.6673783886917632,0.573592670373171,0.5615592119809609,0.05144410963987435,-0.8917411766359671
2025-07-03,0.9502430794172323,0.7477383770300939,0.6903972074260358,0.6074557280720667,0.49067419743536955,0.48805958505584457,0.676056664710047,0.5815746647019173,0.5669718510622028,0.055610520414261344,-0.8946325590029702
2025-07-04,0.9403418426467334,0.7378448459825778,0.6799219868391028,0.5972286536329675,0.47901960023108686,0.4789722653193813,0.6677052886992253,0.5729616587398846,0.5587562329763952,0.045253788808878814,-0.8950880538378538
2025-07-07,0.9464621524287765,0.7458129513665973,0.6907991260030979,0.6046025210176913,0.48550227088091924,0.48663527715292354,0.6752268139124563,0.5818777452240829,0.5622789616994797,0.05227031296749274,-0.894191839461283
2025-07-08,0.9568815532948651,0.7590051988635572,0.7046168763322295,0.6170286926207061,0.5007685238240843,0.49930163736064975,0.6887515925425064,0.5950529148049746,0.5751776207134277,0.06515420120029888,-0.8917273520945654
2025-07-09,0.9553091298046984,0.7561550229880104,0.7057210489978626,0.6141229054348314,0.4978801034711836,0.4989017155020378,0.686808999816117,0.5938185769708602,0.5781274645760226,0.0633485357817084,-0.8919605940229892
2025-07-10,0.9578520449635182,0.7568770736335296,0.7079237875715108,0.6126972573465845,0.49601102158457194,0.49802538415420367,0.6877330179109288,0.595538562260842,0.5796426669407211,0.06618692296733286,-0.8916651219961845
2025-07-11,0.9611366164039923,0.7592902917041975,0.7132458284344272,0.6143565446278438,0.5000114047503457,0.49995654137333156,0.6900044498156803,0.597018825248488,0.5828266530972267,0.06952086839643987,-0.8916157480075516
2025-07-14,0.9655262336406202,0.7624894404250908,0.720906393729629,0.6176731797461454,0.5049020840567345,0.5039867271917978,0.6959141942755466,0.604884910842492,0.5904082934097864,0.07661444383998069,-0.8889117898006387
2025-07-15,0.9581099057411595,0.7533587890207675,0.7103149078598363,0.6088496017110677,0.49600261761827863,0.498511368149307,0.6868175158150897,0.5985352210090142,0.5814832381512421,0.06873239540323071,-0.889377510337928
2025-07-16,0.964511527467614,0.7590593601614446,0.7130855630159264,0.6147496870221725,0.4991572065148447,0.5046411670922394,0.691306107832412,0.6022041318670448,0.5888714051672101,0.07496588149349712,-0.8895456459741161
2025-07-17,0.9764736834482193,0.7710330024261862,0.7235455391290915,0.6250039920913398,0.5084193242466606,0.5138387210648734,0.6992889700855482,0.6104304280335262,0.5959750620430946,0.0845026398760925,-0.891971043572126
2025-07-18,0.9784844006165141,0.7709746430010088,0.7236127287099662,0.6258564870057026,0.510521634339471,0.5165942702641968,0.7021072193834088,0.61419808544974,0.5976159771439311,0.08583396687646193,-0.8926504337400514
2025-07-21,0.9910426431891473,0.7819945321141701,0.7355921308617915,0.6361275312191016,0.5247853155516389,0.5314356507668875,0.7163819087608359,0.6289073373318825,0.6148867343506744,0.10060419163328649,-0.89043845155586
2025-07-22,0.9908299435631659,0.7804660333592551,0.7337182771732789,0.6354998178188896,0.5221792699999311,0.5326536624756327,0.7189137940462004,0.6304761448875703,0.6199301968190306,0.10284525128423408,-0.8879846922789311
2025-07-23,0.9828454934517257,0.7718837659010469,0.7265663419979828,0.6255947179813597,0.5132113503890193,0.5207039506629771,0.7105897167331585,0.6251883894994194,0.6115028309324391,0.09429015687685866,-0.8885553365748663
2025-07-24,0.9951978937505043,0.784487747982346,0.7384193432965512,0.6405545338180542,0.5297925950385175,0.5313384779859086,0.7236720216554334,0.6371557063094575,0.6242265776508439,0.10518713653970362,-0.8900107572107999
2025-07-25,0.9997371553865874,0.7862377569757989,0.739891250923714,0.6424847692190256,0.5292055607149418,0.5326713389140065,0.7275570127218095,0.6397784704203641,0.6272214894218086,0.10642168895389834,-0.8933154664326883
2025-07-28,1.002483746070333,0.7917478136926258,0.748987919053074,0.6510204108521679,0.534807768973247,0.5374360558883919,0.7336634100022956,0.6463059701053535,0.6369506307998946,0.11275577454422708,-0.8897279715261053
2025-07-29,1.0033894400247794,0.793594915674426,0.7480189851067159,0.6523967720808882,0.5381308041782019,0.5373152067497059,0.7383158981889297,0.6474776691445685,0.6374854043451447,0.1123142357800654,-0.8910752042447132
2025-07-30,1.0005700327348264,0.7840844512182465,0.7445575238377796,0.6434260249463367,0.5323495508181336,0.5324708784791277,0.7344103010551364,0.6420501443291016,0.6307658918483561,0.10706662995298759,-0.8935034027818379
2025-07-31,0.9886643701802796,0.7747018757337052,0.7376538773220295,0.6329010042872494,0.5236022005935353,0.5214967919873915,0.724074475911234,0.6321488182225239,0.6182564928931733,0.09639263726850045,-0.8922717329117783
2025-08-01,0.9949103678022775,0.7828831955795854,0.7425558571317331,0.638559524528192,0.5251725027629233,0.5242365127622305,0.72721150538624,0.6366245565890476,0.6254091297237032,0.10161550202857358,-0.893294865773703
2025-08-04,1.004512634240174,0.7941918970266594,0.753921038026898,0.6494706886595524,0.5379884427870125,0.5372106304493587,0.7413862297560674,0.6480475688266162,0.6382200321439595,0.11454744856475575,-0.8899651856754173
2025-08-05,1.012025237451116,0.8052171741807719,0.7634869282093201,0.6581942899308756,0.5481188680754835,0.5480628820994449,0.7528656338000672,0.6589705119936461,0.646680062208775,0.12313987625860967,-0.8888853611925053
2025-08-06,1.0199485142365883,0.8140499930442691,0.7738483401374303,0.665054147871137,0.5554273042708331,0.5567064062331535,0.7621289890409578,0.6653339263966953,0.6554477265280702,0.1286725467624749,-0.8912759674741123
2025-08-07,1.0184570707161764,0.8129732859291647,0.7754150834144218,0.6659534559677287,0.5551846864250979,0.5577663920170767,0.7616948695258206,0.6686120314324505,0.6544697742450211,0.12817647994444256,-0.8902805907717328
2025-08-08,1.0157555606444795,0.8135061865599367,0.7727610333489019,0.6644180204515477,0.5564154029529831,0.5589857696291569,0.7598731599416046,0.6693096790993626,0.6558657336427046,0.12680202301359475,-0.8889535376308837
2025-08-11,1.0311090460759722,0.8319793930203813,0.7893718115009929,0.6830651402036562,0.5738700613849654,0.5739519455719048,0.7750974081132976,0.6827205632349629,0.6686217315367214,0.14128078325008855,-0.8898282628258827
2025-08-12,1.0326944349058642,0.831007840268999,0.789669703035353,0.6815326649360527,0.5720879211249384,0.5757220657692281,0.7752691958816313,0.6818604286473923,0.6682446201714843,0.1413642618216036,-0.8913301730842595
2025-08-13,1.0393557006759149,0.8353836598168515,0.7958529574057459,0.687745834756132,0.5774661239660708,0.5826079415147595,0.781930723107434,0.6874057135554674,0.6741769055060457,0.14941066014907362,-0.8899450405268403
2025-08-14,1.0196461996628359,0.8160889996809519,0.7753256414893062,0.6700037021306299,0.5591551266623667,0.5648541648342212,0.7638774945759229,0.6681924009360418,0.6557334722316158,0.13354685812132883,-0.8860993415415059
2025-08-15,1.0353305697500252,0.8320882429373606,0.7913004883045602,0.6881892887098567,0.5771382794086461,0.5823864596640899,0.7837567016381158,0.6883115664491583,0.6754700983631821,0.15171817609190508,-0.883612393658119
2025-08-18,1.0522623076236335,0.8507221546857409,0.8095646712379548,0.7039187081479524,0.5944656458073367,0.6015732911299574,0.799185914171507,0.7046619000068339,0.6901434325670578,0.16569131130585876,-0.8865709963177736
2025-08-19,1.0591946135513208,0.8568291274627007,0.816252897585126,0.7071340396923053,0.5983614377865479,0.6081423364118008,0.8044502685058333,0.7081978135613062,0.6944499303835263,0.16998772798592762,-0.889206885565392
2025-08-20,1.0655601266609431,0.8620115212813454,0.8227861878604383,0.7129085959701366,0.6035347012544384,0.6143164842148968,0.8133273196514402,0.7138675608620499,0.7010664850068216,0.17716110899752385,-0.888399017663418
2025-08-21,1.059432913557664,0.8583897425160643,0.8193257784570174,0.7100766124038942,0.6001678814256416,0.6084768653565539,0.8103999417223798,0.7117860686136054,0.7009869789156797,0.17872227487465056,-0.8807106386830121
2025-08-22,1.0673525839606026,0.865168951638988,0.8263951720240111,0.715445380726532,0.6046318325015773,0.6120710610998238,0.8170727085140541,0.715458816987294,0.7049651649650591,0.1819101956038288,-0.8854423883567726
2025-08-25,1.079059777629451,0.877415896365485,0.8382739645586035,0.7259594268693264,0.6161509835809196,0.6214736575019089,0.8260490315116629,0.7252175995489443,0.7154084678102579,0.19302832505790493,-0.8860314525715449
2025-08-26,1.0852393081001575,0.8826016489994817,0.8404249312772356,0.7270981699989028,0.6176607909818701,0.6250972898117372,0.8276546197733838,0.7288786354475691,0.7169688311310638,0.19675007055087704,-0.8884892375492792
2025-08-27,1.0595732042138324,0.8586697975153591,0.8134159703330857,0.698744629021283,0.5866730498819596,0.5986364235305122,0.8018198168268128,0.7059133348315866,0.6893623065570252,0.1689894987882784,-0.8905837054255528
2025-08-28,1.0614518866116354,0.8622706383821191,0.8169783966712357,0.7052063970594725,0.5907989887740344,0.606078751941748,0.8122770569710733,0.7120079455178513,0.7001858386696646,0.1759505299409606,-0.8855013566706735
2025-08-29,1.0583760452072213,0.8597388233209385,0.8135995094171692,0.7006840041334021,0.5861672789587027,0.6006166050362401,0.8076063650803006,0.7071718133167877,0.6978178053144579,0.1740997620515897,-0.8842762831556304
2025-09-01,1.0660319774339682,0.8708672535697041,0.8235910287462526,0.7138519040511707,0.5943767741808585,0.6114852736361535,0.8153790821100321,0.7132750658543668,0.7092109534244478,0.18315171242821962,-0.8828802650057473
2025-09-02,1.0420362927387297,0.8474375166394222,0.8025525815459557,0.6946091227251024,0.5752037672105608,0.5936746771032488,0.7986968831576853,0.6984789583597757,0.6946270167013043,0.17078040841599287,-0.8712558843227355
2025-09-03,1.022183905444053,0.8273823202621111,0.7810537752811533,0.6704976517350794,0.553336253070413,0.5703286666647238,0.7789492774615591,0.6785709646855953,0.6723491106991315,0.1504985762084321,-0.8716853292356196
2025-09-04,1.0181824965433595,0.8209687960906543,0.7772215932759002,0.6669061980345947,0.5460058893930608,0.5658373732859389,0.7678835994298805,0.6706545386005139,0.6629668952710356,0.1398964570522719,-0.8782860394910864
2025-09-05,1.0500976965997775,0.8494217637524403,0.8027303008876775,0.6959102149408178,0.5691565756337553,0.591909488423883,0.7907812097588229,0.693269087095688,0.6858750324628944,0.1609234494305236,-0.8891742471692526
2025-09-08,1.0681783675205445,0.8595060319857781,0.8132811579932311,0.7072022647329103,0.581372108057205,0.6052309313138048,0.8034569926001588,0.7068677680515432,0.7000857265823476,0.1748584301527779,-0.8933199373677654
2025-09-09,1.0577643138631074,0.8477054313788348,0.804835504178434,0.6962725288863324,0.5716586274016003,0.5943450260452818,0.7917232584104354,0.6954978769033638,0.6907008405670177,0.16318754244318737,-0.8945767714199189
2025-09-10,1.0626260556509313,0.8517946144124167,0.8094485674791277,0.6989526062517541,0.5761098681829537,0.5939319042386132,0.7952049671225235,0.6954286079717518,0.6933624334959553,0.1632102613889289,-0.8994157942620011
2025-09-11,1.079428289943922,0.8693078681084735,0.8266673884421785,0.7153109891213048,0.5922861002072679,0.6117782850020538,0.8122218220216644,0.7091646423524474,0.7057709424828762,0.1776364648347606,-0.9017918251091602
2025-09-12,1.077294061247275,0.8695484759772182,0.826561440101766,0.7155805977238798,0.5922192793934472,0.6099846436486974,0.8087577731115703,0.7067265961409681,0.7024894715614001,0.1742280088186554,-0.9030660524286184
2025-09-15,1.0771298482532725,0.8704100208395049,0.8273561671726166,0.7155466862294103,0.5907234138262752,0.6101697856329795,0.8076681270985338,0.7071145147274611,0.7041871809135497,0.17412005720749973,-0.9030097910457716
2025-09-16,1.0896407291741357,0.883625714626846,0.8365723731275561,0.7296020884662912,0.6040445772407634,0.6207475837225723,0.8190558830833774,0.7210933245399577,0.7201864294813592,0.18835152710557454,-0.90128920206856
2025-09-17,1.091820203032496,0.8857837849495238,0.8385135461674565,0.7347978391700489,0.6060298189707418,0.625458176079855,0.8242224393094281,0.7232199051886774,0.7221706228189506,0.19046883645864773,-0.901351366573847
2025-09-18,1.0751881207279643,0.8686176654709733,0.8249715782168315,0.7178557847385244,0.5909316992310966,0.6109815487194118,0.8088837544467447,0.7078974290149463,0.705750725530382,0.17590103941049454,-0.8992870813174685
2025-09-19,1.0704426403997938,0.862361179669622,0.8174286318348422,0.7129149065837349,0.5838581919763527,0.6052514336482,0.8059650943689912,0.7009144270587608,0.6997645320991832,0.17039609886525392,-0.9000465415345384
2025-09-22,1.0724491686515756,0.8630976916951179,0.8225798763566441,0.7144654087943867,0.5869104854592494,0.6109076912286103,0.8079642947288561,0.7012088173543034,0.699576141707175,0.172952158358951,-0.8994970102926232
2025-09-23,1.0585652042299492,0.8487320171082295,0.808020825097235,0.6981787178757711,0.5723985105188683,0.5979218429478746,0.790384904751876,0.6874326479015311,0.6888409201360757,0.16078736144414185,-0.897777842785806
2025-09-24,1.0730268460628045,0.8610433040316928,0.8212372756089154,0.7151985376277268,0.5861144272077468,0.6143237514895356,0.8064229546862286,0.703543230530959,0.7056330643131575,0.17955606119640083,-0.8934707848664023
2025-09-25,1.067855670440319,0.8536806033715405,0.8175885626528032,0.7086701858614695,0.581049103375658,0.6094949895393414,0.8004582250553577,0.6974418720017559,0.6990839764529636,0.17264436973588693,-0.8952113007044307
2025-09-26,1.0615846508142095,0.8441123624957216,0.806356136343554,0.6998810620787298,0.57133753098116,0.5995340172566633,0.7882552300730754,0.6873246531030878,0.6885868070066911,0.16276664260478957,-0.8988180082094185
2025-09-29,1.0714918002789764,0.8570426312025391,0.8187468362564965,0.7077808553174424,0.582547043843175,0.6086432845996328,0.7982305799078955,0.6941306773877812,0.6964098364429782,0.16937757797039785,-0.9021142223085771
2025-09-30,1.0734562044801057,0.860168681650823,0.8235946018460154,0.7118391538748291,0.5857479586070655,0.6130728434900544,0.7998359883032579,0.6991826114792066,0.6997784922378032,0.1715738158990048,-0.9018823885810994
2025-10-09,1.0811116274970516,0.8675979228780002,0.831371209119998,0.721864788324466,0.5949893230592477,0.6241419274276466,0.8090458193610317,0.7046845761436372,0.7062946297147236,0.17754057609749674,-0.9035710513995534
2025-10-10,1.0775316334099307,0.861428816894091,0.8260447427909908,0.7165841934615269,0.5913708093484117,0.6203222034687603,0.8079830440674554,0.6988714178844355,0.7047270280878964,0.17729331531400738,-0.9002383180959219
2025-10-13,1.0744444045632693,0.855845788393406,0.8206654339139998,0.7152841574503285,0.5853358390069278,0.6164822647437149,0.8051452586991171,0.6950582077901303,0.6995633718705857,0.17079873078948796,-0.9036456737737798
2025-10-14,1.065019008417997,0.8449577179389063,0.8081155331031485,0.7029634409257245,0.5707426006506495,0.6059974922955892,0.7920078463469387,0.6813136628578262,0.6896941646017704,0.15710194868403243,-0.9079170597339629
2025-10-15,1.084365357104967,0.8611490258096526,0.8265257318041545,0.7191393271137582,0.5889165686866413,0.6179805347877122,0.8063254919460937,0.6954636064675822,0.7010382767171202,0.16906179309913338,-0.9153035640058319
2025-10-16,1.0708890859977664,0.849328575013702,0.8136883224280334,0.7073893468883637,0.577817254547444,0.6053266560325345,0.7965532840179512,0.6874458184548624,0.6897504185723187,0.15888164038606936,-0.9120074456116954
2025-10-17,1.0528572363582953,0.8275502894594382,0.791617510254657,0.6874959019213935,0.5530794372503322,0.5813975590656895,0.7725652368205806,0.6639283973989044,0.663805435600547,0.1345668298767379,-0.9182904064815557
2025-10-20,1.06817707921149,0.8407960167735744,0.8044718519071131,0.7014290002275992,0.5667951407446651,0.596307274015184,0.7897059945211101,0.6762279405155242,0.6782443785859168,0.14791016216601408,-0.9202669170454741
2025-10-21,1.0828113508378305,0.8601142916623251,0.8203017311866672,0.7172121753623367,0.5844904504109354,0.6146404426575134,0.8068620778484535,0.6930308474062062,0.6971646561465311,0.16427891636030112,-0.9185324344775275
2025-10-22,1.0773598874880634,0.8556467406146208,0.8173000898368502,0.7140313002057058,0.5815006543819107,0.6118451301539354,0.8076742022876867,0.6910256745693663,0.6986513335443314,0.16511326347923905,-0.9122466240088225
2025-10-23,1.0791467047596237,0.8587778833848566,0.819575211857131,0.7155734892399692,0.5824807494088966,0.6162377317227904,0.8093680464152893,0.6935565537444639,0.7040676582907467,0.168925148953842,-0.9102215558057798
2025-10-24,1.086085124751938,0.8650768469767093,0.8281545985381776,0.7249691638756051,0.5907118264403495,0.6246520392976421,0.8155546599384357,0.6994942089561966,0.7099759769159703,0.17323455071468494,-0.9128505740372512
2025-10-27,1.0924219404836149,0.8719768430917386,0.8376371853687207,0.7320836504836464,0.5970846684441984,0.6341056763944213,0.8234803360252505,0.7080372945693757,0.7215787924206454,0.18003214948249618,-0.9123897910011167
2025-10-28,1.0946155876482315,0.8732766236270606,0.8375195798576122,0.7337921294538712,0.5996598433460639,0.6334671235146023,0.8248336918829543,0.7075096965214488,0.7200211814857461,0.1820741828386595,-0.9125414048095701
2025-10-29,1.0974145058244928,0.8765689257638103,0.8391767506323237,0.7357687718142664,0.6048991645739074,0.6373522407098339,0.8272269135616331,0.708868536435789,0.7237521160183263,0.1807665327668438,-0.9166479730576472
2025-10-30,1.0844408517782798,0.8651380086722531,0.8262375498251431,0.7215787472048018,0.5910505294293394,0.6234908456281246,0.8145522368369796,0.6942436563171388,0.7123468816450758,0.1693295392617679,-0.91511131251651
2025-10-31,1.096360507666989,0.8756606734869012,0.83565517941923,0.7282451106156614,0.6026601731351465,0.6348353350878371,0.8233368321436094,0.7019485259414339,0.7229500771082414,0.17880233883907398,-0.917558168827913
2025-11-03,1.103037564491494,0.8841345361154053,0.8433704373879102,0.7377347355256543,0.6116766963190078,0.6427476127497596,0.8323625106315278,0.7141330703663795,0.7309690208570779,0.18981394381000805,-0.913223620681484
2025-11-04,1.0950950904163705,0.8750680861116017,0.8360015898244335,0.7302081301356746,0.6042297382954912,0.634836612641594,0.8236929911243919,0.7089895760667548,0.7247477085253085,0.1825675616644234,-0.9125275287519451
2025-11-05,1.1017578058537243,0.8808558222273059,0.8408278953206859,0.7403717941987412,0.6113177045363439,0.6440585593765049,0.8311432258012104,0.7190476272110659,0.7293911093381642,0.18967840355405657,-0.9120794022996657
2025-11-06,1.104213486082577,0.882261432942078,0.8428011992519029,0.7451104650479841,0.6174454098435213,0.650311003745983,0.8359712592578478,0.7233116689666196,0.733896124951381,0.19294628237514924,-0.9112672037074258
2025-11-07,1.1031153215835614,0.883448330210423,0.8377864889329215,0.743621714232517,0.6157491091162102,0.6508221789942259,0.8350686175872241,0.7202492144244901,0.7306683788019098,0.1877698304074452,-0.9153454911761142
2025-11-10,1.1096023997357016,0.8911281074895951,0.8445422051022298,0.7483980568363188,0.6225090962649349,0.6540493378370841,0.8402841018218532,0.7242414745679685,0.7410965903681579,0.19534020551221168,-0.914262194223488
2025-11-11,1.110827403492216,0.8909174070290654,0.8439449609724997,0.7486772179631571,0.625436242587256,0.6585448787113519,0.8458571263223778,0.7263985377352371,0.7458877978846769,0.19782978419455194,-0.9129976192976623
2025-11-12,1.1046141202763868,0.8864540460838428,0.8382908816942615,0.7461488781526384,0.6181724007563285,0.6531497508308872,0.8400490464801867,0.7232288035297614,0.7421140960846344,0.19378609256791,-0.910828027708475
2025-11-13,1.112877001630777,0.8963507443158845,0.8505824620528444,0.7569470601178078,0.6305015272303733,0.6648841092133297,0.850465942231802,0.738584903917065,0.7533068633595826,0.2055325999002262,-0.907344401730549
2025-11-14,1.108405293210426,0.8942317794927178,0.8451270172376657,0.7514126440166675,0.6274133374609466,0.6601786817422907,0.8463491370611822,0.734636694220634,0.750108015208836,0.2014304168007973,-0.9069748764096269
2025-11-17,1.109439309392781,0.9002946191971808,0.8465358143628318,0.7565076186672965,0.6326528261018473,0.6681512442277843,0.8496540243441231,0.737584355633507,0.7561784970254325,0.20667887511604532,-0.902760434276734
2025-11-18,1.098777733395431,0.8895975542305085,0.831134955799467,0.7461247941548659,0.6214465194025761,0.6563554077105759,0.8409426013901112,0.7263391690301977,0.7444439268657544,0.19885778706908572,-0.8999199463263436
2025-11-19,1.088871082386913,0.8778298299552936,0.8222966882013756,0.7366311292776359,0.6070879479540091,0.6428171060931918,0.8281343685480697,0.7148612569967016,0.7329564999683624,0.1830108408544966,-0.9058602415324148
2025-11-20,1.0840303210888351,0.8707607052610966,0.8164623039188034,0.7292481133816469,0.6006110326161868,0.6345654009901351,0.8212367105446148,0.7070497891175977,0.7268745396005233,0.17756900960671407,-0.9064613114821196
2025-11-21,1.046043527157202,0.8331061314277192,0.7791672640589576,0.6901577504452433,0.5596609640918581,0.5960907522304757,0.7838341083633621,0.6697991667108798,0.6910534328628734,0.13666895585397099,-0.9093745713032295
2025-11-24,1.0613870269842332,0.8457635920556028,0.7936789065159707,0.7045963870387689,0.5753060790932564,0.6125216211529084,0.8042759644478725,0.6909925871930658,0.7140704557599762,0.15845009199881457,-0.9029369349854173
2025-11-25,1.0767054350359548,0.8629347700823731,0.8091179369870174,0.7186180606810504,0.5897862292900001,0.6256412302203008,0.8211094780254657,0.7035523457426138,0.7265812882354669,0.17048060592445097,-0.9062248291115025
2025-11-26,1.0721200144989935,0.85877928381587,0.8045330733105135,0.7126248235224374,0.5813398825609751,0.6238898844233717,0.8168151547862388,0.7012936830214985,0.7243339113282754,0.16553696182935818,-0.9065830526696339
2025-11-27,1.0770863515969917,0.8639127262082045,0.8091922977165767,0.7162168546925178,0.5842753224323279,0.6263679889398285,0.8184684310544528,0.7043445347058788,0.7277598148033669,0.16746375613490044,-0.9096225954620898
2025-11-28,1.0875455972807935,0.8781148449818786,0.8241695916534757,0.7298515859210689,0.5963745503555027,0.6403952919142756,0.8307428380081533,0.7154962480688022,0.7409172604028859,0.17653864632652128,-0.9110069509542706
2025-12-01,1.0965330385762562,0.890432381508292,0.8322441442359809,0.7359843638867757,0.6050371528389131,0.6459363050919018,0.8378777834622936,0.7211300138462667,0.7474220171910877,0.18121008678580638,-0.9153229517904483
2025-12-02,1.091625399814252,0.8865113626383503,0.8291435478071925,0.7301689301494187,0.6022781868548912,0.6398933824483278,0.8316345152219217,0.7132949616441983,0.7389857180256107,0.1741683435748028,-0.9174570562394478
2025-12-03,1.0831284229438758,0.8769534968840791,0.820742123542705,0.7200276615092792,0.5946207105459848,0.6324864710892574,0.8225527327840212,0.7035265080452808,0.7293882808213688,0.1657604380177035,-0.9173679849261709
2025-12-04,1.076056153410813,0.8661020996828467,0.812234840241186,0.7074794860725215,0.5840480447240582,0.6224783974809832,0.816619550388028,0.6987765374390059,0.7237769558833388,0.15781603865471328,-0.9182401147560985
2025-12-05,1.0929979025930903,0.8823133963132473,0.8299301469223543,0.7207881983922516,0.5980017837022537,0.6371800195711972,0.8306391223085959,0.7148842438963614,0.7401509581207616,0.17183633119141561,-0.9211615714016733
2025-12-08,1.1016739760278902,0.8935241599676589,0.8435490814297006,0.7314295854492661,0.6080031723604834,0.6474553553661863,0.8374277941595079,0.7213163716371467,0.7480015573162636,0.17914610379289111,-0.9225278722349979
2025-12-09,1.0941127317920236,0.886369049130559,0.8343918792928092,0.7243091808656182,0.6003705802677741,0.6398988582026917,0.8311013094005193,0.7153767262750381,0.7415150645768779,0.17215546221631509,-0.9219572695757073
2025-12-10,1.0942522681332434,0.8896974139836159,0.8348613040599806,0.7251927187967062,0.6001933412879801,0.6412455261603429,0.8328563656369259,0.7145626657729879,0.7417329307869088,0.17069978274424463,-0.9235524853889976
2025-12-11,1.0755301042304015,0.8684111324591438,0.8127067526502335,0.7043522525456322,0.5835206379596817,0.6231384977345588,0.8153074903968659,0.6983932358997108,0.7255971971687032,0.1538993218578248,-0.9216307823725757
2025-12-12,1.0762182205831134,0.8694796462392509,0.8144124974837201,0.7070303557280101,0.5879649891063038,0.6262064520740537,0.8172679278322504,0.7016274912781422,0.7279260271930921,0.15674223382430938,-0.919475986758803
2025-12-15,1.07854852616628,0.8691370079558175,0.8141798708953432,0.7057885845916332,0.5844069384731302,0.6235712308600927,0.8146235743311241,0.6999573136848314,0.724818275861049,0.1511562913389325,-0.9273922348273465
2025-12-16,1.0618170507739662,0.8532569267298558,0.7955603284346818,0.686339494048513,0.5657627074235319,0.604016408299641,0.799880860179929,0.6848659556645353,0.70833426001446,0.1335752430934433,-0.9282418076805218
2025-12-17,1.0693129894960696,0.8637782715969344,0.7997268660786443,0.6950246874038234,0.5722517970698237,0.6140642252002976,0.8079317749978683,0.6962611984470634,0.7157257570648788,0.1397213999243085,-0.9295915895717599
2025-12-18,1.0754039188030666,0.8685073572962958,0.7999368186242448,0.6942701678101354,0.5736679395645882,0.6155223331355842,0.8098374299433524,0.6956769506581538,0.7198748784771823,0.14302460528234523,-0.9323793135207201
2025-12-19,1.0905907192364284,0.8858362370557685,0.8179246002003487,0.7093477975707002,0.5918386675940716,0.6340327017652686,0.8260294068061159,0.7113537385158358,0.7326639320051941,0.1579104353908586,-0.9326802838455684
2025-12-22,1.1017992427158485,0.8925092294981877,0.8263486196883345,0.7186759508594591,0.5974982687382404,0.6401026797139896,0.82809580915816,0.7170178212257314,0.7354007916996274,0.1625196683300889,-0.9392795743857584
2025-12-23,1.0981581704247012,0.8876316672556467,0.818615659855932,0.7121021182513801,0.5919829631360617,0.6343649930433474,0.8235156542866502,0.7121141075354249,0.7305884510280213,0.15733678529073233,-0.9408213851339677
2025-12-24,1.109499352925588,0.9028921563509319,0.8318090184333066,0.7261322512966446,0.6047993049950064,0.6499107972491796,0.8394291255043378,0.7249555073254262,0.743210324372848,0.16948145063323866,-0.9400179022923483
2025-12-25,1.121550625101302,0.9106414200492575,0.8419779585287819,0.7348071991376304,0.61687671995622,0.6608271202076647,0.8493460319702386,0.7345664711727686,0.7519673260254436,0.17898144941921454,-0.9425691756820865
2025-12-26,1.1227892284811258,0.9101650394258877,0.8423043311928995,0.737306122935393,0.618147331493798,0.661201755882537,0.8462515698939794,0.7329340949590517,0.7516471788731492,0.17442008210652138,-0.9483691463746035
2025-12-29,1.122909703425837,0.9095525570568657,0.8386921558480709,0.7375458479074389,0.6157533293584578,0.6590547919226006,0.8453706428768539,0.7318674010526646,0.7500462952283276,0.17120813056394368,-0.9517015728618924
2025-12-30,1.1203491868268716,0.9061161428617912,0.833337989762652,0.7344654667404835,0.6129395554728715,0.6569397850759591,0.8437651207826106,0.7312028691058997,0.7508743742178001,0.17214535323760533,-0.9482038335892652
2025-12-31,1.1254688359670528,0.9067996619456554,0.836433493717781,0.7342255487271141,0.6137889201082737,0.6597754136001311,0.84609359289107,0.7305240806549373,0.7516202201603193,0.1710958693079943,-0.9543729666590576
