TradeDate,1,2,3,4,5,6,7,8,9,10,H-L
2023-01-04,-0.003112682178949979,-0.00042473095154253076,-0.0016205877625122943,-0.00027830212942598774,-0.0022101369973563734,-0.0006623328090568398,0.006395390055503563,0.0035672389052264202,0.005677445232981926,0.013453251997579102,0.01656593417652908
2023-01-05,-0.0019626480114524995,-0.0023906718793065577,-0.0014016686978978957,-0.0016476803447795182,3.2707797244571884e-06,0.0030525365236073565,-0.001006430086075474,0.0012894435911394006,-0.002886647316067665,-0.003019827759473457,-0.0010571797480209573
2023-01-06,-0.0033844019596344877,-0.0005005144790041643,-0.0011755813226112738,-0.002995107006143547,0.002104938193889073,2.404584425738719e-05,-0.00037576886624627855,-0.00517908693916287,-0.006155100436129572,-0.003437453731126119,-5.3051771491631136e-05
2023-01-09,-0.0002784426624435968,-0.0004286839246741116,-4.325205594007844e-05,0.0006458199299000272,0.0029421470529145686,0.0009248603798980961,-0.0017353446679741647,-0.0020019442036854603,-0.0005031953788801108,-0.0028951897739380316,-0.0026167471114944348
2023-01-10,-0.0018124827338437195,-0.0019087006417964777,-0.0018930747857151754,0.002419894596115866,-0.0026107925502669334,-0.0007142481342207568,-0.0003915558325622746,0.0013583089622242652,0.0003883760210859975,-0.002976398393293671,-0.0011639156594499514
2023-01-11,-0.002512799639016154,-0.002165234677149905,0.0004850689894247812,-0.0009093966332095066,-0.000738505254480292,0.0025985346312171016,0.001823045105841509,0.0024673599597351157,0.00244302990758475,0.001617105472114428,0.004129905111130582
2023-01-12,-0.002920143457095402,1.7826160664596836e-05,-0.003455310607770385,0.0011207586795093517,2.226613238695313e-06,0.002129822416763736,-0.001621327956725207,0.0014646667186473854,0.0007620089992352061,0.0008721943032026613,0.003792337760298063
2023-01-13,-0.0012582857867792475,-0.003011055670879742,0.0005938194896588468,0.0035018732706083937,0.00116997157092141,0.0030391342476801912,0.0004761195405646886,0.0035197374597888916,0.00296106530469957,0.005076759114469716,0.006335044901248963
2023-01-16,0.004180444092596837,0.0004525103556823557,0.0015898496476629618,-0.0016630726509028106,-0.0021671351029109494,0.0012792156890754297,0.0017930413852679152,0.0007830621902733331,-0.0018886066458407669,-0.0006890703877830764,-0.004869514480379913
2023-01-17,-0.0014747909154072616,-0.0045729418571220865,-0.0010792936093741755,0.0003762601967473077,-0.0038617036690016867,-0.0008891390197717803,-0.002458507118128909,-0.0011410506613248694,0.001780010201857415,0.0015250558304529252,0.0029998467458601866
2023-01-18,-0.00017469485710276027,-0.000777384506538477,0.0037310492624628927,0.00014392637908137518,-0.00161868314513123,-0.00013258943618266395,-0.0003988540763776587,0.0031759832022244788,0.0015781854508952421,-0.0013063042403293527,-0.0011316093832265924
2023-01-19,0.005078205767957302,0.0022891704398331904,0.0014463022134067875,-0.004625748516795542,-0.004332297504956817,0.0013417200847539279,0.003625895469069001,-0.0008554036313361226,-0.00278118975417891,-0.0039751827303947124,-0.009053388498352015
2023-01-20,0.0009827741773727819,0.0024867014598589166,-2.2364981048460112e-05,-0.0002680053498071239,-0.0024245005382992272,0.0004931366589681313,-0.0018087021885713375,0.00014812533973846613,-0.0005989913020227896,-0.00255326402842626,-0.003536038205799042
2023-01-30,0.00216210642968025,0.0005573867807948378,0.00204586920376224,0.005214673033472056,0.0035769775710514833,0.0013466565325981812,0.0011885942835466283,-0.0017459734960635167,0.0014506673817530208,0.003778658920554847,0.0016165524908745969
2023-01-31,-0.00620286388677588,0.0016753985791360861,-0.0004227757291771822,0.0005663468004002383,-0.0020143964483455333,0.0001430087833090587,0.0003707711433092503,0.004304709497441564,0.005163141534916433,0.0010477188879058673,0.007250582774681747
2023-02-01,0.004654489235924004,0.0037362471688026076,0.0005638688513659589,-0.0021580760373770165,0.0005793368198495003,0.002157694539964541,0.0007025690300712082,0.0013901306712250476,-0.005994857886596879,-0.007467482875681922,-0.012121972111605926
2023-02-02,-0.00458825678534877,-0.004016489325053939,-0.001607618140813187,0.0016771280166055585,0.0016527861157291995,-0.0007743708434842633,0.003573540090737628,0.0020415343334635565,0.001953481337833352,0.0042125744762877525,0.008800831261636523
2023-02-03,0.0029278594104357354,0.003334433150251332,0.0005410177684421353,0.00429759510036787,0.00044433565997553626,-0.0036544716797388336,0.00231080500703591,-0.0027462894986043846,-0.0008542158482865096,-0.0028951194755832835,-0.005822978886019019
2023-02-06,0.002691294700416555,-0.0019834045254831607,0.0028520536463988774,0.0017708205836383028,-0.0002536414621534778,0.00014491626845534664,0.0017431653350232779,0.0008870410760193027,0.00013411789856055734,0.00026423269800401243,-0.0024270620024125426
2023-02-07,0.0021402832921666973,-0.0010396803987184123,0.00229951478086795,0.0015807610949820387,0.002447647662317147,-0.002635592898134332,0.002450948778357234,0.002558988359487008,-0.0011567796971123766,-0.0016133294360161756,-0.003753612728182873
2023-02-08,-0.0034651515443859917,-0.0032275359581189727,-0.0027803204847470946,-0.001006464398308086,-0.0005367566199978411,0.00033931249466581344,0.0024123765675742688,0.0023311566670196045,0.0035798604131795286,0.004172926063098526,0.007638077607484518
2023-02-09,0.0063709226958628675,0.0012994915527867537,-0.0017855295334453071,0.0003371346261762855,-0.0030743151582298695,-0.0039792680254003305,-0.0014163911870150427,-0.0015865916018182736,0.000332909480126643,-0.004756224512363029,-0.011127147208225895
2023-02-10,-0.0018756444639110243,0.0004187010678460977,-0.0036178195741554432,-3.2792157102513745e-05,0.0012673382849997072,0.0005208957233942198,0.006169324546783257,-0.0011995928736693387,0.005615859096908266,0.0037700976257124164,0.005645742089623441
2023-02-13,-0.0037111429886466365,0.002748050045167475,0.001355976961349787,-0.003996731510406493,0.00040283159778960187,-0.004879829009617755,-0.003212630354678465,-0.0018362170983523322,0.0036594433411689673,0.006437503399461661,0.010148646388108296
2023-02-14,-0.0036461613710102713,-0.005526404253068118,0.00029975163366822115,-0.001730141972913392,0.002646044581639641,-0.0002450183013224368,0.002301947339786185,0.0018668191405476374,0.004404102494543077,0.004417264303142663,0.008063425674152934
2023-02-15,-0.00028734832663229303,0.002861411956231669,0.001981975337944507,-0.0005349212183803052,-0.0011326603682003831,-0.0009120484024789355,-0.0018182262695040018,0.001563527815315073,0.0025255532397205713,-0.001109121307722428,-0.000821772981090135
2023-02-16,-0.004516222114724218,0.004034219382633942,-0.0012923972534317875,-0.0016967392615656884,-0.003445767822238258,-0.0018438195426771211,0.0015308929114109103,-0.0013529381642285634,0.0011423707298134735,0.004323800935861429,0.008840023050585647
2023-02-17,-0.006968911202381431,-0.007233565217636498,0.0011440243906502326,-2.253091696766997e-05,0.0029849480123376303,0.00019086230021348708,0.0067388453464569,0.008373635372046757,0.009187264846660258,0.008031234039868686,0.015000145242250117
2023-02-20,-0.0057718264235465016,-0.00018227239337657766,0.0010402188819117152,-0.0007526564827246495,-0.0004483413781049397,0.0030145657000104436,0.0012490976546580756,-0.00011497445254086709,0.0029789051297752544,-8.025062873764737e-05,0.005691575794808854
2023-02-21,-0.0017018709106737283,0.001179498911450766,-0.0015259434996283848,0.001407038754341063,-0.0021742397288788944,9.177002723464273e-05,-1.9380081194280026e-05,0.0030295755171037275,0.0022122887191388142,0.0005172216193538852,0.0022190925300276136
2023-02-22,-0.0009473565927356343,-0.001678825609267767,-0.0009274415319318163,-0.0011291182054142157,-0.0023173220369542215,0.0020224023624739553,0.005812129676862805,0.00035513250245319946,0.0020093010235613037,0.004818139527304734,0.005765496120040368
2023-02-23,-0.0012344283242400186,-0.0015142110156988995,-0.004066316520454717,0.0015041326111477418,-0.0016171352951097192,0.0025874257690978175,0.0013221708089615019,0.001334216055554387,0.0027339126459096207,0.0023390943786502443,0.003573522702890263
2023-02-24,-0.0036929853012696444,0.002213580932613673,0.00028085721108262466,0.0005964777942817124,7.485903058567357e-05,0.0009293396089018041,0.0005524440715097216,0.0026377822244470226,3.612583461671658e-05,0.0009827680429892057,0.00467575334425885
2023-02-27,-0.0035621759731723455,-0.0025742297123993265,0.0007339404639571576,-0.004332277177200245,0.0009389772778893189,0.002747091184545109,-0.0018050936109778582,-0.0007630397919813415,0.0026933024829411444,0.0021607419474176087,0.005722917920589954
2023-02-28,-0.0032309070824696365,-0.002535252084391704,-0.00048186516779698306,0.0025341484209705457,0.0027641599463137673,0.0012020458387484827,0.001987498277899555,0.001660001800195664,0.00011589515537338774,0.000306150407944136,0.0035370574904137727
2023-03-01,0.0024814569206519617,0.0030234320245711085,0.00017131316160384378,0.0009072030202070969,0.005370275754417165,-0.0011106677060919554,-0.003774808757122578,0.0006897292455062599,0.0010270331677638505,-0.0062190767660294365,-0.008700533686681399
2023-03-02,0.0006198196094076907,0.0034268508932195573,-0.0010350308270058821,0.004913155860588688,-0.001976926061486029,-2.9215932889252796e-05,-0.0012484721277562305,-4.968971295346916e-05,-0.001334535052781122,0.0018305480778224715,0.0012107284684147808
2023-03-03,0.002347334247862144,-0.0006934394394978953,0.0026256777197822246,-0.000503557555285368,-0.0017001642105444101,0.0007156772752306443,0.0010958329296677032,-0.00247675772888082,-0.0006149826141281195,-0.0015182070900313508,-0.0038655413378934946
2023-03-06,-0.0038611256885099114,-0.00448889641710613,-0.0019185607657833527,-0.003986935521026913,-0.0031952217238609168,-0.0022552557644984652,0.0012340385347619754,-0.0002950581866940768,0.003677282910907213,0.002164811303190466,0.006025936991700377
2023-03-07,-1.1466217057698111e-05,-0.004543943005152644,-0.0008539628393422216,0.0003633449306244196,-0.002348571394262343,0.000565312695813296,-0.0012606942314089002,0.0010217434731948623,0.0008550896232637686,0.0025929536042162294,0.0026044198212739275
2023-03-08,0.0036204770278829286,0.003020853820243443,0.0017445704121310853,0.0037225875542187957,-0.001257187091437432,0.0013604153575516235,0.0048657643343307825,-0.0021321780052287334,-0.00374064752478409,-0.003168662555076563,-0.006789139582959491
2023-03-09,0.002928022310834776,-0.001710376889610711,-2.713797583119037e-05,0.0036939424929332016,0.0005366101921921783,0.0002680030486084691,0.0009423031404725754,0.000725571240761468,-0.0006186921341230403,-0.002554530581860102,-0.005482552892694878
2023-03-10,0.003216068952365478,0.001558748683607412,0.0046255310817664794,0.0018808583601061237,-0.0014801083395097206,2.6143741585025332e-05,-0.00026257736070135524,0.00027951729272421397,-0.0006157555060094533,0.0007207627912704874,-0.0024953061610949907
2023-03-13,-0.0014331158844412724,-0.0006135237211062265,0.0027027588584073742,0.0007845245924410285,0.004458441364091499,-0.002681611085510124,-0.0016253749227120825,-0.003656479917449638,-0.00199580377122076,-0.004051415843038518,-0.002618299958597246
2023-03-14,0.00443970622181186,0.000636742967626711,0.0035538945252511322,0.001094655912206066,0.0007321240669355173,-0.0008660426775076251,-0.0022512799963088016,-0.0021289213193388962,-0.0014977006321112095,-0.003977346491455537,-0.008417052713267398
2023-03-15,-0.007083406374566127,-0.0004860460980975075,0.0027147535670652024,0.001119051865659517,0.0011493450693785935,0.006219892710465788,0.0028836298105517867,0.006496998093978871,0.004903691702825864,0.0020780575580360426,0.009161463932602169
2023-03-16,0.0004663125598621111,0.0014572522337554929,0.0019601618793867316,-0.002057310026818927,0.0011029254136707492,-8.834945489211545e-05,0.0009459371522644247,-0.0020484231390520517,-4.226717185135652e-05,0.004186553826187711,0.0037202412663256
2023-03-17,0.0054609407612010545,0.0074426549249822374,0.006052569332079904,0.002564199972668602,0.0034719603184074064,-0.0015907109530651998,-0.0017964594725678549,-0.0017330019326690332,-0.004732194364440596,-0.010406259686693422,-0.015867200447894476
2023-03-20,0.004297855257280997,-0.0005678538654695486,-0.003972018235767265,0.00011049210733594863,0.0007570960113531706,-6.690565787669016e-05,0.0011190032032998086,-0.004953899493584553,-0.0024435507407046765,-0.00043557485067436546,-0.004733430107955362
2023-03-21,-0.0063851227280807485,-0.0021090840105276428,0.00042353807704708876,-0.0038735636136705068,0.004661997472388944,-1.4245841299540636e-05,0.001320434662587153,0.0023967799930071873,0.005739813141319764,0.0034405535374443055,0.009825676265525054
2023-03-22,-0.000716846473040782,0.005983606372957753,0.0026824472556905817,-0.002285429200925416,-0.0026946120006199935,0.0021202134528612096,0.0001292033279523771,-0.00407199241491837,-0.003328913583895015,0.0002945559260009627,0.0010114023990417447
2023-03-23,0.0053698945731068546,0.008222406420103898,0.0007480594899690195,-6.544869754102674e-05,-0.0026698246973582175,-0.0036983292557012572,-0.00723159008153409,-0.003691852852275458,-0.009847656475417145,-0.008375066254589936,-0.01374496082769679
2023-03-24,0.003251053875503916,0.0020642756228260624,0.0023333074221430793,0.00022208680003532513,-0.0034353282081317858,-0.0002509183105301895,-0.0024423965735402143,-0.0032018704859257566,-0.0016451696768708577,-0.002916264899111601,-0.006167318774615517
2023-03-27,0.002348033400905086,0.004846792612972225,0.0008467142309840873,-0.0018751311340693023,-0.0008281772888482698,-0.0034879240283429078,-0.005048710364900695,-0.0034751149451646775,-0.006433879115264804,-0.006043516729026822,-0.008391550129931908
2023-03-28,-0.01149587570440911,-0.0020439942133451006,-0.003607898906242446,-0.004189955611347905,-0.0009480455144726076,0.002675243518327726,0.0052466162696083824,0.011119340201462241,0.007988500448062125,0.009820691017891283,0.021316566722300395
2023-03-29,0.001658387805265918,-0.0023743029607220167,-0.001450816656852607,-0.0005831054704681237,-0.0009761384115625734,0.0015463472356538211,-0.002190280848742162,0.0004684140734771815,0.0014628407679463374,-0.0009632849721842206,-0.002621672777450139
2023-03-30,-0.0035266539350777464,-0.007446098026468427,-0.0024885194174050253,-0.002585164211386634,0.0009019511628540673,-0.00020984552674305538,-0.0004916873177412679,0.002595259846674354,0.004592729068211942,0.0066786960003895664,0.010205349935467314
2023-03-31,-0.004329599876820817,-0.0016075068562437945,0.002124619108555192,-0.0006957694543528613,-0.003448241074171313,0.00012829707471829458,0.00014103070428012792,0.00012096375217872206,-0.0037363450257359757,-0.0016192235051708213,0.002710376371649996
2023-04-03,0.012708734311875424,0.009251389377418647,0.00017922565046537327,-0.0037428034543364303,-0.005792284812796544,-0.0051804854560560535,-0.006010661462732988,-0.013006034029797404,-0.007384777440965986,-0.007718378348475319,-0.020427112660350744
2023-04-04,0.011085009723586269,0.0007958908838274913,-0.003495238837969059,-0.0011137029275418773,-0.005759940118066629,0.001595104156641223,-0.0029798544990925655,-0.004912015587625118,-0.006870876162405939,-0.00982155898318052,-0.02090656870676679
2023-04-06,0.010995029616334537,0.003311056952733527,-0.002516240820818156,-0.0030280172829601154,-0.0009121528040081972,-0.004837741940654977,-0.003025900654254995,-0.0014945658422761917,-0.0047012506642743635,-0.008748237119986258,-0.019743266736320795
2023-04-07,-0.0003410151588005621,-0.004996120241176884,-0.003561878570457635,0.0003719497343842831,-0.000767223431553765,0.0037816418855220373,0.00321858427688595,0.0033690904737396095,0.0024995308353769814,0.0055975928473629595,0.005938608006163522
2023-04-10,-0.013169532062983689,-0.007505945849582173,0.0031306564741294812,0.001425456117632765,0.0010454200516945662,0.005937681139158103,0.004989209866395724,0.0029869595520964818,0.009447151152718408,0.005989463284172668,0.019158995347156357
2023-04-11,0.0009293856062408436,0.00089993110393371,-0.00027707814908678344,0.0016906461743703138,0.004243535795949024,-0.0006492254725159025,-0.0024869727659446272,-0.0017909436568460636,2.32729912359455e-05,-0.0020079737530159514,-0.002937359359256795
2023-04-12,0.005131805213036271,0.003831671277114293,0.001707721995410735,-0.00037566036042591816,-0.00019356959926376328,-0.0031272401154867056,0.0008363371089933863,-0.0055640765283224486,-0.0027607690589524633,-0.0048987376809882625,-0.010030542894024533
2023-04-13,-0.009384450498209681,-0.0036974059129013187,-0.0031299852225164697,0.0049535928327728,0.0029170847955256427,0.0037564696278152634,0.004659790148672747,0.006962796750022788,0.007024012224582865,0.00638202628963855,0.015766476787848233
2023-04-14,0.0019034937620598376,0.0027918671024933436,0.0033378647052774053,-0.005120930133821073,-0.0017642861727457763,0.0003642149869055415,-0.003211751014967525,-0.006398019711622045,-0.002071926294591185,-0.00740336047626328,-0.009306854238323118
2023-04-17,-0.0098884379727647,-0.0057713462028630876,0.002567980379158099,-0.0004140510955402245,0.0025370591160148214,0.005218412863068376,0.005224801473281224,0.0064682025853887775,0.0061985554852699385,0.007343099286206167,0.017231537258970867
2023-04-18,-0.009703420751306396,-4.090360191481065e-05,0.0032824554932633257,-0.0024472260752418477,-0.0014336951368537575,0.002215234962478609,0.0002635316818505345,-0.003969050839134199,-0.00045585993933232414,0.0004848824772087241,0.010188303228515121
2023-04-19,-0.003470435389878431,0.0007046400849578299,0.003424412178681933,0.00012697724392285318,-0.0008384032190230007,0.0007491797747190447,-0.001536733611469052,-0.004089229895799353,-0.0010732220815518295,-0.0005624164783308717,0.0029080189115475597
2023-04-20,0.007385565051636077,0.0007080306375352363,0.0009409132426063086,-0.005313504227529229,-0.0029244960920492237,-0.0044649186392131624,-0.005089394851582589,-0.010273221740775556,-0.005266359938012633,-0.00958462529041065,-0.016970190342046727
2023-04-21,-0.01872395381585063,-0.004341970109586691,-0.0018990777348237217,0.0031010971006835133,0.00744116189883527,0.007510068037094737,0.005752283669286774,0.006687808988096752,0.008244422869971776,0.009186961507156425,0.027910915323007057
2023-04-24,-0.006326144745541624,0.005800666517478009,-0.0012707392099102614,-1.9439435353452183e-05,0.0038274434329700477,0.0047214876621453775,-0.002269280781974731,0.0016757191478061634,-0.0010217465615128011,0.005741055588157264,0.012067200333698888
2023-04-25,-0.0018881220397561074,-0.00377512935948067,-0.004527997770631102,-0.003942200180169316,-0.004148405909404214,0.0016216658697014857,-0.004902886110112427,0.006169005156841804,0.0028247831676581113,9.849714256391024e-05,0.001986619182320018
2023-04-26,-0.01443086083334053,-0.007839073161057093,-0.00031673862642913556,0.007412960357616629,0.008388850403494439,0.008217968749017432,0.011115848050771399,0.004945063423851048,0.010826960432194404,0.014481846687443456,0.028912707520783988
2023-04-27,-0.013134942268877434,-0.0017798582608897617,-0.005905801082104771,0.0015728787804804962,0.0031558685425541154,0.006861216832519548,0.009121336232189432,0.006086950871286491,0.00753226656401571,0.011785003121355898,0.02491994539023333
2023-04-28,0.009548651508873681,0.009917359015559629,0.0003202011472394934,0.005484540147514041,-0.0027785361088167333,-0.004353473799803225,-0.005090572237298312,-0.007514098227597012,-0.008848162384355325,-0.007911803502990405,-0.017460455011864086
2023-05-04,-0.004849144958983174,-0.004557923304491048,-0.0009159683082896513,-0.004407602848057204,0.005474851587167937,0.003698253014976071,0.001379830580708972,0.0020168843112902814,-0.0015879331327695273,0.0010908877325195492,0.005940032691502723
2023-05-05,1.01503832675349e-05,2.0018375300608418e-05,0.00047232201521202886,0.002302540375149471,0.0025758254093124905,0.002090184918333451,-0.00017645434894957577,0.0030672495564295966,-0.0028326963210474274,-0.0038193421678744156,-0.0038294925511419505
2023-05-08,0.009568575944612892,-0.00040286216502191793,0.004854263246289929,0.0027697362919195095,-0.0023341603077568643,-0.0039710397865429506,-0.0008779181499412149,-0.006852112817814159,-0.00395474923938403,-0.0071435956833910685,-0.01671217162800396
2023-05-09,-0.0018072268619839325,0.004371250100514829,0.0007720107013543679,0.00040764159948769227,0.003321639589909089,-0.001602289175049983,-0.0022120104940030715,0.0015057276696163132,0.0011237571472975487,-0.002100604829755111,-0.00029337796777117835
2023-05-10,-0.0007601396498350189,-0.0022705632655984085,-0.0017184964279221122,-0.0006557717169898996,0.0024140432325724997,0.003212614849875982,0.0029539975840984717,0.004636567419459352,0.007558137678659193,0.00828818512942167,0.009048324779256689
2023-05-11,-0.0005449875555002621,0.0010634180539796367,0.0010380015784842082,0.0009915115565966026,0.004325475223587003,0.0015059700576550434,0.0016580601342378923,-0.00021490102424335215,0.003546443673686973,0.0005515966808425977,0.0010965842363428598
2023-05-12,-0.006716181799899571,-0.005882318214005991,0.0037380856716283505,0.002652103676065591,0.0035147209020023407,0.00494583417316604,0.007118772832666279,0.001955039874833384,0.00490788952780548,0.006741303243327855,0.013457485043227427
2023-05-15,-0.004596763221363079,-0.005107303282981966,0.0016485762206964515,-0.0007807260797284992,0.0009065127653456193,0.0028217815326347156,-0.0006188390096884452,0.0002486099402710343,0.0011920234921251973,0.0017471605186363318,0.006343923739999411
2023-05-16,-0.006256021350493042,0.0009863564830557916,-0.000294148420464351,0.0009491841925334424,-0.003516108802669052,0.0028405479459790413,0.0005489277027622011,0.0038863370077775604,0.004614022154902926,0.004348414532844361,0.010604435883337402
2023-05-17,0.005017956698933378,-0.0006566321449719421,-0.0012499862060285152,-0.00027628893720764685,0.0037252144159937166,0.00012477261882087084,-0.0006670719864077526,0.0014381391591589696,-0.0020188209990583466,-0.0021967303004938816,-0.007214686999427259
2023-05-18,0.00855478094813662,0.003336238790599222,-0.0025605953146296927,-0.0014034207665711896,-0.002727605478205188,-0.004701500777724275,-0.004258014722956095,-0.0025483848515318913,-0.003977194775755844,-0.00710166469580408,-0.015656445643940697
2023-05-19,0.0009945104966160164,-0.0008273566208981946,-0.002990127571926263,-0.0007617020039966115,0.0016299214653374792,0.0015990822879220178,0.0034553424963493632,0.0006920522480964792,0.0014352213613018881,0.0007906822767307618,-0.00020382821988525462
2023-05-22,-0.008287451706434003,-0.008395930198468921,0.0029063617347681262,0.0006986691762039608,0.0022594332958676233,0.005015953614899993,0.005290933219612766,0.007586661074507579,0.006775697016640503,0.011093792290393756,0.01938124399682776
2023-05-23,-0.004968057287569759,0.00011919304842246956,-0.0005549201237523302,0.00401481173517441,-0.00044508757793790894,0.00230844951429945,-2.54526409023556e-05,0.002578360977812098,0.0029219231406513663,0.0017460171937021002,0.00671407448127186
2023-05-24,0.006760324722702055,0.0033704853610173275,-0.002298778022838407,-0.0036219987664993063,-0.0009057609926071,-9.408839306942324e-05,-0.0025714892889313317,-0.001941460610987392,-0.0025338471551045387,-0.004466300542896784,-0.011226625265598839
2023-05-25,0.004573764387754179,-0.002264254233198186,-0.0016072568668408474,-0.0022767817163648406,-0.00025863343408894976,0.00236432644924411,-0.0011756268985005512,-0.0016883620213543552,-0.0007872084448152512,0.001093917219247138,-0.0034798471685070407
2023-05-26,-0.000728932375872769,-0.00026383516034674415,0.0005486598478755831,-0.0006170756252336118,-0.00572920487666409,-0.001315532199787143,0.003342506086022414,-0.0007424996225520648,-0.0013223275591423434,-0.0020305526904255593,-0.0013016203145527904
2023-05-29,0.0011015038697597805,-0.0017492984607200687,0.006479979825152339,0.00012119593417645792,-0.00039791887586792217,0.0007067717183651917,0.0004696470223988804,0.0009542045317607609,-0.0007423758666075873,-0.003487444869621187,-0.004588948739380967
2023-05-30,0.005165886031086427,0.0050498246080603265,0.0015334044761035046,0.0008762927256959649,-4.237352747967415e-05,-0.003026417740234294,-0.002414228621371513,-0.005242719593068121,-0.0020642481938673222,-0.0062163517393753805,-0.011382237770461807
2023-05-31,0.0076333891512885355,0.003716082591797603,5.6160162197979634e-05,0.0006330022183399502,-9.293256434264401e-05,-0.00257366673947908,-0.006028015492699945,-0.0046167658496935665,-0.004984336349797386,-0.007667516596403334,-0.01530090574769187
2023-06-01,0.0053373950685510025,0.0028052338261003455,0.0026518800473151636,0.0013147813984316964,-0.002792491758080313,0.001009721478059892,-0.0007156205627102476,0.0003918513920282261,-0.001606442657211056,-0.002184953986878928,-0.007522349055429931
2023-06-02,-0.006085802339978958,-0.00442466099589584,-0.0008399062909024771,0.00010706815221719424,0.0030593587693337455,0.003085471200518616,0.0022328503448288124,0.004988545225075701,0.003009678490938499,0.004290892923866439,0.010376695263845397
2023-06-05,-0.0008991665075994539,-0.00016430009443214508,0.000526632717491353,-0.0010805819939386538,0.003948670943465618,-0.005841808436793194,0.0015644915842397667,-0.002503917151430638,-0.0038269581628761133,-0.0012807116705061267,-0.0003815451629066728
2023-06-06,-0.004818909355463374,-0.00024192396048234406,-0.0037531664580489153,0.0032944268947170865,0.0016906309964444517,-0.0017936329336714699,0.0019157968748381004,-0.0012900296727818043,0.0018489610133564478,0.0034675279574182365,0.00828643731288161
2023-06-07,0.005950167609157008,0.005579160032385467,0.0007208205764629102,0.0032096705596194076,0.0007953652726795976,0.00434380613593515,-0.002130404307614176,-0.00393415041620442,4.5015811612849656e-05,-0.0025156787589057585,-0.008465846368062767
2023-06-08,-0.006197880749541922,-0.0009331331381136415,0.001628550839446548,0.002254294446996161,0.004448316500870507,-0.0005924915725874681,0.0023236815337257938,0.006190534041138193,0.004622050829332269,0.0013844839514121493,0.007582364700954071
2023-06-09,0.004485213800453218,0.0011534619808234695,-0.0006347565497341536,-0.0031284355298829146,-0.003096891554843663,-0.0057248384211396105,0.0001692213047340583,-0.007013015848942546,-0.0036112784419574033,-0.005971029459877016,-0.010456243260330234
2023-06-12,-0.008751416488390146,-0.0023619473759639567,-0.001758246757433616,-0.0005567980261360539,0.00216401478275962,0.0003136915728461396,0.003433851318450517,0.0019317568160991732,0.004798009169411511,0.007343998195580254,0.0160954146839704
2023-06-13,0.008947093353743846,0.005887873669962278,-0.004779397686338299,0.0006976950436050912,-0.0025548717582489383,-0.0024520798955553307,-0.005246392082148176,-0.004446351507959119,-0.006419209333574967,-0.004169521933912059,-0.013116615287655904
2023-06-14,0.00394930794919521,0.0006062969420289363,-0.0029316563656293813,-0.004033225591882886,-0.0017924049726956725,-0.005519977202074022,-0.003508992485487833,-0.002937250540578585,0.0016659123633272644,0.0013047253511630416,-0.0026445825980321684
2023-06-15,-0.00643784722818779,-0.005788697732270118,-0.001710963938702602,0.0018224375904016183,0.004180133660440082,0.004011906337275976,0.0038427870872653983,0.002609190717325407,0.00687535943643252,0.005972603935427202,0.012410451163614993
2023-06-16,0.0034764882025328297,0.002523514238177973,0.0011557827618047605,0.0014583671017264232,0.001243207280808293,-0.0032637382910348286,-0.00042891508338694826,-0.005014502914202601,-0.0042156682426743135,-0.007345993721414137,-0.010822481923946966
2023-06-19,0.012582589088589113,-0.0031334381726072385,-0.0003137625701421388,-0.0026840668229713405,-0.005869002715561767,-0.0026994983407060864,-0.007718964082761735,-0.007366720906975503,-0.008561875447318753,-0.008939564827204118,-0.02152215391579323
2023-06-20,0.0038170282604835532,-0.0026440170831964534,-0.0033572601253234677,-0.001015317370240193,-0.004770046607880185,-0.0033378810517134374,-0.002391700274060612,-0.0039052949589402875,-0.001039927785792006,-0.0005986467733529578,-0.004415675033836511
2023-06-21,-0.01605893384801605,-0.0012015208411333854,0.001642995151886492,0.005674169402024949,0.003741680702318565,0.00801822205915081,0.009211436564282261,0.011619616264268207,0.009261623621141506,0.007632950305804014,0.023691884153820064
2023-06-26,-0.010495283538145763,-0.005948096171686297,0.006567729215966615,0.0030441390130613206,0.004898349104716751,0.004425958370558803,0.005090030516938813,0.0051913726584679395,0.008903305277086835,0.006606958086234807,0.017102241624380572
2023-06-27,-0.0019433801859062186,0.0017503127321208541,-0.0007483678743849199,0.0008601086320600414,0.003661916201840333,0.003134821781789615,0.0020437578832975924,0.004992386642093696,0.0011634425961323802,0.002676001580869185,0.004619381766775404
2023-06-28,-0.0015324138895962377,-0.0032206377749805252,-0.0017725476279327663,0.004046196694313647,-0.0021773287324081013,-0.0008076336977410861,0.002470477030924156,0.0014679817902691576,0.007623284267104248,0.004664390405778808,0.006196804295375046
2023-06-29,-0.003370598012391862,-0.007085745136659282,-0.0003423412304749125,0.0006530126199462607,0.003974902819591514,-0.0015689320039749505,-0.0021724147317728737,0.0008476614460914192,-0.0009920185996802747,0.00041781930113550026,0.0037884173135273626
2023-06-30,-0.0015247301461955884,-0.0007821468380520732,-0.00018456531005381436,0.00306075538671269,0.00348783352328223,-0.0014000310708428632,-0.0013076456424398189,0.0019269213871580947,0.0006936578753176391,0.002508720436516467,0.004033450582712055
2023-07-03,-0.005383610919653203,0.003735843082853533,0.0035795265466991677,0.004240412883651391,0.002934853081072061,0.006614931577816934,0.0027003782674744105,0.005849643114948561,0.0002093484778881128,0.007529904736040367,0.01291351565569357
2023-07-04,-0.00035753417823531936,-0.003104542379830148,0.002615226990308792,-0.0014383917375201194,-0.0021790958112063168,0.003591187069124364,3.6890565315919e-05,0.000383864386125146,-0.0002722717857543387,-0.0007380217846378913,-0.0003804876064025719
2023-07-05,-0.005098103917338452,-0.0012385295033970367,0.00013321526528588365,0.005894189848157198,0.003647637022558625,0.0022263148229810393,0.004175209008014844,0.0006264768834640477,0.0026641330643111458,0.00206208402331681,0.007160187940655262
2023-07-06,0.002269379752186328,-0.0017209066591092398,0.00017801541641657593,-0.003905315705316528,-0.0010273515850462865,-0.0014836922628749891,0.0006547714728340158,0.0010102786305297557,-0.000841397332194034,-0.002058801800140108,-0.004328181552326437
2023-07-07,-0.006363870696977948,0.0008015660486739498,-0.003021929231006913,-0.0018477382305878444,0.0019720179184140787,0.004309773574437131,0.0038719065098863615,0.0055315306993118825,0.0030427555054519033,0.006796982140822233,0.01316085283780018
2023-07-10,-0.0022681378870138165,-0.0026613158394813417,0.0034759720099289187,0.003298561301894854,0.001548730450211371,-0.0016463767802405668,0.002801671900698418,0.002086445395231675,0.0034592736650011858,-0.00039892923610372545,0.001869208650910091
2023-07-11,-0.00043082331643962135,-0.004505371739645982,0.0037185801394194863,-0.00406532935124121,0.0011758650960719808,0.001100326723423554,0.0010095621405522542,0.004705863505229254,0.00029536252836823813,0.002944760682637776,0.0033755839990773973
2023-07-12,-0.007258145221073654,-0.0014027817752330176,-0.002953000719140494,0.0006742820189406316,0.002620036952715129,0.003969814694059178,0.00382226875840763,0.006125201106764625,0.008139417706126015,0.00564504568825905,0.012903190909332705
2023-07-13,-0.00043762984349569965,0.0021228876879629158,0.002714988877780688,0.00017570214706260408,0.001240923082028107,-0.0007207426979706896,-0.0014770735448240502,-0.0015344482456532112,-0.003527073064720307,-0.0006706065616869049,-0.00023297671819120526
2023-07-14,-0.0011401554262428274,0.004729250285019375,0.0009867257213668245,0.0008569972773763788,-0.004810626316094392,-0.0026390629400295964,-0.0027239917986824273,-0.001690818353536554,-0.003952282179257633,-0.003580151846132062,-0.0024399964198892348
2023-07-17,-0.0009280951134348178,0.0026232758216753554,-0.00200399260975738,6.563781526988731e-05,-0.002401773327624681,-0.004213165695071447,-0.00379637959228848,0.003733390807703135,0.004458316137900008,0.0061884268685099995,0.007116521981944818
2023-07-18,-0.003557460170216106,-0.0015527421320164568,-0.0028803240779761855,-0.0021648776705047927,0.004275475227327656,0.0003166401080727777,0.0028071049039343748,0.004923470739088368,0.00566593479671809,0.0062441865687856615,0.009801646739001767
2023-07-19,-0.0015214791412382612,-0.0007718941284980919,-0.002294111918640755,0.0021902026944997117,0.0011715828819792273,0.0012352404410741337,-9.203406886864061e-05,0.0021082336892171197,0.0027729142059608135,0.002276399222486988,0.0037978783637252493
2023-07-20,-0.005780109112296429,-0.0034820808193695794,0.001145805703463574,0.004739980233647645,0.0019833705713441954,0.00677852637737233,0.0034390131717465604,0.007050296025617552,0.0035373226696002,0.005481385810461859,0.011261494922758289
2023-07-21,-0.0017179280556079075,-0.0007086741924872421,-0.003629658424758045,0.004013527261002212,0.001999430440769365,0.002703673058106925,0.003092733300622117,0.0016771105886865564,0.003674585752241646,0.002332477887125873,0.004050405942733781
2023-07-24,-0.005524443445189042,-0.0035518094563149567,-0.0008767949333976588,-0.001701405873304297,-0.0007836935278622852,0.001202141853720019,0.0002816991846754358,0.0012116833594998724,0.0017399686339888104,0.0019848776305845806,0.007509321075773623
2023-07-25,-0.00045692455304020916,-0.00011178143386710569,0.00012339207745538445,0.0020713605625569584,0.000571525781053965,-0.0014551466932625533,0.0010633701042078482,0.0022598876325533724,0.0025446907072377615,-8.225487601024034e-05,0.0003746696770299688
2023-07-26,0.0009241825228501461,-0.003130836286817414,0.004438225360552106,-0.002243061660743774,0.005881232405301723,0.0024510014226348555,0.00194022583342726,0.003504801430654037,0.0043564389961300316,0.0035254047499115445,0.0026012222270613986
2023-07-27,-0.004102654522352896,-0.001555588867892089,-0.001692470758627026,0.0006882398096506235,-0.0001644542084828348,0.0004114210866487561,9.67624608862747e-05,0.0011899088863027317,0.002143149522734841,0.0028341912940994763,0.006936845816452372
2023-07-28,0.002967014451141291,-0.0021847905368158433,-0.00042830825083153953,0.002802304817699309,0.0011936145210629562,0.0017813535395107905,-0.000179201878409698,-0.000686796343223356,0.0007899997592606311,0.0015358774227654907,-0.0014311370283758003
2023-07-31,3.600052381490162e-05,0.0014157652214042997,0.004056606991822381,0.0038137139427226077,-0.003154827119810663,0.001197221188909301,-0.0017101856086897955,0.0006929422149852165,-0.004416280947984528,-0.002432295079253221,-0.0024682956030681225
2023-08-01,-0.004522761287577542,-0.00031236504696436653,-0.0035952157792341452,0.001817156066251802,0.0010252523936217918,0.0008321867890832264,0.0018744461198637414,-0.0017512575746966438,-0.00030779266245372424,0.0024067910861728693,0.006929552373750411
2023-08-02,0.0016088505949534426,-0.0010926982500730161,0.0002057911472253675,0.0004876048758914325,-0.0011737498176720774,-0.0015065662971843056,-0.0007515222119653415,-0.002051376347273743,-0.0004916591218267425,-0.00016150403699915486,-0.0017703546319525975
2023-08-03,0.0016961346756375838,-0.0007133330977461625,0.0004851392853647857,-0.0018961538564102498,0.0002559202383649805,0.002009149151400213,0.0013738163631189947,0.0012032579740783285,0.0008758493323998241,0.00044772140512586606,-0.0012484132705117177
2023-08-04,0.005475993739490546,-0.00034901534263535893,-0.0009046186879507223,-0.0004232111156594297,-0.002393299237863727,-0.005449711821240622,-0.002902289519035147,-0.00617747977754179,-0.005199915283366708,-0.006672661810250395,-0.012148655549740942
2023-08-07,0.009069848269903237,0.0002632076299580224,-0.0005545263495922109,-0.0010867560586545035,-0.002302700892762818,-0.004951380195452899,-0.0036637562728476934,-0.0026277421184915765,-0.00401108852172843,-0.006974250246473848,-0.016044098516377087
2023-08-08,-0.007253072863563066,-0.004475943052328595,0.0020190424464678097,0.0012582192910623353,0.002443581766073662,0.0022879676975336317,0.0011213089126415336,0.004493372706323785,0.004152539096505774,0.0026006379022903234,0.00985371076585339
2023-08-09,-0.0007316264502999212,-0.0014419473692689052,0.0020314044909083427,0.0031698556161713345,-0.000282503675095317,0.0036988377463287774,0.0026713304562408884,0.003225492816515383,0.006220564819458105,0.0007947276989476482,0.0015263541492475693
2023-08-10,0.0011779079497052838,-0.0007328404560313639,-0.002885484543552258,-0.0012732352821631812,0.0005421517764318619,-0.00014043970339256318,0.00014910645745896316,-4.7774281099416524e-05,0.0018526586249309107,0.002052458848726214,0.0008745508990209302
2023-08-11,-0.005676132633918482,0.00043340207605153036,0.0014448768796930652,-0.0029102123814558,0.0021134778187569666,0.001847833399182395,0.0032953351668533115,0.0018680514935645622,0.0012310943578065895,0.003518351297969099,0.00919448393188758
2023-08-14,-0.005700055160811891,-0.00044215892707464297,-0.0006187532100849467,0.000522125616617661,-0.0013932638738843738,-0.0019314730010718127,-0.0008926730526332886,-0.0019023365689169948,-0.00011577185156780198,-0.0019130386175275382,0.0037870165432843522
2023-08-15,-0.0033711307946332645,-0.002990049422596452,-0.0002983598184471948,-0.0038158012529985524,0.0007074720293503008,0.0008032472006955472,0.0019253180148565351,0.0034260186729367214,0.004150546663347788,0.004726908813991919,0.008098039608625183
2023-08-16,0.0009328155837143191,0.0002021325110026505,-0.0007253353223852677,0.0003218887498710985,0.0016100811711703467,0.002118932710883951,0.002168210451575137,0.0027396531354360563,0.006769301354970066,0.0046185454607396495,0.0036857298770253304
2023-08-17,-0.004408479039105871,-0.0016531858551617129,0.0001359510791115444,-0.00016760181051310278,-5.0180238617863516e-05,0.0029143973779138196,-6.524655560331263e-05,0.002344733821114494,0.0007957054129406442,-0.002143351546919567,0.0022651274921863043
2023-08-18,-0.006961162653902538,-0.0021844069637360942,0.0009457937860139956,0.0033096281270670732,0.0013972939393834248,0.001609082276481613,0.003537063533574497,0.004217856404446272,0.004750028356796849,0.0074659215843104944,0.014427084238213032
2023-08-21,0.00088593750738843,-0.0002635488006593465,-0.001990281223139041,-0.0024697905332480277,0.0008082422489293174,-0.0006032852967000984,0.0026721072942960888,0.0010562798444194263,0.0007573119942351385,0.001085236100253335,0.00019929859286490494
2023-08-22,0.005585147366599195,-0.0018607926683839415,0.0016761494468781116,-0.0013433600818814717,-0.0019336678492834583,-0.004890972452622015,-0.005402420005499066,-0.005645646316016734,-0.004831323107928044,-0.00936898026054371,-0.014954127627142905
2023-08-23,-0.004160150226657589,0.0011225223668968381,-0.002879483856178469,-0.0006709516059578151,0.002093747274523281,0.00258582984144264,0.0022523160051442608,0.004412196087202128,0.004340402816576633,0.004089836327838934,0.008249986554496522
2023-08-24,-0.002807963665447627,-0.005953309274414565,-0.003596267690275015,0.003132535294809523,-0.001978516947116748,0.002249158340548546,-0.0016245139546511712,0.0012881665359575278,0.001182320911331152,-0.0005340415946119686,0.0022739220708356584
2023-08-25,-0.008720362114646286,-0.008272279744758658,0.0007803995816499758,0.002256366938348654,0.002662611847745751,0.0066821008482899884,0.004011211173900332,0.003594841464310257,0.006732992328708106,0.0072560298349101235,0.01597639194955641
2023-08-28,-0.00538098550879847,-0.00036929220863929943,0.004245818185499771,0.0006588756793021603,0.0022091802363430994,0.0011859948683661612,5.739484006944359e-05,-0.0006440732629757785,-0.0009227095843891727,0.004012095422670462,0.009393080931468931
2023-08-29,0.0016769323293077058,-0.0008983716331897981,0.002822080429320097,0.0036145934591193096,-0.00117862689156329,0.003950092683694801,-0.005559366758488227,-0.003581182424641211,-0.0004355507065443036,0.0007872456921937624,-0.0008896866371139434
2023-08-30,-0.006818477500886903,0.004691675814058477,0.002345452253641356,0.0031219980159306556,-0.0019156191403303547,-0.003098109992065298,-0.0007694446430148473,0.0003474275768877832,-0.004405055832470986,0.0002616202922670227,0.007080097793153926
2023-08-31,-0.00033522552115986025,-0.00022091386224127934,-0.0015703384718770922,-0.00042490626144619457,0.001714153678945023,-0.0027044504052976363,0.004380765091014198,-0.0022172094605335015,-0.0022304013193811213,0.000940044051854887,0.0012752695730147473
2023-09-01,-0.006768471194237898,-0.003927563540410038,-0.00033298672063307964,-0.0012467998705197926,0.002052153958807584,0.0036779607529884555,0.002675125090020136,0.002399437404907956,0.0057304822299801056,0.005180007135991534,0.011948478330229433
2023-09-04,-0.0037269476400777833,0.00527092907017685,0.0003689014526474445,0.0007747731077755831,0.00283800724789252,0.006468533857286715,-0.0001206808184041465,-0.0031115647968153874,-0.004324555799337359,-0.00036494962008114425,0.003361998019996639
2023-09-05,-0.0023875577880673312,-0.003238634515126327,-0.0008232534929394049,0.002436869663980386,0.002407484963039298,-0.0010698824611502706,0.0030739799445256106,0.0005022687049282004,0.0025055586219768513,0.001477479948999845,0.0038650377370671764
2023-09-06,0.003978591402830425,0.0012925792340512288,0.001776860780512497,0.0022051596186021634,-0.0015023938360485553,0.0005961043900681536,-0.0009721019338613751,0.0014548136113431177,-0.0016265743213307723,-0.004326963288241153,-0.008305554691071578
2023-09-07,-0.0002668662698464997,-0.0011132563231520342,-0.003964722634757341,0.00040653037219016107,-0.0005911396201844498,0.000642827730397714,-0.0006459945664056878,0.0005853817469424494,0.004437053407897748,0.0021488604599201955,0.002415726729766695
2023-09-08,0.006285144362502806,-0.003033578313867649,0.0018619210804216232,0.0014387344567466213,0.002503137624457432,-0.0029202870646107826,-0.0008991916089339919,-0.0019359579315446785,0.0004437017965871537,-0.00424691803719717,-0.010532062399699976
2023-09-11,-0.005367729769044506,-0.007386270059063729,0.0019215218680865317,0.0011994792139637194,-0.0022535479826014493,-0.00016834887973392484,-0.000533320344328614,0.000576826912939704,0.0030797008755012612,0.0031509339663065637,0.00851866373535107
2023-09-12,-0.006954616773875086,-0.00449119349975428,0.0030976021174493815,0.0021194664695730757,0.0024310335531276504,0.0007511276249238211,0.0016719073147330008,0.0007005810901667435,0.0024737434360393327,-0.0015181327494579214,0.005436484024417165
2023-09-13,-0.002805593867017088,-0.0009232767329704662,0.002275608936280713,0.001613852852588916,-0.0013247398702942751,4.008344563591489e-05,0.0007673035407640709,0.003012172514995493,0.0033336299065615258,0.003560305119236499,0.006365898986253587
2023-09-14,-0.0017585421789680963,0.004304566895976754,-0.004047203957670434,0.001194872040361419,0.0020680445785794,0.002799426854465004,-0.0019133793172787573,-0.0010533369054936859,8.747799950563806e-05,-0.003221707839420892,-0.0014631656604527957
2023-09-15,0.002171087187147252,-0.0018983579177824748,0.0015303433793503927,0.0007788691813684816,0.00045291309650375225,0.0029386009696539153,0.0024962771336891633,0.0017597786067866394,0.0008407148759606436,0.0038860474591190593,0.0017149602719718072
2023-09-18,-0.0070204015078556,-0.0026160651069267894,0.0005083927437373859,0.0033333137217105282,-0.000852481071747415,0.0031368291007382054,-0.000953742507662413,0.004242004177843075,0.005226229635704854,0.00753967397449031,0.01456007548234591
2023-09-19,-0.002188384369049758,-0.0019189937398840905,0.0002046602355264168,0.0007389584902117363,0.001513838531075048,0.00031980811536819827,0.0006848584834309808,0.002034145716584232,0.0026654327346756724,0.0010516340672940849,0.003240018436343843
2023-09-20,-0.0013646088969666852,0.0005885831709716031,-0.0035831226183565476,-0.0002610867347906232,-0.0019755340797698614,0.000746757291660388,-0.00013227970628373973,0.0008748093293335295,0.0007348799957041506,0.0033410890538024566,0.004705697950769142
2023-09-21,0.0003304159712228617,0.0018841704067785495,-0.002040964483786507,0.0002818211611494029,-0.0007363332410382763,-5.5375210142522935e-05,-2.497504819031545e-05,-0.0027151586103055523,8.769308187389024e-05,-0.0022768745228320736,-0.0026072904940549354
2023-09-22,0.00563040223591588,0.002864667457193609,-0.0014787864851849197,0.0013744043034994594,-0.0017208194725815303,-0.0030420774461479005,-0.003838596477229294,-0.0048072493796827145,-0.0008482393796460458,-0.004183056115226425,-0.009813458351142305
2023-09-25,-0.0032192624446549,0.002555638926607444,0.0016812248592786233,-0.001170586883565178,0.0016194477032212325,-0.0024711890458319462,-0.0023225008847994146,0.0010420719912352628,-0.0002882589787742304,0.00035181430551657004,0.00357107675017147
2023-09-26,-0.003823376151705522,-0.002816364756635336,0.00420287192250269,-0.0012960070345880324,0.0007166447768445529,0.00010127700166138009,-0.0019331063921466413,0.0008197261897037934,0.0008398768561130394,-0.0017145785620936904,0.0021087975896118315
2023-09-27,-0.002640491304289701,-0.0048498771901136686,0.001622650466352496,0.0029125882108205926,-1.3159864815467286e-05,0.0009185111540222888,0.0016339502606944882,0.0020514111267668574,8.684525543806317e-05,0.0023471278207118362,0.004987619125001537
2023-09-28,0.0036731134165841556,-0.0006001956593567964,0.001939603073634708,0.0016753294038977856,0.00041495534851356073,0.0004578655571184801,-0.004051961068116232,-0.004251570992251625,-0.004333380683815674,-0.0007695489171159426,-0.004442662333700098
2023-10-09,0.0023728969790465662,0.002316849662128225,-0.003806973453734811,0.0012825072120317567,-0.0013690705514857074,-0.0029367433387254096,-0.0005663156751129668,-0.0021313350919267347,-0.003909266445914183,-0.005433416611863138,-0.0078063135909097045
2023-10-10,0.0071815072358258954,0.0010536556451769268,-0.00016392541976600395,0.0030592131841609056,-0.004631065327133054,-0.0028496852712223365,-0.004829567449013668,-0.00224611771940424,-0.008422627250863589,-0.0054352599299136994,-0.012616767165739595
2023-10-11,0.0012627472815701962,-0.0018179589961507148,0.0010839496680706262,0.0021390411489198707,-0.0014151365069167482,0.002181676062930299,2.6077182706652326e-05,0.0008608651832757966,-0.0011604645047888261,0.0009598645616096396,-0.00030288271996055664
2023-10-12,-0.0024614269843291105,-0.003480997807698141,0.0016040106641440357,0.0037768987036267045,0.0007647280511652468,0.00025465155100655055,0.0008323179525524685,0.0025458341611459797,0.0011425717944608157,0.0019693366131350335,0.004430763597464144
2023-10-13,0.007804912767689582,-0.006361954624762706,0.0008699379295112888,-0.0005890036672073359,-0.0013221916225431153,-0.0016827331986742494,0.00014025810938670508,-0.0005596732169417789,-0.0029928744023444173,-0.0030437980933538146,-0.010848710861043397
2023-10-16,-0.0012315359992464982,-0.000461438764859681,0.0011610164620601006,0.0009436171366696824,-0.002710628048285719,-0.0013761769205065883,-0.0029436096538395487,-3.474515414677551e-05,-0.0005544044872064055,0.003293462072360895,0.004524998071607393
2023-10-17,5.2185597187383694e-05,-0.000745336995389421,-0.0024375569576219154,0.0001681132018937397,0.0009096763417044918,-0.00019986722922266586,0.0009495960429717029,-0.0005179235129383814,-0.0007477138257912504,0.0029845558471995708,0.0029323702500121873
2023-10-18,-0.0005961583787229208,0.0027680352704954137,-0.0027809847957930046,-0.003398616617216123,-0.0014576639293668423,-0.001717012003980113,-0.0014713444418761581,-0.0019535297565429557,-0.0017090036625592372,-0.0011672435147977679,-0.0005710851360748471
2023-10-19,-0.003675574818906631,0.0014736933190546502,0.001939472354847018,-0.0005769242769742821,-0.0006558407472307894,0.0005967370353914922,-4.3563707493357996e-05,0.0018263569707863726,0.003745034236018026,0.0018092000596812434,0.005484774878587874
2023-10-20,-0.005460427382909715,-0.005732659836216799,0.0019402125012935136,0.004690618845418854,0.0011531610579141199,0.0030955821528680033,0.0010107991308589798,0.005201357340518109,0.004742033297021123,0.004301659152674315,0.00976208653558403
2023-10-23,0.004077412796081943,-0.002116862754505314,0.0003895913472975409,-0.002948188926599882,-0.0024366559365428643,-0.002883283330885611,-0.00045668613707592004,-0.001817161229690501,0.001442342491218717,0.001526241017151913,-0.0025511717789300304
2023-10-24,4.591855120288828e-05,8.953840078605767e-06,0.0031897636815096998,0.006846209046113464,0.001712664047174183,0.004766885341780526,0.0033973884428719495,0.001446680316284359,0.0035323606904889143,-0.0003079909738627971,-0.0003539095250656854
2023-10-25,-0.000717753602154125,0.001277185852692065,0.001624413229707173,-0.003102529179182267,0.0001740691763430091,-0.001173205215411803,0.00017479110814538922,0.0030078245358807834,-0.005540122213584073,0.0024495814966786315,0.0031673350988327565
2023-10-26,4.580809455366876e-05,-0.003954700862135746,-0.0008256033457563844,-0.002185160666126357,0.0008723102156472475,0.0007699854686806144,-0.003796222579434472,-0.0018768884367580414,-0.0005833547331213194,0.0005653494539024132,0.0005195413593487444
2023-10-27,-0.008399149001639858,-0.0036216733372289927,0.0023303815525713614,0.00133821755487023,0.004206541881398128,0.0006620601994936866,-6.30896709932228e-05,0.007628903597563686,0.005756318331402865,0.0031846020536361944,0.011583751055276053
2023-10-30,0.006518367821891363,0.001228933144271016,0.005598524441734597,0.00026981214066596187,-0.0033275169115691266,-0.002607246560207223,-0.00823566710497815,-0.0006519744355511713,-0.006002877766231216,-0.004222180754224487,-0.01074054857611585
2023-10-31,-0.005282722470082905,0.0004696164852096402,0.0042121007612890265,0.0033348114128226277,-0.002368876387540536,0.00277525530670267,0.001839173737155926,0.001785267882216643,0.0023880839809120383,0.004273992839763824,0.009556715309846728
2023-11-01,-0.0048068627745955165,-0.0026048883137210718,0.0028929410476200746,0.000445807227540379,0.0017593072484031048,0.0031100772503550064,0.003690607868625283,0.003042829501068523,0.0036981140585539154,0.004424783296432753,0.00923164607102827
2023-11-02,-0.007331737615247705,0.000877151366841575,0.004873293018848324,-0.0013104708970467062,0.0014039525011004359,0.001830219277274376,-0.0009661911566026726,0.0024082936163328417,0.0001132356286131053,0.0015912702369897537,0.008923007852237458
2023-11-03,0.004289837258591075,0.0023899775703412904,0.0004731694043630044,0.0001846607124014073,1.9770827977993847e-05,-0.00013948990050741475,-0.001471252894944296,-0.0017328234553132856,-0.004455084447426992,-0.006651810114487138,-0.010941647373078213
2023-11-06,0.00612745226447083,0.007568773657457951,0.0026502372751497486,0.0030279824009779993,-0.00147559748991943,0.00032994901434658876,-0.003644654443625026,-0.0012468091030394693,-0.010071386690779189,-0.008640664183914458,-0.014768116448385289
2023-11-07,0.0013317190014961056,0.0013565472125864108,0.004182417672663163,0.0011730077328972088,-0.002550595049132571,-0.003287562556899597,-0.0015655357115050602,-0.004995928949829314,-0.005415397044998567,-0.005076664178156518,-0.006408383179652624
2023-11-08,0.0047288259573023406,0.0031072182744029475,-0.00017049644648427307,-0.001209088597316518,-0.0040159067421756435,-0.0030722980365404605,-0.001808879601327044,-0.0026741300066174625,-0.003741200054581308,-0.004976193348841172,-0.009705019306143512
2023-11-09,-0.0037075164855712266,-0.006352551302902644,0.00020775364034698938,0.00018795265584165867,0.004490258177923836,0.0039003618644257916,0.0010294314472313036,0.004109232276859078,0.0011618700095581492,0.0037359258030436196,0.007443442288614846
2023-11-10,0.0022737253930565724,-0.0015893602315760166,-0.0014807706531957756,-0.0004919828953301978,-0.0012501384075932957,-0.000872648951473445,0.0008222760854455162,5.235477127919731e-05,0.002543679906804936,0.0009654095657609462,-0.001308315827295626
2023-11-13,0.0025714844170417668,0.005466399137844503,0.0011003230642889202,0.0006432405520515024,-0.0011497337781592168,-0.0007345692371330298,-0.0012710867689431872,-0.0035857917248676876,-0.003277671353933932,-0.0038600157500005196,-0.006431500167042286
2023-11-14,0.007496486580770538,0.00023543513718399088,0.0022236033532540764,-0.0018860209693290515,-3.8105872325033797e-05,-0.0010418269817350264,-0.0016326113949317017,-0.002949186382733566,-0.004327886168947389,-0.003025344711181578,-0.010521831291952116
2023-11-15,-0.003190404734194287,-0.00023492558801619046,-0.0011178303230751942,0.0005453602447888726,0.006695421419770019,-0.00013369948991971985,0.005325410736505995,0.005230320616403095,0.0033562042676101678,0.0018340350682412598,0.005024439802435547
2023-11-16,0.0006052388216392147,-0.0002993459634441683,-0.0019916688753363393,-0.0019198302821309366,0.000225681762995215,-0.00047842596169313646,-0.0002040933645708655,-0.0006592406861836715,0.0016734800972780706,0.002654139558247404,0.002048900736608189
2023-11-17,0.0012719811570439726,-0.005235874368339536,-0.0015334985480134795,0.004333364789520573,0.00010121468095827135,-0.0024852658375414884,0.0013057133707276855,0.001789744536238232,-0.004123800513857214,-0.0023493314252981227,-0.0036213125823420953
2023-11-20,-0.003876945911428435,-0.00016960083127623904,0.0003875459575449176,-0.001468736858810743,-0.0004568358774727768,0.0019908032009342534,0.000672342592183165,0.001837704164696687,5.977548228823558e-06,-0.000636628725424232,0.003240317186004203
2023-11-21,-0.005182779859874127,-0.0018470940620093357,0.005864698869737384,-0.0030990903928248626,-0.0011643698337329461,0.0031835821716147453,0.007182819594262834,0.003041879890874037,0.006108524283927087,0.005223728565883833,0.01040650842575796
2023-11-22,-0.0057350903116802805,-0.0002240829565450437,0.005779938350377126,0.0001774879956703999,0.0020189187392433182,0.00252580308760082,0.001086501841894847,0.0024076071331142266,0.001408450766752279,0.005140883218650045,0.010875973530330325
2023-11-23,-0.0011189485329810072,-0.007114501309390765,-0.0034855802030906834,-0.001638449997735542,0.0031351500589186032,0.004078184668931857,0.0014823190922653505,0.001208542524818703,0.004035018991986511,0.0036783245550234267,0.004797273088004434
2023-11-24,-0.0018995302051930832,-0.004207374975993803,-0.003708229044616811,0.0006650080993995315,0.005779195518441396,0.002453351188262432,0.0033526132431874914,0.0031354462337295835,0.004972072835432183,0.00476285215947033,0.006662382364663413
2023-11-27,-0.006932549753450467,0.0007215737676530278,0.001788249841187319,8.728890828096296e-05,-0.0024748679295579857,-0.0002878577679007879,-0.0019430491139892656,0.0012026393395993438,-0.000279803259544784,0.0013758656975782337,0.0083084154510287
2023-11-28,-0.0032470081824829975,-0.006386948094589829,-0.0016475308223956636,0.002819829965112617,0.001843849589022782,0.0017996810947698162,0.0024352025362372126,0.0029624624362812177,0.0026314191504652786,0.0034463740033910816,0.0066933821858740795
2023-11-29,0.0002218828564572949,-0.0008675637490186501,-0.0027072257553938904,0.0021479930261230325,-0.003357574274403345,0.0018769545175660205,-0.0015033755040707824,-0.0017451281171537683,-0.001067400313411248,0.0010890961489680839,0.000867213292510789
2023-11-30,-0.004085187098610112,-0.00291266351349012,0.0010899384596079833,0.00017382193058560012,0.0006659253868046389,0.0004429556492166057,-0.0010271710940699592,0.00016801779590972063,-0.00024133057004289537,0.0006339999115167949,0.004719187010126907
2023-12-01,0.005019952310054803,0.0033152332339137724,0.0015040757614548609,0.0007897106053563239,-0.0021224317423190766,-0.0014123470354063465,-0.003078064081492676,-0.005819666281319457,-0.006866011348129478,-0.00783913253565446,-0.012859084845709263
2023-12-04,-0.00044658766850315694,0.002114818417253226,0.001743184409227801,0.0019378962652968274,0.0006902720139794004,0.0003575080229880855,-0.0009050502789840438,-0.002061937291118156,-0.0033099018282713192,-0.0015395382517246806,-0.0010929505832215237
2023-12-05,-0.007363331532368352,-0.003230282061836845,-0.0018112136410242514,0.00028152244914380936,0.0015100451583985653,0.0033217164267467063,0.0010486118542448796,0.004592565476749943,0.004289733744275782,0.004088193700584314,0.011451525232952666
2023-12-06,-0.00041958238628148504,0.0011538241229194996,-0.0008150781172473365,0.0010816956870736284,-0.0013520983868651913,0.0010816784468571606,0.0026960506737568253,-0.0017524522236385689,-0.0007271997782878294,-0.0009981761111016072,-0.0005785937248201222
2023-12-07,-0.00017807153830102802,0.0004202231558858351,0.003933845389802897,0.00020100515216883263,0.0009970891804679757,-0.003988461389489107,-0.0021644345226737713,-0.0002911238089478483,-0.0037592408978930417,-0.0022949767292817537,-0.0021169051909807257
2023-12-08,0.00222781595645992,-0.0013378169708091624,-0.0028820410442797462,0.00026732622194102634,-0.0010495687003410881,-0.004488218415285045,-0.0037404460967202613,-0.0038671790599629965,-0.006150915383974545,-0.00504963846226773,-0.00727745441872765
2023-12-11,-0.0003701702957443721,0.0008133612475155339,0.0015587870262873927,-0.00012554215071984413,0.0013096817742814925,0.0002589675825473844,0.0002114363617575361,-0.0006574294138198836,0.001334579185745876,-0.0017476548177302468,-0.0013774845219858747
2023-12-12,-0.0002843452062718444,-0.0016356825506804776,-0.00037385411919786064,0.0029984113814679678,0.0008734820143425238,-0.0011539051789252997,0.0017547324173865465,0.0024005200464022446,-0.0018759549970424289,0.0008526698878727634,0.0011370150941446078
2023-12-13,-0.0017344782380119624,-0.0018860202045199639,-0.002526599283990054,0.0011733637078973,1.5739277459098306e-05,0.0035851821975805475,0.004017220275153092,0.0015572875470148074,0.001265293471893806,0.0019630044221663036,0.003697482660178266
2023-12-14,-0.0038706872347654135,-0.002558123220348131,0.001818963770492504,-0.0005626577327721656,0.0013819513820307783,0.0034269847387023824,0.0033071539742759934,0.0022143596538863174,0.003532682711015104,0.004225961793906118,0.008096649028671531
2023-12-15,0.00048756120123474313,0.0003892621605168909,0.0012227978894659788,0.001005251348506947,-0.0026367674063767993,0.0001345153037305058,-0.001865988808378195,0.0015245086220165814,-0.0009640329098839635,0.0020917115479930884,0.0016041503467583453
2023-12-18,-0.0024932530040912425,-0.0034745773880983915,-0.002613021804708858,0.0008212037308906426,0.0019011264137759457,0.0010552029876409023,-0.001868659083730085,0.002469238085240322,0.00138790799286483,0.0034139078613511908,0.005907160865442433
2023-12-19,0.0017702440922059827,-0.0037734093901681184,-0.0009085005906111676,0.0003851452256350939,-0.0003695725784729647,0.000790259198141089,-0.0020001306454819684,-0.0005787329610576177,-0.0019688504462044825,0.0003166590689516913,-0.0014535850232542914
2023-12-20,-0.005862374366608829,-0.0022371125493453495,-0.0007813417826154783,0.0011658914819938162,0.002086384500067284,0.0035807899828314378,0.006354344476652004,0.003115554810341146,0.004031088806596582,0.006319936034349748,0.012182310400958577
2023-12-21,0.001860139841475683,-6.519046293235555e-05,0.0009890535190816207,0.00043776119191341495,-0.0005134092094655039,0.002133510019572018,-0.0016622913317947418,-0.001320387481071816,0.000732937751381098,-0.00026484830015561904,-0.002124988141631302
2023-12-22,-0.007706770314355089,-0.006422327198648305,0.001386383601353214,-0.001723915027645896,0.004757376058756306,0.004884733834958738,0.00521124518584602,0.006631917463295484,0.003512783422875092,0.004372943094721451,0.012079713409076539
2023-12-25,-0.00377147527474831,5.170559717402072e-05,-0.0024758433099282993,-0.0004992300010845962,-0.00021560925337221586,-0.00041798560855417467,0.0023022107515322755,0.0009279387467912511,-0.0022043509868140375,-0.00036802954266821415,0.003403445732080096
2023-12-26,-0.002053651204404712,-0.003827621530485884,-0.0020844841096066486,0.003239282431722064,0.00104363740954446,0.0006209442798775542,0.00023063534625649817,0.0015645013812345299,0.0036484161779955487,0.00228240829014439,0.004336059494549102
2023-12-27,-0.006303575773083209,0.004560449259439523,-0.00040530571927048726,-0.0016214356488793273,-0.002075704644439196,-0.0007414891084778063,-0.0017006440583099852,0.0010657172586711946,-0.0015193136982294927,0.0005924330387384988,0.006896008811821707
2023-12-28,0.0010217504521822073,0.001563719964453893,0.0010890007764509835,0.0010915909712209569,0.0019761036379591715,0.0055128241155285584,0.003496383286108547,0.002875102333558237,0.0034805445792135243,-0.003585165518266024,-0.004606915970448231
2023-12-29,-0.0034948310028103877,-0.0012673773641254812,-0.0010877118922951083,-0.0010325615255091306,0.00012687834621948199,-0.00026561963716546094,-0.0007462873218966155,-0.002668958001381511,0.001816959810777912,0.0001614458422987045,0.003656276845109092
2024-01-02,-0.00705343097192985,-0.004732394921945822,-0.001969574017815939,0.0044913191481026305,0.0021712763626886566,-0.0016128245775838543,0.003742426144302616,0.004298897189466038,0.0041124966542505316,0.006608575850832084,0.013662006822761934
2024-01-03,0.0006937917863577706,-0.0014705145562775694,-0.0016642274650145851,-0.003948887215614133,0.002041718669284959,0.002131157487746966,0.0016755082270043652,0.005255446348944738,6.411645553723111e-05,0.0021383478446545235,0.001444556058296753
2024-01-04,-0.0026202235116049846,0.0011415825942527858,-0.0020950073894774766,0.0004696912039511966,-0.0007499679954685591,0.0015950272032504592,0.0018009218982637195,0.0012666787008548774,0.0020418834962211466,0.003599645120493469,0.006219868632098453
2024-01-05,-0.002782444019395365,-0.0066923168381699105,-0.0021901400393585574,0.003938628517693885,0.001764867114432013,0.001532226062597866,0.005090360769218006,0.002203576803529493,0.003938761600613337,0.0035236113322143995,0.006306055351609764
2024-01-08,0.0002740558540061072,0.0011191239737358462,0.0018498374868492866,0.002127027235564578,-0.0011559390328263327,0.00033059560676121965,-0.0015818309287756569,-0.0002886196913408567,-0.004204278138636427,-2.791202721441513e-05,-0.0003019678812205223
2024-01-09,-0.004184151450073052,0.001997612742811141,0.0013623036847707538,-0.0016021456486833092,-0.00010957218719994202,0.002894170809051274,0.0013111021848480806,-7.114124884167984e-05,0.0023771477236886737,0.00019277698850553185,0.0043769284385785845
2024-01-10,-0.00509432164356564,-0.004729506130410561,-0.00471908369384413,0.0015906691465838014,6.532205295229666e-06,0.002715461187865151,0.0010651604196903898,0.004170711839761077,0.005637250308073395,0.0040928467484815855,0.009187168392047225
2024-01-11,0.006463796229735058,0.0028187752553043223,0.00500587264464408,0.0029291551565047936,-3.691464254273211e-05,-0.0011285926588330748,-0.0025497883348016186,-0.004122301145200814,-0.00454937148601288,-0.004620284505885969,-0.011084080735621027
2024-01-12,-0.00543765190884973,-0.0022967645521553472,-0.0010269655747172592,-0.0006421548313907226,0.002813338986158765,0.003830111083921395,0.0012809920778043332,0.0020328596052821566,0.0036830012816110183,0.0029313546704619023,0.008369006579311632
2024-01-15,-0.0012307690126184246,-0.0027202357257116666,0.002547412663644376,-0.0009687203449250978,0.0024179740928685386,-0.0006611815065237271,0.0007352322144659228,-0.0018453069866163699,0.0010277303339135725,0.0019134578099470135,0.003144226822565438
2024-01-16,0.0005471717608101522,-0.0013591151223472028,-0.001994969537356939,-0.003045940551285306,-0.00014942466579328834,0.0010557606835476464,0.00040181234072390914,-0.00027107564070352557,0.001144630231397239,0.00019227285881368646,-0.0003548989019964658
2024-01-17,-0.0026224513689993116,-0.0017053599028966915,0.0020932450953737368,-0.0014064183815894703,-0.001406804451515954,0.0014927241267452573,0.004859646820440477,0.0013606742238215955,0.001969663717654613,0.0025398305651555273,0.005162281934154839
2024-01-18,0.010447952245374929,0.002197897546907887,0.0003152460902956388,0.0020251089099740283,-0.002720695975043652,-0.0035028020789297405,-0.005492745920032991,-0.004990518377297599,-0.007474189907582355,-0.00997031496873127,-0.0204182672141062
2024-01-19,-0.007530567628787933,0.0005926301575781132,0.0019139364703066601,0.0009802941387525089,-0.0006847370705258906,-0.00046801897471192245,0.0014338294312888577,0.0002683515100402558,0.0026744899787519323,0.0036961926244345536,0.011226760253222487
2024-01-22,0.0004363293367992116,-0.0004526955514954072,-0.002917136075085403,-0.001183528042115277,-0.0018995004453082462,0.0003709295402697118,-0.002919119980394087,-0.0008646249915953353,-0.0014237436781380365,-0.0007887600299370387,-0.0012250893667362503
2024-01-23,0.002153910857854853,-5.499603041188067e-05,0.002650178806809469,-0.0025363559402353,0.002882247608539173,-7.739327434565322e-05,-0.005012301243358393,-0.006482378828634301,-0.004837746507926885,-0.007028132581298108,-0.009182043439152961
2024-01-24,0.00019741293686519664,0.0033815341916588982,0.0020425701916788044,0.0016729677258180272,-0.0023972457737198604,-0.0029073842142585907,0.0012927424342242155,0.0014855014562252715,0.0003744305380420231,0.004192956198756043,0.0039955432618908465
2024-01-25,-0.0023009767975567244,-0.001052287753051062,0.004615862224568132,0.0034159358924995067,0.0007243640018386223,0.0010199482909181096,0.002656339866503026,-0.0009620074804192143,0.000639280870067166,0.00482607695053067,0.0071270537480873945
2024-01-26,-0.00277640083668614,-0.0024573261434437726,0.006017996279951247,0.00046425993369982824,-0.003609585741965839,-0.002114171672576006,0.000722429886188782,0.0006718184885251876,0.0026055570331151973,0.0012080660788712843,0.003984466915557424
2024-01-29,-0.011618024253736165,-0.002032051513743574,0.003501165082690845,-0.0006844949450994751,-0.0029426211980600188,0.0016441315424871106,0.006442251370555095,-0.0006461315057778823,0.00016794040247857032,0.005059277192702653,0.01667730144643882
2024-01-30,-0.001440010462926408,-6.63410185670957e-05,-0.0017336184682293745,-0.001421062725749605,-0.00024815136006033555,-0.0015594240508019978,-0.003259396094653449,-7.920719822934687e-05,0.0002327494096881524,-0.0009202272993340464,0.0005197831635923616
2024-01-31,0.001040812724655026,-0.0034097400944122017,0.0010334526459969471,-0.0023457060661324363,-0.004209620823052608,-0.0026504069681112913,0.001396848174359052,-0.0044425380344965265,0.00033204674704073603,-8.115116288426316e-06,-0.0010489278409434523
2024-02-01,-0.0015552294261878701,0.004649483267083887,-0.0037806634006849046,0.0028291663210201785,0.001781581575941245,-0.003035613055672194,0.0011534879028276184,-0.0023179913343494307,-0.002766257181152834,0.00028713017072820915,0.0018423595969160793
2024-02-02,0.005819110109967156,0.000821833746363197,-0.0005624881444762441,-0.002968672096398608,-0.0030074457903781857,-0.0038328711724019923,-0.006381184231207169,-0.001953888730536815,-0.0068130323182292105,-0.008572983724067514,-0.01439209383403467
2024-02-05,-0.007943534303837397,-0.016531250393069935,-0.009994178381184765,-0.003323674181645441,-0.008597311947006782,-0.0031076182947016766,-0.005242262476049813,-0.003001689412795228,0.002512054423171763,-0.0022089454663794814,0.005734588837457915
2024-02-06,0.01040401711556521,0.0018455303285878617,0.009092870230188775,0.005914720668799416,0.005836823001620641,-0.0013466080434518383,0.00794555524631457,0.0018167824182691058,-0.00151012497484459,-0.001856107570262066,-0.012260124685827276
2024-02-07,-0.016467962764937498,-0.008836320843072553,-0.004087137584543035,-0.0073907428881692045,0.0007466478908948727,0.0026957230136690474,-0.0013555726171409195,0.002521595209600127,-0.0006360678449049604,0.002879967023649999,0.019347929788587497
2024-02-08,-0.004589611687242901,-0.0025920748542643925,-0.004167958439248982,-0.0023505924386827944,0.015729535120566643,0.014838658598169113,0.018441173821279473,0.008353418953399663,0.022256147650521117,0.019159181814731776,0.023748793501974678
2024-02-19,0.021187034139003483,0.0052470709456147,0.006505833324138739,-0.0021791659499822095,-0.004232025651713134,-0.004426713935866743,-0.005360454414923285,-0.0075645247838936665,-0.007978480484118661,-0.007811853271924031,-0.028998887410927515
2024-02-20,0.001141653777032564,0.005281890032844887,0.0054175478920478,-0.0002543505399179828,-0.00415807515998412,0.0002727790342992977,-0.0020745614471964786,-0.0029947100190073498,-0.004972243574686499,-0.0033211535733093495,-0.0044628073503419135
2024-02-21,-0.009183456911500566,0.00016562972511770984,0.0029290483182416085,0.0023062939107230994,0.005695520141940732,0.002340543494476753,0.0054109763319080606,0.005302618374374638,0.008358160718108309,0.004961479911171534,0.0141449368226721
2024-02-22,0.008593859962824734,0.0051689184721500255,0.000219037175436899,0.0025982919988458255,0.0016394875425992613,-0.00023167660234068872,-0.0009752746355071035,-0.005889271296329469,-0.00677639088056472,-0.008567845419340057,-0.017161705382164792
2024-02-23,0.009297519869804888,0.0040807937258290055,0.002357116171475021,0.003811782149191706,0.0008199494311281058,0.0017949322849576761,0.0011506211703517135,-0.003851104885349556,-0.004260681024085879,-0.0045268881821960046,-0.013824408052000893
2024-02-26,-0.00422935945726917,-0.00014970519159498974,0.0006776321658948051,0.005048981718448768,-0.0016071619975856987,0.0043062309580625974,0.001863865947187629,0.0021511887825023247,0.0006087831353574844,-0.0003634587489662921,0.0038659007083028775
2024-02-27,0.008303010507643519,0.005096404374177476,0.004948827085758745,-0.001257322485359116,-0.0017357383365176277,0.0010243814087178384,-0.003134989126746106,-0.005022827342793837,-0.005299440931240943,-0.008304492916424735,-0.016607503424068255
2024-02-28,-0.011758398455255569,-0.008501459121582913,-0.00449395619603076,-0.0047626936861817955,0.0014575550538214912,-0.00481419015034017,0.0033567692307633766,0.0007350170546722332,0.007182816385218246,0.005380990449884075,0.017139388905139642
2024-02-29,0.013469821667471158,0.004160905368755245,0.0001365901734347104,-0.0017096452490900842,-0.0011087786942545412,-0.0003817555468692943,-0.003226658712268213,-0.0055415461266545805,-0.00611700650314264,-0.006465446232389331,-0.01993526789986049
2024-03-01,0.004291437248841189,6.031033433964977e-05,0.0013081272344632247,0.001681685122402171,-0.0011829156774434053,-0.0036809917878912876,-0.000912174187457492,-0.001411713201785908,-0.004141402478610008,-0.004848022067302439,-0.009139459316143628
2024-03-04,0.010811347822024002,0.0004089285580554953,-0.004304168175776175,-0.002840037988703984,-0.006635364788999745,-0.005529537982888038,-0.0006290689155397243,-0.002724546196286608,-0.005540338117449324,-0.006551980589410115,-0.017363328411434117
2024-03-05,0.0009798247124133492,-0.002257595446421611,-0.00590439796448346,0.0009048686940447918,0.0021105699806881575,-0.004118979031829776,-0.0011694825852252596,-0.0007626533720777701,-0.0019524477819808717,-0.003123245009902562,-0.004103069722315911
2024-03-06,-0.0038724056858283735,0.0014731010837791612,-0.0028652022490374893,0.0016597148762933394,0.0009048186363680207,-0.00034175028069977726,0.003232371910935546,0.0020763694838134353,0.0031584492797079354,0.001367850733408824,0.0052402564192371975
2024-03-07,-0.009828100112208842,0.0003509393414521927,0.0006531566864347114,0.0004113372198378416,0.004411925645401992,-0.0006978050631584447,0.002763774658439364,0.002976690348977705,0.002810446630885352,0.006768412077839511,0.016596512190048353
2024-03-08,0.0063483079373042265,0.004130123068493209,0.004751569025059011,-0.00022100525933924434,-0.004794188091548254,-0.004314437923544463,-0.0030086463212135755,-0.004149499751199675,-0.006638966477324232,-0.005488320814167416,-0.011836628751471644
2024-03-11,0.0034007686830019755,-0.0022366095673251704,-0.002129682390436624,0.0011818203693638005,0.0014884333386932546,-0.0019323948735690396,0.006024879286297826,0.003954807892584648,0.0012837920949284685,0.0010887218215081232,-0.0023120468614938523
2024-03-12,-0.005120814802943437,6.736338256990932e-05,0.0019319151590471806,-0.0029340423808780435,0.0001896611065622698,0.0020930146345356235,0.00536394521160872,0.0056462276558696825,0.009461107860980748,0.009517487965026182,0.014638302767969619
2024-03-13,0.0033127403443541786,-0.00043382777780882637,-0.0009104384478382575,0.000913923145296959,-0.005788986464520563,-0.0027618689770342896,-0.0010538982208004321,-0.002758787993524003,-0.004105165944657741,-0.000995631815742733,-0.004308372160096912
2024-03-14,-0.004475739234144078,-0.0010456527565415028,-0.004755069661514604,-0.002970674461441604,0.0008779034840256474,0.0008299210092564107,-0.000313538452881733,0.003701917116920965,0.0013960836686724304,0.006606383233565329,0.011082122467709406
2024-03-15,0.0006241476849385928,0.002678503608574547,-0.0031114849892230033,-0.001675856290237501,0.000163717696398743,0.0011674109608711214,0.00020304279105162634,-0.0016053854714248238,-0.0010409246046560814,0.0012781696595351953,0.0006540219745966025
2024-03-18,0.006452890124993397,0.0010106643036200912,-0.0011035619272067162,0.0021596248097938402,0.0011604318765894514,-0.0032197387794090275,-0.002184855694809786,-0.003922833197482903,-0.0012000408288383516,-0.0034005538254539176,-0.009853443950447315
2024-03-19,-0.003160125918918972,0.0018446820541060164,-0.00046861625725758805,0.0006136309715268939,0.00176644955675773,0.0013974967034823243,0.0003025628538348979,-0.000422459557895742,0.0009973903008986362,0.0001331026456701549,0.003293228564589127
2024-03-20,0.008191922432657761,0.001805411052439084,0.0025411561340338822,0.0026127583109375498,-0.0017934161853403196,0.003017746170456725,-0.0017325545411021519,-0.004266646007883872,-0.006375947746556036,-0.00235575467293636,-0.010547677105594122
2024-03-21,0.0030686712644431985,0.0005518161779791944,0.0020617946751271773,-0.0005225343648002965,-0.0016480787254715837,-0.002640406826797238,-0.0005314029811519474,-0.00010851245777258997,-0.004341099264498322,-0.00361994674825141,-0.006688618012694608
2024-03-22,0.003586054320630052,0.0013297008168553087,-0.00560605554374525,-0.002505990476599583,-0.005554362960069916,-0.0028402660757060813,-0.0043884076927390315,-0.0027084499227870867,-0.005354250299849807,-0.0056524592547363105,-0.009238513575366362
2024-03-25,-0.014407963968686988,-0.004344709320352709,-0.0032107071776836882,-0.0006152412909957671,-0.0006051937873836061,0.004222074784730544,0.0026129276027322835,0.0019406194851369065,0.007069923457851165,0.004412780377710637,0.018820744346397626
2024-03-26,-0.008057633345736327,-0.0045464924635196455,-0.0010896647973615307,0.002559647817318767,0.0026325269218547246,0.0033520314567882918,0.000785760853213775,0.004673906695663388,0.004315090498365853,0.0048203403418303715,0.012877973687566699
2024-03-27,-0.01734694216162847,-0.007482020299736094,-0.0037427530619685285,0.00025494046323673407,0.0018816009262674484,0.0034046086122040535,0.0029437772584988598,0.00870084870079086,0.00824067959244561,0.009016651289952816,0.026363593451581287
2024-03-28,0.015019947856623396,0.00025338643345043904,0.008251419663197616,0.0003538986485544741,-0.003534460399931913,-0.0008853081307073146,-0.00616488081945269,-0.006803525553837881,-0.009767258849639573,-0.009109414866029938,-0.024129362722653334
2024-03-29,-0.010778265847625599,-0.006699818145941639,0.0007242460258442547,0.003772758277021951,0.004590221907651624,-0.0019426768686919829,0.00040953007961824236,-0.0017535233570843871,0.0008659564857442066,0.0048712153209855835,0.01564948116861118
2024-04-01,-0.004923587702411633,-0.004325134613473561,0.0034074040321716375,0.0013221991147811724,0.0021752177786120374,0.00359149277432635,0.0027411215418508394,0.005646849596611442,0.005169438580126466,0.007283184733913194,0.012206772436324828
2024-04-02,-0.01203169793207745,-0.0015476971521053528,0.00014119309157519856,0.0012315635782481921,0.005918804415734042,0.0031483940845216263,0.001673989257216616,0.0042692030717383245,0.004054842320146068,0.008198616976862498,0.02023031490893995
2024-04-03,-0.006819787727838383,-0.005298454160658809,-0.001495669967898702,-0.0001713333434312983,0.002018595323382313,-0.002647018193981056,-0.0008734128084447097,0.00318529489522682,0.0023433116422794916,0.002561250354985909,0.009381038082824292
2024-04-08,-0.00728827420761851,0.0004371839676318057,0.0031901691070619076,0.00012087292530666262,-0.004443595999202229,-0.00467981926450544,-0.002778740007992865,-0.005447204182861931,-0.004540338310870598,-0.003964561742821651,0.0033237124647968594
2024-04-09,0.0009245953625083457,0.0015319189057323669,0.0017934302144291085,-0.00017804017121494735,0.0032538376363756647,0.005013026105749428,0.0051274129009596485,0.006801708046362686,0.0031925335366564454,0.005536560310595631,0.004611964948087285
2024-04-10,-0.004405267906543293,-0.0012898630691128839,-0.00293535062677995,-0.0003005523665123651,-0.0004087526712869202,-0.0005311402636730622,-0.0010435993352645332,-0.0018831546619939097,0.001154696637424894,-0.00012444264733983538,0.0042808252592034576
2024-04-11,-0.0011932989277655475,-0.004454794840585912,0.003509404421323794,0.0021582304150146643,-0.004688881815966035,0.002167105781784427,0.0031392870061326492,-0.0011170599353033436,-0.001057686658668506,0.0017536705390735347,0.002946969466839082
2024-04-12,-0.004982980558982653,-0.0025453940594414256,-0.0012827288224287353,-0.0014526921030994582,-0.0011524874314541543,-0.00026041080332791545,-0.0011486531804669258,-0.0002124140308035385,-0.0005964841752294139,0.002109098617531013,0.007092079176513666
2024-04-15,-0.012119709258546451,-0.009699504138691445,-0.010200990700620756,-0.001465167581949405,0.0020583721277078995,-0.003871866649158743,-0.0049028292369079785,-0.0013087733513937468,-0.005155003083114139,-0.007428692725795027,0.004691016532751424
2024-04-16,-0.008529890251621635,-0.005881250801840451,-0.007511659569880701,-0.0055534636184757374,-0.0029258821721525026,-0.0014488801006368314,-0.005334288893042968,-0.0019466743108854671,0.0017092401897781466,0.0008960482319031439,0.00942593848352478
2024-04-17,0.011607946784230707,0.004999152884065795,0.004909002268568989,0.0021590336638168464,3.864448046107111e-05,0.006480179319058329,0.003347394925751904,0.003979116286934393,-0.00046202263727278215,-0.0015597831989453883,-0.013167729983176096
2024-04-18,-0.002209896368384257,-0.004328368613880255,-0.0046613827751782085,0.004711912331260235,-0.0005333806761425825,-0.0032255166847064585,-0.00278451178330849,3.975985133214399e-06,0.00022555335850241035,-0.0008609544644588884,0.0013489419039253686
2024-04-19,-0.001889352507761433,-0.0017972114145721457,-0.0018457845533367905,0.00033894739010318655,0.001353318658428952,0.0002682457869318032,0.0009129367267709286,-0.0035864028837249177,-0.0023127948407067936,-0.001955956619271643,-6.660411151021019e-05
2024-04-22,-0.00810303424745156,-0.0027892518034683383,-0.001196883663182206,-0.0031426830007718854,0.0008056237082648182,0.0072594996884637365,0.006372451424733859,0.008079185876554207,0.012540331222663664,0.006923351648280208,0.015026385895731766
2024-04-23,-0.008513259387790462,-0.0005244104849821477,-0.0005192222794583256,0.002852669646348855,0.00420885667455369,0.002141911664447417,0.003948678752229965,0.006425524524694939,0.00916899275946915,0.008183260475635622,0.016696519863426084
2024-04-24,0.0016321284107974877,0.0073300943332556484,-0.004422438003056617,-0.001768507574429434,0.00014685822337717118,-0.007396364813858434,-0.0045259479930048405,-0.0030561051651769584,-0.001997310105915242,-0.004925609949884954,-0.006557738360682441
2024-04-25,-0.009791576363219059,-0.0028216701889515403,-0.00186362084034892,0.0021958372439946105,-0.004391793623501453,0.0012295204662808585,0.00488676548946202,0.0027559148534004306,0.005541400439826101,0.004075602775426805,0.013867179138645862
2024-04-26,0.0037367026476250956,0.00043505436316037594,0.004170587711945213,0.0031360730608766987,-0.0022934861304316112,0.0017685430691291343,-0.005175315569526153,-0.00218417472788914,-0.0024830171334797166,-0.0047459298697257605,-0.008482632517350857
2024-04-29,-0.004377995931052962,0.004785683758857819,0.003350069252888563,0.0024952741082983638,0.004966045965930799,0.001211323847933466,0.001732928458196485,-0.0005236445330749676,0.007022929608554705,0.004504667374160108,0.008882663305213069
2024-04-30,-0.012495230287634919,-0.0014876072694756028,-0.003473953806865821,0.0003121271426587608,0.007141495611253155,0.006872476382508536,0.0009924574350623702,0.004344991207653322,-0.0006254123293617771,0.006077732900222932,0.018572963187857852
2024-05-06,-0.0019102680661410938,0.0012210083528578527,0.0014923569752819839,0.0019096104182142054,0.003189823177531813,0.002505049612110238,0.0029810734377037204,0.0049700655907418175,0.0016602195795756643,0.000563959291014006,0.0024742273571550996
2024-05-07,-0.0008363484078871826,0.004546220610738766,0.0031997213883219995,0.0027571640339006873,0.007080474142118671,0.0009884809310813758,0.002378433927539209,0.0006107241398544942,0.0015151250380488273,0.002188577491004518,0.0030249258988917006
2024-05-08,-0.006418154200308026,-0.0009007134843090981,-0.0008072489401117158,0.0032325365480511572,0.0002069556776811681,0.0008245107994017536,0.002002205882343507,0.0010510383478505923,0.0017908559223424965,0.0044853051204334065,0.010903459320741432
2024-05-09,-0.0005319162316866368,0.00043629986169785485,-0.0009569044155600581,0.0012074355413963264,0.002374364559330609,0.0012992758853195925,0.005971536544083476,-0.002626931207302633,-0.0005893322094321048,-0.002962842132235491,-0.0024309259005488543
2024-05-10,-0.007070319158160672,0.001673091617878997,0.004317144651520873,0.0012735099653839038,-0.003363178207315295,0.0016765607119099604,-0.0010933102383621953,-0.00020801791806328296,-0.0015015603066727916,-0.002500073664672979,0.004570245493487693
2024-05-13,-0.0027942603095271394,-0.0025291869955462705,-0.0019827215025974227,-0.006474865329391325,-0.003247208186837696,-0.0012064317323641199,-0.002755814624755128,0.002017485170933729,-0.0018923061978416609,-0.0024875476693438526,0.0003067126401832868
2024-05-14,-0.004547165246124783,0.0026754627060104866,0.0014065713502124956,0.0020164104493378627,0.0030333287308575655,-0.002671186817296662,0.0005067884714270419,0.003409573061940024,0.0004319785761131964,0.0019483792850288248,0.006495544531153608
2024-05-15,-0.0011806405853301612,-0.0032090730838286686,-0.0011348115313338405,-0.0008551916549021461,0.0014452738940968577,0.0017880310114630179,0.0037581108514887565,0.0006751724083545389,0.0014588443827294579,0.003951064990769442,0.005131705576099603
2024-05-16,0.0028106538214910824,0.00023023760442770927,0.0013651385599185678,-0.0009931146993810798,0.001621008527825065,-0.0012519610619352228,0.002781527244968756,0.00045695056356396006,-0.0020560103703762657,0.004271958419986954,0.0014613045984958719
2024-05-17,0.002392920665499443,0.002588661895484901,0.0035486981213076565,0.0040985893143579925,-0.0017539631457043217,0.0006788033599445887,0.0028133315304735484,-0.0005294164296426418,0.0017768363217525026,0.002377935887160059,-1.4984778339384268e-05
2024-05-20,0.00015085097167589416,-0.0004495719346325033,0.0017777615493923039,0.0004734570246257427,7.072356354201987e-05,0.0013726167497698336,-0.001613112742371851,-0.0038863418227282863,-0.004105461703001757,-0.00038679666468945,-0.0005376476363653441
2024-05-21,-0.0009528017965613235,0.0003961617258130719,0.00033952589397084795,-0.00021384183805379388,0.0005453258542557696,0.00025535732527376084,-0.001330691305239539,0.0010008401392721897,0.00042390094728455977,0.0007118263924164602,0.0016646281889777835
2024-05-22,0.0007994638894242216,-0.00036655427687692227,0.000869703519747349,0.003915238752248048,0.003615585947836207,0.0030100668601647732,0.0035277340700188564,0.004076738391640178,0.0025796052748138718,0.0014721822552646825,0.0006727183658404609
2024-05-23,-0.004657603895761713,-0.00123817114269809,-0.006073669135841439,-0.0021992214491362433,-0.0011596184791308828,0.0016574603577072292,0.0013974575532741396,0.001975088054276606,0.0020782356295796674,2.543911210095204e-05,0.004683043007862665
2024-05-24,-0.013327536891934551,0.00032170459533941874,-0.002391703362029112,-0.003113713830985752,0.0021516507997767814,0.002847591276510379,0.004596005486359135,0.004246774684646758,0.0034862611078118086,0.0008527773865226415,0.014180314278457192
2024-05-27,-0.003653620126375873,-0.002058186147882909,-0.0009919134462022827,0.0014753416573468434,-0.0019419639577690903,-0.0020805308949683205,0.001586505867232189,-0.002099949274447897,-0.004882778068986863,-0.004802299591781894,-0.0011486794654060207
2024-05-28,-0.0028192588757093937,-0.0012203034440033803,0.0022169574385793676,-0.0014810202641508136,0.0013887562996083807,-0.0005682987604862271,-0.0009765327074251922,0.0007758993169651905,0.002694286776090832,0.0014624745701822422,0.0042817334458916355
2024-05-29,-0.00021361207057089555,0.0006929737195291689,-0.0003490627926333114,0.0019428925314475313,0.00019450929799562713,0.0002068354207769704,0.0009256846533722224,0.0018836382371442344,0.0016940591250825137,0.0022220766030134954,0.002435688673584391
2024-05-30,-0.005491973625858883,-0.0043763057010579465,-0.0028072910267667433,0.004163445608682334,0.004891028420604069,0.0003886955445060941,0.004316490068082745,0.0006970338647578312,0.003378148222591356,0.00296633279985245,0.008458306425711333
2024-05-31,0.0005504678212595818,0.00018027360477114148,0.002218371497410324,0.0013198073309387158,-0.0014496888565524967,0.006012460805624033,0.00037226800265966484,0.0032148588912454795,0.006328138065861638,0.0018593154532337841,0.0013088476319742023
2024-06-03,0.0032229051774376157,0.002232412264456803,-0.000366465631651546,-0.001410008568402908,-0.004454204830403279,-0.0005587028117291499,-0.003894963003003979,-0.003759407350743463,-0.004682785413318759,-0.007130345068210774,-0.010353250245648388
2024-06-04,-0.002560779274376764,-0.003983358430237394,0.0007218504616955473,-0.00405643161349094,-0.0022594954162831584,-0.003856810224094549,-0.0016187267464865564,-0.0048158999810454465,-0.0002722079080601475,-0.005313236026180213,-0.0027524567518034493
2024-06-05,-0.0003439045478411647,-0.0017582237079080468,8.044712237444476e-05,0.0004609723344610871,-0.0006641840228746871,5.1905345725855644e-05,0.0011523401343054743,0.00019244515265108087,-0.00033916651290288413,-0.003621298787340905,-0.0032773942394997402
2024-06-06,-0.001594329141506284,-0.0007112134932023865,-0.007811202537431984,-0.0024647425133099993,-0.004714795725948276,0.0015093504028691421,-0.004326070391652441,-0.00660427937472168,-0.008767609544928142,-0.00918649260401783,-0.007592163462511545
2024-06-07,-0.0033843637625330363,0.0038206301728157515,0.0014185852712932526,0.003897729697862795,0.00475520930199185,0.0018745045149219557,0.0062384225355881315,0.006545646575079819,0.005804346369577801,0.00759421839622512,0.010978582158758157
2024-06-11,0.0002011675167648639,0.0038917331217202616,0.007183093349715117,0.0017528113481809688,0.0016330865252635076,-0.00036974138800319797,-0.0023737339621567426,0.001630090603003707,-0.001606219429790971,-0.004074375145221239,-0.004275542661986103
2024-06-12,0.0019497372029568289,-0.000902573388101415,0.001604927260413239,0.002700296950502825,0.004037608836026749,0.0039269937542279545,-0.0001648510148562041,0.0005876379146120894,0.0018657681061329918,-0.0013205182799744812,-0.00327025548293131
2024-06-13,0.00502154795401695,-0.000789019976448241,0.0028903544059296566,0.0024351022625357984,-0.0010238908469470938,-0.0012713658799686743,-0.0020652984917811984,0.0010179118071807472,-0.0010328433527525115,-0.0007223754167096794,-0.00574392337072663
2024-06-14,-0.0003064457302477852,0.0004202085281874584,0.0014192596871739369,0.003636932778857116,0.0016929144337041967,-0.0004390340492128957,-0.0017502610460000982,0.0020262512288847256,0.0005312346773776487,-0.005210202717616708,-0.004903756987368923
2024-06-17,0.0016321747914101376,-0.003218617078552654,-0.0030050501947058526,-0.003934486066925041,-0.001009369825088,-0.002536899960457217,-0.0008305670629169501,-0.0026868380846327153,-0.0034908754281764956,-0.006587159919983872,-0.00821933471139401
2024-06-18,0.0005046828372352375,0.0012367844030198682,0.0017391224277073917,0.0004848231210467977,-0.0004972548235128893,-0.0010638194921239732,0.0016533231340515324,0.00038895866060719857,0.0020079685235750246,-0.0009109788562031061,-0.0014156616934383436
2024-06-19,0.00033398016761469317,0.0033962440304805375,0.004873190984205321,-0.002296118644315087,0.0013455634049522403,-0.003517606483523411,-0.00012015124599417445,-0.0024224425937052273,-0.0036870104771093595,0.0007182595696318872,0.000384279402017194
2024-06-20,0.0010282933061382948,-0.0010606734883133154,-0.0009309308578429971,-0.0017747890990617884,-0.0004695628534677025,0.0011670973291619058,0.000975917547081206,0.0012628852566505546,0.001091088697721547,0.0019809959602976354,0.0009527026541593406
2024-06-21,-0.001569931393607722,-0.0033589933886511887,0.0005653488717684995,-0.00045446283231748,-0.0011369472269370064,-0.0008546853775388862,0.0011294000466345693,0.0011805161150713994,-0.00017741519258490765,-0.0016776949622564464,-0.00010776356864872433
2024-06-24,-0.003834388029578669,-0.005261652268489847,-0.002802856156600049,-0.005977609808870937,0.000859455814163393,0.002205351494443143,-0.0015756375310575295,-0.002166455354549123,8.217057299342079e-05,-0.002877574063596066,0.0009568139659826033
2024-06-25,-0.013261079317524663,-0.002689368921614228,0.0002482174575877288,-5.107222177159424e-05,0.0014208824915206385,0.004781962010874047,0.002568551070566836,0.007399451606917622,0.009882222889955015,0.012540620566334013,0.025801699883858678
2024-06-26,0.0036747745184174366,0.0018819797320211644,0.0005475707481672339,0.0014682821595963383,0.0033684570931634774,0.006818744997822315,0.0018414816206620674,0.0006971202217019123,0.0005286591378446787,0.0013128405608537445,-0.002361933957563692
2024-06-27,-0.0020043494798672977,-0.0021217466597179884,0.002177896663361204,0.0018627247306635848,-0.0002771708255164068,-0.0009886372593491152,0.0027619160806514054,0.0009153787161603358,0.0005960694807940088,-0.0013673008193077056,0.0006370486605595921
2024-06-28,0.0006762964007812258,0.0049336028936715825,0.004965812628881573,-0.0032930028392787487,-0.0027413647760631066,-0.0034649272473538228,-0.0030144703963633003,-0.0022353485925234572,-0.006417435859551145,-0.005451768522099343,-0.006128064922880569
2024-07-01,-0.001926336265550345,-0.00318390788686499,0.004338952288221931,-0.00024954744412063467,-0.0028018255787818926,-0.0015956854060756752,-0.0015180747197980065,-0.0021297833169067974,0.0031727655923135018,0.0007373621437094147,0.0026636984092597597
2024-07-02,0.002952308231388735,-0.000573411618534496,-0.0015404477797506164,8.340059456961963e-05,0.0008238721216823626,0.001932459261449602,0.0031812676674354643,0.0024616879324102104,0.001402701836049886,0.003313809822229929,0.0003615015908411943
2024-07-03,-0.00019591941007801855,0.0006090637500479655,-9.436199002677231e-05,0.002609777290097021,-0.00045787541380127065,3.987057510008009e-05,0.0010936867620853974,0.0006832280925050274,0.0025992759150392777,0.0031285725527891487,0.0033244919628671672
2024-07-04,-0.005023261392436146,4.813863306799048e-05,-0.0034756948805566546,-0.0018824874825938789,-0.001827118925297624,-0.001243056772343902,-0.0035192123839641086,-0.003181435236584219,-0.0029369435973237825,-0.00145872355965072,0.003564537832785426
2024-07-05,-0.000652973425859749,0.0004359762934581532,-0.003035208285032789,-0.00046643917728016995,-0.001060852244734524,0.004225225477793845,-0.00019885489288438111,0.004109057884031833,0.0005325145410683664,0.00492066337060522,0.0055736367964649685
2024-07-08,0.0017451375829767132,0.0002941366368651311,-0.004672454814823524,0.003404678556257311,-0.003975098209838091,-0.0062011162615171105,-0.0016764658775927535,-0.005492449232506019,-0.0030729989983358493,-0.00432176803558022,-0.006066905618556934
2024-07-09,0.00754123088957285,0.003138405914870852,0.0014911151948604903,-0.005271164074334424,-0.0034344676164492207,-0.00694984240254169,-0.005281586835694917,-0.0040859123675483664,-0.005833071701254965,-0.006732653058741265,-0.014273883948314116
2024-07-10,0.0010516058064042135,-0.002032873062794326,0.0013232500346964779,0.0003772004443343595,-0.006219387235677129,-0.0020181702525313644,0.0004008224468959703,0.0011160110238262598,0.002772756219436931,-6.949675223390619e-05,-0.0011211025586381198
2024-07-11,-0.0007925848339413776,0.006179841860115958,0.0023290349082032867,0.003649897022651869,0.0019807238632331215,0.003131237948468423,0.0030301037698387623,0.0006222224848019624,0.00542289513241628,0.0065049768539944455,0.007297561687935823
2024-07-12,-0.00265412175608289,-0.003245722177721705,0.000688255905932107,-0.0020352744751527463,-0.0007106352272919993,0.0019010433354531154,-0.0006812418088861685,0.0017599153681094263,0.0027975946288748945,0.002411945869075945,0.005066067625158835
2024-07-15,0.0018180010430206089,-0.0012080145341905907,-0.0027854747969495975,-0.003749557526647108,-0.0005957408081802404,-0.0013677670248395065,-0.004221115813682567,-0.0023845491346296153,-0.001290398214274803,-0.0068480254874495015,-0.00866602653047011
2024-07-16,0.011218294336951736,0.009260285230254793,0.00269982222393069,-0.00218583448665314,-0.0017244031867247234,-0.002530691093873891,-0.006208284585826335,-0.003752121505350342,-0.006062440004441354,-0.008603573392124388,-0.019821867729076126
2024-07-17,-0.007300510658047028,-0.008947685346003296,-0.0031471131896050946,0.005566973233945963,0.002995519516610683,0.0061470908422839605,0.004657361007829413,0.00743667133248099,0.007821261234480386,0.009105511460118943,0.01640602211816597
2024-07-18,-0.002979780026743174,0.0012297250483443653,-0.0005179698093297222,-0.0005672902783316053,-0.0014409123361420573,0.0015164384097908633,-0.0015674437631435201,-0.0015879830594984002,-0.0007325037393046348,0.0006876707871057,0.003667450813848874
2024-07-19,0.0012864075077779643,-0.0023915696213349224,0.009112619285396056,0.004977436380819288,0.0033284835713523952,0.0032160364614329823,0.00216664595237408,0.0005266325911605163,0.0016110795715713997,-0.0006776992389668538,-0.001964106746744818
2024-07-22,0.003384009204250309,0.001095334574479732,0.0015861607702459383,0.002192222834950124,0.0011035658161517234,0.0027212280050871685,-0.0021052343974075813,-0.003797735214450693,-0.0016308921199736962,-0.0035597147582553603,-0.0069437239625056695
2024-07-23,-0.005284940312441966,0.0005432360599513064,0.003513664599735653,-0.0017165235452797829,0.0021502394171699518,0.003977409819089372,-7.464176074791553e-05,0.0043999135131330795,0.0008712287992380237,0.00037183894182002495,0.005656779254261991
2024-07-24,-0.00010515583247581181,0.000761993055259616,-0.0007926129830838175,-0.0012710687868556327,-0.0015276216417511113,-0.002993203051443613,-0.0005902584474079564,-0.0015889988056766188,-0.0045579836386468245,-0.0013612035868868647,-0.0012560477544110529
2024-07-25,-0.008078088926071265,0.0035503658247578716,0.002886886453901453,0.0025622978129074356,0.0028212469246238995,0.005308218811455511,0.005776760879458867,0.0066629769714552966,0.006803658640573806,0.007558182782903695,0.015636271708974962
2024-07-26,-0.002565957727341879,-0.00046927070530396403,-0.00020052354815439013,-0.001365747991085323,0.003077691831951543,0.003816223203832356,0.00081446897057634,-0.0025145437559851206,0.003788798629972093,-0.0005509981972546697,0.002014959530087209
2024-07-29,0.0026520248211209453,0.0038713640147253433,0.0006487436750573128,0.0010445299229299575,0.00038911137459677865,0.001359666332376298,-0.0016676205847294043,-0.005874049012443176,-0.005238436531018335,-0.006875999826672535,-0.00952802464779348
2024-07-30,0.0024420591835107386,0.005048409511364971,0.0003281847421267699,0.0038352977526731114,0.0018570284729455778,0.0008125731087035519,0.0011061877488254455,-0.0011982495471197549,-0.00342342302640209,-0.0023551355491850143,-0.0047971947326957524
2024-07-31,-0.000862766492682372,-0.003932046244675398,0.0014927212895371248,-0.0011896321962333977,0.0019520416961383697,0.0018183207842677254,-0.0009086989417672205,0.005381535596575431,0.004487296822181321,0.008977714303453704,0.009840480796136076
2024-08-01,0.0040790193670470635,0.004311271160712798,0.0038900966526777716,0.0012218830131061902,4.377055606473337e-05,0.00014203086306394021,-0.003023157568241515,-0.0031246341135285063,-0.0030255975171410527,-0.005993000666787533,-0.010072020033834596
2024-08-02,-0.009910999250733864,-0.0037933308717269087,0.001056092619035573,-0.00199046167161424,-0.0010482968174133377,0.0022737320733023153,0.004504017200324199,0.004068548302781988,0.0051949107991281565,0.0072765819405040955,0.01718758119123796
2024-08-05,-0.01215888632155772,-0.0063373176819989125,-0.002708323318658731,0.0016009703167644933,-0.0002404199984325922,0.0043977711538028775,0.004928893700679264,0.005673285952584286,0.007185136052346726,0.008991152670864928,0.021150038992422647
2024-08-06,-0.0008664644384692816,0.00407966644988369,0.0008466879479800472,0.0037939636705588827,0.0005868367478527215,0.004239117781718957,0.002046515095174327,0.0037032077645003008,0.0029111484077066884,0.003120702081406411,0.003987166519875692
2024-08-07,-0.001126446539118362,0.003444737842069527,-0.001769454328400926,0.0022012796434511947,-0.0006995407348653214,-0.0006636724379268294,-0.0008112680642844438,-0.001547346117426604,0.00033709910080472806,-0.0011135546264033377,1.2891912715024337e-05
2024-08-08,-0.011909565700430658,-0.0048856694136353,-0.0012340855241546552,-0.0022076129183646095,0.0076000959978827515,0.0010919469463879566,0.0026132326395988488,0.006375030109251336,0.005818659639291357,0.00844269754323737,0.02035226324366803
2024-08-09,-0.0038570136330516344,-0.00025746320759579395,-0.0030533004387183734,-0.002642034283068398,-0.0017256262559982617,-0.0017644171713533659,-0.002888607304774205,0.00030539944207974004,-0.0006844699448210451,-6.347160968460483e-06,0.0038506664720831738
2024-08-12,-0.006549387976560387,-0.008523315226492063,0.0012542744375532177,-0.002805020337324553,-0.000865080578736487,-0.0010162559513510472,0.0028399894391938378,0.0017655785306439342,0.0036386888160776904,0.006440553105681353,0.012989941082241739
2024-08-13,0.0030136069840327,-0.0014907585368088062,-0.002987377365338069,0.0010245217971723102,-0.0009332304802990459,-0.0010889730164886336,0.0031865918595037,0.0015810451313072425,0.00198543812303249,-0.0014192118950093692,-0.00443281887904207
2024-08-14,0.001870462778522008,0.001708644359108914,-0.0022355661305312373,0.0012014562919904783,-0.0003761016670614953,0.0006233673028003601,-0.0011130212699710063,-0.0009089337516638873,-0.0008596943693482757,-0.002108371353647014,-0.003978834132169022
2024-08-15,0.004613170493839104,0.00015138755671237678,0.0003139971187185155,-0.001074925613141884,0.0042759176651674695,-0.0021379167488973245,-0.001226024481283851,-0.0030142520467262737,-0.0005490715660657371,-0.002875911106012489,-0.007489081599851593
2024-08-16,0.0039271624969403176,0.0027553098661088444,0.00212842988926063,-0.0020524903889653978,0.0018792333683675343,-0.0025981902154145163,-0.002990120466270443,-0.0003049419856889432,-0.0035481145653264295,-0.0033653823532727957,-0.007292544850213113
2024-08-19,0.00610294521111827,-0.0056729477379667635,-0.005235555260385488,-0.0017719535527217004,-0.0025879384872050538,-0.0013243604064102263,0.0003434247555443228,-0.005472983387779101,0.002951509588965461,0.0006401898382069413,-0.005462755372911328
2024-08-20,-0.001190454661207087,-0.0022442815863656755,-0.00012286261736546317,-0.0012127618550315123,-0.001829544260995043,-0.0007955728315721823,-0.0019299533140563667,-0.0008568292021334912,-0.0005517778712749269,-0.0008111629794985173,0.0003792916817085697
2024-08-21,-0.003650227725530778,0.0005374610274617673,-0.0004035075682352349,0.003942874119448828,0.001454751283319378,0.0004482562334957755,-0.00046095605448561296,-0.0007006189156927671,0.002644604671803704,0.0013130031589688187,0.004963230884499597
2024-08-22,-0.005762241742180358,-0.0001072649321959432,-0.003538646199055897,-0.0023769407917582563,-0.0035916924769145205,0.0023681554043544746,0.003290151446253443,0.0026323396463248275,-0.0021844013292688456,0.002257351754848751,0.008019593497029109
2024-08-23,-0.0017374931483855978,0.003822669100430082,0.0017412488315735207,0.001552591248604637,-0.0047378050531022625,0.001144091111638618,-0.002460810704856497,-0.004323097320798456,-0.0028662779271593393,-0.0017500864328524497,-1.2593284466851963e-05
2024-08-26,-0.005576994272523118,0.0031539253875850688,0.00043140417909470996,0.003295749402653244,0.001942602785155091,0.004006430792757828,0.006067063368732279,0.0009301962427237286,0.0033976029505691516,0.0030366209966143673,0.008613615269137485
2024-08-27,-0.006147080747842018,-0.003948412859084842,-0.0043979985409060545,-0.00680423171006694,-5.3917740674680665e-05,0.00026743002437203546,0.001979477973037713,0.002726587428117545,0.002513773499765879,0.008164847020517698,0.014311927768359716
2024-08-28,-0.0040106630459426475,0.00021134334738227368,0.0012539028952096166,0.0017085983739540335,0.00018354377977331307,0.0017655657261141607,0.002673757681823611,0.00016505335366546656,0.0004609687747832759,0.0017893993843790706,0.005800062430321718
2024-08-29,0.003447258198486999,-0.00857467232265945,0.0007152458833109511,0.0038603264183461675,0.00010321448149556392,-0.00013133070446107772,0.0030235170316152225,0.0026583199570866098,0.0033316478083254856,0.002451901330768492,-0.000995356867718507
2024-08-30,0.009797912402697843,0.005078701079662582,0.0029341841591846284,0.00018710242404482158,0.0007868481558725531,0.000941041703577632,-0.000949643263108885,-0.007598135791182039,-0.005335908347239636,-0.00435195524329117,-0.014149867645989012
2024-09-02,-0.0062783865783747035,-0.0054741212335124665,-0.004441090824647732,-0.004153083964728273,0.0008427982836916722,0.0003334281849262517,0.0021266293843174742,0.002213092785946331,0.003558462973673621,0.0004653933006534027,0.0067437798790281065
2024-09-03,-0.0004183104374897226,0.005387866318520238,-0.0008971860950897878,0.00021937905546415585,0.0023251560222873947,-0.0021081382498109977,0.0008397999555449237,0.0005370757986763975,0.003508446839289923,-0.0020092943212696598,-0.001590983883779937
2024-09-04,-0.007495617183093964,-0.00267987645650736,0.0003276132427027685,0.0022708089289641973,0.0032558990220981528,0.0005376424260284962,0.0026802536395264384,0.0031812706639506687,0.0023407991285579327,0.002266179987252186,0.00976179717034615
2024-09-05,0.0019048532647755276,0.0003006633285959059,-0.00018995489352580786,-0.00026362473609495464,-0.00042326947907619494,0.0017926656502332103,-0.00047450262979774604,0.002535594418507748,0.002091347207331814,0.0012663802001290111,-0.0006384730646465165
2024-09-06,-0.0018327143518823848,0.0005164351698913792,-0.003603649664267705,0.0014109311631419154,-0.002634845988793209,-0.0006790082928170007,-0.0037728619671862653,-0.006336176284713531,-0.0011455744503550873,-0.0026280251649557253,-0.0007953108130733405
2024-09-09,7.852150436475505e-05,0.0002936915804759704,0.0026795478172845708,-0.0008443738622856895,0.0018470689056985963,0.0039558212999181094,-0.0008384404078090834,0.0014654968572511214,0.0014513559413541063,0.005976600947138822,0.005898079442774066
2024-09-10,0.0012263027727961488,0.0008943511972061273,0.003296917148081652,0.00598107433133782,-0.001844295902315866,0.0013276960375944715,0.0019837965519799846,-0.0016729336188760074,-0.0010275966049862017,-0.0016937662791221399,-0.0029200690519182886
2024-09-11,0.0008257534717641003,0.0009713855571185998,-0.001869971754305169,-0.0012416574283643158,-0.0012366738072852599,-0.0033296383242543966,-0.00021964376733373697,0.001045590632947852,0.003973941159803697,0.0024761713508494793,0.001650417879085379
2024-09-12,0.0008986311260461616,-0.0016476013948782263,-0.00026036205388028683,0.0012532526135905487,0.006275003600081605,0.005841380939270136,0.00026138751064888187,-0.00252630377549338,0.0016119586019864714,0.0003404101158263175,-0.0005582210102198441
2024-09-13,-0.006692248818878002,0.002557557977132385,0.0012271238037496574,0.0006322958745332706,0.000885948859436985,-0.0016345428116274442,-0.0008431215047385815,0.001346354410118319,-0.0018064276366340103,-0.0016667752808874215,0.005025473537990581
2024-09-18,-0.0015224048439485703,-0.005697538040945311,-0.002000445290242398,-0.002841686717526346,8.45531626723578e-05,0.00037370806845987324,-0.0033835540372525556,0.0009266644295627422,-0.000510732369796679,-0.002456187531774361,-0.0009337826878257907
2024-09-19,0.0013086352043979706,0.0013377600151490122,0.002422909061278773,0.006279833962120408,0.0034400109834422854,0.002908534646295449,0.004494959284723101,0.00012843422274888007,0.002426145700593513,0.0015277161989259648,0.00021908099452799422
2024-09-20,0.0025703150642022,0.003118895673134532,0.0014765427646582891,-0.0005678261316710482,0.00014651042092841135,-0.003463582470745561,-0.0029667384916225296,-0.00400886795362026,-0.006099458942807789,-0.0071284124364535215,-0.009698727500655722
2024-09-23,-0.002646365704464085,0.0015247820917945124,0.003255758066681428,0.0012825367357527958,5.325994637067437e-05,-0.0024836706826604233,-0.0008015358388849748,-0.001890181610480881,-0.003198745404011859,-0.0010098218828795851,0.0016365438215845
2024-09-24,-0.00040126770978250867,-0.001715287496989242,-0.002246372488970032,-0.0006360880439811217,0.006291384382251231,0.003109732349633966,0.0028284506648123767,0.008730028978235271,0.006916815243793473,0.0018765705890288738,0.0022778382988113827
2024-09-25,0.0053825104900934026,0.004189307918277334,0.0019412241826609672,-0.00021948046605952602,-0.0008367223539902831,-0.001283325971448357,-0.001366030184274229,0.0014969821962062656,-0.0033512932863143364,-0.005854421417415599,-0.011236931907509
2024-09-26,-0.0024895653587835775,-0.002437905416226869,-0.0023013677021375195,-0.002335695382276127,0.005485821270605864,0.001061378995062208,0.0019556207957086456,0.00017579798501918015,0.002816875537025566,0.0009655516235561904,0.003455116982339768
2024-09-27,0.013579200608044174,0.00822274292831489,0.0003302165047818133,0.003666815315879736,0.0007762270539512965,-0.0020153530827334756,-0.005418841875260921,-0.010128711696309165,-0.008540410425730512,-0.0054022901532763574,-0.01898149076132053
2024-09-30,0.04063282421930051,0.022934080923561553,0.0008266692041549104,0.002891423943835513,0.002770225069404199,-0.003024003536291904,-0.011143476373215506,-0.011840221042004556,-0.012132767932453223,-0.01338723224552048,-0.05402005646482099
2024-10-08,0.07014835640703505,0.03296488007120239,0.012769222234401058,0.0051943735036006945,-0.019631158796654002,-0.018373412368001527,-0.02357093982751978,-0.034281149638429986,-0.03694672383923184,-0.03518597473531651,-0.10533433114235156
2024-10-09,-0.04805042949142248,-0.034073443023153946,-0.022279066984367536,-0.01398106785189138,-0.011803586737571896,-0.008966548080504204,-0.00513281118641929,-0.011648496090835347,-0.011950298167346723,-0.005193301193363593,0.042857128298058884
2024-10-10,-0.03625693395482246,-0.006410614151975996,-0.0048497840590325785,0.012656962060904654,0.011233051971419588,0.023700560714186164,0.015979746182485304,0.01755928594364844,0.016002212786678186,0.016462775242749132,0.052719709197571595
2024-10-11,-0.01138690569931404,-0.007789316238250281,-0.00750661538415901,-0.003231644759992965,-0.00279558163377633,0.0018465400769437559,0.004160494841714225,0.0002275064171185343,0.007214226062583972,0.004032283628424995,0.015419189327739035
2024-10-14,0.022082257799248578,-0.0022227729718259878,0.0004374974947303212,-0.006603651569169424,-0.0035435458985048334,-0.007894345023637346,-0.009215387210251603,-0.011589555763253274,-0.00900779615129315,-0.011362788788653128,-0.033445046587901706
2024-10-15,0.008636842464933746,-0.0025851775385616915,0.0014012769364808541,-0.0021881353234733023,-0.002130862082857777,-0.006797951571910418,-0.0035877634825034086,-0.0035669363157768558,-0.005945696010431194,-0.007410045572543221,-0.016046888037476968
2024-10-16,-0.006234784595767507,0.0036391226872991922,-0.00024168212930335362,-0.0022396282189880313,0.0010443716124903196,0.00511176570317776,0.0005537671535567853,0.0023105890357799364,0.00023358696416717474,-0.00027471011837332693,0.00596007447739418
2024-10-17,0.006768339701775701,0.004827554682744069,-0.0034092733387129192,-0.0028715531343048483,-0.0046827701062121824,-0.0038288647312045006,-0.0057425514757692975,-0.007318265158403571,-0.008073054198184618,-0.008699662570050573,-0.015468002271826275
2024-10-18,0.023169033912341028,0.0067594879381762665,0.004245139181464143,-0.0023511951127023175,-0.007161079809696218,-0.011355589254525754,-0.008074729151464313,-0.012769269653932797,-0.010069963604492489,-0.011929623986634027,-0.03509865789897505
2024-10-21,0.02028148358636323,0.006700731952026904,0.0019138723307615705,-0.0033403234648816302,-0.0014725584379708446,-0.011976931110517954,-0.0104877620217355,-0.01503151521199473,-0.014394128493347109,-0.01885564923130876,-0.03913713281767199
2024-10-22,-0.02549535016298472,-0.001075502318478136,0.0055821975462636364,0.004521988441512938,0.010725529953341993,0.006487132206595797,0.00979759494927914,0.009407055434105235,0.009136912045050747,0.009514458206281044,0.03500980836926576
2024-10-23,-0.0066433757970890215,-0.0014790112346982224,0.0013401872045845117,0.003943307068270901,0.00516386500429306,0.003834580539601678,0.005002397388366128,0.005636847628875801,0.0028648980449309247,0.0037704112268616423,0.010413787023950663
2024-10-24,-0.006962637566116933,-0.008396248271899194,-0.00024052087300012372,8.493050284238111e-05,0.0006642938090356684,-0.0009469737936009894,0.006858983008102518,0.0018782291273620722,0.0024814390072767168,0.0014686072367183656,0.0084312448028353
2024-10-25,0.0009973912473443436,0.00454989035529715,0.0031261658796962414,0.0024653431855882436,0.003749005471227457,0.004776981865643036,0.003230853735786226,-0.00022707281984509495,0.004888730654212175,0.0024403014987283865,0.0014429102513840429
2024-10-28,0.0038801117901122446,-0.0013715149153671817,-0.002876933031993511,0.0012997261061776539,-0.00018861283724846143,0.0017127927223916154,2.2318807106539384e-05,5.242163825676914e-05,-0.0015572232726359827,-5.312103092874323e-05,-0.003933232821040988
2024-10-29,-0.011789146286556255,-0.00811875459416016,-0.004205560839061002,-0.004998760478560203,-0.005414587763364608,-0.0036705830254657856,-0.005342551187979376,-0.006298458778576436,-0.006850783403118322,-0.004457548082311263,0.0073315982042449915
2024-10-30,-0.004302013105288289,-0.004353825885694434,-0.0076627074809554885,-0.005420453543956005,-0.0064154937164956375,-0.010657806315980957,-0.00667990081799297,-0.007313639211273025,-0.007884047336752069,-0.011735575193273659,-0.00743356208798537
2024-10-31,0.003261641651651406,0.0010128366193323736,0.0034723794821886573,-0.0016754545644069258,0.0009961772036717687,-0.004925485161569833,-0.0007972097644395938,-0.008019067923083703,-0.007222748144771086,-0.009164120197422127,-0.012425761849073532
2024-11-01,-0.023709752109420862,-0.015159261540755477,0.0015421608670121525,-0.0033325299492385934,0.005470230657510098,0.003136004663638138,0.014588497858047443,0.006610830173790536,0.018320720814595782,0.016477205283298345,0.04018695739271921
2024-11-04,0.004554817942126001,-0.00020759121829007528,0.004836443305130483,0.0022570134012243333,0.002718448154795019,-0.0009206379883675126,-0.0029054512113471,0.002953405745055286,0.00031163709655241344,-0.0005381299404243159,-0.005092947882550317
2024-11-05,0.009528708625145134,0.005327955178309477,0.0004871198202294606,0.001888056312134739,-0.0008413132824342169,-0.0002713128280623779,-0.007386042835571885,-0.010752918404730987,-0.0022991639095641114,-0.01270456983476019,-0.022233278459905324
2024-11-06,0.0048125537423063715,-0.005616081292436353,0.0020402808456044643,-0.002972605449331119,-0.0013817204175087818,0.004620770101916246,0.004524810685319182,0.0007921334398856865,-0.0006447220404777989,-0.005335185350948935,-0.010147739093255306
2024-11-07,-0.0033186101865192268,0.0033165818002295986,0.0036840998084128208,0.002730124584369272,0.0037606586092845742,0.0038687970877136543,0.006759719675142433,0.006330926281107879,0.007645078176483706,0.007475232584654431,0.010793842771173658
2024-11-08,0.0069993923128179565,-0.0008222616048738666,0.002794792072177682,-0.0025316422661365266,-0.0043296952471754465,0.0011534749296954858,-0.00575296517516004,-0.003908895270964911,-0.007771483049574767,-0.0063579948225326146,-0.013357387135350571
2024-11-11,0.021117940432537518,0.015685253214950685,0.0031344456295794385,0.006270114167521061,-0.0031769523943047553,-0.0025845667184666086,-0.005676719819423914,-0.007969397834032119,-0.01369051791679158,-0.013669079860368366,-0.03478702029290588
2024-11-12,-0.01505137988621314,-0.0012325288884845098,-0.005426818921056996,0.0014918834287085646,0.004385754837836101,0.0011145780407005705,0.004906316255071535,0.003989810031170217,0.007947677952099897,0.0054209899697024175,0.020472369855915558
2024-11-13,-0.0010267523188115316,0.0027099952018992545,0.003995698996055709,0.0014168763457949613,0.0018789033095218083,-2.5174706744113522e-05,-0.0013227594618327346,0.003218746927594158,0.004678338634600284,0.0017688059137516221,0.0027955582325631537
2024-11-14,-0.004978525336285003,-0.00663673638618645,-0.0018152076248997367,-0.0004745812604645838,0.001974015400341916,-0.0006154279300011492,0.0035627722982146635,0.0029665490881623266,0.002783838739648084,0.007673090783885456,0.012651616120170458
2024-11-15,-0.003048806585351033,-0.002380844641418617,-0.0007984594284686007,2.76140935698175e-05,0.0007237614801357747,0.004243068257562479,0.00880544507970374,0.00716030150204635,0.0052684255877792786,0.00964668059294344,0.012695487178294473
2024-11-18,-0.025441145008030262,-0.008875558810324934,-0.0020774525475526708,0.004476100356692766,0.007438138439617243,0.007675081563081238,0.010308605588439162,0.010828562737901098,0.014625951806527579,0.01673674424493733,0.04217788925296759
2024-11-19,0.005573324653038364,-2.6502769722845654e-05,9.868077472898634e-05,0.0012768080723798473,0.00044786959007097173,-0.0005776230275755891,0.002239853172172973,-0.0022796746519802456,-0.0009554177674413987,-0.001003247619524012,-0.0065765722725623765
2024-11-20,-0.0029619094522590375,-0.0009544287958459178,0.0008697129628030343,-0.0003356475071705418,-0.0035048970329449474,-0.0004996693432259007,7.968471612099497e-05,-0.0021032799279030786,-0.005124727821622698,-0.007879617145756882,-0.0049177076934978445
2024-11-21,-0.0005770531805713618,-0.006110475557455312,-0.002020591888612673,-0.004162057459057787,-0.000456666323256016,-0.0013293973976335521,-0.0029778164005112365,-0.0019531475528972117,-0.000830613402147052,-0.002039765296362327,-0.001462712115790965
2024-11-22,-0.003931797638242738,-0.00846342142051193,-0.001489300845971517,0.001091896113740695,0.005430117492254558,-0.0013480555899336368,-0.0024475235364676525,0.0003751080347396431,0.001970038006909259,-0.0007274701519242321,0.003204327486318506
2024-11-25,-0.0007552777611434746,-0.0036529760854171357,-0.0011594100903423855,-0.000967861287804211,0.005166238880958852,0.0031345293495355065,0.004605268037459747,0.004752360386561261,0.0129117259066093,0.014140779683375557,0.014896057444519032
2024-11-26,-0.011014271407112974,0.0001268238571285626,-0.0032606449533788156,0.0018741080282006668,0.0014824193053666276,0.008775949887318125,0.002729963727610793,0.0024615490446425487,0.006387993628062196,0.0077151589114167664,0.018729430318529743
2024-11-27,0.010455642114996598,-0.0004396734887093549,4.663220659733192e-05,-0.0010406958689767058,-0.003261523038374138,-0.0023600621174713603,-0.00368091074294382,0.0013954692136127398,-0.0057364880695669924,-0.004098430550756836,-0.014554072665753435
2024-11-28,-0.004342960953761862,0.0035282589888072187,0.001304137909106836,0.0010881725136836367,0.0014081442056736169,0.0022343351218109763,0.005547106753540374,0.0007265855639415267,0.002920087466010428,-7.244622891444246e-05,0.0042705147248474195
2024-11-29,-0.00019476174540466128,0.0006184855348753778,0.004441490518555353,0.0015227252691392581,0.0016468788128862482,-0.0031318813242348087,-0.0016192074888432635,0.00012801406424167467,-0.0017689054509776177,-0.0024124782886628775,-0.002217716543258216
2024-12-02,-0.002358445056743503,0.0027658407817343473,0.004222190004802561,0.004897988551655495,0.00034483647383523586,-0.0007047591109179522,-0.0006470558843402254,-0.0016510475574676056,-0.0031401575132588007,-0.0009380199251508162,0.0014204251315926867
2024-12-03,-0.00738954016565882,-0.0019303373828073096,-0.0017927077437113522,0.0018125709116223747,-0.0031439256936231803,0.005156172011071441,0.0020668452463695397,0.002706505825366799,0.005013541196383994,0.0013439923133863893,0.008733532479045208
2024-12-04,-0.0035026263104104664,-0.0022472264102133687,-0.0015070796813830287,-0.000227975157401651,0.00046536967117205346,0.0013090808526680531,0.0013415707744400913,0.0051854346770279225,-5.393916819276736e-05,0.0010518552150952975,0.004554481525505764
2024-12-05,0.00709184687463055,0.0035950319176534253,0.003446233935303202,-0.0016058084451440518,-0.0018012694620968557,0.0013112100612861994,-0.0033848023210872307,-0.00429791380538065,-0.004252703666625733,-0.00650857044038497,-0.01360041731501552
2024-12-06,-0.002892708931193937,-0.0005662735358989671,-0.0006851492360835351,-0.002316146205995703,-0.0015125925306931655,0.0034608561987117745,0.003750186133882301,0.00386164222127106,0.0023177911623549242,-0.0005796753095865318,0.0023130336216074052
2024-12-09,-0.0027257588543564363,-0.0007156069347019197,0.002679394973516473,0.0010484816506833204,0.0013161867282490312,-0.001854177632141678,0.004477834189836769,0.000804496360225012,0.003888071623047867,0.004503820043189361,0.007229578897545798
2024-12-10,0.0019879736450309476,0.0036947659896493534,-0.0003682313327598812,0.001682524448468109,-0.004063856935674015,0.0015192480207718716,-0.0008156287155353694,-0.0030669542079100774,-0.0016168569255588152,-0.001518148027242868,-0.0035061216722738157
2024-12-11,-0.006896419302877965,0.0004402442768018728,-0.0012698573705914407,-0.0030435228013721786,0.0038053116532251684,0.001914692216038176,-0.00015008933517,0.0037105178192381057,0.003096901981411605,-0.003975963121367454,0.0029204561815105107
2024-12-12,-0.007463477453501231,0.0023969530997916006,-0.00046011321059634055,0.002724074614938854,0.0003033835682186598,0.0012112240918719691,0.0006162133483997865,0.0014286404964155047,0.000930763832993145,0.0033789494851666504,0.010842426938667882
2024-12-13,-0.0018185384487534022,-0.004483613599551755,-0.0034679254839096946,0.0022217335550240563,-0.0016892717027562857,0.0033566861445984606,-0.0017412703831779543,-0.002887700473783508,-9.928276371603157e-05,0.0002858098897553251,0.0021043483385087274
2024-12-16,-0.003933813893156681,0.001212463467259603,-0.0011942370701534836,0.0032173725946076106,0.0033640784361731587,0.001545801542944837,0.0038937253697015717,0.0037684494626877467,0.006785326851892053,0.006650679448456775,0.010584493341613457
2024-12-17,-0.0129614070879739,-0.009109354570536734,0.001545916283751456,-0.001485820754068964,0.001758509871224002,-0.002056118077376637,0.003408616139803219,0.004696572933006141,0.005728721616457532,0.006702118321444769,0.01966352540941867
2024-12-18,0.010802722634811211,0.0031442904965050455,-0.0006054089601878795,-0.00113495743134183,-0.0023498972588002097,-0.0011444900075073348,-0.003743951205267309,-0.004967174358143428,-0.00613120513160703,-0.0075668884327441,-0.01836961106755531
2024-12-19,0.001699790316743716,-0.0010168458164672583,0.0005594599130750737,-0.0033826811059545383,-0.0009079966678901441,0.0008298870312706545,0.0007545066605728046,0.00019958375292963306,-0.0030537890853662873,-0.0044604734643012445,-0.0061602637810449605
2024-12-20,0.012011727808680681,0.004821024203763838,0.004224020502899302,-0.0041717685150307465,0.0005631463077627147,-0.004987610571793513,-0.007475220641315711,-0.0060848980465363295,-0.00467246575214963,-0.007598872589026916,-0.0196106003977076
2024-12-23,-0.004689691737892765,-0.004969913859565092,-0.00528467599205538,-0.003509743583646869,0.0007116106129802722,-0.004312024227567503,0.005336974550314526,0.004353164851568601,0.005690717024997426,0.010220449658253401,0.014910141396146166
2024-12-24,-0.0016605304243314523,0.0015220130055411444,0.0016751715643641392,0.002294896003415451,-0.0013814695377270864,0.0003447375451028842,0.0013206569630072166,0.004205097912163464,0.0010737768865229616,0.001994869021382491,0.0036553994457139433
2024-12-25,0.00011407346842983454,-0.0034569155934581607,0.004049599200852854,-0.0011830947088134532,0.0011528168981321998,-0.0018029596211322988,-0.0023369071481266664,-9.81168787603146e-05,0.0029688787504941368,0.0031303599371855593,0.0030162864687557247
2024-12-26,0.01639244781609721,0.004964550644420952,0.0008318565833064512,-0.0021339804904933375,-0.0033222117167478775,-0.006305784099647727,-0.0064202260293386906,-0.008419643579222792,-0.008526747479997364,-0.009308587733729678,-0.02570103554982689
2024-12-27,-0.01703096020042731,-0.0030294262625967052,-0.0025564495797914203,0.0019268475803708204,0.0066284815373979285,0.005653440986296397,0.0034925566402415117,0.008401263761667319,0.00694491597346294,0.01041143171894251,0.02744239191936982
2024-12-30,-0.0034555432034509854,-0.003082948004578274,0.002476642718618444,-0.00039458320265401683,-0.0008101172111016112,0.0007756473410314883,-0.0018256761362245944,-0.0012422688920387722,0.0018957193275617784,-0.0029877727259591154,0.00046777047749187
2024-12-31,-0.009147735196761117,-0.0036002159475644075,-0.001726081862886353,-0.0010992630690118688,0.0011556624874703783,-8.453484007539514e-05,0.004367082998819561,0.006919823114910757,0.010900596714407764,0.011026767446635746,0.02017450264339686
2025-01-02,-0.005579173832068013,0.0020898667201033937,-0.0012043131456470353,-0.0019192652487643506,0.004593112301261643,0.0029265031289265582,0.0031977826478223914,0.002444928924786772,0.004306248492680738,0.0036488968200255327,0.009228070652093546
2025-01-03,-0.00852004680472244,-0.006172251045405374,-0.004269989716411293,-0.0025882531988540313,0.006317751962164119,0.0022037717522582195,0.0016053810500692006,0.01006426520206318,0.010484953938335803,0.011311115235025055,0.019831162039747496
2025-01-06,-0.013354859039977402,-0.005290071805219883,0.0012999610783261785,0.0017171365629460769,0.0044103122060778575,0.004366956270244842,0.004834107146531647,0.006162456387981669,0.011208987280923769,0.007721866581990373,0.021076725621967773
2025-01-07,0.011612980847362453,0.002265873867194044,0.0007718907951055982,0.0029742608272540156,-0.0022175690104305527,-0.004042002978271132,-0.005918083721575297,-0.009260685984671804,-0.009055661676922967,-0.012953485565894311,-0.024566466413256764
2025-01-08,0.0029023712368556444,0.0017595266855940147,0.0026331354510005294,-0.004769509903042973,-0.002121152706080967,-0.0026801354493545546,-0.002359362264864199,-0.0025543190766420688,-0.0027084361963955663,-0.0016615517934369453,-0.00456392303029259
2025-01-09,0.0015097127557010118,0.001868621067306474,0.002447096155572165,0.0008023483859311293,-0.0014258223651247657,-0.000466156953441645,-0.001172892598123743,-0.0051303640054692,-0.007036745762704253,-0.008918698023242872,-0.010428410778943884
2025-01-10,-0.00010361086738995594,-0.004909336585463867,-0.004537644839677,-0.003883569065346317,-0.004848152840853102,0.003325307695740025,-0.002509796337800219,0.0027033750515422375,0.004671949427165644,0.00668794984332428,0.006791560710714236
2025-01-13,-0.0022554799299598326,-0.001312803205184275,0.00202118886741597,0.004473344082990856,0.0018215168190476136,-0.0016267829925047947,0.00281533690717755,0.0036492209795071697,0.0021615738704603856,0.006243404140119731,0.008498884070079564
2025-01-14,0.006272979648585047,0.0036974037533288443,0.0020616658833373103,0.003806741713334669,-0.0008810759854131693,-0.002474791181060055,-0.004720148224830566,-0.006700897847672296,-0.011657757663801694,-0.014946963414634522,-0.02121994306321957
2025-01-15,-0.0015672099715719752,-0.00489574003632866,0.002053543986513991,-0.0018928594442074705,0.0007610583265880902,0.00027027279184698827,-0.0021238987277123955,0.0007111862638573564,0.00039791190129834214,0.0005783028562240088,0.002145512827795984
2025-01-16,-0.001999996897115418,-0.0012965140845540967,0.000547093365807163,2.7267632238573217e-05,0.0026741237541252215,0.0008275639192015815,0.00083858899426017,-0.0011087108698452377,0.00020212898455323878,-0.0034530445307989588,-0.0014530476336835408
2025-01-17,0.000894429495838023,-0.0017525773541831144,-0.0010337994352900902,-0.0025714371392666644,-0.0006440790480417392,-0.0007016226266984434,-0.0006264141658964543,-0.0007934115624661219,0.0031975695485799236,0.0007164651758037281,-0.00017796432003429482
2025-01-20,-0.004924064870273611,0.0018368140885075485,-0.002171027857077629,-0.0006558091425698208,0.003003070373930479,-0.0014940673030154512,-0.001013814830297275,0.000996049623700296,-5.359422745330604e-05,-0.0006237961750117729,0.004300268695261838
2025-01-21,0.017165583321998485,0.003502895255162802,-0.0033609603120740503,-0.004772211223751678,-0.005799792442809412,-0.0028487631863686642,-0.009780285833802665,-0.0039993150006387874,-0.009659049736364193,-0.00981562969660428,-0.026981213018602766
2025-01-22,-0.0007192240718006467,-0.0006076562840509746,0.0028185396734550622,0.0020635963181097425,-0.005533386285665572,-0.002676001838937664,-0.0013162887783716238,0.001179943227727395,0.0016985331384068178,0.0016249511645557997,0.002344175236356446
2025-01-23,-0.0031291186366981805,7.496796783555259e-05,0.0006546895258475076,0.000631191687893749,0.003384275445779751,0.001546332781504406,0.0009239601325762418,0.004955299648882329,0.003870910639140638,0.005588305765571033,0.008717424402269212
2025-01-24,0.010692821821721024,0.006252759774545388,-0.00023979808549502062,-0.002437676278300046,-0.002670193893383702,-0.0056970109901663835,-0.005940990638660543,-0.006942907525466837,-0.009764014231123367,-0.00734440209428361,-0.018037223916004635
2025-01-27,-0.016223936257416062,-0.010117463885760875,-0.010840013899538673,-0.00045687723500202864,0.005170224770049782,0.009586785104194875,0.008463724735681315,0.012940858427271627,0.013927663608980071,0.01844975749369477,0.03467369375111083
2025-02-05,0.0067654317480222315,0.005545725695137699,0.0018598134757368823,0.004280166018854568,0.0038280628535769913,0.0001827577708250895,0.0008508485791079866,-0.0026276702589908317,-0.011040971052705701,-0.010525568338413786,-0.01729100008643602
2025-02-06,0.016586824338585267,0.009838855738246739,0.0018030549368637256,-0.0034100318521660643,0.0014023972701313538,-0.007398503321864496,-0.011304248445445983,-0.010749514752290478,-0.015141691603358653,-0.01820921291361084,-0.034796037252196106
2025-02-07,-0.00415680333138897,0.0009606133500313767,-0.0005829186037261762,0.002639565161014046,0.001523673557755481,-0.005010708744681574,-0.00021600411394376133,-0.0007392908409138705,-0.0041902438263003,-0.007358856664839159,-0.003202053333450189
2025-02-10,0.003257827969987024,0.001067380814163505,0.0034498651309992825,0.0033502039937875015,-0.0009291813563710332,0.0010756998709474538,-0.00014066298774309083,-0.0040845708041259724,-0.009508229709915226,-0.010125558347009761,-0.013383386316996785
2025-02-11,-0.008327751576179623,0.00015878014529508593,-0.004301049895869559,-0.0029745801066427733,0.006531210443190091,0.0003512733781464413,-0.0010335240548914166,0.00013628146354405636,0.0016594517478274156,0.004248873275945834,0.012576624852125457
2025-02-12,0.00410113468351753,0.0028644932012946538,0.0002341255891685069,-0.0022271816011965044,-0.001197767997989874,-0.007878855653350034,-0.005409691495271331,-0.007556286036681663,-0.010718923685575001,-0.013004679206199065,-0.017105813889716596
2025-02-13,-0.004002949719151111,0.002001953096460127,-0.004355297321291245,-0.0005508307188465892,9.454383641615714e-05,0.002127220533080111,0.005043697478339226,0.0059166515039797574,0.004846078663432065,0.004879769261029547,0.008882718980180657
2025-02-14,-0.0004684941729449308,0.0016953279488303179,0.005404741658637557,-0.0043591852348644515,0.0014359123235825031,0.0006829948331019547,-0.0004783403580136765,-0.0016276441103922578,-0.004000205755169897,0.0008593994497575485,0.0013278936227024793
2025-02-17,0.0018580377328573324,0.007177870644346208,0.003972823865910663,-0.0017770372978775245,-0.0021924174257722602,-0.005464518233142677,-0.002903800932211898,-0.00047402357339127496,-0.005953058810305093,-0.007695590291650292,-0.009553628024507625
2025-02-18,-0.010720367718462924,-0.002047858512537657,-0.0009341100392681674,-0.0008981869474104314,-0.001127580694946732,0.003442868658200284,0.0073140449364756475,0.0059442676847970876,0.009679408034044283,0.01417995922188174,0.024900326940344664
2025-02-19,0.012480636833922525,0.005169478094757038,0.0015671016630377662,0.002421103796525283,-0.004381870826264301,-0.006052789787163326,-0.00675715684508278,-0.011728358853622337,-0.01140700684489229,-0.012954667053885809,-0.025435303887808333
2025-02-20,0.0044917732457817015,0.004118482644500737,-0.0016448956138346794,-0.001286758632689915,-0.003002958577182399,-0.002587623561557063,-0.004096525215502172,0.0024566397676940056,-0.0026300540875536945,-0.00022701978953369078,-0.004718793035315392
2025-02-21,0.01394336675236377,0.0004924728030548599,-0.004556467078000554,-0.004492074375715577,-0.004331236504262805,-0.0044715192373983095,-0.008415604503262286,-0.010403871409262876,-0.010733070301420539,-0.017680622676836545,-0.03162398942920032
2025-02-24,0.0023562264603661327,-0.002547779193351979,-0.0015112994854250732,-0.0005120448427490628,-0.0020315631539855024,-0.002047904957782692,0.004836687013175546,0.0002748050041824449,0.0020583716247809577,0.0014358190962854944,-0.0009204073640806383
2025-02-25,0.004587509745500913,0.0013928434773079323,-0.0003354978876893163,-0.0008446442629827025,0.0020480893968507392,0.0006277458161763185,-0.0027559323970912765,-0.0008304864296250001,-0.001060845780518765,-0.0023196371261540658,-0.0069071468716549785
2025-02-26,-0.0005327451983035224,0.00540308376855188,0.004986951210397167,-0.000359027059444295,-0.003307156726470588,0.0022726277297263307,0.0026160127792189715,-0.0005388042510847894,0.00034959932310593293,0.0010879779890075622,0.0016207231873110847
2025-02-27,-0.0009561890932010077,-0.001743029331380321,-0.0022583351281674456,0.002411454947690781,-0.0003851390143891206,-0.002040478636143962,0.0025832907107954644,0.00490307357580535,0.005826468411712784,0.007850390831658971,0.008806579924859979
2025-02-28,-0.010723365551917923,-0.0065238933312928415,-0.002038646769718673,0.0035658011906671166,0.00010653796373118933,0.009996183608432336,0.005856986311763421,0.009010518383931755,0.016330293430204312,0.021030819550064823,0.031754185101982746
2025-03-03,-0.00046093052865620173,0.0028996379217735295,0.0022340192083981462,0.00024801703921648694,0.002614331339135901,0.0026020292578979726,0.005924002817705377,0.0052119160389961575,0.0031497558362543285,0.0028650502337020083,0.00332598076235821
2025-03-04,0.00043709457849012154,-0.0028805585433710956,-0.00030326032215230187,-0.000990231735411573,0.00025005135546974375,-0.0026680708409751617,0.002091857618082864,-0.002027102012037248,-0.0025501579431325603,-0.004788355106860926,-0.005225449685351047
2025-03-05,-0.005047653884445252,-0.0007571057144874858,-0.003724342276539005,0.0006635339638501095,-0.002711198021967829,-0.0041847788434498994,-0.0034334007511134775,-0.004914714566398338,-0.005519402358110887,-0.0051224302287841686,-7.477634433891624e-05
2025-03-06,-0.001606740570251823,0.00031584188048157163,-0.001472066145382712,0.0024717139098267738,0.0012295532952422633,-0.004821230682814329,-0.005647199600797893,-0.007143142915023821,-0.0071049305915563245,-0.008600641527758548,-0.006993900957506725
2025-03-07,-0.0045382686676698385,-0.003983427178887412,0.0002478878375014021,0.0025118266765388323,0.0016325990276822421,-0.0005061856979797123,0.00511856762374936,0.002655678993032615,0.0012783120077203426,0.0024607422273371406,0.006999010895006979
2025-03-10,0.0006916690867951095,0.0006900717347767946,0.0030392661628144938,-0.0007733435670468987,0.002061683353861781,0.0012721650959325195,0.0017932469330086927,0.005439191724405606,0.0016080338028459608,0.00534689672017556,0.00465522763338045
2025-03-11,-0.004231231842834959,0.00011969152699435723,0.004037912274546421,0.00046916014148027296,0.0003807509109402254,-0.003821927646379676,9.638850644835177e-05,0.00021537902260413257,0.0017674516651263001,-0.0012922135029958654,0.0029390183398390938
2025-03-12,-0.0056047935159736165,-0.004355687439919023,-0.0006373452258135498,0.0009299706305887796,0.00041624522219549083,0.00239794600459573,0.004390512448756956,0.0009533944091231622,-0.004029024525035863,-0.0018443655835660821,0.003760427932407534
2025-03-13,-0.0057970605563145705,0.000478173764873455,0.0027441048835993033,0.002509437297714036,-0.0029494758208200994,0.0005553273422421847,0.005446015513744278,0.008014228965997952,0.011559104344788854,0.013903259291446047,0.01970031984776062
2025-03-14,0.002509519296180779,-0.0014762848437568524,-0.0022690760792066725,-0.0004763235738293743,0.0006105214554198949,-0.0019466351147469267,-0.0003169525150234201,0.0015906590746630146,0.0012158136871411884,0.0011543188445933869,-0.0013552004515873922
2025-03-17,0.0003743567649459006,0.001974126044752427,-0.0005110355883555527,-0.00045998532368870637,-0.0015614093471984865,0.0025428377165781055,0.0011210430337806041,0.002909791295405384,0.0024409125646505975,0.001350959901330103,0.0009766031363842025
2025-03-18,-3.08773247788116e-05,-0.0013933677397933255,-0.0019643808149810062,-0.0003663851843041593,0.0018949927912319635,0.0012830960308425196,0.004128379393109266,-0.00030458047164132966,0.0018756270693460575,-0.0009898994323885117,-0.0009590221076097001
2025-03-19,-0.0007346816333421576,-0.005375899047792641,-0.0008274018213353621,-0.002029681045116073,0.0012196500931976365,0.003653035135800621,0.0025928721677348702,0.0030280947971187263,0.004458689215439193,0.009196076101322679,0.009930757734664836
2025-03-20,-0.004754631763586099,-0.0032871106668557826,0.0032634170684860096,0.003084109853455757,-0.0006264217269998523,-0.0015795947365187216,0.005203631847205561,0.005268733757733983,0.004288885005057101,0.0025201832994725805,0.00727481506305868
2025-03-21,-0.002861362721504457,-0.0004687672897922015,-0.00591138401269852,0.006730152210147341,0.0006547365598044458,-6.354750184871076e-05,0.007969143849429776,0.003950068053840999,0.006902959685336664,0.01308700505016371,0.01594836777166817
2025-03-24,-0.0011660591378631552,0.0014432434455626158,-0.0006994538729473934,-0.0023370766006414094,-0.002654310463944337,-0.0018052490565512607,-0.001300454876752363,0.0015953944621082557,0.0033248011778883734,0.0060436871312670015,0.007209746269130157
2025-03-25,-0.00469425447510416,0.001970786644791991,0.00501366903926921,-0.0006469701862502291,0.002079062000099982,0.005570876365057199,0.006476000225174363,0.00800523427013711,0.010712689900700866,0.01125199383035604,0.0159462483054602
2025-03-26,0.0012459928380898788,-0.0030464353378253533,0.0016566563849499784,0.0012013273098726344,0.0009132962550696703,0.002177071336277155,0.00013623347501130425,0.0018557521996607344,-0.0007734537857684815,0.00040899041865154477,-0.000837002419438334
2025-03-27,0.0017738121682203288,0.001997844632041345,-0.006299967376694035,-0.00019011948643969266,-0.002671604944371908,-0.0017561048913817736,-0.001890594483703851,0.00267636463078203,0.002117162555811078,0.004069783454148103,0.0022959712859277745
2025-03-28,-0.0038438743239476492,-0.003466446350170827,-0.0053271364310515865,-0.0008045250153074072,-0.0016439678863974518,0.001739271480371046,-0.0022684866987120866,-6.126366019283203e-06,0.0030436633823966172,0.009105565721259647,0.012949440045207296
2025-03-31,0.00010451122180703785,4.855362051675973e-05,-0.005736557875111377,0.00030185841581114887,-0.002206057023975142,-0.0014935020878381734,-0.0012427991175557908,-0.003598241781039087,-0.004467180548961788,0.0026569070344494208,0.002552395812642383
2025-04-01,-0.0004770367866881995,0.0015580783791714697,-0.0019964121171267197,0.002371627914099601,0.0033217869667938054,0.0029604520908733437,0.00361021107026313,0.006693335204615534,0.007072602913826652,0.007954052186192252,0.008431088972880451
2025-04-02,-0.0036191457854646866,-0.0019602406032654695,-0.0004967068582887649,0.0003401906684155837,-0.0013501657915729207,-0.0004612267456785592,0.0012492096172521457,-0.0012525456921464995,0.002128065096636025,0.0009073595447597978,0.004526505330224484
2025-04-03,-0.006491741158930699,0.0027304412355832843,-0.0018482727085678715,0.0016560700054899257,0.002913596847278317,0.0023005033028397925,0.005443861906626298,0.006481926265548077,0.005241676885319251,0.010162875374112892,0.016654616533043592
2025-04-07,-0.01394149710504989,-0.013000419744895915,-0.003139364704648198,-0.0027081671366715543,0.007798540810568009,0.005491219814210495,-0.0004071429712950922,0.006832004460921058,0.008885261095352705,0.012874850108767984,0.026816347213817874
2025-04-08,0.02725249120856418,0.029068129346263325,0.02683377415906365,0.044390203873095585,0.03074369598277691,0.03764725476796302,0.02928706200988156,0.03215511839609003,0.033974810371420174,0.04008822547665353,0.012835734268089347
2025-04-09,0.0008419380578982257,0.007503082606660921,0.0010584192687347418,0.0033960577866149772,-8.679015367977268e-05,0.0026114813546388965,-0.00460312558792368,-0.003883204217711494,-0.007041271918299291,-0.007079922113329756,-0.007921860171227983
2025-04-10,-0.0028798012474293196,0.0007041761349916447,0.0009535945722912501,-0.001474868688284922,-0.0024449740253119513,0.004462193066111446,0.0015822899974434813,-0.0018877143641915183,4.9004607109108924e-05,-0.002887131251257478,-7.330003828158547e-06
2025-04-11,0.009764854960856804,-0.002488440069118567,-0.005361808652018383,-0.0006854215923799442,-0.005231269111355914,-0.004007691296633215,-0.0011719179602561974,-0.006370371626920614,-0.0025979392452776667,-0.009254248174124763,-0.019019103134981567
2025-04-14,-0.002180400194153697,6.809461688431012e-05,0.00031487814789164456,0.0029956940444530564,9.18492110579171e-06,0.0018935899328423695,0.0005066308537361667,0.0020876417137452967,0.0002653891196571977,0.002999428719468046,0.005179828913621743
2025-04-15,-0.0014604482993707817,-0.004444202731482535,0.0007743924584814813,-0.0019454680593530642,0.0014744194567984062,0.0019489120351230686,0.0014942011893896504,0.002714986752294128,0.003878012352273618,0.007713413057166978,0.00917386135653776
2025-04-16,0.0010203382357725792,-3.0916000030383438e-06,0.0020026775486520236,0.0009075194012473332,-0.00026556191652980505,-0.0025993999008333823,7.465241090676622e-05,0.00307738744626937,-0.0010190816502778034,0.0017310068907699907,0.0007106686549974116
2025-04-17,0.0022512777073754302,-0.0006935691326908997,-7.007240163380349e-06,-0.00021242735959892578,0.00023263909719221335,0.0012817727382333998,0.001700034693801478,0.0010122422688500967,0.0010770379644762006,0.0047483375522074725,0.0024970598448320423
2025-04-18,-0.006474488539536936,-0.004907112915208222,0.0017437762159405001,-0.0019419258724471772,0.002293623637279658,0.0059889137928797334,-0.0008854664296874145,-0.00018507992476903814,0.0010446871037507793,-0.0012829839114177632,0.005191504628119173
2025-04-21,-0.0067294557585840485,-0.000328602977676387,-0.002902987439143901,-0.0045232962300075195,0.00443848162231706,-0.0007328873734946941,0.0010312814700554167,-0.003394002067938418,0.0009397887666804229,-0.002205141532160369,0.00452431422642368
2025-04-22,0.0015436548698384593,0.00039380285227409283,0.0039381168832333495,-0.0032000032580554102,0.0012878406888545187,-0.0011030189674221618,0.001472772490207626,0.005916237545819629,0.004549372027193143,0.005157567258973332,0.003613912389134873
2025-04-23,-0.004983342917973092,-0.0060622199450732946,-0.006881014573753671,0.000967204489046976,0.0011701216081345075,-5.2903018116166965e-05,-0.002876029589910006,-0.00030789250183121866,0.003478476668504158,-0.0021255064649296114,0.0028578364530434802
2025-04-24,-0.006182708552261327,-0.0033776489692300075,-0.001656287563776334,-0.0033658102758076375,0.0008753144418593314,0.0017567414268631022,0.006147861301350234,0.008205301580611253,0.011436389392517296,0.01041037336714616,0.016593081919407487
2025-04-25,-0.001525878292194443,0.00137283958632689,0.00247601094448942,0.001823051959517929,0.002757194454137634,-0.001124065885251436,-0.004065901234236889,-0.0041315926836646725,0.0012915890035084827,-0.002674952311043904,-0.0011490740188494612
2025-04-28,-0.0010745812036973166,-0.0013664462277052781,-0.004409088982627883,-0.0031682654328352507,-0.003075429523424929,-0.0006913571729118715,-0.005408003591562582,-0.0032774542192563964,0.0013739633053208595,-0.0016024215422525622,-0.0005278403385552456
2025-04-29,-0.0021489336634892176,-0.004270779612552254,0.0018816179979660533,-0.0015347086734785013,0.0016679473448322991,0.0007978033835702334,0.0025443783177229277,0.0001946739657612247,0.004772337829774181,0.0025413968951552477,0.004690330558644465
2025-04-30,0.0006099010802751101,0.0019124484915675041,0.0011172577875349808,0.00046172241107317086,-0.0036260097237591007,0.003049668220060603,-0.003912013845264308,-0.001758972807710002,-0.00794524900522055,-0.005250339530133492,-0.005860240610408602
2025-05-06,0.002269677960618343,-0.00011364092529959988,0.001551407444365752,0.0039618134672204566,0.0030978665173192034,-0.0009793064292911442,-0.0015689606850945287,-0.004896661115817749,-0.0076534157820683756,-0.008347490221115847,-0.01061716818173419
2025-05-07,-0.004661327320703498,0.0014153745654082424,-0.001654647131498764,0.0017630301790610165,0.007149667091622112,0.003035750726601041,-0.0005190612988147456,0.00012079364910922883,0.004815158878194619,0.0029859918690656705,0.007647319189769169
2025-05-08,-0.0029029645756558937,0.0004937556620737546,0.001653626066226063,-0.0010555941919579881,-0.0011135060319595108,0.002574486925343555,0.0010721938337491525,-0.0012845451252246013,-0.001686680252193252,-0.0009227454055217683,0.0019802191701341256
2025-05-09,-0.006022992976117433,0.00026539107716094367,-0.005871696602427339,0.0003137215930835586,-0.0012655846969545869,0.0012418377083437833,0.007364753302782792,0.007201446861081834,0.006079023260886647,0.014068874724976192,0.020091867701093627
2025-05-12,-0.00034543592410561045,0.002396256810686942,0.0016910260334243783,-0.001600323011338211,-0.0012236915203907976,-0.00013405544172198668,-0.0010908833386698803,-0.0029672676331302383,-0.004966599628241475,-0.0056781324022141585,-0.005332696478108548
2025-05-13,-0.0035525110275793793,-0.0036806595516559364,0.004692541725777422,0.00085492789329204,0.0002223730579847343,0.0010448906315817944,0.0027567468842915523,0.003078522967715708,0.002013686965569524,0.007710270779224179,0.011262781806803557
2025-05-14,-0.0013036690618623017,0.001175822890357321,0.004086560606970934,0.0004902007036484006,-0.001557018271161139,0.0012933407967303957,0.0007889782201441625,0.00022549812860734036,-0.0013428621382099288,-0.0025768010752220257,-0.001273132013359724
2025-05-15,-0.005794155710155345,-0.004775432487163739,-0.002558153726951792,-0.0011297535842194658,0.0027882659392486353,0.00784040987574059,0.006286237718191239,0.004980000384084359,0.009579829596690376,0.01336412891671815,0.019158284626873495
2025-05-16,-0.002375994159134069,0.0006556469778944407,-0.0016914102454891,0.001215788231559029,0.0008773403035408216,-0.0022340523292411828,0.0005849725526989194,0.0010350889399783722,0.002298550002040314,-0.0010098707629564697,0.0013661233961775993
2025-05-19,-0.0034770047395160713,-0.0005740907074273795,-0.0019922578699324484,-0.0017016139164471988,0.0016529529576069213,0.0009455245955309416,0.0018347282089163472,0.0035931369922107778,0.008365892874254818,0.006878078579807163,0.010355083319323236
2025-05-20,-0.0003947797387773523,-0.0029917167573111567,0.0005989070331135196,-0.0009173595666141338,-0.001958510697251441,-0.00017306332019313047,-0.0009761495304884825,-0.0010329248390671061,0.0020948940341051275,0.0008314151160815581,0.0012261948548589103
2025-05-21,-0.00036374410614196007,-0.0014040498626132453,-0.0020025731335670182,-0.0008975847807873564,0.0018219366508882052,0.0015410182497609783,-0.0012465088226627776,0.00027315085329996346,0.0018518094783418922,0.00150561968345871,0.00186936378960067
2025-05-22,-0.0002473227797248727,-0.0005442056276409126,-0.00397640021037045,-0.0034954638480933125,-0.00013817743896092142,-0.00046359354472498505,-0.0031655815059809184,0.002723552160080585,-0.0003988374931298772,0.004665826537919625,0.004913149317644498
2025-05-23,0.0019784821479455744,0.001858628426887146,-0.002172574481204061,-0.0012933535302747292,0.00041448436489352806,0.00022809299357859423,0.0025528346984645344,0.0020338196081996123,0.0035419883398737444,0.0025895253504793414,0.000611043202533767
2025-05-26,-0.0010834427541501744,-0.0009706683584617506,-0.000929995504022624,0.002417592794347014,0.0024334351777259883,0.004902817831165688,-0.002473553604008181,-0.002138837497702975,3.130492746254601e-05,-0.004461833066031149,-0.0033783903118809753
2025-05-27,0.001258781573024386,-0.0003612382381702182,0.0011176703136181606,0.0024016973993118513,-0.0012106451802394612,0.002820847912258515,-0.0005105116007450257,0.005368579359332711,0.0026811777242199356,0.004770764097233928,0.0035119825242095415
2025-05-28,-0.005754074867917944,-0.0015831312234224743,-0.0022549107700320934,-0.001200212297944283,0.0006986078487355287,0.004392952392365067,0.0010548727812989584,0.004114852674374676,0.001897601188582669,0.005102003087658316,0.01085607795557626
2025-05-29,0.0037622805697719187,0.002966094601352208,-0.00096366670067586,-0.0015154561107841979,-0.0009554379233723512,-0.0006174230804798901,0.001329357854411198,-0.001298872361706043,-0.006042224832451993,-0.006349714258384295,-0.010111994828156213
2025-05-30,0.0006613351373186199,-0.0016165080386404697,0.0006244278885428312,-0.0019367831916199364,-0.0007747122345153903,-0.0002101937823652852,-0.001304178677093521,0.005220622823895163,0.0043938238992761915,0.005558615848291273,0.0048972807109726535
2025-06-03,0.0024586105079275633,-0.0016558865012659017,0.0035364043384361636,0.003443700552298868,0.002766614501779288,0.0010163298740307302,-0.0004565417076666797,-0.00025862417580282634,0.0008685704748912219,-0.006603961730628579,-0.009062572238556141
2025-06-04,-0.006479561031692423,0.002478793970384644,-0.0022152942958353285,0.004012417780079284,-0.002040350512056745,-0.0008106252884869771,0.0016024093339928069,0.0009667473658422169,0.0034363904620934053,0.0011622529339026183,0.007641813965595041
2025-06-05,-0.0023610232703404426,0.0006357803178257824,-0.001895128909143048,0.003971807675743812,0.001958605347763931,5.769621223881884e-05,-0.0038846165359625222,-0.0032339140085285646,-0.009122850483190864,-0.007149834668725327,-0.0047888113983848846
2025-06-06,0.0015333793978898117,0.0030350298044425333,-0.0027361779395166197,-0.0022102852383992172,0.000942994125982396,0.0008299236437035455,0.0014737603043529816,-0.0019147163270362877,0.0011813401439343444,0.006456504308900343,0.004923124911010531
2025-06-09,0.0008681622113632514,-0.0005614642161299055,-0.0003567733020325135,0.005808670609249007,-0.0021933933813413817,2.790403312415493e-05,-0.0017732278825212582,0.00013279639645588052,-0.00025638849645283086,-0.004505527460686297,-0.005373689672049548
2025-06-10,-0.002485593399323267,-0.0020493319342209425,-0.00037952420507431143,-0.001270828538227554,0.002684973235859712,0.0019216499750793867,0.000981135730774868,0.005203172899576832,0.0035247633268511093,0.005628420732457611,0.008114014131780879
2025-06-11,-0.004402285335849536,-1.767997919151134e-06,0.0012320725853265232,0.00040945572470429655,0.0007587012873438242,0.002131293292102234,-0.0006424754554321722,0.0008490965047753931,0.0022503742040581457,0.0026737252286901866,0.007076010564539723
2025-06-12,-0.00019687224024126022,-0.003877160711802196,-0.0019674210554803755,-0.000974852420146903,-0.0016906662382466433,0.0030232888856670213,-0.0006940468786844851,-0.0017000058481696288,0.004222338100984933,-0.002132984072461862,-0.0019361118322206018
2025-06-13,0.0005780901039365981,-0.0012656688318548426,0.001670867438573212,-0.002954088856723663,0.0007470411023743937,0.0013521309372221686,-0.0037152571542556825,-0.0011792815743010983,0.0006702017342341426,-0.001771533412704691,-0.002349623516641289
2025-06-16,0.0027791496383150916,0.003684814862443709,-1.2156544100188661e-05,0.0039743669618633225,-0.0025779346301759445,0.0017121831854455198,0.0007260496816334017,-0.003126645103429182,-0.0032306677737427175,-0.006940564997017119,-0.009719714635332211
2025-06-17,-1.6308559124723985e-05,0.003207770424947672,-0.0018649932088846543,0.0017358204104266973,-0.00012770461376438369,0.0002927902357882428,-0.002456289926953792,0.0013613526768127178,0.0035228910709720345,0.0022878854768983064,0.0023041940360230303
2025-06-18,0.00462617237227273,0.00012119552087282767,-0.0012091352439278097,-0.0011426964069347102,-0.0024252938762471766,-0.0025579996383585054,5.271738898005767e-05,-0.0026633388459993226,-0.0031202868998357306,-0.0037815185004641976,-0.008407690872736927
2025-06-19,0.0040532278921104675,-0.0030078631140849433,0.00016640014004028984,-0.003571609553697435,0.00068154552808542,-0.0004314638594986555,0.002248176464746049,-0.0021882314772093733,0.0029998204051565006,0.0035845821554895065,-0.000468645736620961
2025-06-20,-0.002751108342427592,0.0023994952581708672,-0.0021285677695953927,-0.00028435114583258165,0.0009420949954435896,-0.001097441143540693,0.0035167052194670424,0.004810382221883061,0.003480661825923097,0.006988129472904931,0.009739237815332523
2025-06-23,0.0077370010390263,0.0025556647674260455,-0.0007242427950901649,0.0009813330582968912,-0.0003780197381378828,0.002947789340098333,0.0007697154380902104,-0.006543446097441722,-0.007615547073972377,-0.00951321452019635,-0.01725021555922265
2025-06-24,-0.0044965087445638175,-0.0031996456499504434,-0.0006936393463710738,0.0009870616888850137,0.004844105414072179,0.0007013673975742774,0.0019946633998412806,-0.0011418410433149126,-0.0009974147784666658,-0.0024906239624142906,0.002005884782149527
2025-06-25,0.00412451958350836,0.0028204829744514896,0.0005684508078599001,-0.0015813851669955515,-0.001719361255710001,0.0012006352210971434,-0.0027478001063091914,-0.0052913248828312534,-0.0049712669766150686,-0.006841650126390949,-0.010966169709899309
2025-06-26,-0.00426718247573795,9.675043070925997e-05,0.002475082162127581,-0.0008564687061257769,-0.0013410476667904238,0.0021755336363282318,0.00292707406935338,-0.0008338001462697541,-0.0012308726635192131,-0.002633104907153002,0.0016340775685849485
2025-06-27,-0.0033477328617126188,0.0005158810438288968,-0.0010340356967287476,0.0026818621509537054,0.0018558809173124628,0.00079637048819485,-0.00011938158923940998,-0.0010707941250535733,0.00020613637236456176,0.0017798870461300086,0.005127619907842627
2025-06-30,0.0036668287938264655,-0.0017898664385974292,0.0004015961947359004,-0.0008056031511880022,-0.0009563915796736873,0.00031196241213757325,-0.0005426636543718318,-0.0019223983668942685,-0.0030768085507227377,-0.005101730847379465,-0.00876855964120593
2025-07-01,0.0013179172558473319,-0.0024831604704412835,-0.0024376403282548188,-0.0038837749372427387,0.002225292232706445,0.003889035375679613,0.002670444297047091,0.0011199807196335516,0.0002463323669291541,0.0037609961009640474,0.0024430788451167158
2025-07-02,-0.004458767438556082,-0.00038094987894149814,0.0017897075395042258,-0.00012447338070654382,0.003940806425623639,0.004258727182065984,0.003978161300834909,0.003987709420859856,0.00832533805345182,0.011328825543569374,0.015787592982125457
2025-07-03,-0.0037167621163828267,-0.003820074490468865,0.002406551815698691,0.00047882346797452065,-0.0011486651405641561,0.0023978874981142586,0.0004514448786867892,0.0025434315699212244,0.001658968260085038,0.00280948108504582,0.006526243201428647
2025-07-04,-0.0031549723318767694,0.001974123907098463,-0.0013073859033764122,-0.0033451818361800853,-0.0008307089148297467,-0.001082631078620899,0.0037662624153539243,-0.0002680994245128494,0.0015454678396913087,0.00020954307598805805,0.003364515407864827
2025-07-07,-0.0016645210347735143,-0.0017894206914749096,0.002134133879452423,0.0004527595784682898,0.00024293769982229726,0.0007898290855492217,0.0026934380169459727,0.000947250566120237,1.9430436875944243e-05,0.001575542904006143,0.0032400639387796574
2025-07-08,3.519515733000408e-05,-0.00023106633188924464,0.00036571185300682426,0.00013825269423825543,9.109001237291936e-06,-0.0003914489354800972,0.0026924869323897162,-0.0016912563596782738,-0.002440251463024733,-0.00360774909522971,-0.003642944252559714
2025-07-09,-0.003985065828114592,-0.0017077778548212688,-0.0012702984312629561,0.00244873436772457,-0.0018173603656457698,-0.0013661551740214769,0.001419092887728366,0.00016275516103659063,0.0030634979518664083,0.004738456973954388,0.00872352280206898
2025-07-10,-0.006758426972181835,0.0009617726709527748,-0.0007014527837719761,0.0008129300542174735,0.0029793384558031485,0.004374308617348098,0.0006352247354757885,0.005491976276130174,0.0014050281154129832,0.0018914285446954206,0.008649855516877256
2025-07-11,0.00304553406450612,-0.0015621493980238236,0.003019640983437762,-0.005982935915550472,0.001721802284045474,-0.0019250774473196894,0.002578770634332746,-0.0002867520286807564,-0.004459990998988608,-0.0036130737253609706,-0.0066586077898670906
2025-07-14,-0.005003120741751554,6.5841818432548806e-06,0.00019531267363429028,0.0012506115686273553,0.0012064351145937135,-0.0013284091211336214,0.0029670062875357672,0.004107934597625229,0.005050985534242635,0.004950289514645035,0.009953410256396589
2025-07-15,0.0001242821543766759,0.0024610822165049085,0.0005559006713037021,-0.004032012537632967,-0.004384761962523858,-0.0021706787226172296,-0.00241143970436549,-0.00235192094274061,-0.001165509859473301,-0.003815494552558548,-0.003939776706935224
2025-07-16,0.001729785313190958,-0.00030089321157464994,0.0007282354706357468,0.001169120962094083,0.0015976815367874909,0.0009045046170130206,0.0016127804286471135,-7.123063659706611e-05,-0.0009834653479093274,0.003582098067619172,0.0018523127544282142
2025-07-17,0.0036529096502724632,0.0012645143670996545,0.00040164248087473436,-0.0010700474828480582,-0.0021861786501981718,-0.0031766027152694276,0.002706422111587982,-0.0003307763864967935,-0.006136073561082216,-0.009528984143808938,-0.013181893794081401
2025-07-18,-0.001139477052500005,-0.002780220223155455,0.004026383888946573,-0.0016021221062589058,-0.0004832020878592281,0.0029493036635739886,-0.0008218768621958948,0.001229783015434206,0.0006158336116776591,-0.0013083961887469524,-0.00016891913624694733
2025-07-21,-0.004830247164489508,0.0019936002033600106,0.0011159088389355982,0.0012535626762216387,0.0007527685004067818,-0.0012787870143267169,0.005117874771202884,0.003000595329742105,0.003377654706025717,0.006772188735148922,0.011602435899638431
2025-07-22,-0.003559401585402184,-0.0007970895571920941,-0.0007664976070600688,-0.00563878511419269,0.005059941784766861,-0.0003898996885272946,0.0035035362246184356,0.00448591427519528,0.0019270133968810501,0.004274823927935402,0.007834225513337586
2025-07-23,0.002006244933297802,-0.0010665864556152758,-0.00010106226630459824,-0.003435606607164652,-0.0018203450801351348,-0.0019549949806882683,-0.0012450912659597798,-0.0016280341676171745,6.91370385825325e-05,0.0020002760882005728,-5.968845097229034e-06
2025-07-24,0.005452562101124221,0.004180383498901272,0.00011368310912500499,-0.00019488976837588317,0.0025488174677293454,-0.0016425912024914373,-0.0012786541328562119,-0.0022616291155586783,-0.0032852186001160128,-0.005009664947889542,-0.010462227049013763
2025-07-25,0.0037764813926515085,0.0010121280091199571,-7.373790832221794e-05,0.00012586022434918505,-0.0010531371815339578,-0.00247460214998402,0.00036713979889704384,-3.5716535766787904e-06,-0.0044427443076691985,0.0005968688908716939,-0.003179612501779815
2025-07-28,0.002589185977478436,0.0006045842416289293,-0.0011491669852565908,-0.003304560539740994,0.0007282394900640821,-0.004154200011509736,0.0003677985200526444,-0.0008329076855076263,-0.0036513800385832925,-0.005771943516538541,-0.008361129494016977
2025-07-29,0.0041768611393125325,0.005530418610443902,0.001142392434318165,-0.0013826372784533675,-0.002952410149537312,-0.0023936641376242455,-0.00045690239126546005,-0.0034746719605453363,-0.004611639567744726,-0.008784694200643445,-0.012961555339955978
2025-07-30,-0.003677932598837381,-0.0023361565023017686,-0.003420487799022724,0.001125870253527164,0.00036300320601963037,0.0017892037982420324,0.00444734217143862,0.004921486750137307,0.0068921313795036795,0.008338265995519685,0.012016198594357066
2025-07-31,0.007080970839097291,-0.000236098942018008,0.0008124994647451117,-0.00319600386840697,0.0038876396249217845,7.760702915491323e-06,-0.0047275046395704665,-0.004320486821052169,-0.007506657366657785,-0.007568880319965462,-0.014649851159062753
2025-08-01,-0.001207447935298195,0.003963609213104364,0.0009907037850291566,0.0014730741799053836,0.001897041836894007,-0.0012016532696004674,0.002207065738365965,-0.0021324468782439655,0.0027564246365014023,0.0027999468225895496,0.004007394757887745
2025-08-04,-0.0018580288009414849,0.0002585810548278336,0.0009732811608887558,-0.0008592471756578856,0.001397110144644123,-0.0011768324213710288,0.0019349949578313444,-0.003492242357952544,-0.00015618135296105538,-0.0019023669258207735,-4.4338124879288654e-05
2025-08-05,-0.0037405330774393456,4.449341662779048e-05,-0.0008045053481065057,0.0004661392599479674,-0.001370261955482322,0.0015579701119761689,0.0008296613972847657,-0.0008131573079333158,0.0025365293428881433,-0.001149542330109699,0.0025909907473296466
2025-08-06,0.005622021538341858,-2.9464278705375714e-05,0.0006168092778139798,-0.003844192967656342,-0.002639559712835867,-0.002705656920725737,-0.0008094353951874786,-0.0060724467599290325,-0.004584393558074468,-0.005086073596124798,-0.010708095134466656
2025-08-07,-0.0005310661067493873,0.0004562188783454479,-0.0007117568953448937,-0.0011270157378197832,-0.0011623340303207703,0.0010441992646428651,-0.0023148059825527628,0.0015873244918044017,-0.0021808670128006555,-0.0018614725063753309,-0.0013304063996259436
2025-08-08,-0.009572293072761598,-0.007934048586708424,-0.00180485794699509,-0.0005808369898979836,0.00333259664585,0.00717713613846482,0.006238612413364557,0.005529213623325141,0.004758774692091214,0.008235123248209589,0.017807416320971187
2025-08-11,0.0016436808590768264,-0.0006706901749066712,0.0009727391407312681,4.3032218303270565e-05,0.0014260543763396655,-0.0015064215757523338,0.002177326611774293,-0.0034867247286491836,-0.005821845405844388,-0.008606259458356668,-0.010249940317433495
2025-08-12,0.003334318260936938,-0.0033581770645448664,-0.0034891514714912816,-0.003117405517759916,0.0017881878905881498,-0.0006342276342859323,-0.0011922517445740206,-0.0009424500787045067,-0.0020809518912138164,-0.001096257747861412,-0.0044305760087983495
2025-08-13,0.00045798990969936077,-0.0037791231898555693,0.002790273434699642,-0.003677568682540243,0.0015290843329336737,-0.004264634854896601,-0.005718775762342068,-0.005184896644726472,-0.0061101581842310515,-0.007957108684728265,-0.008415098594427625
2025-08-14,-0.0005699113748207388,-0.002826035745855525,-0.0011049907654803928,-0.0038026510205476398,-0.0023058077715544596,-0.0009187661671637487,-0.003303485284930083,-0.001446526798292432,-0.003989966157695842,0.0008382454967593956,0.0014081568715801343
2025-08-15,0.004793187880722457,0.003370773141626591,0.006624480160276755,-0.001572605071974395,-0.0007502657402107173,-0.0019792317791938784,-0.002446987273208922,-0.00011344723010182434,-0.003439586748554474,-0.009860466811076125,-0.014653654691798582
2025-08-18,-0.0030987907502790534,0.005148791563370808,0.005011931240843707,-0.0005337735557037824,0.0014853458208515641,-0.003271100626577524,-0.0058303579117078026,-0.004404657085457241,-0.009117218347628672,-0.014473229239959577,-0.011374438489680524
2025-08-19,-0.0006040347907309827,-0.0011786152128650143,0.002713551582109084,-0.004931770850019586,-0.0016644701951438743,-0.0013091322582756177,0.002488126513267315,0.0020327410399042837,-0.0006306525711539303,-0.0007495496814493711,-0.00014551489071838839
2025-08-20,0.0006831780841705451,-0.007333930153089567,-0.00285545662084868,0.000812626542794238,-0.0018719781327089422,0.001629207054574546,0.004938366764210039,-5.425046152573407e-05,0.005116985881620736,0.004233464770704133,0.0035502866865335875
2025-08-21,-0.0029660136467042305,-0.0010753199189426125,0.0009064752747881379,0.0017599009931598022,0.004914796255834413,0.005047652521739486,0.005092630806227769,0.004494515378110987,0.004105861919969334,0.008375442777529104,0.011341456424233334
2025-08-22,0.011054107039043772,0.0010451597880769255,0.0034598749002533974,-0.004428033788705089,-0.000921086463039611,-0.006180985567078309,-0.0032854889978382257,-0.010448475843364956,-0.008752063194906524,-0.014827162072267391,-0.025881269111311164
2025-08-25,0.0012856810575153747,-0.003154407629375662,0.001602300493093953,-0.0018309210181100153,-0.0030915112041983548,-0.0040188932398604145,-0.006287820055544107,-0.004147363761615517,-0.006057762500252633,-0.010287796251865357,-0.011573477309380732
2025-08-26,-0.0035705975587934933,-0.007213137635965575,0.0013027235785453375,0.001275905282491736,-0.0014641776408544573,0.0032405353937283413,0.0005344387862538274,0.0020158676979371588,0.006398684461309308,0.004552827381053817,0.00812342493984731
2025-08-27,0.004391786650544225,0.0014021538758820099,-0.004358835936126488,0.0015499419331928403,-0.003095756136939481,-0.0089509080409102,-0.000899549016150656,-0.007227250826972537,-0.0028537429587476796,-0.002479744376385885,-0.00687153102693011
2025-08-28,0.0075723949465099465,0.004280516190543747,-0.006757791639924107,-0.002181706573959787,-0.0037792407936140695,-0.011433660677298538,-0.0014886139448850378,-0.006900417107973538,-0.00695368662262366,-0.011791873050549635,-0.01936426799705958
2025-08-29,-0.009466600153789707,-0.004311113667437901,0.002344152167248889,0.0037312447581839122,-0.0005613440814878083,0.0030296842418561032,0.004072422574683006,-0.0005049976496808543,0.00019829299175702089,0.0006029228087130502,0.010069522962502757
2025-09-01,0.0018643550455615544,0.0021023813401127964,-0.0004678222910273132,0.004431270102232519,-0.003514443787078225,-0.00037152021133328135,-0.0025522945956456796,-0.004289351852340095,-0.004279595230159905,-0.004199668306118618,-0.006064023351680172
2025-09-02,-0.011200035353388507,-0.0008914371144608491,0.0014719518046637876,-0.0004388302218167044,0.00637593412128225,0.006312731735616643,0.007244236123840406,0.004502133557514009,0.014190618033268258,0.016344910197188253,0.02754494555057676
2025-09-03,0.0017930343330883726,-0.0009909249473265159,0.0010094766766512522,-0.0034551425207931027,0.0013450267549054498,-0.002240523938800117,-0.00013959168967809946,-0.004376277562627651,0.0007206001959356326,0.0027001296801834156,0.0009070953470950429
2025-09-04,-0.01388882582146388,0.0009061384270102597,0.0021145271415304928,0.006140455394899093,0.00970702884094336,0.014131056050033201,0.010970430289186484,0.014372336518142775,0.014169507095308518,0.023817941453653076,0.03770676727511696
2025-09-05,0.013277038339399477,0.006877032455398342,-0.002586328585881388,0.0008468065570109352,-0.00384010691759707,-0.006203440560713359,-0.008117974924852077,-0.0037556201808333187,-0.00903720564503991,-0.01668523529533424,-0.029962273634733715
2025-09-08,-0.004366965352292438,0.004653784255996121,0.007151448772369987,-0.0007464729324695894,0.0016441483190707475,0.001917574666566388,0.002055416229199168,0.002235834153949413,0.004479867066247195,0.0029920320475747397,0.0073589973998671775
2025-09-09,-0.006075808855259294,0.0015794264209383659,0.002802130920893863,0.004678180966036415,-0.0035627647104930884,8.779047129072121e-06,0.0035538235552815796,-4.784088901318138e-05,0.004027773688577009,0.006592846662073604,0.012668655517332898
2025-09-10,8.413841434327333e-05,-0.0009089005463145619,-0.0029436301863960323,-0.0015377056982362623,0.0008057161527098432,-0.0002331920794143171,-0.0012104904114654644,0.0007318626587507958,0.0005740566953156144,-0.002729093674802541,-0.002813232089145814
2025-09-11,0.0006919885670703255,-0.0062494485992742625,-0.003453466841576513,-0.0009161219461539358,0.002273148937946577,-0.006174606248646504,-0.007288182228064287,-0.008138560183246723,-0.008181044642881052,-0.013586216891969774,-0.0142782054590401
2025-09-12,-0.000758992842496005,0.004362314799130204,0.0009823525288726368,-0.0019135823688101834,0.00045988292482482436,-0.003449812452432587,5.6880358848016444e-05,-0.002494724906447278,-0.007821355763760316,-0.003964344669607987,-0.0032053518271119817
2025-09-15,-0.002216486850788772,0.0020807004253390673,-0.00025006762875366033,-0.0019180355243552894,0.0031151889985428106,-0.002330487139034198,-0.0018825628854398867,-0.0010699671385214758,-0.004293053512985528,-0.0012287606059392727,0.0009877262448494994
2025-09-16,-0.0013894493706381765,-0.00021211688929208503,0.0009806447377988191,-0.001529292841752506,0.003304368665122528,-0.0031019038292600942,-0.0002140090667868223,-0.004018796437884387,-0.0005694119597424453,-0.007328167007736287,-0.005938717637098111
2025-09-17,0.0031397943635923416,-0.0005101922198481568,-0.0026481185949987353,-0.0011842793060406768,-0.0036540930057621544,-0.005078173019046517,-0.0026457854143012785,-0.009107741864141986,0.000996555721675415,-0.007835343217041695,-0.010975137580634037
2025-09-18,0.007767184051966373,-0.0037402353584121057,-0.0001101694568248514,-0.0028953120835092994,0.0012296590135109228,-0.0018693893301365903,-0.0032552657034519037,-0.0027617823870162398,-0.005818477493474786,-0.007143650399502356,-0.014910834451468728
2025-09-19,-0.005942383152702778,-0.004829200133285871,-0.001274220107569138,0.0013365929479890446,-0.0009608586780679783,2.078370793139148e-05,0.0058405830201602804,0.00529749816134345,0.007187487214757273,0.011722944863172182,0.017665328015874962
2025-09-22,0.0042948284357677375,-0.005314816627327386,-0.001424600217582168,-0.001314048892349227,-0.002210649442173236,-0.0041739305208328475,0.0010208953925557075,-0.009545339783836423,-0.007968440324253527,-0.010305689826364144,-0.014600518262131882
2025-09-23,0.006403724972551939,-0.0015282331365512759,-0.0002354555396122482,-0.0023250751583512074,-0.005839627792279806,-0.0041953837247811635,-0.001010417101268015,-0.002318068532037162,0.0038339221525093823,0.0010743179043000007,-0.005329407068251938
2025-09-24,0.0054663205078823995,-0.001474981894391332,0.0012111872268112701,-0.000818547969597815,-0.0029437850004933553,0.0007584504714667613,-0.0026821330019381837,0.0019460897885262385,-0.001131338670328558,-0.007337354605152918,-0.012803675113035318
2025-09-25,-0.0015207745636055356,0.0005311051746055273,-0.0021990500651251207,-0.0019954346440497154,0.00768747983498053,-0.0035523429429183025,0.00011014646718867589,-0.0025213218584499743,-0.00248482056356584,-0.0036161137044879756,-0.00209533914088244
2025-09-26,-0.006235789118759551,0.00014021941508270597,-0.0013618404535591104,0.0016502878862616316,0.0056448256764217815,0.0020243533253765504,0.006235331559325969,0.005718210891571097,0.01110883240246181,0.015103545362730557,0.021339334481490106
2025-09-29,0.0015926563273565338,-0.004597431491909929,-0.0012190673964714454,-0.0011538296186311319,0.0012211503266123373,-0.001349848875378645,-0.005578290866189321,-0.004778065405389519,-0.00480027133282384,-0.007378455992739955,-0.008971112320096489
2025-09-30,0.0047277509129609275,-0.0026987118462616848,-0.0017980981423429765,8.160147895947315e-05,-0.0013397911291853964,0.00041293402561745954,-0.0019282222436043778,-0.006110133956386879,-0.003985914216193833,-0.008986064265273605,-0.013713815178234532
2025-10-09,-0.0018119578981256482,-0.0034792273844366462,0.0015641514587311142,0.00769179242484445,0.004018660484129889,0.006293934848389818,0.005292264781662834,0.0017919421026357735,-0.0028609839458119814,-0.005773843534048362,-0.003961885635922714
2025-10-10,-0.01120752603886662,-0.0011187331507919868,0.001543450191858722,0.00374694955622279,0.005843635304202559,0.009133845772560857,0.011985820863444576,0.013748159292017711,0.019907940303782123,0.026734734055111863,0.03794226009397848
2025-10-13,0.0032428864674383926,-0.001631076094504345,-0.0006454056036715801,-0.0033933289406700966,0.0009290859721714964,-0.00539367550103039,-0.003223133259788124,-0.006301564835013505,-0.0035479492126162648,-0.007979858548293767,-0.01122274501573216
2025-10-14,-0.011770236169982164,0.007680169546210724,-0.0010921702666418572,-0.0027071042853303606,0.005364584314758196,0.003958756546300055,0.0017535379609204859,0.015050993770295984,0.00945974973593925,0.02073347481627119,0.032503710986253355
2025-10-15,-0.0055974335892982965,-0.002378040632240774,-0.005642350294750226,-0.0020953542430495204,0.0015757656634209755,-0.00021100609675216543,3.143551289275172e-05,-0.0005121448850521678,0.0033179745232737,0.0003482714845530068,0.0059457050738513035
2025-10-16,-0.004341404486942179,-0.0019394352127876458,0.0007875115292032852,4.995651654352614e-05,-0.002940231074325425,-0.0008707633746686427,0.003028062418537598,-0.0009744856338164845,0.0051831831333556495,0.007133238216565543,0.011474642703507723
2025-10-17,-0.003560572096954948,-0.0030755174846121406,0.0041311381775825775,-0.0004055877253869044,0.0010357919831622791,0.002541476859414705,0.004109234506206233,0.006491530694279534,0.007854873462412135,0.014878703005485694,0.01843927510244064
2025-10-20,0.0014637234341871098,0.0008905115176056844,0.000796763647309926,0.0023054763148946315,0.0015180069594658324,-0.00013136116639121632,0.0009496258389325731,-0.0018670202200349278,0.00040920930705652496,-0.0038794639988892726,-0.005343187433076382
2025-10-21,0.0012474144366108057,-0.0057044182473072755,-0.0008694855829414858,-0.0021012295462597957,-0.0030208790380284465,0.0007630598213875183,0.0012414988325022344,-0.002962284329114483,-0.000758504724767908,-0.0025251101435698814,-0.003772524580180687
2025-10-22,0.0011151487930474856,-0.0014754266363717636,-0.0007892928478199494,-0.0006725724021694958,0.001238885601791904,0.0028151425652607376,0.0031164417582376053,-0.0001387941695157747,0.003091794718383056,0.004226466508182695,0.003111317715135209
2025-10-23,3.912842836924701e-05,0.0012942761738363373,-0.0059092575684965435,0.0008964070589938611,0.0018774734126216141,0.002973933779870939,0.0026744447737512282,0.0043100455612494655,0.006191881247549576,0.010186626118908398,0.01014749769053915
2025-10-24,0.001577088361591903,-0.008535691565496,-0.0029191019503407374,-0.004841416893308458,-0.0036696524366546038,-0.004741188673113243,-0.007987772330614932,-0.007608298362178823,-0.01126716013038036,-0.01069843969639838,-0.012275528057990284
2025-10-27,-0.002290991039521332,0.003004703031786022,-0.002878824260761147,-0.0037799215307313307,-0.004254178900657153,3.1677394975173094e-05,-0.005072732255755434,-0.0012390860961181698,-0.0024165800390134784,-0.0013511151919426987,0.0009398758475786333
2025-10-28,-0.006754144653435592,-0.0008239890463348646,-0.00015895318218696634,0.002153365580255451,0.0006016222857995245,0.006997301635145387,-0.00024745617518744675,-0.00010502219728878272,0.001877215079551413,-0.0017461143970749365,0.005008030256360656
2025-10-29,0.001093074353078964,-0.0012754821681996466,-0.001720966662086802,-0.0020261133720525792,-0.00024268251022184408,-0.001716395963744405,-0.00014693568612829855,-0.0030356832478243014,-0.007042019441175357,-0.00851963527445003,-0.009612709627528995
2025-10-30,-0.004113447551406221,-0.0032531878754439455,0.0005317462175541738,0.005225041515308997,-0.0007706796550640195,0.006195619403947475,-0.002315608548674824,0.003600836481241943,0.0007371692345538762,0.0012678143858099798,0.0053812619372162005
2025-10-31,-0.01110831818883314,0.0020523043934452694,-0.00030637684808733747,0.0016534509370097145,0.005688642638458745,0.010290262596805568,0.0022909137075191664,0.00233267096310949,0.0017067604649299692,0.005398898768679499,0.01650721695751264
2025-11-03,-0.0034929609550425553,0.004283557354880618,1.145655374721374e-05,0.005033171538555139,0.0004540083275710661,-0.0033632997728589957,-0.0024007334776471314,0.0032019081401357327,0.002243615528641088,0.00012857987881497823,0.0036215408338575337
2025-11-04,-0.002486693071466939,0.00013526738863335608,0.0022506353936741644,0.0033852625215450944,0.00042724996810455343,0.0014359894812609165,0.003603139455159078,0.0031912794715324324,0.004988861426930889,0.006527903383294631,0.00901459645476157
2025-11-05,-0.0036094859078101794,0.0025796962020455793,-0.0016521831132359703,-0.001802315936594998,0.0034958685214722483,0.0023877527656477673,0.0019585830109857235,-0.0007370481167849788,0.0017777099317816253,1.4548626593180306e-05,0.0036240345344033596
2025-11-06,0.0020249684039029044,-0.009045632935573703,-0.0023018953073003635,-0.004813878318537907,0.0007251520258746841,0.0006000051609524697,-0.00520517370165003,-0.004150101593634667,-0.006811330549574547,-0.003880705755064341,-0.005905674158967245
2025-11-07,-0.000749822132854869,0.00020422515279661883,0.0010851393381191574,0.001508996139383214,-4.6286998665841955e-05,-0.00196475522034088,-0.001621636575797742,0.00242297704740687,0.003930747794430755,0.0005311281229686113,0.0012809502558234803
2025-11-10,-0.0019170016583055258,0.002871599396626346,-0.0008946119523214719,0.0032616895439408658,-0.0022344631023563898,0.0012872100007346335,0.003079900686138883,0.006716392265580015,0.004187192553397971,0.007665789144311615,0.00958279080261714
2025-11-11,0.003288557893424404,0.001783119726319094,0.002614264303186922,0.0012236766182835775,0.0012887480629741274,0.0003298843194776814,0.00690450606057654,0.00451195277659626,0.0027689065580560634,0.005107715460214912,0.0018191575667905078
2025-11-12,-0.003265801003488005,0.0009267308436044707,-0.0040419366796093925,-0.0008203109010507261,-0.0014951071996200445,0.002449784702905207,0.0017759897322453958,0.0018996660309630513,0.002251747314821532,0.006461360932778534,0.00972716193626654
2025-11-13,-0.0036160174378861163,0.00032683161147424995,-0.00046742536284112264,6.828144815628954e-05,-0.0022274725476582025,-0.0003553791730517916,0.00018995720587186094,-0.0035370870964708694,-0.0023331568764667883,-0.008528602578332621,-0.004912585140446505
2025-11-14,0.0018915728166093361,-0.0004244708982330033,-0.0008337615454190952,-0.0029759337442221484,0.0055189048052334926,0.0044276853698507704,-3.877700805035751e-05,0.005387270090038283,0.008294818282360991,0.006159988760966928,0.004268415944357592
2025-11-17,-0.003765652070609544,-0.0010257812024012805,0.0024169605288016857,-0.0009662434595851601,0.001114569301456753,-0.002198305956169596,-0.00485559218276008,-0.0030105955377921676,-0.00560901531520599,-0.00886748150513541,-0.005101829434525865
2025-11-18,0.0029307789634267847,-0.003709982766153418,-0.0017699231368578164,0.0024885552345574272,-0.003342155086530377,-0.003122964112194078,0.0005209337828896057,0.0012550608553717377,-0.0007907323566401145,0.0030588670407008765,0.0001280880772740918
2025-11-19,-0.00464550809507177,-0.002584879354072982,0.0025354189507165352,-0.002827595665760698,-0.0009627541733181037,-0.0038277766651086797,0.004036178363246758,0.0016746884495477765,-0.000324852938882791,0.001545647841614725,0.006191155936686495
2025-11-20,-0.0028311182777981036,-0.004107182369107453,0.0008264813569995171,-0.003147668060109074,0.0025274975767880137,-0.001996845140108553,0.0020010024437875904,0.003138922996919751,0.001109255981516465,0.0034321522916856305,0.006263270569483734
2025-11-21,-0.003399218369350445,0.0013119072709824038,0.005287661282742607,0.0023582347898215656,0.00010445886493735328,0.0006604358962502828,0.0024885380775655523,0.0063250070386999535,0.00661464128793827,0.010576523861897932,0.013975742231248377
2025-11-24,0.010662846493322293,0.006165173521876243,0.004442403936949828,0.0056550825310544015,0.0037574458268622517,0.0005328486933658153,-0.0021265612120719857,-0.0034280900289525287,0.00016112807661252467,-0.0048126813336788424,-0.015475527827001135
2025-11-25,0.0033823098939100493,0.0006173116552296849,-0.0017442604428060998,-0.001115884705937932,-0.0006721087771302747,-0.0028334470648038105,-0.00034808121960284305,-0.004074471273422977,-0.004567089035635739,-0.008472953972243836,-0.011855263866153886
2025-11-26,-0.0022915774015546076,-0.001045876277234456,-0.003988692763831621,-0.002727372556260938,-0.002045045468241259,-0.004070949766711825,-0.002561632353784849,0.0004112352839312325,-0.0007283551320862246,0.0006145677358113556,0.0029061451373659634
2025-11-27,-0.0008692041896551299,0.00036423303856027915,-0.0029437500714140684,-0.0011649960509875,-0.003064895877685424,0.0013325586379713096,-0.001817098085973761,0.00021861381507872786,0.001747014896702747,0.0018533255562650933,0.002722529745920223
2025-11-28,-0.0021233044382190625,0.0018049957374785858,-0.00011704937550013444,0.0019119787987939235,-0.0009077717008876306,0.0032550813053731998,-0.0015354807902883657,-0.00023198706239499402,-0.00256694933156092,-0.003681675459952541,-0.0015583710217334785
2025-12-01,-0.0038648424618796303,-0.00261826327856306,0.002375427698273258,0.00458798357158407,-0.001347280565213304,-0.001615626778234651,0.0006599732921053556,-0.0007790876558698475,0.0033478091026671484,-0.001651867492674963,0.0022129749692046674
2025-12-02,-0.0028525154165783564,-0.000666038374417483,0.001245977101512499,0.00034620072816610777,0.0009480804953400004,0.0014127888619694417,0.002962754975610994,0.0042837454194666336,0.005045576680187523,0.007323040919207999,0.010175556335786356
2025-12-03,-0.003873713827847155,-0.0018796851689642275,-0.00018216762120308139,0.00015132162999740282,-0.00047281234968472266,0.003908363625124786,0.0006057106674880687,0.003372781146024377,0.0060533946326823095,0.008206507500382026,0.01208022132822918
2025-12-04,0.0029715472398288145,-0.002689886607537846,-0.0020790727382749693,-0.006722087766892076,-0.0026981482295442235,-0.0019423577724437956,-0.003503099537849572,-0.0020331895151981185,-0.005304617775443757,-0.005813824679921798,-0.008785371919750613
2025-12-05,0.002159888361941505,0.0003220842467086223,-0.0002788476193332372,0.003623232477023472,0.0018270655711684265,0.003614458203017755,-0.0015738115891044866,-0.0012501004084737076,9.156203674654735e-05,-0.006781841691265106,-0.008941730053206611
2025-12-08,0.009073407294223615,-0.0039593556288473105,-0.0018728911659108174,-0.0017677058396754586,-0.002149137057049457,-0.010022136350229813,-0.006462833689664278,-0.008712909344525198,-0.007966974320656281,-0.014004433671281607,-0.02307784096550522
2025-12-09,0.001240889348907324,-0.0014340653546486485,-0.000546357161105961,0.0026142193365364234,-0.00654802636147671,-0.002758624534647732,-0.003602735255485337,-0.0042140314163933035,0.00027812662889712824,-0.0011691972158925858,-0.0024100865647999096
2025-12-10,0.002283734323966537,-0.0018819482892998487,0.0015086928256935258,0.0003575600388789702,-0.0024431328543243177,-0.0007464611108053972,0.0005425174654345744,0.0018609555402348537,0.0004312679879933269,-0.0022026559653894767,-0.004486390289356014
2025-12-11,-0.0017039035221686088,-0.00025031624403045556,-0.00023313627381571533,-0.0010915301684710544,0.000513290535475511,0.0010475924759398752,-0.002205885432698087,-0.0029682378586144914,0.0017619042571496418,0.003652310689640623,0.005356214211809231
2025-12-12,0.009997108892987563,-0.001431674018297373,-0.002114261925036133,-0.0015730443210542028,-0.004256662426794535,0.0002581291480866319,-0.000466656843324467,-0.006129049305634945,-0.005603954527983699,-0.00819556315062044,-0.018192672043608003
2025-12-15,-0.0033946343365514457,-0.004157206500654563,0.004650383597890658,0.0073647918317306885,0.0002938235462375768,0.0008878455501078449,0.00559360423936915,0.0058563724311230005,0.006638828960624566,0.008942105020734519,0.012336739357285964
2025-12-16,0.002115674324572002,-0.0031226455074016305,-0.00043295878314112627,-0.004084036441288079,0.0036420334522230834,0.000614093903460883,0.002731166944917031,0.00039793222084707087,0.006884769691711056,0.00871875075271639,0.006603076428144387
2025-12-17,-0.0007217052032256247,-0.005975704953924554,-0.005525342955797865,-0.00041806431559738373,-0.0038958637673006495,-0.002978892618434425,-0.003154862764776782,-0.002986777421759286,-0.004919115280881539,-0.004760742462969229,-0.004039037259743604
2025-12-18,-0.00039504177085525425,0.00029593810629290453,-0.0003085901682157836,0.000639346849336027,-0.0010958882805414483,0.0018098835210819861,0.002067467288901293,0.0026364188948104403,0.002407343854009644,0.004484771150767996,0.004879812921623251
2025-12-19,-0.008590919537983271,0.009051940397215333,0.003219910517636968,0.002568329381352086,0.002028428325094658,-2.5526019836406063e-05,0.004291939007369258,0.003751000224479723,0.0021392876141584864,0.0030956322200061705,0.011686551757989442
2025-12-22,0.0022147656285755155,-0.0021370926038587366,-0.005318568532501027,-0.0005937500873099896,-0.0008561227483479051,0.00012400098518868994,-1.6078708357679036e-05,-0.006693531868566309,-0.0038303939520074417,-0.011471939856942118,-0.013686705485517633
2025-12-23,0.0002751122336573157,-0.0032809525595268903,-0.0023615920623098075,-0.0038684017073440393,-0.000739518447014512,0.0005483294529191822,0.0022610654787265866,-0.001313101488151993,-0.0026507000203632417,-0.0011098039009317712,-0.0013849161345890868
2025-12-24,0.0008049875308674207,0.0035904301640295897,-0.001022558146967151,-0.00045077434752643724,-0.0030010489223940215,0.0003338661743616468,-0.00263792236787682,-0.005530936119453357,-0.004387182643529854,-0.008044226226071014,-0.008849213756938435
2025-12-25,0.0026461348359983297,0.003784735891684218,-0.00219141248372934,-0.002332887991770404,-0.00034803652663456097,-0.0003938320902533227,-4.1370484013026915e-06,-0.003225485070669913,-0.0022956905811638275,-0.004779212352250592,-0.007425347188248922
2025-12-26,-0.0047148933145587085,-0.0005852462189806704,-0.0008068956774700774,0.0005123722139246678,-0.003267342364444887,0.0009497058977841673,-0.0006362454803969371,-0.000516633152437198,-0.0014601428152852633,-0.0051808358627648855,-0.0004659425482061771
2025-12-29,0.0012180666593195647,0.0035263431975012414,0.004569592231207299,-0.0008652438501421984,-0.0022074463390349425,-0.0004400917267446153,-0.0007930608570107465,-5.4157862601483125e-05,-0.0031557398872788826,-0.002992880617391851,-0.0042109472767114155
2025-12-30,0.0009863335500295877,0.0024741335051475283,-0.00021817909018813982,-0.0016426686810943614,-0.0003417748998314873,0.0005689627783917438,0.0008765245034340969,0.0010157254442256388,-0.0022886918236041318,-0.00024544049498238384,-0.0012317740450119715
2025-12-31,0.003367105153911444,0.0027337430379614953,0.0014131830339518107,0.002036179402280323,8.104410337983232e-05,-0.00047409399185854205,-0.00451218048400681,0.0013916079377578184,-0.0009282961679126892,0.0010316288405547614,-0.0023354763133566826
2026-01-05,0.0024678159038142647,-0.00029418233507300497,0.006515735384745147,-0.0009734911964985372,0.003002437190645548,-0.004997297813078561,-0.0029523211601864417,-0.004515389775254839,-0.0062751091174434,-0.0092974588922986,-0.011765274796112864
2026-01-06,-0.002342636422180429,0.0007503264935514453,0.0005766924734741971,-0.00036879916484269413,0.0024584033799332256,-0.0036921987677432542,0.0007034172137255944,-0.0004429403406842076,-0.0028221007662091535,-0.004386138013845506,-0.002043501591665077
2026-01-07,0.00888460557962532,-0.007478858100915211,-0.006293270674986428,-0.005180454248880492,-0.0027877275382164296,-0.0005199661839570581,-0.004943240361094606,-0.003974926859786955,-0.004794395770195978,-0.005288404970709865,-0.014173010550335185
2026-01-08,0.005402192136874625,0.0008040347822824006,0.0016411190200469024,0.0029344992162334957,0.0007223235523054401,4.453971868175095e-06,-0.0005160994482452033,-0.004574905688827862,0.00022246873962150312,-0.0024204258449437594,-0.007822617981818384
2026-01-09,0.005054480462438157,0.0018787319128001877,-0.0007389842156226443,-0.0005497390699861543,-4.912746730880227e-05,-0.0009680975776623056,-0.004597796003369743,-0.007313212395011425,-0.005511915162543967,-0.009681972950860467,-0.014736453413298625
2026-01-12,0.009187803120526665,0.010342971082929371,-0.0009102472286061846,-0.002404808576295006,-0.0014098694530262107,-0.011484284087792236,-0.0070384909699980815,-0.016663001814164854,-0.014555674773075311,-0.018211204716204486,-0.027399007836731153
2026-01-13,-0.019007210126618462,-0.0075593277916181575,-0.0011839786427637125,0.003969280575343588,0.00749197972027287,-0.00036078281905779254,0.005180377527590404,0.008687520801313702,0.01179604471897008,0.014453920781628618,0.03346113090824708
2026-01-14,0.005199749845765261,0.0005757604171797892,0.008231539228362752,-0.004100567415251999,-0.002976730007746358,0.0024552297870215076,-0.0007347764091049624,-0.005712748645670862,-0.005680271299476514,-0.006494014132701192,-0.011693763978466453
2026-01-15,-0.0067292941594794,-0.0041992332422441095,-0.004543205335805546,0.0021676028822551112,-0.0037639843988131424,0.005081427783496121,0.006895114761649592,0.0003509453238999521,0.004121015382217401,0.0038717593423976395,0.010601053501877039
2026-01-16,0.005668339588235696,-0.0018451088925973717,-0.012548258323238554,-0.00030409620243316204,-0.0033608922629324517,0.004914944408809111,0.003373528630641397,0.0011009397818980897,0.0005388550475018722,0.0033799576098051095,-0.0022883819784305865
2026-01-19,-0.0060122617424090505,-0.0011993084210251991,0.0030699739144478613,0.0008556053022611874,0.0035766762046339604,0.0021882658333767803,0.0045744809373349776,0.006401487033156675,0.007676898216070708,0.00820886342092536,0.014221125163334411
2026-01-20,-0.011053405095436742,0.0008183619202369406,-0.0006910869868832479,0.00599282818857412,0.0036253922280769244,0.0006506121379048187,0.00914804041024335,0.012462954533469853,0.010969831793158712,0.01569315181005365,0.026746556905490396
2026-01-21,0.009208630998687888,-0.0056601906995579175,-0.0043255850011357224,0.003837158208447141,-0.002695447629074331,-0.0029292195557387895,0.001401416958138168,-0.00607634481230105,-0.005908484988273701,-0.009181718439896715,-0.018390349438584603
2026-01-22,-0.00820661384118913,0.004801169820655694,-0.0037875897802210215,0.0032099860349036925,0.001973639526671685,-0.0014300623674183754,-0.0012036699739436812,0.0009724264141121098,-0.002752925518463568,0.0008087960873978746,0.009015409928587004
2026-01-23,-1.0226930247669592e-06,0.0006494326426552256,-0.0006860453810872878,0.0012665097104388166,0.001996756978873424,-0.0004355925668708728,-0.0028091853734392366,-0.000682288104639492,-0.0046955811410457965,-0.007850377365586775,-0.007849354672562007
2026-01-26,-0.012388083389642819,-0.00422290146962264,-0.0032649760959864438,-0.000643762380692397,-0.0047775112374749545,0.0030285706498051302,0.0036470274646980888,0.005123177722032711,0.007096748828177704,0.008295237699506824,0.020683321089149644
2026-01-27,0.011595992404939333,-0.004391509503719766,0.00023437569178943974,-0.004951442031713368,-0.0030105995793927795,-0.005365359530739804,-0.008012067198441766,-0.007575427094070583,-0.004405827156018235,-0.0077689973152352005,-0.019364989720174534
2026-01-28,0.0004662376930689091,0.00047939043574688226,0.001724602288863774,0.004780160535421901,-0.0036167443750595193,-0.004929765277483592,-0.004923394301671731,-0.005520719032214705,-0.005876253437471119,0.000600481955910279,0.00013424426284136992
2026-01-29,-0.013223836567952632,-0.008621287545199467,-0.0013102100146479862,0.0009003790038373408,0.0055335831841575875,0.0065441417935982555,0.007698798253932448,-0.0005236156609536349,0.007034083782510797,0.01203602165686913,0.02525985822482176
2026-01-30,0.0047493862772778755,-0.0036298556195618163,-0.00242101556231779,-0.004837656468003351,0.0020605439583594055,0.0034504510640818876,-0.0005077464652883351,0.0052099257492901315,0.004278397644219728,0.0057455936819427655,0.00099620740466489
2026-02-02,-0.010006329624977254,0.0003404558766926121,0.004106236327832974,0.002131438901325786,0.0045579980962362,0.006580620765565022,0.0071997951463914,0.01018393208413959,0.003320384575040928,0.008617772235708206,0.018624101860685457
2026-02-03,0.010193968433198676,0.0006704187844894353,-0.001626467268360494,-0.0001564953017278159,-0.004405419873578896,-0.003499037931461661,-0.0040833847293236785,-0.005935704018336816,-0.004107894530556218,-0.011314513629050452,-0.02150848206224913
2026-02-04,-0.008186658715006961,-0.0035532199878908306,-0.0035940245613028383,0.004810096966123239,0.004637498764962218,0.005250750294156111,0.005193231208119944,0.0063444532949291695,0.008185072062556429,0.012010647661183833,0.020197306376190792
2026-02-05,-0.0069709070913460455,0.003546933493422259,0.002131279618326691,0.0016582471342928558,0.0005779681421982557,0.0069761180707674265,0.004313288679388971,0.00797669537325851,0.007091330722246214,0.014228473286266287,0.021199380377612334
2026-02-06,-0.003400232721705455,-0.0045792669737068775,0.0025882400247641893,0.002034808466993146,-0.00011226471946157684,0.0035818917657797445,0.0018680427487186646,0.005488694234606834,6.0198276171755626e-05,0.0011392939799287623,0.004539526701634217
2026-02-09,0.0029769707471744176,-0.005012664430395114,0.0028120091137225434,-0.0035394039784526383,-0.0019348818278729625,-0.0014216700544269752,-0.007127414830987438,-0.007834371845654286,-0.004011920068747645,-0.009514835036468858,-0.012491805783643277
2026-02-10,-0.0032235093129831904,-0.0024479771941679435,-0.00012558321264178988,0.00037599607816863137,0.0014788764279132505,-0.002546940471445858,-0.001455094763117967,0.0014593092926497866,-0.0007254444916004193,-0.0033328387007495984,-0.00010932938776640798
2026-02-11,-0.00893403754650649,-0.0013841416247550543,0.0006138033987098104,3.53642899606285e-05,-0.0005445315773669284,0.0033995124701678104,0.004264000124306081,0.004252978827410925,0.0066683118962482255,0.004566167068205374,0.013500204614711863
2026-02-12,7.384977700422308e-05,0.003435376639796788,-0.003138007158801589,-0.005523544542280623,-0.003829716128969614,-0.0030147199522826554,-0.003205215981833427,-0.008266435978220783,-0.007549680299011076,-0.011244308632285345,-0.01131815840928957
2026-02-13,0.0030694966104684394,0.0016695348443816543,-0.00017843085093509738,0.006033423251446419,-0.0018794986235066919,0.0009340113958140278,0.0007667256137214622,0.000733216480817374,0.001584862992267687,-5.19175790029663e-05,-0.003121414189471406
2026-02-24,-0.008197897498521265,-0.004055719851574775,-0.004827092281424114,-0.0019132417983331739,-0.005163741604628749,0.00811737379290562,0.0007596418243638719,0.002613983991633867,0.0017864502620506622,-0.002745633518815118,0.005452263979706147
2026-02-25,-0.009609079705038196,0.0027467454832225896,-0.0008425669600128373,-0.0003539464532257464,0.002033144502603699,0.0031277144815975233,-0.002286380835576325,-0.00037071004062958,-0.002288418042743835,-0.0036404640296869135,0.005968615675351282
2026-02-26,0.004211539412742166,-0.0019075276130379216,0.0022961572607243714,-0.0019162738404589247,-0.0032749491617403296,-0.0002473572457823769,-0.007035278921351964,-0.0064350389456788335,-0.007734332870353073,-0.008298520940737571,-0.012510060353479738
2026-02-27,-0.003619367597411347,-0.00029132314640602274,0.0006222842688230311,-0.002713707701392898,0.00407293979479681,-0.002038593033760407,0.0008844255445435497,-0.0006922975347781261,-0.0007780696394040118,-0.0006188154281810674,0.0030005521692302796
2026-03-02,0.000784122299113732,-0.005675540088529394,-0.004602673466779741,-0.0056887228293747896,-0.0029765006997179116,-0.005399097045226806,-0.003926680002893118,-0.006137030931992881,0.0015189314297021413,-0.0050072071069954815,-0.0057913294061092135
2026-03-03,-0.0057771596121165576,-0.0016938803112148799,-0.005066675813040697,0.005710085553311954,0.002005534465021961,0.006797587179623834,0.011372794493310884,0.013266907637677591,0.009446128007734233,0.019255949951532896,0.02503310956364945
2026-03-04,0.0038602348994308455,0.0025741302605229,-0.0014948433506763227,0.00021298061277958108,-0.0018439403243278192,-0.002770438611917512,-0.0020950011769586803,-0.003896999761628714,-0.0074634512377901585,-0.010398891831146392,-0.014259126730577238
2026-03-05,-0.008005864365796703,-0.00038364843885099666,0.0027134848613146923,-0.0013458795051825836,-0.00045673857945248647,-0.00022547682161851146,0.0011662228743547862,-0.0007895424685821353,0.0016982582198978096,-0.0011849462668721616,0.006820918098924542
2026-03-06,-0.0050068872388657135,0.00224262536293567,2.6902296819547762e-05,0.0015987303407870692,0.006641073408355481,0.004828088737491084,0.004140972121187839,0.0008652773233437104,0.005192541759710164,0.007917550001571856,0.01292443724043757
2026-03-09,0.003072822768547686,0.0021633207781225983,0.0020847332264963127,-0.0006346135952879396,0.0006139006447758574,0.0023442065512534185,-0.0012583320225729039,-0.005599709403448658,-0.00449581122317234,-0.006182251272327469,-0.009255074040875156
2026-03-10,0.006611155991878396,-0.011693786033084807,-0.004389151006720491,-0.004173890215663048,-0.000849762308208985,-0.003771452836819052,-0.00404720295570879,-0.0036969204297867364,-0.006213070041077271,-0.0032102493416679163,-0.009821405333546312
2026-03-11,0.0028362248622165786,-0.0019548856152104416,0.00414802717383584,-0.0003865561746705798,0.0012881270386789507,-0.00014129956668277357,0.0006382910108166098,0.0008586951431725941,-0.00040701319561181897,0.001402239388007934,-0.0014339854742086446
2026-03-12,0.006290756282146618,-0.0012655169753615007,0.0012855537862854595,0.0011020826912261088,0.0036860595616067977,-0.003076943329018037,-0.0011617513383398415,-0.00028910464871221956,0.0017988844759873888,-0.0016239596840970814,-0.007914715966243699
2026-03-13,-0.0036434349852949434,0.0010234486085137168,0.00364824388178704,-0.00021824210577854695,0.0019206158124744515,0.0044220552933625715,0.003556340697046988,0.003823516527512615,0.0056079183311546045,0.010630928750726618,0.014274363736021561
2026-03-16,-0.002141825910954092,0.0009920297979453716,-0.0006763612716285221,0.0020613904219471805,-0.007361172874969924,-0.0016013865361810546,0.0038834335167806417,0.0011013547072997623,-3.596072715293468e-05,0.0036016775886968523,0.005743503499650944
2026-03-17,-0.009121207493737621,0.002439012478129895,-0.002666014329563023,0.0011077699641424304,0.002027699653441314,0.006645873825432449,0.00979653980868006,0.008699822278062808,0.012254172882795006,0.015724792457576978,0.024845999951314597
2026-03-18,0.003701291704154063,-0.005291510689164917,-0.0030940084719902573,-0.0024820434358516696,-0.0030379948533334725,-0.0025465053005835066,-0.0015393527479140444,-0.003175324420041999,-0.004971292979445685,-0.010232680649443063,-0.013933972353597127
2026-03-19,0.010693837952466083,0.002974636693516936,0.0006950936172253569,0.000210128939502615,-0.0038439174351274576,0.0008859176994071963,-0.005463147097424851,-0.001364043014756436,-0.0009063706286071855,0.004456307522676277,-0.006237530429789806
2026-03-20,0.007605891318475138,-0.005778454099443923,-0.006665167551896252,-0.0012307579019868982,-0.001341482434819019,-0.004013471670801403,-0.004952479721389101,-0.0031100278896883,-0.00014441840916111243,0.0014395898532172167,-0.0061663014652579215
2026-03-23,0.007090918333610856,-0.0022272323742833933,0.005877469866905084,-0.0006725869975470487,0.00031362296828786276,0.0027980035835898113,-0.001050675199787408,-0.004128081799563539,-0.003117775103950951,-0.00698537303392326,-0.014076291367534115
2026-03-24,-0.008999125486255071,0.002571566054938074,-0.0015379230184559454,-0.00033402089910880323,0.003058587294296259,-0.0006301290350321945,0.0006672165833186143,0.001606334779650562,0.0005743814861232168,0.003187753432495894,0.012186878918750966
2026-03-25,-0.007757524496569832,0.0005929898044729281,-0.0010701099990264313,-0.0016773690901285502,-0.003381658086359232,0.002161867804355108,-0.0027542522940024786,-0.00018347982367482654,-0.0006916900434601265,-0.004348231520289982,0.00340929297627985
2026-03-26,-0.007773999707600855,-0.001458703683101026,-0.0006283657996628124,-0.0005515577117557499,0.001420382735822273,0.005217751538947799,0.0020392807811052127,0.0023042400562652597,0.004664840620932327,0.005653007728393656,0.01342700743599451
2026-03-27,-0.003860443140662796,0.006655076422231953,-0.002380632510218825,-0.0008873974204972501,-0.0016583760738608988,0.0023082632098486836,0.0016687832478999216,0.0012354450584298145,-0.004612237276103904,-0.0023910523480900094,0.0014693907925727866
2026-03-30,-0.007404773742160438,-0.006384713224475848,0.00017621054242032637,-0.00032497965583113916,0.0009861036178385517,0.0040369765573119495,0.0006183000059464112,0.00013322726910608987,0.0032062670666847823,-0.002961124940431988,0.004443648801728451
2026-03-31,-0.014901496444510475,0.0010959741303813138,-0.0018262616056422287,0.002770509783135224,0.008628666461324345,0.004025972779126935,0.008176413738381823,0.011046481855443827,0.00947770144489635,0.011788958272889609,0.026690454717400086
2026-04-01,-0.0010723776202021746,-0.0012762403531969228,-0.0049395271962243735,-0.001309855851296657,0.0017277459845339426,-0.0018645901922119752,0.0009442310385017664,0.0013682995360019168,-0.0015794713753347221,-0.00041785326324702177,0.0006545243569551528
2026-04-02,-0.008650017163885419,0.000396435096277274,-0.0011127813546417764,0.000712103145897394,0.0031667902631406786,0.0015042710276188384,0.003790441142373316,0.0027218220385400076,0.002481602704257821,0.008880612460934832,0.01753062962482025
2026-04-03,0.0046935433073684975,-0.0062144965930872745,-0.005821995016698318,-0.006124661954322982,-0.003895642059898353,-0.004405057865003372,-0.006894804581131972,-0.005850660642809871,-0.006702470476290621,-0.008176068688717949,-0.012869611996086446
2026-04-07,-0.0024665413266511983,0.0013672127447819516,0.0011719119351294072,0.002184686111707075,0.006940492083221337,-0.0019669440362316045,0.0010764460607687889,0.0020979006290562613,0.001194023797183798,-0.0010965966406189002,0.0013699446860322981
2026-04-08,0.007496562032293291,-0.0012927564831552848,-0.007250565253989869,-0.0009078982492456275,-0.005545893567189045,-0.004257406269165824,-0.00751676405121504,-0.00811121171411016,-0.006247198910393747,-0.011432155775791184,-0.018928717808084475
2026-04-09,0.000343057244166964,-0.0027785255776486524,-0.0008617078879416301,-0.007621072095393559,-0.007224527487892939,-0.009812393599244814,-0.007070747128444532,-0.004042905020800709,-0.00848172453777699,-0.00922886955745095,-0.009571926801617914
2026-04-10,-0.0019463108221575644,0.000496799199665379,0.003329331587464653,-0.004364444630942784,-0.00034301527080693667,-0.0020794888293765574,-0.00022315370368717865,-0.0019251851195034246,-0.0019730219451975653,-2.612795161753556e-05,0.0019201828705400288
2026-04-13,0.0006559823128570643,0.00018514054580446443,-0.0021334865865665076,0.0045432324396694245,0.0012041291643013299,-0.007047000442881363,-0.00541187862684085,-0.0061403745980528265,-0.006437321488221113,-0.005186021013637647,-0.005842003326494712
2026-04-14,0.008493384117676453,0.00659479804154691,-0.0058836781087059885,-0.007353766832251291,-0.002800058029812433,0.00013453149381105175,-0.0019764472572145813,-0.007661771500886729,-0.008527046917745515,-0.006020194766634011,-0.014513578884310464
2026-04-15,-0.0019508707087034964,-0.0026516323472768346,0.002980094132656935,-0.004295206964958406,-0.0012716931083182823,0.006680894852158521,0.0007752109288385555,0.004514088327757294,0.0045194184171261365,0.00769119076702017,0.009642061475723666
2026-04-16,-0.0018214283044418718,0.0016078038782172445,-0.0036675661930960202,-0.0032037655817066827,-0.00268646712584851,-0.004293353864391725,-0.0014165091319803967,-0.0016819680745032283,-0.002822374997587857,-0.005665290733878169,-0.0038438624294362973
2026-04-17,0.0033442400348710254,-0.000417752040312042,-0.004947537907836957,-0.005916957888574065,-0.0024921372460976884,-0.009486115636919576,-0.010118532650004224,-0.006965701492144133,-0.010385929325191678,-0.00803996580497549,-0.011384205839846517
2026-04-20,-0.006090223341437661,0.0011994325933827469,0.00022592342241247647,-0.004657180048990576,0.001263387587357492,-0.001138735757229393,-0.001796121046740571,-0.0010610420072214837,0.001528867137559247,0.0017720620454077613,0.007862285386845422
2026-04-21,0.0027597015630799826,-0.0009886445695524038,-0.0025792402395374914,-0.0021113283713753627,-0.006811867297218832,0.003958814163295358,-0.0012050229850885602,-0.00208600659392233,-0.003536623265351254,0.00288007292320448,0.00012037136012449726
2026-04-22,-0.0027204236296898467,-0.0028144001531857504,-0.006943570167753494,-0.005486641177633734,-0.005573796697543515,-0.002235327113834082,-0.0047447762358846035,-0.009100131634768794,-0.011442553170330903,-0.0130691840942139,-0.010348760464524053
2026-04-23,-0.004630994874787679,0.0023631053331132574,0.0034150464890541944,0.006321739660696717,0.005329450487907982,0.001326603202158373,-0.0025725791101209494,0.008179299512055146,0.006961688227808958,0.011821948988852575,0.016452943863640254
2026-04-24,0.00041136296878947613,-0.0003932994976917096,-0.0009321114944945428,0.00017509810901205827,-0.004806231073505608,-0.006689731695405479,0.004333933660713313,0.0007449187412017606,0.002778757933538728,-0.003847904483581091,-0.004259267452370567
2026-04-27,-0.00012131982401959469,-0.0016141140232422925,-0.003825606204679934,-0.0013308436093470261,0.0014066674092453875,-0.002153007454954915,-0.0010502610541159743,-0.002119731789976412,-0.002579933756789634,4.246653780228232e-05,0.000163786361821877
2026-04-28,0.008331055094619674,-0.00719870334194787,0.0016807365775018484,-0.0015654802763315936,0.0033661869036068753,-0.0014613291562091645,-0.0003081202522536926,0.001771800879936781,0.0029777864892446392,0.0070097442142247526,-0.001321310880394921
2026-04-29,-0.0023665514079076635,-0.00398274943683077,0.002066383287983334,0.0006071869858230126,0.0014620646783799671,-0.00019162878312593704,0.0030924128016705564,-0.0015392181787295728,-0.003721164121161604,-0.002873153774829904,-0.0005066023669222405
2026-04-30,0.004532275746756349,-0.0022042855204367573,-0.001883529757325094,-0.0044259574396652126,0.0018912318369177792,-0.006306709325260685,-0.006152685353292053,-0.006211619468094782,-0.004533336247342633,-0.005229305713956734,-0.009761581460713084
2026-05-06,0.013723301761457474,-0.0025428222325359893,-0.002854646691054964,-0.0008725044651944069,-0.009923803096937649,-0.005950574741441995,-0.007357376562607174,-0.01690963313589714,-0.011648657912380503,-0.015357925297411954,-0.029081227058869428
2026-05-07,-0.0002951331978811619,0.0005652249509371819,-0.001474371585958698,0.002044530614629884,-0.001740788887498,-0.005069835383445861,-0.007119955086885135,-0.007792434837230833,-0.011298292131138216,-0.015733184042363138,-0.015438050844481976
2026-05-08,-0.004801768687435197,0.003280751769619118,-0.002189998698150916,0.0018950893696776314,0.003939005108380734,0.004001648672361347,0.0018395943764828318,0.007298936515688784,0.0021709821769238624,0.00022912774570479043,0.005030896433139987
2026-05-11,0.005393956290941417,0.0038660651440972638,-0.00226836984512084,-0.0030766469223852512,-0.0048863081586945,-0.006356256752257292,-0.008072589534513204,-0.009292956547590183,-0.006665565700430072,-0.011242560385613908,-0.016636516676555323
2026-05-12,-0.002966349670617756,0.003287450871337285,-0.003498073555641361,-0.0008013175766478516,-0.006743704718842634,-0.00581195358955822,-0.0046727881001948305,-0.0023615716047029746,-0.003454390783872599,-0.00799874010976328,-0.005032390439145525
2026-05-13,0.0026807331070772484,0.0024188659196268908,-0.008269229961786636,-0.0056615298249642265,-0.004806125608263406,-0.002115323412863265,-0.006135447281734755,-0.00717945208088229,-0.006844316188649811,-0.010993212694271606,-0.013673945801348855
2026-05-14,-0.0003306829625476283,-0.004624995032964467,-0.002970783094289319,0.00019407354133683897,-5.4403959354359585e-05,-0.00283730731873943,0.0011199796594070063,0.004806117230490325,-0.0002757238668890257,0.008614704918100234,0.008945387880647863
2026-05-15,0.008743523418179494,0.005716514951951662,0.0018783322951931901,-0.0005002072718468657,0.001354683454217978,0.006828889374551531,0.001229251477638077,0.008474203743603751,0.005942412900178984,0.004925698793541633,-0.0038178246246378614
2026-05-18,0.0042141572098361585,0.0059667929020969235,-0.0016299430734761488,-0.003921177375459788,-0.005277891252092739,-0.007368127508474277,-0.0032512567770762715,-0.007349789964379835,-0.007646621675881175,-0.013323779830433563,-0.01753793704026972
2026-05-19,-0.0016685912218010522,0.005848759772095033,0.003014635263536268,-0.0006331214659954246,-5.40226310242419e-05,0.0032494819665477813,0.008382380997406815,-0.0017007099122353586,-0.006916978617591624,0.0011816484360663896,0.002850239657867442
2026-05-20,0.0017778327362812868,-0.00970640807565818,-0.0022017834017488483,-0.006706690072837633,-0.003932407442727687,-0.009249754055337879,-0.0013916975279538992,-0.007876260451734958,-0.0011480661254737487,-0.009568632838800035,-0.011346465575081323
2026-05-21,-0.014087289514767065,0.004105008229013971,0.00023012300517605928,0.010314962412354838,0.006350960134227056,0.011569231508500331,0.015932033223752227,0.01633857918123311,0.012700059268618346,0.015588938554099808,0.029676228068866873
2026-05-22,0.0073881468979345825,-0.0016868487114657768,0.001942779481405995,-0.010743769119024207,-0.0035889735933839623,-0.0066831406991000875,-0.013010709423311607,-0.011690925022828272,-0.01431663294971392,-0.021301346797635082,-0.028689493695569664
2026-05-25,0.002144317422616037,-0.006529943118302543,-0.0029589577394456,-0.007099436046754719,-0.00047567323987435326,-0.01570305500402053,-0.006538603641148858,-0.012371020683854636,-0.01195059362858842,-0.011756091682458213,-0.01390040910507425
2026-05-26,-0.008728913320918382,-0.002733225796155044,0.002814034091952952,0.0044405008674984715,0.0035022317947147035,0.005765118724497175,0.00792007787931506,0.004974706519946126,0.0071514713676484615,0.008648468177408145,0.017377381498326527
2026-05-27,-0.007176324840081115,-0.008535616752507665,0.006572626825978588,0.0005066852029881944,-1.6003049901583058e-05,-0.0007885359041621901,-0.004677822505054837,-0.0008680468198174669,-0.0013404745156135318,-0.0011969962405492173,0.005979328599531898
2026-05-28,0.004382125264617658,0.0021960959667851375,-0.004468080268597625,-0.003093878061903527,-0.005765129243479753,-0.011796429048083932,-0.012223554618792185,-0.01171275246529231,-0.0105896013919493,-0.015231993307120106,-0.019614118571737765
2026-05-29,-0.01115442138539046,0.004252938306803655,-0.0045280513787615065,0.0025157265486423766,0.00511999626431258,0.0063701934636694055,0.009134929630532833,0.01331937543831903,0.018449818608590223,0.024906217180307187,0.03606063856569765
2026-06-01,-0.011710211554166926,0.0018586569248088096,0.0070652691584966055,0.011198131136717046,0.01715928846277892,0.017121286607141822,0.02111235727941395,0.019086312886920708,0.022416382238808884,0.022178363711172613,0.03388857526533954
2026-06-02,-0.0045604449337235805,0.002067595550080759,-0.005357183079852444,-0.010777124847978981,-0.01448114895579286,-0.016367605799897447,-0.014807361260126852,-0.016753726699605925,-0.019053922375642313,-0.018265245817309088,-0.013704800883585506
2026-06-03,-0.0011938031077875924,-0.004678117799847519,-0.006188739618947625,-0.006590396832671576,-0.008239752657124063,-0.010067236967357916,-0.011860023770068005,-0.013360959830215,-0.01347556141522727,-0.013914587632268167,-0.012720784524480576
2026-06-04,0.009721813167503791,-0.001187198586283456,-0.004393503292797682,-0.0061595112974097335,-0.011409262824450284,-0.006685513020258282,-0.013859188201370195,-0.012796901648661851,-0.014328814091993679,-0.016330132034959782,-0.026051945202463574
2026-06-05,-0.0014986609014023145,0.002767266842880027,0.005537574618891718,0.007941706153945901,0.007914496122889995,0.010284878121114024,0.01215911650812421,0.014524547754495321,0.012491821009072807,0.016658081724172005,0.018156742625574318
2026-06-08,0.003772747145140506,-0.001371700847305747,-0.003791311558185729,0.004602594458582357,-0.003014644172180817,0.005494853961859694,-0.0012832085144116392,0.0019520002187795836,0.0048225717351253715,0.0061967328550053226,0.0024239857098648167
2026-06-09,0.007716365542281826,-0.0071041859688116635,-0.007454093925946353,-0.012334151520756967,-0.01093418526633676,-0.01842157900166482,-0.018066737820555276,-0.02401709650620966,-0.026091340715407897,-0.03139041871565453,-0.03910678425793636
2026-06-10,-0.008382255470862793,-0.011699258257351141,-0.0027120351757373897,0.0020507966916345315,0.011227994146722813,0.0031186438911494645,0.009336269227645822,0.01157308140501715,0.013527732561830772,0.014916067367056262,0.023298322837919057
2026-06-11,-0.00018746105315017424,-0.002081842678231536,-0.012511912303303493,-0.010850441073061901,-0.0016262473597945637,-0.005236539860599444,-0.008972163910592548,-0.004294145863849659,-0.008208888928778718,-0.0058244349936679984,-0.005636973940517824
2026-06-12,-0.008309759853214999,0.005280385500645429,0.0034228939681204525,0.006071221775120004,0.010286787187599875,0.008976653820437983,0.012124154371394634,0.01706200178961706,0.018335088611522294,0.01480770857010332,0.02311746842331832
2026-06-15,0.011580242839834217,-0.0015034746211747703,-0.005647094044893076,-0.009544136672438837,-0.009949997351750423,-0.022764969318021792,-0.022807252361216397,-0.01906387583231197,-0.025328378690356736,-0.026243421237075924,-0.03782366407691014
2026-06-16,0.0012178669174221645,0.0020847065858380356,0.0008820900989791108,-0.006090725633045915,-0.005626977709036739,-0.00997200572264002,-0.012180588169689865,-0.019197584948742095,-0.018041009001920384,-0.02365008219422266,-0.024867949111644826
2026-06-17,0.014650416242518406,0.001218785103626479,-0.008881240121696995,-0.0074732270548728335,-0.007223207471730166,-0.014783167368827187,-0.016781085231431042,-0.01454285980959056,-0.017222244774429768,-0.0208405102257795,-0.035490926468297906
2026-06-18,0.0028217885240559466,-0.0037252394946535646,0.0027182949618864425,-0.0063497263557527,-0.008204092764573508,-0.006795780964695043,-0.012688872187798557,-0.007415734966617071,-0.0150597601854894,-0.016818935797583506,-0.019640724321639453
2026-06-22,-0.01173157431321429,-0.000212507098859824,-0.0012179147569827053,-0.0035289497671426935,-0.00685297899820621,-0.002002055565923825,-0.0037953675309605438,-0.01273934729226256,-0.00782116247156985,-0.007616022442785319,0.0041155518704289705
2026-06-23,-0.012804519685507063,0.0004571423051522303,0.0027976586666103023,0.009321043572682198,0.008688848947739667,0.010840165440039637,0.01201694098449299,0.013850373155608735,0.013422424683791076,0.02229998584920829,0.03510450553471535
2026-06-24,0.016592756575511652,-0.004783594017480316,-0.004101656695837626,-0.01747628675265213,-0.020067422568364936,-0.014609023935743924,-0.022272424534952442,-0.024332493880730603,-0.026983890335501436,-0.032576109690162884,-0.049168866265674536
2026-06-25,0.015125439585015686,0.005727933579055432,-0.01204298476603747,-0.01809775168819706,-0.012967278951759108,-0.017668143316589564,-0.019691247528872934,-0.02170145943841808,-0.022401865910760585,-0.019854438940783967,-0.03497987852579965
2026-06-26,0.006019977293068248,0.006178243173483069,-0.0015724112863746357,-0.0026052262931709385,-0.005309998482028665,-0.01099960857252893,-0.0036825868271205776,-0.002040921241607766,-0.004510503108053497,0.002683277180008047,-0.0033367001130602007
2026-06-29,0.009157573724826937,-0.011796135896542307,0.002001536787763817,0.004952605977387645,-0.00015214284728139182,0.006301649586941448,0.0016966904832223218,0.0020881930691074085,0.007247246333059328,0.011402790192277724,0.0022452164674507877
2026-06-30,0.018808002048539257,0.006228193548394335,-0.003500017093588828,-0.0034519216340670664,-0.00789608931538855,-0.006465833797863713,-0.017265531551970276,-0.01588550830760021,-0.02083141010129638,-0.03272683274643184,-0.05153483479497109
2026-07-01,-0.003891165627974483,-0.00046899854614490706,0.009503227269841425,0.011973680361850661,0.01083665372189107,0.008051330523853002,0.010204133236876842,0.015907181345559136,0.020572903419715904,0.02143458322895672,0.0253257488569312
2026-07-02,-0.016727275156308747,-0.0027750697868283015,0.007761303779130114,0.014209553952415412,0.021362370512609592,0.024292554316632707,0.01862634358546799,0.025310990757382246,0.03131206020729983,0.03660028780277509,0.053327562959083835
2026-07-03,-0.013044836668992893,0.0044045106638399955,-0.002713971738623676,0.0035320015012902687,0.009744219632252542,0.015267167627725198,0.018061265423764163,0.018161501330483137,0.01702488287004994,0.016224710691543683,0.029269547360536576
2026-07-06,-0.004097019693965978,-0.004089587014451695,-2.1105316028912236e-05,1.8007231970039645e-05,0.009543628441700225,0.0041647062938367,0.0108226401646036,0.009130704831665582,0.01863738147089772,0.025098912147941292,0.02919593184190727
2026-07-07,0.00739546283435255,-0.003967814055865138,-0.004095430655226064,0.0006128154311770048,-0.005132297217269718,-0.005546932411263919,-0.0068635940470722495,-0.007207903221124016,-0.0053540302713517614,-0.003795397675773706,-0.011190860510126256
2026-07-08,-0.002909432517589833,-0.005631382057884731,-0.003118168707787567,0.0010282104211738379,0.010149454081725786,0.009650326450244197,0.007561267549465755,0.014271462206344548,0.01803772171338222,0.022844998710002794,0.025754431227592627
2026-07-09,0.02295149666682364,0.002952256249477423,-0.006656409464866352,-0.020488308065760026,-0.017306333606408604,-0.018985016140898446,-0.023858215296605846,-0.02453805416186411,-0.028784746810891083,-0.03605652779271384,-0.05900802445953748
2026-07-10,-0.023091041751039015,0.015202466403748413,0.00378260691437934,0.015404478961934791,0.02466610709321067,0.029317259740593866,0.028980139704184598,0.0321078277246686,0.025215835841734244,0.02297944170768224,0.04607048345872125
2026-07-13,-0.006009787298177213,-0.005117065583175439,0.006374785081082442,-0.001536080611532893,0.010113740912270675,0.011386736231962853,0.013032686344459955,0.02258918853237244,0.033618567315964465,0.04257555304353136,0.048585340341708576
2026-07-14,-0.0083602277113165,-0.0035814923140061773,-0.0030199262755429635,-0.009718766593586371,-0.0043254380267694,-0.0057830297128651864,-0.005114555635906181,-0.0037842406446751825,-0.007987416732338378,-0.003509759208877364,0.004850468502439136
2026-07-15,-0.012894271354670282,0.0031591768829521247,0.00982849661206163,0.009222752541305411,0.008452497776794316,0.017029615497727642,0.017039085374794205,0.02686168971561076,0.03138248673898847,0.034525192628896764,0.04741946398356704
2026-07-16,-0.009477939677410594,0.006704863664537409,0.011444410255063995,0.013661993065126908,0.011018085941008393,0.01895225861842461,0.0156672122859185,0.02189289709492308,0.024426615050064784,0.021922638773308193,0.03140057845071879
2026-07-17,-0.010208904983691106,0.0010872474445691132,0.0027900764403337277,0.009043854929956012,0.010994719901769742,0.021319905508266818,0.017992495835772376,0.019903024613371144,0.02521197187322764,0.030585334964735873,0.04079423994842698
2026-07-20,-0.01151585654296964,0.014600546393757349,0.011802853934412487,0.01699597026509339,0.01764310957154933,0.021622833311154645,0.031493832774671854,0.03073476708905453,0.03429119766838592,0.04395249811355442,0.05546835465652406
2026-07-21,0.014708294121439681,0.0013942908918359248,-0.006255359082921956,-0.010646425049356638,-0.014666515618614588,-0.02133552500575334,-0.02336543258143408,-0.03072748567048713,-0.03578981707116034,-0.041681437275919414,-0.056389731397359096
2026-07-22,-0.009054837440173456,0.001389559798776291,-0.0017465553123402941,0.0012558307371766005,0.010984810218628741,0.0011677603848502585,0.007220303880947909,0.004607041799053455,0.004933795901295822,0.00614860676736202,0.015203444207535477
2026-07-23,-0.016950829857287193,0.0014772352134757084,0.0013568456056299043,0.007459949147376323,0.007455482597565546,0.006655040123229152,0.008849665958030658,0.008551359023289084,0.011767745197753952,0.012288766759870035,0.029239596617157228
2026-07-24,-0.003539288626017169,-0.006290831882646059,-0.006672522944075431,-0.0022812933382395165,-0.003277007721032537,-0.004931219894315799,-0.0002264648127499086,0.001268506082687138,0.006236618668246785,0.002570221299401532,0.006109509925418701
2026-07-27,-0.005515636224657488,-0.004356557539250624,-0.001334847168130545,0.00550731597362872,-0.003591715782682786,-0.0007399746374222492,-0.0031412478722259727,-0.0056722752327288345,-0.006441901422259105,-0.010023736009175433,-0.004508099784517945
2026-07-28,-0.01712043737153521,0.009192665863759218,0.009540484613046091,0.009885216790029822,0.013029394463329555,0.021544870051597692,0.018890874773539228,0.024116360103940977,0.031065666081314672,0.032867327626353166,0.04998776499788837
2026-07-29,-0.009348139905820414,-0.003306329323548703,0.004957260651264564,0.009023482747979724,0.0031359489404028705,0.009010990611333425,0.010484583350404145,0.01219272705608089,0.01358807146987116,0.01920924371373808,0.028557383619558493
2026-07-30,-0.023562770010490827,0.005696612435940159,0.010224625351691377,0.005919087746646028,0.018282639069335475,0.0043927754296426424,0.022985661949294453,0.021216356838246016,0.026103055588046802,0.027695679124356908,0.051258449134847735
2026-07-31,0.00830333095522845,-0.005681472632449619,0.003436788110004661,0.0001271685012811483,1.20622551672792e-05,-0.0052992918953870104,-0.004550745499549191,-0.006336669175976752,-0.011049454863689405,-0.014315054269056871,-0.02261838522428532
