TradeDate,factor_id,rank_ic_raw,rank_ic_63d_mean,rank_ic_63d_count
2023-01-04,mid_trade_amount_share_abs_4w20w,-0.18166819440928436,,1.0
2023-01-05,mid_trade_amount_share_abs_4w20w,-0.012260737020523157,,2.0
2023-01-06,mid_trade_amount_share_abs_4w20w,0.044661883153448226,,3.0
2023-01-09,mid_trade_amount_share_abs_4w20w,0.02072003897274317,,4.0
2023-01-10,mid_trade_amount_share_abs_4w20w,-0.05152357131238339,,5.0
2023-01-11,mid_trade_amount_share_abs_4w20w,-0.15079474028224987,,6.0
2023-01-12,mid_trade_amount_share_abs_4w20w,-0.07493576142351752,,7.0
2023-01-13,mid_trade_amount_share_abs_4w20w,-0.10526308581492305,,8.0
2023-01-16,mid_trade_amount_share_abs_4w20w,0.008319452352438037,,9.0
2023-01-17,mid_trade_amount_share_abs_4w20w,-0.0531069908569039,,10.0
2023-01-18,mid_trade_amount_share_abs_4w20w,-0.005482723428313739,,11.0
2023-01-19,mid_trade_amount_share_abs_4w20w,0.1099877660940383,,12.0
2023-01-20,mid_trade_amount_share_abs_4w20w,0.05968688800880201,,13.0
2023-01-30,mid_trade_amount_share_abs_4w20w,0.002035209278292326,,14.0
2023-01-31,mid_trade_amount_share_abs_4w20w,-0.06038040365608437,,15.0
2023-02-01,mid_trade_amount_share_abs_4w20w,0.15208342226892774,,16.0
2023-02-02,mid_trade_amount_share_abs_4w20w,-0.14753436047819699,,17.0
2023-02-03,mid_trade_amount_share_abs_4w20w,0.09751208437577923,,18.0
2023-02-06,mid_trade_amount_share_abs_4w20w,-0.03836470067872557,,19.0
2023-02-07,mid_trade_amount_share_abs_4w20w,-0.03829716015135132,,20.0
2023-02-08,mid_trade_amount_share_abs_4w20w,-0.17446590375094553,-0.02852721851233018,21.0
2023-02-09,mid_trade_amount_share_abs_4w20w,0.03805161050431648,-0.0255009081024826,22.0
2023-02-10,mid_trade_amount_share_abs_4w20w,-0.14708798007261914,-0.030787302535966798,23.0
2023-02-13,mid_trade_amount_share_abs_4w20w,-0.10456828077655106,-0.033861509962657806,24.0
2023-02-14,mid_trade_amount_share_abs_4w20w,-0.18028301494382684,-0.039718370161904576,25.0
2023-02-15,mid_trade_amount_share_abs_4w20w,-0.014518813694752724,-0.0387491564516295,26.0
2023-02-16,mid_trade_amount_share_abs_4w20w,-0.1418965089764505,-0.04256942876736361,27.0
2023-02-17,mid_trade_amount_share_abs_4w20w,-0.2694975345559459,-0.0506740039740987,28.0
2023-02-20,mid_trade_amount_share_abs_4w20w,-0.05817177954063107,-0.05093254795915153,29.0
2023-02-21,mid_trade_amount_share_abs_4w20w,-0.0921270499376154,-0.05230569802510033,30.0
2023-02-22,mid_trade_amount_share_abs_4w20w,-0.14535203238607852,-0.05530719268190608,31.0
2023-02-23,mid_trade_amount_share_abs_4w20w,-0.08974155829753193,-0.056383266607394386,32.0
2023-02-24,mid_trade_amount_share_abs_4w20w,-0.07464664285719447,-0.05693670225132772,33.0
2023-02-27,mid_trade_amount_share_abs_4w20w,-0.1442371339864902,-0.05950436200824427,34.0
2023-02-28,mid_trade_amount_share_abs_4w20w,-0.06496696632106792,-0.059660436417182085,35.0
2023-03-01,mid_trade_amount_share_abs_4w20w,0.10682945726907801,-0.055035717148119306,36.0
2023-03-02,mid_trade_amount_share_abs_4w20w,0.011149049742201622,-0.05324693966459712,37.0
2023-03-03,mid_trade_amount_share_abs_4w20w,0.04243507630110794,-0.050728991876025926,38.0
2023-03-06,mid_trade_amount_share_abs_4w20w,-0.12431671772018861,-0.05261585664126087,39.0
2023-03-07,mid_trade_amount_share_abs_4w20w,-0.0984412640795612,-0.05376149182721838,40.0
2023-03-08,mid_trade_amount_share_abs_4w20w,0.12835602219614373,-0.049319601241282714,41.0
2023-03-09,mid_trade_amount_share_abs_4w20w,0.029293874572177,-0.04744785181715273,42.0
2023-03-10,mid_trade_amount_share_abs_4w20w,0.007105133611690526,-0.04617917773741218,43.0
2023-03-13,mid_trade_amount_share_abs_4w20w,0.022002455979369916,-0.04462959515293986,44.0
2023-03-14,mid_trade_amount_share_abs_4w20w,0.0697802386354512,-0.04208715440208673,45.0
2023-03-15,mid_trade_amount_share_abs_4w20w,-0.1793957107436778,-0.04507212301820828,46.0
2023-03-16,mid_trade_amount_share_abs_4w20w,-0.046041210673626355,-0.04509274190449377,47.0
2023-03-17,mid_trade_amount_share_abs_4w20w,0.17976305640700815,-0.040408246106337475,48.0
2023-03-20,mid_trade_amount_share_abs_4w20w,0.018470043732705638,-0.03920664835452027,49.0
2023-03-21,mid_trade_amount_share_abs_4w20w,-0.12093759758042165,-0.0408412673390383,50.0
2023-03-22,mid_trade_amount_share_abs_4w20w,-0.0014462114473269873,-0.04006881526273023,51.0
2023-03-23,mid_trade_amount_share_abs_4w20w,0.2049354809355598,-0.03535719418199389,52.0
2023-03-24,mid_trade_amount_share_abs_4w20w,0.043422390244567066,-0.03387078692866255,53.0
2023-03-27,mid_trade_amount_share_abs_4w20w,0.08895994441950823,-0.03159614375554827,54.0
2023-03-28,mid_trade_amount_share_abs_4w20w,-0.3156314109349784,-0.036760421340628825,55.0
2023-03-29,mid_trade_amount_share_abs_4w20w,-0.0589712368293874,-0.037157043045785224,56.0
2023-03-30,mid_trade_amount_share_abs_4w20w,-0.17073026350415013,-0.039500432878388114,57.0
2023-03-31,mid_trade_amount_share_abs_4w20w,-0.04242921089873206,-0.039550929051152664,58.0
2023-04-03,mid_trade_amount_share_abs_4w20w,0.19397907520935567,-0.03559279338572032,59.0
2023-04-04,mid_trade_amount_share_abs_4w20w,0.10409075981170925,-0.033264734165763164,60.0
2023-04-06,mid_trade_amount_share_abs_4w20w,0.1208564619259826,-0.030738157180652575,61.0
2023-04-07,mid_trade_amount_share_abs_4w20w,-0.13830196653924012,-0.032473057331597534,62.0
2023-04-10,mid_trade_amount_share_abs_4w20w,-0.15107757639219466,-0.03435566874525781,63.0
2023-04-11,mid_trade_amount_share_abs_4w20w,0.02558990297754872,-0.031065857675625537,63.0
2023-04-12,mid_trade_amount_share_abs_4w20w,0.08693053731143656,-0.029491393003689668,63.0
2023-04-13,mid_trade_amount_share_abs_4w20w,-0.2101420672105037,-0.03353590015232383,63.0
2023-04-14,mid_trade_amount_share_abs_4w20w,0.08763294283631447,-0.03247379056718777,63.0
2023-04-17,mid_trade_amount_share_abs_4w20w,-0.19316044018669265,-0.03472199483503396,63.0
2023-04-18,mid_trade_amount_share_abs_4w20w,-0.06605810864837447,-0.033376968936083544,63.0
2023-04-19,mid_trade_amount_share_abs_4w20w,-0.012288159536438118,-0.03238256255692355,63.0
2023-04-20,mid_trade_amount_share_abs_4w20w,0.13594751430072632,-0.028553822872548172,63.0
2023-04-21,mid_trade_amount_share_abs_4w20w,-0.2323038691920547,-0.03237324067484171,63.0
2023-04-24,mid_trade_amount_share_abs_4w20w,-0.0372074592701027,-0.032120867157590896,63.0
2023-04-25,mid_trade_amount_share_abs_4w20w,-0.10161159827271249,-0.03364672231385119,63.0
2023-04-26,mid_trade_amount_share_abs_4w20w,-0.23198566120472328,-0.03907487195351408,63.0
2023-04-27,mid_trade_amount_share_abs_4w20w,-0.21289708183547634,-0.043401601633581983,63.0
2023-04-28,mid_trade_amount_share_abs_4w20w,0.15810467165302505,-0.0409243085800148,63.0
2023-05-04,mid_trade_amount_share_abs_4w20w,-0.06904136649644023,-0.04106178418065538,63.0
2023-05-05,mid_trade_amount_share_abs_4w20w,0.03032545437677839,-0.042994450337673615,63.0
2023-05-08,mid_trade_amount_share_abs_4w20w,0.1469717047448524,-0.038319750889688704,63.0
2023-05-09,mid_trade_amount_share_abs_4w20w,0.010106260889962339,-0.0397071449132731,63.0
2023-05-10,mid_trade_amount_share_abs_4w20w,-0.15067885340320822,-0.041489909242233135,63.0
2023-05-11,mid_trade_amount_share_abs_4w20w,-0.037872874975465064,-0.04148317455690161,63.0
2023-05-12,mid_trade_amount_share_abs_4w20w,-0.20479000544737033,-0.04196450950446391,63.0
2023-05-15,mid_trade_amount_share_abs_4w20w,-0.06564009719176338,-0.04361040962662391,63.0
2023-05-16,mid_trade_amount_share_abs_4w20w,-0.11886716152039893,-0.04316246012579501,63.0
2023-05-17,mid_trade_amount_share_abs_4w20w,0.03284611107227954,-0.0409812793027977,63.0
2023-05-18,mid_trade_amount_share_abs_4w20w,0.09867502418886143,-0.03655337391973916,63.0
2023-05-19,mid_trade_amount_share_abs_4w20w,-0.07465719859656397,-0.03750795145786315,63.0
2023-05-22,mid_trade_amount_share_abs_4w20w,-0.2890820300154859,-0.03984422956959387,63.0
2023-05-23,mid_trade_amount_share_abs_4w20w,-0.10910590599126835,-0.03729833070348788,63.0
2023-05-24,mid_trade_amount_share_abs_4w20w,0.10038183549508903,-0.03478160665530184,63.0
2023-05-25,mid_trade_amount_share_abs_4w20w,-0.020648704000793848,-0.03364702973566975,63.0
2023-05-26,mid_trade_amount_share_abs_4w20w,-0.031201036132945517,-0.031835109160223196,63.0
2023-05-29,mid_trade_amount_share_abs_4w20w,0.039397806328411,-0.02978527797568442,63.0
2023-05-30,mid_trade_amount_share_abs_4w20w,0.16192089256361802,-0.026030237730909622,63.0
2023-05-31,mid_trade_amount_share_abs_4w20w,0.1754550268902832,-0.020955758986833852,63.0
2023-06-01,mid_trade_amount_share_abs_4w20w,0.07115480471697587,-0.01879509595448395,63.0
2023-06-02,mid_trade_amount_share_abs_4w20w,-0.1391585134660819,-0.02269966691853411,63.0
2023-06-05,mid_trade_amount_share_abs_4w20w,0.01860242960621435,-0.022581359301645017,63.0
2023-06-06,mid_trade_amount_share_abs_4w20w,-0.12066882613263007,-0.025170310133926576,63.0
2023-06-07,mid_trade_amount_share_abs_4w20w,0.10728938761726838,-0.02149402274761773,63.0
2023-06-08,mid_trade_amount_share_abs_4w20w,-0.11301604012292608,-0.021725368399099713,63.0
2023-06-09,mid_trade_amount_share_abs_4w20w,0.09876426599588907,-0.022195078814976774,63.0
2023-06-12,mid_trade_amount_share_abs_4w20w,-0.18301540068650926,-0.025565067311146397,63.0
2023-06-13,mid_trade_amount_share_abs_4w20w,0.16518267347614227,-0.023055900011710654,63.0
2023-06-14,mid_trade_amount_share_abs_4w20w,-0.0693751289424331,-0.024506337867612287,63.0
2023-06-15,mid_trade_amount_share_abs_4w20w,-0.20933081858734054,-0.028936672109243906,63.0
2023-06-16,mid_trade_amount_share_abs_4w20w,0.1674522404392746,-0.023431149074593864,63.0
2023-06-19,mid_trade_amount_share_abs_4w20w,0.16348076000710157,-0.020105403508233106,63.0
2023-06-20,mid_trade_amount_share_abs_4w20w,-0.001193119450422576,-0.022977723759938354,63.0
2023-06-21,mid_trade_amount_share_abs_4w20w,-0.25798520298995953,-0.02736590227934574,63.0
2023-06-26,mid_trade_amount_share_abs_4w20w,-0.16265986591142909,-0.028028160506822046,63.0
2023-06-27,mid_trade_amount_share_abs_4w20w,-0.09698089727338328,-0.02954458409136262,63.0
2023-06-28,mid_trade_amount_share_abs_4w20w,-0.1336964354913487,-0.03491969387591672,63.0
2023-06-29,mid_trade_amount_share_abs_4w20w,-0.07521042123275685,-0.036802754375556794,63.0
2023-06-30,mid_trade_amount_share_abs_4w20w,-0.08299360381625925,-0.03953217577612453,63.0
2023-07-03,mid_trade_amount_share_abs_4w20w,-0.0506786335476185,-0.03532657613505532,63.0
2023-07-04,mid_trade_amount_share_abs_4w20w,-0.04683418832208475,-0.035133924571447345,63.0
2023-07-05,mid_trade_amount_share_abs_4w20w,-0.12166954466851765,-0.03435518300262778,63.0
2023-07-06,mid_trade_amount_share_abs_4w20w,-0.011338242427117456,-0.0338616755665704,63.0
2023-07-07,mid_trade_amount_share_abs_4w20w,-0.2000128628213906,-0.040115515852772725,63.0
2023-07-10,mid_trade_amount_share_abs_4w20w,-0.06440570030779093,-0.042790062838796536,63.0
2023-07-11,mid_trade_amount_share_abs_4w20w,-0.12754161182312113,-0.04673288940624263,63.0
2023-07-12,mid_trade_amount_share_abs_4w20w,-0.23857385410663087,-0.04832450666921709,63.0
2023-07-13,mid_trade_amount_share_abs_4w20w,0.029302086242956,-0.04546133742104009,63.0
2023-07-14,mid_trade_amount_share_abs_4w20w,0.042073449060625434,-0.04519969383241983,63.0
2023-07-17,mid_trade_amount_share_abs_4w20w,-0.1146527337822607,-0.04839942829422454,63.0
2023-07-18,mid_trade_amount_share_abs_4w20w,-0.20936158135220226,-0.04838703962980706,63.0
2023-07-19,mid_trade_amount_share_abs_4w20w,-0.13189501702703227,-0.05187161042128876,63.0
2023-07-20,mid_trade_amount_share_abs_4w20w,-0.16419005651677396,-0.051411763061448776,63.0
2023-07-21,mid_trade_amount_share_abs_4w20w,-0.1229359978466933,-0.05231458669951733,63.0
2023-07-24,mid_trade_amount_share_abs_4w20w,-0.13574860121052365,-0.05427427624989964,63.0
2023-07-25,mid_trade_amount_share_abs_4w20w,-0.007721031652730473,-0.05655472936027197,63.0
2023-07-26,mid_trade_amount_share_abs_4w20w,-0.09173633549757632,-0.05432349866670882,63.0
2023-07-27,mid_trade_amount_share_abs_4w20w,-0.12541864706103575,-0.055723676250691884,63.0
2023-07-28,mid_trade_amount_share_abs_4w20w,-0.013055412068338709,-0.05431802250141611,63.0
2023-07-31,mid_trade_amount_share_abs_4w20w,0.07007903117776573,-0.049523344844551204,63.0
2023-08-01,mid_trade_amount_share_abs_4w20w,-0.12237565931653804,-0.04808649686806012,63.0
2023-08-02,mid_trade_amount_share_abs_4w20w,-0.012370599985885963,-0.05079245356074125,63.0
2023-08-03,mid_trade_amount_share_abs_4w20w,-0.06174559533332874,-0.05067664766926329,63.0
2023-08-04,mid_trade_amount_share_abs_4w20w,0.1139202053511494,-0.049349746860146294,63.0
2023-08-07,mid_trade_amount_share_abs_4w20w,0.1486539877512682,-0.04932304395528255,63.0
2023-08-08,mid_trade_amount_share_abs_4w20w,-0.18581180537820716,-0.05243285453096778,63.0
2023-08-09,mid_trade_amount_share_abs_4w20w,-0.087196346202192,-0.05142519568650719,63.0
2023-08-10,mid_trade_amount_share_abs_4w20w,-0.09636774794866222,-0.05235368573370081,63.0
2023-08-11,mid_trade_amount_share_abs_4w20w,-0.15800890726083214,-0.051611128619628764,63.0
2023-08-14,mid_trade_amount_share_abs_4w20w,-0.06655840322091748,-0.05162570490580582,63.0
2023-08-15,mid_trade_amount_share_abs_4w20w,-0.21274808814443083,-0.05311587834428252,63.0
2023-08-16,mid_trade_amount_share_abs_4w20w,-0.18329840462690664,-0.05654674367284103,63.0
2023-08-17,mid_trade_amount_share_abs_4w20w,-0.045419808827083685,-0.0588339632445227,63.0
2023-08-18,mid_trade_amount_share_abs_4w20w,-0.19445846632997335,-0.060735570668862524,63.0
2023-08-21,mid_trade_amount_share_abs_4w20w,-0.05493295564634684,-0.05701891869474921,63.0
2023-08-22,mid_trade_amount_share_abs_4w20w,0.14688150595607577,-0.05295562644161676,63.0
2023-08-23,mid_trade_amount_share_abs_4w20w,-0.20880471705167777,-0.05786334949791465,63.0
2023-08-24,mid_trade_amount_share_abs_4w20w,-0.05882363930617819,-0.058469300851968366,63.0
2023-08-25,mid_trade_amount_share_abs_4w20w,-0.21854245425295155,-0.06144297415546053,63.0
2023-08-28,mid_trade_amount_share_abs_4w20w,-0.05535279513201036,-0.0629469519564196,63.0
2023-08-29,mid_trade_amount_share_abs_4w20w,0.028401939803533043,-0.06506630041292888,63.0
2023-08-30,mid_trade_amount_share_abs_4w20w,0.019442302970553816,-0.06754269285609919,63.0
2023-08-31,mid_trade_amount_share_abs_4w20w,-0.030796978388735484,-0.06916097512761842,63.0
2023-09-01,mid_trade_amount_share_abs_4w20w,-0.2084916811871867,-0.07026150159938199,63.0
2023-09-04,mid_trade_amount_share_abs_4w20w,0.04314606211516436,-0.06987192013098595,63.0
2023-09-05,mid_trade_amount_share_abs_4w20w,-0.118434613212222,-0.06983645643383662,63.0
2023-09-06,mid_trade_amount_share_abs_4w20w,0.042030906672733424,-0.07087230533771813,63.0
2023-09-07,mid_trade_amount_share_abs_4w20w,-0.1553767504248159,-0.07154469756473227,63.0
2023-09-08,mid_trade_amount_share_abs_4w20w,0.0911393494733906,-0.07166572798572429,63.0
2023-09-11,mid_trade_amount_share_abs_4w20w,-0.1417038637188698,-0.07100998930369827,63.0
2023-09-12,mid_trade_amount_share_abs_4w20w,-0.1364112190977106,-0.07579719394772767,63.0
2023-09-13,mid_trade_amount_share_abs_4w20w,-0.12876498326949637,-0.07673989004815725,63.0
2023-09-14,mid_trade_amount_share_abs_4w20w,-0.026230905216896142,-0.07383354221688036,63.0
2023-09-15,mid_trade_amount_share_abs_4w20w,-0.0915415125240067,-0.07794455416867847,63.0
2023-09-18,mid_trade_amount_share_abs_4w20w,-0.21189024870072157,-0.08390282414816773,63.0
2023-09-19,mid_trade_amount_share_abs_4w20w,-0.1045306480455134,-0.08554310237983584,63.0
2023-09-20,mid_trade_amount_share_abs_4w20w,-0.10367049404257875,-0.08309366255527424,63.0
2023-09-21,mid_trade_amount_share_abs_4w20w,0.030153803563923193,-0.08003312811915753,63.0
2023-09-22,mid_trade_amount_share_abs_4w20w,0.07930565967322259,-0.07723492880254475,63.0
2023-09-25,mid_trade_amount_share_abs_4w20w,-0.045769524803078686,-0.07583926355352459,63.0
2023-09-26,mid_trade_amount_share_abs_4w20w,0.00851396169214536,-0.07451030509439914,63.0
2023-09-27,mid_trade_amount_share_abs_4w20w,-0.12141617404361267,-0.0751201871615,63.0
2023-09-28,mid_trade_amount_share_abs_4w20w,0.10165938828256298,-0.0727021233229257,63.0
2023-10-09,mid_trade_amount_share_abs_4w20w,0.04640381343492992,-0.07122215504106832,63.0
2023-10-10,mid_trade_amount_share_abs_4w20w,0.15845227698632297,-0.06677577691956291,63.0
2023-10-11,mid_trade_amount_share_abs_4w20w,-0.007218887590157572,-0.06671039033484927,63.0
2023-10-12,mid_trade_amount_share_abs_4w20w,-0.12022121338181133,-0.0654438562167607,63.0
2023-10-13,mid_trade_amount_share_abs_4w20w,-0.021817672341380722,-0.06476785577284944,63.0
2023-10-16,mid_trade_amount_share_abs_4w20w,-0.09989415534523693,-0.06432900725732744,63.0
2023-10-17,mid_trade_amount_share_abs_4w20w,-0.07933356051707584,-0.061801383549556735,63.0
2023-10-18,mid_trade_amount_share_abs_4w20w,-0.029794149072626085,-0.06273941903075646,63.0
2023-10-19,mid_trade_amount_share_abs_4w20w,-0.05071021017084672,-0.06421217552649411,63.0
2023-10-20,mid_trade_amount_share_abs_4w20w,-0.13863858105319513,-0.06459290326095339,63.0
2023-10-23,mid_trade_amount_share_abs_4w20w,-0.09897740650636652,-0.06284077350149568,63.0
2023-10-24,mid_trade_amount_share_abs_4w20w,-0.02773170106259357,-0.061187387533806176,63.0
2023-10-25,mid_trade_amount_share_abs_4w20w,-0.025803180558042066,-0.058990770455096146,63.0
2023-10-26,mid_trade_amount_share_abs_4w20w,-0.052373771227812706,-0.057870735111939305,63.0
2023-10-27,mid_trade_amount_share_abs_4w20w,-0.15579990672457006,-0.058189009802638456,63.0
2023-10-30,mid_trade_amount_share_abs_4w20w,0.11570140008658095,-0.05622992358455415,63.0
2023-10-31,mid_trade_amount_share_abs_4w20w,-0.093544860719669,-0.05625863033411118,63.0
2023-11-01,mid_trade_amount_share_abs_4w20w,-0.2127596126279299,-0.05764499486691902,63.0
2023-11-02,mid_trade_amount_share_abs_4w20w,-0.11917204955288656,-0.059329385938102316,63.0
2023-11-03,mid_trade_amount_share_abs_4w20w,0.13903284977141472,-0.05823488088106027,63.0
2023-11-06,mid_trade_amount_share_abs_4w20w,0.23234110162575763,-0.052604456104198435,63.0
2023-11-07,mid_trade_amount_share_abs_4w20w,0.14378298695225786,-0.05012582774010091,63.0
2023-11-08,mid_trade_amount_share_abs_4w20w,0.08864429894852158,-0.047738686561023924,63.0
2023-11-09,mid_trade_amount_share_abs_4w20w,-0.17925872451204866,-0.05239232036837627,63.0
2023-11-10,mid_trade_amount_share_abs_4w20w,-0.11196868078299495,-0.05652918812288838,63.0
2023-11-13,mid_trade_amount_share_abs_4w20w,0.13379609477654542,-0.051456046850590735,63.0
2023-11-14,mid_trade_amount_share_abs_4w20w,0.12434957590281827,-0.04809817507114612,63.0
2023-11-15,mid_trade_amount_share_abs_4w20w,-0.19082255783323826,-0.04959745776772669,63.0
2023-11-16,mid_trade_amount_share_abs_4w20w,-0.1384779312288531,-0.049287442275155594,63.0
2023-11-17,mid_trade_amount_share_abs_4w20w,-0.05960980890551284,-0.04917714712729203,63.0
2023-11-20,mid_trade_amount_share_abs_4w20w,-0.12510053859938314,-0.04778591618213255,63.0
2023-11-21,mid_trade_amount_share_abs_4w20w,-0.22790242260975102,-0.04849391646757452,63.0
2023-11-22,mid_trade_amount_share_abs_4w20w,-0.11640101184494846,-0.049620602229762854,63.0
2023-11-23,mid_trade_amount_share_abs_4w20w,-0.18792778544988215,-0.04951694062849157,63.0
2023-11-24,mid_trade_amount_share_abs_4w20w,-0.1718456769201418,-0.05137269810902799,63.0
2023-11-27,mid_trade_amount_share_abs_4w20w,-0.07306870713926747,-0.0548639713327636,63.0
2023-11-28,mid_trade_amount_share_abs_4w20w,-0.22826791381958336,-0.05517291096400019,63.0
2023-11-29,mid_trade_amount_share_abs_4w20w,-0.06235506723216478,-0.05522896537552379,63.0
2023-11-30,mid_trade_amount_share_abs_4w20w,-0.08704662664148151,-0.053141730016611564,63.0
2023-12-01,mid_trade_amount_share_abs_4w20w,0.2264731778789731,-0.04866830187358008,63.0
2023-12-04,mid_trade_amount_share_abs_4w20w,0.04952047085942145,-0.048333087094915184,63.0
2023-12-05,mid_trade_amount_share_abs_4w20w,-0.2357742926721996,-0.05238414416860968,63.0
2023-12-06,mid_trade_amount_share_abs_4w20w,-0.06759406686280632,-0.05296822493803938,63.0
2023-12-07,mid_trade_amount_share_abs_4w20w,0.07269871313043043,-0.048504885345696254,63.0
2023-12-08,mid_trade_amount_share_abs_4w20w,0.09946724274108838,-0.047610898351633964,63.0
2023-12-11,mid_trade_amount_share_abs_4w20w,0.033633243109284616,-0.04519712285446719,63.0
2023-12-12,mid_trade_amount_share_abs_4w20w,-0.0601916236703108,-0.046819702701182186,63.0
2023-12-13,mid_trade_amount_share_abs_4w20w,-0.18333369842554326,-0.04726346378055881,63.0
2023-12-14,mid_trade_amount_share_abs_4w20w,-0.17905756277138749,-0.05155230365746005,63.0
2023-12-15,mid_trade_amount_share_abs_4w20w,-0.04141839736937832,-0.04996047085826177,63.0
2023-12-18,mid_trade_amount_share_abs_4w20w,-0.15536022558898857,-0.05026124873907571,63.0
2023-12-19,mid_trade_amount_share_abs_4w20w,-0.004583164133135242,-0.04829010875278426,63.0
2023-12-20,mid_trade_amount_share_abs_4w20w,-0.23159926969289052,-0.05154992406192702,63.0
2023-12-21,mid_trade_amount_share_abs_4w20w,0.022406035433819717,-0.04974123282450121,63.0
2023-12-22,mid_trade_amount_share_abs_4w20w,-0.1375238140714812,-0.04856081322721168,63.0
2023-12-25,mid_trade_amount_share_abs_4w20w,-0.03200988173999784,-0.047409689952520956,63.0
2023-12-26,mid_trade_amount_share_abs_4w20w,-0.11234104500710776,-0.04754731774560872,63.0
2023-12-27,mid_trade_amount_share_abs_4w20w,-0.03957058770871467,-0.04865405411501567,63.0
2023-12-28,mid_trade_amount_share_abs_4w20w,-0.04582907564646799,-0.05064031975501076,63.0
2023-12-29,mid_trade_amount_share_abs_4w20w,-0.08823042472990605,-0.05131430229353182,63.0
2024-01-02,mid_trade_amount_share_abs_4w20w,-0.216947135576702,-0.054893049869227814,63.0
2024-01-03,mid_trade_amount_share_abs_4w20w,-0.07466954980780144,-0.05415103996072288,63.0
2024-01-04,mid_trade_amount_share_abs_4w20w,-0.13031685098104925,-0.05783320248871673,63.0
2024-01-05,mid_trade_amount_share_abs_4w20w,-0.19321948424799745,-0.06163674689638223,63.0
2024-01-08,mid_trade_amount_share_abs_4w20w,0.05983167260980136,-0.06320215331505717,63.0
2024-01-09,mid_trade_amount_share_abs_4w20w,-0.03852011054111852,-0.0636989981238026,63.0
2024-01-10,mid_trade_amount_share_abs_4w20w,-0.2494000030125434,-0.06574945510206819,63.0
2024-01-11,mid_trade_amount_share_abs_4w20w,0.1718435232521671,-0.06267546787042456,63.0
2024-01-12,mid_trade_amount_share_abs_4w20w,-0.17491573506886085,-0.06386628659619638,63.0
2024-01-15,mid_trade_amount_share_abs_4w20w,-0.0696394387423286,-0.06371241164739086,63.0
2024-01-16,mid_trade_amount_share_abs_4w20w,-0.0752369185523735,-0.0644337254486567,63.0
2024-01-17,mid_trade_amount_share_abs_4w20w,-0.10202397121943817,-0.06524822959228513,63.0
2024-01-18,mid_trade_amount_share_abs_4w20w,0.27796686066273113,-0.05863544480314345,63.0
2024-01-19,mid_trade_amount_share_abs_4w20w,-0.1156726053705601,-0.058900447959717946,63.0
2024-01-22,mid_trade_amount_share_abs_4w20w,-0.03539919074180929,-0.05902215414510232,63.0
2024-01-23,mid_trade_amount_share_abs_4w20w,0.17937809499436494,-0.05576530850141332,63.0
2024-01-24,mid_trade_amount_share_abs_4w20w,-0.04002894892734691,-0.05556935894108847,63.0
2024-01-25,mid_trade_amount_share_abs_4w20w,-0.09046307050602793,-0.05453226630269892,63.0
2024-01-26,mid_trade_amount_share_abs_4w20w,-0.041118194306585844,-0.057021466213701556,63.0
2024-01-29,mid_trade_amount_share_abs_4w20w,-0.11477319479673176,-0.05735842389746446,63.0
2024-01-30,mid_trade_amount_share_abs_4w20w,-0.03149503172588998,-0.05448120832759081,63.0
2024-01-31,mid_trade_amount_share_abs_4w20w,-0.0007170719777504385,-0.05260097058830294,63.0
2024-02-01,mid_trade_amount_share_abs_4w20w,0.058308767237032925,-0.05388230523170583,63.0
2024-02-02,mid_trade_amount_share_abs_4w20w,0.11623069311587052,-0.05572532758900561,63.0
2024-02-05,mid_trade_amount_share_abs_4w20w,-0.11044600877934904,-0.0597607084736343,63.0
2024-02-06,mid_trade_amount_share_abs_4w20w,0.11947978534964514,-0.05927125630853709,63.0
2024-02-07,mid_trade_amount_share_abs_4w20w,-0.18613728603419483,-0.05938043982476164,63.0
2024-02-08,mid_trade_amount_share_abs_4w20w,-0.2331244939673734,-0.06130354797054543,63.0
2024-02-19,mid_trade_amount_share_abs_4w20w,0.21387139928007579,-0.0600325113911243,63.0
2024-02-20,mid_trade_amount_share_abs_4w20w,0.08367735085728832,-0.06067810226486288,63.0
2024-02-21,mid_trade_amount_share_abs_4w20w,-0.23286076688931356,-0.06134537542448313,63.0
2024-02-22,mid_trade_amount_share_abs_4w20w,0.2501134229286946,-0.05517725869182363,63.0
2024-02-23,mid_trade_amount_share_abs_4w20w,0.19300923733495687,-0.05116743256102253,63.0
2024-02-26,mid_trade_amount_share_abs_4w20w,-0.09567876767914,-0.050700420324193265,63.0
2024-02-27,mid_trade_amount_share_abs_4w20w,0.24289877452903472,-0.04322738544897445,63.0
2024-02-28,mid_trade_amount_share_abs_4w20w,-0.19381191546082002,-0.044456129950813675,63.0
2024-02-29,mid_trade_amount_share_abs_4w20w,0.2393110308329208,-0.03767456143838824,63.0
2024-03-01,mid_trade_amount_share_abs_4w20w,0.10550299029775632,-0.03327220164127875,63.0
2024-03-04,mid_trade_amount_share_abs_4w20w,0.11870936770563591,-0.030228105215169165,63.0
2024-03-05,mid_trade_amount_share_abs_4w20w,-0.07156290840577402,-0.027740724176854734,63.0
2024-03-06,mid_trade_amount_share_abs_4w20w,-0.17852655412691415,-0.029584716032326947,63.0
2024-03-07,mid_trade_amount_share_abs_4w20w,-0.2023743145687812,-0.03141531425339519,63.0
2024-03-08,mid_trade_amount_share_abs_4w20w,0.18572015675660322,-0.03206218760454392,63.0
2024-03-11,mid_trade_amount_share_abs_4w20w,-0.10681545121686928,-0.03454371017718346,63.0
2024-03-12,mid_trade_amount_share_abs_4w20w,-0.20834211599194596,-0.034108278801306416,63.0
2024-03-13,mid_trade_amount_share_abs_4w20w,0.030622181194366414,-0.03254929073690685,63.0
2024-03-14,mid_trade_amount_share_abs_4w20w,-0.23340117745030772,-0.03740801915882333,63.0
2024-03-15,mid_trade_amount_share_abs_4w20w,-0.07019276568037851,-0.04010103516551328,63.0
2024-03-18,mid_trade_amount_share_abs_4w20w,0.08171019788860341,-0.039337908899174885,63.0
2024-03-19,mid_trade_amount_share_abs_4w20w,-0.1110755268009262,-0.04014558990124814,63.0
2024-03-20,mid_trade_amount_share_abs_4w20w,0.10992814438285593,-0.03549064001540054,63.0
2024-03-21,mid_trade_amount_share_abs_4w20w,0.03311983829471144,-0.03212274476038309,63.0
2024-03-22,mid_trade_amount_share_abs_4w20w,-0.02356497054921335,-0.031839357033078886,63.0
2024-03-25,mid_trade_amount_share_abs_4w20w,-0.22713648616640691,-0.032978662756529976,63.0
2024-03-26,mid_trade_amount_share_abs_4w20w,-0.1718314225906683,-0.03563339701776066,63.0
2024-03-27,mid_trade_amount_share_abs_4w20w,-0.2680717438259907,-0.03621232517860352,63.0
2024-03-28,mid_trade_amount_share_abs_4w20w,0.2174449527923909,-0.03311646934751509,63.0
2024-03-29,mid_trade_amount_share_abs_4w20w,-0.19630339958082377,-0.03404947864131417,63.0
2024-04-01,mid_trade_amount_share_abs_4w20w,-0.1716004918812623,-0.03626520261181044,63.0
2024-04-02,mid_trade_amount_share_abs_4w20w,-0.2381343161238513,-0.038261921200965096,63.0
2024-04-03,mid_trade_amount_share_abs_4w20w,-0.16867447507645672,-0.040311189254421315,63.0
2024-04-08,mid_trade_amount_share_abs_4w20w,0.004735674396368297,-0.039508574174376296,63.0
2024-04-09,mid_trade_amount_share_abs_4w20w,-0.1281047639296259,-0.04014150019341947,63.0
2024-04-10,mid_trade_amount_share_abs_4w20w,-0.11821624296024587,-0.038574343167761434,63.0
2024-04-11,mid_trade_amount_share_abs_4w20w,-0.05940523211818693,-0.03833205241078342,63.0
2024-04-12,mid_trade_amount_share_abs_4w20w,-0.08774874409604999,-0.037656368174513594,63.0
2024-04-15,mid_trade_amount_share_abs_4w20w,-0.043041313771069595,-0.03527258769075284,63.0
2024-04-16,mid_trade_amount_share_abs_4w20w,-0.11679200835816664,-0.03807613818230789,63.0
2024-04-17,mid_trade_amount_share_abs_4w20w,0.09167770168999204,-0.036009506242131534,63.0
2024-04-18,mid_trade_amount_share_abs_4w20w,-0.059990751310917835,-0.033003010183375564,63.0
2024-04-19,mid_trade_amount_share_abs_4w20w,-0.0061622755496104405,-0.035828499053245054,63.0
2024-04-22,mid_trade_amount_share_abs_4w20w,-0.22648738626546908,-0.036647096691286456,63.0
2024-04-23,mid_trade_amount_share_abs_4w20w,-0.1859783380980072,-0.03849374588740833,63.0
2024-04-24,mid_trade_amount_share_abs_4w20w,0.0703600970723099,-0.03618268214733399,63.0
2024-04-25,mid_trade_amount_share_abs_4w20w,-0.23680540797636535,-0.03832207003236459,63.0
2024-04-26,mid_trade_amount_share_abs_4w20w,0.061772552475826456,-0.041753725717871004,63.0
2024-04-29,mid_trade_amount_share_abs_4w20w,-0.07096698008297292,-0.04104411261806804,63.0
2024-04-30,mid_trade_amount_share_abs_4w20w,-0.18810242828737003,-0.04346797353148964,63.0
2024-05-06,mid_trade_amount_share_abs_4w20w,-0.07598152355391519,-0.04752130081003377,63.0
2024-05-07,mid_trade_amount_share_abs_4w20w,-0.06448660664222092,-0.047909517599158756,63.0
2024-05-08,mid_trade_amount_share_abs_4w20w,-0.2104849580995871,-0.04981462692604064,63.0
2024-05-09,mid_trade_amount_share_abs_4w20w,-0.01998749461713192,-0.04947921899446201,63.0
2024-05-10,mid_trade_amount_share_abs_4w20w,-0.03059691237299782,-0.04814308752741861,63.0
2024-05-13,mid_trade_amount_share_abs_4w20w,-0.06496702155712603,-0.04867438895331125,63.0
2024-05-14,mid_trade_amount_share_abs_4w20w,-0.07315536620105313,-0.04982420314733192,63.0
2024-05-15,mid_trade_amount_share_abs_4w20w,-0.1498173756885887,-0.053127792717579884,63.0
2024-05-16,mid_trade_amount_share_abs_4w20w,-0.059304001017204705,-0.05591405770381917,63.0
2024-05-17,mid_trade_amount_share_abs_4w20w,-0.011825286424288806,-0.054348649412469016,63.0
2024-05-20,mid_trade_amount_share_abs_4w20w,0.03426525177547754,-0.05570126105650342,63.0
2024-05-21,mid_trade_amount_share_abs_4w20w,-0.05263485844229747,-0.05358217490425108,63.0
2024-05-22,mid_trade_amount_share_abs_4w20w,-0.05038862367929704,-0.05068160553459907,63.0
2024-05-23,mid_trade_amount_share_abs_4w20w,-0.17891344807997145,-0.05691628565142522,63.0
2024-05-24,mid_trade_amount_share_abs_4w20w,-0.16912691084506587,-0.06092905171019275,63.0
2024-05-27,mid_trade_amount_share_abs_4w20w,0.08049333737485008,-0.055955177039333004,63.0
2024-05-28,mid_trade_amount_share_abs_4w20w,-0.09046949700422145,-0.06136125513350628,63.0
2024-05-29,mid_trade_amount_share_abs_4w20w,-0.05726427885844607,-0.06533385062863965,63.0
2024-05-30,mid_trade_amount_share_abs_4w20w,-0.11950896157563387,-0.06571210767461574,63.0
2024-05-31,mid_trade_amount_share_abs_4w20w,-0.073884175276181,-0.07074040846517474,63.0
2024-06-03,mid_trade_amount_share_abs_4w20w,0.11564280579212351,-0.06582842876274705,63.0
2024-06-04,mid_trade_amount_share_abs_4w20w,0.027117142713060396,-0.06919658571703055,63.0
2024-06-05,mid_trade_amount_share_abs_4w20w,0.017663211810230423,-0.07059086791524526,63.0
2024-06-06,mid_trade_amount_share_abs_4w20w,0.08717715752539396,-0.0710913791879475,63.0
2024-06-07,mid_trade_amount_share_abs_4w20w,-0.13427718614925163,-0.07208684391403446,63.0
2024-06-11,mid_trade_amount_share_abs_4w20w,0.09067776216487264,-0.06781375952845055,63.0
2024-06-12,mid_trade_amount_share_abs_4w20w,0.022607760541069506,-0.06424261547908781,63.0
2024-06-13,mid_trade_amount_share_abs_4w20w,0.09037362599856866,-0.0657560524752471,63.0
2024-06-14,mid_trade_amount_share_abs_4w20w,0.042074518398007014,-0.06339271962421732,63.0
2024-06-17,mid_trade_amount_share_abs_4w20w,0.0834199962202595,-0.05876157498592834,63.0
2024-06-18,mid_trade_amount_share_abs_4w20w,0.017541964593968534,-0.05896919747164895,63.0
2024-06-19,mid_trade_amount_share_abs_4w20w,0.046515468590212224,-0.054526076105926406,63.0
2024-06-20,mid_trade_amount_share_abs_4w20w,-0.10018176427559856,-0.055002091956644183,63.0
2024-06-21,mid_trade_amount_share_abs_4w20w,-0.07247025234773817,-0.05744940069055437,63.0
2024-06-24,mid_trade_amount_share_abs_4w20w,-0.08872446412038479,-0.05709462191784736,63.0
2024-06-25,mid_trade_amount_share_abs_4w20w,-0.3061194322224938,-0.06369855170523386,63.0
2024-06-26,mid_trade_amount_share_abs_4w20w,-0.006374808833517098,-0.06432545086599942,63.0
2024-06-27,mid_trade_amount_share_abs_4w20w,-0.05942672160018373,-0.0648946850096656,63.0
2024-06-28,mid_trade_amount_share_abs_4w20w,0.13028052051246145,-0.05922139918936609,63.0
2024-07-01,mid_trade_amount_share_abs_4w20w,-0.07072411616341316,-0.057616521309568396,63.0
2024-07-02,mid_trade_amount_share_abs_4w20w,-0.060895630018934485,-0.05432801156659925,63.0
2024-07-03,mid_trade_amount_share_abs_4w20w,-0.07397763859039168,-0.05895376698537358,63.0
2024-07-04,mid_trade_amount_share_abs_4w20w,-0.028776994097552723,-0.05629461769198832,63.0
2024-07-05,mid_trade_amount_share_abs_4w20w,-0.07963188670331264,-0.0548347985621796,63.0
2024-07-08,mid_trade_amount_share_abs_4w20w,0.04270667673828105,-0.05037700502468543,63.0
2024-07-09,mid_trade_amount_share_abs_4w20w,0.17590291384871584,-0.044907522660793814,63.0
2024-07-10,mid_trade_amount_share_abs_4w20w,-0.03387219789329087,-0.045520346030470935,63.0
2024-07-11,mid_trade_amount_share_abs_4w20w,-0.10061644162149662,-0.045084023454151426,63.0
2024-07-12,mid_trade_amount_share_abs_4w20w,-0.11038053085419033,-0.04495964707151562,63.0
2024-07-15,mid_trade_amount_share_abs_4w20w,0.06613943257993578,-0.042966874615989865,63.0
2024-07-16,mid_trade_amount_share_abs_4w20w,0.33797248749602354,-0.036209394749449016,63.0
2024-07-17,mid_trade_amount_share_abs_4w20w,-0.2508542787712953,-0.039508013241516086,63.0
2024-07-18,mid_trade_amount_share_abs_4w20w,-0.037805900099766435,-0.03825426549138275,63.0
2024-07-19,mid_trade_amount_share_abs_4w20w,0.05251446438479935,-0.03887590417876677,63.0
2024-07-22,mid_trade_amount_share_abs_4w20w,0.1305638085988552,-0.03585122862464338,63.0
2024-07-23,mid_trade_amount_share_abs_4w20w,-0.07118994226810851,-0.03688341381065128,63.0
2024-07-24,mid_trade_amount_share_abs_4w20w,0.02062950830936859,-0.032960923420574495,63.0
2024-07-25,mid_trade_amount_share_abs_4w20w,-0.17196440479771938,-0.032738480034855647,63.0
2024-07-26,mid_trade_amount_share_abs_4w20w,-0.05379151908640928,-0.03470914060880357,63.0
2024-07-29,mid_trade_amount_share_abs_4w20w,0.20316568524763232,-0.027725472462390908,63.0
2024-07-30,mid_trade_amount_share_abs_4w20w,0.08665700454223084,-0.027330481159749568,63.0
2024-07-31,mid_trade_amount_share_abs_4w20w,-0.1878062184361976,-0.02918507224472139,63.0
2024-08-01,mid_trade_amount_share_abs_4w20w,0.1728416480937587,-0.02345580119105268,63.0
2024-08-02,mid_trade_amount_share_abs_4w20w,-0.27785775417852465,-0.026660185804141718,63.0
2024-08-05,mid_trade_amount_share_abs_4w20w,-0.30403207707702745,-0.030462494858662457,63.0
2024-08-06,mid_trade_amount_share_abs_4w20w,-0.023203162984203968,-0.027489767952069075,63.0
2024-08-07,mid_trade_amount_share_abs_4w20w,-0.05564518455135988,-0.02805576303039015,63.0
2024-08-08,mid_trade_amount_share_abs_4w20w,-0.2888708407943407,-0.03215534919580829,63.0
2024-08-09,mid_trade_amount_share_abs_4w20w,-0.05759999011823515,-0.03203841218884177,63.0
2024-08-12,mid_trade_amount_share_abs_4w20w,-0.28965573773828696,-0.03547492602276612,63.0
2024-08-13,mid_trade_amount_share_abs_4w20w,-0.0010165633340051986,-0.033113008366344156,63.0
2024-08-14,mid_trade_amount_share_abs_4w20w,0.0625011384455485,-0.031179593454236963,63.0
2024-08-15,mid_trade_amount_share_abs_4w20w,0.10423560473938544,-0.029337357086559594,63.0
2024-08-16,mid_trade_amount_share_abs_4w20w,0.10974667596158874,-0.02813923924233561,63.0
2024-08-19,mid_trade_amount_share_abs_4w20w,-0.08287026489376838,-0.02861916632886689,63.0
2024-08-20,mid_trade_amount_share_abs_4w20w,-0.05742039349072002,-0.028730781722699,63.0
2024-08-21,mid_trade_amount_share_abs_4w20w,-0.04548901407262999,-0.026612933563852314,63.0
2024-08-22,mid_trade_amount_share_abs_4w20w,-0.19515818834487247,-0.027026128444801623,63.0
2024-08-23,mid_trade_amount_share_abs_4w20w,0.07120580367214085,-0.027173549614685894,63.0
2024-08-26,mid_trade_amount_share_abs_4w20w,-0.09051050362329474,-0.02717420051340134,63.0
2024-08-27,mid_trade_amount_share_abs_4w20w,-0.22332576244263563,-0.02981009707822975,63.0
2024-08-28,mid_trade_amount_share_abs_4w20w,-0.08559137270955705,-0.02927172265178409,63.0
2024-08-29,mid_trade_amount_share_abs_4w20w,-0.062254769620632096,-0.02908712891121982,63.0
2024-08-30,mid_trade_amount_share_abs_4w20w,0.2221027104133878,-0.027397289155326736,63.0
2024-09-02,mid_trade_amount_share_abs_4w20w,-0.17469802212675536,-0.030600704470244447,63.0
2024-09-03,mid_trade_amount_share_abs_4w20w,0.006312045887962332,-0.030780881707105842,63.0
2024-09-04,mid_trade_amount_share_abs_4w20w,-0.1617952690683863,-0.034732824986372195,63.0
2024-09-05,mid_trade_amount_share_abs_4w20w,-0.01601192505518242,-0.03285559861979967,63.0
2024-09-06,mid_trade_amount_share_abs_4w20w,-0.01766969435935364,-0.03457539951700961,63.0
2024-09-09,mid_trade_amount_share_abs_4w20w,-0.11283864813740531,-0.03672534251190603,63.0
2024-09-10,mid_trade_amount_share_abs_4w20w,0.0849980082268346,-0.03681066977812404,63.0
2024-09-11,mid_trade_amount_share_abs_4w20w,-0.15837163210286095,-0.03999235470670924,63.0
2024-09-12,mid_trade_amount_share_abs_4w20w,-0.037718799391771765,-0.041915192732297046,63.0
2024-09-13,mid_trade_amount_share_abs_4w20w,-0.04064366991535524,-0.04283877423244503,63.0
2024-09-18,mid_trade_amount_share_abs_4w20w,-0.014478899712933264,-0.04380693880868544,63.0
2024-09-19,mid_trade_amount_share_abs_4w20w,-0.018514884999624812,-0.042510639137638244,63.0
2024-09-20,mid_trade_amount_share_abs_4w20w,0.19114776186896004,-0.03832622621356366,63.0
2024-09-23,mid_trade_amount_share_abs_4w20w,0.011205036422492024,-0.036740043665264024,63.0
2024-09-24,mid_trade_amount_share_abs_4w20w,-0.16032519664329725,-0.034425849449721234,63.0
2024-09-25,mid_trade_amount_share_abs_4w20w,0.08066145419242919,-0.0330443214651824,63.0
2024-09-26,mid_trade_amount_share_abs_4w20w,-0.08162263267021896,-0.03339663751391311,63.0
2024-09-27,mid_trade_amount_share_abs_4w20w,0.2623153113760203,-0.03130084718274552,63.0
2024-09-30,mid_trade_amount_share_abs_4w20w,0.3298399274342028,-0.02494268776056114,63.0
2024-10-08,mid_trade_amount_share_abs_4w20w,0.4613089454115703,-0.01665372624579122,63.0
2024-10-09,mid_trade_amount_share_abs_4w20w,-0.34020940146606865,-0.02087962724381784,63.0
2024-10-10,mid_trade_amount_share_abs_4w20w,-0.34582783330608613,-0.02591218024712789,63.0
2024-10-11,mid_trade_amount_share_abs_4w20w,-0.2769577300328201,-0.029044336490453404,63.0
2024-10-14,mid_trade_amount_share_abs_4w20w,0.21255644422023484,-0.0263483084351843,63.0
2024-10-15,mid_trade_amount_share_abs_4w20w,0.061456855142317905,-0.02816491254163506,63.0
2024-10-16,mid_trade_amount_share_abs_4w20w,-0.14828206637310207,-0.029980942200044762,63.0
2024-10-17,mid_trade_amount_share_abs_4w20w,0.16864657518414297,-0.025706926060272705,63.0
2024-10-18,mid_trade_amount_share_abs_4w20w,0.27235951245657425,-0.019631687277562156,63.0
2024-10-21,mid_trade_amount_share_abs_4w20w,0.31662055112558496,-0.015655796506996295,63.0
2024-10-22,mid_trade_amount_share_abs_4w20w,-0.26340464171432354,-0.025201465224620852,63.0
2024-10-23,mid_trade_amount_share_abs_4w20w,-0.19560805475918128,-0.024324541033952374,63.0
2024-10-24,mid_trade_amount_share_abs_4w20w,-0.1650730943552582,-0.026344655228483994,63.0
2024-10-25,mid_trade_amount_share_abs_4w20w,-0.05842580504775113,-0.028105611886143522,63.0
2024-10-28,mid_trade_amount_share_abs_4w20w,-0.06387286505782631,-0.031191908293392433,63.0
2024-10-29,mid_trade_amount_share_abs_4w20w,-0.0698536534779434,-0.031170697360215213,63.0
2024-10-30,mid_trade_amount_share_abs_4w20w,-0.016001815781774283,-0.031752146948963514,63.0
2024-10-31,mid_trade_amount_share_abs_4w20w,0.08447701727213387,-0.027681648185949967,63.0
2024-11-01,mid_trade_amount_share_abs_4w20w,-0.3228401088632614,-0.03195226072209048,63.0
2024-11-04,mid_trade_amount_share_abs_4w20w,0.05995843326286099,-0.03422539170597574,63.0
2024-11-05,mid_trade_amount_share_abs_4w20w,0.2187378110283107,-0.03212887096810145,63.0
2024-11-06,mid_trade_amount_share_abs_4w20w,-0.007133822390393734,-0.0292610551578506,63.0
2024-11-07,mid_trade_amount_share_abs_4w20w,-0.124119528756343,-0.03397472463166174,63.0
2024-11-08,mid_trade_amount_share_abs_4w20w,0.09689911743668418,-0.02802620285999176,63.0
2024-11-11,mid_trade_amount_share_abs_4w20w,0.29295264426473433,-0.018550254902186012,63.0
2024-11-12,mid_trade_amount_share_abs_4w20w,-0.22822370511833556,-0.0218045492217754,63.0
2024-11-13,mid_trade_amount_share_abs_4w20w,-0.050868325197941225,-0.021728726057435425,63.0
2024-11-14,mid_trade_amount_share_abs_4w20w,-0.23257499578560356,-0.020835141216026896,63.0
2024-11-15,mid_trade_amount_share_abs_4w20w,-0.18981141442460828,-0.022933735252635992,63.0
2024-11-18,mid_trade_amount_share_abs_4w20w,-0.3242731618303419,-0.023483218174732104,63.0
2024-11-19,mid_trade_amount_share_abs_4w20w,0.04261898370565339,-0.022790590443943874,63.0
2024-11-20,mid_trade_amount_share_abs_4w20w,0.025954417825090215,-0.023370697120459083,63.0
2024-11-21,mid_trade_amount_share_abs_4w20w,-0.06242721096228805,-0.026016138639533264,63.0
2024-11-22,mid_trade_amount_share_abs_4w20w,-0.1419827371903776,-0.0300118436101994,63.0
2024-11-25,mid_trade_amount_share_abs_4w20w,-0.25373987661695946,-0.032724059669297666,63.0
2024-11-26,mid_trade_amount_share_abs_4w20w,-0.18337852615413164,-0.03472339510839944,63.0
2024-11-27,mid_trade_amount_share_abs_4w20w,0.11136509248187398,-0.03223364738531208,63.0
2024-11-28,mid_trade_amount_share_abs_4w20w,-0.08537761380450798,-0.03049109858308407,63.0
2024-11-29,mid_trade_amount_share_abs_4w20w,0.03446740280835867,-0.031074247803144103,63.0
2024-12-02,mid_trade_amount_share_abs_4w20w,0.008561908543317464,-0.029501669832245496,63.0
2024-12-03,mid_trade_amount_share_abs_4w20w,-0.18443053155624306,-0.02888428521500117,63.0
2024-12-04,mid_trade_amount_share_abs_4w20w,-0.15157814750781423,-0.02993169433878303,63.0
2024-12-05,mid_trade_amount_share_abs_4w20w,0.10497765662916503,-0.027277211382437043,63.0
2024-12-06,mid_trade_amount_share_abs_4w20w,-0.12788029882371554,-0.032832497243343445,63.0
2024-12-09,mid_trade_amount_share_abs_4w20w,-0.10890578811415966,-0.03178817606854034,63.0
2024-12-10,mid_trade_amount_share_abs_4w20w,0.0159880789353887,-0.03163458824239072,63.0
2024-12-11,mid_trade_amount_share_abs_4w20w,-0.06698072612714824,-0.030129595497291703,63.0
2024-12-12,mid_trade_amount_share_abs_4w20w,-0.1138182676252143,-0.031682077125387446,63.0
2024-12-13,mid_trade_amount_share_abs_4w20w,-0.10634202726911905,-0.03308957447316149,63.0
2024-12-16,mid_trade_amount_share_abs_4w20w,-0.1668696574337054,-0.033947209541356736,63.0
2024-12-17,mid_trade_amount_share_abs_4w20w,-0.2330926746167559,-0.0389962679991915,63.0
2024-12-18,mid_trade_amount_share_abs_4w20w,0.15498131049624425,-0.03402241176745969,63.0
2024-12-19,mid_trade_amount_share_abs_4w20w,0.010089823901410847,-0.03326354473105996,63.0
2024-12-20,mid_trade_amount_share_abs_4w20w,0.21554748224668135,-0.029197018506265722,63.0
2024-12-23,mid_trade_amount_share_abs_4w20w,-0.20050188705245517,-0.03214976433705179,63.0
2024-12-24,mid_trade_amount_share_abs_4w20w,-0.07505652090542762,-0.033047250621270875,63.0
2024-12-25,mid_trade_amount_share_abs_4w20w,-0.06653618376451638,-0.037137471980532404,63.0
2024-12-26,mid_trade_amount_share_abs_4w20w,0.23489632363162313,-0.03358681662800651,63.0
2024-12-27,mid_trade_amount_share_abs_4w20w,-0.31557086160219205,-0.03605103353211596,63.0
2024-12-30,mid_trade_amount_share_abs_4w20w,-0.04194384106336261,-0.03799714932982694,63.0
2024-12-31,mid_trade_amount_share_abs_4w20w,-0.28083394138127304,-0.04115923359508177,63.0
2025-01-02,mid_trade_amount_share_abs_4w20w,-0.14243132206995582,-0.04758378333231948,63.0
2025-01-03,mid_trade_amount_share_abs_4w20w,-0.2544708357149635,-0.05685855735056022,63.0
2025-01-06,mid_trade_amount_share_abs_4w20w,-0.23870203235740384,-0.06796984271197251,63.0
2025-01-07,mid_trade_amount_share_abs_4w20w,0.269355934402412,-0.058294202460091864,63.0
2025-01-08,mid_trade_amount_share_abs_4w20w,0.001625472222964031,-0.052779070626297414,63.0
2025-01-09,mid_trade_amount_share_abs_4w20w,0.17988670510694565,-0.04552757165582493,63.0
2025-01-10,mid_trade_amount_share_abs_4w20w,-0.20586702446955107,-0.05216921401598027,63.0
2025-01-13,mid_trade_amount_share_abs_4w20w,-0.11496904402502788,-0.054969625113874654,63.0
2025-01-14,mid_trade_amount_share_abs_4w20w,0.2667670495041614,-0.04838154390947364,63.0
2025-01-15,mid_trade_amount_share_abs_4w20w,-0.06531241950668719,-0.052095178745836024,63.0
2025-01-16,mid_trade_amount_share_abs_4w20w,-0.02475552665829805,-0.05681129047781812,63.0
2025-01-17,mid_trade_amount_share_abs_4w20w,-0.11975100278282913,-0.06373782307953899,63.0
2025-01-20,mid_trade_amount_share_abs_4w20w,-0.10268652135587643,-0.06118674180400808,63.0
2025-01-21,mid_trade_amount_share_abs_4w20w,0.21180713360461395,-0.0547198340522018,63.0
2025-01-22,mid_trade_amount_share_abs_4w20w,-0.07475263319160508,-0.053286175938493024,63.0
2025-01-23,mid_trade_amount_share_abs_4w20w,-0.18588707320314243,-0.05530937067111828,63.0
2025-01-24,mid_trade_amount_share_abs_4w20w,0.2070429394796405,-0.05100911980544421,63.0
2025-01-27,mid_trade_amount_share_abs_4w20w,-0.430581428958388,-0.05673495751148301,63.0
2025-02-05,mid_trade_amount_share_abs_4w20w,0.19392489905658916,-0.05340278743468359,63.0
2025-02-06,mid_trade_amount_share_abs_4w20w,0.39186933551864944,-0.04852354428791351,63.0
2025-02-07,mid_trade_amount_share_abs_4w20w,0.046032737856990844,-0.042668419736798385,63.0
2025-02-10,mid_trade_amount_share_abs_4w20w,0.11384686549095424,-0.041813047796669923,63.0
2025-02-11,mid_trade_amount_share_abs_4w20w,-0.16780303547116124,-0.04794861678872503,63.0
2025-02-12,mid_trade_amount_share_abs_4w20w,0.2435808657604959,-0.04396901856410774,63.0
2025-02-13,mid_trade_amount_share_abs_4w20w,-0.1848361523796096,-0.04493277449463578,63.0
2025-02-14,mid_trade_amount_share_abs_4w20w,-0.019943625410281045,-0.04678742120649237,63.0
2025-02-17,mid_trade_amount_share_abs_4w20w,0.09770999697115128,-0.049886510846073054,63.0
2025-02-18,mid_trade_amount_share_abs_4w20w,-0.28766804090971276,-0.05083007173165047,63.0
2025-02-19,mid_trade_amount_share_abs_4w20w,0.2859783158695672,-0.04548329965121383,63.0
2025-02-20,mid_trade_amount_share_abs_4w20w,0.017881035094370817,-0.041507807097563444,63.0
2025-02-21,mid_trade_amount_share_abs_4w20w,0.25361435053887993,-0.034469302891793785,63.0
2025-02-24,mid_trade_amount_share_abs_4w20w,-0.06826921502653488,-0.030405748180622243,63.0
2025-02-25,mid_trade_amount_share_abs_4w20w,0.010255229863078879,-0.030919458559075807,63.0
2025-02-26,mid_trade_amount_share_abs_4w20w,-0.03682977505144281,-0.03191603304917951,63.0
2025-02-27,mid_trade_amount_share_abs_4w20w,-0.15907378982266182,-0.033450105729502896,63.0
2025-02-28,mid_trade_amount_share_abs_4w20w,-0.28972563535697315,-0.03579523109722664,63.0
2025-03-03,mid_trade_amount_share_abs_4w20w,-0.08711307704630095,-0.033150361262771745,63.0
2025-03-04,mid_trade_amount_share_abs_4w20w,0.0021354626293198283,-0.03020569477414553,63.0
2025-03-05,mid_trade_amount_share_abs_4w20w,0.03361268047344849,-0.03143986004412054,63.0
2025-03-06,mid_trade_amount_share_abs_4w20w,0.06624810113406028,-0.029033102664143263,63.0
2025-03-07,mid_trade_amount_share_abs_4w20w,-0.12439944312857625,-0.0315547986313962,63.0
2025-03-10,mid_trade_amount_share_abs_4w20w,-0.027556955014530937,-0.03212811392596522,63.0
2025-03-11,mid_trade_amount_share_abs_4w20w,-0.08556855712352289,-0.030558876236556964,63.0
2025-03-12,mid_trade_amount_share_abs_4w20w,-0.0605509185991317,-0.029113999587212797,63.0
2025-03-13,mid_trade_amount_share_abs_4w20w,-0.21135064122868083,-0.034135083680194474,63.0
2025-03-14,mid_trade_amount_share_abs_4w20w,-0.0064158604193591115,-0.032207076721395174,63.0
2025-03-17,mid_trade_amount_share_abs_4w20w,-0.044243474040800965,-0.031180690783722813,63.0
2025-03-18,mid_trade_amount_share_abs_4w20w,-0.044603001007778614,-0.032142453957423885,63.0
2025-03-19,mid_trade_amount_share_abs_4w20w,-0.2003510985178463,-0.034259443995371466,63.0
2025-03-20,mid_trade_amount_share_abs_4w20w,-0.11753601743703344,-0.034318455897146376,63.0
2025-03-21,mid_trade_amount_share_abs_4w20w,-0.1950692328439498,-0.03572682423960401,63.0
2025-03-24,mid_trade_amount_share_abs_4w20w,-0.07533951298766009,-0.03427396480395249,63.0
2025-03-25,mid_trade_amount_share_abs_4w20w,-0.1940895577924673,-0.033654867711503465,63.0
2025-03-26,mid_trade_amount_share_abs_4w20w,-0.07638442440977258,-0.03732733969413865,63.0
2025-03-27,mid_trade_amount_share_abs_4w20w,-0.05420661418657459,-0.03834791807648763,63.0
2025-03-28,mid_trade_amount_share_abs_4w20w,-0.17014928632092655,-0.0444700890061322,63.0
2025-03-31,mid_trade_amount_share_abs_4w20w,0.004806323370928006,-0.04121122852322136,63.0
2025-04-01,mid_trade_amount_share_abs_4w20w,-0.1555171740453759,-0.042488381747664984,63.0
2025-04-02,mid_trade_amount_share_abs_4w20w,-0.10199156533449016,-0.04305116558210901,63.0
2025-04-03,mid_trade_amount_share_abs_4w20w,-0.17104341215992275,-0.049494653451816084,63.0
2025-04-07,mid_trade_amount_share_abs_4w20w,-0.15834436940110982,-0.046998994845449706,63.0
2025-04-08,mid_trade_amount_share_abs_4w20w,-0.12613329656914496,-0.04833533540903355,63.0
2025-04-09,mid_trade_amount_share_abs_4w20w,0.15097434605860588,-0.04148123560840055,63.0
2025-04-10,mid_trade_amount_share_abs_4w20w,-0.014693719125496364,-0.03945365460928215,63.0
2025-04-11,mid_trade_amount_share_abs_4w20w,0.10870390334695869,-0.033688976211473855,63.0
2025-04-14,mid_trade_amount_share_abs_4w20w,-0.05727333819070476,-0.0308091556691453,63.0
2025-04-15,mid_trade_amount_share_abs_4w20w,-0.17651541586813332,-0.03788647868931268,63.0
2025-04-16,mid_trade_amount_share_abs_4w20w,0.004132990682081664,-0.03784667680900923,63.0
2025-04-17,mid_trade_amount_share_abs_4w20w,-0.07187089813637636,-0.04184282924144292,63.0
2025-04-18,mid_trade_amount_share_abs_4w20w,-0.05002234416480167,-0.03936910415724054,63.0
2025-04-21,mid_trade_amount_share_abs_4w20w,-0.05031692564885006,-0.03834288005603137,63.0
2025-04-22,mid_trade_amount_share_abs_4w20w,-0.1410645990546428,-0.044816398287123506,63.0
2025-04-23,mid_trade_amount_share_abs_4w20w,-0.04890540490152774,-0.044555969483866996,63.0
2025-04-24,mid_trade_amount_share_abs_4w20w,-0.30758528107352395,-0.04904533066506107,63.0
2025-04-25,mid_trade_amount_share_abs_4w20w,0.03449725926399903,-0.04659694555320665,63.0
2025-04-28,mid_trade_amount_share_abs_4w20w,-0.026526607596765586,-0.04538805803322077,63.0
2025-04-29,mid_trade_amount_share_abs_4w20w,-0.0764460658862969,-0.049963505644187604,63.0
2025-04-30,mid_trade_amount_share_abs_4w20w,0.13511363731051193,-0.04663229500129686,63.0
2025-05-06,mid_trade_amount_share_abs_4w20w,0.17687581519871287,-0.04087415391555312,63.0
2025-05-07,mid_trade_amount_share_abs_4w20w,-0.14892233695342136,-0.0465243963986176,63.0
2025-05-08,mid_trade_amount_share_abs_4w20w,-0.01557530739948869,-0.03993699764371443,63.0
2025-05-09,mid_trade_amount_share_abs_4w20w,-0.319221648865517,-0.04808218094406532,63.0
2025-05-12,mid_trade_amount_share_abs_4w20w,0.10130245290485904,-0.05269435368396676,63.0
2025-05-13,mid_trade_amount_share_abs_4w20w,-0.1591650305701638,-0.055951461119318424,63.0
2025-05-14,mid_trade_amount_share_abs_4w20w,0.051475809127025464,-0.05694147788699983,63.0
2025-05-15,mid_trade_amount_share_abs_4w20w,-0.31275658322985156,-0.059242327851423485,63.0
2025-05-16,mid_trade_amount_share_abs_4w20w,-0.06778490475870122,-0.06418464166918852,63.0
2025-05-19,mid_trade_amount_share_abs_4w20w,-0.17439189907531,-0.06401885987070757,63.0
2025-05-20,mid_trade_amount_share_abs_4w20w,-0.08398683217639044,-0.06503541870826485,63.0
2025-05-21,mid_trade_amount_share_abs_4w20w,-0.06473680961565961,-0.06761393944773805,63.0
2025-05-22,mid_trade_amount_share_abs_4w20w,-0.11523092225511163,-0.06487684232623644,63.0
2025-05-23,mid_trade_amount_share_abs_4w20w,-0.06052423022150359,-0.07037688274038043,63.0
2025-05-26,mid_trade_amount_share_abs_4w20w,0.02860381555690877,-0.0702066798758957,63.0
2025-05-27,mid_trade_amount_share_abs_4w20w,-0.10531147914057387,-0.07590391526763304,63.0
2025-05-28,mid_trade_amount_share_abs_4w20w,-0.2137755210934363,-0.0782135391734569,63.0
2025-05-29,mid_trade_amount_share_abs_4w20w,0.09319402956770854,-0.07689705028925642,63.0
2025-05-30,mid_trade_amount_share_abs_4w20w,-0.11581799126274915,-0.0781508314989597,63.0
2025-06-03,mid_trade_amount_share_abs_4w20w,0.056891642304315995,-0.07472280876678546,63.0
2025-06-04,mid_trade_amount_share_abs_4w20w,-0.07628514663601592,-0.07133486450137343,63.0
2025-06-05,mid_trade_amount_share_abs_4w20w,0.12253442055299367,-0.06800712644424176,63.0
2025-06-06,mid_trade_amount_share_abs_4w20w,-0.09021592891194473,-0.06947302154807136,63.0
2025-06-09,mid_trade_amount_share_abs_4w20w,0.057801854550072564,-0.06908906640399795,63.0
2025-06-10,mid_trade_amount_share_abs_4w20w,-0.20697539375264568,-0.07342594727521552,63.0
2025-06-11,mid_trade_amount_share_abs_4w20w,-0.12054134127435305,-0.0733647075632437,63.0
2025-06-12,mid_trade_amount_share_abs_4w20w,-0.07031218316006854,-0.07404336197825226,63.0
2025-06-13,mid_trade_amount_share_abs_4w20w,-0.03139229953797387,-0.07318342138165623,63.0
2025-06-16,mid_trade_amount_share_abs_4w20w,0.1125709244215336,-0.07043545561942346,63.0
2025-06-17,mid_trade_amount_share_abs_4w20w,-0.05616960417197502,-0.0679722645550313,63.0
2025-06-18,mid_trade_amount_share_abs_4w20w,0.08843680032919064,-0.06646666676537177,63.0
2025-06-19,mid_trade_amount_share_abs_4w20w,-0.06799994941533996,-0.06684375367607875,63.0
2025-06-20,mid_trade_amount_share_abs_4w20w,-0.12727873829878036,-0.0681560669664121,63.0
2025-06-23,mid_trade_amount_share_abs_4w20w,0.23131238848490185,-0.06130426558541611,63.0
2025-06-24,mid_trade_amount_share_abs_4w20w,-0.03377071379480718,-0.05997465759109505,63.0
2025-06-25,mid_trade_amount_share_abs_4w20w,0.17002444667717106,-0.05417951982091854,63.0
2025-06-26,mid_trade_amount_share_abs_4w20w,-0.04607669076943126,-0.05371503057935935,63.0
2025-06-27,mid_trade_amount_share_abs_4w20w,-0.08629128015934943,-0.05200394680740509,63.0
2025-06-30,mid_trade_amount_share_abs_4w20w,0.08075868353016967,-0.04950961176073935,63.0
2025-07-01,mid_trade_amount_share_abs_4w20w,-0.11818510856112086,-0.05052514341747817,63.0
2025-07-02,mid_trade_amount_share_abs_4w20w,-0.20988302566075906,-0.05115583769271361,63.0
2025-07-03,mid_trade_amount_share_abs_4w20w,-0.08188029723753187,-0.0525318157976098,63.0
2025-07-04,mid_trade_amount_share_abs_4w20w,-0.093923762350252,-0.051554142596099896,63.0
2025-07-07,mid_trade_amount_share_abs_4w20w,-0.09133343837707635,-0.05138496597772824,63.0
2025-07-08,mid_trade_amount_share_abs_4w20w,0.02639743314878804,-0.04825098430616141,63.0
2025-07-09,mid_trade_amount_share_abs_4w20w,-0.2096331672676082,-0.04906509220880424,63.0
2025-07-10,mid_trade_amount_share_abs_4w20w,-0.12948816134782146,-0.049118344030687995,63.0
2025-07-11,mid_trade_amount_share_abs_4w20w,0.06590944172619612,-0.05046858060739291,63.0
2025-07-14,mid_trade_amount_share_abs_4w20w,-0.17645646847771182,-0.05303624329552332,63.0
2025-07-15,mid_trade_amount_share_abs_4w20w,0.014871477204428642,-0.05452564688508728,63.0
2025-07-16,mid_trade_amount_share_abs_4w20w,-0.027772247702855794,-0.05405737560750237,63.0
2025-07-17,mid_trade_amount_share_abs_4w20w,0.1824285830930308,-0.04835985181446802,63.0
2025-07-18,mid_trade_amount_share_abs_4w20w,-0.057891021452241245,-0.049344359943584264,63.0
2025-07-21,mid_trade_amount_share_abs_4w20w,-0.13927028374170103,-0.0504141914611291,63.0
2025-07-22,mid_trade_amount_share_abs_4w20w,-0.14493368023534578,-0.05192072060510598,63.0
2025-07-23,mid_trade_amount_share_abs_4w20w,-0.0362114225920096,-0.051696823731187884,63.0
2025-07-24,mid_trade_amount_share_abs_4w20w,0.14805962219156743,-0.04710755037807344,63.0
2025-07-25,mid_trade_amount_share_abs_4w20w,0.04734795653300131,-0.04557971924419203,63.0
2025-07-28,mid_trade_amount_share_abs_4w20w,0.057245076737524464,-0.0397887611836992,63.0
2025-07-29,mid_trade_amount_share_abs_4w20w,0.13368411205386901,-0.0382143666949711,63.0
2025-07-30,mid_trade_amount_share_abs_4w20w,-0.2446989147664655,-0.04167741918972824,63.0
2025-07-31,mid_trade_amount_share_abs_4w20w,0.15903119600450003,-0.0379396848740013,63.0
2025-08-01,mid_trade_amount_share_abs_4w20w,-0.058716330315384674,-0.04101635102679331,63.0
2025-08-04,mid_trade_amount_share_abs_4w20w,-0.03424325241662852,-0.04436744733814794,63.0
2025-08-05,mid_trade_amount_share_abs_4w20w,-0.10993431737618542,-0.04374858988454102,63.0
2025-08-06,mid_trade_amount_share_abs_4w20w,0.08659513029700153,-0.04212683690523165,63.0
2025-08-07,mid_trade_amount_share_abs_4w20w,-0.056949413451454094,-0.03796378554945288,63.0
2025-08-08,mid_trade_amount_share_abs_4w20w,-0.30064777939682974,-0.04434394796694,63.0
2025-08-11,mid_trade_amount_share_abs_4w20w,0.1271870384391228,-0.039798677030284654,63.0
2025-08-12,mid_trade_amount_share_abs_4w20w,-0.04435146518605269,-0.04131974487652399,63.0
2025-08-13,mid_trade_amount_share_abs_4w20w,0.12995942271835983,-0.034292506686869846,63.0
2025-08-14,mid_trade_amount_share_abs_4w20w,-0.08042209126647697,-0.03449309694889803,63.0
2025-08-15,mid_trade_amount_share_abs_4w20w,0.1789789149645809,-0.0288840364085823,63.0
2025-08-18,mid_trade_amount_share_abs_4w20w,0.18274383428560137,-0.024650216306011,63.0
2025-08-19,mid_trade_amount_share_abs_4w20w,-0.0881469630642422,-0.025021806043290087,63.0
2025-08-20,mid_trade_amount_share_abs_4w20w,-0.17949914480891338,-0.0260419365600171,63.0
2025-08-21,mid_trade_amount_share_abs_4w20w,-0.17855969793485124,-0.02791551541260992,63.0
2025-08-22,mid_trade_amount_share_abs_4w20w,0.26480188225740053,-0.02416633975069735,63.0
2025-08-25,mid_trade_amount_share_abs_4w20w,0.10397150192338063,-0.020844387670317124,63.0
2025-08-26,mid_trade_amount_share_abs_4w20w,-0.14177994829155025,-0.01970160080044592,63.0
2025-08-27,mid_trade_amount_share_abs_4w20w,0.020421811436237777,-0.02085671537396133,63.0
2025-08-28,mid_trade_amount_share_abs_4w20w,0.1487165603247294,-0.016657754237652138,63.0
2025-08-29,mid_trade_amount_share_abs_4w20w,-0.10089909545348212,-0.019162369122696553,63.0
2025-09-01,mid_trade_amount_share_abs_4w20w,0.0425230059599226,-0.01727652543069753,63.0
2025-09-02,mid_trade_amount_share_abs_4w20w,-0.25694146327580863,-0.023299952158138834,63.0
2025-09-03,mid_trade_amount_share_abs_4w20w,-0.025386009861964185,-0.022270905824012165,63.0
2025-09-04,mid_trade_amount_share_abs_4w20w,-0.28310268091535384,-0.02768208892663798,63.0
2025-09-05,mid_trade_amount_share_abs_4w20w,0.26518468941196155,-0.020187484431961673,63.0
2025-09-08,mid_trade_amount_share_abs_4w20w,-0.06711150414474942,-0.019339391779110822,63.0
2025-09-09,mid_trade_amount_share_abs_4w20w,-0.13802891310020077,-0.020414260508319272,63.0
2025-09-10,mid_trade_amount_share_abs_4w20w,-0.006518187380896411,-0.0200194333312228,63.0
2025-09-11,mid_trade_amount_share_abs_4w20w,0.13785778970794016,-0.019618054517152858,63.0
2025-09-12,mid_trade_amount_share_abs_4w20w,0.06155602563639463,-0.017749393726543813,63.0
2025-09-15,mid_trade_amount_share_abs_4w20w,0.025268078445158836,-0.018752071851687178,63.0
2025-09-16,mid_trade_amount_share_abs_4w20w,0.030684756799536982,-0.01718564794351453,63.0
2025-09-17,mid_trade_amount_share_abs_4w20w,0.07667417616372156,-0.013948300094903386,63.0
2025-09-18,mid_trade_amount_share_abs_4w20w,0.08907462199145687,-0.016206042420196163,63.0
2025-09-19,mid_trade_amount_share_abs_4w20w,-0.23942890604700307,-0.019470458170231016,63.0
2025-09-22,mid_trade_amount_share_abs_4w20w,0.13420782053081448,-0.020038976045570013,63.0
2025-09-23,mid_trade_amount_share_abs_4w20w,-0.06232548767807854,-0.02029689345681838,63.0
2025-09-24,mid_trade_amount_share_abs_4w20w,0.06235463549515799,-0.017937434478175404,63.0
2025-09-25,mid_trade_amount_share_abs_4w20w,0.03063263932936237,-0.018733085973426315,63.0
2025-09-26,mid_trade_amount_share_abs_4w20w,-0.23786394075184109,-0.02063274997645362,63.0
2025-09-29,mid_trade_amount_share_abs_4w20w,0.0575365264808786,-0.016387995180554612,63.0
2025-09-30,mid_trade_amount_share_abs_4w20w,0.08141860491082156,-0.013795949114707731,63.0
2025-10-09,mid_trade_amount_share_abs_4w20w,0.04573612274877504,-0.011579125541707301,63.0
2025-10-10,mid_trade_amount_share_abs_4w20w,-0.3312408333093481,-0.01538717942952114,63.0
2025-10-13,mid_trade_amount_share_abs_4w20w,0.04571535672577741,-0.01508054572194988,63.0
2025-10-14,mid_trade_amount_share_abs_4w20w,-0.254746030175282,-0.015796622910960574,63.0
2025-10-15,mid_trade_amount_share_abs_4w20w,-0.089796384541321,-0.015166594707682791,63.0
2025-10-16,mid_trade_amount_share_abs_4w20w,-0.18743832548346792,-0.01918798783799492,63.0
2025-10-17,mid_trade_amount_share_abs_4w20w,-0.18752703299679982,-0.019363711084329646,63.0
2025-10-20,mid_trade_amount_share_abs_4w20w,0.05778687244936881,-0.018682514334409966,63.0
2025-10-21,mid_trade_amount_share_abs_4w20w,-0.04548502054935809,-0.01896366945895762,63.0
2025-10-22,mid_trade_amount_share_abs_4w20w,-0.11633129696231925,-0.02370588977729651,63.0
2025-10-23,mid_trade_amount_share_abs_4w20w,-0.16050328285112933,-0.025334655831247114,63.0
2025-10-24,mid_trade_amount_share_abs_4w20w,0.09785796858282139,-0.021570715318159458,63.0
2025-10-27,mid_trade_amount_share_abs_4w20w,0.0008590851306344964,-0.019256544439334375,63.0
2025-10-28,mid_trade_amount_share_abs_4w20w,-0.0782237562874113,-0.019923406878943926,63.0
2025-10-29,mid_trade_amount_share_abs_4w20w,0.07765343038195247,-0.021040965479096542,63.0
2025-10-30,mid_trade_amount_share_abs_4w20w,-0.08184049239166521,-0.023091575779488074,63.0
2025-10-31,mid_trade_amount_share_abs_4w20w,-0.05868702793198049,-0.02493176791709926,63.0
2025-11-03,mid_trade_amount_share_abs_4w20w,-0.03867828449918853,-0.027667678973497003,63.0
2025-11-04,mid_trade_amount_share_abs_4w20w,-0.11222275286123196,-0.025564882752779006,63.0
2025-11-05,mid_trade_amount_share_abs_4w20w,-0.0936613731031483,-0.02957587591321787,63.0
2025-11-06,mid_trade_amount_share_abs_4w20w,0.0042931557472070956,-0.028575725340795784,63.0
2025-11-07,mid_trade_amount_share_abs_4w20w,-0.08760995996512161,-0.029422815936803605,63.0
2025-11-10,mid_trade_amount_share_abs_4w20w,-0.1288093546464671,-0.029722419702998555,63.0
2025-11-11,mid_trade_amount_share_abs_4w20w,-0.10613480184416924,-0.03278162497508063,63.0
2025-11-12,mid_trade_amount_share_abs_4w20w,-0.16445197472070738,-0.03448801483649735,63.0
2025-11-13,mid_trade_amount_share_abs_4w20w,0.03472255264489643,-0.02916467623266043,63.0
2025-11-14,mid_trade_amount_share_abs_4w20w,-0.14417248797556695,-0.03347197030273487,63.0
2025-11-17,mid_trade_amount_share_abs_4w20w,0.07455093476744264,-0.031584630620933356,63.0
2025-11-18,mid_trade_amount_share_abs_4w20w,-0.010389405426129806,-0.033812389797830016,63.0
2025-11-19,mid_trade_amount_share_abs_4w20w,-0.11185560799966886,-0.034311334507880674,63.0
2025-11-20,mid_trade_amount_share_abs_4w20w,-0.13720455535549397,-0.03933011975105647,63.0
2025-11-21,mid_trade_amount_share_abs_4w20w,-0.13947846258153432,-0.04444475938386815,63.0
2025-11-24,mid_trade_amount_share_abs_4w20w,0.1886967357469608,-0.0400504149582935,63.0
2025-11-25,mid_trade_amount_share_abs_4w20w,0.08584192646864966,-0.0358386519221417,63.0
2025-11-26,mid_trade_amount_share_abs_4w20w,-0.09876714444132553,-0.034572103453990505,63.0
2025-11-27,mid_trade_amount_share_abs_4w20w,-0.15536494356618413,-0.04124141814960295,63.0
2025-11-28,mid_trade_amount_share_abs_4w20w,0.017480637938145405,-0.04261428900651145,63.0
2025-12-01,mid_trade_amount_share_abs_4w20w,-0.0456668310667143,-0.041088683971196596,63.0
2025-12-02,mid_trade_amount_share_abs_4w20w,-0.23046338334619695,-0.04507098865028286,63.0
2025-12-03,mid_trade_amount_share_abs_4w20w,-0.1888109341904828,-0.05042856792830211,63.0
2025-12-04,mid_trade_amount_share_abs_4w20w,0.03825461861076592,-0.048219778816171184,63.0
2025-12-05,mid_trade_amount_share_abs_4w20w,0.09026562133179053,-0.04746195952455423,63.0
2025-12-08,mid_trade_amount_share_abs_4w20w,0.25218941775555026,-0.039380516968500916,63.0
2025-12-09,mid_trade_amount_share_abs_4w20w,0.007562852479385066,-0.03885751915355886,63.0
2025-12-10,mid_trade_amount_share_abs_4w20w,0.009379326659525688,-0.034214947604751245,63.0
2025-12-11,mid_trade_amount_share_abs_4w20w,-0.08442140246378542,-0.03976425065039803,63.0
2025-12-12,mid_trade_amount_share_abs_4w20w,0.14710797336050216,-0.03636394148364801,63.0
2025-12-15,mid_trade_amount_share_abs_4w20w,-0.18625479120642258,-0.037129431612318194,63.0
2025-12-16,mid_trade_amount_share_abs_4w20w,-0.1415364306532801,-0.03927257833092746,63.0
2025-12-17,mid_trade_amount_share_abs_4w20w,0.020405561620747577,-0.041136899411676545,63.0
2025-12-18,mid_trade_amount_share_abs_4w20w,-0.1437062640932983,-0.04439503099468754,63.0
2025-12-19,mid_trade_amount_share_abs_4w20w,-0.08306934561488266,-0.046114672646434235,63.0
2025-12-22,mid_trade_amount_share_abs_4w20w,0.08437331216955919,-0.04526247335484658,63.0
2025-12-23,mid_trade_amount_share_abs_4w20w,-0.08496922695832071,-0.04782824165837106,63.0
2025-12-24,mid_trade_amount_share_abs_4w20w,0.09166016742632574,-0.04778720125464299,63.0
2025-12-25,mid_trade_amount_share_abs_4w20w,0.04260407730286343,-0.04331048723321653,63.0
2025-12-26,mid_trade_amount_share_abs_4w20w,-0.03547751011237508,-0.04600390517993382,63.0
2025-12-29,mid_trade_amount_share_abs_4w20w,0.014381932382792027,-0.04478632708372954,63.0
2025-12-30,mid_trade_amount_share_abs_4w20w,-0.0033459377709823767,-0.04582919332604922,63.0
2025-12-31,mid_trade_amount_share_abs_4w20w,0.024142897438111988,-0.04593220510210081,63.0
2026-01-05,mid_trade_amount_share_abs_4w20w,0.12965937673091874,-0.04009850164999351,63.0
2026-01-06,mid_trade_amount_share_abs_4w20w,-0.006038042515339901,-0.041107621792790636,63.0
2026-01-07,mid_trade_amount_share_abs_4w20w,-0.0070517236787281026,-0.04251191272278348,63.0
2026-01-08,mid_trade_amount_share_abs_4w20w,0.0483289745839142,-0.04247075634444794,63.0
2026-01-09,mid_trade_amount_share_abs_4w20w,0.12270586609610841,-0.03526525317928196,63.0
2026-01-12,mid_trade_amount_share_abs_4w20w,0.2130337424514597,-0.03260940578681082,63.0
2026-01-13,mid_trade_amount_share_abs_4w20w,-0.27000605692623203,-0.032851628433651296,63.0
2026-01-14,mid_trade_amount_share_abs_4w20w,0.11319200704215646,-0.029629590472008794,63.0
2026-01-15,mid_trade_amount_share_abs_4w20w,-0.16961711158995077,-0.029346714061000586,63.0
2026-01-16,mid_trade_amount_share_abs_4w20w,-0.056521012109418685,-0.027267253411994537,63.0
2026-01-19,mid_trade_amount_share_abs_4w20w,-0.15863942082317706,-0.03070259140044765,63.0
2026-01-20,mid_trade_amount_share_abs_4w20w,-0.260573665629478,-0.03411669687790987,63.0
2026-01-21,mid_trade_amount_share_abs_4w20w,0.1016138302260969,-0.03065725041460167,63.0
2026-01-22,mid_trade_amount_share_abs_4w20w,-0.06572595447483612,-0.029152848376882735,63.0
2026-01-23,mid_trade_amount_share_abs_4w20w,0.05846364288238345,-0.029778155134032543,63.0
2026-01-26,mid_trade_amount_share_abs_4w20w,-0.2474102203481604,-0.03371893776068008,63.0
2026-01-27,mid_trade_amount_share_abs_4w20w,0.13470105179805655,-0.03033917890218059,63.0
2026-01-28,mid_trade_amount_share_abs_4w20w,0.026822784376280724,-0.031146014553064268,63.0
2026-01-29,mid_trade_amount_share_abs_4w20w,-0.22715861218488417,-0.03345265137517885,63.0
2026-01-30,mid_trade_amount_share_abs_4w20w,-0.08413549798198199,-0.0338565953442265,63.0
2026-02-02,mid_trade_amount_share_abs_4w20w,-0.1477293878413889,-0.03558756523854714,63.0
2026-02-03,mid_trade_amount_share_abs_4w20w,0.14457606972974593,-0.03151139345138876,63.0
2026-02-04,mid_trade_amount_share_abs_4w20w,-0.23951051656605282,-0.03382645922064122,63.0
2026-02-05,mid_trade_amount_share_abs_4w20w,-0.1638191896311335,-0.03649490914728155,63.0
2026-02-06,mid_trade_amount_share_abs_4w20w,-0.10816015648151789,-0.036821102742779895,63.0
2026-02-09,mid_trade_amount_share_abs_4w20w,0.07811009056169785,-0.03353666710455505,63.0
2026-02-10,mid_trade_amount_share_abs_4w20w,-0.09165496075058488,-0.03330682835703784,63.0
2026-02-11,mid_trade_amount_share_abs_4w20w,-0.2306929006324982,-0.03435827162547896,63.0
2026-02-12,mid_trade_amount_share_abs_4w20w,0.12620206573293366,-0.032906215862176784,63.0
2026-02-13,mid_trade_amount_share_abs_4w20w,0.028542886382914228,-0.030164701983470738,63.0
2026-02-24,mid_trade_amount_share_abs_4w20w,-0.10549394037567397,-0.03302255714447259,63.0
2026-02-25,mid_trade_amount_share_abs_4w20w,-0.00863239395211585,-0.032994668073456496,63.0
2026-02-26,mid_trade_amount_share_abs_4w20w,0.10780757152285862,-0.029507950938178283,63.0
2026-02-27,mid_trade_amount_share_abs_4w20w,-0.08451820886460307,-0.028671659724037152,63.0
2026-03-02,mid_trade_amount_share_abs_4w20w,-0.054101169686123246,-0.02731646459871317,63.0
2026-03-03,mid_trade_amount_share_abs_4w20w,-0.2482414600273768,-0.03425199151576615,63.0
2026-03-04,mid_trade_amount_share_abs_4w20w,0.1516319929998339,-0.03320770474542989,63.0
2026-03-05,mid_trade_amount_share_abs_4w20w,-0.062295528839118874,-0.032628790212061526,63.0
2026-03-06,mid_trade_amount_share_abs_4w20w,-0.14324350859126167,-0.03243638648230086,63.0
2026-03-09,mid_trade_amount_share_abs_4w20w,0.0869878187893134,-0.03133309789736168,63.0
2026-03-10,mid_trade_amount_share_abs_4w20w,-0.02811408374515811,-0.03105448286051158,63.0
2026-03-11,mid_trade_amount_share_abs_4w20w,-0.043881595288298644,-0.02809286717705288,63.0
2026-03-12,mid_trade_amount_share_abs_4w20w,-0.006425795865540963,-0.02519786498141888,63.0
2026-03-13,mid_trade_amount_share_abs_4w20w,-0.15309638784067114,-0.028235182544140102,63.0
2026-03-16,mid_trade_amount_share_abs_4w20w,-0.05572232544262358,-0.030552451540559376,63.0
2026-03-17,mid_trade_amount_share_abs_4w20w,-0.2722803471298761,-0.03887736844350265,63.0
2026-03-18,mid_trade_amount_share_abs_4w20w,0.0724706260994525,-0.037847086322549205,63.0
2026-03-19,mid_trade_amount_share_abs_4w20w,0.012416444685448814,-0.0377988780999155,63.0
2026-03-20,mid_trade_amount_share_abs_4w20w,-0.09229405450375193,-0.03792384083070862,63.0
2026-03-23,mid_trade_amount_share_abs_4w20w,0.07323586714450081,-0.039096413945248314,63.0
2026-03-24,mid_trade_amount_share_abs_4w20w,-0.10932155519897577,-0.03787525146893964,63.0
2026-03-25,mid_trade_amount_share_abs_4w20w,-0.04247696134034487,-0.036302878940162896,63.0
2026-03-26,mid_trade_amount_share_abs_4w20w,-0.2272984135037362,-0.04023468806912295,63.0
2026-03-27,mid_trade_amount_share_abs_4w20w,0.038867906456020396,-0.03733668536199091,63.0
2026-03-30,mid_trade_amount_share_abs_4w20w,-0.11436742138557762,-0.03783348021549401,63.0
2026-03-31,mid_trade_amount_share_abs_4w20w,-0.32705295263598594,-0.044364055847328054,63.0
2026-04-01,mid_trade_amount_share_abs_4w20w,-0.045841117150744994,-0.0437429747392713,63.0
2026-04-02,mid_trade_amount_share_abs_4w20w,-0.19839758379875222,-0.04834706602855825,63.0
2026-04-03,mid_trade_amount_share_abs_4w20w,0.024870598356152098,-0.048628549821363186,63.0
2026-04-07,mid_trade_amount_share_abs_4w20w,-0.03202102931962103,-0.04857368504687504,63.0
2026-04-08,mid_trade_amount_share_abs_4w20w,0.11963519651552255,-0.046902998314609465,63.0
2026-04-09,mid_trade_amount_share_abs_4w20w,0.06498134044531492,-0.04581843834292221,63.0
2026-04-10,mid_trade_amount_share_abs_4w20w,-0.024555004073074947,-0.046591420906591845,63.0
2026-04-13,mid_trade_amount_share_abs_4w20w,0.06340510396459072,-0.04764307602986689,63.0
2026-04-14,mid_trade_amount_share_abs_4w20w,0.10523602141435418,-0.04587682104685588,63.0
2026-04-15,mid_trade_amount_share_abs_4w20w,-0.16537534327909445,-0.04838989437384582,63.0
2026-04-16,mid_trade_amount_share_abs_4w20w,-0.012636697309752571,-0.04935760345152307,63.0
2026-04-17,mid_trade_amount_share_abs_4w20w,0.11708587584894138,-0.04944680964592254,63.0
2026-04-20,mid_trade_amount_share_abs_4w20w,-0.08517885452372322,-0.05418034293124291,63.0
2026-04-21,mid_trade_amount_share_abs_4w20w,-0.06762504190767951,-0.05096794586745636,63.0
2026-04-22,mid_trade_amount_share_abs_4w20w,0.09536445700893746,-0.05125092285211063,63.0
2026-04-23,mid_trade_amount_share_abs_4w20w,-0.14776059280821524,-0.05090399398255927,63.0
2026-04-24,mid_trade_amount_share_abs_4w20w,-0.023980273618746356,-0.05038747432397717,63.0
2026-04-27,mid_trade_amount_share_abs_4w20w,-0.04074355179334562,-0.048516111323503655,63.0
2026-04-28,mid_trade_amount_share_abs_4w20w,-0.07588692410998213,-0.04558457574382911,63.0
2026-04-29,mid_trade_amount_share_abs_4w20w,-0.01791459114767011,-0.047481852273571455,63.0
2026-04-30,mid_trade_amount_share_abs_4w20w,0.018911675056011084,-0.04613839783657388,63.0
2026-05-06,mid_trade_amount_share_abs_4w20w,0.20377275101873454,-0.0438319040566318,63.0
2026-05-07,mid_trade_amount_share_abs_4w20w,0.20306955417662612,-0.036681431445127255,63.0
2026-05-08,mid_trade_amount_share_abs_4w20w,-0.0844415961866323,-0.040159886175042944,63.0
2026-05-11,mid_trade_amount_share_abs_4w20w,0.10300318189119127,-0.03895067351607611,63.0
2026-05-12,mid_trade_amount_share_abs_4w20w,0.020604806713674744,-0.035017920835146606,63.0
2026-05-13,mid_trade_amount_share_abs_4w20w,0.07658181369511552,-0.0324668523958276,63.0
2026-05-14,mid_trade_amount_share_abs_4w20w,-0.16511546116856726,-0.03274282181371931,63.0
2026-05-15,mid_trade_amount_share_abs_4w20w,-0.05053416629006109,-0.035839809687049584,63.0
2026-05-18,mid_trade_amount_share_abs_4w20w,0.14640005233502737,-0.029714245101318155,63.0
2026-05-19,mid_trade_amount_share_abs_4w20w,0.028659485292424007,-0.026659028039039467,63.0
2026-05-20,mid_trade_amount_share_abs_4w20w,-0.002396574599724845,-0.02498024102504275,63.0
2026-05-21,mid_trade_amount_share_abs_4w20w,-0.24616375936993914,-0.030127444992211587,63.0
2026-05-22,mid_trade_amount_share_abs_4w20w,0.22787890310264253,-0.025055478899303218,63.0
2026-05-25,mid_trade_amount_share_abs_4w20w,0.07926781627889012,-0.020135467519757373,63.0
2026-05-26,mid_trade_amount_share_abs_4w20w,-0.17482554810168335,-0.024913683612370337,63.0
2026-05-27,mid_trade_amount_share_abs_4w20w,-0.0778185794524243,-0.026601960847851904,63.0
2026-05-28,mid_trade_amount_share_abs_4w20w,0.1185135920178823,-0.023046285730493866,63.0
2026-05-29,mid_trade_amount_share_abs_4w20w,-0.24086364648422165,-0.026732496088146342,63.0
2026-06-01,mid_trade_amount_share_abs_4w20w,-0.2628306588996064,-0.03261564260278864,63.0
2026-06-02,mid_trade_amount_share_abs_4w20w,0.1497837896068023,-0.028896563261972683,63.0
2026-06-03,mid_trade_amount_share_abs_4w20w,0.10416569455098881,-0.026384390813764556,63.0
2026-06-04,mid_trade_amount_share_abs_4w20w,0.13767623925529077,-0.02025871304737301,63.0
2026-06-05,mid_trade_amount_share_abs_4w20w,-0.2061254550143332,-0.025937402698391534,63.0
2026-06-08,mid_trade_amount_share_abs_4w20w,-0.11950184682305025,-0.02684543949178727,63.0
2026-06-09,mid_trade_amount_share_abs_4w20w,0.2814799929814831,-0.02010379660968021,63.0
2026-06-10,mid_trade_amount_share_abs_4w20w,-0.2886245916687747,-0.026065898362983196,63.0
2026-06-11,mid_trade_amount_share_abs_4w20w,-0.035810774284417986,-0.02618806805408256,63.0
2026-06-12,mid_trade_amount_share_abs_4w20w,-0.17716323423279212,-0.028303649624630074,63.0
2026-06-15,mid_trade_amount_share_abs_4w20w,0.2831454379855806,-0.02370728083334243,63.0
2026-06-16,mid_trade_amount_share_abs_4w20w,0.28165281515963914,-0.016806499833337502,63.0
2026-06-17,mid_trade_amount_share_abs_4w20w,0.2451900993759238,-0.012030112137805006,63.0
2026-06-18,mid_trade_amount_share_abs_4w20w,0.12208188526181374,-0.0057703941633337405,63.0
2026-06-22,mid_trade_amount_share_abs_4w20w,-0.002440405469829392,-0.006959458156496945,63.0
2026-06-23,mid_trade_amount_share_abs_4w20w,-0.24789143062381852,-0.011091329193151983,63.0
2026-06-24,mid_trade_amount_share_abs_4w20w,0.2896824962175473,-0.005028209340432947,63.0
2026-06-25,mid_trade_amount_share_abs_4w20w,0.19607141558255864,-0.003078438730305045,63.0
2026-06-26,mid_trade_amount_share_abs_4w20w,-0.050553874300305605,-0.0021456183985801218,63.0
2026-06-29,mid_trade_amount_share_abs_4w20w,-0.10370395740369523,-0.003117475478950762,63.0
2026-06-30,mid_trade_amount_share_abs_4w20w,0.30968162349379996,0.00540601717180378,63.0
2026-07-01,mid_trade_amount_share_abs_4w20w,-0.2146902367251018,0.0013812847403573956,63.0
2026-07-02,mid_trade_amount_share_abs_4w20w,-0.42180840007228615,-0.0034987307943522635,63.0
2026-07-03,mid_trade_amount_share_abs_4w20w,-0.25572329795740967,-0.0023665140534224814,63.0
2026-07-06,mid_trade_amount_share_abs_4w20w,-0.26838951682514517,-0.005899028333968516,63.0
2026-07-07,mid_trade_amount_share_abs_4w20w,0.016285590743462423,-0.002491358896790506,63.0
2026-07-08,mid_trade_amount_share_abs_4w20w,-0.28361321834343456,-0.0073879274158315635,63.0
2026-07-09,mid_trade_amount_share_abs_4w20w,0.41084222289213,-0.0003583519838990074,63.0
2026-07-10,mid_trade_amount_share_abs_4w20w,-0.2581242580866964,-0.006354533802981848,63.0
2026-07-13,mid_trade_amount_share_abs_4w20w,-0.3626074977984493,-0.013141658219549534,63.0
2026-07-14,mid_trade_amount_share_abs_4w20w,-0.01659703983941922,-0.013015341326951823,63.0
2026-07-15,mid_trade_amount_share_abs_4w20w,-0.31519135812957694,-0.0190248089792402,63.0
2026-07-16,mid_trade_amount_share_abs_4w20w,-0.2160283313470821,-0.024124243150056648,63.0
2026-07-17,mid_trade_amount_share_abs_4w20w,-0.2911770459420138,-0.02612109557327759,63.0
2026-07-20,mid_trade_amount_share_abs_4w20w,-0.22776614960164948,-0.02953584878426008,63.0
2026-07-21,mid_trade_amount_share_abs_4w20w,0.3782655686571298,-0.025390139374606296,63.0
2026-07-22,mid_trade_amount_share_abs_4w20w,-0.18898533249919183,-0.027037861247232786,63.0
2026-07-23,mid_trade_amount_share_abs_4w20w,-0.2188312473086704,-0.02943795974566121,63.0
2026-07-24,mid_trade_amount_share_abs_4w20w,-0.2060285015869618,-0.034221974961469136,63.0
2026-07-27,mid_trade_amount_share_abs_4w20w,0.08140085728860622,-0.03058449162659895,63.0
2026-07-28,mid_trade_amount_share_abs_4w20w,-0.343461449157984,-0.03565562139706304,63.0
2026-07-29,mid_trade_amount_share_abs_4w20w,-0.1995870930452425,-0.03817694744868045,63.0
2026-07-30,mid_trade_amount_share_abs_4w20w,-0.28827492786436504,-0.04154818560351192,63.0
2026-07-31,mid_trade_amount_share_abs_4w20w,0.1494622007742291,-0.03889141112856114,63.0
2023-01-04,mid_trade_amount_share_adv20,0.09259646348945284,,1.0
2023-01-05,mid_trade_amount_share_adv20,-0.021742780704228706,,2.0
2023-01-06,mid_trade_amount_share_adv20,0.039890255398223454,,3.0
2023-01-09,mid_trade_amount_share_adv20,-0.014985692969410366,,4.0
2023-01-10,mid_trade_amount_share_adv20,-0.03890205167898054,,5.0
2023-01-11,mid_trade_amount_share_adv20,0.056325325901709224,,6.0
2023-01-12,mid_trade_amount_share_adv20,0.11710401429546302,,7.0
2023-01-13,mid_trade_amount_share_adv20,0.049982379623097734,,8.0
2023-01-16,mid_trade_amount_share_adv20,0.1263476584179234,,9.0
2023-01-17,mid_trade_amount_share_adv20,0.11340593080686111,,10.0
2023-01-18,mid_trade_amount_share_adv20,0.10891626157504285,,11.0
2023-01-19,mid_trade_amount_share_adv20,0.21408429419490507,,12.0
2023-01-20,mid_trade_amount_share_adv20,-0.06134755949839192,,13.0
2023-01-30,mid_trade_amount_share_adv20,0.0813942930467059,,14.0
2023-01-31,mid_trade_amount_share_adv20,-0.006664179284352854,,15.0
2023-02-01,mid_trade_amount_share_adv20,0.03130615741044426,,16.0
2023-02-02,mid_trade_amount_share_adv20,-0.017867976044343804,,17.0
2023-02-03,mid_trade_amount_share_adv20,0.13139981454071567,,18.0
2023-02-06,mid_trade_amount_share_adv20,0.0853786286081201,,19.0
2023-02-07,mid_trade_amount_share_adv20,0.11053494159824735,,20.0
2023-02-08,mid_trade_amount_share_adv20,-0.04118368762790435,0.05504630909996664,21.0
2023-02-09,mid_trade_amount_share_adv20,0.000568498730346887,0.052570044992256655,22.0
2023-02-10,mid_trade_amount_share_adv20,0.17432160448088366,0.05786359105697956,23.0
2023-02-13,mid_trade_amount_share_adv20,-0.0668323030499448,0.05266792880252438,24.0
2023-02-14,mid_trade_amount_share_adv20,0.168559608829352,0.05730359600359749,25.0
2023-02-15,mid_trade_amount_share_adv20,-0.09567016083614664,0.05141998997129964,26.0
2023-02-16,mid_trade_amount_share_adv20,0.02013331395948778,0.05026122419308438,27.0
2023-02-17,mid_trade_amount_share_adv20,0.18335741773517772,0.055014659676730575,28.0
2023-02-20,mid_trade_amount_share_adv20,-0.1296862883801655,0.04864566146787209,29.0
2023-02-21,mid_trade_amount_share_adv20,0.009432898578957225,0.04733856937157492,30.0
2023-02-22,mid_trade_amount_share_adv20,0.08449696694394802,0.04853722735778051,31.0
2023-02-23,mid_trade_amount_share_adv20,0.10192068284466572,0.050205460341745674,32.0
2023-02-24,mid_trade_amount_share_adv20,0.013738506546881659,0.0491004011358407,33.0
2023-02-27,mid_trade_amount_share_adv20,0.027853585844981245,0.048475494803756604,34.0
2023-02-28,mid_trade_amount_share_adv20,-0.034989690586378845,0.0460907752211813,35.0
2023-03-01,mid_trade_amount_share_adv20,-0.07938327162793328,0.04260538503092812,36.0
2023-03-02,mid_trade_amount_share_adv20,0.07191302642612528,0.04339748344701453,37.0
2023-03-03,mid_trade_amount_share_adv20,0.11893880669220303,0.04538541300609844,38.0
2023-03-06,mid_trade_amount_share_adv20,0.06404371575461941,0.045863831025291284,39.0
2023-03-07,mid_trade_amount_share_adv20,0.1499955119424384,0.048467123048219964,40.0
2023-03-08,mid_trade_amount_share_adv20,-0.0780625703408134,0.045381032965560605,41.0
2023-03-09,mid_trade_amount_share_adv20,0.17457185952231488,0.04845700502643572,42.0
2023-03-10,mid_trade_amount_share_adv20,0.11755358257603046,0.05006390217875187,43.0
2023-03-13,mid_trade_amount_share_adv20,-0.24188266499742334,0.04342875292474789,44.0
2023-03-14,mid_trade_amount_share_adv20,0.14274731192698842,0.04563583201368657,45.0
2023-03-15,mid_trade_amount_share_adv20,0.17449496422493802,0.04843711749653985,46.0
2023-03-16,mid_trade_amount_share_adv20,0.06694275603782258,0.048830854486779915,47.0
2023-03-17,mid_trade_amount_share_adv20,-0.11815946007735653,0.04535188960002707,48.0
2023-03-20,mid_trade_amount_share_adv20,0.037543626315290846,0.045192537288093686,49.0
2023-03-21,mid_trade_amount_share_adv20,-0.07170469752596842,0.042854592591812436,50.0
2023-03-22,mid_trade_amount_share_adv20,-0.006188307504438502,0.04189296709972908,51.0
2023-03-23,mid_trade_amount_share_adv20,-0.12468306104657585,0.03868958194306937,52.0
2023-03-24,mid_trade_amount_share_adv20,-0.004162191661855154,0.037881057912787786,53.0
2023-03-27,mid_trade_amount_share_adv20,-0.047023376806909274,0.03630875356612672,54.0
2023-03-28,mid_trade_amount_share_adv20,0.06450677028595862,0.03682144477921458,55.0
2023-03-29,mid_trade_amount_share_adv20,-0.07107861575558735,0.03489465798395026,56.0
2023-03-30,mid_trade_amount_share_adv20,0.08177118475193895,0.035717053190406196,57.0
2023-03-31,mid_trade_amount_share_adv20,-0.26748156581152716,0.030489490793821142,58.0
2023-04-03,mid_trade_amount_share_adv20,-0.2332307296236816,0.026019656549456687,59.0
2023-04-04,mid_trade_amount_share_adv20,-0.08429239821897642,0.02418112230331614,60.0
2023-04-06,mid_trade_amount_share_adv20,-0.021759898343141307,0.02342799081730864,61.0
2023-04-07,mid_trade_amount_share_adv20,0.06531212011951848,0.024103541289924927,62.0
2023-04-10,mid_trade_amount_share_adv20,0.20223904374188006,0.026931088947892468,63.0
2023-04-11,mid_trade_amount_share_adv20,-0.1397884792890506,0.023242439062519396,63.0
2023-04-12,mid_trade_amount_share_adv20,-0.16145381968621955,0.021024803523122713,63.0
2023-04-13,mid_trade_amount_share_adv20,0.2354962944782072,0.024129661286297063,63.0
2023-04-14,mid_trade_amount_share_adv20,-0.0767291021574774,0.02314960717220076,63.0
2023-04-17,mid_trade_amount_share_adv20,0.22339488759523385,0.027313050652743847,63.0
2023-04-18,mid_trade_amount_share_adv20,-0.020992811901913638,0.02608577862411491,63.0
2023-04-19,mid_trade_amount_share_adv20,-0.13291664389047753,0.022117196748147598,63.0
2023-04-20,mid_trade_amount_share_adv20,-0.32767491270784116,0.01612263655241841,63.0
2023-04-21,mid_trade_amount_share_adv20,0.2940171440819911,0.018784056959784565,63.0
2023-04-24,mid_trade_amount_share_adv20,-0.019997591556344698,0.016666540731797172,63.0
2023-04-25,mid_trade_amount_share_adv20,0.11046764054549581,0.016691165794820235,63.0
2023-04-26,mid_trade_amount_share_adv20,0.20505056295247576,0.016547773235416598,63.0
2023-04-27,mid_trade_amount_share_adv20,0.10622601834542866,0.01920767129642962,63.0
2023-04-28,mid_trade_amount_share_adv20,-0.18825398440417956,0.014927539908320325,63.0
2023-05-04,mid_trade_amount_share_adv20,0.16797437407777485,0.01769958043787791,63.0
2023-05-05,mid_trade_amount_share_adv20,0.13039199388646527,0.01927237149305285,63.0
2023-05-08,mid_trade_amount_share_adv20,0.03157841843894301,0.020057234897549462,63.0
2023-05-09,mid_trade_amount_share_adv20,0.23594641272284184,0.021716704709964167,63.0
2023-05-10,mid_trade_amount_share_adv20,0.06680690255252016,0.021421915407494326,63.0
2023-05-11,mid_trade_amount_share_adv20,0.20612213000623594,0.022939172366351287,63.0
2023-05-12,mid_trade_amount_share_adv20,0.13878614724864147,0.025795836412010744,63.0
2023-05-15,mid_trade_amount_share_adv20,0.0569779247407927,0.026691224126462264,63.0
2023-05-16,mid_trade_amount_share_adv20,0.19549128390937853,0.02702725078405742,63.0
2023-05-17,mid_trade_amount_share_adv20,-0.0505866153258038,0.027285118843170773,63.0
2023-05-18,mid_trade_amount_share_adv20,-0.18301959704028936,0.021704496527779636,63.0
2023-05-19,mid_trade_amount_share_adv20,0.08064840182439566,0.02450320387159777,63.0
2023-05-22,mid_trade_amount_share_adv20,0.20835153494607614,0.027490794680908693,63.0
2023-05-23,mid_trade_amount_share_adv20,0.2138788504802799,0.02797526186733889,63.0
2023-05-24,mid_trade_amount_share_adv20,-0.06492823784174255,0.029003167431440838,63.0
2023-05-25,mid_trade_amount_share_adv20,0.0276659634394982,0.029292581159385937,63.0
2023-05-26,mid_trade_amount_share_adv20,-0.2563102499681136,0.023882942795702418,63.0
2023-05-29,mid_trade_amount_share_adv20,-0.11739226658924015,0.020401784868180103,63.0
2023-05-30,mid_trade_amount_share_adv20,-0.20234234006693744,0.01697193016002424,63.0
2023-05-31,mid_trade_amount_share_adv20,-0.11022871682431748,0.014780147577971883,63.0
2023-06-01,mid_trade_amount_share_adv20,-0.03628872301574331,0.014759528015601016,63.0
2023-06-02,mid_trade_amount_share_adv20,0.08371232522835495,0.017348347013319877,63.0
2023-06-05,mid_trade_amount_share_adv20,-0.19585986449709875,0.013097983665332196,63.0
2023-06-06,mid_trade_amount_share_adv20,0.03391217869414557,0.011748354649490013,63.0
2023-06-07,mid_trade_amount_share_adv20,-0.133472653152145,0.008613174190652483,63.0
2023-06-08,mid_trade_amount_share_adv20,0.12866035163131467,0.008274520852380677,63.0
2023-06-09,mid_trade_amount_share_adv20,-0.2659836551079636,0.005291646490997341,63.0
2023-06-12,mid_trade_amount_share_adv20,0.028556156009882053,0.002973936911434915,63.0
2023-06-13,mid_trade_amount_share_adv20,-0.09118829551392477,-0.0003394262328500884,63.0
2023-06-14,mid_trade_amount_share_adv20,-0.06570832534241021,0.002456991856912025,63.0
2023-06-15,mid_trade_amount_share_adv20,0.09046778632715263,0.0016271581172320917,63.0
2023-06-16,mid_trade_amount_share_adv20,-0.15063572884674856,-0.0035336465346994415,63.0
2023-06-19,mid_trade_amount_share_adv20,-0.20616664350234687,-0.007868716368670384,63.0
2023-06-20,mid_trade_amount_share_adv20,-0.04498613340279509,-0.006707234992883695,63.0
2023-06-21,mid_trade_amount_share_adv20,0.30349160297594585,-0.0024858385379526635,63.0
2023-06-26,mid_trade_amount_share_adv20,0.25414365620498547,0.0026863575530148586,63.0
2023-06-27,mid_trade_amount_share_adv20,0.0174546978512111,0.0030616433523108838,63.0
2023-06-28,mid_trade_amount_share_adv20,0.2968843080828478,0.009753188894047768,63.0
2023-06-29,mid_trade_amount_share_adv20,-0.19962982909137042,0.006650527982468161,63.0
2023-06-30,mid_trade_amount_share_adv20,0.06035319185726739,0.008354917961264616,63.0
2023-07-03,mid_trade_amount_share_adv20,0.18199703099963915,0.01021984273449764,63.0
2023-07-04,mid_trade_amount_share_adv20,-0.02696639337162441,0.01092003674059229,63.0
2023-07-05,mid_trade_amount_share_adv20,0.3000208113197886,0.014384316527383555,63.0
2023-07-06,mid_trade_amount_share_adv20,-0.10120944127221476,0.01702355659943613,63.0
2023-07-07,mid_trade_amount_share_adv20,0.2858588965340287,0.025263074474955342,63.0
2023-07-10,mid_trade_amount_share_adv20,0.11440122371520285,0.028416941489783586,63.0
2023-07-11,mid_trade_amount_share_adv20,-0.00293421722295455,0.028715761825024645,63.0
2023-07-12,mid_trade_amount_share_adv20,0.28009053355338415,0.03212494299064156,63.0
2023-07-13,mid_trade_amount_share_adv20,-0.06803189911835282,0.027834928024606118,63.0
2023-07-14,mid_trade_amount_share_adv20,-0.11206963159633875,0.028274909734014243,63.0
2023-07-17,mid_trade_amount_share_adv20,0.039815114824257924,0.031469654726244044,63.0
2023-07-18,mid_trade_amount_share_adv20,0.22943462244356075,0.03137343770982109,63.0
2023-07-19,mid_trade_amount_share_adv20,0.11929026079920564,0.034484856169450975,63.0
2023-07-20,mid_trade_amount_share_adv20,0.4042748126204652,0.037355966090486394,63.0
2023-07-21,mid_trade_amount_share_adv20,0.25275777479339373,0.04170121349834842,63.0
2023-07-24,mid_trade_amount_share_adv20,-0.12052332413659504,0.041897932859521154,63.0
2023-07-25,mid_trade_amount_share_adv20,-0.026164613786090654,0.046683810620183855,63.0
2023-07-26,mid_trade_amount_share_adv20,0.46040426998497985,0.04932487611070749,63.0
2023-07-27,mid_trade_amount_share_adv20,0.1332235766707276,0.051756958146057845,63.0
2023-07-28,mid_trade_amount_share_adv20,0.1722031951320745,0.052736887583940045,63.0
2023-07-31,mid_trade_amount_share_adv20,-0.012948085136781704,0.04927659158252326,63.0
2023-08-01,mid_trade_amount_share_adv20,0.0006546571977970564,0.04760085569129101,63.0
2023-08-02,mid_trade_amount_share_adv20,-0.07040821462728607,0.049471423465527416,63.0
2023-08-03,mid_trade_amount_share_adv20,0.06282045589768902,0.047802313653145106,63.0
2023-08-04,mid_trade_amount_share_adv20,-0.23291900524814232,0.04203547239704022,63.0
2023-08-07,mid_trade_amount_share_adv20,-0.17656272412706672,0.03873164473726229,63.0
2023-08-08,mid_trade_amount_share_adv20,0.09325905166381565,0.03646676599029362,63.0
2023-08-09,mid_trade_amount_share_adv20,0.2516184095718102,0.03940028197472679,63.0
2023-08-10,mid_trade_amount_share_adv20,0.04354375309353971,0.0368196728173824,63.0
2023-08-11,mid_trade_amount_share_adv20,0.061604155257244074,0.03559456183339197,63.0
2023-08-14,mid_trade_amount_share_adv20,-0.25025286944152436,0.03071788256065678,63.0
2023-08-15,mid_trade_amount_share_adv20,0.05774979699409007,0.0285315097524776,63.0
2023-08-16,mid_trade_amount_share_adv20,0.08964072678606988,0.030757340579650197,63.0
2023-08-17,mid_trade_amount_share_adv20,-0.0809033171116734,0.03237823391185045,63.0
2023-08-18,mid_trade_amount_share_adv20,0.26828827192363547,0.03535664454834632,63.0
2023-08-21,mid_trade_amount_share_adv20,-0.06430947878262709,0.03102869194947801,63.0
2023-08-22,mid_trade_amount_share_adv20,-0.3476010814731188,0.022116312077201845,63.0
2023-08-23,mid_trade_amount_share_adv20,0.08930555336317043,0.024564467493152845,63.0
2023-08-24,mid_trade_amount_share_adv20,-0.07423157279600799,0.022947046283065445,63.0
2023-08-25,mid_trade_amount_share_adv20,0.05270672108006589,0.027852077569544484,63.0
2023-08-28,mid_trade_amount_share_adv20,-0.06911236698138433,0.028618425182367593,63.0
2023-08-29,mid_trade_amount_share_adv20,-0.13969575666228942,0.029612815395139786,63.0
2023-08-30,mid_trade_amount_share_adv20,0.03858462009240748,0.03197493185413542,63.0
2023-08-31,mid_trade_amount_share_adv20,0.06295030007855525,0.033550154442933806,63.0
2023-09-01,mid_trade_amount_share_adv20,0.03793364846987868,0.03282350878010085,63.0
2023-09-04,mid_trade_amount_share_adv20,0.05005572288679191,0.03672693080206737,63.0
2023-09-05,mid_trade_amount_share_adv20,0.16623743279510628,0.03882733166081278,63.0
2023-09-06,mid_trade_amount_share_adv20,0.18306407305357572,0.043851724140268666,63.0
2023-09-07,mid_trade_amount_share_adv20,-0.07845635624076829,0.040564157348648294,63.0
2023-09-08,mid_trade_amount_share_adv20,0.12914457591839007,0.046836034031606286,63.0
2023-09-11,mid_trade_amount_share_adv20,-0.05860817560758535,0.04545247321228141,63.0
2023-09-12,mid_trade_amount_share_adv20,0.1830315225067363,0.04980516873641888,63.0
2023-09-13,mid_trade_amount_share_adv20,0.07935754478067975,0.052107801595515556,63.0
2023-09-14,mid_trade_amount_share_adv20,0.03290714163736086,0.05119414056869346,63.0
2023-09-15,mid_trade_amount_share_adv20,0.15640827679473254,0.05606785494395507,63.0
2023-09-18,mid_trade_amount_share_adv20,0.11494344405400748,0.0611648404607226,63.0
2023-09-19,mid_trade_amount_share_adv20,0.1389708836828244,0.06408479311287528,63.0
2023-09-20,mid_trade_amount_share_adv20,0.035591335121124446,0.0598324079088305,63.0
2023-09-21,mid_trade_amount_share_adv20,-0.20501624789173872,0.05254415546285075,63.0
2023-09-22,mid_trade_amount_share_adv20,-0.15678170221331186,0.04977849831896944,63.0
2023-09-25,mid_trade_amount_share_adv20,0.009552988658887838,0.045217683724938326,63.0
2023-09-26,mid_trade_amount_share_adv20,-0.055368444003155395,0.04750754698030682,63.0
2023-09-27,mid_trade_amount_share_adv20,0.15908427814117662,0.049074707080051405,63.0
2023-09-28,mid_trade_amount_share_adv20,-0.18894927847778056,0.04318667042167967,63.0
2023-10-09,mid_trade_amount_share_adv20,-0.16403717918391386,0.04101094366275444,63.0
2023-10-10,mid_trade_amount_share_adv20,-0.0715172062640191,0.03511351481221781,63.0
2023-10-11,mid_trade_amount_share_adv20,-0.017670263269125526,0.03643953351067954,63.0
2023-10-12,mid_trade_amount_share_adv20,0.11344543164120337,0.03370281184571406,63.0
2023-10-13,mid_trade_amount_share_adv20,-0.06921164062552633,0.030788321935543754,63.0
2023-10-16,mid_trade_amount_share_adv20,-0.04433657700653197,0.03013114162151872,63.0
2023-10-17,mid_trade_amount_share_adv20,0.04832842967164296,0.026452378067840288,63.0
2023-10-18,mid_trade_amount_share_adv20,-0.0783748983944408,0.026288203476156353,63.0
2023-10-19,mid_trade_amount_share_adv20,0.08208010160237625,0.029369945272961353,63.0
2023-10-20,mid_trade_amount_share_adv20,0.22496462343026935,0.03230882636194566,63.0
2023-10-23,mid_trade_amount_share_adv20,-0.13605829449138176,0.026507351489962448,63.0
2023-10-24,mid_trade_amount_share_adv20,0.14682021620297978,0.02694433490906997,63.0
2023-10-25,mid_trade_amount_share_adv20,0.00796996632714078,0.02065378179330292,63.0
2023-10-26,mid_trade_amount_share_adv20,-0.09872300651012555,0.015074721772612135,63.0
2023-10-27,mid_trade_amount_share_adv20,0.1162348458130855,0.018832787962289602,63.0
2023-10-30,mid_trade_amount_share_adv20,-0.04542900200381851,0.01852700402232567,63.0
2023-10-31,mid_trade_amount_share_adv20,0.10225798094574412,0.012842142291544149,63.0
2023-11-01,mid_trade_amount_share_adv20,0.15170232380270668,0.0131354557380835,63.0
2023-11-02,mid_trade_amount_share_adv20,0.11520626449671496,0.012230742553395254,63.0
2023-11-03,mid_trade_amount_share_adv20,-0.061824255842949406,0.01145493031996402,63.0
2023-11-06,mid_trade_amount_share_adv20,-0.06852964345904958,0.010356766817474392,63.0
2023-11-07,mid_trade_amount_share_adv20,-0.12393443784748784,0.009507144226677538,63.0
2023-11-08,mid_trade_amount_share_adv20,-0.08412783897181982,0.007174631609701207,63.0
2023-11-09,mid_trade_amount_share_adv20,0.20779254693744909,0.014170053072964562,63.0
2023-11-10,mid_trade_amount_share_adv20,0.07136768907366335,0.018105456457103136,63.0
2023-11-13,mid_trade_amount_share_adv20,-0.07898276962760949,0.015371459293747182,63.0
2023-11-14,mid_trade_amount_share_adv20,-0.13303990670789403,0.009265771733751874,63.0
2023-11-15,mid_trade_amount_share_adv20,0.0985417682449947,0.010138756101235286,63.0
2023-11-16,mid_trade_amount_share_adv20,-0.07063722020445375,0.008039686649462306,63.0
2023-11-17,mid_trade_amount_share_adv20,-0.0022188863711255706,0.011976733999786096,63.0
2023-11-20,mid_trade_amount_share_adv20,-0.023658569439853085,0.010684537707183823,63.0
2023-11-21,mid_trade_amount_share_adv20,0.16724566025568127,0.011916362047971307,63.0
2023-11-22,mid_trade_amount_share_adv20,0.13893703272843774,0.015405891410512754,63.0
2023-11-23,mid_trade_amount_share_adv20,-0.08888164051891426,0.009736527720948471,63.0
2023-11-24,mid_trade_amount_share_adv20,0.31460637722384366,0.015751065117876578,63.0
2023-11-27,mid_trade_amount_share_adv20,-0.11891225088627798,0.01938104655576294,63.0
2023-11-28,mid_trade_amount_share_adv20,0.07947476554721698,0.019225002304716063,63.0
2023-11-29,mid_trade_amount_share_adv20,-0.013493672597838026,0.020189095958655267,63.0
2023-11-30,mid_trade_amount_share_adv20,0.06748588238739231,0.020423685820676322,63.0
2023-12-01,mid_trade_amount_share_adv20,-0.1812648300855442,0.018643487993626164,63.0
2023-12-04,mid_trade_amount_share_adv20,-0.007996337219174095,0.020733954968913705,63.0
2023-12-05,mid_trade_amount_share_adv20,0.3217679939273639,0.02522892915677016,63.0
2023-12-06,mid_trade_amount_share_adv20,0.09141530175516413,0.0256807545802084,63.0
2023-12-07,mid_trade_amount_share_adv20,-0.14668099161223072,0.022750363467793962,63.0
2023-12-08,mid_trade_amount_share_adv20,-0.10825815269157335,0.020237444807819912,63.0
2023-12-11,mid_trade_amount_share_adv20,-0.15950388521540046,0.015066947696542024,63.0
2023-12-12,mid_trade_amount_share_adv20,-0.006620208952922443,0.012056086077391262,63.0
2023-12-13,mid_trade_amount_share_adv20,0.11560582047159816,0.015136438088698665,63.0
2023-12-14,mid_trade_amount_share_adv20,0.2489248167745363,0.01703771175308194,63.0
2023-12-15,mid_trade_amount_share_adv20,0.054997005639746646,0.018840968598277687,63.0
2023-12-18,mid_trade_amount_share_adv20,-0.031246763662569284,0.015439725960669662,63.0
2023-12-19,mid_trade_amount_share_adv20,-0.10945751264920676,0.012442661557020668,63.0
2023-12-20,mid_trade_amount_share_adv20,0.3332958426787127,0.017210736176724663,63.0
2023-12-21,mid_trade_amount_share_adv20,0.02358666336096023,0.01510245659841082,63.0
2023-12-22,mid_trade_amount_share_adv20,0.33689092255286734,0.018625432447599073,63.0
2023-12-25,mid_trade_amount_share_adv20,-0.14331053020060672,0.014144775084370006,63.0
2023-12-26,mid_trade_amount_share_adv20,0.27580095194776005,0.01795762614511025,63.0
2023-12-27,mid_trade_amount_share_adv20,-0.17895532920722157,0.01837129152105497,63.0
2023-12-28,mid_trade_amount_share_adv20,0.2183288452612602,0.024325427195254525,63.0
2023-12-29,mid_trade_amount_share_adv20,-0.2805767674228052,0.01972019297173559,63.0
2024-01-02,mid_trade_amount_share_adv20,0.03067644425530325,0.021085984848853982,63.0
2024-01-03,mid_trade_amount_share_adv20,0.08212709107520942,0.019864442197013235,63.0
2024-01-04,mid_trade_amount_share_adv20,-0.01357870575940767,0.022648102081431847,63.0
2024-01-05,mid_trade_amount_share_adv20,0.2149869781852434,0.02866435854760895,63.0
2024-01-08,mid_trade_amount_share_adv20,-0.004442712819957645,0.029729033046721035,63.0
2024-01-09,mid_trade_amount_share_adv20,0.05542037160574063,0.030889201854258596,63.0
2024-01-10,mid_trade_amount_share_adv20,0.2662083770702145,0.03331401051186195,63.0
2024-01-11,mid_trade_amount_share_adv20,-0.13836741283808995,0.032216299841821255,63.0
2024-01-12,mid_trade_amount_share_adv20,0.17101113812077753,0.03563451754225474,63.0
2024-01-15,mid_trade_amount_share_adv20,-0.11543993967759614,0.03303501961607634,63.0
2024-01-16,mid_trade_amount_share_adv20,0.047780389193616254,0.03503748449842645,63.0
2024-01-17,mid_trade_amount_share_adv20,0.13288532483558188,0.03584391661323924,63.0
2024-01-18,mid_trade_amount_share_adv20,-0.21634700232912515,0.02883897017261393,63.0
2024-01-19,mid_trade_amount_share_adv20,0.13756107942333423,0.03318213483792689,63.0
2024-01-22,mid_trade_amount_share_adv20,0.0014013303851667445,0.030873898555104452,63.0
2024-01-23,mid_trade_amount_share_adv20,-0.1836943814185133,0.027831607321046455,63.0
2024-01-24,mid_trade_amount_share_adv20,0.20872449355269157,0.032711726369662596,63.0
2024-01-25,mid_trade_amount_share_adv20,0.08031419866024103,0.03214155736723649,63.0
2024-01-26,mid_trade_amount_share_adv20,0.20528745814525606,0.036121183718809104,63.0
2024-01-29,mid_trade_amount_share_adv20,0.17447290920311773,0.0372674524213071,63.0
2024-01-30,mid_trade_amount_share_adv20,0.041678049642914064,0.03552103537115166,63.0
2024-01-31,mid_trade_amount_share_adv20,0.06778947685161768,0.03476838794821361,63.0
2024-02-01,mid_trade_amount_share_adv20,-0.12537484063345372,0.03375964850709449,63.0
2024-02-02,mid_trade_amount_share_adv20,0.02291720151346369,0.03521118572888042,63.0
2024-02-05,mid_trade_amount_share_adv20,0.10707142927948703,0.03887794552454668,63.0
2024-02-06,mid_trade_amount_share_adv20,0.04514571483622299,0.04092990669610292,63.0
2024-02-07,mid_trade_amount_share_adv20,-0.008597312321262002,0.037495147025329724,63.0
2024-02-08,mid_trade_amount_share_adv20,-0.00780861450369874,0.03623838030187953,63.0
2024-02-19,mid_trade_amount_share_adv20,-0.3000197368409335,0.032729857012779154,63.0
2024-02-20,mid_trade_amount_share_adv20,-0.17418775464837752,0.03207671656927942,63.0
2024-02-21,mid_trade_amount_share_adv20,0.021099439801070628,0.030847473260645703,63.0
2024-02-22,mid_trade_amount_share_adv20,-0.18965663428844498,0.028958276211693463,63.0
2024-02-23,mid_trade_amount_share_adv20,0.029674666866051722,0.02946452308847405,63.0
2024-02-26,mid_trade_amount_share_adv20,0.10683963614604414,0.03153592317713909,63.0
2024-02-27,mid_trade_amount_share_adv20,-0.12603340629020462,0.026880699898632964,63.0
2024-02-28,mid_trade_amount_share_adv20,0.029126261410594222,0.025137671782476716,63.0
2024-02-29,mid_trade_amount_share_adv20,-0.15336143231219035,0.024114183023853288,63.0
2024-03-01,mid_trade_amount_share_adv20,-0.16556184396132903,0.01649246522726324,63.0
2024-03-04,mid_trade_amount_share_adv20,-0.15999224565706097,0.015840401818203197,63.0
2024-03-05,mid_trade_amount_share_adv20,-0.07006501346543846,0.01346675453228803,63.0
2024-03-06,mid_trade_amount_share_adv20,0.026688979382149976,0.014104574404986253,63.0
2024-03-07,mid_trade_amount_share_adv20,0.1769732223881606,0.015842468690712732,63.0
2024-03-08,mid_trade_amount_share_adv20,-0.2892050268460621,0.014129132234196574,63.0
2024-03-11,mid_trade_amount_share_adv20,0.04088363530597502,0.014905004813960846,63.0
2024-03-12,mid_trade_amount_share_adv20,0.07421900779313742,0.010975655827703283,63.0
2024-03-13,mid_trade_amount_share_adv20,-0.21612218310252157,0.0060941084490098605,63.0
2024-03-14,mid_trade_amount_share_adv20,0.09187534389115806,0.00988071694906365,63.0
2024-03-15,mid_trade_amount_share_adv20,0.06010720869233166,0.012553183002776427,63.0
2024-03-18,mid_trade_amount_share_adv20,-0.1881455870221605,0.01209855281536754,63.0
2024-03-19,mid_trade_amount_share_adv20,0.02431894438192353,0.012589650487349219,63.0
2024-03-20,mid_trade_amount_share_adv20,-0.03573729169720989,0.010187378865622109,63.0
2024-03-21,mid_trade_amount_share_adv20,-0.08112942417825297,0.004948422660022278,63.0
2024-03-22,mid_trade_amount_share_adv20,-0.16946879280941526,0.0013854734782895502,63.0
2024-03-25,mid_trade_amount_share_adv20,0.09380982545398192,0.0033704987023617915,63.0
2024-03-26,mid_trade_amount_share_adv20,0.17248720221641,0.007845811636736661,63.0
2024-03-27,mid_trade_amount_share_adv20,0.3198919719956736,0.007633051784624929,63.0
2024-03-28,mid_trade_amount_share_adv20,-0.3646871845298569,0.001469974833977039,63.0
2024-03-29,mid_trade_amount_share_adv20,0.03242556922144604,-0.0033628085522359975,63.0
2024-04-01,mid_trade_amount_share_adv20,-0.04869482029056283,-0.0018609718869972054,63.0
2024-04-02,mid_trade_amount_share_adv20,0.37285868079356765,-0.00032037301642883083,63.0
2024-04-03,mid_trade_amount_share_adv20,0.2865239470619458,0.007068186924351604,63.0
2024-04-08,mid_trade_amount_share_adv20,-0.015030544416741867,0.00336406962787538,63.0
2024-04-09,mid_trade_amount_share_adv20,0.20868393423850112,0.011130112511388178,63.0
2024-04-10,mid_trade_amount_share_adv20,0.20896125415922887,0.013960030128910807,63.0
2024-04-11,mid_trade_amount_share_adv20,-0.007218749572679405,0.012541842182118922,63.0
2024-04-12,mid_trade_amount_share_adv20,-0.02423313642691836,0.012372724235015576,63.0
2024-04-15,mid_trade_amount_share_adv20,-0.020617322429530793,0.008632973431606464,63.0
2024-04-16,mid_trade_amount_share_adv20,0.1806298354889644,0.011570632928573481,63.0
2024-04-17,mid_trade_amount_share_adv20,-0.17903433779237554,0.007849129604793859,63.0
2024-04-18,mid_trade_amount_share_adv20,-0.07162864411942461,0.0024866372049583163,63.0
2024-04-19,mid_trade_amount_share_adv20,0.10885885354249401,0.006410863655443776,63.0
2024-04-22,mid_trade_amount_share_adv20,0.17124693477716837,0.006414606459513471,63.0
2024-04-23,mid_trade_amount_share_adv20,0.009760113800518127,0.008401908895674015,63.0
2024-04-24,mid_trade_amount_share_adv20,-0.3674415386553544,0.001811084644103053,63.0
2024-04-25,mid_trade_amount_share_adv20,0.06116382586611515,0.0006726481525242163,63.0
2024-04-26,mid_trade_amount_share_adv20,-0.07655634172819603,0.002891547527142139,63.0
2024-04-29,mid_trade_amount_share_adv20,0.16739401109244828,0.0033650861250645843,63.0
2024-04-30,mid_trade_amount_share_adv20,0.07126919643884773,0.00447409987194841,63.0
2024-05-06,mid_trade_amount_share_adv20,-0.01143390941765323,0.007208393078311268,63.0
2024-05-07,mid_trade_amount_share_adv20,0.09490787374368782,0.005401780065469938,63.0
2024-05-08,mid_trade_amount_share_adv20,0.07332487345386586,0.005290838395527475,63.0
2024-05-09,mid_trade_amount_share_adv20,-0.08436839207255767,0.0006931264873082097,63.0
2024-05-10,mid_trade_amount_share_adv20,0.0049706821940760084,-0.001997385052517849,63.0
2024-05-13,mid_trade_amount_share_adv20,-0.08379810427574534,-0.003989070035353713,63.0
2024-05-14,mid_trade_amount_share_adv20,-0.004509092436357723,-0.005136666373258085,63.0
2024-05-15,mid_trade_amount_share_adv20,-0.030802444234853812,-0.0036355172240739586,63.0
2024-05-16,mid_trade_amount_share_adv20,0.09092638482000677,-0.0025560063779383546,63.0
2024-05-17,mid_trade_amount_share_adv20,0.16468488321271027,-0.0016415071091570328,63.0
2024-05-20,mid_trade_amount_share_adv20,-0.19084815516095846,-0.005387441553556738,63.0
2024-05-21,mid_trade_amount_share_adv20,-0.010493185747154422,-0.005417534782539158,63.0
2024-05-22,mid_trade_amount_share_adv20,0.2615576033417428,-0.0011418805310242138,63.0
2024-05-23,mid_trade_amount_share_adv20,-0.06283926360699058,0.002622888885387579,63.0
2024-05-24,mid_trade_amount_share_adv20,-0.03554981881204516,0.004823491041519839,63.0
2024-05-27,mid_trade_amount_share_adv20,-0.16745373093112445,0.0018305835695802337,63.0
2024-05-28,mid_trade_amount_share_adv20,0.07365678645669119,0.006010161676645888,63.0
2024-05-29,mid_trade_amount_share_adv20,-0.04428970950900016,0.004836123956406969,63.0
2024-05-30,mid_trade_amount_share_adv20,0.051292605612469455,0.003954425059048641,63.0
2024-05-31,mid_trade_amount_share_adv20,0.0745180861614653,0.00713778208209102,63.0
2024-06-03,mid_trade_amount_share_adv20,-0.1927638922633974,0.00361571615075782,63.0
2024-06-04,mid_trade_amount_share_adv20,-0.29099262560123546,0.0014310940350586918,63.0
2024-06-05,mid_trade_amount_share_adv20,0.15529087566793623,0.006523994346634331,63.0
2024-06-06,mid_trade_amount_share_adv20,-0.23316711987415972,0.0053624884066803815,63.0
2024-06-07,mid_trade_amount_share_adv20,0.18203512561452392,0.009364077915886133,63.0
2024-06-11,mid_trade_amount_share_adv20,0.07936353140022577,0.01020018191617305,63.0
2024-06-12,mid_trade_amount_share_adv20,-0.05712525438953218,0.006484333078431896,63.0
2024-06-13,mid_trade_amount_share_adv20,0.14154094014480234,0.01332157064971546,63.0
2024-06-14,mid_trade_amount_share_adv20,-0.11394836825452798,0.010863919799548745,63.0
2024-06-17,mid_trade_amount_share_adv20,0.020289321544652295,0.010007893033699772,63.0
2024-06-18,mid_trade_amount_share_adv20,-0.041406791645993056,0.012781153215549432,63.0
2024-06-19,mid_trade_amount_share_adv20,-0.06325513350639095,0.010318764685429607,63.0
2024-06-20,mid_trade_amount_share_adv20,0.0879294148251905,0.010760387004998796,63.0
2024-06-21,mid_trade_amount_share_adv20,-0.048547871569227116,0.01297622375821996,63.0
2024-06-24,mid_trade_amount_share_adv20,-0.08952709122128104,0.011169143828010363,63.0
2024-06-25,mid_trade_amount_share_adv20,0.14209757630029193,0.013991919510510391,63.0
2024-06-26,mid_trade_amount_share_adv20,0.08656576120596118,0.016653747849942363,63.0
2024-06-27,mid_trade_amount_share_adv20,0.13313263909272963,0.02145694518172244,63.0
2024-06-28,mid_trade_amount_share_adv20,-0.2782999682293798,0.015550440520081777,63.0
2024-07-01,mid_trade_amount_share_adv20,-0.027549968010479826,0.012375247341877178,63.0
2024-07-02,mid_trade_amount_share_adv20,0.249312165904783,0.011254932959482088,63.0
2024-07-03,mid_trade_amount_share_adv20,0.1509262319135133,0.01943927290302765,63.0
2024-07-04,mid_trade_amount_share_adv20,-0.2603811671139924,0.01479154692944926,63.0
2024-07-05,mid_trade_amount_share_adv20,0.12098010390990391,0.01748479969453603,63.0
2024-07-08,mid_trade_amount_share_adv20,-0.1646492838359715,0.008952927240098902,63.0
2024-07-09,mid_trade_amount_share_adv20,-0.37262191764518565,-0.0015097055330301663,63.0
2024-07-10,mid_trade_amount_share_adv20,-0.04241721986409508,-0.0019444146671151379,63.0
2024-07-11,mid_trade_amount_share_adv20,0.19147221887070687,-0.002217616498349968,63.0
2024-07-12,mid_trade_amount_share_adv20,0.16365882994106948,-0.0029367025970509102,63.0
2024-07-15,mid_trade_amount_share_adv20,-0.1101405959615374,-0.004570382698461354,63.0
2024-07-16,mid_trade_amount_share_adv20,-0.12583180776631755,-0.0061830600213089604,63.0
2024-07-17,mid_trade_amount_share_adv20,0.3367965395892979,-0.0005098241162481875,63.0
2024-07-18,mid_trade_amount_share_adv20,0.09429157957380033,-0.001880272622838094,63.0
2024-07-19,mid_trade_amount_share_adv20,0.15369418383148678,0.003401132482302578,63.0
2024-07-22,mid_trade_amount_share_adv20,0.07174672153395502,0.005676931937118127,63.0
2024-07-23,mid_trade_amount_share_adv20,0.19017528545385684,0.006967668951584204,63.0
2024-07-24,mid_trade_amount_share_adv20,-0.04698266061168767,0.003503707120015061,63.0
2024-07-25,mid_trade_amount_share_adv20,0.3413451904445735,0.008766962304841336,63.0
2024-07-26,mid_trade_amount_share_adv20,-0.012696640888174838,0.014397833697971171,63.0
2024-07-29,mid_trade_amount_share_adv20,0.0021509916721929143,0.01346112204409939,63.0
2024-07-30,mid_trade_amount_share_adv20,0.20768600827006656,0.017972905377405143,63.0
2024-07-31,mid_trade_amount_share_adv20,-0.06426282558663066,0.014295812731705479,63.0
2024-08-01,mid_trade_amount_share_adv20,0.0020957867439903074,0.013197822101628376,63.0
2024-08-02,mid_trade_amount_share_adv20,0.17696587448442574,0.016188294861978838,63.0
2024-08-05,mid_trade_amount_share_adv20,0.22925941441004705,0.018320858999540092,63.0
2024-08-06,mid_trade_amount_share_adv20,0.19410220038530449,0.020237959427023246,63.0
2024-08-07,mid_trade_amount_share_adv20,-0.08398689082560737,0.020244015002371666,63.0
2024-08-08,mid_trade_amount_share_adv20,0.16062785209528613,0.022714763730962304,63.0
2024-08-09,mid_trade_amount_share_adv20,-0.15478099696761036,0.021588051148551748,63.0
2024-08-12,mid_trade_amount_share_adv20,0.013588645211555287,0.021875316825502745,63.0
2024-08-13,mid_trade_amount_share_adv20,-0.1542134455136824,0.019916412043299116,63.0
2024-08-14,mid_trade_amount_share_adv20,-0.014636066040362303,0.01824081758519802,63.0
2024-08-15,mid_trade_amount_share_adv20,0.04601621209695071,0.016357187884947867,63.0
2024-08-16,mid_trade_amount_share_adv20,0.011989713637694749,0.0195768365960376,63.0
2024-08-19,mid_trade_amount_share_adv20,-0.1079153965398537,0.01803045229774079,63.0
2024-08-20,mid_trade_amount_share_adv20,-0.07673586290823557,0.012660714738217322,63.0
2024-08-21,mid_trade_amount_share_adv20,-0.01324132430725737,0.013447983615990866,63.0
2024-08-22,mid_trade_amount_share_adv20,-0.0510529899316551,0.013201901534727218,63.0
2024-08-23,mid_trade_amount_share_adv20,0.012897888194754242,0.0160646256478364,63.0
2024-08-26,mid_trade_amount_share_adv20,0.15875938497498343,0.01741546054495215,63.0
2024-08-27,mid_trade_amount_share_adv20,0.11744741470932943,0.019982716484925635,63.0
2024-08-28,mid_trade_amount_share_adv20,0.1244549908197513,0.021144024186628523,63.0
2024-08-29,mid_trade_amount_share_adv20,0.026259842631300285,0.02037802032107035,63.0
2024-08-30,mid_trade_amount_share_adv20,-0.06443621997609178,0.022414967500233928,63.0
2024-09-02,mid_trade_amount_share_adv20,0.05311050100708942,0.027876921890842263,63.0
2024-09-03,mid_trade_amount_share_adv20,-0.08818564480802292,0.024012215216620687,63.0
2024-09-04,mid_trade_amount_share_adv20,0.15770239506991898,0.030216493231606065,63.0
2024-09-05,mid_trade_amount_share_adv20,-0.03151034316113784,0.026826882616119367,63.0
2024-09-06,mid_trade_amount_share_adv20,-0.014070731176741279,0.025343799083151635,63.0
2024-09-09,mid_trade_amount_share_adv20,0.060243360194614376,0.027206792965439677,63.0
2024-09-10,mid_trade_amount_share_adv20,-0.09553235442225247,0.02344372479770865,63.0
2024-09-11,mid_trade_amount_share_adv20,0.05176407993358405,0.02607408111815487,63.0
2024-09-12,mid_trade_amount_share_adv20,0.14805155957198446,0.028102053150334743,63.0
2024-09-13,mid_trade_amount_share_adv20,0.11412671377734762,0.03057083895070524,63.0
2024-09-18,mid_trade_amount_share_adv20,-0.07978398710807759,0.03030847619512291,63.0
2024-09-19,mid_trade_amount_share_adv20,0.0862167169172533,0.03028129051404454,63.0
2024-09-20,mid_trade_amount_share_adv20,-0.03363831499370785,0.030517950142227385,63.0
2024-09-23,mid_trade_amount_share_adv20,0.011602474728914574,0.032123181347786044,63.0
2024-09-24,mid_trade_amount_share_adv20,0.06631358090347615,0.030920260785931828,63.0
2024-09-25,mid_trade_amount_share_adv20,0.043412984776417994,0.030235296080700982,63.0
2024-09-26,mid_trade_amount_share_adv20,0.17428414624091312,0.030888494606862625,63.0
2024-09-27,mid_trade_amount_share_adv20,0.014928977962932048,0.03554292232420091,63.0
2024-09-30,mid_trade_amount_share_adv20,0.14680643112494757,0.038310484215239436,63.0
2024-10-08,mid_trade_amount_share_adv20,0.15813325191332775,0.03686319986616872,63.0
2024-10-09,mid_trade_amount_share_adv20,-0.13176826610279482,0.032375985611941605,63.0
2024-10-10,mid_trade_amount_share_adv20,-0.1051632669343239,0.03483976180526968,63.0
2024-10-11,mid_trade_amount_share_adv20,-0.09450004439900976,0.03141944199084248,63.0
2024-10-14,mid_trade_amount_share_adv20,-0.2577147081754847,0.029942213033072426,63.0
2024-10-15,mid_trade_amount_share_adv20,-0.1059124983066405,0.034175695879716,63.0
2024-10-16,mid_trade_amount_share_adv20,0.039171616397941665,0.0354707567727642,63.0
2024-10-17,mid_trade_amount_share_adv20,-0.2994104946155041,0.027678967669808475,63.0
2024-10-18,mid_trade_amount_share_adv20,-0.06131931293713579,0.024107886036821086,63.0
2024-10-21,mid_trade_amount_share_adv20,-0.058197540441653275,0.02493237898158115,63.0
2024-10-22,mid_trade_amount_share_adv20,0.13893643620934265,0.029135049520877348,63.0
2024-10-23,mid_trade_amount_share_adv20,0.23274217098667863,0.027483392876391326,63.0
2024-10-24,mid_trade_amount_share_adv20,0.085609694361492,0.027345585174608656,63.0
2024-10-25,mid_trade_amount_share_adv20,0.18463594079889106,0.027836724174091262,63.0
2024-10-28,mid_trade_amount_share_adv20,0.08786740147079286,0.0280926079826125,63.0
2024-10-29,mid_trade_amount_share_adv20,-0.15637197900876512,0.02259185775304707,63.0
2024-10-30,mid_trade_amount_share_adv20,-0.1367047158400559,0.02116769814624758,63.0
2024-10-31,mid_trade_amount_share_adv20,-0.041499777628978024,0.015090793891111835,63.0
2024-11-01,mid_trade_amount_share_adv20,0.2641018280187735,0.019484420381698318,63.0
2024-11-04,mid_trade_amount_share_adv20,-0.13424014562800932,0.017319481694393523,63.0
2024-11-05,mid_trade_amount_share_adv20,-0.21411419385000927,0.010624240390900253,63.0
2024-11-06,mid_trade_amount_share_adv20,0.038481115251245555,0.012255096594676067,63.0
2024-11-07,mid_trade_amount_share_adv20,0.18803393282341635,0.01520649573879394,63.0
2024-11-08,mid_trade_amount_share_adv20,-0.1319136284597804,0.010303646485711302,63.0
2024-11-11,mid_trade_amount_share_adv20,-0.14110701530975478,0.004424814267936671,63.0
2024-11-12,mid_trade_amount_share_adv20,0.2233519039335307,0.004889095276638674,63.0
2024-11-13,mid_trade_amount_share_adv20,0.005967207512954244,0.006316938107409494,63.0
2024-11-14,mid_trade_amount_share_adv20,0.20553338082133116,0.007029724277664177,63.0
2024-11-15,mid_trade_amount_share_adv20,0.31181630810363137,0.014436030707366427,63.0
2024-11-18,mid_trade_amount_share_adv20,0.37448964437060506,0.02016461799560531,63.0
2024-11-19,mid_trade_amount_share_adv20,-0.25026450933165856,0.01863999793500251,63.0
2024-11-20,mid_trade_amount_share_adv20,-0.1763937724964099,0.01607241529284303,63.0
2024-11-21,mid_trade_amount_share_adv20,0.0016924244931770084,0.015368863108656145,63.0
2024-11-22,mid_trade_amount_share_adv20,0.02920578057377721,0.015642134012403486,63.0
2024-11-25,mid_trade_amount_share_adv20,0.1850692764223182,0.02029268437688241,63.0
2024-11-26,mid_trade_amount_share_adv20,0.06980617336930774,0.02261874844477992,63.0
2024-11-27,mid_trade_amount_share_adv20,-0.16777650602767413,0.02016580905239235,63.0
2024-11-28,mid_trade_amount_share_adv20,0.1548051554637587,0.023433398661843366,63.0
2024-11-29,mid_trade_amount_share_adv20,-0.15188676162234657,0.02081776929966716,63.0
2024-12-02,mid_trade_amount_share_adv20,-0.11425075232535252,0.016484275056804686,63.0
2024-12-03,mid_trade_amount_share_adv20,0.09247729404256136,0.016087923935109952,63.0
2024-12-04,mid_trade_amount_share_adv20,0.1319512002999718,0.016206911387176944,63.0
2024-12-05,mid_trade_amount_share_adv20,-0.23817624914442634,0.012009513105022553,63.0
2024-12-06,mid_trade_amount_share_adv20,0.13448054006678878,0.015166921994592087,63.0
2024-12-09,mid_trade_amount_share_adv20,0.15713552242002732,0.016818112810670464,63.0
2024-12-10,mid_trade_amount_share_adv20,-0.10045036862136959,0.01662343465490306,63.0
2024-12-11,mid_trade_amount_share_adv20,0.020396255880363607,0.01444397212808472,63.0
2024-12-12,mid_trade_amount_share_adv20,0.15481553941451098,0.017401525819761687,63.0
2024-12-13,mid_trade_amount_share_adv20,0.03472151627864187,0.018176005938101102,63.0
2024-12-16,mid_trade_amount_share_adv20,0.18779268958191736,0.02020059846805829,63.0
2024-12-17,mid_trade_amount_share_adv20,0.19094528935605035,0.02474786265501548,63.0
2024-12-18,mid_trade_amount_share_adv20,-0.16191901310043777,0.02135606752749132,63.0
2024-12-19,mid_trade_amount_share_adv20,-0.11628435655780088,0.017160259334955047,63.0
2024-12-20,mid_trade_amount_share_adv20,-0.20009511812486344,0.012172611209523124,63.0
2024-12-23,mid_trade_amount_share_adv20,0.3445799699371973,0.018908547035638597,63.0
2024-12-24,mid_trade_amount_share_adv20,0.12142972724364415,0.01946748370748607,63.0
2024-12-25,mid_trade_amount_share_adv20,0.25687681804676465,0.02407883502558881,63.0
2024-12-26,mid_trade_amount_share_adv20,-0.25500468414758487,0.019846975360882473,63.0
2024-12-27,mid_trade_amount_share_adv20,0.10202400849037419,0.020413807544801488,63.0
2024-12-30,mid_trade_amount_share_adv20,0.02220223174385647,0.02007712892523702,63.0
2024-12-31,mid_trade_amount_share_adv20,0.3719869275396858,0.023215268310931823,63.0
2025-01-02,mid_trade_amount_share_adv20,0.0567818162166025,0.023879599076863097,63.0
2025-01-03,mid_trade_amount_share_adv20,0.4401648189070511,0.028536081422610778,63.0
2025-01-06,mid_trade_amount_share_adv20,0.2766922077045706,0.03041796960977336,63.0
2025-01-07,mid_trade_amount_share_adv20,-0.49052956729623004,0.024723345781306135,63.0
2025-01-08,mid_trade_amount_share_adv20,-0.09973431710168844,0.024809519588173366,63.0
2025-01-09,mid_trade_amount_share_adv20,-0.26995429129188986,0.022024531542254634,63.0
2025-01-10,mid_trade_amount_share_adv20,0.27712358610469234,0.030514028276860616,63.0
2025-01-13,mid_trade_amount_share_adv20,0.1954767967322311,0.03529798534096969,63.0
2025-01-14,mid_trade_amount_share_adv20,-0.5025989423439015,0.026698452662527735,63.0
2025-01-15,mid_trade_amount_share_adv20,-0.045772049957782154,0.03072445972058682,63.0
2025-01-16,mid_trade_amount_share_adv20,0.020964434259271032,0.0320305509459266,63.0
2025-01-17,mid_trade_amount_share_adv20,0.0730042706706236,0.034113119376280206,63.0
2025-01-20,mid_trade_amount_share_adv20,-0.07403399147981682,0.030732636397087204,63.0
2025-01-21,mid_trade_amount_share_adv20,-0.23553375636991403,0.02329968516920478,63.0
2025-01-22,mid_trade_amount_share_adv20,0.04301844924580957,0.02262363365943204,63.0
2025-01-23,mid_trade_amount_share_adv20,0.22328724433656413,0.023237146413998277,63.0
2025-01-24,mid_trade_amount_share_adv20,-0.20910879027842819,0.018523238608455086,63.0
2025-01-27,mid_trade_amount_share_adv20,0.34704950688398356,0.026514055844847922,63.0
2025-02-05,mid_trade_amount_share_adv20,-0.19227016027839144,0.02563206466328704,63.0
2025-02-06,mid_trade_amount_share_adv20,-0.28177229786883173,0.021818215135670314,63.0
2025-02-07,mid_trade_amount_share_adv20,-0.01125978276079223,0.01744739591694705,63.0
2025-02-10,mid_trade_amount_share_adv20,-0.07952861957727261,0.018315832838387315,63.0
2025-02-11,mid_trade_amount_share_adv20,0.0007135374096454574,0.0217257968266358,63.0
2025-02-12,mid_trade_amount_share_adv20,-0.2600938196954727,0.016986512144941863,63.0
2025-02-13,mid_trade_amount_share_adv20,0.24928268536455983,0.017958714566229855,63.0
2025-02-14,mid_trade_amount_share_adv20,0.05514714435222967,0.020927933182293506,63.0
2025-02-17,mid_trade_amount_share_adv20,-0.1313685657718062,0.02108251174638793,63.0
2025-02-18,mid_trade_amount_share_adv20,0.2547223429720347,0.021580455223189576,63.0
2025-02-19,mid_trade_amount_share_adv20,-0.37697571715121203,0.015501996101536146,63.0
2025-02-20,mid_trade_amount_share_adv20,-0.007787604039906369,0.012115948722786343,63.0
2025-02-21,mid_trade_amount_share_adv20,-0.32097169448475266,0.002071694713446916,63.0
2025-02-24,mid_trade_amount_share_adv20,0.16973527518491976,-0.001178374638706819,63.0
2025-02-25,mid_trade_amount_share_adv20,0.06523870050437895,0.0038296128190080624,63.0
2025-02-26,mid_trade_amount_share_adv20,0.11855221231346805,0.008511295117577552,63.0
2025-02-27,mid_trade_amount_share_adv20,0.28016757215755345,0.012931535556694641,63.0
2025-02-28,mid_trade_amount_share_adv20,0.5001603228231496,0.02040700448128785,63.0
2025-03-03,mid_trade_amount_share_adv20,-0.004192800102368431,0.017402844536451554,63.0
2025-03-04,mid_trade_amount_share_adv20,-0.30336570168690014,0.011479481440321272,63.0
2025-03-05,mid_trade_amount_share_adv20,-0.3341115890811685,0.00883924202677374,63.0
2025-03-06,mid_trade_amount_share_adv20,-0.3175937686240166,0.0013408464063328638,63.0
2025-03-07,mid_trade_amount_share_adv20,0.28216807010535816,0.008230605640105955,63.0
2025-03-10,mid_trade_amount_share_adv20,0.19397232256457478,0.01312303540026353,63.0
2025-03-11,mid_trade_amount_share_adv20,0.2328023492481967,0.015350417228924409,63.0
2025-03-12,mid_trade_amount_share_adv20,-0.16623094323628435,0.01061736733152352,63.0
2025-03-13,mid_trade_amount_share_adv20,0.4711532981598106,0.021876566495082832,63.0
2025-03-14,mid_trade_amount_share_adv20,-0.072007532304386,0.018598978044746726,63.0
2025-03-17,mid_trade_amount_share_adv20,0.11206650836786876,0.01788359686931564,63.0
2025-03-18,mid_trade_amount_share_adv20,-0.002294870289840092,0.01944162065235579,63.0
2025-03-19,mid_trade_amount_share_adv20,0.2532918466566801,0.02313837606150367,63.0
2025-03-20,mid_trade_amount_share_adv20,0.18427904859050473,0.023606050810328967,63.0
2025-03-21,mid_trade_amount_share_adv20,0.47378132658918076,0.03057525414859149,63.0
2025-03-24,mid_trade_amount_share_adv20,0.18463785595865634,0.030525177424412745,63.0
2025-03-25,mid_trade_amount_share_adv20,0.4894803309513153,0.03526382887830584,63.0
2025-03-26,mid_trade_amount_share_adv20,-0.006533551816255536,0.03773026477170556,63.0
2025-03-27,mid_trade_amount_share_adv20,0.1178067123206736,0.04144599602374483,63.0
2025-03-28,mid_trade_amount_share_adv20,-0.0451729741606175,0.043905077673970956,63.0
2025-03-31,mid_trade_amount_share_adv20,-0.10148085154882099,0.036824747174192894,63.0
2025-04-01,mid_trade_amount_share_adv20,0.4091380643184775,0.04139154617538072,63.0
2025-04-02,mid_trade_amount_share_adv20,-0.11234293363462759,0.035530915196311,63.0
2025-04-03,mid_trade_amount_share_adv20,0.32738665831856667,0.04477522221958325,63.0
2025-04-07,mid_trade_amount_share_adv20,0.21305297458639177,0.04653758676078988,63.0
2025-04-08,mid_trade_amount_share_adv20,0.03803550248567246,0.04678890851859648,63.0
2025-04-09,mid_trade_amount_share_adv20,-0.23178615904956976,0.03720520873146545,63.0
2025-04-10,mid_trade_amount_share_adv20,-0.23350420379430742,0.03259749412811766,63.0
2025-04-11,mid_trade_amount_share_adv20,-0.2382445564789735,0.02182909134421251,63.0
2025-04-14,mid_trade_amount_share_adv20,-0.13382627005854228,0.015312925030512306,63.0
2025-04-15,mid_trade_amount_share_adv20,0.1199951892785324,0.025003794182492666,63.0
2025-04-16,mid_trade_amount_share_adv20,0.27916536145965404,0.031018074794577462,63.0
2025-04-17,mid_trade_amount_share_adv20,0.22009713546570095,0.03879666887009478,63.0
2025-04-18,mid_trade_amount_share_adv20,-0.06305487123712686,0.03339701081705003,63.0
2025-04-21,mid_trade_amount_share_adv20,-0.3621816017333275,0.024545290206485607,63.0
2025-04-22,mid_trade_amount_share_adv20,0.3409362849786849,0.037934738259225075,63.0
2025-04-23,mid_trade_amount_share_adv20,-0.23660851901870092,0.03490558795667081,63.0
2025-04-24,mid_trade_amount_share_adv20,0.22328555984348422,0.03811703439451546,63.0
2025-04-25,mid_trade_amount_share_adv20,-0.0019200943100784837,0.03692775875990114,63.0
2025-04-28,mid_trade_amount_share_adv20,-0.0035514733340147263,0.03804652888919959,63.0
2025-04-29,mid_trade_amount_share_adv20,-0.04484765426893848,0.041073292414611905,63.0
2025-04-30,mid_trade_amount_share_adv20,-0.13243623990249728,0.03828829734876576,63.0
2025-05-06,mid_trade_amount_share_adv20,-0.22190938036454128,0.03122168425827202,63.0
2025-05-07,mid_trade_amount_share_adv20,0.18635857555404736,0.037498944033390685,63.0
2025-05-08,mid_trade_amount_share_adv20,-0.023983604835363218,0.031609529561655025,63.0
2025-05-09,mid_trade_amount_share_adv20,0.24421772533451475,0.03853790869836782,63.0
2025-05-12,mid_trade_amount_share_adv20,-0.14577844954865757,0.04069654121138645,63.0
2025-05-13,mid_trade_amount_share_adv20,0.16126764823043183,0.0434350718620408,63.0
2025-05-14,mid_trade_amount_share_adv20,0.0324962611288116,0.04521324457166119,63.0
2025-05-15,mid_trade_amount_share_adv20,0.33079828398366584,0.05045268499347104,63.0
2025-05-16,mid_trade_amount_share_adv20,-0.05890971193962637,0.053646083529278125,63.0
2025-05-19,mid_trade_amount_share_adv20,0.05996594799075924,0.0506410559519162,63.0
2025-05-20,mid_trade_amount_share_adv20,0.009464133923385234,0.049915928802252006,63.0
2025-05-21,mid_trade_amount_share_adv20,0.17756624575837318,0.05481965596939772,63.0
2025-05-22,mid_trade_amount_share_adv20,0.01916057594644446,0.051080580302324846,63.0
2025-05-23,mid_trade_amount_share_adv20,0.25360500473747855,0.06108979811008185,63.0
2025-05-26,mid_trade_amount_share_adv20,-0.2388865757594199,0.05742156046374036,63.0
2025-05-27,mid_trade_amount_share_adv20,0.29958567214696286,0.06727167739440251,63.0
2025-05-28,mid_trade_amount_share_adv20,0.057126308011544044,0.06548423347101559,63.0
2025-05-29,mid_trade_amount_share_adv20,-0.12188418782764568,0.0625140288943168,63.0
2025-05-30,mid_trade_amount_share_adv20,0.28269793768205165,0.06511951659858002,63.0
2025-06-03,mid_trade_amount_share_adv20,0.008023595959364603,0.060799770944640515,63.0
2025-06-04,mid_trade_amount_share_adv20,-0.03153887604869189,0.05236010112127795,63.0
2025-06-05,mid_trade_amount_share_adv20,-0.22486167482786942,0.04885742057007953,63.0
2025-06-06,mid_trade_amount_share_adv20,0.22443819154462452,0.05723526014518309,63.0
2025-06-09,mid_trade_amount_share_adv20,-0.09846370114255179,0.060975702810875415,63.0
2025-06-10,mid_trade_amount_share_adv20,0.12709864328177567,0.06803431252366576,63.0
2025-06-11,mid_trade_amount_share_adv20,0.056414086286575425,0.06445091595511367,63.0
2025-06-12,mid_trade_amount_share_adv20,-0.0016773020004150782,0.06134536635884399,63.0
2025-06-13,mid_trade_amount_share_adv20,0.15395783756249667,0.060093866173356686,63.0
2025-06-16,mid_trade_amount_share_adv20,-0.11127707983038483,0.060966149719482075,63.0
2025-06-17,mid_trade_amount_share_adv20,0.1979077547112523,0.05662891887109226,63.0
2025-06-18,mid_trade_amount_share_adv20,-0.02343226673233779,0.05739995483255334,63.0
2025-06-19,mid_trade_amount_share_adv20,0.24999834166542798,0.059589349011879685,63.0
2025-06-20,mid_trade_amount_share_adv20,0.3046473592394295,0.06446144789329665,63.0
2025-06-23,mid_trade_amount_share_adv20,-0.11781929535505332,0.05857079484549136,63.0
2025-06-24,mid_trade_amount_share_adv20,-0.1202782163172969,0.05373655254536753,63.0
2025-06-25,mid_trade_amount_share_adv20,-0.053327266343701135,0.04536974948294084,63.0
2025-06-26,mid_trade_amount_share_adv20,0.07445360296024495,0.043620793086140655,63.0
2025-06-27,mid_trade_amount_share_adv20,0.024167064266051842,0.03623486821812059,63.0
2025-06-30,mid_trade_amount_share_adv20,-0.2375311125358046,0.03256824027019125,63.0
2025-07-01,mid_trade_amount_share_adv20,0.05310848254776438,0.03154128424204983,63.0
2025-07-02,mid_trade_amount_share_adv20,0.34069552316016877,0.03766618102491945,63.0
2025-07-03,mid_trade_amount_share_adv20,-0.08848958253871396,0.03787239164412751,63.0
2025-07-04,mid_trade_amount_share_adv20,0.06614420426736299,0.03242804465918918,63.0
2025-07-07,mid_trade_amount_share_adv20,0.1176762848299628,0.03607914336497632,63.0
2025-07-08,mid_trade_amount_share_adv20,-0.21724079082181483,0.027434263219890904,63.0
2025-07-09,mid_trade_amount_share_adv20,0.24516524807812953,0.02794398184674389,63.0
2025-07-10,mid_trade_amount_share_adv20,0.21696971403717544,0.03078420742692647,63.0
2025-07-11,mid_trade_amount_share_adv20,-0.09040618957326171,0.033028333926550406,63.0
2025-07-14,mid_trade_amount_share_adv20,0.03295842636751266,0.03725789948467454,63.0
2025-07-15,mid_trade_amount_share_adv20,-0.09669018957807285,0.03950479419738725,63.0
2025-07-16,mid_trade_amount_share_adv20,0.144698373141462,0.043925820279926996,63.0
2025-07-17,mid_trade_amount_share_adv20,-0.22079573825324342,0.038516440477835326,63.0
2025-07-18,mid_trade_amount_share_adv20,0.128105803631881,0.036118669718664315,63.0
2025-07-21,mid_trade_amount_share_adv20,0.19709889654572213,0.035753618307236085,63.0
2025-07-22,mid_trade_amount_share_adv20,0.29793301417367757,0.04148358474232822,63.0
2025-07-23,mid_trade_amount_share_adv20,0.07702458356081758,0.04845511149302893,63.0
2025-07-24,mid_trade_amount_share_adv20,0.021961158216135708,0.043392014242829735,63.0
2025-07-25,mid_trade_amount_share_adv20,0.05770105263707376,0.048063594745302356,63.0
2025-07-28,mid_trade_amount_share_adv20,-0.1988312327642986,0.04136332819597247,63.0
2025-07-29,mid_trade_amount_share_adv20,-0.05266480262620926,0.04055785663539896,63.0
2025-07-30,mid_trade_amount_share_adv20,0.26481878439063117,0.04481770199610763,63.0
2025-07-31,mid_trade_amount_share_adv20,-0.11626458521306825,0.04368409991762938,63.0
2025-08-01,mid_trade_amount_share_adv20,0.17486499204487135,0.048561897250127294,63.0
2025-08-04,mid_trade_amount_share_adv20,-0.0270445995796789,0.051654989008617175,63.0
2025-08-05,mid_trade_amount_share_adv20,0.03494579963420137,0.04925161161306406,63.0
2025-08-06,mid_trade_amount_share_adv20,-0.09644270088394728,0.048101467231340504,63.0
2025-08-07,mid_trade_amount_share_adv20,0.0864042503989047,0.04559649143871177,63.0
2025-08-08,mid_trade_amount_share_adv20,0.09718074196896558,0.04945298654216611,63.0
2025-08-11,mid_trade_amount_share_adv20,-0.08665014741843936,0.04551778343662847,63.0
2025-08-12,mid_trade_amount_share_adv20,0.0856921739149645,0.046362163004662636,63.0
2025-08-13,mid_trade_amount_share_adv20,-0.19947895328151363,0.03794506400045344,63.0
2025-08-14,mid_trade_amount_share_adv20,0.040035161853776785,0.039515617552729684,63.0
2025-08-15,mid_trade_amount_share_adv20,-0.12507287314150156,0.036578493407773166,63.0
2025-08-18,mid_trade_amount_share_adv20,-0.217313913092963,0.03297884186783113,63.0
2025-08-19,mid_trade_amount_share_adv20,0.03285410142946126,0.030681823703880146,63.0
2025-08-20,mid_trade_amount_share_adv20,0.20648896809966852,0.03365529024599481,63.0
2025-08-21,mid_trade_amount_share_adv20,0.2912571365657091,0.0342529431321572,63.0
2025-08-22,mid_trade_amount_share_adv20,-0.25476951151176885,0.034000833040850074,63.0
2025-08-25,mid_trade_amount_share_adv20,-0.1644118705505869,0.02663579268057151,63.0
2025-08-26,mid_trade_amount_share_adv20,0.21103985178572465,0.0290788648039712,63.0
2025-08-27,mid_trade_amount_share_adv20,0.09136654790360292,0.03246379711716562,63.0
2025-08-28,mid_trade_amount_share_adv20,-0.2465206162409544,0.024063502610451242,63.0
2025-08-29,mid_trade_amount_share_adv20,0.043895654532733516,0.02463290036558408,63.0
2025-09-01,mid_trade_amount_share_adv20,-0.018472263314096852,0.02484030691692686,63.0
2025-09-02,mid_trade_amount_share_adv20,0.41783210474634364,0.03504179548159691,63.0
2025-09-03,mid_trade_amount_share_adv20,0.1837632755619872,0.03439616189457092,63.0
2025-09-04,mid_trade_amount_share_adv20,0.46565100991841685,0.04335036365744344,63.0
2025-09-05,mid_trade_amount_share_adv20,-0.3655670468519396,0.035530273337860664,63.0
2025-09-08,mid_trade_amount_share_adv20,0.07890321975844879,0.03588724371043008,63.0
2025-09-09,mid_trade_amount_share_adv20,0.3900629929402928,0.042105343630123845,63.0
2025-09-10,mid_trade_amount_share_adv20,-0.10213538778751187,0.03804037179917134,63.0
2025-09-11,mid_trade_amount_share_adv20,-0.4406407095610335,0.03281237767646263,63.0
2025-09-12,mid_trade_amount_share_adv20,-0.031708315409791986,0.029167678150731763,63.0
2025-09-15,mid_trade_amount_share_adv20,0.12041908443020483,0.031451032931089584,63.0
2025-09-16,mid_trade_amount_share_adv20,-0.11160244629713253,0.02571133788406481,63.0
2025-09-17,mid_trade_amount_share_adv20,-0.11476930013899508,0.01905393059234379,63.0
2025-09-18,mid_trade_amount_share_adv20,0.06149451932127006,0.021900181618952096,63.0
2025-09-19,mid_trade_amount_share_adv20,0.14323967020956868,0.026083005214616626,63.0
2025-09-22,mid_trade_amount_share_adv20,-0.3215742715399425,0.021825116243247716,63.0
2025-09-23,mid_trade_amount_share_adv20,0.23130940566156136,0.024314890889300358,63.0
2025-09-24,mid_trade_amount_share_adv20,-0.1420477229799036,0.021676560933015353,63.0
2025-09-25,mid_trade_amount_share_adv20,-0.08753627688668483,0.024057431340144236,63.0
2025-09-26,mid_trade_amount_share_adv20,0.39944517137537006,0.029554839099312582,63.0
2025-09-29,mid_trade_amount_share_adv20,-0.21482751587687707,0.020737013082851537,63.0
2025-09-30,mid_trade_amount_share_adv20,-0.14303691241636293,0.019871182449872977,63.0
2025-10-09,mid_trade_amount_share_adv20,-0.05157663224451648,0.018002597743335208,63.0
2025-10-10,mid_trade_amount_share_adv20,0.49515267036237054,0.02399428640257978,63.0
2025-10-13,mid_trade_amount_share_adv20,0.14473831263388331,0.02973998645743213,63.0
2025-10-14,mid_trade_amount_share_adv20,0.46717266428468773,0.03326391369880607,63.0
2025-10-15,mid_trade_amount_share_adv20,-0.18813730137698031,0.02683364361286709,63.0
2025-10-16,mid_trade_amount_share_adv20,0.3003500837574971,0.03303612414192675,63.0
2025-10-17,mid_trade_amount_share_adv20,0.5008807460608254,0.040463462549757113,63.0
2025-10-20,mid_trade_amount_share_adv20,-0.19194702515941814,0.03895144928656116,63.0
2025-10-21,mid_trade_amount_share_adv20,-0.1848013236011945,0.033721295370011055,63.0
2025-10-22,mid_trade_amount_share_adv20,0.22558250883739475,0.04080666437144975,63.0
2025-10-23,mid_trade_amount_share_adv20,0.17710242305394272,0.04158438848926026,63.0
2025-10-24,mid_trade_amount_share_adv20,-0.49490018156140114,0.03060027613835354,63.0
2025-10-27,mid_trade_amount_share_adv20,-0.15565841675470565,0.02340041215536333,63.0
2025-10-28,mid_trade_amount_share_adv20,0.0074452061289742594,0.022295977592953122,63.0
2025-10-29,mid_trade_amount_share_adv20,-0.3417932975020953,0.01652209734345739,63.0
2025-10-30,mid_trade_amount_share_adv20,0.14502950906355755,0.01790826331848094,63.0
2025-10-31,mid_trade_amount_share_adv20,0.16239939673742973,0.02364208283438139,63.0
2025-11-03,mid_trade_amount_share_adv20,0.1420349991294612,0.02673255587812219,63.0
2025-11-04,mid_trade_amount_share_adv20,0.4112445051737,0.029056773668329632,63.0
2025-11-05,mid_trade_amount_share_adv20,0.09479362821415853,0.03240690404019037,63.0
2025-11-06,mid_trade_amount_share_adv20,-0.25260891997087553,0.025621603849464235,63.0
2025-11-07,mid_trade_amount_share_adv20,0.19983477690332707,0.02922286379363893,63.0
2025-11-10,mid_trade_amount_share_adv20,0.25764398983173814,0.03275775570153634,63.0
2025-11-11,mid_trade_amount_share_adv20,0.2756024105705121,0.03866323366113093,63.0
2025-11-12,mid_trade_amount_share_adv20,0.2835128501318,0.041791941593399114,63.0
2025-11-13,mid_trade_amount_share_adv20,-0.23743836751183706,0.036480527157195894,63.0
2025-11-14,mid_trade_amount_share_adv20,0.3325663755894748,0.043134757681131036,63.0
2025-11-17,mid_trade_amount_share_adv20,-0.16347235961821815,0.03917976508536624,63.0
2025-11-18,mid_trade_amount_share_adv20,0.08708713504634417,0.0437284331540624,63.0
2025-11-19,mid_trade_amount_share_adv20,0.04547842932065467,0.04381483422496522,63.0
2025-11-20,mid_trade_amount_share_adv20,0.055588593094292794,0.046682476546168306,63.0
2025-11-21,mid_trade_amount_share_adv20,0.3132295756666245,0.05510380176457445,63.0
2025-11-24,mid_trade_amount_share_adv20,-0.0887942312989955,0.05317287584824975,63.0
2025-11-25,mid_trade_amount_share_adv20,-0.2832742119392753,0.04539885711747286,63.0
2025-11-26,mid_trade_amount_share_adv20,0.004077566080885347,0.040840451236761374,63.0
2025-11-27,mid_trade_amount_share_adv20,0.022393981191098436,0.0452398717558545,63.0
2025-11-28,mid_trade_amount_share_adv20,-0.22301095627620118,0.04430972753798761,63.0
2025-12-01,mid_trade_amount_share_adv20,0.025317719018510872,0.041361757176603266,63.0
2025-12-02,mid_trade_amount_share_adv20,0.23494395502513427,0.04364076363884979,63.0
2025-12-03,mid_trade_amount_share_adv20,0.19271262409645848,0.05061271983468174,63.0
2025-12-04,mid_trade_amount_share_adv20,-0.03721066046905522,0.04932531800925652,63.0
2025-12-05,mid_trade_amount_share_adv20,-0.1876062045295287,0.04664065227567824,63.0
2025-12-08,mid_trade_amount_share_adv20,-0.27245626567896475,0.03568369401495906,63.0
2025-12-09,mid_trade_amount_share_adv20,0.036234954224927125,0.03334197462865652,63.0
2025-12-10,mid_trade_amount_share_adv20,-0.01567366808935188,0.025701900374564948,63.0
2025-12-11,mid_trade_amount_share_adv20,0.17127452540723798,0.034223195172329676,63.0
2025-12-12,mid_trade_amount_share_adv20,-0.10309652447625331,0.03133431034320742,63.0
2025-12-15,mid_trade_amount_share_adv20,0.195512961791059,0.028246214610679898,63.0
2025-12-16,mid_trade_amount_share_adv20,0.3469580895983613,0.035374682505693755,63.0
2025-12-17,mid_trade_amount_share_adv20,-0.2861409746320797,0.03782705925059779,63.0
2025-12-18,mid_trade_amount_share_adv20,0.278973051542723,0.04275850951968532,63.0
2025-12-19,mid_trade_amount_share_adv20,0.03102637598547903,0.04133957763961031,63.0
2025-12-22,mid_trade_amount_share_adv20,-0.2831973654071088,0.03861584876484878,63.0
2025-12-23,mid_trade_amount_share_adv20,-0.0466497034758992,0.03969711220394554,63.0
2025-12-24,mid_trade_amount_share_adv20,-0.14439139745757815,0.036429081778884466,63.0
2025-12-25,mid_trade_amount_share_adv20,-0.06131679779654552,0.03318215371529534,63.0
2025-12-26,mid_trade_amount_share_adv20,-0.09308089695279183,0.036809032676996145,63.0
2025-12-29,mid_trade_amount_share_adv20,-0.0017256364190931833,0.033110063755081,63.0
2025-12-30,mid_trade_amount_share_adv20,0.05148078048843952,0.03618194476251502,63.0
2025-12-31,mid_trade_amount_share_adv20,0.062299239377224216,0.03856028629051357,63.0
2026-01-05,mid_trade_amount_share_adv20,-0.04024713899770383,0.03158104326871875,63.0
2026-01-06,mid_trade_amount_share_adv20,-0.0483467853245159,0.034223594547327665,63.0
2026-01-07,mid_trade_amount_share_adv20,-0.09629751814905779,0.03496548969442774,63.0
2026-01-08,mid_trade_amount_share_adv20,0.05189297516847707,0.036607864415268906,63.0
2026-01-09,mid_trade_amount_share_adv20,-0.14947009202034153,0.02637575707586078,63.0
2026-01-12,mid_trade_amount_share_adv20,-0.1145785661344528,0.022259616143030046,63.0
2026-01-13,mid_trade_amount_share_adv20,0.3774170671027802,0.02083492412426961,63.0
2026-01-14,mid_trade_amount_share_adv20,-0.1211645746013568,0.02189798327943824,63.0
2026-01-15,mid_trade_amount_share_adv20,0.0494259706592964,0.01791506084930807,63.0
2026-01-16,mid_trade_amount_share_adv20,-0.04071160495202833,0.009318356864977057,63.0
2026-01-19,mid_trade_amount_share_adv20,0.05313170933051515,0.01320849550767441,63.0
2026-01-20,mid_trade_amount_share_adv20,0.4122192696503557,0.02268501286087362,63.0
2026-01-21,mid_trade_amount_share_adv20,-0.14676324475264502,0.01677476280388886,63.0
2026-01-22,mid_trade_amount_share_adv20,-0.1246351395493059,0.011985277683202376,63.0
2026-01-23,mid_trade_amount_share_adv20,-0.26762845760538123,0.015592765365043964,63.0
2026-01-26,mid_trade_amount_share_adv20,0.31760362185009805,0.02310486121591386,63.0
2026-01-27,mid_trade_amount_share_adv20,-0.2373642922896597,0.019218996161649828,63.0
2026-01-28,mid_trade_amount_share_adv20,0.059542905940202596,0.025589412089305354,63.0
2026-01-29,mid_trade_amount_share_adv20,0.2327667644337083,0.026982066936450604,63.0
2026-01-30,mid_trade_amount_share_adv20,0.20052248010717702,0.027587195243906907,63.0
2026-02-02,mid_trade_amount_share_adv20,0.0024811303577496947,0.025372054469752756,63.0
2026-02-03,mid_trade_amount_share_adv20,-0.5298816655045794,0.010433543824065786,63.0
2026-02-04,mid_trade_amount_share_adv20,0.29766894591586235,0.01365378696218807,63.0
2026-02-05,mid_trade_amount_share_adv20,0.39973807545043194,0.024008501175224697,63.0
2026-02-06,mid_trade_amount_share_adv20,0.08576241699962833,0.022197828795800907,63.0
2026-02-09,mid_trade_amount_share_adv20,-0.42101193059099823,0.011425512598614613,63.0
2026-02-10,mid_trade_amount_share_adv20,0.027054365335446556,0.007480305531391351,63.0
2026-02-11,mid_trade_amount_share_adv20,0.14792955548497783,0.005328189743346554,63.0
2026-02-12,mid_trade_amount_share_adv20,-0.3453851047729099,0.003614749469361271,63.0
2026-02-13,mid_trade_amount_share_adv20,0.1420939646474908,0.0005913778671075573,63.0
2026-02-24,mid_trade_amount_share_adv20,-0.09466498451289454,0.0016835584243349163,63.0
2026-02-25,mid_trade_amount_share_adv20,-0.11635575407822799,-0.0015456937839916259,63.0
2026-02-26,mid_trade_amount_share_adv20,-0.06507119019061018,-0.0033004496492497985,63.0
2026-02-27,mid_trade_amount_share_adv20,-0.09488851481320104,-0.00568897517159097,63.0
2026-03-02,mid_trade_amount_share_adv20,0.037930890309322944,-0.010058795574087821,63.0
2026-03-03,mid_trade_amount_share_adv20,0.45822670463940657,-0.001375923575065565,63.0
2026-03-04,mid_trade_amount_share_adv20,-0.2451124612178645,-0.0007701815001225371,63.0
2026-03-05,mid_trade_amount_share_adv20,-0.10419622391978732,-0.0024888130874348015,63.0
2026-03-06,mid_trade_amount_share_adv20,0.2376353978954616,0.0009277173364439784,63.0
2026-03-09,mid_trade_amount_share_adv20,0.03552679516842199,0.005031491168898315,63.0
2026-03-10,mid_trade_amount_share_adv20,-0.1565958283126572,0.00214397454459406,63.0
2026-03-11,mid_trade_amount_share_adv20,0.14967525722054623,0.0007905031508704397,63.0
2026-03-12,mid_trade_amount_share_adv20,0.22231879773373345,0.0012604424149541694,63.0
2026-03-13,mid_trade_amount_share_adv20,0.378514601065202,0.007859256090101109,63.0
2026-03-16,mid_trade_amount_share_adv20,0.019440315912939172,0.011145708795537107,63.0
2026-03-17,mid_trade_amount_share_adv20,0.44446739692706455,0.022525449471823285,63.0
2026-03-18,mid_trade_amount_share_adv20,-0.28875209591934775,0.017366924866358605,63.0
2026-03-19,mid_trade_amount_share_adv20,0.20767876907461463,0.02091220164673903,63.0
2026-03-20,mid_trade_amount_share_adv20,0.09069589698340816,0.01963317579874173,63.0
2026-03-23,mid_trade_amount_share_adv20,-0.0554967576019154,0.020388727653889948,63.0
2026-03-24,mid_trade_amount_share_adv20,-0.04188245860594422,0.016620546377747042,63.0
2026-03-25,mid_trade_amount_share_adv20,-0.19605845666636249,0.008001236119576823,63.0
2026-03-26,mid_trade_amount_share_adv20,0.2530784003533987,0.016560273817759017,63.0
2026-03-27,mid_trade_amount_share_adv20,0.02253752229573256,0.012489868591616314,63.0
2026-03-30,mid_trade_amount_share_adv20,0.024398812912570962,0.01238466917776063,63.0
2026-03-31,mid_trade_amount_share_adv20,0.37765564287171305,0.02287439946790066,63.0
2026-04-01,mid_trade_amount_share_adv20,-0.00970588017183221,0.02346080936161601,63.0
2026-04-02,mid_trade_amount_share_adv20,0.2960270572821228,0.030451578484468406,63.0
2026-04-03,mid_trade_amount_share_adv20,-0.054932583742419876,0.03055291521548627,63.0
2026-04-07,mid_trade_amount_share_adv20,-0.07343681973280443,0.030864725965009884,63.0
2026-04-08,mid_trade_amount_share_adv20,-0.25772222494372254,0.026801288051920526,63.0
2026-04-09,mid_trade_amount_share_adv20,-0.21531094422167057,0.02256649877080767,63.0
2026-04-10,mid_trade_amount_share_adv20,0.10464229322236733,0.02323861073660359,63.0
2026-04-13,mid_trade_amount_share_adv20,-0.21267696639820063,0.02050162934929412,63.0
2026-04-14,mid_trade_amount_share_adv20,-0.12961157169169688,0.01921171210537061,63.0
2026-04-15,mid_trade_amount_share_adv20,0.2130117866939725,0.024121383610815537,63.0
2026-04-16,mid_trade_amount_share_adv20,-0.20795884214169166,0.019996751590019207,63.0
2026-04-17,mid_trade_amount_share_adv20,-0.16823715872481446,0.01969886164232916,63.0
2026-04-20,mid_trade_amount_share_adv20,-0.146524874897781,0.019191777376244588,63.0
2026-04-21,mid_trade_amount_share_adv20,0.02738510007122073,0.013635714407489672,63.0
2026-04-22,mid_trade_amount_share_adv20,-0.21895967943786307,0.012083411156116558,63.0
2026-04-23,mid_trade_amount_share_adv20,0.2261828024981719,0.014889075153559025,63.0
2026-04-24,mid_trade_amount_share_adv20,0.12024594828588847,0.017443956950986276,63.0
2026-04-27,mid_trade_amount_share_adv20,0.022781293979287926,0.01696220432636362,63.0
2026-04-28,mid_trade_amount_share_adv20,0.1138134796568938,0.01222560448519756,63.0
2026-04-29,mid_trade_amount_share_adv20,-0.025688282290205075,0.01414742928618867,63.0
2026-04-30,mid_trade_amount_share_adv20,-0.05469885440643715,0.015257529050361188,63.0
2026-05-06,mid_trade_amount_share_adv20,-0.3529692749216242,0.013902912902484316,63.0
2026-05-07,mid_trade_amount_share_adv20,-0.18318759721784705,0.005953845933151855,63.0
2026-05-08,mid_trade_amount_share_adv20,0.1930528261966364,0.012785863686902587,63.0
2026-05-11,mid_trade_amount_share_adv20,-0.06708510196366103,0.010775895307476179,63.0
2026-05-12,mid_trade_amount_share_adv20,-0.029783564974033092,0.006608429761321554,63.0
2026-05-13,mid_trade_amount_share_adv20,-0.22849174324690427,-0.00020131981572735523,63.0
2026-05-14,mid_trade_amount_share_adv20,0.23607593789877082,0.003506534272225361,63.0
2026-05-15,mid_trade_amount_share_adv20,0.11777088232024997,0.013786733444048049,63.0
2026-05-18,mid_trade_amount_share_adv20,-0.17687389661077377,0.006254307372196682,63.0
2026-05-19,mid_trade_amount_share_adv20,0.05471711962994428,0.0007777842639349733,63.0
2026-05-20,mid_trade_amount_share_adv20,-0.17966877785384544,-0.003435409305167785,63.0
2026-05-21,mid_trade_amount_share_adv20,0.3402878578460296,0.008648714320816785,63.0
2026-05-22,mid_trade_amount_share_adv20,-0.33894839513752806,0.0028391466942616302,63.0
2026-05-25,mid_trade_amount_share_adv20,-0.059761487224831385,-0.0004575365233543886,63.0
2026-05-26,mid_trade_amount_share_adv20,0.19092484100577922,0.008055319758847025,63.0
2026-05-27,mid_trade_amount_share_adv20,0.147983493802942,0.008148804348616092,63.0
2026-05-28,mid_trade_amount_share_adv20,-0.25782643787806736,0.005558940009486365,63.0
2026-05-29,mid_trade_amount_share_adv20,0.46479808571088493,0.014783604133123077,63.0
2026-06-01,mid_trade_amount_share_adv20,0.31815385218095726,0.02086654131362415,63.0
2026-06-02,mid_trade_amount_share_adv20,-0.17756968517360494,0.019554141784093926,63.0
2026-06-03,mid_trade_amount_share_adv20,-0.31280649738307736,0.013986881661992336,63.0
2026-06-04,mid_trade_amount_share_adv20,-0.2067488879062729,0.00343171352634663,63.0
2026-06-05,mid_trade_amount_share_adv20,0.256387001809333,0.011392022463286274,63.0
2026-06-08,mid_trade_amount_share_adv20,0.3566700215693023,0.01870735969327182,63.0
2026-06-09,mid_trade_amount_share_adv20,-0.47682192483616614,0.007366767268960272,63.0
2026-06-10,mid_trade_amount_share_adv20,0.35116778800475756,0.012376941758425916,63.0
2026-06-11,mid_trade_amount_share_adv20,-0.07092676872172105,0.013736768101139187,63.0
2026-06-12,mid_trade_amount_share_adv20,0.19477772297813245,0.014452680256021509,63.0
2026-06-15,mid_trade_amount_share_adv20,-0.5061646689924044,0.002889450625447892,63.0
2026-06-16,mid_trade_amount_share_adv20,-0.39599774529389464,-0.009404396142156818,63.0
2026-06-17,mid_trade_amount_share_adv20,-0.19322713266711444,-0.012780069929141796,63.0
2026-06-18,mid_trade_amount_share_adv20,-0.1776995548281511,-0.022655735830018234,63.0
2026-06-22,mid_trade_amount_share_adv20,-0.06398038350823942,-0.019087930871111755,63.0
2026-06-23,mid_trade_amount_share_adv20,0.4214440701170434,-0.015694830854565266,63.0
2026-06-24,mid_trade_amount_share_adv20,-0.3983804574676951,-0.023457947591884364,63.0
2026-06-25,mid_trade_amount_share_adv20,-0.04765009549933449,-0.023333397399779906,63.0
2026-06-26,mid_trade_amount_share_adv20,0.22006730315799003,-0.01917546467336825,63.0
2026-06-29,mid_trade_amount_share_adv20,0.3018886043768789,-0.011271543069507279,63.0
2026-06-30,mid_trade_amount_share_adv20,-0.42098570683550535,-0.021970973342347024,63.0
2026-07-01,mid_trade_amount_share_adv20,0.2278158511315505,-0.01871258717034991,63.0
2026-07-02,mid_trade_amount_share_adv20,0.4588943588339048,-0.011815832473185881,63.0
2026-07-03,mid_trade_amount_share_adv20,0.22809088600685268,-0.014189876232945573,63.0
2026-07-06,mid_trade_amount_share_adv20,0.36165408242403563,-0.00829527365205878,63.0
2026-07-07,mid_trade_amount_share_adv20,0.014281179266953976,-0.01276743044595035,63.0
2026-07-08,mid_trade_amount_share_adv20,0.40665090074887916,-0.005440708469897985,63.0
2026-07-09,mid_trade_amount_share_adv20,-0.481508900575852,-0.011918043086454295,63.0
2026-07-10,mid_trade_amount_share_adv20,0.28757572760196576,-0.0032625200301735283,63.0
2026-07-13,mid_trade_amount_share_adv20,0.58868618799321,0.009499339211332513,63.0
2026-07-14,mid_trade_amount_share_adv20,-0.031543464422453565,0.007337660518557578,63.0
2026-07-15,mid_trade_amount_share_adv20,0.5480039743326949,0.019411961165079733,63.0
2026-07-16,mid_trade_amount_share_adv20,0.5609046883553863,0.03037253672138264,63.0
2026-07-17,mid_trade_amount_share_adv20,0.5328640534798966,0.035449556829095716,63.0
2026-07-20,mid_trade_amount_share_adv20,0.45786757716288745,0.04601823015139062,63.0
2026-07-21,mid_trade_amount_share_adv20,-0.655116042495221,0.03828999390106671,63.0
2026-07-22,mid_trade_amount_share_adv20,0.21472771397239962,0.04402416197837117,63.0
2026-07-23,mid_trade_amount_share_adv20,0.1408601594890466,0.04582535339770173,63.0
2026-07-24,mid_trade_amount_share_adv20,0.10269645173264136,0.05093100627342402,63.0
2026-07-27,mid_trade_amount_share_adv20,-0.3964607069099889,0.04104777596535798,63.0
2026-07-28,mid_trade_amount_share_adv20,0.5506572254906853,0.047879701000354755,63.0
2026-07-29,mid_trade_amount_share_adv20,0.3342173339760058,0.052823130206651865,63.0
2026-07-30,mid_trade_amount_share_adv20,0.6791564312220787,0.0617968278505437,63.0
2026-07-31,mid_trade_amount_share_adv20,-0.45211933999240916,0.05502808090288966,63.0
2023-01-04,mid_trade_amount_share_ats20,-0.14350169884773117,,1.0
2023-01-05,mid_trade_amount_share_ats20,0.32965997148097886,,2.0
2023-01-06,mid_trade_amount_share_ats20,0.1112637524369352,,3.0
2023-01-09,mid_trade_amount_share_ats20,-0.032326120724071886,,4.0
2023-01-10,mid_trade_amount_share_ats20,0.21975216040084758,,5.0
2023-01-11,mid_trade_amount_share_ats20,-0.10614900643094397,,6.0
2023-01-12,mid_trade_amount_share_ats20,0.0036818073943895406,,7.0
2023-01-13,mid_trade_amount_share_ats20,-0.07022485196624842,,8.0
2023-01-16,mid_trade_amount_share_ats20,0.08621331616000559,,9.0
2023-01-17,mid_trade_amount_share_ats20,0.10208201588834688,,10.0
2023-01-18,mid_trade_amount_share_ats20,-0.23181712078375757,,11.0
2023-01-19,mid_trade_amount_share_ats20,0.014699156623800249,,12.0
2023-01-20,mid_trade_amount_share_ats20,-0.22468353644059413,,13.0
2023-01-30,mid_trade_amount_share_ats20,-0.04251960878807959,,14.0
2023-01-31,mid_trade_amount_share_ats20,-0.1873949707277117,,15.0
2023-02-01,mid_trade_amount_share_ats20,-0.04448534356914113,,16.0
2023-02-02,mid_trade_amount_share_ats20,0.1962949388411779,,17.0
2023-02-03,mid_trade_amount_share_ats20,-0.00387332053229343,,18.0
2023-02-06,mid_trade_amount_share_ats20,-0.17998566464388502,,19.0
2023-02-07,mid_trade_amount_share_ats20,-0.2102372757589224,,20.0
2023-02-08,mid_trade_amount_share_ats20,0.11727775581265178,-0.01410826877020223,21.0
2023-02-09,mid_trade_amount_share_ats20,0.12475313774469829,-0.007796386655888569,22.0
2023-02-10,mid_trade_amount_share_ats20,-0.16667027463501144,-0.014703947002806955,23.0
2023-02-13,mid_trade_amount_share_ats20,0.0896915132168201,-0.010354136160322493,24.0
2023-02-14,mid_trade_amount_share_ats20,0.013213637229829975,-0.009411425224716396,25.0
2023-02-15,mid_trade_amount_share_ats20,0.017352808142562445,-0.00838203163366721,26.0
2023-02-16,mid_trade_amount_share_ats20,-0.01323914798000172,-0.008561924831679599,27.0
2023-02-17,mid_trade_amount_share_ats20,-0.17049097889076084,-0.014345105333789644,28.0
2023-02-20,mid_trade_amount_share_ats20,-0.13897716534405188,-0.01864276257552282,29.0
2023-02-21,mid_trade_amount_share_ats20,-0.10619233215894602,-0.02156108156163693,30.0
2023-02-22,mid_trade_amount_share_ats20,0.08439076148647437,-0.018143280172988177,31.0
2023-02-23,mid_trade_amount_share_ats20,0.10871954121398573,-0.014178817004645244,32.0
2023-02-24,mid_trade_amount_share_ats20,-0.09811540689800383,-0.016722350031716716,33.0
2023-02-27,mid_trade_amount_share_ats20,0.02958305223758634,-0.015360426435560744,34.0
2023-02-28,mid_trade_amount_share_ats20,-0.10986188299487222,-0.01806046805154107,35.0
2023-03-01,mid_trade_amount_share_ats20,-0.14467782313927396,-0.021577616803978097,36.0
2023-03-02,mid_trade_amount_share_ats20,-0.22226677556806623,-0.027001648121926423,37.0
2023-03-03,mid_trade_amount_share_ats20,-0.13092517662991549,-0.029736477819505083,38.0
2023-03-06,mid_trade_amount_share_ats20,0.2607067759212632,-0.022289214903075127,39.0
2023-03-07,mid_trade_amount_share_ats20,-0.10110485942926481,-0.02425960601622987,40.0
2023-03-08,mid_trade_amount_share_ats20,-0.09950779329405428,-0.02609492765715242,41.0
2023-03-09,mid_trade_amount_share_ats20,0.06408015917152733,-0.02394790178027909,42.0
2023-03-10,mid_trade_amount_share_ats20,0.12156500579366669,-0.020563880673908255,43.0
2023-03-13,mid_trade_amount_share_ats20,-0.021563809318203394,-0.020586606324914963,44.0
2023-03-14,mid_trade_amount_share_ats20,-0.012109628348736665,-0.020398229036555447,45.0
2023-03-15,mid_trade_amount_share_ats20,-0.28623902541654067,-0.02617737678394643,46.0
2023-03-16,mid_trade_amount_share_ats20,-0.09129385952696308,-0.02756283386358508,47.0
2023-03-17,mid_trade_amount_share_ats20,-0.23485656092687263,-0.031881453177403575,48.0
2023-03-20,mid_trade_amount_share_ats20,0.04264149578673115,-0.030360576667931436,49.0
2023-03-21,mid_trade_amount_share_ats20,0.21301073878599047,-0.025493150358852995,50.0
2023-03-22,mid_trade_amount_share_ats20,-0.20022911817834838,-0.028919345806294083,51.0
2023-03-23,mid_trade_amount_share_ats20,-0.08554911841617331,-0.03000837989494561,52.0
2023-03-24,mid_trade_amount_share_ats20,-0.08577839601011836,-0.031060644349948863,53.0
2023-03-27,mid_trade_amount_share_ats20,0.07447991011185863,-0.029106189637693174,54.0
2023-03-28,mid_trade_amount_share_ats20,0.0580736265525754,-0.02752110207059738,55.0
2023-03-29,mid_trade_amount_share_ats20,0.20155169519744912,-0.02343051640509655,56.0
2023-03-30,mid_trade_amount_share_ats20,0.21427862608352538,-0.019260180571962833,57.0
2023-03-31,mid_trade_amount_share_ats20,-0.07448753409136506,-0.020212376322297353,58.0
2023-04-03,mid_trade_amount_share_ats20,-0.0829418129208692,-0.021275587112103655,59.0
2023-04-04,mid_trade_amount_share_ats20,-0.1509462498177565,-0.023436764823864534,60.0
2023-04-06,mid_trade_amount_share_ats20,0.1807404193773464,-0.020089597869746324,61.0
2023-04-07,mid_trade_amount_share_ats20,0.12874843854015677,-0.017688984379264017,62.0
2023-04-10,mid_trade_amount_share_ats20,0.08543818520915845,-0.016052045179447784,63.0
2023-04-11,mid_trade_amount_share_ats20,-0.14839409698662956,-0.016129702292763632,63.0
2023-04-12,mid_trade_amount_share_ats20,-0.24975159108283126,-0.02532671122234792,63.0
2023-04-13,mid_trade_amount_share_ats20,-0.051655949255198244,-0.027912738233334167,63.0
2023-04-14,mid_trade_amount_share_ats20,0.07525993260672464,-0.0262050231010993,63.0
2023-04-17,mid_trade_amount_share_ats20,-0.017499198779040145,-0.02997091769125625,63.0
2023-04-18,mid_trade_amount_share_ats20,0.0009139071085831858,-0.028271506365232006,63.0
2023-04-19,mid_trade_amount_share_ats20,-0.07532528652968976,-0.029525587221169776,63.0
2023-04-20,mid_trade_amount_share_ats20,-0.10956512544258624,-0.030150036006508472,63.0
2023-04-21,mid_trade_amount_share_ats20,-0.003929578320377187,-0.03158087560143518,63.0
2023-04-24,mid_trade_amount_share_ats20,-0.23825602578453906,-0.03698306673910005,63.0
2023-04-25,mid_trade_amount_share_ats20,-0.1373882257617993,-0.03548419538954515,63.0
2023-04-26,mid_trade_amount_share_ats20,0.03129461386744221,-0.03522077543329686,63.0
2023-04-27,mid_trade_amount_share_ats20,0.113390036218334,-0.02985452824823451,63.0
2023-04-28,mid_trade_amount_share_ats20,-0.18309683694481274,-0.03208591282215091,63.0
2023-05-04,mid_trade_amount_share_ats20,-0.3268128520537115,-0.03429889506542075,63.0
2023-05-05,mid_trade_amount_share_ats20,-0.24701034348586395,-0.03751357760378143,63.0
2023-05-08,mid_trade_amount_share_ats20,-0.16493227163172233,-0.043247342849383016,63.0
2023-05-09,mid_trade_amount_share_ats20,-0.3027636632879611,-0.04799163400423489,63.0
2023-05-10,mid_trade_amount_share_ats20,0.15124852133513683,-0.04273394851250438,63.0
2023-05-11,mid_trade_amount_share_ats20,-0.11652801654167186,-0.0412464999535004,63.0
2023-05-12,mid_trade_amount_share_ats20,0.05292251963250411,-0.04226801163889957,63.0
2023-05-15,mid_trade_amount_share_ats20,0.24154021616815657,-0.04041424848932087,63.0
2023-05-16,mid_trade_amount_share_ats20,0.17344144873175418,-0.03501564970572141,63.0
2023-05-17,mid_trade_amount_share_ats20,-0.07945640323176817,-0.03770053726839742,63.0
2023-05-18,mid_trade_amount_share_ats20,-0.013001056011805977,-0.038116643510328146,63.0
2023-05-19,mid_trade_amount_share_ats20,0.35196956725616635,-0.03280526638154078,63.0
2023-05-22,mid_trade_amount_share_ats20,0.18362998543263098,-0.029680359501975187,63.0
2023-05-23,mid_trade_amount_share_ats20,0.1421770650168212,-0.024717374678045315,63.0
2023-05-24,mid_trade_amount_share_ats20,0.0733763533287595,-0.021346683905461006,63.0
2023-05-25,mid_trade_amount_share_ats20,0.10201830414575593,-0.01804175317046574,63.0
2023-05-26,mid_trade_amount_share_ats20,0.007716747099099238,-0.01925880101788439,63.0
2023-05-29,mid_trade_amount_share_ats20,-0.02579902715532117,-0.02139401638882577,63.0
2023-05-30,mid_trade_amount_share_ats20,-0.25014564470047984,-0.02380719476664285,63.0
2023-05-31,mid_trade_amount_share_ats20,-0.07445958704597208,-0.025458665231461234,63.0
2023-06-01,mid_trade_amount_share_ats20,-0.03339510788379642,-0.024244906896364795,63.0
2023-06-02,mid_trade_amount_share_ats20,0.01754953272271617,-0.02166986950173003,63.0
2023-06-05,mid_trade_amount_share_ats20,-0.14374116842626156,-0.020423431293129953,63.0
2023-06-06,mid_trade_amount_share_ats20,-0.06712557685548433,-0.01941073923321835,63.0
2023-06-07,mid_trade_amount_share_ats20,-0.12428740296345497,-0.025521757945674194,63.0
2023-06-08,mid_trade_amount_share_ats20,-0.2698907580788531,-0.028200899194080357,63.0
2023-06-09,mid_trade_amount_share_ats20,0.15064088813858978,-0.024230285203086007,63.0
2023-06-12,mid_trade_amount_share_ats20,0.07658256124153179,-0.024031834376578,63.0
2023-06-13,mid_trade_amount_share_ats20,-0.036024438833486376,-0.026533254132564556,63.0
2023-06-14,mid_trade_amount_share_ats20,0.07252681355242141,-0.02503975218223718,63.0
2023-06-15,mid_trade_amount_share_ats20,0.18789384638187479,-0.021865093853179855,63.0
2023-06-16,mid_trade_amount_share_ats20,-0.0061017748751228075,-0.017418470828712902,63.0
2023-06-19,mid_trade_amount_share_ats20,0.14928418481139424,-0.013599771712231042,63.0
2023-06-20,mid_trade_amount_share_ats20,0.18654825953952775,-0.006910806308002464,63.0
2023-06-21,mid_trade_amount_share_ats20,-0.21445692453435886,-0.010991733614686432,63.0
2023-06-26,mid_trade_amount_share_ats20,-0.0045458875622975525,-0.014445013397992593,63.0
2023-06-27,mid_trade_amount_share_ats20,-0.13915748557400373,-0.013475622404272835,63.0
2023-06-28,mid_trade_amount_share_ats20,-0.11718668273224057,-0.013977805964845331,63.0
2023-06-29,mid_trade_amount_share_ats20,0.14002962324015159,-0.010393551691031523,63.0
2023-06-30,mid_trade_amount_share_ats20,0.0554889609222688,-0.01069499532896152,63.0
2023-07-03,mid_trade_amount_share_ats20,-0.06634712262595921,-0.012669927855604926,63.0
2023-07-04,mid_trade_amount_share_ats20,0.23291407743465498,-0.012172112264538166,63.0
2023-07-05,mid_trade_amount_share_ats20,-0.24277749345131797,-0.019426971304773773,63.0
2023-07-06,mid_trade_amount_share_ats20,-0.1092086956481037,-0.019978100853293438,63.0
2023-07-07,mid_trade_amount_share_ats20,-0.2624767497536869,-0.022827861755401652,63.0
2023-07-10,mid_trade_amount_share_ats20,0.012384090458269232,-0.02023531667165521,63.0
2023-07-11,mid_trade_amount_share_ats20,0.25833889524707815,-0.019003594832453126,63.0
2023-07-12,mid_trade_amount_share_ats20,-0.1546331992965393,-0.023501716067956233,63.0
2023-07-13,mid_trade_amount_share_ats20,0.07562228923487897,-0.023657523940563845,63.0
2023-07-14,mid_trade_amount_share_ats20,-0.12538704511961257,-0.023292332641087387,63.0
2023-07-17,mid_trade_amount_share_ats20,-0.08032052199413821,-0.02060295059206051,63.0
2023-07-18,mid_trade_amount_share_ats20,-0.031316469571807094,-0.02028010170819716,63.0
2023-07-19,mid_trade_amount_share_ats20,-0.2354698373556785,-0.025212320279028953,63.0
2023-07-20,mid_trade_amount_share_ats20,-0.10497021891657835,-0.026600749170100992,63.0
2023-07-21,mid_trade_amount_share_ats20,-0.05886161125641377,-0.02754956692192634,63.0
2023-07-24,mid_trade_amount_share_ats20,0.035861772837830326,-0.025784692963711737,63.0
2023-07-25,mid_trade_amount_share_ats20,-0.0775585826214145,-0.025276652601470915,63.0
2023-07-26,mid_trade_amount_share_ats20,-0.14975955959966117,-0.027591414209078593,63.0
2023-07-27,mid_trade_amount_share_ats20,-0.15955187832581488,-0.026342142027194083,63.0
2023-07-28,mid_trade_amount_share_ats20,-0.18133800373105846,-0.02703975755051566,63.0
2023-07-31,mid_trade_amount_share_ats20,-0.1648847828892683,-0.030153716229193606,63.0
2023-08-01,mid_trade_amount_share_ats20,-0.113158150585272,-0.0337497191943302,63.0
2023-08-02,mid_trade_amount_share_ats20,-0.008531638172113254,-0.030978843023334975,63.0
2023-08-03,mid_trade_amount_share_ats20,-0.009123511663556284,-0.0259361550806341,63.0
2023-08-04,mid_trade_amount_share_ats20,-0.014679033647621909,-0.022248356511773114,63.0
2023-08-07,mid_trade_amount_share_ats20,-0.025671752442225984,-0.020037872080193805,63.0
2023-08-08,mid_trade_amount_share_ats20,0.06388501674042249,-0.014218051762282956,63.0
2023-08-09,mid_trade_amount_share_ats20,0.07322025091166533,-0.015456595737258697,63.0
2023-08-10,mid_trade_amount_share_ats20,-0.0022740209372020567,-0.013643040251473459,63.0
2023-08-11,mid_trade_amount_share_ats20,0.07722710594940782,-0.013257253167078164,63.0
2023-08-14,mid_trade_amount_share_ats20,0.00600723520848196,-0.016995871912469825,63.0
2023-08-15,mid_trade_amount_share_ats20,-0.13549969442915769,-0.02189969958169065,63.0
2023-08-16,mid_trade_amount_share_ats20,-0.20281407744431704,-0.023857757902524753,63.0
2023-08-17,mid_trade_amount_share_ats20,0.08555029239384297,-0.022293450784974772,63.0
2023-08-18,mid_trade_amount_share_ats20,0.0395227158814249,-0.027252924616319875,63.0
2023-08-21,mid_trade_amount_share_ats20,-0.035814207251928,-0.030736165770043036,63.0
2023-08-22,mid_trade_amount_share_ats20,-0.021832304164528152,-0.03333948909038191,63.0
2023-08-23,mid_trade_amount_share_ats20,-0.20525995955448628,-0.037762287707576295,63.0
2023-08-24,mid_trade_amount_share_ats20,0.3634840749761792,-0.033612037376934654,63.0
2023-08-25,mid_trade_amount_share_ats20,-0.21066397476356943,-0.037078398041421455,63.0
2023-08-28,mid_trade_amount_share_ats20,-0.32548975506893507,-0.04183539372258993,63.0
2023-08-29,mid_trade_amount_share_ats20,0.4118524606375225,-0.03132748728865339,63.0
2023-08-30,mid_trade_amount_share_ats20,0.39033705995329043,-0.023949762733109538,63.0
2023-08-31,mid_trade_amount_share_ats20,0.1743647283416352,-0.02065198755492808,63.0
2023-09-01,mid_trade_amount_share_ats20,-0.11038239213415064,-0.022682653028846603,63.0
2023-09-04,mid_trade_amount_share_ats20,-0.2861971853739615,-0.024943859647064064,63.0
2023-09-05,mid_trade_amount_share_ats20,0.22308808513309056,-0.02033729358375335,63.0
2023-09-06,mid_trade_amount_share_ats20,0.015250616435665595,-0.01812240438694191,63.0
2023-09-07,mid_trade_amount_share_ats20,-0.0609462398160606,-0.014805824731976953,63.0
2023-09-08,mid_trade_amount_share_ats20,0.06666060259256254,-0.01613884513746945,63.0
2023-09-11,mid_trade_amount_share_ats20,0.13530262646417948,-0.015206780610125835,63.0
2023-09-12,mid_trade_amount_share_ats20,-0.005662934458050239,-0.014724851969245896,63.0
2023-09-13,mid_trade_amount_share_ats20,-0.06894129418126835,-0.016970377488828275,63.0
2023-09-14,mid_trade_amount_share_ats20,-0.2931946869479957,-0.024606703414699234,63.0
2023-09-15,mid_trade_amount_share_ats20,0.028097070585381797,-0.02406386459786583,63.0
2023-09-18,mid_trade_amount_share_ats20,0.1192218655684264,-0.024541044268389125,63.0
2023-09-19,mid_trade_amount_share_ats20,-0.11103078151807233,-0.029264521110573254,63.0
2023-09-20,mid_trade_amount_share_ats20,-0.13778112222056332,-0.028047444883370146,63.0
2023-09-21,mid_trade_amount_share_ats20,-0.05713181309918745,-0.028882142114114433,63.0
2023-09-22,mid_trade_amount_share_ats20,0.14577489818828424,-0.024359405863919388,63.0
2023-09-25,mid_trade_amount_share_ats20,0.14116282492257745,-0.020258620028128626,63.0
2023-09-26,mid_trade_amount_share_ats20,-0.026002424976562376,-0.022894049364901862,63.0
2023-09-27,mid_trade_amount_share_ats20,0.19342240326973345,-0.020704629645100836,63.0
2023-09-28,mid_trade_amount_share_ats20,-0.06342863569800347,-0.020658304455768207,63.0
2023-10-09,mid_trade_amount_share_ats20,-0.08449700415984598,-0.02569657559218886,63.0
2023-10-10,mid_trade_amount_share_ats20,-0.06955428112811922,-0.02294700079340792,63.0
2023-10-11,mid_trade_amount_share_ats20,0.30851667745730754,-0.01631643931554425,63.0
2023-10-12,mid_trade_amount_share_ats20,-0.13369476662854385,-0.014272280853240395,63.0
2023-10-13,mid_trade_amount_share_ats20,-0.023446687171497595,-0.014841023355300185,63.0
2023-10-16,mid_trade_amount_share_ats20,-0.1958118909515908,-0.022049765993374295,63.0
2023-10-17,mid_trade_amount_share_ats20,0.07563075816424465,-0.01839478254161582,63.0
2023-10-18,mid_trade_amount_share_ats20,-0.08966539011348842,-0.02101839649952641,63.0
2023-10-19,mid_trade_amount_share_ats20,0.14676151754497743,-0.01669857804453292,63.0
2023-10-20,mid_trade_amount_share_ats20,-0.19563092431505918,-0.018528901890896746,63.0
2023-10-23,mid_trade_amount_share_ats20,0.06560120893486857,-0.016990526041584433,63.0
2023-10-24,mid_trade_amount_share_ats20,-0.05497330662503575,-0.014125501744272644,63.0
2023-10-25,mid_trade_amount_share_ats20,-0.2066956306348309,-0.015740190819165542,63.0
2023-10-26,mid_trade_amount_share_ats20,0.013228307361499707,-0.014595906396658979,63.0
2023-10-27,mid_trade_amount_share_ats20,0.3009081308490737,-0.010388821348861463,63.0
2023-10-30,mid_trade_amount_share_ats20,0.19939136590363976,-0.005992790419892349,63.0
2023-10-31,mid_trade_amount_share_ats20,0.008199768445937146,-0.0034854994985336453,63.0
2023-11-01,mid_trade_amount_share_ats20,-0.07241587644973418,-0.0021023883576434758,63.0
2023-11-02,mid_trade_amount_share_ats20,-0.21993176361268657,-0.0027149877208439217,63.0
2023-11-03,mid_trade_amount_share_ats20,0.2161858939819206,0.0033337531818733624,63.0
2023-11-06,mid_trade_amount_share_ats20,0.12649446144543575,0.007137762896646502,63.0
2023-11-07,mid_trade_amount_share_ats20,-0.04355095701284604,0.006581900692825345,63.0
2023-11-08,mid_trade_amount_share_ats20,0.14404953502469603,0.009013218894226176,63.0
2023-11-09,mid_trade_amount_share_ats20,0.025088607287578675,0.009644451290023011,63.0
2023-11-10,mid_trade_amount_share_ats20,0.056972335170382686,0.010956262204508863,63.0
2023-11-13,mid_trade_amount_share_ats20,-0.16249689006780485,0.00736289860437827,63.0
2023-11-14,mid_trade_amount_share_ats20,0.06966469984808439,0.007306461285908731,63.0
2023-11-15,mid_trade_amount_share_ats20,0.0496375026050495,0.008130453723087327,63.0
2023-11-16,mid_trade_amount_share_ats20,-0.11424884137239587,0.005091152971947586,63.0
2023-11-17,mid_trade_amount_share_ats20,0.13145188370469976,0.007082337868712948,63.0
2023-11-20,mid_trade_amount_share_ats20,0.09505141477599707,0.010741879284667785,63.0
2023-11-21,mid_trade_amount_share_ats20,-0.11274579352955001,0.012171534584902183,63.0
2023-11-22,mid_trade_amount_share_ats20,-0.23332080020070287,0.007110088670703043,63.0
2023-11-23,mid_trade_amount_share_ats20,0.18005138061194265,0.009340702396584277,63.0
2023-11-24,mid_trade_amount_share_ats20,-0.1963988919458008,0.006791739147475185,63.0
2023-11-27,mid_trade_amount_share_ats20,0.19802632160296732,0.010281558604102096,63.0
2023-11-28,mid_trade_amount_share_ats20,0.1761181974807797,0.016335180144344413,63.0
2023-11-29,mid_trade_amount_share_ats20,0.18133245969791972,0.013443884663737122,63.0
2023-11-30,mid_trade_amount_share_ats20,-0.07647583064748159,0.015573855205262326,63.0
2023-12-01,mid_trade_amount_share_ats20,-0.15543452450289763,0.01827314457932641,63.0
2023-12-04,mid_trade_amount_share_ats20,-0.2051731854362924,0.008479086705138873,63.0
2023-12-05,mid_trade_amount_share_ats20,-0.05511808420548709,0.001408370131190024,63.0
2023-12-06,mid_trade_amount_share_ats20,-0.11017361522961186,-0.0031081115127980243,63.0
2023-12-07,mid_trade_amount_share_ats20,-0.06831897605158417,-0.0024404382416461754,63.0
2023-12-08,mid_trade_amount_share_ats20,0.22788135156853184,0.005719538535218798,63.0
2023-12-11,mid_trade_amount_share_ats20,0.06877971515811201,0.0032701993292667576,63.0
2023-12-12,mid_trade_amount_share_ats20,-0.17078165127840805,0.00031730619094812813,63.0
2023-12-13,mid_trade_amount_share_ats20,-0.036892229178215996,0.0006991158836123285,63.0
2023-12-14,mid_trade_amount_share_ats20,-0.09532303798626175,-0.0018720530144642475,63.0
2023-12-15,mid_trade_amount_share_ats20,-0.1172419488871895,-0.005880697067660581,63.0
2023-12-18,mid_trade_amount_share_ats20,-0.0009732241626946124,-0.005806257221702555,63.0
2023-12-19,mid_trade_amount_share_ats20,0.23852180084950392,-0.0009258906339125192,63.0
2023-12-20,mid_trade_amount_share_ats20,-0.07735379032042981,0.0025001553443028133,63.0
2023-12-21,mid_trade_amount_share_ats20,0.0513901770927032,0.0028698871936253755,63.0
2023-12-22,mid_trade_amount_share_ats20,-0.04080973277817539,0.00032970309288566453,63.0
2023-12-25,mid_trade_amount_share_ats20,0.15645299118725212,0.0045754772628114485,63.0
2023-12-26,mid_trade_amount_share_ats20,-0.1607106579565278,0.0042115163781136005,63.0
2023-12-27,mid_trade_amount_share_ats20,0.07864590653056053,0.006366718276998489,63.0
2023-12-28,mid_trade_amount_share_ats20,0.058855393877510535,0.004987043605398906,63.0
2023-12-29,mid_trade_amount_share_ats20,0.2853694640990575,0.007276037878041446,63.0
2024-01-02,mid_trade_amount_share_ats20,-0.31000679355557953,0.002768032027580856,63.0
2024-01-03,mid_trade_amount_share_ats20,-0.3242324658376144,-0.00544871192650403,63.0
2024-01-04,mid_trade_amount_share_ats20,-0.14744970262664928,-0.0067823796555301534,63.0
2024-01-05,mid_trade_amount_share_ats20,-0.19977140699392434,-0.008612132081467905,63.0
2024-01-08,mid_trade_amount_share_ats20,-0.18565270058122713,-0.010454964136279141,63.0
2024-01-09,mid_trade_amount_share_ats20,-0.03796923737031161,-0.015954740562114364,63.0
2024-01-10,mid_trade_amount_share_ats20,0.005963302989106586,-0.013737945806278646,63.0
2024-01-11,mid_trade_amount_share_ats20,0.10066050993060077,-0.011767990296721527,63.0
2024-01-12,mid_trade_amount_share_ats20,-0.13456493129738092,-0.010795816333956293,63.0
2024-01-15,mid_trade_amount_share_ats20,-0.027246953715932644,-0.012428795887609902,63.0
2024-01-16,mid_trade_amount_share_ats20,0.041762870362270305,-0.010342633022915318,63.0
2024-01-17,mid_trade_amount_share_ats20,-0.27321377747766795,-0.01700890754708429,63.0
2024-01-18,mid_trade_amount_share_ats20,0.23837388821129285,-0.010119942268888227,63.0
2024-01-19,mid_trade_amount_share_ats20,-0.07106054858683902,-0.012289176515264538,63.0
2024-01-22,mid_trade_amount_share_ats20,-0.07498567012328547,-0.01260683307872882,63.0
2024-01-23,mid_trade_amount_share_ats20,-0.04726153510019038,-0.010076133149607543,63.0
2024-01-24,mid_trade_amount_share_ats20,-0.4438386179637701,-0.017331163710326114,63.0
2024-01-25,mid_trade_amount_share_ats20,-0.12028098514739023,-0.02401670523407951,63.0
2024-01-26,mid_trade_amount_share_ats20,-0.4879852488988903,-0.034927445151579986,63.0
2024-01-29,mid_trade_amount_share_ats20,-0.12744288557886532,-0.03708050315197367,63.0
2024-01-30,mid_trade_amount_share_ats20,-0.10363615322722133,-0.037576063100822676,63.0
2024-01-31,mid_trade_amount_share_ats20,-0.12461449721214692,-0.03606309061827443,63.0
2024-02-01,mid_trade_amount_share_ats20,0.2986944904012283,-0.0347534303576505,63.0
2024-02-02,mid_trade_amount_share_ats20,-0.22370597841853612,-0.04031216749834846,63.0
2024-02-05,mid_trade_amount_share_ats20,0.07926285143884644,-0.03836274196736921,63.0
2024-02-06,mid_trade_amount_share_ats20,0.17499534876660494,-0.0378715385746405,63.0
2024-02-07,mid_trade_amount_share_ats20,0.03165068334838062,-0.037767378637167455,63.0
2024-02-08,mid_trade_amount_share_ats20,0.1260825467460768,-0.036670391151838976,63.0
2024-02-19,mid_trade_amount_share_ats20,-0.17758945361067796,-0.0369099556525195,63.0
2024-02-20,mid_trade_amount_share_ats20,-0.013819917481142726,-0.038235108308538976,63.0
2024-02-21,mid_trade_amount_share_ats20,0.036834903573719435,-0.03843832416617914,63.0
2024-02-22,mid_trade_amount_share_ats20,-0.02996986318018058,-0.03710056260757255,63.0
2024-02-23,mid_trade_amount_share_ats20,-0.0006309387085313976,-0.039197115344290503,63.0
2024-02-26,mid_trade_amount_share_ats20,0.24719200512595213,-0.036782185338735666,63.0
2024-02-27,mid_trade_amount_share_ats20,0.1298760561847674,-0.03293104486707984,63.0
2024-02-28,mid_trade_amount_share_ats20,-0.1449696979111137,-0.031528646418038736,63.0
2024-02-29,mid_trade_amount_share_ats20,0.1820314074688704,-0.03149721742030972,63.0
2024-03-01,mid_trade_amount_share_ats20,0.1579863638205236,-0.025872054630368065,63.0
2024-03-04,mid_trade_amount_share_ats20,0.1382219391457878,-0.026821330542386786,63.0
2024-03-05,mid_trade_amount_share_ats20,-0.051514754330034204,-0.030434551999701295,63.0
2024-03-06,mid_trade_amount_share_ats20,-0.06339877094361192,-0.03431917470829703,63.0
2024-03-07,mid_trade_amount_share_ats20,-0.28596328445217856,-0.03764437238773667,63.0
2024-03-08,mid_trade_amount_share_ats20,0.12876649909078075,-0.03313324502910685,63.0
2024-03-11,mid_trade_amount_share_ats20,0.20550170153811276,-0.02661459602951312,63.0
2024-03-12,mid_trade_amount_share_ats20,0.1559978578684544,-0.023263549329926747,63.0
2024-03-13,mid_trade_amount_share_ats20,0.21021759839702953,-0.018177974510456246,63.0
2024-03-14,mid_trade_amount_share_ats20,-0.10755911346016697,-0.018800833834402005,63.0
2024-03-15,mid_trade_amount_share_ats20,-0.09695631198861358,-0.023956987224197965,63.0
2024-03-18,mid_trade_amount_share_ats20,0.19296545972887078,-0.021985784929424018,63.0
2024-03-19,mid_trade_amount_share_ats20,0.022104940260564893,-0.01892409300023397,63.0
2024-03-20,mid_trade_amount_share_ats20,-0.08034300302627619,-0.01961378782321905,63.0
2024-03-21,mid_trade_amount_share_ats20,-0.2177596291697671,-0.021557225778512788,63.0
2024-03-22,mid_trade_amount_share_ats20,-0.027029301589387537,-0.020125278996007995,63.0
2024-03-25,mid_trade_amount_share_ats20,-0.0925250448767117,-0.021578482499405097,63.0
2024-03-26,mid_trade_amount_share_ats20,-0.08036301903238907,-0.026640146307054188,63.0
2024-03-27,mid_trade_amount_share_ats20,0.007950599377259598,-0.025286108375344833,63.0
2024-03-28,mid_trade_amount_share_ats20,-0.07658676521350248,-0.027317488411951273,63.0
2024-03-29,mid_trade_amount_share_ats20,0.03782019058961731,-0.02606939439024028,63.0
2024-04-01,mid_trade_amount_share_ats20,0.12878919715672477,-0.02650850223199468,63.0
2024-04-02,mid_trade_amount_share_ats20,-0.24830803215220118,-0.027898936743037114,63.0
2024-04-03,mid_trade_amount_share_ats20,-0.15243531137921837,-0.03156689258287487,63.0
2024-04-08,mid_trade_amount_share_ats20,-0.18290742717843303,-0.035404397679000964,63.0
2024-04-09,mid_trade_amount_share_ats20,0.16255657070678237,-0.03735380868522755,63.0
2024-04-10,mid_trade_amount_share_ats20,-0.11790775037028288,-0.03430461752355617,63.0
2024-04-11,mid_trade_amount_share_ats20,-0.18676769761714346,-0.03212263707561219,63.0
2024-04-12,mid_trade_amount_share_ats20,0.18196553811888694,-0.026893823730444952,63.0
2024-04-15,mid_trade_amount_share_ats20,0.07583466028265852,-0.022519124249864273,63.0
2024-04-16,mid_trade_amount_share_ats20,0.06697965753908693,-0.018509086819383097,63.0
2024-04-17,mid_trade_amount_share_ats20,-0.11946920370604167,-0.0198027370786804,63.0
2024-04-18,mid_trade_amount_share_ats20,0.16738887585439732,-0.01724042639827896,63.0
2024-04-19,mid_trade_amount_share_ats20,-0.22408246591035777,-0.0223950768084529,63.0
2024-04-22,mid_trade_amount_share_ats20,0.369922005544469,-0.014387347652233061,63.0
2024-04-23,mid_trade_amount_share_ats20,0.2875701274906033,-0.00939025112514519,63.0
2024-04-24,mid_trade_amount_share_ats20,0.05226336157477827,-0.009223576661454586,63.0
2024-04-25,mid_trade_amount_share_ats20,0.04489667409306758,-0.004174204414300054,63.0
2024-04-26,mid_trade_amount_share_ats20,0.0785800666323018,-0.006710614280633246,63.0
2024-04-29,mid_trade_amount_share_ats20,0.04286795881889996,-0.004902225274192944,63.0
2024-04-30,mid_trade_amount_share_ats20,0.030004840227834974,-0.0032357092368735726,63.0
2024-05-06,mid_trade_amount_share_ats20,0.051398440859579904,-0.0016696778724327745,63.0
2024-05-07,mid_trade_amount_share_ats20,0.08046436975319719,0.0066525917738682935,63.0
2024-05-08,mid_trade_amount_share_ats20,-0.04602727519047992,0.007831222090644647,63.0
2024-05-09,mid_trade_amount_share_ats20,0.07784010179828425,0.01681257686361567,63.0
2024-05-10,mid_trade_amount_share_ats20,-0.2942637553923159,0.014164626549116457,63.0
2024-05-13,mid_trade_amount_share_ats20,-0.08801568697726628,0.014412570457845901,63.0
2024-05-14,mid_trade_amount_share_ats20,0.06744960387314118,0.017461206983009202,63.0
2024-05-15,mid_trade_amount_share_ats20,0.03487158641964401,0.013273541840444374,63.0
2024-05-16,mid_trade_amount_share_ats20,-0.1245345094239754,0.01484769214194534,63.0
2024-05-17,mid_trade_amount_share_ats20,-0.06882461390059041,0.012497097454017767,63.0
2024-05-20,mid_trade_amount_share_ats20,0.0778006383109577,0.010954324272182098,63.0
2024-05-21,mid_trade_amount_share_ats20,0.038961449261135414,0.011070368175559158,63.0
2024-05-22,mid_trade_amount_share_ats20,-0.03156336740584957,0.008568052077909534,63.0
2024-05-23,mid_trade_amount_share_ats20,0.19409415670968136,0.014467791924264443,63.0
2024-05-24,mid_trade_amount_share_ats20,-0.14417720574839069,0.012398628618435112,63.0
2024-05-27,mid_trade_amount_share_ats20,0.06972456005539877,0.012920686657826847,63.0
2024-05-28,mid_trade_amount_share_ats20,0.12327466000280596,0.015353139406763142,63.0
2024-05-29,mid_trade_amount_share_ats20,-0.03384740510898732,0.014825893908343206,63.0
2024-05-30,mid_trade_amount_share_ats20,0.31142352014618435,0.015845441765807208,63.0
2024-05-31,mid_trade_amount_share_ats20,0.0726883942907734,0.014937701100823177,63.0
2024-06-03,mid_trade_amount_share_ats20,0.28712825181922735,0.021796398715590495,63.0
2024-06-04,mid_trade_amount_share_ats20,0.015330227176911704,0.019150348234765753,63.0
2024-06-05,mid_trade_amount_share_ats20,0.19413479178022297,0.019724132805554635,63.0
2024-06-06,mid_trade_amount_share_ats20,0.020401094919657116,0.017853960674981132,63.0
2024-06-07,mid_trade_amount_share_ats20,-0.40666652064048076,0.012216631051005787,63.0
2024-06-11,mid_trade_amount_share_ats20,0.3346537809740934,0.01853492552589,63.0
2024-06-12,mid_trade_amount_share_ats20,-0.11568250704616435,0.021237795008525143,63.0
2024-06-13,mid_trade_amount_share_ats20,0.2995550691748719,0.023948724692399604,63.0
2024-06-14,mid_trade_amount_share_ats20,-0.20312932568979214,0.01746251791100429,63.0
2024-06-17,mid_trade_amount_share_ats20,0.1962989846931323,0.01810221833679283,63.0
2024-06-18,mid_trade_amount_share_ats20,-0.19782748546817278,0.011625312243694381,63.0
2024-06-19,mid_trade_amount_share_ats20,-0.21117271369430457,0.009980651922517594,63.0
2024-06-20,mid_trade_amount_share_ats20,0.27810077366886815,0.015933938996445875,63.0
2024-06-21,mid_trade_amount_share_ats20,-0.029769804552539816,0.012398458611026657,63.0
2024-06-24,mid_trade_amount_share_ats20,-0.08371702814158848,0.010718744826865495,63.0
2024-06-25,mid_trade_amount_share_ats20,-0.27720352369617596,0.007593974657502006,63.0
2024-06-26,mid_trade_amount_share_ats20,0.03220199358193394,0.011561619463084562,63.0
2024-06-27,mid_trade_amount_share_ats20,-0.09958558510699263,0.010409932423122577,63.0
2024-06-28,mid_trade_amount_share_ats20,-0.10365205370697438,0.01023331323534063,63.0
2024-07-01,mid_trade_amount_share_ats20,-0.2618351895718776,0.007352802591856685,63.0
2024-07-02,mid_trade_amount_share_ats20,-0.4040961931100653,0.0008123773142800983,63.0
2024-07-03,mid_trade_amount_share_ats20,-0.13615444364303034,-0.00013314139095050234,63.0
2024-07-04,mid_trade_amount_share_ats20,0.043717130434131286,-3.953917119631223e-05,63.0
2024-07-05,mid_trade_amount_share_ats20,0.058852990956995574,-0.0011496376823031248,63.0
2024-07-08,mid_trade_amount_share_ats20,0.05268078269410471,0.0036279625533525237,63.0
2024-07-09,mid_trade_amount_share_ats20,0.08718902133513458,0.007431523390088286,63.0
2024-07-10,mid_trade_amount_share_ats20,0.23500363703929988,0.014065032345925314,63.0
2024-07-11,mid_trade_amount_share_ats20,-0.11095082673484352,0.009723645084947129,63.0
2024-07-12,mid_trade_amount_share_ats20,-0.044936299397203255,0.01088192208451982,63.0
2024-07-15,mid_trade_amount_share_ats20,-0.10764590840734964,0.012137823500548293,63.0
2024-07-16,mid_trade_amount_share_ats20,0.04551325807480412,0.009971914293499359,63.0
2024-07-17,mid_trade_amount_share_ats20,0.052259226524972065,0.009597701059250369,63.0
2024-07-18,mid_trade_amount_share_ats20,0.04890091623688476,0.009310736911596364,63.0
2024-07-19,mid_trade_amount_share_ats20,0.22392806453414515,0.01476148720112314,63.0
2024-07-22,mid_trade_amount_share_ats20,0.027284800448400915,0.012537612988329547,63.0
2024-07-23,mid_trade_amount_share_ats20,-0.4636250600713589,0.008735349588948576,63.0
2024-07-24,mid_trade_amount_share_ats20,-0.12386686526086069,0.0008974310047369931,63.0
2024-07-25,mid_trade_amount_share_ats20,-0.09624425917962759,-0.005194860847171434,63.0
2024-07-26,mid_trade_amount_share_ats20,-0.12988285068127758,-0.008086070565521528,63.0
2024-07-29,mid_trade_amount_share_ats20,-0.3842325145112922,-0.014897644987812951,63.0
2024-07-30,mid_trade_amount_share_ats20,-0.1794079429763355,-0.018992692759378624,63.0
2024-07-31,mid_trade_amount_share_ats20,0.31831733715066557,-0.014620480404906152,63.0
2024-08-01,mid_trade_amount_share_ats20,-0.10234661879112181,-0.01672129721473086,63.0
2024-08-02,mid_trade_amount_share_ats20,-0.12490888219749341,-0.019519826152144728,63.0
2024-08-05,mid_trade_amount_share_ats20,-0.11197630009381304,-0.022574439959240123,63.0
2024-08-06,mid_trade_amount_share_ats20,0.13654101394538418,-0.019676530607877205,63.0
2024-08-07,mid_trade_amount_share_ats20,0.0236078243427151,-0.020537360408759253,63.0
2024-08-08,mid_trade_amount_share_ats20,-0.02112307522541986,-0.01620179405690376,63.0
2024-08-09,mid_trade_amount_share_ats20,-0.11120449903988186,-0.01656987043885004,63.0
2024-08-12,mid_trade_amount_share_ats20,0.18879279038592756,-0.014643788113250256,63.0
2024-08-13,mid_trade_amount_share_ats20,0.018767995845584903,-0.014899400662044846,63.0
2024-08-14,mid_trade_amount_share_ats20,-0.23859338002482736,-0.01670985892555043,63.0
2024-08-15,mid_trade_amount_share_ats20,-0.19987030940522627,-0.018789949330385924,63.0
2024-08-16,mid_trade_amount_share_ats20,0.13004600254885498,-0.017960657834546284,63.0
2024-08-19,mid_trade_amount_share_ats20,-0.1507869512325811,-0.020972537207462418,63.0
2024-08-20,mid_trade_amount_share_ats20,-0.0362308399839588,-0.021046624073781613,63.0
2024-08-21,mid_trade_amount_share_ats20,0.11687326550608124,-0.022272352505584788,63.0
2024-08-22,mid_trade_amount_share_ats20,0.10097706012314293,-0.018381014952068384,63.0
2024-08-23,mid_trade_amount_share_ats20,-0.05000288523962885,-0.020281450591671992,63.0
2024-08-26,mid_trade_amount_share_ats20,-0.17047331397477497,-0.02494411684528439,63.0
2024-08-27,mid_trade_amount_share_ats20,0.11630879834860675,-0.0225606850443702,63.0
2024-08-28,mid_trade_amount_share_ats20,0.050780077733531576,-0.026697882542983734,63.0
2024-08-29,mid_trade_amount_share_ats20,0.16964664187187345,-0.02515886274010913,63.0
2024-08-30,mid_trade_amount_share_ats20,0.07294947929947052,-0.028558525795978288,63.0
2024-09-02,mid_trade_amount_share_ats20,-0.23369003672232336,-0.032511228397553445,63.0
2024-09-03,mid_trade_amount_share_ats20,0.22007514658735422,-0.03209947673394818,63.0
2024-09-04,mid_trade_amount_share_ats20,0.31375461459284915,-0.027443071659770533,63.0
2024-09-05,mid_trade_amount_share_ats20,-0.04306904132099521,-0.02167168309914378,63.0
2024-09-06,mid_trade_amount_share_ats20,-0.303582636762407,-0.031802419888612043,63.0
2024-09-09,mid_trade_amount_share_ats20,0.033810657966916,-0.029429512507452033,63.0
2024-09-10,mid_trade_amount_share_ats20,0.18428844989309667,-0.031259141384940535,63.0
2024-09-11,mid_trade_amount_share_ats20,0.36736872988187835,-0.022203616693326718,63.0
2024-09-12,mid_trade_amount_share_ats20,-0.3123601585983023,-0.03027757134874631,63.0
2024-09-13,mid_trade_amount_share_ats20,-0.2444061443885087,-0.031016915141132594,63.0
2024-09-18,mid_trade_amount_share_ats20,0.04899527584764508,-0.0268872645134826,63.0
2024-09-19,mid_trade_amount_share_ats20,-0.27661008943263227,-0.03569219884842705,63.0
2024-09-20,mid_trade_amount_share_ats20,-0.23214685260762424,-0.0389045329445395,63.0
2024-09-23,mid_trade_amount_share_ats20,-0.25295967308496603,-0.04159092413411693,63.0
2024-09-24,mid_trade_amount_share_ats20,0.17181859466061547,-0.03446358892210437,63.0
2024-09-25,mid_trade_amount_share_ats20,-0.21165056609473548,-0.03833426447252769,63.0
2024-09-26,mid_trade_amount_share_ats20,0.18437875321127736,-0.033826894023031344,63.0
2024-09-27,mid_trade_amount_share_ats20,0.31330049388393605,-0.027208599616826406,63.0
2024-09-30,mid_trade_amount_share_ats20,0.302182020421313,-0.018255945489950368,63.0
2024-10-08,mid_trade_amount_share_ats20,0.24513459174387156,-0.007950694936713276,63.0
2024-10-09,mid_trade_amount_share_ats20,-0.045259719678844776,-0.006507921540456363,63.0
2024-10-10,mid_trade_amount_share_ats20,-0.08853956170324138,-0.008607234114065453,63.0
2024-10-11,mid_trade_amount_share_ats20,-0.15267405333316336,-0.011964806245655277,63.0
2024-10-14,mid_trade_amount_share_ats20,0.007299511913122777,-0.012685143877099434,63.0
2024-10-15,mid_trade_amount_share_ats20,-0.09632456578993281,-0.015598057958449709,63.0
2024-10-16,mid_trade_amount_share_ats20,-0.17565202936390395,-0.02211640186961168,63.0
2024-10-17,mid_trade_amount_share_ats20,0.28456903313324056,-0.015838308855832563,63.0
2024-10-18,mid_trade_amount_share_ats20,0.343832956611496,-0.00966736828426591,63.0
2024-10-21,mid_trade_amount_share_ats20,0.027953419398967956,-0.007514998001625949,63.0
2024-10-22,mid_trade_amount_share_ats20,-0.08634756280954221,-0.00960802690455208,63.0
2024-10-23,mid_trade_amount_share_ats20,-0.06763850402231188,-0.011511165484667699,63.0
2024-10-24,mid_trade_amount_share_ats20,0.031830570110279,-0.011782123359693187,63.0
2024-10-25,mid_trade_amount_share_ats20,-0.09985562663047536,-0.016921547028972878,63.0
2024-10-28,mid_trade_amount_share_ats20,-0.2883952393522728,-0.021932341311523256,63.0
2024-10-29,mid_trade_amount_share_ats20,0.08963859594986504,-0.01315037851753557,63.0
2024-10-30,mid_trade_amount_share_ats20,-0.17601196715269748,-0.013978078547564726,63.0
2024-10-31,mid_trade_amount_share_ats20,-0.1088417438041471,-0.014178038620969799,63.0
2024-11-01,mid_trade_amount_share_ats20,-0.08909787165936219,-0.013530658001574315,63.0
2024-11-04,mid_trade_amount_share_ats20,0.24434615370563542,-0.003553218823527845,63.0
2024-11-05,mid_trade_amount_share_ats20,0.18976928269680293,0.002306737139537845,63.0
2024-11-06,mid_trade_amount_share_ats20,-0.14204602982110565,-0.005000617891760111,63.0
2024-11-07,mid_trade_amount_share_ats20,-0.11323114368826719,-0.0051733881282227355,63.0
2024-11-08,mid_trade_amount_share_ats20,0.28017916624605305,0.0012565808946907,63.0
2024-11-11,mid_trade_amount_share_ats20,0.29893041686204974,0.007778909735259951,63.0
2024-11-12,mid_trade_amount_share_ats20,-0.02716732402554893,0.0051803646881022816,63.0
2024-11-13,mid_trade_amount_share_ats20,0.04309017840129729,0.005489608403317872,63.0
2024-11-14,mid_trade_amount_share_ats20,-0.09864849023999112,0.004259046260229439,63.0
2024-11-15,mid_trade_amount_share_ats20,-0.3001321497805807,0.0012601946611707276,63.0
2024-11-18,mid_trade_amount_share_ats20,-0.22966320698415504,-0.005381964027243282,63.0
2024-11-19,mid_trade_amount_share_ats20,0.3642597275868012,0.00010203171468078611,63.0
2024-11-20,mid_trade_amount_share_ats20,-0.03241874239595235,0.003374645010377215,63.0
2024-11-21,mid_trade_amount_share_ats20,-0.046087042066376684,0.0058156492538510175,63.0
2024-11-22,mid_trade_amount_share_ats20,-0.22317478826233694,0.00020897003462574948,63.0
2024-11-25,mid_trade_amount_share_ats20,0.01591045493831351,0.0028549606087669337,63.0
2024-11-26,mid_trade_amount_share_ats20,-0.03355478554559555,0.002897437663344128,63.0
2024-11-27,mid_trade_amount_share_ats20,0.30250233123408454,0.005843930770137832,63.0
2024-11-28,mid_trade_amount_share_ats20,-0.177536161079651,0.0014230859891411023,63.0
2024-11-29,mid_trade_amount_share_ats20,0.24756214881875052,0.006146340498004267,63.0
2024-12-02,mid_trade_amount_share_ats20,-0.1320926680672774,0.006755557099710578,63.0
2024-12-03,mid_trade_amount_share_ats20,-0.15803085804719708,0.0024009593791422625,63.0
2024-12-04,mid_trade_amount_share_ats20,0.036567569337191255,0.002175364007771782,63.0
2024-12-05,mid_trade_amount_share_ats20,-0.025725748660387848,-0.0009257850482958578,63.0
2024-12-06,mid_trade_amount_share_ats20,-0.12017646495465162,-0.003991276226932718,63.0
2024-12-09,mid_trade_amount_share_ats20,-0.08836713502415192,-0.0016845635015649166,63.0
2024-12-10,mid_trade_amount_share_ats20,0.26051878205729123,-0.0010426010337881383,63.0
2024-12-11,mid_trade_amount_share_ats20,-0.1664336786968997,-0.008664637435212723,63.0
2024-12-12,mid_trade_amount_share_ats20,-0.03565763530971853,-0.008546996069954363,63.0
2024-12-13,mid_trade_amount_share_ats20,-0.00985028329185725,-0.003884577760898018,63.0
2024-12-16,mid_trade_amount_share_ats20,-0.18587465086142388,-0.00737164615499865,63.0
2024-12-17,mid_trade_amount_share_ats20,0.1644985634134563,-0.007685771337215165,63.0
2024-12-18,mid_trade_amount_share_ats20,0.07163468412467033,-0.01237996253971053,63.0
2024-12-19,mid_trade_amount_share_ats20,0.11179037983120181,-0.005647414310670782,63.0
2024-12-20,mid_trade_amount_share_ats20,0.3440559712550137,0.0036932541916073506,63.0
2024-12-23,mid_trade_amount_share_ats20,-0.05004995462319614,0.0021211076761971726,63.0
2024-12-24,mid_trade_amount_share_ats20,0.03147612537236054,0.0070113650540542015,63.0
2024-12-25,mid_trade_amount_share_ats20,-0.008985673082124182,0.010553605998903409,63.0
2024-12-26,mid_trade_amount_share_ats20,0.16534298168563155,0.017193330677801783,63.0
2024-12-27,mid_trade_amount_share_ats20,-0.21452442988018333,0.011060901716836722,63.0
2024-12-30,mid_trade_amount_share_ats20,0.06972999240323877,0.015527259788233138,63.0
2024-12-31,mid_trade_amount_share_ats20,-0.05835087733825335,0.01167440850966916,63.0
2025-01-02,mid_trade_amount_share_ats20,-0.09049687165602094,0.00526492651697143,63.0
2025-01-03,mid_trade_amount_share_ats20,-0.01424799504740756,0.0002422278587377704,63.0
2025-01-06,mid_trade_amount_share_ats20,-0.16309097053297053,-0.0062375429710533736,63.0
2025-01-07,mid_trade_amount_share_ats20,0.19212261440552272,-0.0024695694141586514,63.0
2025-01-08,mid_trade_amount_share_ats20,0.09297448926708704,0.00041160599806878376,63.0
2025-01-09,mid_trade_amount_share_ats20,0.1270361267829709,0.004851450126896312,63.0
2025-01-10,mid_trade_amount_share_ats20,0.05807244272017515,0.005657369663516191,63.0
2025-01-13,mid_trade_amount_share_ats20,0.10677550160074784,0.008881180257019058,63.0
2025-01-14,mid_trade_amount_share_ats20,0.1535903178806296,0.014107249260900543,63.0
2025-01-15,mid_trade_amount_share_ats20,-0.1271515275609314,0.007572002265754956,63.0
2025-01-16,mid_trade_amount_share_ats20,-0.26614432485331546,-0.002110176805115067,63.0
2025-01-17,mid_trade_amount_share_ats20,0.2629975623788907,0.0016206826072646594,63.0
2025-01-20,mid_trade_amount_share_ats20,0.06285746571555512,0.003989016393377316,63.0
2025-01-21,mid_trade_amount_share_ats20,0.25057053417664366,0.009039953507646449,63.0
2025-01-22,mid_trade_amount_share_ats20,-0.0194844438641964,0.00822542947630557,63.0
2025-01-23,mid_trade_amount_share_ats20,-0.06147028675711226,0.008834720585406573,63.0
2025-01-24,mid_trade_amount_share_ats20,0.10450943019944546,0.015071302641783052,63.0
2025-01-27,mid_trade_amount_share_ats20,-0.12821447634387384,0.01161331736727926,63.0
2025-02-05,mid_trade_amount_share_ats20,0.036459725515088054,0.01498588391756157,63.0
2025-02-06,mid_trade_amount_share_ats20,0.114556755151111,0.018531891837486304,63.0
2025-02-07,mid_trade_amount_share_ats20,-0.15339256369645346,0.017511341170230885,63.0
2025-02-10,mid_trade_amount_share_ats20,-0.025553614856018456,0.013227217859728442,63.0
2025-02-11,mid_trade_amount_share_ats20,-0.016872561463923543,0.009947188587335959,63.0
2025-02-12,mid_trade_amount_share_ats20,0.033510931109702345,0.012733807014809102,63.0
2025-02-13,mid_trade_amount_share_ats20,-0.23065796146467363,0.01086988927232646,63.0
2025-02-14,mid_trade_amount_share_ats20,0.0704599986851988,0.007541013596757346,63.0
2025-02-17,mid_trade_amount_share_ats20,-0.0007646283519222812,0.002783949387011758,63.0
2025-02-18,mid_trade_amount_share_ats20,0.08549481690256855,0.004572237338251718,63.0
2025-02-19,mid_trade_amount_share_ats20,0.2886270302976619,0.008469647685813061,63.0
2025-02-20,mid_trade_amount_share_ats20,0.1503726787941919,0.012422364654609618,63.0
2025-02-21,mid_trade_amount_share_ats20,0.26292614367894396,0.021359797884125883,63.0
2025-02-24,mid_trade_amount_share_ats20,-0.16834923017915598,0.02233303561118936,63.0
2025-02-25,mid_trade_amount_share_ats20,0.09351056053664933,0.018035429784996473,63.0
2025-02-26,mid_trade_amount_share_ats20,-0.0451702182020809,0.017833025407121415,63.0
2025-02-27,mid_trade_amount_share_ats20,-0.04502193909830248,0.017849931803440054,63.0
2025-02-28,mid_trade_amount_share_ats20,-0.2861549581823821,0.016850246566613943,63.0
2025-03-03,mid_trade_amount_share_ats20,0.10800934465396897,0.018312133704957677,63.0
2025-03-04,mid_trade_amount_share_ats20,0.2680709036332572,0.023099843057002956,63.0
2025-03-05,mid_trade_amount_share_ats20,0.14917476086306705,0.02066607209873284,63.0
2025-03-06,mid_trade_amount_share_ats20,0.185152071679134,0.026423028174269107,63.0
2025-03-07,mid_trade_amount_share_ats20,-0.13449721183833646,0.020358593878124873,63.0
2025-03-10,mid_trade_amount_share_ats20,-0.03178116459938318,0.021950839964916844,63.0
2025-03-11,mid_trade_amount_share_ats20,-0.2311025481916367,0.020790971867386057,63.0
2025-03-12,mid_trade_amount_share_ats20,-0.0038718853646038174,0.020149075761008356,63.0
2025-03-13,mid_trade_amount_share_ats20,-0.2385319566922302,0.016771199443042607,63.0
2025-03-14,mid_trade_amount_share_ats20,0.10144043329349738,0.02028892798666402,63.0
2025-03-17,mid_trade_amount_share_ats20,-0.002798995073228139,0.021647152430329473,63.0
2025-03-18,mid_trade_amount_share_ats20,0.0921496105777468,0.018974625898908134,63.0
2025-03-19,mid_trade_amount_share_ats20,-0.13951935331906837,0.019401837412841967,63.0
2025-03-20,mid_trade_amount_share_ats20,-0.23769585231452844,0.01619488158736879,63.0
2025-03-21,mid_trade_amount_share_ats20,-0.3377930331795935,0.010989441112960279,63.0
2025-03-24,mid_trade_amount_share_ats20,-0.00034964539201745684,0.013934282469617525,63.0
2025-03-25,mid_trade_amount_share_ats20,-0.2752234953652513,0.00695456725090788,63.0
2025-03-26,mid_trade_amount_share_ats20,0.0038478248811258556,0.005878585358153205,63.0
2025-03-27,mid_trade_amount_share_ats20,0.22666200407185916,0.007701944473084274,63.0
2025-03-28,mid_trade_amount_share_ats20,0.14652172491399112,0.004566480245448995,63.0
2025-03-31,mid_trade_amount_share_ats20,0.1846027376174466,0.008291126154030626,63.0
2025-04-01,mid_trade_amount_share_ats20,-0.1013486324975799,0.006182796664031573,63.0
2025-04-02,mid_trade_amount_share_ats20,0.19411147668701217,0.009406560946081357,63.0
2025-04-03,mid_trade_amount_share_ats20,-0.34179594478089326,0.0013567367164539776,63.0
2025-04-07,mid_trade_amount_share_ats20,-0.28125156752939473,0.00029757580138713006,63.0
2025-04-08,mid_trade_amount_share_ats20,-0.17921778066318753,-0.003653976152048208,63.0
2025-04-09,mid_trade_amount_share_ats20,0.14587453232120837,-0.0004123029828504031,63.0
2025-04-10,mid_trade_amount_share_ats20,0.25013604515771237,0.0049945687126056815,63.0
2025-04-11,mid_trade_amount_share_ats20,0.4159504186863291,0.011823114962347534,63.0
2025-04-14,mid_trade_amount_share_ats20,-0.12498919919436609,0.012427904983595224,63.0
2025-04-15,mid_trade_amount_share_ats20,0.040290219045437406,0.010017866962006567,63.0
2025-04-16,mid_trade_amount_share_ats20,-0.17826611132114215,0.005712460603463246,63.0
2025-04-17,mid_trade_amount_share_ats20,-0.042352358384683535,0.0030237544896909536,63.0
2025-04-18,mid_trade_amount_share_ats20,-0.05918110164076088,0.0011625871188824456,63.0
2025-04-21,mid_trade_amount_share_ats20,0.21414028617217132,0.0028667900485875803,63.0
2025-04-22,mid_trade_amount_share_ats20,-0.20572288606694045,-0.002836594141056389,63.0
2025-04-23,mid_trade_amount_share_ats20,0.18975201142584852,0.0021936207634956732,63.0
2025-04-24,mid_trade_amount_share_ats20,-0.11991097670033635,0.004514785019892167,63.0
2025-04-25,mid_trade_amount_share_ats20,-0.04474107356284405,-0.0003699552331512417,63.0
2025-04-28,mid_trade_amount_share_ats20,0.1252276039296702,0.000620046960723601,63.0
2025-04-29,mid_trade_amount_share_ats20,0.04793156807500102,-0.002596444564699298,63.0
2025-04-30,mid_trade_amount_share_ats20,0.14826803493099724,6.629319395456923e-05,63.0
2025-05-06,mid_trade_amount_share_ats20,0.030142960785642714,0.0015204717263792515,63.0
2025-05-07,mid_trade_amount_share_ats20,-0.18088105637368362,-0.0030095359970037498,63.0
2025-05-08,mid_trade_amount_share_ats20,0.03500563244990222,-0.0004187406193247649,63.0
2025-05-09,mid_trade_amount_share_ats20,-0.1561098762603928,-0.0034754009649673183,63.0
2025-05-12,mid_trade_amount_share_ats20,0.1314845419733989,-0.003206705936042114,63.0
2025-05-13,mid_trade_amount_share_ats20,-0.07364919928334711,-0.0019409382469451873,63.0
2025-05-14,mid_trade_amount_share_ats20,-0.19052704850814592,-0.0045595641779313375,63.0
2025-05-15,mid_trade_amount_share_ats20,-0.1207425671973162,-0.00620829442766773,63.0
2025-05-16,mid_trade_amount_share_ats20,0.06863062587958836,-0.0056508389551298555,63.0
2025-05-19,mid_trade_amount_share_ats20,-0.0790974292899326,-0.0032451162221974585,63.0
2025-05-20,mid_trade_amount_share_ats20,0.10565862300863385,-0.0026864078996032513,63.0
2025-05-21,mid_trade_amount_share_ats20,-0.10355295681521583,-0.004317968668861879,63.0
2025-05-22,mid_trade_amount_share_ats20,0.07235363992515884,-0.004526558779614414,63.0
2025-05-23,mid_trade_amount_share_ats20,-0.04080237306464559,-0.009755596928222471,63.0
2025-05-26,mid_trade_amount_share_ats20,0.013265103250882282,-0.011931907651132147,63.0
2025-05-27,mid_trade_amount_share_ats20,-0.1557951234661661,-0.0185782769708958,63.0
2025-05-28,mid_trade_amount_share_ats20,0.054914185406045375,-0.015034413231448157,63.0
2025-05-29,mid_trade_amount_share_ats20,0.10122857382575118,-0.014911905084002095,63.0
2025-05-30,mid_trade_amount_share_ats20,-0.06616283020319996,-0.015245121147511923,63.0
2025-06-03,mid_trade_amount_share_ats20,-0.002447157720219529,-0.01456933096690743,63.0
2025-06-04,mid_trade_amount_share_ats20,0.055335297985194536,-0.00914885071027923,63.0
2025-06-05,mid_trade_amount_share_ats20,0.1960511130892138,-0.0077513623224182,63.0
2025-06-06,mid_trade_amount_share_ats20,-0.0637008803593071,-0.013017581115950968,63.0
2025-06-09,mid_trade_amount_share_ats20,0.08272448563625243,-0.014072347389392469,63.0
2025-06-10,mid_trade_amount_share_ats20,-0.14026536314478102,-0.019237703497708578,63.0
2025-06-11,mid_trade_amount_share_ats20,-0.06121288984449557,-0.01807446029145714,63.0
2025-06-12,mid_trade_amount_share_ats20,-0.02736987562994453,-0.01800443983162478,63.0
2025-06-13,mid_trade_amount_share_ats20,-0.12221775652658523,-0.01627610980519539,63.0
2025-06-16,mid_trade_amount_share_ats20,-0.017575603495853277,-0.01649362914061205,63.0
2025-06-17,mid_trade_amount_share_ats20,-0.20245757223749422,-0.015921019863552745,63.0
2025-06-18,mid_trade_amount_share_ats20,0.17085145213061428,-0.014819257659788986,63.0
2025-06-19,mid_trade_amount_share_ats20,0.07546153950021936,-0.013577026952273946,63.0
2025-06-20,mid_trade_amount_share_ats20,-0.10300998019264637,-0.016674798234343677,63.0
2025-06-23,mid_trade_amount_share_ats20,-0.019357562342771136,-0.014767468218846898,63.0
2025-06-24,mid_trade_amount_share_ats20,0.1754380349370336,-0.008209787468822104,63.0
2025-06-25,mid_trade_amount_share_ats20,0.0908914975092277,-0.0014052711086820844,63.0
2025-06-26,mid_trade_amount_share_ats20,-0.2214037215000094,-0.004914065967539099,63.0
2025-06-27,mid_trade_amount_share_ats20,0.0643978073483379,0.0004767483612480312,63.0
2025-06-30,mid_trade_amount_share_ats20,0.35428218887768953,0.006039198583415709,63.0
2025-07-01,mid_trade_amount_share_ats20,-0.07195078717516239,0.0012993130080661602,63.0
2025-07-02,mid_trade_amount_share_ats20,-0.34655061152977934,-0.0065272320148508315,63.0
2025-07-03,mid_trade_amount_share_ats20,0.0892526620138843,-0.00804072527839944,63.0
2025-07-04,mid_trade_amount_share_ats20,-0.1199076758600411,-0.008335313268279776,63.0
2025-07-07,mid_trade_amount_share_ats20,-0.12222882432705996,-0.013356587887550762,63.0
2025-07-08,mid_trade_amount_share_ats20,0.15930472357187897,-0.0054026090248083455,63.0
2025-07-09,mid_trade_amount_share_ats20,-0.1425762422952645,-0.003201413386171358,63.0
2025-07-10,mid_trade_amount_share_ats20,-0.25065924613792656,-0.004335404901643407,63.0
2025-07-11,mid_trade_amount_share_ats20,0.1382095666005172,-0.004457071024194061,63.0
2025-07-14,mid_trade_amount_share_ats20,0.0268664014259582,-0.008001033623110793,63.0
2025-07-15,mid_trade_amount_share_ats20,0.24588311077983444,-0.01070051470099166,63.0
2025-07-16,mid_trade_amount_share_ats20,0.08008774076087517,-0.007445325177892593,63.0
2025-07-17,mid_trade_amount_share_ats20,0.11649454579731408,-0.006235732689767568,63.0
2025-07-18,mid_trade_amount_share_ats20,-0.08670588728323658,-0.004782395800277003,63.0
2025-07-21,mid_trade_amount_share_ats20,-0.2184734658829975,-0.007577968935170875,63.0
2025-07-22,mid_trade_amount_share_ats20,-0.15833908537093944,-0.009151905184856248,63.0
2025-07-23,mid_trade_amount_share_ats20,0.1286907745753496,-0.010508246638774053,63.0
2025-07-24,mid_trade_amount_share_ats20,-0.07061402613610708,-0.008363661560506858,63.0
2025-07-25,mid_trade_amount_share_ats20,0.22564625771916347,-0.007793911619343128,63.0
2025-07-28,mid_trade_amount_share_ats20,0.14542994785310534,-0.003582150912145641,63.0
2025-07-29,mid_trade_amount_share_ats20,0.1270208464006794,-0.0008557712301849512,63.0
2025-07-30,mid_trade_amount_share_ats20,-0.13272895079572197,-0.004950319717889589,63.0
2025-07-31,mid_trade_amount_share_ats20,0.20577061835181126,-0.00244493796746403,63.0
2025-08-01,mid_trade_amount_share_ats20,-0.07056956415824465,-0.00591855065142025,63.0
2025-08-04,mid_trade_amount_share_ats20,0.23029956402918275,-0.002741461711046598,63.0
2025-08-05,mid_trade_amount_share_ats20,-0.06204686224058285,-0.0008552046613148399,63.0
2025-08-06,mid_trade_amount_share_ats20,0.18650149133854704,0.0015494915115207921,63.0
2025-08-07,mid_trade_amount_share_ats20,-0.012747729013586648,0.003825081150358985,63.0
2025-08-08,mid_trade_amount_share_ats20,-0.1700307816193799,-0.0009608763669867103,63.0
2025-08-11,mid_trade_amount_share_ats20,0.16658238219098434,0.0028523233389550584,63.0
2025-08-12,mid_trade_amount_share_ats20,0.07535557050297191,0.007072682370877563,63.0
2025-08-13,mid_trade_amount_share_ats20,0.24920884884547922,0.012944927069969555,63.0
2025-08-14,mid_trade_amount_share_ats20,0.008874670388464807,0.01199641983995172,63.0
2025-08-15,mid_trade_amount_share_ats20,0.0840838792537994,0.01458659934064588,63.0
2025-08-18,mid_trade_amount_share_ats20,0.18816824989077674,0.01589627595782275,63.0
2025-08-19,mid_trade_amount_share_ats20,-0.0998741575114837,0.01595466959756453,63.0
2025-08-20,mid_trade_amount_share_ats20,0.0006773418023796498,0.014816950579742638,63.0
2025-08-21,mid_trade_amount_share_ats20,-0.18524143079435593,0.01252426712371549,63.0
2025-08-22,mid_trade_amount_share_ats20,0.3159575309285005,0.017328908832884037,63.0
2025-08-25,mid_trade_amount_share_ats20,0.06206379735381262,0.020786986941137665,63.0
2025-08-26,mid_trade_amount_share_ats20,-0.15756679700804674,0.017414272934564774,63.0
2025-08-27,mid_trade_amount_share_ats20,0.043828961529330426,0.01650316797747873,63.0
2025-08-28,mid_trade_amount_share_ats20,0.226019408580423,0.02114098129150449,63.0
2025-08-29,mid_trade_amount_share_ats20,0.01057160037344621,0.0213476282453722,63.0
2025-09-01,mid_trade_amount_share_ats20,0.02964379667357145,0.0209398266372512,63.0
2025-09-02,mid_trade_amount_share_ats20,-0.27215510741166027,0.013507981867396055,63.0
2025-09-03,mid_trade_amount_share_ats20,-0.009212330969190906,0.01437287947676298,63.0
2025-09-04,mid_trade_amount_share_ats20,-0.38533620540946056,0.006943344698259598,63.0
2025-09-05,mid_trade_amount_share_ats20,0.20909793588081865,0.012488793889142135,63.0
2025-09-08,mid_trade_amount_share_ats20,-0.029812779846225237,0.012987208333559123,63.0
2025-09-09,mid_trade_amount_share_ats20,-0.34652369281778517,0.007921274727402923,63.0
2025-09-10,mid_trade_amount_share_ats20,0.03826212404218707,0.010468574418970738,63.0
2025-09-11,mid_trade_amount_share_ats20,0.29255042800056813,0.015391209839548855,63.0
2025-09-12,mid_trade_amount_share_ats20,-0.030525454843160115,0.018120291068030345,63.0
2025-09-15,mid_trade_amount_share_ats20,-0.15239968284019914,0.01298932067166823,63.0
2025-09-16,mid_trade_amount_share_ats20,0.018110712416863343,0.012078990083043532,63.0
2025-09-17,mid_trade_amount_share_ats20,0.12221198391780937,0.015653941894320608,63.0
2025-09-18,mid_trade_amount_share_ats20,0.13342681364135106,0.018079090719465403,63.0
2025-09-19,mid_trade_amount_share_ats20,0.0033819109698426664,0.015348041132684594,63.0
2025-09-22,mid_trade_amount_share_ats20,0.22589799614269807,0.017491001428453966,63.0
2025-09-23,mid_trade_amount_share_ats20,-0.06190397866770423,0.020022743378173093,63.0
2025-09-24,mid_trade_amount_share_ats20,0.21609972693963478,0.02243071035581273,63.0
2025-09-25,mid_trade_amount_share_ats20,0.14082430353669617,0.01904248995357474,63.0
2025-09-26,mid_trade_amount_share_ats20,-0.26607437295858216,0.015961163195107757,63.0
2025-09-29,mid_trade_amount_share_ats20,0.06225136620812669,0.02245008347666182,63.0
2025-09-30,mid_trade_amount_share_ats20,0.16797244609829612,0.023699603858954074,63.0
2025-10-09,mid_trade_amount_share_ats20,-0.1444891578840517,0.023309421604604693,63.0
2025-10-10,mid_trade_amount_share_ats20,-0.2828767363715099,0.020759454746756285,63.0
2025-10-13,mid_trade_amount_share_ats20,-0.12699200675464833,0.016215062201890774,63.0
2025-10-14,mid_trade_amount_share_ats20,-0.30845258933496106,0.01358210431237178,63.0
2025-10-15,mid_trade_amount_share_ats20,0.21864521153067423,0.021031381418222587,63.0
2025-10-16,mid_trade_amount_share_ats20,-0.09916651145161484,0.01726350716342684,63.0
2025-10-17,mid_trade_amount_share_ats20,-0.23321177214376781,0.013135282186129603,63.0
2025-10-20,mid_trade_amount_share_ats20,0.02105480395619675,0.00956657890321472,63.0
2025-10-21,mid_trade_amount_share_ats20,0.05561811734815551,0.009178172182377898,63.0
2025-10-22,mid_trade_amount_share_ats20,-0.09589954163238391,0.00580683746127158,63.0
2025-10-23,mid_trade_amount_share_ats20,-0.11231821639120522,0.005400292554795888,63.0
2025-10-24,mid_trade_amount_share_ats20,0.4544142322634095,0.01608104966823092,63.0
2025-10-27,mid_trade_amount_share_ats20,0.18036953858091528,0.021457377032546073,63.0
2025-10-28,mid_trade_amount_share_ats20,0.09889405291013607,0.020984413196590303,63.0
2025-10-29,mid_trade_amount_share_ats20,0.13387595500448585,0.02423028591310765,63.0
2025-10-30,mid_trade_amount_share_ats20,-0.13747931671176128,0.018466387906267576,63.0
2025-10-31,mid_trade_amount_share_ats20,-0.05582578039810889,0.015271852537200682,63.0
2025-11-03,mid_trade_amount_share_ats20,-0.26304680259796276,0.009080302553095252,63.0
2025-11-04,mid_trade_amount_share_ats20,-0.263444601845287,0.007005450949133902,63.0
2025-11-05,mid_trade_amount_share_ats20,-0.16460225813660995,0.001126516401698645,63.0
2025-11-06,mid_trade_amount_share_ats20,0.24980410191069416,0.006211812688507197,63.0
2025-11-07,mid_trade_amount_share_ats20,-0.2416438577224951,-0.0012793527361226098,63.0
2025-11-10,mid_trade_amount_share_ats20,-0.13271151542760687,-0.002401013897821404,63.0
2025-11-11,mid_trade_amount_share_ats20,-0.2503846557466549,-0.009335714645205561,63.0
2025-11-12,mid_trade_amount_share_ats20,-0.02799267292840584,-0.009577697881948724,63.0
2025-11-13,mid_trade_amount_share_ats20,0.0387506335288313,-0.0062637071653104505,63.0
2025-11-14,mid_trade_amount_share_ats20,-0.17401333303596955,-0.011669988359389084,63.0
2025-11-17,mid_trade_amount_share_ats20,-0.0201825008546425,-0.01318646568252582,63.0
2025-11-18,mid_trade_amount_share_ats20,0.23043260756627146,-0.013484501258386261,63.0
2025-11-19,mid_trade_amount_share_ats20,0.004726536355300987,-0.013550344655738069,63.0
2025-11-20,mid_trade_amount_share_ats20,-0.07241767060504695,-0.016034496240799122,63.0
2025-11-21,mid_trade_amount_share_ats20,-0.017383850313173865,-0.01929722799006818,63.0
2025-11-24,mid_trade_amount_share_ats20,0.17829251896220236,-0.014881883919057289,63.0
2025-11-25,mid_trade_amount_share_ats20,0.07940734032348952,-0.013632201402849195,63.0
2025-11-26,mid_trade_amount_share_ats20,0.03724071542702594,-0.010100738764414561,63.0
2025-11-27,mid_trade_amount_share_ats20,0.10989649868803214,-0.013371548799977553,63.0
2025-11-28,mid_trade_amount_share_ats20,0.1423465667817516,-0.012097219126518203,63.0
2025-12-01,mid_trade_amount_share_ats20,-0.005280633096687844,-0.009679978429512508,63.0
2025-12-02,mid_trade_amount_share_ats20,-0.34707856163364426,-0.015884859749559724,63.0
2025-12-03,mid_trade_amount_share_ats20,-0.10894758979167532,-0.021201796231656526,63.0
2025-12-04,mid_trade_amount_share_ats20,0.16519984494319773,-0.018747379651184278,63.0
2025-12-05,mid_trade_amount_share_ats20,-0.017039577102835754,-0.019488385584143123,63.0
2025-12-08,mid_trade_amount_share_ats20,0.25324779593272256,-0.011148656959629107,63.0
2025-12-09,mid_trade_amount_share_ats20,0.05929892005647091,-0.010061176784618603,63.0
2025-12-10,mid_trade_amount_share_ats20,-0.008989376024700338,-0.004087417588035107,63.0
2025-12-11,mid_trade_amount_share_ats20,0.018895177299041672,-0.007106508994095059,63.0
2025-12-12,mid_trade_amount_share_ats20,0.22810688110816674,-0.0030125461218031236,63.0
2025-12-15,mid_trade_amount_share_ats20,-0.2580572338753037,-0.0016083166147796086,63.0
2025-12-16,mid_trade_amount_share_ats20,-0.07940113671072296,-0.003475987420381355,63.0
2025-12-17,mid_trade_amount_share_ats20,0.2806675063123548,-0.00366460522495617,63.0
2025-12-18,mid_trade_amount_share_ats20,-0.17266715233023447,-0.00592082264538592,63.0
2025-12-19,mid_trade_amount_share_ats20,-0.19965915367356074,-0.0066709729760742005,63.0
2025-12-22,mid_trade_amount_share_ats20,0.18690606692650139,-0.0039916816346513735,63.0
2025-12-23,mid_trade_amount_share_ats20,0.1280726533246053,-0.0038986551361308037,63.0
2025-12-24,mid_trade_amount_share_ats20,0.11933732758052472,-0.004122297772016936,63.0
2025-12-25,mid_trade_amount_share_ats20,0.11872286224513838,-0.0022914890216154163,63.0
2025-12-26,mid_trade_amount_share_ats20,-0.1557067523933876,-0.008348707252346935,63.0
2025-12-29,mid_trade_amount_share_ats20,0.08227775669156302,-0.006060108278390312,63.0
2025-12-30,mid_trade_amount_share_ats20,0.11518127525392997,-0.007661988463877691,63.0
2025-12-31,mid_trade_amount_share_ats20,-0.09852653405320037,-0.011461208108161763,63.0
2026-01-05,mid_trade_amount_share_ats20,0.24455955359576526,-0.0033559076866641843,63.0
2026-01-06,mid_trade_amount_share_ats20,-0.09342340167803914,-0.0058269357483493565,63.0
2026-01-07,mid_trade_amount_share_ats20,0.1992365895393869,-0.005330679503252677,63.0
2026-01-08,mid_trade_amount_share_ats20,0.030059729106927745,-0.0025600622494276067,63.0
2026-01-09,mid_trade_amount_share_ats20,0.1424353858919962,0.004190923818247093,63.0
2026-01-12,mid_trade_amount_share_ats20,-0.08228693175956861,0.004900528183248359,63.0
2026-01-13,mid_trade_amount_share_ats20,-0.15425993377209532,0.007348030652500195,63.0
2026-01-14,mid_trade_amount_share_ats20,0.10826170068348248,0.005595911432703501,63.0
2026-01-15,mid_trade_amount_share_ats20,0.1565238404369966,0.009654488446808445,63.0
2026-01-16,mid_trade_amount_share_ats20,0.2605818196163795,0.01749248196681078,63.0
2026-01-19,mid_trade_amount_share_ats20,-0.1946043394606109,0.014069320960194788,63.0
2026-01-20,mid_trade_amount_share_ats20,-0.2926885345913095,0.008540643945282644,63.0
2026-01-21,mid_trade_amount_share_ats20,0.2114500833201505,0.013419209420719702,63.0
2026-01-22,mid_trade_amount_share_ats20,-0.18664687087488843,0.012239389508280284,63.0
2026-01-23,mid_trade_amount_share_ats20,0.058169253754812016,0.005949786674810483,63.0
2026-01-26,mid_trade_amount_share_ats20,-0.19136013444381011,4.9315674418016094e-05,63.0
2026-01-27,mid_trade_amount_share_ats20,0.2603164231945947,0.002611575520203074,63.0
2026-01-28,mid_trade_amount_share_ats20,-0.24583827861168167,-0.0034156345371964105,63.0
2026-01-29,mid_trade_amount_share_ats20,-0.2166748376830728,-0.0046727062986457995,63.0
2026-01-30,mid_trade_amount_share_ats20,0.16448428071622834,-0.001175721201592828,63.0
2026-02-02,mid_trade_amount_share_ats20,-0.0072164070660269905,0.0028850787274855177,63.0
2026-02-03,mid_trade_amount_share_ats20,0.24187315362404696,0.01090599548096701,63.0
2026-02-04,mid_trade_amount_share_ats20,-0.2868987924738917,0.008964780650216506,63.0
2026-02-05,mid_trade_amount_share_ats20,-0.06768561417481582,0.003925261347271901,63.0
2026-02-06,mid_trade_amount_share_ats20,-0.020055473168055945,0.00744253729258046,63.0
2026-02-09,mid_trade_amount_share_ats20,0.165797785640195,0.012180780166672555,63.0
2026-02-10,mid_trade_amount_share_ats20,0.0554840980025833,0.017035839749993797,63.0
2026-02-11,mid_trade_amount_share_ats20,-0.0787531105501488,0.016230118517902636,63.0
2026-02-12,mid_trade_amount_share_ats20,0.2936556366696431,0.020276229678867906,63.0
2026-02-13,mid_trade_amount_share_ats20,0.08657744014072659,0.024412591157863078,63.0
2026-02-24,mid_trade_amount_share_ats20,-0.16118532051993173,0.02217445116317595,63.0
2026-02-25,mid_trade_amount_share_ats20,-0.08504908905577538,0.017166805185048224,63.0
2026-02-26,mid_trade_amount_share_ats20,0.10174395193981603,0.01870676416258021,63.0
2026-02-27,mid_trade_amount_share_ats20,-0.1476979209961984,0.01751183955319685,63.0
2026-03-02,mid_trade_amount_share_ats20,-0.07875551419693101,0.016537686158216578,63.0
2026-03-03,mid_trade_amount_share_ats20,-0.24844359106040148,0.00976409711023874,63.0
2026-03-04,mid_trade_amount_share_ats20,0.0448471767698368,0.009215523085577586,63.0
2026-03-05,mid_trade_amount_share_ats20,0.04594541404447313,0.009353692904902145,63.0
2026-03-06,mid_trade_amount_share_ats20,-0.059350331716698866,0.006667235279430224,63.0
2026-03-09,mid_trade_amount_share_ats20,-0.17508657832018684,0.001628613928605804,63.0
2026-03-10,mid_trade_amount_share_ats20,0.4207424034041689,0.008390884349254323,63.0
2026-03-11,mid_trade_amount_share_ats20,-0.2648917012872564,0.009695437688085878,63.0
2026-03-12,mid_trade_amount_share_ats20,-0.3477656191996947,0.005904675316530014,63.0
2026-03-13,mid_trade_amount_share_ats20,-0.14074125350252567,0.0010484674046931353,63.0
2026-03-16,mid_trade_amount_share_ats20,0.20688241315907377,0.004602784710437731,63.0
2026-03-17,mid_trade_amount_share_ats20,-0.21821399135548786,-0.002880735722708466,63.0
2026-03-18,mid_trade_amount_share_ats20,0.3131729460022552,0.0011490107208754115,63.0
2026-03-19,mid_trade_amount_share_ats20,-0.12097882396298211,-0.0006285995638592196,63.0
2026-03-20,mid_trade_amount_share_ats20,0.06754300780529242,0.00014358822195428427,63.0
2026-03-23,mid_trade_amount_share_ats20,-0.08777408058933306,-0.004870395297053649,63.0
2026-03-24,mid_trade_amount_share_ats20,-0.037775398882651114,-0.0013738582336782106,63.0
2026-03-25,mid_trade_amount_share_ats20,-0.031006504877844784,-0.0006056894744261762,63.0
2026-03-26,mid_trade_amount_share_ats20,-0.1318572257932533,-0.007153701095150115,63.0
2026-03-27,mid_trade_amount_share_ats20,0.11457804613747317,-0.0025942535004245975,63.0
2026-03-30,mid_trade_amount_share_ats20,-0.02284170090486302,0.00021237273399917666,63.0
2026-03-31,mid_trade_amount_share_ats20,-0.09310117207938706,-0.00423218661530064,63.0
2026-04-01,mid_trade_amount_share_ats20,0.33221757161850707,-0.0009917910868260087,63.0
2026-04-02,mid_trade_amount_share_ats20,-0.1993858933124,-0.006050889831158147,63.0
2026-04-03,mid_trade_amount_share_ats20,0.25110531145512077,-0.00394958111353938,63.0
2026-04-07,mid_trade_amount_share_ats20,-0.007177256182670467,-0.0015919700625756158,63.0
2026-04-08,mid_trade_amount_share_ats20,0.24535711083057143,0.0009965911142340415,63.0
2026-04-09,mid_trade_amount_share_ats20,0.05131685540969537,-1.7129835674444315e-05,63.0
2026-04-10,mid_trade_amount_share_ats20,0.18407556669395025,0.004468617795232709,63.0
2026-04-13,mid_trade_amount_share_ats20,0.00861199363271345,0.0007234184307398229,63.0
2026-04-14,mid_trade_amount_share_ats20,0.26851424680186964,0.006468460470103454,63.0
2026-04-15,mid_trade_amount_share_ats20,-0.006980536703240016,0.003195172751966519,63.0
2026-04-16,mid_trade_amount_share_ats20,0.1787478791931579,0.0055553021184146165,63.0
2026-04-17,mid_trade_amount_share_ats20,0.12391705465373647,0.005261360352727954,63.0
2026-04-20,mid_trade_amount_share_ats20,0.0035954427445963723,0.006624572646444858,63.0
2026-04-21,mid_trade_amount_share_ats20,-0.01663896216286878,0.008809032513257977,63.0
2026-04-22,mid_trade_amount_share_ats20,0.265613329426013,0.011306677413933068,63.0
2026-04-23,mid_trade_amount_share_ats20,-0.1830126941915329,0.005917208610305613,63.0
2026-04-24,mid_trade_amount_share_ats20,0.023839101071847113,0.002159387681027322,63.0
2026-04-27,mid_trade_amount_share_ats20,0.17237496291777002,0.007984455972747653,63.0
2026-04-28,mid_trade_amount_share_ats20,-0.1453561841100417,0.010323064710545555,63.0
2026-04-29,mid_trade_amount_share_ats20,-0.021432945455625425,0.006626508698231652,63.0
2026-04-30,mid_trade_amount_share_ats20,0.2424100691522813,0.013436936317710537,63.0
2026-05-06,mid_trade_amount_share_ats20,0.08791042254006305,0.013909018361920869,63.0
2026-05-07,mid_trade_amount_share_ats20,0.1962512160331742,0.02006157948060316,63.0
2026-05-08,mid_trade_amount_share_ats20,-0.07345502400553362,0.014763620001236046,63.0
2026-05-11,mid_trade_amount_share_ats20,0.18651915123146343,0.021626436347952634,63.0
2026-05-12,mid_trade_amount_share_ats20,-0.0035338508645169015,0.02500962661491384,63.0
2026-05-13,mid_trade_amount_share_ats20,0.12098923427262064,0.024319229052316888,63.0
2026-05-14,mid_trade_amount_share_ats20,-0.07804839053290547,0.023194911854429928,63.0
2026-05-15,mid_trade_amount_share_ats20,0.10088784259124169,0.020957049774544132,63.0
2026-05-18,mid_trade_amount_share_ats20,0.02154887639675894,0.025853044518522713,63.0
2026-05-19,mid_trade_amount_share_ats20,-0.014104619197579632,0.026703536502288367,63.0
2026-05-20,mid_trade_amount_share_ats20,0.2981211969361998,0.03175395983727655,63.0
2026-05-21,mid_trade_amount_share_ats20,-0.1123347434437412,0.027339157788325182,63.0
2026-05-22,mid_trade_amount_share_ats20,0.1535432678310434,0.028895652547507093,63.0
2026-05-25,mid_trade_amount_share_ats20,0.01645104096178725,0.03040682955563306,63.0
2026-05-26,mid_trade_amount_share_ats20,-0.2068976470682163,0.0224615393375718,63.0
2026-05-27,mid_trade_amount_share_ats20,-0.05320214901425378,0.02024281570019116,63.0
2026-05-28,mid_trade_amount_share_ats20,0.1095011908933149,0.024539426992464915,63.0
2026-05-29,mid_trade_amount_share_ats20,-0.29916954828630793,0.021140689544361227,63.0
2026-06-01,mid_trade_amount_share_ats20,-0.2910526105608902,0.014905823472921445,63.0
2026-06-02,mid_trade_amount_share_ats20,0.1218722435995283,0.019184714974440915,63.0
2026-06-03,mid_trade_amount_share_ats20,0.10335693229044779,0.02207538872820883,63.0
2026-06-04,mid_trade_amount_share_ats20,0.1285517137635621,0.028059441185732063,63.0
2026-06-05,mid_trade_amount_share_ats20,-0.13732924907773053,0.025167751886564324,63.0
2026-06-08,mid_trade_amount_share_ats20,-0.1563822897951528,0.02195620103196709,63.0
2026-06-09,mid_trade_amount_share_ats20,0.21820527819554514,0.02636184563374874,63.0
2026-06-10,mid_trade_amount_share_ats20,-0.029342966949367694,0.02867523629042841,63.0
2026-06-11,mid_trade_amount_share_ats20,0.13567813589726918,0.02415040664746175,63.0
2026-06-12,mid_trade_amount_share_ats20,-0.08843812485847642,0.026951257066966192,63.0
2026-06-15,mid_trade_amount_share_ats20,0.22005057475213993,0.035964212526519115,63.0
2026-06-16,mid_trade_amount_share_ats20,0.135701924177571,0.040352199473822244,63.0
2026-06-17,mid_trade_amount_share_ats20,0.23441947950583072,0.04078929576504061,63.0
2026-06-18,mid_trade_amount_share_ats20,0.3133139496792592,0.04922624721003659,63.0
2026-06-22,mid_trade_amount_share_ats20,-0.20296905730670484,0.04103351699878326,63.0
2026-06-23,mid_trade_amount_share_ats20,-0.09721197105347253,0.04141076863226754,63.0
2026-06-24,mid_trade_amount_share_ats20,0.24791684528734698,0.04427384541769698,63.0
2026-06-25,mid_trade_amount_share_ats20,0.019919030656161706,0.045983259881911175,63.0
2026-06-26,mid_trade_amount_share_ats20,-0.09617285731876,0.04505631609721104,63.0
2026-06-29,mid_trade_amount_share_ats20,-0.0197380033955042,0.045235181200105334,63.0
2026-06-30,mid_trade_amount_share_ats20,0.2882366940541761,0.051903338658001036,63.0
2026-07-01,mid_trade_amount_share_ats20,-0.1561591039065069,0.047605923577937866,63.0
2026-07-02,mid_trade_amount_share_ats20,-0.23937479420150576,0.044168890351007024,63.0
2026-07-03,mid_trade_amount_share_ats20,0.03427303237575767,0.04619070312013631,63.0
2026-07-06,mid_trade_amount_share_ats20,-0.14831194037976594,0.03856325054873514,63.0
2026-07-07,mid_trade_amount_share_ats20,0.03630273426826412,0.04230433987541235,63.0
2026-07-08,mid_trade_amount_share_ats20,-0.14579710098274112,0.03600430158274788,63.0
2026-07-09,mid_trade_amount_share_ats20,0.2677701528730219,0.040368546170933474,63.0
2026-07-10,mid_trade_amount_share_ats20,-0.20920664556297205,0.03315324845040104,63.0
2026-07-13,mid_trade_amount_share_ats20,-0.25167793989496434,0.028343807255088983,63.0
2026-07-14,mid_trade_amount_share_ats20,-0.0019000131585901762,0.025391813924096274,63.0
2026-07-15,mid_trade_amount_share_ats20,-0.31642256745606373,0.020232535176655367,63.0
2026-07-16,mid_trade_amount_share_ats20,-0.30251614173497093,0.011168560755435677,63.0
2026-07-17,mid_trade_amount_share_ats20,-0.43027160339020293,0.004449654935007694,63.0
2026-07-20,mid_trade_amount_share_ats20,-0.38750007278663035,-0.004538407794830216,63.0
2026-07-21,mid_trade_amount_share_ats20,0.34128412109684053,-0.0010881368989079292,63.0
2026-07-22,mid_trade_amount_share_ats20,-0.20768457805667126,-0.004441788022737574,63.0
2026-07-23,mid_trade_amount_share_ats20,-0.23601672485609607,-0.00792397473215388,63.0
2026-07-24,mid_trade_amount_share_ats20,0.16059133816684537,-0.009590990466426383,63.0
2026-07-27,mid_trade_amount_share_ats20,0.20318047381815987,-0.003460940180558243,63.0
2026-07-28,mid_trade_amount_share_ats20,-0.40557444525935193,-0.010277028217561402,63.0
2026-07-29,mid_trade_amount_share_ats20,-0.20394560741519124,-0.016250370603798883,63.0
2026-07-30,mid_trade_amount_share_ats20,-0.4316144713622584,-0.020794152941135655,63.0
2026-07-31,mid_trade_amount_share_ats20,0.3095069187145777,-0.015541139224148305,63.0
2023-01-04,mid_trade_amount_share_rollq,-0.1772179171714816,,1.0
2023-01-05,mid_trade_amount_share_rollq,0.2903472771470379,,2.0
2023-01-06,mid_trade_amount_share_rollq,0.06871777184005419,,3.0
2023-01-09,mid_trade_amount_share_rollq,-0.006862060080430459,,4.0
2023-01-10,mid_trade_amount_share_rollq,0.23874077661386903,,5.0
2023-01-11,mid_trade_amount_share_rollq,-0.13559436181191972,,6.0
2023-01-12,mid_trade_amount_share_rollq,-0.023545100398290837,,7.0
2023-01-13,mid_trade_amount_share_rollq,-0.11266819300326364,,8.0
2023-01-16,mid_trade_amount_share_rollq,0.11620596150024703,,9.0
2023-01-17,mid_trade_amount_share_rollq,0.08225088127881573,,10.0
2023-01-18,mid_trade_amount_share_rollq,-0.22726495612919242,,11.0
2023-01-19,mid_trade_amount_share_rollq,0.04164386592752397,,12.0
2023-01-20,mid_trade_amount_share_rollq,-0.24588792291960704,,13.0
2023-01-30,mid_trade_amount_share_rollq,-0.017750882666096694,,14.0
2023-01-31,mid_trade_amount_share_rollq,-0.18430560768925333,,15.0
2023-02-01,mid_trade_amount_share_rollq,-0.009102074533398409,,16.0
2023-02-02,mid_trade_amount_share_rollq,0.10348666800709737,,17.0
2023-02-03,mid_trade_amount_share_rollq,0.03543409865404871,,18.0
2023-02-06,mid_trade_amount_share_rollq,-0.18627430482583368,,19.0
2023-02-07,mid_trade_amount_share_rollq,-0.24130830919281054,,20.0
2023-02-08,mid_trade_amount_share_rollq,0.011439187281129375,-0.027595962008178813,21.0
2023-02-09,mid_trade_amount_share_rollq,0.13427577273921878,-0.020238155883297106,22.0
2023-02-10,mid_trade_amount_share_rollq,-0.2688495749644796,-0.03104734801726156,23.0
2023-02-13,mid_trade_amount_share_rollq,0.07155852740368285,-0.026772103208055547,24.0
2023-02-14,mid_trade_amount_share_rollq,-0.1027364990812269,-0.0298106790429824,25.0
2023-02-15,mid_trade_amount_share_rollq,-0.008715461284648075,-0.02899932451381569,26.0
2023-02-16,mid_trade_amount_share_rollq,-0.1389613086714481,-0.033071990593728,27.0
2023-02-17,mid_trade_amount_share_rollq,-0.237032703317413,-0.04035630176243104,28.0
2023-02-20,mid_trade_amount_share_rollq,-0.17488600352729913,-0.04499525699570235,29.0
2023-02-21,mid_trade_amount_share_rollq,-0.17777271393960484,-0.04942117222716577,30.0
2023-02-22,mid_trade_amount_share_rollq,0.00785795529652438,-0.04757345843607899,31.0
2023-02-23,mid_trade_amount_share_rollq,-0.004193279701089311,-0.046217827850610564,32.0
2023-02-24,mid_trade_amount_share_rollq,-0.1512174610104112,-0.04939963491605907,33.0
2023-02-27,mid_trade_amount_share_rollq,-0.03694113025829384,-0.04903320830847774,34.0
2023-02-28,mid_trade_amount_share_rollq,-0.17555280802177492,-0.05264805401457194,35.0
2023-03-01,mid_trade_amount_share_rollq,-0.15390777360931612,-0.05546082400331484,36.0
2023-03-02,mid_trade_amount_share_rollq,-0.26816287266478467,-0.061209528021192394,37.0
2023-03-03,mid_trade_amount_share_rollq,-0.14420475659922882,-0.0633936129837723,38.0
2023-03-06,mid_trade_amount_share_rollq,0.23395541229687125,-0.055769279002217335,39.0
2023-03-07,mid_trade_amount_share_rollq,-0.16594679404310547,-0.05852371687823954,40.0
2023-03-08,mid_trade_amount_share_rollq,-0.07328152063311595,-0.05888366331128531,41.0
2023-03-09,mid_trade_amount_share_rollq,0.06831066562517707,-0.05585522690803621,42.0
2023-03-10,mid_trade_amount_share_rollq,0.11477409628980066,-0.05188710311273768,43.0
2023-03-13,mid_trade_amount_share_rollq,-0.032884120211087775,-0.051455217137700175,44.0
2023-03-14,mid_trade_amount_share_rollq,0.018351562161134594,-0.04990395537550384,45.0
2023-03-15,mid_trade_amount_share_rollq,-0.38459559987405545,-0.057179860690689754,46.0
2023-03-16,mid_trade_amount_share_rollq,-0.08762606600214787,-0.0578276522930612,47.0
2023-03-17,mid_trade_amount_share_rollq,-0.2080088795415826,-0.06095642786073873,48.0
2023-03-20,mid_trade_amount_share_rollq,0.03160889564521116,-0.05906733962592342,49.0
2023-03-21,mid_trade_amount_share_rollq,0.09044633329453129,-0.05607706616751433,50.0
2023-03-22,mid_trade_amount_share_rollq,-0.20835972052513127,-0.059063000566683295,51.0
2023-03-23,mid_trade_amount_share_rollq,-0.027416965210852132,-0.05845442296368654,52.0
2023-03-24,mid_trade_amount_share_rollq,-0.07511713381038809,-0.05876881373437902,53.0
2023-03-27,mid_trade_amount_share_rollq,0.10379807923802686,-0.055758315716371507,54.0
2023-03-28,mid_trade_amount_share_rollq,-0.09671753541398495,-0.056503028801782665,55.0
2023-03-29,mid_trade_amount_share_rollq,0.15776698112084137,-0.05267677862459295,56.0
2023-03-30,mid_trade_amount_share_rollq,0.17857818103662026,-0.04861967406913306,57.0
2023-03-31,mid_trade_amount_share_rollq,-0.11593671707093885,-0.04978031274157799,58.0
2023-04-03,mid_trade_amount_share_rollq,-0.07616991619632742,-0.050227594156065265,59.0
2023-04-04,mid_trade_amount_share_rollq,-0.10614764583502635,-0.051159595017381286,60.0
2023-04-06,mid_trade_amount_share_rollq,0.2139262192037152,-0.04681392593178954,61.0
2023-04-07,mid_trade_amount_share_rollq,0.012359961877616978,-0.04585950838647653,62.0
2023-04-10,mid_trade_amount_share_rollq,-0.0056576845638785,-0.045221384198816245,63.0
2023-04-11,mid_trade_amount_share_rollq,-0.14481985753456894,-0.044707129283944616,63.0
2023-04-12,mid_trade_amount_share_rollq,-0.2149490292378181,-0.052727705575767725,63.0
2023-04-13,mid_trade_amount_share_rollq,-0.15498929746028994,-0.05627861143767795,63.0
2023-04-14,mid_trade_amount_share_rollq,0.0726628098401613,-0.05501631191512888,63.0
2023-04-17,mid_trade_amount_share_rollq,-0.11339803863025681,-0.06060581691900389,63.0
2023-04-18,mid_trade_amount_share_rollq,-0.007692321762376947,-0.05857562580710639,63.0
2023-04-19,mid_trade_amount_share_rollq,-0.0920163173676726,-0.0596624705209061,63.0
2023-04-20,mid_trade_amount_share_rollq,-0.10988958166833049,-0.059618365579081754,63.0
2023-04-21,mid_trade_amount_share_rollq,-0.01749918556431843,-0.06174066950074153,63.0
2023-04-24,mid_trade_amount_share_rollq,-0.1980988206690342,-0.06619066476975503,63.0
2023-04-25,mid_trade_amount_share_rollq,-0.1417794747997066,-0.0648337523676997,63.0
2023-04-26,mid_trade_amount_share_rollq,0.034869037342082736,-0.06494128932937336,63.0
2023-04-27,mid_trade_amount_share_rollq,0.06311907033492921,-0.0600364164205712,63.0
2023-04-28,mid_trade_amount_share_rollq,-0.2219315041582013,-0.06327737866647762,63.0
2023-05-04,mid_trade_amount_share_rollq,-0.3138461859482539,-0.0653335783213824,63.0
2023-05-05,mid_trade_amount_share_rollq,-0.2823965288096053,-0.06967158553211583,63.0
2023-05-08,mid_trade_amount_share_rollq,-0.16777480190470956,-0.07397732314976356,63.0
2023-05-09,mid_trade_amount_share_rollq,-0.3112509976895831,-0.07948026118696407,63.0
2023-05-10,mid_trade_amount_share_rollq,0.11750089198726621,-0.07465843266612121,63.0
2023-05-11,mid_trade_amount_share_rollq,-0.1521198067704345,-0.07324274215148031,63.0
2023-05-12,mid_trade_amount_share_rollq,-0.0359525529929974,-0.07399499199710138,63.0
2023-05-15,mid_trade_amount_share_rollq,0.20326156615537835,-0.07289997940319408,63.0
2023-05-16,mid_trade_amount_share_rollq,0.12050590825521035,-0.06671973363780218,63.0
2023-05-17,mid_trade_amount_share_rollq,-0.08625148527818498,-0.06922465447402232,63.0
2023-05-18,mid_trade_amount_share_rollq,-0.029178187764093436,-0.0680570622308932,63.0
2023-05-19,mid_trade_amount_share_rollq,0.34076755736009945,-0.06250971272859564,63.0
2023-05-22,mid_trade_amount_share_rollq,0.12418756896042586,-0.058332746416978574,63.0
2023-05-23,mid_trade_amount_share_rollq,0.07231118790759723,-0.0534225259213435,63.0
2023-05-24,mid_trade_amount_share_rollq,0.09106808493081998,-0.049201032453754304,63.0
2023-05-25,mid_trade_amount_share_rollq,0.05987946835303873,-0.045428775591966314,63.0
2023-05-26,mid_trade_amount_share_rollq,-0.038324867348395596,-0.046161836268869806,63.0
2023-05-29,mid_trade_amount_share_rollq,-0.03683774132791225,-0.04668000232643842,63.0
2023-05-30,mid_trade_amount_share_rollq,-0.2538211564911938,-0.04830863241343497,63.0
2023-05-31,mid_trade_amount_share_rollq,-0.019940480348077612,-0.048038780827558525,63.0
2023-06-01,mid_trade_amount_share_rollq,-0.025175661020815185,-0.04565184198627345,63.0
2023-06-02,mid_trade_amount_share_rollq,-0.028564188670702408,-0.043662261272962126,63.0
2023-06-05,mid_trade_amount_share_rollq,-0.1715282382686989,-0.04212837818730997,63.0
2023-06-06,mid_trade_amount_share_rollq,-0.11445862196889083,-0.04165621732016174,63.0
2023-06-07,mid_trade_amount_share_rollq,-0.13901836930821979,-0.047576436075798104,63.0
2023-06-08,mid_trade_amount_share_rollq,-0.30733849724077644,-0.04982074882496749,63.0
2023-06-09,mid_trade_amount_share_rollq,0.12851674278671307,-0.0466176017865575,63.0
2023-06-12,mid_trade_amount_share_rollq,0.04565679481439628,-0.046977187037522274,63.0
2023-06-13,mid_trade_amount_share_rollq,7.440099299802232e-05,-0.0487978171215985,63.0
2023-06-14,mid_trade_amount_share_rollq,0.02135659564226689,-0.047936853377894474,63.0
2023-06-15,mid_trade_amount_share_rollq,0.13273959096689983,-0.046121170380977565,63.0
2023-06-16,mid_trade_amount_share_rollq,0.005373173810049236,-0.03993118984630922,63.0
2023-06-19,mid_trade_amount_share_rollq,0.227006160363008,-0.03493702752305279,63.0
2023-06-20,mid_trade_amount_share_rollq,0.19557891256906534,-0.02853087209272504,63.0
2023-06-21,mid_trade_amount_share_rollq,-0.2770238293658772,-0.03342980423575819,63.0
2023-06-26,mid_trade_amount_share_rollq,-0.056042556575518904,-0.03575502470988598,63.0
2023-06-27,mid_trade_amount_share_rollq,-0.21440532669202206,-0.03585098671253504,63.0
2023-06-28,mid_trade_amount_share_rollq,-0.13701179745581482,-0.037590587224359845,63.0
2023-06-29,mid_trade_amount_share_rollq,0.0952890028438363,-0.034885727912388025,63.0
2023-06-30,mid_trade_amount_share_rollq,-0.0008912430816824733,-0.03654746318730405,63.0
2023-07-03,mid_trade_amount_share_rollq,-0.06787800757242725,-0.036089692904104714,63.0
2023-07-04,mid_trade_amount_share_rollq,0.16571615282430424,-0.035963515575478326,63.0
2023-07-05,mid_trade_amount_share_rollq,-0.3248168846670327,-0.04395391344379027,63.0
2023-07-06,mid_trade_amount_share_rollq,-0.12474140255388874,-0.04409367035621805,63.0
2023-07-07,mid_trade_amount_share_rollq,-0.37436938804991493,-0.048826995306274996,63.0
2023-07-10,mid_trade_amount_share_rollq,-0.03696977929082513,-0.04772893393255752,63.0
2023-07-11,mid_trade_amount_share_rollq,0.1707272754769648,-0.04841463145202974,63.0
2023-07-12,mid_trade_amount_share_rollq,-0.16423747511913048,-0.051217765372613036,63.0
2023-07-13,mid_trade_amount_share_rollq,0.04715416578571018,-0.050379482033730674,63.0
2023-07-14,mid_trade_amount_share_rollq,-0.18016498614923676,-0.05094051582126508,63.0
2023-07-17,mid_trade_amount_share_rollq,-0.1574477708907195,-0.0500277974348032,63.0
2023-07-18,mid_trade_amount_share_rollq,-0.11210917653447203,-0.04934716059471085,63.0
2023-07-19,mid_trade_amount_share_rollq,-0.28017532310178783,-0.054947765879503695,63.0
2023-07-20,mid_trade_amount_share_rollq,-0.18860864326762072,-0.05614158500073169,63.0
2023-07-21,mid_trade_amount_share_rollq,-0.13237472545203446,-0.058120670773583405,63.0
2023-07-24,mid_trade_amount_share_rollq,-0.051128723011203574,-0.05747166133935373,63.0
2023-07-25,mid_trade_amount_share_rollq,-0.04717979574806664,-0.056476267912047955,63.0
2023-07-26,mid_trade_amount_share_rollq,-0.18051548198855275,-0.05906382817275009,63.0
2023-07-27,mid_trade_amount_share_rollq,-0.23541023671852293,-0.059656072871948324,63.0
2023-07-28,mid_trade_amount_share_rollq,-0.19201105884147884,-0.06045339960277011,63.0
2023-07-31,mid_trade_amount_share_rollq,-0.11461195253425643,-0.06282611372779136,63.0
2023-08-01,mid_trade_amount_share_rollq,-0.16885041418012625,-0.06650816903755415,63.0
2023-08-02,mid_trade_amount_share_rollq,-0.01854147491662825,-0.06327975587498949,63.0
2023-08-03,mid_trade_amount_share_rollq,-0.07357549993347189,-0.05946593546205645,63.0
2023-08-04,mid_trade_amount_share_rollq,0.024446780574688787,-0.05459540674167083,63.0
2023-08-07,mid_trade_amount_share_rollq,0.062482957884207276,-0.050940521665656276,63.0
2023-08-08,mid_trade_amount_share_rollq,-0.03225785374522627,-0.04651205906336489,63.0
2023-08-09,mid_trade_amount_share_rollq,0.035906014168665956,-0.04780721585413633,63.0
2023-08-10,mid_trade_amount_share_rollq,-0.06577069950534016,-0.04643659510389674,63.0
2023-08-11,mid_trade_amount_share_rollq,-0.010192809606938134,-0.046027710288245004,63.0
2023-08-14,mid_trade_amount_share_rollq,-0.05661024782866221,-0.0501526597165631,63.0
2023-08-15,mid_trade_amount_share_rollq,-0.17683565090728942,-0.05487236700485675,63.0
2023-08-16,mid_trade_amount_share_rollq,-0.23895197588818423,-0.057296184316126576,63.0
2023-08-17,mid_trade_amount_share_rollq,0.07345826537843199,-0.055667034266245224,63.0
2023-08-18,mid_trade_amount_share_rollq,0.015545448089915929,-0.06082928996894655,63.0
2023-08-21,mid_trade_amount_share_rollq,-0.04766294303921451,-0.06355707587370275,63.0
2023-08-22,mid_trade_amount_share_rollq,-0.033096415788190545,-0.06523021244030255,63.0
2023-08-23,mid_trade_amount_share_rollq,-0.2370155890931883,-0.07043788980576302,63.0
2023-08-24,mid_trade_amount_share_rollq,0.28875982858975086,-0.06680486821470408,63.0
2023-08-25,mid_trade_amount_share_rollq,-0.3104675382921787,-0.07112459315031967,63.0
2023-08-28,mid_trade_amount_share_rollq,-0.32948178165439934,-0.0757697366475655,63.0
2023-08-29,mid_trade_amount_share_rollq,0.3738323350488875,-0.06580698281359597,63.0
2023-08-30,mid_trade_amount_share_rollq,0.38402126871224646,-0.059394891558670185,63.0
2023-08-31,mid_trade_amount_share_rollq,0.1375577437540431,-0.05681182164160895,63.0
2023-09-01,mid_trade_amount_share_rollq,-0.1295439852461611,-0.05841467555550512,63.0
2023-09-04,mid_trade_amount_share_rollq,-0.2680765905285796,-0.05994718908343973,63.0
2023-09-05,mid_trade_amount_share_rollq,0.1841977927294285,-0.0552066110723553,63.0
2023-09-06,mid_trade_amount_share_rollq,0.03509258221891504,-0.05244294517509919,63.0
2023-09-07,mid_trade_amount_share_rollq,-0.12374879449409966,-0.04952882290927892,63.0
2023-09-08,mid_trade_amount_share_rollq,0.11273315605554483,-0.04977935603199588,63.0
2023-09-11,mid_trade_amount_share_rollq,0.045491461376504914,-0.04978198037227986,63.0
2023-09-12,mid_trade_amount_share_rollq,-0.10292078777942139,-0.051416824638508746,63.0
2023-09-13,mid_trade_amount_share_rollq,-0.15866152809448947,-0.05427425517401282,63.0
2023-09-14,mid_trade_amount_share_rollq,-0.3513633365160704,-0.06195842862612346,63.0
2023-09-15,mid_trade_amount_share_rollq,0.01616034106254837,-0.061787203749099656,63.0
2023-09-18,mid_trade_amount_share_rollq,0.08184362557353937,-0.06409137096798011,63.0
2023-09-19,mid_trade_amount_share_rollq,-0.13498716180109896,-0.06933845151353828,63.0
2023-09-20,mid_trade_amount_share_rollq,-0.18548858601294207,-0.06788551114285676,63.0
2023-09-21,mid_trade_amount_share_rollq,-0.0691908962066807,-0.068094214946526,63.0
2023-09-22,mid_trade_amount_share_rollq,0.15431145118372372,-0.062241567678657024,63.0
2023-09-25,mid_trade_amount_share_rollq,0.1498984951064799,-0.057687436050684084,63.0
2023-09-26,mid_trade_amount_share_rollq,-0.034941658447410436,-0.059754589404513406,63.0
2023-09-27,mid_trade_amount_share_rollq,0.14904339378725834,-0.05737467453357783,63.0
2023-09-28,mid_trade_amount_share_rollq,-0.03799253969989932,-0.0569003020276647,63.0
2023-10-09,mid_trade_amount_share_rollq,-0.03574428426509159,-0.06009808674336939,63.0
2023-10-10,mid_trade_amount_share_rollq,-0.015233409607888257,-0.05518406332973218,63.0
2023-10-11,mid_trade_amount_share_rollq,0.2817365649842584,-0.04873203209896794,63.0
2023-10-12,mid_trade_amount_share_rollq,-0.14116665665097972,-0.04503040144184198,63.0
2023-10-13,mid_trade_amount_share_rollq,-0.0005211854168323492,-0.04445185233273098,63.0
2023-10-16,mid_trade_amount_share_rollq,-0.2823808943200227,-0.05164404550411173,63.0
2023-10-17,mid_trade_amount_share_rollq,0.022953378367312732,-0.048672762115438035,63.0
2023-10-18,mid_trade_amount_share_rollq,-0.07872644468940444,-0.05067086704361446,63.0
2023-10-19,mid_trade_amount_share_rollq,0.10027233802727042,-0.04621948094557466,63.0
2023-10-20,mid_trade_amount_share_rollq,-0.23276676930110857,-0.04741502060288242,63.0
2023-10-23,mid_trade_amount_share_rollq,0.09963682163289779,-0.04405397301292418,63.0
2023-10-24,mid_trade_amount_share_rollq,-0.11212511521231919,-0.04138650939563102,63.0
2023-10-25,mid_trade_amount_share_rollq,-0.22503483813333328,-0.04196470296492805,63.0
2023-10-26,mid_trade_amount_share_rollq,-0.012239469641104873,-0.040057794142532334,63.0
2023-10-27,mid_trade_amount_share_rollq,0.22232650655460537,-0.035717234943075056,63.0
2023-10-30,mid_trade_amount_share_rollq,0.202660566652689,-0.031751514904967824,63.0
2023-10-31,mid_trade_amount_share_rollq,-0.030150515083223424,-0.02936476939853402,63.0
2023-11-01,mid_trade_amount_share_rollq,-0.09587522040584913,-0.027149927869761416,63.0
2023-11-02,mid_trade_amount_share_rollq,-0.22610434135862897,-0.027691091084319358,63.0
2023-11-03,mid_trade_amount_share_rollq,0.24398837275777943,-0.02199902242889022,63.0
2023-11-06,mid_trade_amount_share_rollq,0.18517956758935036,-0.016379498908739794,63.0
2023-11-07,mid_trade_amount_share_rollq,-0.022363584379459827,-0.016440167312911726,63.0
2023-11-08,mid_trade_amount_share_rollq,0.1381976799368192,-0.01307868826735155,63.0
2023-11-09,mid_trade_amount_share_rollq,-0.11254413164585769,-0.015253147191487208,63.0
2023-11-10,mid_trade_amount_share_rollq,0.00046938891933645673,-0.016237489556008965,63.0
2023-11-13,mid_trade_amount_share_rollq,-0.13902062787554972,-0.017932136764426797,63.0
2023-11-14,mid_trade_amount_share_rollq,0.11277716525044033,-0.016711959763128798,63.0
2023-11-15,mid_trade_amount_share_rollq,-0.037871143244881424,-0.016269109663756432,63.0
2023-11-16,mid_trade_amount_share_rollq,-0.2011778638328278,-0.019300618460992777,63.0
2023-11-17,mid_trade_amount_share_rollq,0.055703594055981076,-0.017517859065998436,63.0
2023-11-20,mid_trade_amount_share_rollq,0.02797316110748554,-0.014266925541954393,63.0
2023-11-21,mid_trade_amount_share_rollq,-0.16202838528496127,-0.01304591616730006,63.0
2023-11-22,mid_trade_amount_share_rollq,-0.26522832258844575,-0.018421893754075897,63.0
2023-11-23,mid_trade_amount_share_rollq,0.0869436542745775,-0.017288588894001904,63.0
2023-11-24,mid_trade_amount_share_rollq,-0.21565218952647897,-0.019955084869990227,63.0
2023-11-27,mid_trade_amount_share_rollq,0.12803031241761223,-0.017397517755612407,63.0
2023-11-28,mid_trade_amount_share_rollq,0.11636236591014283,-0.011788343866670641,63.0
2023-11-29,mid_trade_amount_share_rollq,0.11779358035120631,-0.014502093838711032,63.0
2023-11-30,mid_trade_amount_share_rollq,-0.09458264915232742,-0.0110753495666499,63.0
2023-12-01,mid_trade_amount_share_rollq,-0.17690634679060624,-0.008653517267224612,63.0
2023-12-04,mid_trade_amount_share_rollq,-0.2077565986653195,-0.017885087643640597,63.0
2023-12-05,mid_trade_amount_share_rollq,-0.056714446316173374,-0.024880892644091705,63.0
2023-12-06,mid_trade_amount_share_rollq,-0.121312034147066,-0.028989936737760107,63.0
2023-12-07,mid_trade_amount_share_rollq,-0.047086975189663496,-0.02768109530829189,63.0
2023-12-08,mid_trade_amount_share_rollq,0.1993814300266923,-0.02026112672804948,63.0
2023-12-11,mid_trade_amount_share_rollq,0.023559263569758876,-0.022810944651218835,63.0
2023-12-12,mid_trade_amount_share_rollq,-0.19591196490906915,-0.026477683494520173,63.0
2023-12-13,mid_trade_amount_share_rollq,-0.1144696646915156,-0.026330395719875978,63.0
2023-12-14,mid_trade_amount_share_rollq,-0.14403601948093755,-0.030406096918867764,63.0
2023-12-15,mid_trade_amount_share_rollq,-0.0891471465290075,-0.03254321767927273,63.0
2023-12-18,mid_trade_amount_share_rollq,-0.09168751541268316,-0.03236491176868958,63.0
2023-12-19,mid_trade_amount_share_rollq,0.2401102911788942,-0.02603520035165174,63.0
2023-12-20,mid_trade_amount_share_rollq,-0.09997178888391668,-0.02204485832574454,63.0
2023-12-21,mid_trade_amount_share_rollq,0.09042496889108005,-0.02086605470941864,63.0
2023-12-22,mid_trade_amount_share_rollq,-0.06555568478900756,-0.02320572630247494,63.0
2023-12-25,mid_trade_amount_share_rollq,0.14000288985213505,-0.0188408048476617,63.0
2023-12-26,mid_trade_amount_share_rollq,-0.13003687355935378,-0.017960618935699984,63.0
2023-12-27,mid_trade_amount_share_rollq,0.007855911127478672,-0.016737653739919676,63.0
2023-12-28,mid_trade_amount_share_rollq,0.08911566005644922,-0.017772507567336733,63.0
2023-12-29,mid_trade_amount_share_rollq,0.2261908014589666,-0.01656151857761472,63.0
2024-01-02,mid_trade_amount_share_rollq,-0.3830665659313404,-0.022087310759899323,63.0
2024-01-03,mid_trade_amount_share_rollq,-0.3582834847561787,-0.030140118355826896,63.0
2024-01-04,mid_trade_amount_share_rollq,-0.16835218483585979,-0.03220931907227071,63.0
2024-01-05,mid_trade_amount_share_rollq,-0.2727670879892394,-0.035971585798050834,63.0
2024-01-08,mid_trade_amount_share_rollq,-0.20634767681344604,-0.03900514559496445,63.0
2024-01-09,mid_trade_amount_share_rollq,-0.05294168170462626,-0.04431749871701024,63.0
2024-01-10,mid_trade_amount_share_rollq,-0.02225268760526852,-0.04242997539882434,63.0
2024-01-11,mid_trade_amount_share_rollq,0.15460634069385026,-0.0399676337145278,63.0
2024-01-12,mid_trade_amount_share_rollq,-0.18959495455323247,-0.038494841019816844,63.0
2024-01-15,mid_trade_amount_share_rollq,-0.06076621369703801,-0.0398237234335367,63.0
2024-01-16,mid_trade_amount_share_rollq,0.05166675017699937,-0.03775399018168902,63.0
2024-01-17,mid_trade_amount_share_rollq,-0.2945873166160867,-0.044021603747456596,63.0
2024-01-18,mid_trade_amount_share_rollq,0.27948830519112655,-0.035890570819008406,63.0
2024-01-19,mid_trade_amount_share_rollq,-0.16974080241430411,-0.04016640612134496,63.0
2024-01-22,mid_trade_amount_share_rollq,-0.0913115369509438,-0.039836031863227886,63.0
2024-01-23,mid_trade_amount_share_rollq,-0.08276733480177689,-0.03757781752463175,63.0
2024-01-24,mid_trade_amount_share_rollq,-0.4296066734980658,-0.044202693776329544,63.0
2024-01-25,mid_trade_amount_share_rollq,-0.16562859006999814,-0.05036071118306928,63.0
2024-01-26,mid_trade_amount_share_rollq,-0.516052160305854,-0.061768849706220756,63.0
2024-01-29,mid_trade_amount_share_rollq,-0.19075833213878282,-0.06431818013567409,63.0
2024-01-30,mid_trade_amount_share_rollq,-0.16621478707668125,-0.06543468119394125,63.0
2024-01-31,mid_trade_amount_share_rollq,-0.08638988058634542,-0.06321699134041295,63.0
2024-02-01,mid_trade_amount_share_rollq,0.24880066127141923,-0.0631406058084504,63.0
2024-02-02,mid_trade_amount_share_rollq,-0.17726516983433338,-0.06889369687866762,63.0
2024-02-05,mid_trade_amount_share_rollq,0.11110792821975501,-0.06677510144058484,63.0
2024-02-06,mid_trade_amount_share_rollq,0.1318356125365437,-0.06687608663741461,63.0
2024-02-07,mid_trade_amount_share_rollq,0.03777471781901441,-0.0644900731538452,63.0
2024-02-08,mid_trade_amount_share_rollq,0.03169366802798038,-0.06399444967593022,63.0
2024-02-19,mid_trade_amount_share_rollq,-0.19016036033086198,-0.06480619146093518,63.0
2024-02-20,mid_trade_amount_share_rollq,-0.032941856797557165,-0.06711919181090338,63.0
2024-02-21,mid_trade_amount_share_rollq,-0.07304108889019763,-0.06767744491638461,63.0
2024-02-22,mid_trade_amount_share_rollq,0.009378624927488737,-0.06433527842812561,63.0
2024-02-23,mid_trade_amount_share_rollq,0.048349795781621484,-0.06445200538486148,63.0
2024-02-26,mid_trade_amount_share_rollq,0.19987153509010838,-0.06172345976608969,63.0
2024-02-27,mid_trade_amount_share_rollq,0.16778361078213921,-0.05648834871740555,63.0
2024-02-28,mid_trade_amount_share_rollq,-0.3305884416846555,-0.057525810925281896,63.0
2024-02-29,mid_trade_amount_share_rollq,0.23436452894090673,-0.05518579704168937,63.0
2024-03-01,mid_trade_amount_share_rollq,0.15177147064511867,-0.049353675451664004,63.0
2024-03-04,mid_trade_amount_share_rollq,0.20938961288398078,-0.04806225798394387,63.0
2024-03-05,mid_trade_amount_share_rollq,-0.10530176343874491,-0.051580736227577015,63.0
2024-03-06,mid_trade_amount_share_rollq,-0.13677728360999383,-0.05562154359204051,63.0
2024-03-07,mid_trade_amount_share_rollq,-0.3513573020379788,-0.059697331733082594,63.0
2024-03-08,mid_trade_amount_share_rollq,0.14432754113340224,-0.054598381131114204,63.0
2024-03-11,mid_trade_amount_share_rollq,0.17357356494031856,-0.048545521391342175,63.0
2024-03-12,mid_trade_amount_share_rollq,0.04775341771126453,-0.04688730132741459,63.0
2024-03-13,mid_trade_amount_share_rollq,0.1410413169109705,-0.042722962421731465,63.0
2024-03-14,mid_trade_amount_share_rollq,-0.2406470559969446,-0.04579534465676768,63.0
2024-03-15,mid_trade_amount_share_rollq,-0.1452218063817889,-0.05126523729817214,63.0
2024-03-18,mid_trade_amount_share_rollq,0.21143692780258885,-0.04828305215161928,63.0
2024-03-19,mid_trade_amount_share_rollq,-0.041492909443280816,-0.045831956033114706,63.0
2024-03-20,mid_trade_amount_share_rollq,-0.08430194157008936,-0.04535310328515556,63.0
2024-03-21,mid_trade_amount_share_rollq,-0.26680872871391154,-0.04730187644758371,63.0
2024-03-22,mid_trade_amount_share_rollq,-0.05450587013004862,-0.04675201491744151,63.0
2024-03-25,mid_trade_amount_share_rollq,-0.2235520005627349,-0.04884510198331535,63.0
2024-03-26,mid_trade_amount_share_rollq,-0.1729883206917274,-0.055402222806658546,63.0
2024-03-27,mid_trade_amount_share_rollq,-0.10076671429766489,-0.05541484067036884,63.0
2024-03-28,mid_trade_amount_share_rollq,-0.02463711381423242,-0.05724122293553253,63.0
2024-03-29,mid_trade_amount_share_rollq,-0.02551795426945891,-0.0566057034034762,63.0
2024-04-01,mid_trade_amount_share_rollq,0.11970822612726954,-0.056927840922918506,63.0
2024-04-02,mid_trade_amount_share_rollq,-0.22378166763599788,-0.058415853527309686,63.0
2024-04-03,mid_trade_amount_share_rollq,-0.1991160185590346,-0.061701122252492434,63.0
2024-04-08,mid_trade_amount_share_rollq,-0.24894144990566813,-0.067067108124907,63.0
2024-04-09,mid_trade_amount_share_rollq,0.1698075779832146,-0.06796207992610942,63.0
2024-04-10,mid_trade_amount_share_rollq,-0.15111503458801928,-0.06428030958732653,63.0
2024-04-11,mid_trade_amount_share_rollq,-0.2575609273519414,-0.06268153883487833,63.0
2024-04-12,mid_trade_amount_share_rollq,0.10232524966507438,-0.05838507162057778,63.0
2024-04-15,mid_trade_amount_share_rollq,0.035391315656815914,-0.05349366838810071,63.0
2024-04-16,mid_trade_amount_share_rollq,0.06132042410608409,-0.049244968373505,63.0
2024-04-17,mid_trade_amount_share_rollq,-0.19278519857495882,-0.05146470673652615,63.0
2024-04-18,mid_trade_amount_share_rollq,0.12756405065856524,-0.04908666327202085,63.0
2024-04-19,mid_trade_amount_share_rollq,-0.19919694827351575,-0.05470258849372507,63.0
2024-04-22,mid_trade_amount_share_rollq,0.3112781732332465,-0.04675222138600318,63.0
2024-04-23,mid_trade_amount_share_rollq,0.15887620700367908,-0.04326583375583307,63.0
2024-04-24,mid_trade_amount_share_rollq,0.01843104008597423,-0.043793384709658864,63.0
2024-04-25,mid_trade_amount_share_rollq,-0.04377398725771683,-0.0398122207515895,63.0
2024-04-26,mid_trade_amount_share_rollq,0.06331401792365905,-0.04324355864472391,63.0
2024-04-29,mid_trade_amount_share_rollq,-0.01215676298195008,-0.040742224685480194,63.0
2024-04-30,mid_trade_amount_share_rollq,-0.033674707643954915,-0.039827354379020054,63.0
2024-05-06,mid_trade_amount_share_rollq,0.03426849622264612,-0.037969642775457786,63.0
2024-05-07,mid_trade_amount_share_rollq,0.005602325177517636,-0.031061563431400905,63.0
2024-05-08,mid_trade_amount_share_rollq,-0.08673133381552287,-0.029809226030536217,63.0
2024-05-09,mid_trade_amount_share_rollq,0.03599904045717805,-0.021046508558107135,63.0
2024-05-10,mid_trade_amount_share_rollq,-0.3508725050396682,-0.023588003366057698,63.0
2024-05-13,mid_trade_amount_share_rollq,-0.1281725658286869,-0.0229841585843435,63.0
2024-05-14,mid_trade_amount_share_rollq,0.020746489123103014,-0.021283581287368132,63.0
2024-05-15,mid_trade_amount_share_rollq,-0.052044287042427056,-0.026058897927270452,63.0
2024-05-16,mid_trade_amount_share_rollq,-0.16475633033504913,-0.02586034491934531,63.0
2024-05-17,mid_trade_amount_share_rollq,-0.07495026219437613,-0.02881364952909342,63.0
2024-05-20,mid_trade_amount_share_rollq,0.04993878552259218,-0.03011359916423551,63.0
2024-05-21,mid_trade_amount_share_rollq,-0.0035242917530049875,-0.030769138998712003,63.0
2024-05-22,mid_trade_amount_share_rollq,-0.015330957620263456,-0.03151556162804921,63.0
2024-05-23,mid_trade_amount_share_rollq,0.0995235840229651,-0.026917403781163068,63.0
2024-05-24,mid_trade_amount_share_rollq,-0.24624763317862414,-0.030303209755465715,63.0
2024-05-27,mid_trade_amount_share_rollq,0.0046551905998680025,-0.02906993547784563,63.0
2024-05-28,mid_trade_amount_share_rollq,0.1343949206034773,-0.027085549832195015,63.0
2024-05-29,mid_trade_amount_share_rollq,-0.05385565323741732,-0.028707858546782934,63.0
2024-05-30,mid_trade_amount_share_rollq,0.2506979506801588,-0.02790109004535356,63.0
2024-05-31,mid_trade_amount_share_rollq,0.03643042560923938,-0.029986061238574193,63.0
2024-06-03,mid_trade_amount_share_rollq,0.2774265437881083,-0.0203350297231335,63.0
2024-06-04,mid_trade_amount_share_rollq,-0.06241475483422753,-0.025045812005278487,63.0
2024-06-05,mid_trade_amount_share_rollq,0.1814874059123555,-0.024574130493100126,63.0
2024-06-06,mid_trade_amount_share_rollq,-0.00965355920072894,-0.028051006240476465,63.0
2024-06-07,mid_trade_amount_share_rollq,-0.41839309713337514,-0.033020709949915045,63.0
2024-06-11,mid_trade_amount_share_rollq,0.3810567231223773,-0.024801122541464708,63.0
2024-06-12,mid_trade_amount_share_rollq,-0.127277607087576,-0.02124430198669641,63.0
2024-06-13,mid_trade_amount_share_rollq,0.3606107973312773,-0.01781123442799998,63.0
2024-06-14,mid_trade_amount_share_rollq,-0.2749584167537,-0.0249307896929844,63.0
2024-06-17,mid_trade_amount_share_rollq,0.22446405197013636,-0.022125858990462627,63.0
2024-06-18,mid_trade_amount_share_rollq,-0.26092982034552165,-0.028506353232629164,63.0
2024-06-19,mid_trade_amount_share_rollq,-0.1719697372704982,-0.027416237062368114,63.0
2024-06-20,mid_trade_amount_share_rollq,0.2779663685920776,-0.02069896444373531,63.0
2024-06-21,mid_trade_amount_share_rollq,-0.07553685007458215,-0.025254103775118983,63.0
2024-06-24,mid_trade_amount_share_rollq,-0.13178655096739783,-0.026687336180263695,63.0
2024-06-25,mid_trade_amount_share_rollq,-0.3441339303536542,-0.030811653462542502,63.0
2024-06-26,mid_trade_amount_share_rollq,0.05481792043367489,-0.025706468555437956,63.0
2024-06-27,mid_trade_amount_share_rollq,-0.12005724554383371,-0.026746966577878988,63.0
2024-06-28,mid_trade_amount_share_rollq,-0.11332510722983494,-0.02499733335037264,63.0
2024-07-01,mid_trade_amount_share_rollq,-0.27342237470323083,-0.026591524683888566,63.0
2024-07-02,mid_trade_amount_share_rollq,-0.38900112582254426,-0.031166674073172366,63.0
2024-07-03,mid_trade_amount_share_rollq,-0.1612557474217757,-0.033335223812974636,63.0
2024-07-04,mid_trade_amount_share_rollq,-0.03237097313390509,-0.03344400189018808,63.0
2024-07-05,mid_trade_amount_share_rollq,0.010160910248720042,-0.035182848173974574,63.0
2024-07-08,mid_trade_amount_share_rollq,0.04296265095794617,-0.030948811370896095,63.0
2024-07-09,mid_trade_amount_share_rollq,0.09011012238352453,-0.026357920244823727,63.0
2024-07-10,mid_trade_amount_share_rollq,0.23515526940818435,-0.018673845335080038,63.0
2024-07-11,mid_trade_amount_share_rollq,-0.15445063569312067,-0.02382080110772028,63.0
2024-07-12,mid_trade_amount_share_rollq,-0.04905669659518616,-0.02220082748878642,63.0
2024-07-15,mid_trade_amount_share_rollq,-0.09611011509489482,-0.019638116183119014,63.0
2024-07-16,mid_trade_amount_share_rollq,0.08368295726534801,-0.019934025586289275,63.0
2024-07-17,mid_trade_amount_share_rollq,-0.005571672161044182,-0.020584231742128326,63.0
2024-07-18,mid_trade_amount_share_rollq,0.06849217714821418,-0.020470394392253243,63.0
2024-07-19,mid_trade_amount_share_rollq,0.18146172191600507,-0.014529967082872864,63.0
2024-07-22,mid_trade_amount_share_rollq,0.045576820404459845,-0.015831351690080885,63.0
2024-07-23,mid_trade_amount_share_rollq,-0.4530220270655373,-0.019860321194716146,63.0
2024-07-24,mid_trade_amount_share_rollq,-0.1505047955737043,-0.027190209588477274,63.0
2024-07-25,mid_trade_amount_share_rollq,-0.13436056199850405,-0.03184476147740081,63.0
2024-07-26,mid_trade_amount_share_rollq,-0.15452381181479308,-0.0345900765869368,63.0
2024-07-29,mid_trade_amount_share_rollq,-0.3503208201568607,-0.039455899331367665,63.0
2024-07-30,mid_trade_amount_share_rollq,-0.2143469529570799,-0.04386321632947463,63.0
2024-07-31,mid_trade_amount_share_rollq,0.27203680335121294,-0.03935220734005934,63.0
2024-08-01,mid_trade_amount_share_rollq,-0.014307409145718515,-0.0390447899035794,63.0
2024-08-02,mid_trade_amount_share_rollq,-0.18313858186125095,-0.0424956959049111,63.0
2024-08-05,mid_trade_amount_share_rollq,-0.19604913609289784,-0.04569651275047325,63.0
2024-08-06,mid_trade_amount_share_rollq,0.12338044769837642,-0.04236140510739548,63.0
2024-08-07,mid_trade_amount_share_rollq,-0.014254726500438776,-0.043159083947992574,63.0
2024-08-08,mid_trade_amount_share_rollq,-0.09053666154475178,-0.039026768971882786,63.0
2024-08-09,mid_trade_amount_share_rollq,-0.18973860945363932,-0.04000400775958045,63.0
2024-08-12,mid_trade_amount_share_rollq,0.12189905060069037,-0.038398411545650483,63.0
2024-08-13,mid_trade_amount_share_rollq,-0.009533272516704033,-0.03772363353730567,63.0
2024-08-14,mid_trade_amount_share_rollq,-0.19250642766886128,-0.03816411127276302,63.0
2024-08-15,mid_trade_amount_share_rollq,-0.18271011887680486,-0.03987458518835712,63.0
2024-08-16,mid_trade_amount_share_rollq,0.1582247839289868,-0.03815575981682705,63.0
2024-08-19,mid_trade_amount_share_rollq,-0.17092662088420163,-0.04081293964430636,63.0
2024-08-20,mid_trade_amount_share_rollq,-0.06229829657418524,-0.041558452961035275,63.0
2024-08-21,mid_trade_amount_share_rollq,0.03926109901955699,-0.04251500034204176,63.0
2024-08-22,mid_trade_amount_share_rollq,0.01634720755602162,-0.03834682826688865,63.0
2024-08-23,mid_trade_amount_share_rollq,-0.025273468231233987,-0.03882188634357281,63.0
2024-08-26,mid_trade_amount_share_rollq,-0.19117617154001398,-0.043989681456961555,63.0
2024-08-27,mid_trade_amount_share_rollq,0.09183931220703458,-0.04167706295784327,63.0
2024-08-28,mid_trade_amount_share_rollq,-0.007196494599952824,-0.045770625581337106,63.0
2024-08-29,mid_trade_amount_share_rollq,0.14078676951611835,-0.04411417567805332,63.0
2024-08-30,mid_trade_amount_share_rollq,0.06259750895653957,-0.04752416035791948,63.0
2024-09-02,mid_trade_amount_share_rollq,-0.1680412217818898,-0.049200770944390314,63.0
2024-09-03,mid_trade_amount_share_rollq,0.15946811447480475,-0.04955028350689112,63.0
2024-09-04,mid_trade_amount_share_rollq,0.2465920943102362,-0.04548289218132024,63.0
2024-09-05,mid_trade_amount_share_rollq,-0.09818935721131854,-0.0404002931349384,63.0
2024-09-06,mid_trade_amount_share_rollq,-0.313064132128835,-0.051418084488132246,63.0
2024-09-09,mid_trade_amount_share_rollq,-0.016501446375899436,-0.04965973273080404,63.0
2024-09-10,mid_trade_amount_share_rollq,0.171332911784586,-0.052664143612497556,63.0
2024-09-11,mid_trade_amount_share_rollq,0.32140420017041427,-0.0431980703279878,63.0
2024-09-12,mid_trade_amount_share_rollq,-0.3190210474003176,-0.05182481793704262,63.0
2024-09-13,mid_trade_amount_share_rollq,-0.2892647724534137,-0.052274579081612337,63.0
2024-09-18,mid_trade_amount_share_rollq,0.01314919106535323,-0.04933618339374169,63.0
2024-09-19,mid_trade_amount_share_rollq,-0.3047938430724771,-0.05858634548365525,63.0
2024-09-20,mid_trade_amount_share_rollq,-0.21573409871149463,-0.060811698636622114,63.0
2024-09-23,mid_trade_amount_share_rollq,-0.2096384907767384,-0.06204744371296085,63.0
2024-09-24,mid_trade_amount_share_rollq,0.06930343663412161,-0.055484945824266,63.0
2024-09-25,mid_trade_amount_share_rollq,-0.2804693033908828,-0.06080696525005263,63.0
2024-09-26,mid_trade_amount_share_rollq,0.05711192008618827,-0.057994756271798314,63.0
2024-09-27,mid_trade_amount_share_rollq,0.2496374144037122,-0.052233446404599156,63.0
2024-09-30,mid_trade_amount_share_rollq,0.3371857814749585,-0.0425412534493898,63.0
2024-10-08,mid_trade_amount_share_rollq,0.28175088991281855,-0.031894396056764994,63.0
2024-10-09,mid_trade_amount_share_rollq,-0.19042962897485477,-0.0323574735417345,63.0
2024-10-10,mid_trade_amount_share_rollq,-0.3752614184267525,-0.03780017902257335,63.0
2024-10-11,mid_trade_amount_share_rollq,-0.2758479327437247,-0.042340001927215334,63.0
2024-10-14,mid_trade_amount_share_rollq,0.08000260109847471,-0.041752066210699,63.0
2024-10-15,mid_trade_amount_share_rollq,-0.07770986326736609,-0.04441587550674488,63.0
2024-10-16,mid_trade_amount_share_rollq,-0.27072578330540215,-0.05244573348632563,63.0
2024-10-17,mid_trade_amount_share_rollq,0.30327659868894336,-0.045180221829467467,63.0
2024-10-18,mid_trade_amount_share_rollq,0.4152643824968779,-0.03781004597086327,63.0
2024-10-21,mid_trade_amount_share_rollq,0.04152101859017083,-0.035625424801259055,63.0
2024-10-22,mid_trade_amount_share_rollq,-0.24425462479841561,-0.04083078324671562,63.0
2024-10-23,mid_trade_amount_share_rollq,-0.18938100302142977,-0.043748391673070944,63.0
2024-10-24,mid_trade_amount_share_rollq,-0.14078507402170579,-0.04707025280275222,63.0
2024-10-25,mid_trade_amount_share_rollq,-0.0707703574312916,-0.05107393660191566,63.0
2024-10-28,mid_trade_amount_share_rollq,-0.28711752671766483,-0.05635479925464779,63.0
2024-10-29,mid_trade_amount_share_rollq,-0.03214451689100652,-0.04967420385505207,63.0
2024-10-30,mid_trade_amount_share_rollq,-0.19147733151715085,-0.050324561568440104,63.0
2024-10-31,mid_trade_amount_share_rollq,-0.10213768201742841,-0.049813087283026206,63.0
2024-11-01,mid_trade_amount_share_rollq,-0.20040354033669952,-0.05054133694210409,63.0
2024-11-04,mid_trade_amount_share_rollq,0.23434664096193705,-0.04126090105132952,63.0
2024-11-05,mid_trade_amount_share_rollq,0.1445868890187197,-0.03556353848028509,63.0
2024-11-06,mid_trade_amount_share_rollq,-0.1948769816871738,-0.042974868401529316,63.0
2024-11-07,mid_trade_amount_share_rollq,-0.22202481285208886,-0.04627197004766218,63.0
2024-11-08,mid_trade_amount_share_rollq,0.24732736409296802,-0.03943917725473807,63.0
2024-11-11,mid_trade_amount_share_rollq,0.3107695626256202,-0.03139443600523778,63.0
2024-11-12,mid_trade_amount_share_rollq,-0.11499472492372056,-0.035178168904001224,63.0
2024-11-13,mid_trade_amount_share_rollq,-0.05551707590427752,-0.03583312683104629,63.0
2024-11-14,mid_trade_amount_share_rollq,-0.20746197883720416,-0.0376890842483868,63.0
2024-11-15,mid_trade_amount_share_rollq,-0.2729970455772358,-0.039010646726539124,63.0
2024-11-18,mid_trade_amount_share_rollq,-0.28763691887683646,-0.04551121767062685,63.0
2024-11-19,mid_trade_amount_share_rollq,0.29061199453270115,-0.04074700708254105,63.0
2024-11-20,mid_trade_amount_share_rollq,-0.06010597282196775,-0.038645412561161795,63.0
2024-11-21,mid_trade_amount_share_rollq,-0.07936501960238726,-0.037005014159980566,63.0
2024-11-22,mid_trade_amount_share_rollq,-0.2614002320973044,-0.043665728700080425,63.0
2024-11-25,mid_trade_amount_share_rollq,0.011410732101491457,-0.04077148500189483,63.0
2024-11-26,mid_trade_amount_share_rollq,-0.13754347072467402,-0.041965852845553375,63.0
2024-11-27,mid_trade_amount_share_rollq,0.298569216417063,-0.03784985098210089,63.0
2024-11-28,mid_trade_amount_share_rollq,-0.2707339030771508,-0.042406694008024264,63.0
2024-11-29,mid_trade_amount_share_rollq,0.20513369370475906,-0.03874943746935771,63.0
2024-12-02,mid_trade_amount_share_rollq,-0.13113975179614923,-0.0377964784258043,63.0
2024-12-03,mid_trade_amount_share_rollq,-0.2286901522315119,-0.04288424770260663,63.0
2024-12-04,mid_trade_amount_share_rollq,-0.040441171660329865,-0.04341194098927928,63.0
2024-12-05,mid_trade_amount_share_rollq,-0.016295265430580266,-0.045905306623353855,63.0
2024-12-06,mid_trade_amount_share_rollq,-0.18994432254852037,-0.04991390712343418,63.0
2024-12-09,mid_trade_amount_share_rollq,-0.13666518099003166,-0.04941587472991262,63.0
2024-12-10,mid_trade_amount_share_rollq,0.25043237979472854,-0.04797199750261224,63.0
2024-12-11,mid_trade_amount_share_rollq,-0.2007388234405595,-0.055072488260561374,63.0
2024-12-12,mid_trade_amount_share_rollq,-0.13363795334327272,-0.055635164389640016,63.0
2024-12-13,mid_trade_amount_share_rollq,-0.012366583473340935,-0.050862187426854395,63.0
2024-12-16,mid_trade_amount_share_rollq,-0.2541945588682666,-0.054635093974352296,63.0
2024-12-17,mid_trade_amount_share_rollq,0.06778150865807399,-0.05627876703985247,63.0
2024-12-18,mid_trade_amount_share_rollq,0.05946967390997358,-0.06043645793287534,63.0
2024-12-19,mid_trade_amount_share_rollq,0.04364727432293757,-0.054679817905522086,63.0
2024-12-20,mid_trade_amount_share_rollq,0.3120351653539777,-0.045135374448261906,63.0
2024-12-23,mid_trade_amount_share_rollq,-0.12108959224408346,-0.04726614878650694,63.0
2024-12-24,mid_trade_amount_share_rollq,0.02353771100064929,-0.04205453681709223,63.0
2024-12-25,mid_trade_amount_share_rollq,-0.02993170827057162,-0.039105292524379165,63.0
2024-12-26,mid_trade_amount_share_rollq,0.2162063410647721,-0.0323458507491171,63.0
2024-12-27,mid_trade_amount_share_rollq,-0.379053740527067,-0.03946263133897723,63.0
2024-12-30,mid_trade_amount_share_rollq,0.008380911530030661,-0.034877707292613525,63.0
2024-12-31,mid_trade_amount_share_rollq,-0.1427563486070193,-0.03805021949409301,63.0
2025-01-02,mid_trade_amount_share_rollq,-0.14752702088022962,-0.044354416879552404,63.0
2025-01-03,mid_trade_amount_share_rollq,-0.003889481726877776,-0.049768309946248215,63.0
2025-01-06,mid_trade_amount_share_rollq,-0.16514467571129043,-0.056861890352980116,63.0
2025-01-07,mid_trade_amount_share_rollq,0.10617241975998491,-0.05215392132544298,63.0
2025-01-08,mid_trade_amount_share_rollq,0.0594278826339018,-0.04525409114987703,63.0
2025-01-09,mid_trade_amount_share_rollq,0.03372059577485273,-0.04034030498291548,63.0
2025-01-10,mid_trade_amount_share_rollq,0.054581979663311256,-0.04074380691045775,63.0
2025-01-13,mid_trade_amount_share_rollq,0.08123548539873518,-0.03822086486813869,63.0
2025-01-14,mid_trade_amount_share_rollq,0.09084450175668307,-0.03248165399413734,63.0
2025-01-15,mid_trade_amount_share_rollq,-0.14384698324796436,-0.03957885370742159,63.0
2025-01-16,mid_trade_amount_share_rollq,-0.2912462608182902,-0.0507933083632179,63.0
2025-01-17,mid_trade_amount_share_rollq,0.1904160250782246,-0.04842989556182023,63.0
2025-01-20,mid_trade_amount_share_rollq,0.01267657293877182,-0.04435162258186487,63.0
2025-01-21,mid_trade_amount_share_rollq,0.24418688002976915,-0.037469592692163295,63.0
2025-01-22,mid_trade_amount_share_rollq,-0.050032002726992486,-0.036029067750977375,63.0
2025-01-23,mid_trade_amount_share_rollq,-0.10638806061075617,-0.03659442811890538,63.0
2025-01-24,mid_trade_amount_share_rollq,0.16076706418708842,-0.02948514889819502,63.0
2025-01-27,mid_trade_amount_share_rollq,-0.1302550235777579,-0.03104245852814345,63.0
2025-02-05,mid_trade_amount_share_rollq,0.07158205053215355,-0.026866912781329095,63.0
2025-02-06,mid_trade_amount_share_rollq,0.15828799898180135,-0.02273317181308735,63.0
2025-02-07,mid_trade_amount_share_rollq,-0.11124213912182458,-0.021317911476343307,63.0
2025-02-10,mid_trade_amount_share_rollq,0.02711070177983224,-0.024607370828440205,63.0
2025-02-11,mid_trade_amount_share_rollq,-0.11662874690718986,-0.028753650763772107,63.0
2025-02-12,mid_trade_amount_share_rollq,0.11882478147334237,-0.023774257697732167,63.0
2025-02-13,mid_trade_amount_share_rollq,-0.2742997571856595,-0.024604018718899955,63.0
2025-02-14,mid_trade_amount_share_rollq,0.040372776422660454,-0.0278890121739842,63.0
2025-02-17,mid_trade_amount_share_rollq,-0.04870452108073218,-0.03359495001059297,63.0
2025-02-18,mid_trade_amount_share_rollq,-0.02289289925852284,-0.032133016269875546,63.0
2025-02-19,mid_trade_amount_share_rollq,0.29648362659400357,-0.02654570353180759,63.0
2025-02-20,mid_trade_amount_share_rollq,0.11810785951294699,-0.02137792831990043,63.0
2025-02-21,mid_trade_amount_share_rollq,0.2679826700867211,-0.012790948706186828,63.0
2025-02-24,mid_trade_amount_share_rollq,-0.18278060467070395,-0.01112656276640695,63.0
2025-02-25,mid_trade_amount_share_rollq,0.09217989582886384,-0.01427627861884881,63.0
2025-02-26,mid_trade_amount_share_rollq,-0.08791913548108345,-0.014717757391215726,63.0
2025-02-27,mid_trade_amount_share_rollq,-0.08842795477305398,-0.014861613505035834,63.0
2025-02-28,mid_trade_amount_share_rollq,-0.27676580513599947,-0.015105511489777025,63.0
2025-03-03,mid_trade_amount_share_rollq,0.04143519131441982,-0.014628932772111495,63.0
2025-03-04,mid_trade_amount_share_rollq,0.10161712177692421,-0.010832732891133744,63.0
2025-03-05,mid_trade_amount_share_rollq,0.06313073265415774,-0.01456985168102113,63.0
2025-03-06,mid_trade_amount_share_rollq,0.13960896189673672,-0.008056472871911807,63.0
2025-03-07,mid_trade_amount_share_rollq,-0.17812864272787962,-0.014140002021636228,63.0
2025-03-10,mid_trade_amount_share_rollq,-0.039150221163971904,-0.012679850741760397,63.0
2025-03-11,mid_trade_amount_share_rollq,-0.23598689002725418,-0.01279567197661345,63.0
2025-03-12,mid_trade_amount_share_rollq,-0.09520714467750836,-0.013664973135616284,63.0
2025-03-13,mid_trade_amount_share_rollq,-0.2699602420148851,-0.017691401335367153,63.0
2025-03-14,mid_trade_amount_share_rollq,0.04296925043707554,-0.013994360494325949,63.0
2025-03-17,mid_trade_amount_share_rollq,-0.005058995652127821,-0.011905373425470333,63.0
2025-03-18,mid_trade_amount_share_rollq,0.0575920077077492,-0.014966331712565242,63.0
2025-03-19,mid_trade_amount_share_rollq,-0.20396579780629506,-0.015017553527894379,63.0
2025-03-20,mid_trade_amount_share_rollq,-0.27627450004668835,-0.017281625697789866,63.0
2025-03-21,mid_trade_amount_share_rollq,-0.3562113632114476,-0.02273947934442648,63.0
2025-03-24,mid_trade_amount_share_rollq,-0.0479109153318812,-0.019465135796229886,63.0
2025-03-25,mid_trade_amount_share_rollq,-0.273762882665792,-0.024886475341053156,63.0
2025-03-26,mid_trade_amount_share_rollq,-0.05444224619749951,-0.02669460105704479,63.0
2025-03-27,mid_trade_amount_share_rollq,0.18709038121033916,-0.024417726344546354,63.0
2025-03-28,mid_trade_amount_share_rollq,0.027814593648618827,-0.02892916399066316,63.0
2025-03-31,mid_trade_amount_share_rollq,0.14742818392441484,-0.024666977067353667,63.0
2025-04-01,mid_trade_amount_share_rollq,-0.0405896923783222,-0.02568487235908337,63.0
2025-04-02,mid_trade_amount_share_rollq,0.059294816276507074,-0.02426857831865355,63.0
2025-04-03,mid_trade_amount_share_rollq,-0.3311301322709947,-0.032956458847792705,63.0
2025-04-07,mid_trade_amount_share_rollq,-0.24991351815745005,-0.030906614048274977,63.0
2025-04-08,mid_trade_amount_share_rollq,-0.12804221187094816,-0.033072060451465116,63.0
2025-04-09,mid_trade_amount_share_rollq,0.016020840236112843,-0.030551787612685243,63.0
2025-04-10,mid_trade_amount_share_rollq,0.09016779652214607,-0.02677885400312372,63.0
2025-04-11,mid_trade_amount_share_rollq,0.2448597358488277,-0.02283045372414427,63.0
2025-04-14,mid_trade_amount_share_rollq,-0.16471070655756218,-0.022823565324878742,63.0
2025-04-15,mid_trade_amount_share_rollq,-0.05398102853830592,-0.02536568355183574,63.0
2025-04-16,mid_trade_amount_share_rollq,-0.12241705333096684,-0.028252111106833656,63.0
2025-04-17,mid_trade_amount_share_rollq,-0.09844025238238181,-0.03034990234742468,63.0
2025-04-18,mid_trade_amount_share_rollq,-0.23763804236065883,-0.034988315395424206,63.0
2025-04-21,mid_trade_amount_share_rollq,0.16644039010995845,-0.03363585659048415,63.0
2025-04-22,mid_trade_amount_share_rollq,-0.19445507364579465,-0.03816442127941237,63.0
2025-04-23,mid_trade_amount_share_rollq,0.0699146051326319,-0.03477138019400609,63.0
2025-04-24,mid_trade_amount_share_rollq,-0.19890852517265217,-0.03330570185042452,63.0
2025-04-25,mid_trade_amount_share_rollq,-0.04566123130857307,-0.03705295988831021,63.0
2025-04-28,mid_trade_amount_share_rollq,0.050953163818865,-0.03644539495370555,63.0
2025-04-29,mid_trade_amount_share_rollq,-0.013204345148775422,-0.04053096995653959,63.0
2025-04-30,mid_trade_amount_share_rollq,0.15008846131763376,-0.03735445465424394,63.0
2025-05-06,mid_trade_amount_share_rollq,0.01304505557374961,-0.03545869090528352,63.0
2025-05-07,mid_trade_amount_share_rollq,-0.259014073047508,-0.04212188355980093,63.0
2025-05-08,mid_trade_amount_share_rollq,0.053743395241186355,-0.039201273737278004,63.0
2025-05-09,mid_trade_amount_share_rollq,-0.22216104025667818,-0.04386386247995787,63.0
2025-05-12,mid_trade_amount_share_rollq,0.12326798680155851,-0.04441973568916808,63.0
2025-05-13,mid_trade_amount_share_rollq,-0.15126301754311297,-0.04505498772760123,63.0
2025-05-14,mid_trade_amount_share_rollq,-0.1863127998630175,-0.048442662356852816,63.0
2025-05-15,mid_trade_amount_share_rollq,-0.20950827771784217,-0.04991694062368856,63.0
2025-05-16,mid_trade_amount_share_rollq,-0.03152046592549596,-0.052303373122082816,63.0
2025-05-19,mid_trade_amount_share_rollq,-0.15719927043985094,-0.05044463523722872,63.0
2025-05-20,mid_trade_amount_share_rollq,0.03693659009152838,-0.05049917787740541,63.0
2025-05-21,mid_trade_amount_share_rollq,-0.1667161512778087,-0.05237237835672409,63.0
2025-05-22,mid_trade_amount_share_rollq,-0.007780781253219204,-0.052132503467751015,63.0
2025-05-23,mid_trade_amount_share_rollq,-0.1457425496452926,-0.059151966582660476,63.0
2025-05-26,mid_trade_amount_share_rollq,0.011145031310625025,-0.0608497892525386,63.0
2025-05-27,mid_trade_amount_share_rollq,-0.1750982725133637,-0.06788282008746058,63.0
2025-05-28,mid_trade_amount_share_rollq,-0.035669147064827926,-0.06554771758578,63.0
2025-05-29,mid_trade_amount_share_rollq,0.09083582490162397,-0.06556905204494255,63.0
2025-05-30,mid_trade_amount_share_rollq,-0.16014896435187656,-0.06671555726511387,63.0
2025-06-03,mid_trade_amount_share_rollq,-0.012146727019129397,-0.06550474412616268,63.0
2025-06-04,mid_trade_amount_share_rollq,-0.023743802852448575,-0.06148852186769362,63.0
2025-06-05,mid_trade_amount_share_rollq,0.2529784506912431,-0.0581306923537758,63.0
2025-06-06,mid_trade_amount_share_rollq,-0.1484384522871564,-0.06209982845003105,63.0
2025-06-09,mid_trade_amount_share_rollq,0.061653903480621636,-0.062123270182944314,63.0
2025-06-10,mid_trade_amount_share_rollq,-0.21151011105150827,-0.06769658880117042,63.0
2025-06-11,mid_trade_amount_share_rollq,-0.10971018055752473,-0.06661058146513305,63.0
2025-06-12,mid_trade_amount_share_rollq,-0.10822735474589598,-0.06770704390294136,63.0
2025-06-13,mid_trade_amount_share_rollq,-0.09724164334244396,-0.06550473840000787,63.0
2025-06-16,mid_trade_amount_share_rollq,0.020144621315787904,-0.06367375798741585,63.0
2025-06-17,mid_trade_amount_share_rollq,-0.2442608830768462,-0.06326583165506604,63.0
2025-06-18,mid_trade_amount_share_rollq,0.22810873370278162,-0.06032710969846753,63.0
2025-06-19,mid_trade_amount_share_rollq,0.02781502021512889,-0.05980529992279679,63.0
2025-06-20,mid_trade_amount_share_rollq,-0.11741117554059881,-0.06258312822832612,63.0
2025-06-23,mid_trade_amount_share_rollq,0.034448079338955113,-0.05879878097205231,63.0
2025-06-24,mid_trade_amount_share_rollq,0.07965037436975132,-0.05314917979083898,63.0
2025-06-25,mid_trade_amount_share_rollq,0.08495623657950689,-0.04614651947669685,63.0
2025-06-26,mid_trade_amount_share_rollq,-0.1775784588483695,-0.048204734453149045,63.0
2025-06-27,mid_trade_amount_share_rollq,-0.027352895734146242,-0.0442934648193134,63.0
2025-06-30,mid_trade_amount_share_rollq,0.3375652528125925,-0.03807112356518496,63.0
2025-07-01,mid_trade_amount_share_rollq,-0.11710553979590256,-0.04289963024782371,63.0
2025-07-02,mid_trade_amount_share_rollq,-0.4116595939814913,-0.0498754110038572,63.0
2025-07-03,mid_trade_amount_share_rollq,0.008728596692713579,-0.05207699175356675,63.0
2025-07-04,mid_trade_amount_share_rollq,-0.18739532937181347,-0.05440723995981265,63.0
2025-07-07,mid_trade_amount_share_rollq,-0.1645206789358453,-0.057959866867945214,63.0
2025-07-08,mid_trade_amount_share_rollq,0.0878794507294091,-0.05130892110603405,63.0
2025-07-09,mid_trade_amount_share_rollq,-0.1693032053221296,-0.05002939233087023,63.0
2025-07-10,mid_trade_amount_share_rollq,-0.310830443671124,-0.05293079283563493,63.0
2025-07-11,mid_trade_amount_share_rollq,0.11018634311082737,-0.05143610231381406,63.0
2025-07-14,mid_trade_amount_share_rollq,-0.060252825833484784,-0.05382373124009392,63.0
2025-07-15,mid_trade_amount_share_rollq,0.1698530821289288,-0.055014313045171674,63.0
2025-07-16,mid_trade_amount_share_rollq,0.056664635337176236,-0.05150041872938218,63.0
2025-07-17,mid_trade_amount_share_rollq,0.1274244667964139,-0.048620966422481864,63.0
2025-07-18,mid_trade_amount_share_rollq,-0.16432961104702068,-0.04928624511638748,63.0
2025-07-21,mid_trade_amount_share_rollq,-0.2654695545496542,-0.05193750388094735,63.0
2025-07-22,mid_trade_amount_share_rollq,-0.2238817756115109,-0.051719150440484696,63.0
2025-07-23,mid_trade_amount_share_rollq,0.019732850285514476,-0.0540478415488092,63.0
2025-07-24,mid_trade_amount_share_rollq,-0.031101277505446005,-0.05145492414975605,63.0
2025-07-25,mid_trade_amount_share_rollq,0.17551825858586556,-0.0497786756822444,63.0
2025-07-28,mid_trade_amount_share_rollq,0.08511774580494506,-0.045270322174663494,63.0
2025-07-29,mid_trade_amount_share_rollq,0.10698481278931854,-0.04284736909374458,63.0
2025-07-30,mid_trade_amount_share_rollq,-0.1562754793918834,-0.04613671263677233,63.0
2025-07-31,mid_trade_amount_share_rollq,0.21405273596334357,-0.042529457381024406,63.0
2025-08-01,mid_trade_amount_share_rollq,-0.08752460961007222,-0.04630109342749594,63.0
2025-08-04,mid_trade_amount_share_rollq,0.16674068313243634,-0.04386148029164377,63.0
2025-08-05,mid_trade_amount_share_rollq,-0.1061001891604847,-0.04143427578550054,63.0
2025-08-06,mid_trade_amount_share_rollq,0.18132406224424955,-0.039409185833070966,63.0
2025-08-07,mid_trade_amount_share_rollq,-0.01832106539905839,-0.03617363067660081,63.0
2025-08-08,mid_trade_amount_share_rollq,-0.2815788781277535,-0.04259977138976449,63.0
2025-08-11,mid_trade_amount_share_rollq,0.16184530312545264,-0.03762979804581901,63.0
2025-08-12,mid_trade_amount_share_rollq,0.03080392102304164,-0.03418350088889743,63.0
2025-08-13,mid_trade_amount_share_rollq,0.1825162138016918,-0.02796088991239689,63.0
2025-08-14,mid_trade_amount_share_rollq,-0.019193967367047628,-0.027765231205119933,63.0
2025-08-15,mid_trade_amount_share_rollq,0.0682686794964397,-0.024186374856924847,63.0
2025-08-18,mid_trade_amount_share_rollq,0.16593825875939242,-0.022138729322514306,63.0
2025-08-19,mid_trade_amount_share_rollq,-0.1432620754950558,-0.021766442405327747,63.0
2025-08-20,mid_trade_amount_share_rollq,-0.10862802715215956,-0.023367192340231567,63.0
2025-08-21,mid_trade_amount_share_rollq,-0.20456081483256042,-0.024300815597172322,63.0
2025-08-22,mid_trade_amount_share_rollq,0.2932477469978996,-0.019822994713247333,63.0
2025-08-25,mid_trade_amount_share_rollq,0.02043309857101288,-0.016719322156352464,63.0
2025-08-26,mid_trade_amount_share_rollq,-0.1871748405286954,-0.01912417443355671,63.0
2025-08-27,mid_trade_amount_share_rollq,0.05475097333461401,-0.01969694985525528,63.0
2025-08-28,mid_trade_amount_share_rollq,0.1652405557332306,-0.01453203683803136,63.0
2025-08-29,mid_trade_amount_share_rollq,-0.02572263302272271,-0.014747527409516967,63.0
2025-09-01,mid_trade_amount_share_rollq,0.06492491708540045,-0.01334008741050349,63.0
2025-09-02,mid_trade_amount_share_rollq,-0.23975085225650894,-0.021161187457293205,63.0
2025-09-03,mid_trade_amount_share_rollq,-0.0154083628610237,-0.01904959873624348,63.0
2025-09-04,mid_trade_amount_share_rollq,-0.35115541400812383,-0.025602127585271185,63.0
2025-09-05,mid_trade_amount_share_rollq,0.16627553969204117,-0.01960552995442119,63.0
2025-09-08,mid_trade_amount_share_rollq,-0.07655368619094487,-0.01907923639304691,63.0
2025-09-09,mid_trade_amount_share_rollq,-0.3490840803271584,-0.022902359021320914,63.0
2025-09-10,mid_trade_amount_share_rollq,-0.00039575745229802916,-0.021365122737350348,63.0
2025-09-11,mid_trade_amount_share_rollq,0.1889472933201018,-0.018685715245218382,63.0
2025-09-12,mid_trade_amount_share_rollq,-0.05457382575773394,-0.01567480957348644,63.0
2025-09-15,mid_trade_amount_share_rollq,-0.14747899180994142,-0.021636519502259824,63.0
2025-09-16,mid_trade_amount_share_rollq,-0.031187150009085157,-0.022573061886771155,63.0
2025-09-17,mid_trade_amount_share_rollq,0.10285953902554501,-0.019076701338102204,63.0
2025-09-18,mid_trade_amount_share_rollq,0.10516522442286363,-0.017954206971690957,63.0
2025-09-19,mid_trade_amount_share_rollq,-0.09134496247227984,-0.020668418667596215,63.0
2025-09-22,mid_trade_amount_share_rollq,0.24322782302316887,-0.018156171263728565,63.0
2025-09-23,mid_trade_amount_share_rollq,-0.012261316827600125,-0.015532089644351273,63.0
2025-09-24,mid_trade_amount_share_rollq,0.17899794561267965,-0.012256679464242925,63.0
2025-09-25,mid_trade_amount_share_rollq,0.09361784457351903,-0.016128860547402823,63.0
2025-09-26,mid_trade_amount_share_rollq,-0.3151407647971892,-0.019272276817264518,63.0
2025-09-29,mid_trade_amount_share_rollq,-0.006278457602264233,-0.01283765560489583,63.0
2025-09-30,mid_trade_amount_share_rollq,0.10717891754028645,-0.011274952099378802,63.0
2025-10-09,mid_trade_amount_share_rollq,-0.14559914580827826,-0.010611520614243322,63.0
2025-10-10,mid_trade_amount_share_rollq,-0.32864953290449594,-0.013216740518507618,63.0
2025-10-13,mid_trade_amount_share_rollq,-0.05190695021918351,-0.015435572279596391,63.0
2025-10-14,mid_trade_amount_share_rollq,-0.3247678381489234,-0.01790326486414867,63.0
2025-10-15,mid_trade_amount_share_rollq,0.11864402599046982,-0.011086209790155118,63.0
2025-10-16,mid_trade_amount_share_rollq,-0.17337452136843434,-0.015587175893000543,63.0
2025-10-17,mid_trade_amount_share_rollq,-0.2927889072804276,-0.019278224804856782,63.0
2025-10-20,mid_trade_amount_share_rollq,0.015413023882165793,-0.021729654300837144,63.0
2025-10-21,mid_trade_amount_share_rollq,0.02283483703001706,-0.022266635226347607,63.0
2025-10-22,mid_trade_amount_share_rollq,-0.16363921636436557,-0.026886693689217124,63.0
2025-10-23,mid_trade_amount_share_rollq,-0.19276703032143286,-0.027338081296747474,63.0
2025-10-24,mid_trade_amount_share_rollq,0.38944087155041057,-0.01694267770785756,63.0
2025-10-27,mid_trade_amount_share_rollq,0.17025163007095645,-0.010686591903373949,63.0
2025-10-28,mid_trade_amount_share_rollq,-0.04252083961878526,-0.011674745711378708,63.0
2025-10-29,mid_trade_amount_share_rollq,0.030150169580391392,-0.010702500519540019,63.0
2025-10-30,mid_trade_amount_share_rollq,-0.20417606064899368,-0.016729394475648893,63.0
2025-10-31,mid_trade_amount_share_rollq,-0.029624520124280473,-0.018550700284049298,63.0
2025-11-03,mid_trade_amount_share_rollq,-0.19903203850301346,-0.023408110622022825,63.0
2025-11-04,mid_trade_amount_share_rollq,-0.24539549733629565,-0.024822714081457937,63.0
2025-11-05,mid_trade_amount_share_rollq,-0.26764887570203577,-0.03246877140947983,63.0
2025-11-06,mid_trade_amount_share_rollq,0.14200353790804895,-0.028825467480620766,63.0
2025-11-07,mid_trade_amount_share_rollq,-0.25890871069301374,-0.03558180706515172,63.0
2025-11-10,mid_trade_amount_share_rollq,-0.09949671366304205,-0.035476989993763745,63.0
2025-11-11,mid_trade_amount_share_rollq,-0.2563634290226512,-0.042424410490063756,63.0
2025-11-12,mid_trade_amount_share_rollq,-0.08051840286585271,-0.04341166981493351,63.0
2025-11-13,mid_trade_amount_share_rollq,0.015723272939667673,-0.03869258805195856,63.0
2025-11-14,mid_trade_amount_share_rollq,-0.16235003389761493,-0.043838545782483446,63.0
2025-11-17,mid_trade_amount_share_rollq,-0.019519043904805976,-0.044637323003560395,63.0
2025-11-18,mid_trade_amount_share_rollq,0.22269207951066974,-0.04399961084944964,63.0
2025-11-19,mid_trade_amount_share_rollq,-0.034896115607087275,-0.044248851297704235,63.0
2025-11-20,mid_trade_amount_share_rollq,-0.1361334113547583,-0.047493328930262924,63.0
2025-11-21,mid_trade_amount_share_rollq,0.051569787849186796,-0.049308701484393175,63.0
2025-11-24,mid_trade_amount_share_rollq,0.23747508752094812,-0.04326525445239312,63.0
2025-11-25,mid_trade_amount_share_rollq,-0.01465049290529203,-0.0417735475595857,63.0
2025-11-26,mid_trade_amount_share_rollq,0.023029540301420192,-0.0381610022399987,63.0
2025-11-27,mid_trade_amount_share_rollq,0.042719407863413814,-0.042137642543720696,63.0
2025-11-28,mid_trade_amount_share_rollq,0.060601740422279345,-0.04150004505401805,63.0
2025-12-01,mid_trade_amount_share_rollq,-0.018414443533414267,-0.0388213085937755,63.0
2025-12-02,mid_trade_amount_share_rollq,-0.3069321269218337,-0.04456231018514768,63.0
2025-12-03,mid_trade_amount_share_rollq,-0.1256352318194159,-0.04917938617804683,63.0
2025-12-04,mid_trade_amount_share_rollq,0.16359358277718986,-0.046174366879635526,63.0
2025-12-05,mid_trade_amount_share_rollq,-0.047967277910943115,-0.04796630648275209,63.0
2025-12-08,mid_trade_amount_share_rollq,0.26311123855332247,-0.03998436853338968,63.0
2025-12-09,mid_trade_amount_share_rollq,0.04265407486920519,-0.039062742537671766,63.0
2025-12-10,mid_trade_amount_share_rollq,-0.031595915279767996,-0.033990369541983576,63.0
2025-12-11,mid_trade_amount_share_rollq,-0.04894277046877382,-0.03740653319532985,63.0
2025-12-12,mid_trade_amount_share_rollq,0.19849874354757996,-0.03304062161217866,63.0
2025-12-15,mid_trade_amount_share_rollq,-0.28930809305809757,-0.032091796417431664,63.0
2025-12-16,mid_trade_amount_share_rollq,-0.04202721664625506,-0.03275261323003416,63.0
2025-12-17,mid_trade_amount_share_rollq,0.17576388468545256,-0.0329618736845524,63.0
2025-12-18,mid_trade_amount_share_rollq,-0.22661859171355953,-0.03569274298543852,63.0
2025-12-19,mid_trade_amount_share_rollq,-0.20846018346270653,-0.036660698408498275,63.0
2025-12-22,mid_trade_amount_share_rollq,0.15313796571022092,-0.03373490292089025,63.0
2025-12-23,mid_trade_amount_share_rollq,0.041432966571558434,-0.03470992788047733,63.0
2025-12-24,mid_trade_amount_share_rollq,0.11952307823603799,-0.034482025438998386,63.0
2025-12-25,mid_trade_amount_share_rollq,0.0980451964051373,-0.03147583244094414,63.0
2025-12-26,mid_trade_amount_share_rollq,-0.15661002208792502,-0.037822464903024995,63.0
2025-12-29,mid_trade_amount_share_rollq,0.09176414372801021,-0.036171267116428,63.0
2025-12-30,mid_trade_amount_share_rollq,0.11863750012588821,-0.03712936942574216,63.0
2025-12-31,mid_trade_amount_share_rollq,-0.06392926085439798,-0.03963011713094718,63.0
2026-01-05,mid_trade_amount_share_rollq,0.21489950909842687,-0.031216779450064392,63.0
2026-01-06,mid_trade_amount_share_rollq,-0.12927675703434763,-0.0331691334093038,63.0
2026-01-07,mid_trade_amount_share_rollq,0.14259529865307707,-0.03260696862973571,63.0
2026-01-08,mid_trade_amount_share_rollq,0.01096882160797036,-0.030121762797731755,63.0
2026-01-09,mid_trade_amount_share_rollq,0.14050731021089782,-0.022674828780027093,63.0
2026-01-12,mid_trade_amount_share_rollq,0.02962590557187056,-0.021380656465883382,63.0
2026-01-13,mid_trade_amount_share_rollq,-0.21202300396117263,-0.01959105592322067,63.0
2026-01-14,mid_trade_amount_share_rollq,0.15259764232128775,-0.019052109632255305,63.0
2026-01-15,mid_trade_amount_share_rollq,0.10899986316053241,-0.014569976544493926,63.0
2026-01-16,mid_trade_amount_share_rollq,0.22815917042635503,-0.00630095943803706,63.0
2026-01-19,mid_trade_amount_share_rollq,-0.20717747588297153,-0.009834141973991621,63.0
2026-01-20,mid_trade_amount_share_rollq,-0.28722485263487546,-0.014755724349624836,63.0
2026-01-21,mid_trade_amount_share_rollq,0.20374658160503073,-0.008924203746936006,63.0
2026-01-22,mid_trade_amount_share_rollq,-0.18188550740799486,-0.008751481161008419,63.0
2026-01-23,mid_trade_amount_share_rollq,0.021019182932887286,-0.014599444472397676,63.0
2026-01-26,mid_trade_amount_share_rollq,-0.24484533838757327,-0.02118828524158069,63.0
2026-01-27,mid_trade_amount_share_rollq,0.23895315788754823,-0.016720444011321424,63.0
2026-01-28,mid_trade_amount_share_rollq,-0.23053718641280577,-0.020858338550895986,63.0
2026-01-29,mid_trade_amount_share_rollq,-0.21018747467565727,-0.020953757821160487,63.0
2026-01-30,mid_trade_amount_share_rollq,0.09388154447776086,-0.018993344097318555,63.0
2026-02-02,mid_trade_amount_share_rollq,-0.04181821553133162,-0.016497886589831548,63.0
2026-02-03,mid_trade_amount_share_rollq,0.16759219714062656,-0.009942526360039129,63.0
2026-02-04,mid_trade_amount_share_rollq,-0.2726612210168878,-0.010022087396782812,63.0
2026-02-05,mid_trade_amount_share_rollq,-0.06796490854354015,-0.013354919880141371,63.0
2026-02-06,mid_trade_amount_share_rollq,-0.050016102079888956,-0.010039164187869548,63.0
2026-02-09,mid_trade_amount_share_rollq,0.17370199926264754,-0.00570267668111257,63.0
2026-02-10,mid_trade_amount_share_rollq,0.045526364710700304,-0.0009107751932815941,63.0
2026-02-11,mid_trade_amount_share_rollq,-0.17124316413753599,-0.0023508507690225985,63.0
2026-02-12,mid_trade_amount_share_rollq,0.21511428152577344,0.0008140858752013026,63.0
2026-02-13,mid_trade_amount_share_rollq,0.12761734374577197,0.0054167426631915715,63.0
2026-02-24,mid_trade_amount_share_rollq,-0.2180466325789005,0.002265511096936102,63.0
2026-02-25,mid_trade_amount_share_rollq,-0.12906587421693297,-0.003317948486041719,63.0
2026-02-26,mid_trade_amount_share_rollq,0.10595345620031933,-0.0010822409970352646,63.0
2026-02-27,mid_trade_amount_share_rollq,-0.17174866825816953,-0.0016475625351846496,63.0
2026-03-02,mid_trade_amount_share_rollq,-0.10169974632191409,-0.0040804122839322825,63.0
2026-03-03,mid_trade_amount_share_rollq,-0.1962243753294467,-0.010964530741875058,63.0
2026-03-04,mid_trade_amount_share_rollq,0.0009200056985385917,-0.010717379970385682,63.0
2026-03-05,mid_trade_amount_share_rollq,-0.020252603179706844,-0.011404398120879764,63.0
2026-03-06,mid_trade_amount_share_rollq,-0.10737939142560993,-0.013786918744515061,63.0
2026-03-09,mid_trade_amount_share_rollq,-0.17640319660386172,-0.017548901871914126,63.0
2026-03-10,mid_trade_amount_share_rollq,0.36718880019031197,-0.011428215463601007,63.0
2026-03-11,mid_trade_amount_share_rollq,-0.24393336875095997,-0.010428235175174442,63.0
2026-03-12,mid_trade_amount_share_rollq,-0.32271488667252834,-0.013556483664906385,63.0
2026-03-13,mid_trade_amount_share_rollq,-0.14606673645621607,-0.018471726827341398,63.0
2026-03-16,mid_trade_amount_share_rollq,0.15395924157063637,-0.01526654397842744,63.0
2026-03-17,mid_trade_amount_share_rollq,-0.18818869469997493,-0.02243003498244803,63.0
2026-03-18,mid_trade_amount_share_rollq,0.25092966765716357,-0.01912407319216298,63.0
2026-03-19,mid_trade_amount_share_rollq,-0.07517682046981666,-0.019815833592005023,63.0
2026-03-20,mid_trade_amount_share_rollq,0.02225323325517099,-0.01868573829479955,63.0
2026-03-23,mid_trade_amount_share_rollq,-0.010277744456552109,-0.021999650802801647,63.0
2026-03-24,mid_trade_amount_share_rollq,-0.08934706149654881,-0.018825666174840553,63.0
2026-03-25,mid_trade_amount_share_rollq,-0.029079484082901248,-0.018620146610342874,63.0
2026-03-26,mid_trade_amount_share_rollq,-0.18489398799777484,-0.02434487474817188,63.0
2026-03-27,mid_trade_amount_share_rollq,0.04398992582757424,-0.02004950145386817,63.0
2026-03-30,mid_trade_amount_share_rollq,-0.054385130138998254,-0.01760386568682518,63.0
2026-03-31,mid_trade_amount_share_rollq,-0.06467712038492766,-0.021061248005795796,63.0
2026-04-01,mid_trade_amount_share_rollq,0.2785923029199538,-0.017296814095503807,63.0
2026-04-02,mid_trade_amount_share_rollq,-0.19072057376360202,-0.022221316508196504,63.0
2026-04-03,mid_trade_amount_share_rollq,0.2242961457928554,-0.02021733318458193,63.0
2026-04-07,mid_trade_amount_share_rollq,-0.08409073186155397,-0.019066233339718897,63.0
2026-04-08,mid_trade_amount_share_rollq,0.22915805253452662,-0.016885377644377367,63.0
2026-04-09,mid_trade_amount_share_rollq,0.02065582508375687,-0.0184406423275858,63.0
2026-04-10,mid_trade_amount_share_rollq,0.15559304964576942,-0.014956161208535523,63.0
2026-04-13,mid_trade_amount_share_rollq,0.00700730746244225,-0.018256037424979728,63.0
2026-04-14,mid_trade_amount_share_rollq,0.20195503473042442,-0.01299838993665001,63.0
2026-04-15,mid_trade_amount_share_rollq,-0.03305738249849,-0.01578652773270663,63.0
2026-04-16,mid_trade_amount_share_rollq,0.11905012436280618,-0.014070951498502886,63.0
2026-04-17,mid_trade_amount_share_rollq,0.13146265890974113,-0.014214517392172039,63.0
2026-04-20,mid_trade_amount_share_rollq,-0.0023456460826021164,-0.014722002339068431,63.0
2026-04-21,mid_trade_amount_share_rollq,-0.08974144738628391,-0.012781025250578136,63.0
2026-04-22,mid_trade_amount_share_rollq,0.1975585296565262,-0.012067360372241017,63.0
2026-04-23,mid_trade_amount_share_rollq,-0.18844459609244452,-0.01678870099530414,63.0
2026-04-24,mid_trade_amount_share_rollq,0.008307580324346503,-0.020278408774701103,63.0
2026-04-27,mid_trade_amount_share_rollq,0.14088457771087903,-0.01475361427321141,63.0
2026-04-28,mid_trade_amount_share_rollq,-0.1272465004874077,-0.012214275350235735,63.0
2026-04-29,mid_trade_amount_share_rollq,-0.07855636051751376,-0.016695274431545965,63.0
2026-04-30,mid_trade_amount_share_rollq,0.20139247611158567,-0.010611496915362145,63.0
2026-05-06,mid_trade_amount_share_rollq,0.10416903613291786,-0.00929165797567912,63.0
2026-05-07,mid_trade_amount_share_rollq,0.17174798040052186,-0.002679065613963324,63.0
2026-05-08,mid_trade_amount_share_rollq,-0.07605722907713444,-0.007679230486418604,63.0
2026-05-11,mid_trade_amount_share_rollq,0.16473480205367905,-0.0014050719393315441,63.0
2026-05-12,mid_trade_amount_share_rollq,-0.011380956355260098,0.0017505870816271413,63.0
2026-05-13,mid_trade_amount_share_rollq,0.03879462499905441,0.0008761915343460865,63.0
2026-05-14,mid_trade_amount_share_rollq,-0.07869090836133641,0.00029091069577458196,63.0
2026-05-15,mid_trade_amount_share_rollq,0.08459807349622145,-0.0010264563462001022,63.0
2026-05-18,mid_trade_amount_share_rollq,0.03863380518878639,0.0039147345459534565,63.0
2026-05-19,mid_trade_amount_share_rollq,-0.02961882809446231,0.004523402489589612,63.0
2026-05-20,mid_trade_amount_share_rollq,0.20939417129354276,0.00864102587646948,63.0
2026-05-21,mid_trade_amount_share_rollq,-0.13547858217778633,0.0037333975996371974,63.0
2026-05-22,mid_trade_amount_share_rollq,0.0999972311405323,0.004598014527094848,63.0
2026-05-25,mid_trade_amount_share_rollq,0.012451946945268662,0.00751380994110762,63.0
2026-05-26,mid_trade_amount_share_rollq,-0.22221625877142076,0.000572055333215649,63.0
2026-05-27,mid_trade_amount_share_rollq,-0.056821069719398806,-0.002355538531310871,63.0
2026-05-28,mid_trade_amount_share_rollq,0.06873060998394184,0.0021964811919088483,63.0
2026-05-29,mid_trade_amount_share_rollq,-0.31067148693752694,-0.0006861475814339136,63.0
2026-06-01,mid_trade_amount_share_rollq,-0.27219345060416206,-0.0066884794354733,63.0
2026-06-02,mid_trade_amount_share_rollq,0.05286340634831422,-0.0031232084099735587,63.0
2026-06-03,mid_trade_amount_share_rollq,0.06116950782052842,-0.0005379821537443123,63.0
2026-06-04,mid_trade_amount_share_rollq,0.114276198463871,0.004390598382657556,63.0
2026-06-05,mid_trade_amount_share_rollq,-0.162326788985625,0.0017993794194168641,63.0
2026-06-08,mid_trade_amount_share_rollq,-0.1500204663294496,-0.00026042793216635385,63.0
2026-06-09,mid_trade_amount_share_rollq,0.1675623264809877,0.0041037263203193225,63.0
2026-06-10,mid_trade_amount_share_rollq,-0.07078028799741572,0.005780280425183545,63.0
2026-06-11,mid_trade_amount_share_rollq,0.05243584861895491,0.0007842018288127982,63.0
2026-06-12,mid_trade_amount_share_rollq,-0.1134109883722222,0.0028559856443483183,63.0
2026-06-15,mid_trade_amount_share_rollq,0.14310570055215874,0.01024996321934335,63.0
2026-06-16,mid_trade_amount_share_rollq,0.08486612485502654,0.013915564192537679,63.0
2026-06-17,mid_trade_amount_share_rollq,0.19939838979991922,0.014636820513637407,63.0
2026-06-18,mid_trade_amount_share_rollq,0.274197310272118,0.021976280910019835,63.0
2026-06-22,mid_trade_amount_share_rollq,-0.18546977354470565,0.015049305652847308,63.0
2026-06-23,mid_trade_amount_share_rollq,-0.14031601768128402,0.014015350141554172,63.0
2026-06-24,mid_trade_amount_share_rollq,0.2486491355821009,0.017608935892775283,63.0
2026-06-25,mid_trade_amount_share_rollq,0.02998082298191805,0.018247960772751,63.0
2026-06-26,mid_trade_amount_share_rollq,-0.10538915514613895,0.017993324365614648,63.0
2026-06-29,mid_trade_amount_share_rollq,0.007183642770294937,0.01856892955376062,63.0
2026-06-30,mid_trade_amount_share_rollq,0.21518377861033558,0.024919370293571896,63.0
2026-07-01,mid_trade_amount_share_rollq,-0.1547225381968871,0.021765204197945524,63.0
2026-07-02,mid_trade_amount_share_rollq,-0.2350897847508565,0.018896876346963652,63.0
2026-07-03,mid_trade_amount_share_rollq,-0.02149166490965176,0.019582359767206122,63.0
2026-07-06,mid_trade_amount_share_rollq,-0.147429328646205,0.012820111647108366,63.0
2026-07-07,mid_trade_amount_share_rollq,0.01455470204284235,0.016078449358321766,63.0
2026-07-08,mid_trade_amount_share_rollq,-0.035250591997699664,0.0119586598695828,63.0
2026-07-09,mid_trade_amount_share_rollq,0.18353718641132163,0.01620672206439035,63.0
2026-07-10,mid_trade_amount_share_rollq,-0.1862633388702303,0.009612731724632301,63.0
2026-07-13,mid_trade_amount_share_rollq,-0.19547863441302216,0.006182026018334222,63.0
2026-07-14,mid_trade_amount_share_rollq,-0.12031929708394368,0.0018024649591324266,63.0
2026-07-15,mid_trade_amount_share_rollq,-0.1958543592189801,-0.0014175614961282456,63.0
2026-07-16,mid_trade_amount_share_rollq,-0.2245919433243891,-0.008188148449379254,63.0
2026-07-17,mid_trade_amount_share_rollq,-0.3771634493188901,-0.013650149510020526,63.0
2026-07-20,mid_trade_amount_share_rollq,-0.2305829309183482,-0.01919988054622932,63.0
2026-07-21,mid_trade_amount_share_rollq,0.14238647622614545,-0.019026486620572113,63.0
2026-07-22,mid_trade_amount_share_rollq,-0.14465533694694438,-0.0212853706025458,63.0
2026-07-23,mid_trade_amount_share_rollq,-0.23729259883780124,-0.023627452371617504,63.0
2026-07-24,mid_trade_amount_share_rollq,0.06830501732341972,-0.025679095424523953,63.0
2026-07-27,mid_trade_amount_share_rollq,0.1584968192159878,-0.02017208883232662,63.0
2026-07-28,mid_trade_amount_share_rollq,-0.3332989036971637,-0.025594413975525192,63.0
2026-07-29,mid_trade_amount_share_rollq,-0.18463702230118836,-0.03076142349952626,63.0
2026-07-30,mid_trade_amount_share_rollq,-0.2916070807489187,-0.03337032159891532,63.0
2026-07-31,mid_trade_amount_share_rollq,0.24782617787606806,-0.02818964638631879,63.0
