TradeDate,1,2,3,4,5,6,7,8,9,10,H-L
2023-01-04,1.0,0.9999999999999999,1.0,0.9999999999999999,1.0,0.9999999999999999,1.0,1.0,0.9999999999999998,0.9999999999999998,1.9999999999999998
2023-01-05,0.3434343434343433,0.9494949494949494,1.2448979591836733,1.2929292929292928,1.3131313131313131,1.3061224489795917,1.4343434343434343,1.4489795918367345,1.2525252525252526,0.6464646464646463,0.9898989898989896
2023-01-06,0.36363636363636365,1.0505050505050506,1.4693877551020407,1.373737373737374,1.5555555555555554,1.5353535353535355,1.3737373737373737,1.292929292929293,1.3131313131313131,0.6262626262626263,0.98989898989899
2023-01-09,0.4848484848484849,1.0101010101010102,1.1717171717171717,1.494949494949495,1.4343434343434343,1.5151515151515154,1.4949494949494948,1.4545454545454546,1.2727272727272727,0.5858585858585859,1.0707070707070707
2023-01-10,0.4242424242424243,1.01010101010101,1.1515151515151514,1.3131313131313131,1.5151515151515151,1.5353535353535355,1.4141414141414141,1.3535353535353534,1.0303030303030303,0.48484848484848475,0.9090909090909091
2023-01-11,0.46464646464646464,1.0303030303030303,1.3673469387755102,1.2929292929292928,1.3737373737373737,1.5510204081632653,1.4747474747474747,1.387755102040816,1.2323232323232323,0.6262626262626261,1.0909090909090908
2023-01-12,0.38383838383838387,0.9292929292929294,1.2929292929292928,1.2323232323232323,1.393939393939394,1.5757575757575757,1.5151515151515154,1.3737373737373737,1.0909090909090908,0.5252525252525253,0.9090909090909092
2023-01-13,0.4040404040404041,1.1313131313131315,1.3535353535353538,1.3535353535353534,1.3535353535353538,1.393939393939394,1.5555555555555556,1.3333333333333335,1.0909090909090908,0.6060606060606061,1.0101010101010102
2023-01-16,0.4848484848484849,1.0,1.3131313131313134,1.4489795918367347,1.4141414141414141,1.510204081632653,1.4693877551020407,1.2525252525252526,1.2857142857142856,0.7070707070707072,1.191919191919192
2023-01-17,0.5050505050505051,1.1919191919191918,1.3535353535353536,1.414141414141414,1.474747474747475,1.5353535353535355,1.5353535353535355,1.474747474747475,1.2323232323232323,0.686868686868687,1.191919191919192
2023-01-18,0.44444444444444453,1.1515151515151518,1.3939393939393943,1.4545454545454546,1.5151515151515151,1.595959595959596,1.5555555555555558,1.3535353535353536,1.272727272727273,0.7272727272727273,1.1717171717171717
2023-01-19,0.42000000000000004,1.0505050505050506,1.4343434343434343,1.494949494949495,1.4343434343434345,1.4747474747474745,1.2525252525252526,1.3333333333333335,1.171717171717172,0.7676767676767678,1.1876767676767679
2023-01-20,0.44000000000000006,1.1717171717171717,1.393939393939394,1.3737373737373737,1.5353535353535355,1.5555555555555558,1.494949494949495,1.5151515151515151,1.2727272727272727,0.6262626262626263,1.0662626262626262
2023-01-30,0.4000000000000001,1.2121212121212122,1.4141414141414144,1.474747474747475,1.4141414141414144,1.5555555555555554,1.3131313131313131,1.2525252525252526,1.1919191919191916,0.5858585858585859,0.985858585858586
2023-01-31,0.42000000000000004,1.0707070707070705,1.393939393939394,1.5757575757575757,1.5151515151515151,1.4343434343434343,1.5151515151515151,1.2525252525252526,1.0707070707070705,0.6262626262626263,1.0462626262626262
2023-02-01,0.3232323232323233,1.0303030303030303,1.2244897959183674,1.4343434343434345,1.3877551020408163,1.4949494949494948,1.4343434343434343,1.3737373737373737,1.387755102040816,0.6060606060606062,0.9292929292929295
2023-02-02,0.3232323232323233,0.9696969696969698,1.2244897959183674,1.474747474747475,1.3333333333333333,1.4343434343434343,1.4545454545454546,1.5151515151515151,1.1515151515151516,0.5858585858585859,0.9090909090909092
2023-02-03,0.36000000000000004,1.0303030303030305,1.2525252525252524,1.3131313131313131,1.5757575757575757,1.474747474747475,1.373737373737374,1.3131313131313131,1.1313131313131315,0.6262626262626263,0.9862626262626264
2023-02-06,0.3,0.9090909090909092,1.22,1.3131313131313131,1.36,1.474747474747475,1.4343434343434345,1.4,1.3131313131313131,0.6400000000000001,0.9400000000000002
2023-02-07,0.36,0.9494949494949496,1.1600000000000001,1.36,1.46,1.393939393939394,1.34,1.3800000000000001,1.272727272727273,0.74,1.1
2023-02-08,0.4600000000000001,1.0303030303030303,1.272727272727273,1.4000000000000001,1.4949494949494953,1.4545454545454546,1.48,1.3333333333333335,1.2323232323232325,0.6600000000000001,1.12
2023-02-09,0.32000000000000006,0.92,1.191919191919192,1.26,1.595959595959596,1.38,1.4949494949494953,1.32,1.2323232323232325,0.7000000000000001,1.02
2023-02-10,0.34,1.06,1.3131313131313134,1.38,1.474747474747475,1.38,1.4141414141414144,1.4200000000000002,1.2525252525252526,0.7,1.04
2023-02-13,0.36,1.0101010101010104,1.272727272727273,1.3535353535353536,1.52,1.4949494949494953,1.575757575757576,1.4343434343434347,1.2121212121212122,0.72,1.08
2023-02-14,0.4600000000000001,1.070707070707071,1.3333333333333333,1.3535353535353536,1.56,1.5353535353535355,1.4949494949494948,1.4545454545454546,1.3333333333333333,0.7000000000000001,1.1600000000000001
2023-02-15,0.48484848484848486,1.090909090909091,1.393939393939394,1.3737373737373737,1.595959595959596,1.575757575757576,1.4747474747474747,1.5151515151515151,1.1717171717171717,0.6464646464646466,1.1313131313131315
2023-02-16,0.4444444444444445,1.171717171717172,1.2525252525252526,1.3333333333333335,1.5151515151515151,1.696969696969697,1.4141414141414141,1.4343434343434347,1.393939393939394,0.6868686868686869,1.1313131313131313
2023-02-17,0.4242424242424243,1.0505050505050506,1.272727272727273,1.3131313131313131,1.5151515151515154,1.5353535353535355,1.575757575757576,1.3737373737373737,1.4343434343434347,0.6464646464646465,1.070707070707071
2023-02-20,0.38000000000000006,1.1111111111111112,1.4141414141414144,1.4545454545454546,1.595959595959596,1.5757575757575761,1.4343434343434347,1.474747474747475,1.191919191919192,0.5656565656565657,0.9456565656565659
2023-02-21,0.38000000000000006,0.888888888888889,1.191919191919192,1.474747474747475,1.373737373737374,1.4545454545454546,1.3737373737373737,1.4343434343434345,1.2323232323232323,0.7272727272727273,1.1072727272727274
2023-02-22,0.32000000000000006,0.9494949494949496,1.2200000000000002,1.3131313131313134,1.36,1.5757575757575757,1.3333333333333333,1.2799999999999998,1.2525252525252526,0.5800000000000001,0.9000000000000001
2023-02-23,0.42000000000000004,0.9898989898989901,1.2800000000000002,1.474747474747475,1.2200000000000002,1.3333333333333335,1.474747474747475,1.54,1.2525252525252526,0.78,1.2000000000000002
2023-02-24,0.45999999999999996,0.98989898989899,1.2929292929292933,1.4200000000000002,1.48,1.3737373737373737,1.5,1.292929292929293,1.292929292929293,0.76,1.22
2023-02-27,0.4,1.02,1.272727272727273,1.44,1.3535353535353538,1.46,1.58,1.3800000000000001,1.3131313131313131,0.72,1.12
2023-02-28,0.32,0.9199999999999999,1.272727272727273,1.3,1.2323232323232325,1.36,1.3535353535353536,1.34,1.1313131313131315,0.6000000000000001,0.9200000000000002
2023-03-01,0.36,0.8999999999999999,1.3535353535353536,1.3800000000000001,1.4600000000000002,1.48,1.4200000000000002,1.4000000000000004,1.3400000000000003,0.7,1.06
2023-03-02,0.30000000000000004,0.9000000000000001,1.3400000000000003,1.3800000000000001,1.4400000000000002,1.5151515151515151,1.34,1.46,1.36,0.64,0.9400000000000001
2023-03-03,0.42,0.9696969696969697,1.2200000000000002,1.3535353535353536,1.48,1.4343434343434345,1.3535353535353536,1.18,1.070707070707071,0.56,0.98
2023-03-06,0.34,0.8800000000000001,1.22,1.272727272727273,1.3800000000000001,1.5000000000000002,1.474747474747475,1.48,1.2400000000000002,0.6200000000000001,0.9600000000000002
2023-03-07,0.33999999999999997,0.9600000000000002,1.2200000000000002,1.3399999999999999,1.3600000000000003,1.3800000000000001,1.38,1.44,1.12,0.58,0.9199999999999999
2023-03-08,0.36,0.9200000000000002,1.34,1.3599999999999999,1.3800000000000001,1.474747474747475,1.4600000000000002,1.4400000000000002,1.1800000000000002,0.6400000000000001,1.0
2023-03-09,0.28,0.92,1.28,1.5,1.4200000000000002,1.4949494949494953,1.42,1.54,1.26,0.66,0.9400000000000001
2023-03-10,0.28,0.92,1.2200000000000002,1.52,1.4800000000000002,1.4400000000000002,1.36,1.48,1.22,0.6,0.88
2023-03-13,0.4,0.94,1.08,1.4000000000000004,1.4400000000000002,1.3599999999999999,1.4600000000000002,1.4400000000000002,1.28,0.52,0.92
2023-03-14,0.36,0.8600000000000001,1.1515151515151516,1.3800000000000001,1.3599999999999999,1.3333333333333335,1.4,1.191919191919192,1.06,0.52,0.88
2023-03-15,0.32,0.9400000000000002,1.0909090909090908,1.3,1.272727272727273,1.3000000000000003,1.3400000000000003,1.1400000000000001,1.090909090909091,0.62,0.94
2023-03-16,0.36,0.92,1.1111111111111112,1.2400000000000002,1.2800000000000002,1.3800000000000001,1.4141414141414144,1.2400000000000002,1.1111111111111112,0.6599999999999999,1.02
2023-03-17,0.38,1.0505050505050506,1.2200000000000002,1.3131313131313131,1.34,1.5151515151515156,1.575757575757576,1.38,1.3737373737373737,0.76,1.1400000000000001
2023-03-20,0.42000000000000015,0.9898989898989898,1.1400000000000001,1.3333333333333335,1.48,1.3535353535353536,1.393939393939394,1.48,1.3333333333333335,0.7000000000000001,1.12
2023-03-21,0.3400000000000001,0.888888888888889,1.2121212121212124,1.4343434343434345,1.48,1.3333333333333335,1.474747474747475,1.3131313131313134,1.1717171717171717,0.6200000000000001,0.9600000000000002
2023-03-22,0.3400000000000001,0.8888888888888888,1.2323232323232323,1.3535353535353536,1.3399999999999999,1.2525252525252526,1.474747474747475,1.3737373737373737,1.2323232323232323,0.6800000000000002,1.0200000000000002
2023-03-23,0.28,0.8888888888888891,1.2323232323232323,1.292929292929293,1.38,1.4949494949494953,1.3939393939393938,1.2525252525252526,1.2121212121212122,0.7,0.98
2023-03-24,0.28,0.888888888888889,1.2400000000000002,1.3333333333333335,1.2,1.272727272727273,1.3535353535353536,1.3600000000000003,1.191919191919192,0.72,1.0
2023-03-27,0.38,1.1717171717171717,1.3000000000000003,1.3333333333333335,1.1400000000000001,1.4343434343434345,1.5151515151515151,1.52,1.272727272727273,0.6400000000000001,1.02
2023-03-28,0.2800000000000001,0.9696969696969698,1.0707070707070707,1.3535353535353536,1.4545454545454548,1.5151515151515151,1.4545454545454548,1.474747474747475,1.2929292929292933,0.6800000000000002,0.9600000000000002
2023-03-29,0.3400000000000001,1.0707070707070707,1.272727272727273,1.373737373737374,1.5,1.474747474747475,1.595959595959596,1.393939393939394,1.191919191919192,0.6800000000000002,1.0200000000000002
2023-03-30,0.33999999999999997,1.02,1.1717171717171717,1.5,1.46,1.393939393939394,1.36,1.4545454545454546,1.2200000000000002,0.66,1.0
2023-03-31,0.38,1.0,1.171717171717172,1.32,1.48,1.4000000000000001,1.3600000000000003,1.48,1.2000000000000002,0.58,0.96
2023-04-03,0.36000000000000004,0.9600000000000001,1.2121212121212124,1.22,1.4343434343434347,1.44,1.46,1.3400000000000003,1.1515151515151518,0.5800000000000001,0.9400000000000002
2023-04-04,0.2800000000000001,0.9696969696969697,1.2727272727272725,1.3800000000000001,1.5555555555555558,1.5151515151515151,1.54,1.393939393939394,1.2525252525252526,0.8200000000000001,1.1
2023-04-06,0.3400000000000001,0.8686868686868687,1.2525252525252524,1.3131313131313131,1.4545454545454546,1.4343434343434343,1.4141414141414144,1.5151515151515151,1.393939393939394,0.78,1.12
2023-04-07,0.4600000000000001,1.070707070707071,1.1919191919191918,1.2323232323232323,1.4141414141414141,1.373737373737374,1.4949494949494948,1.3333333333333335,1.2323232323232323,0.68,1.1400000000000001
2023-04-10,0.5050505050505051,1.1111111111111112,1.4545454545454546,1.474747474747475,1.6161616161616164,1.5353535353535355,1.5306122448979593,1.4343434343434343,1.2525252525252526,0.6666666666666667,1.1717171717171717
2023-04-11,0.4000000000000001,1.090909090909091,1.2323232323232323,1.4343434343434343,1.4545454545454546,1.474747474747475,1.4343434343434343,1.2525252525252526,1.2323232323232325,0.5454545454545455,0.9454545454545455
2023-04-12,0.45999999999999996,1.0101010101010102,1.3333333333333335,1.4949494949494953,1.474747474747475,1.474747474747475,1.4949494949494953,1.4545454545454546,1.292929292929293,0.6000000000000001,1.06
2023-04-13,0.44000000000000006,1.01010101010101,1.1717171717171717,1.393939393939394,1.3737373737373737,1.3333333333333333,1.4545454545454546,1.3333333333333333,1.2323232323232323,0.64,1.08
2023-04-14,0.42000000000000004,1.0505050505050504,1.2929292929292928,1.2727272727272727,1.4141414141414141,1.333333333333333,1.2929292929292928,1.2929292929292928,1.1919191919191918,0.7070707070707071,1.1270707070707071
2023-04-17,0.54,1.1515151515151516,1.3737373737373737,1.3333333333333335,1.4141414141414144,1.3535353535353536,1.3333333333333335,1.393939393939394,1.191919191919192,0.6464646464646464,1.1864646464646464
2023-04-18,0.4040404040404041,1.0303030303030303,1.3265306122448979,1.3333333333333335,1.5151515151515156,1.6530612244897958,1.474747474747475,1.4693877551020407,1.2121212121212122,0.787878787878788,1.191919191919192
2023-04-19,0.42000000000000004,1.0303030303030303,1.2323232323232323,1.2400000000000002,1.3535353535353538,1.2929292929292928,1.4200000000000002,1.2929292929292928,1.0909090909090908,0.6000000000000001,1.02
2023-04-20,0.52,0.98989898989899,1.0909090909090908,1.1400000000000001,1.3,1.474747474747475,1.2600000000000002,1.272727272727273,1.272727272727273,0.6599999999999999,1.18
2023-04-21,0.3800000000000001,1.0505050505050506,1.272727272727273,1.2525252525252526,1.2400000000000002,1.4949494949494948,1.4545454545454546,1.393939393939394,1.2929292929292933,0.78,1.1600000000000001
2023-04-24,0.3434343434343434,0.9090909090909092,0.9898989898989898,1.1717171717171717,1.2929292929292928,1.4343434343434343,1.3333333333333333,1.292929292929293,1.1313131313131313,0.6464646464646465,0.98989898989899
2023-04-25,0.30303030303030304,0.808080808080808,1.2323232323232323,1.3737373737373737,1.4545454545454546,1.595959595959596,1.5510204081632653,1.5151515151515151,1.2040816326530612,0.6666666666666667,0.9696969696969697
2023-04-26,0.3232323232323231,0.8163265306122449,1.1111111111111112,1.306122448979592,1.393939393939394,1.4285714285714286,1.3673469387755102,1.3333333333333333,1.2448979591836733,0.5858585858585857,0.9090909090909088
2023-04-27,0.4242424242424241,0.9387755102040816,1.1020408163265305,1.2857142857142858,1.3265306122448979,1.4897959183673468,1.4489795918367347,1.387755102040816,1.2244897959183674,0.6464646464646464,1.0707070707070705
2023-04-28,0.3030303030303031,0.836734693877551,1.2244897959183674,1.414141414141414,1.510204081632653,1.510204081632653,1.5555555555555556,1.5306122448979593,1.3673469387755102,0.6868686868686869,0.98989898989899
2023-05-04,0.3636363636363635,1.0816326530612246,1.163265306122449,1.3535353535353536,1.2244897959183674,1.5510204081632653,1.414141414141414,1.489795918367347,1.3877551020408163,0.808080808080808,1.1717171717171715
2023-05-05,0.32653061224489793,0.9896907216494846,1.2577319587628866,1.3469387755102042,1.489795918367347,1.360824742268041,1.3265306122448979,1.443298969072165,1.1752577319587627,0.693877551020408,1.020408163265306
2023-05-08,0.3232323232323231,0.8571428571428571,1.1224489795918369,1.469387755102041,1.387755102040816,1.5102040816326532,1.3673469387755102,1.3265306122448979,1.0816326530612246,0.5454545454545453,0.8686868686868684
2023-05-09,0.2828282828282827,0.8163265306122448,1.1428571428571428,1.1428571428571428,1.4285714285714284,1.4693877551020407,1.2857142857142856,1.3265306122448979,1.1224489795918369,0.606060606060606,0.8888888888888886
2023-05-10,0.30303030303030287,0.9591836734693877,1.1428571428571428,1.163265306122449,1.346938775510204,1.2448979591836735,1.3265306122448979,1.183673469387755,1.020408163265306,0.5656565656565655,0.8686868686868684
2023-05-11,0.3434343434343434,1.1428571428571428,1.3673469387755102,1.1515151515151514,1.4285714285714284,1.4285714285714284,1.3737373737373737,1.3673469387755102,1.2448979591836733,0.7676767676767677,1.1111111111111112
2023-05-12,0.38383838383838387,1.0612244897959182,1.183673469387755,1.292929292929293,1.3265306122448979,1.3469387755102038,1.3535353535353538,1.387755102040816,1.2244897959183672,0.5656565656565657,0.9494949494949496
2023-05-15,0.30303030303030304,0.9292929292929292,1.2448979591836733,1.393939393939394,1.4081632653061225,1.4747474747474747,1.4949494949494948,1.3737373737373737,1.2244897959183672,0.6464646464646465,0.9494949494949496
2023-05-16,0.3232323232323232,0.8282828282828283,1.0612244897959182,1.2121212121212122,1.4489795918367345,1.393939393939394,1.346938775510204,1.3737373737373737,1.387755102040816,0.6666666666666667,0.98989898989899
2023-05-17,0.46464646464646464,1.01010101010101,1.1111111111111112,1.414141414141414,1.5151515151515151,1.4747474747474747,1.4693877551020407,1.3333333333333335,1.1224489795918366,0.5858585858585859,1.0505050505050506
2023-05-18,0.38383838383838387,0.9696969696969696,1.111111111111111,1.5353535353535352,1.4545454545454546,1.5353535353535355,1.5714285714285712,1.3333333333333335,1.3061224489795917,0.7474747474747476,1.1313131313131315
2023-05-19,0.38383838383838387,1.0101010101010102,1.204081632653061,1.393939393939394,1.3877551020408163,1.4949494949494953,1.3673469387755102,1.373737373737374,1.4081632653061225,0.8080808080808082,1.191919191919192
2023-05-22,0.38383838383838387,1.1111111111111112,1.3131313131313131,1.2525252525252526,1.2727272727272727,1.4949494949494953,1.4747474747474747,1.5353535353535355,1.1515151515151514,0.7474747474747474,1.1313131313131313
2023-05-23,0.4040404040404041,1.0505050505050506,1.1515151515151516,1.5555555555555558,1.4545454545454548,1.3535353535353534,1.4141414141414144,1.4545454545454546,1.2323232323232325,0.7272727272727273,1.1313131313131315
2023-05-24,0.40000000000000013,1.1313131313131315,1.3131313131313134,1.3535353535353538,1.393939393939394,1.4343434343434343,1.595959595959596,1.393939393939394,1.3333333333333335,0.6400000000000001,1.0400000000000003
2023-05-25,0.31999999999999995,1.0101010101010102,1.5151515151515154,1.4141414141414144,1.5555555555555558,1.373737373737374,1.474747474747475,1.5555555555555558,1.2525252525252526,0.7000000000000002,1.02
2023-05-26,0.28,0.8888888888888891,1.4343434343434345,1.4141414141414141,1.2929292929292933,1.4545454545454546,1.3939393939393938,1.292929292929293,1.2121212121212124,0.5656565656565657,0.8456565656565658
2023-05-29,0.38383838383838387,1.0303030303030303,1.3131313131313131,1.2929292929292928,1.2525252525252526,1.4343434343434347,1.2857142857142856,1.393939393939394,1.2323232323232323,0.5656565656565657,0.9494949494949496
2023-05-30,0.42424242424242425,0.98989898989899,1.2244897959183674,1.272727272727273,1.2727272727272727,1.4545454545454546,1.3535353535353534,1.2727272727272727,1.1717171717171717,0.686868686868687,1.1111111111111112
2023-05-31,0.30303030303030304,0.9292929292929293,1.2323232323232323,1.2323232323232323,1.4343434343434343,1.5353535353535355,1.4141414141414141,1.2525252525252526,1.2121212121212122,0.6464646464646466,0.9494949494949496
2023-06-01,0.32323232323232326,0.9898989898989898,1.1515151515151516,1.2448979591836735,1.4545454545454546,1.4949494949494948,1.5510204081632653,1.3535353535353536,1.2323232323232323,0.5656565656565657,0.8888888888888891
2023-06-02,0.4040404040404041,0.9591836734693877,1.2121212121212122,1.2448979591836735,1.272727272727273,1.3673469387755102,1.4489795918367347,1.4141414141414144,1.3265306122448979,0.7070707070707072,1.1111111111111112
2023-06-05,0.32323232323232326,0.9795918367346939,1.333333333333333,1.346938775510204,1.414141414141414,1.510204081632653,1.3265306122448979,1.4343434343434343,1.204081632653061,0.6464646464646464,0.9696969696969697
2023-06-06,0.3434343434343435,1.0303030303030303,1.3265306122448979,1.3131313131313131,1.5959595959595958,1.4693877551020407,1.3737373737373737,1.4489795918367347,1.2727272727272725,0.7878787878787877,1.1313131313131313
2023-06-07,0.4040404040404041,1.0101010101010104,1.3535353535353536,1.4949494949494948,1.5353535353535355,1.6363636363636365,1.4141414141414141,1.4747474747474747,1.1717171717171717,0.5656565656565657,0.9696969696969698
2023-06-08,0.26262626262626265,0.909090909090909,1.1515151515151514,1.4081632653061225,1.393939393939394,1.393939393939394,1.4285714285714286,1.272727272727273,1.1717171717171717,0.5858585858585859,0.8484848484848485
2023-06-09,0.3232323232323232,0.8484848484848484,1.090909090909091,1.333333333333333,1.3333333333333335,1.4489795918367345,1.3131313131313131,1.171717171717172,1.0909090909090908,0.5454545454545455,0.8686868686868687
2023-06-12,0.4242424242424243,0.9696969696969696,1.1515151515151514,1.3131313131313131,1.3333333333333333,1.4693877551020407,1.4949494949494948,1.4343434343434343,1.2121212121212122,0.5454545454545455,0.9696969696969698
2023-06-13,0.6060606060606061,1.1224489795918369,1.2448979591836733,1.5151515151515151,1.346938775510204,1.4285714285714284,1.3131313131313131,1.5306122448979593,1.3673469387755102,0.8282828282828283,1.4343434343434343
2023-06-14,0.4200000000000001,0.9292929292929293,1.2525252525252524,1.292929292929293,1.4,1.3535353535353534,1.2121212121212122,1.4343434343434343,1.2323232323232323,0.6800000000000002,1.1000000000000003
2023-06-15,0.33999999999999997,0.9494949494949496,1.2121212121212124,1.3535353535353536,1.46,1.4343434343434345,1.373737373737374,1.3333333333333335,1.2525252525252526,0.7000000000000001,1.04
2023-06-16,0.30000000000000004,0.787878787878788,1.191919191919192,1.2929292929292933,1.393939393939394,1.5555555555555554,1.3535353535353536,1.393939393939394,1.1515151515151516,0.6262626262626263,0.9262626262626263
2023-06-19,0.3434343434343435,0.8686868686868686,1.191919191919192,1.4343434343434345,1.5151515151515151,1.3265306122448979,1.4545454545454546,1.3333333333333333,1.111111111111111,0.6262626262626263,0.9696969696969697
2023-06-20,0.32323232323232326,0.9494949494949494,1.0909090909090908,1.3131313131313131,1.3737373737373737,1.3061224489795917,1.3131313131313131,1.3737373737373737,1.2525252525252526,0.8282828282828283,1.1515151515151516
2023-06-21,0.44444444444444453,1.0101010101010104,1.2525252525252526,1.272727272727273,1.3535353535353534,1.4141414141414141,1.2929292929292928,1.3939393939393943,1.2929292929292928,0.6666666666666667,1.1111111111111112
2023-06-26,0.4646464646464647,0.9696969696969698,1.2323232323232323,1.2525252525252526,1.2323232323232323,1.4141414141414144,1.4693877551020407,1.3333333333333335,1.2323232323232323,0.6262626262626263,1.090909090909091
2023-06-27,0.3434343434343435,1.0303030303030303,1.272727272727273,1.3265306122448979,1.3131313131313131,1.5555555555555554,1.4081632653061225,1.3737373737373737,1.2525252525252524,0.7070707070707072,1.0505050505050506
2023-06-28,0.4040404040404041,1.0408163265306123,1.212121212121212,1.510204081632653,1.5555555555555554,1.4897959183673468,1.4489795918367345,1.595959595959596,1.2653061224489794,0.7676767676767675,1.1717171717171717
2023-06-29,0.32323232323232326,0.9292929292929292,1.0707070707070707,1.131313131313131,1.3131313131313131,1.183673469387755,1.3333333333333333,1.3535353535353534,1.1717171717171717,0.5454545454545453,0.8686868686868685
2023-06-30,0.38383838383838387,1.1313131313131313,1.2323232323232323,1.2323232323232325,1.3939393939393938,1.3673469387755102,1.3333333333333333,1.3939393939393938,1.2323232323232323,0.7272727272727273,1.1111111111111112
2023-07-03,0.4242424242424243,1.0204081632653061,1.346938775510204,1.4141414141414144,1.510204081632653,1.510204081632653,1.4141414141414144,1.4081632653061225,1.2653061224489797,0.7676767676767677,1.191919191919192
2023-07-04,0.3434343434343434,1.0408163265306123,1.2653061224489797,1.4141414141414144,1.510204081632653,1.5510204081632653,1.4141414141414144,1.4285714285714284,1.3673469387755102,0.7878787878787878,1.1313131313131313
2023-07-05,0.36363636363636365,1.0505050505050506,1.2653061224489797,1.3737373737373737,1.4693877551020407,1.595959595959596,1.4747474747474747,1.4545454545454546,1.3469387755102038,0.7272727272727273,1.0909090909090908
2023-07-06,0.40000000000000013,1.0303030303030303,1.212121212121212,1.393939393939394,1.4141414141414141,1.474747474747475,1.595959595959596,1.5151515151515154,1.2929292929292928,0.7000000000000001,1.1
2023-07-07,0.48,0.9494949494949496,1.292929292929293,1.3131313131313131,1.5959595959595962,1.5151515151515154,1.4545454545454546,1.4141414141414144,1.1313131313131315,0.6600000000000001,1.1400000000000001
2023-07-10,0.32000000000000006,0.9494949494949496,1.2929292929292933,1.292929292929293,1.272727272727273,1.414141414141414,1.3131313131313131,1.2525252525252528,1.090909090909091,0.5252525252525253,0.8452525252525254
2023-07-11,0.38383838383838387,1.0505050505050506,1.1717171717171717,1.373737373737374,1.474747474747475,1.387755102040816,1.3333333333333335,1.373737373737374,1.191919191919192,0.6868686868686871,1.070707070707071
2023-07-12,0.4444444444444444,1.0101010101010102,1.2121212121212124,1.2525252525252526,1.393939393939394,1.530612244897959,1.5555555555555558,1.4343434343434345,1.191919191919192,0.686868686868687,1.1313131313131315
2023-07-13,0.40000000000000013,1.0101010101010102,1.2121212121212124,1.3333333333333335,1.36,1.393939393939394,1.4343434343434347,1.3535353535353536,1.191919191919192,0.7200000000000002,1.1200000000000003
2023-07-14,0.52,1.1515151515151518,1.1919191919191918,1.272727272727273,1.52,1.4949494949494948,1.4343434343434347,1.4141414141414141,1.272727272727273,0.7000000000000001,1.2200000000000002
2023-07-17,0.3434343434343435,1.0303030303030303,1.2448979591836735,1.3737373737373737,1.4747474747474747,1.4489795918367345,1.4949494949494953,1.4489795918367345,1.3131313131313131,0.8484848484848486,1.191919191919192
2023-07-18,0.46464646464646475,1.0909090909090908,1.2727272727272727,1.6767676767676767,1.4343434343434343,1.5151515151515151,1.5151515151515151,1.5555555555555554,1.393939393939394,0.9494949494949496,1.4141414141414144
2023-07-19,0.4800000000000001,1.070707070707071,1.2121212121212124,1.4949494949494948,1.5151515151515151,1.5555555555555558,1.5151515151515151,1.5151515151515156,1.3737373737373737,0.8484848484848485,1.3284848484848486
2023-07-20,0.38000000000000006,0.9292929292929294,1.1515151515151516,1.3131313131313131,1.3131313131313131,1.5353535353535352,1.474747474747475,1.4141414141414144,1.2121212121212122,0.6262626262626263,1.0062626262626264
2023-07-21,0.4000000000000001,0.9292929292929295,1.3131313131313131,1.2929292929292933,1.494949494949495,1.414141414141414,1.474747474747475,1.5555555555555558,1.3131313131313134,0.7474747474747476,1.1474747474747478
2023-07-24,0.42000000000000004,1.0505050505050506,1.3737373737373737,1.3333333333333335,1.6161616161616164,1.4141414141414144,1.5757575757575757,1.575757575757576,1.3131313131313131,0.7200000000000001,1.1400000000000001
2023-07-25,0.4,0.9898989898989901,1.2929292929292933,1.474747474747475,1.5151515151515151,1.474747474747475,1.4141414141414144,1.3333333333333335,1.393939393939394,0.62,1.02
2023-07-26,0.38000000000000006,1.0909090909090908,1.3939393939393938,1.3535353535353536,1.393939393939394,1.474747474747475,1.474747474747475,1.3535353535353536,1.2525252525252526,0.6200000000000001,1.0000000000000002
2023-07-27,0.4000000000000001,1.01010101010101,1.3333333333333333,1.2727272727272727,1.34,1.5555555555555556,1.3939393939393938,1.414141414141414,1.1717171717171717,0.52,0.9200000000000002
2023-07-28,0.33999999999999997,1.0505050505050506,1.3,1.494949494949495,1.54,1.4545454545454546,1.494949494949495,1.4,1.2525252525252526,0.5800000000000001,0.92
2023-07-31,0.4000000000000001,0.9292929292929293,1.2399999999999998,1.4141414141414141,1.4200000000000002,1.4545454545454546,1.4949494949494948,1.36,1.1515151515151514,0.5200000000000001,0.9200000000000002
2023-08-01,0.4444444444444445,1.01010101010101,1.3737373737373737,1.3535353535353534,1.474747474747475,1.393939393939394,1.4747474747474747,1.3535353535353534,1.131313131313131,0.4646464646464647,0.9090909090909092
2023-08-02,0.32323232323232326,0.9696969696969698,1.0303030303030303,1.4141414141414141,1.3535353535353538,1.393939393939394,1.5353535353535355,1.2121212121212124,1.1313131313131315,0.6060606060606062,0.9292929292929295
2023-08-03,0.38000000000000006,1.090909090909091,1.3333333333333335,1.28,1.3131313131313131,1.4545454545454546,1.46,1.2121212121212124,1.191919191919192,0.66,1.04
2023-08-04,0.34,1.0101010101010102,1.272727272727273,1.3800000000000001,1.54,1.4343434343434347,1.5,1.2323232323232323,1.1313131313131315,0.6200000000000001,0.9600000000000002
2023-08-07,0.42000000000000004,1.06,1.2323232323232325,1.4000000000000001,1.4200000000000002,1.48,1.4343434343434345,1.46,1.2323232323232325,0.6799999999999999,1.1
2023-08-08,0.42,1.1,1.1800000000000002,1.4200000000000002,1.4800000000000002,1.42,1.4949494949494953,1.52,1.2121212121212124,0.6,1.02
2023-08-09,0.38,1.1111111111111112,1.2800000000000002,1.3000000000000003,1.46,1.494949494949495,1.48,1.4200000000000002,1.1515151515151518,0.5800000000000001,0.9600000000000001
2023-08-10,0.4,1.12,1.4545454545454546,1.26,1.4200000000000002,1.5151515151515151,1.4,1.2929292929292928,1.1800000000000002,0.72,1.12
2023-08-11,0.38,1.06,1.34,1.48,1.54,1.4949494949494953,1.56,1.4600000000000002,1.2600000000000002,0.8200000000000001,1.2000000000000002
2023-08-14,0.34,1.0,1.2800000000000002,1.6,1.5,1.5,1.595959595959596,1.46,1.3131313131313131,0.6599999999999999,1.0
2023-08-15,0.32,0.9800000000000002,1.292929292929293,1.3,1.494949494949495,1.48,1.44,1.48,1.1515151515151518,0.56,0.8800000000000001
2023-08-16,0.36,0.8600000000000001,1.12,1.3000000000000003,1.46,1.34,1.3800000000000001,1.34,1.12,0.6000000000000001,0.9600000000000001
2023-08-17,0.48000000000000004,1.06,1.2200000000000002,1.373737373737374,1.3200000000000003,1.48,1.3333333333333335,1.3599999999999999,1.2400000000000002,0.5,0.98
2023-08-18,0.38,1.070707070707071,1.2800000000000002,1.4000000000000001,1.3000000000000003,1.6565656565656566,1.38,1.3,1.191919191919192,0.54,0.92
2023-08-21,0.26,0.8888888888888888,1.2121212121212124,1.4000000000000001,1.4545454545454546,1.4545454545454546,1.48,1.3131313131313134,1.3333333333333335,0.68,0.9400000000000001
2023-08-22,0.38,0.98989898989899,1.12,1.3131313131313131,1.2200000000000002,1.3737373737373737,1.474747474747475,1.2200000000000002,1.1515151515151516,0.66,1.04
2023-08-23,0.38000000000000006,0.98989898989899,1.1800000000000002,1.1313131313131315,1.34,1.3535353535353534,1.474747474747475,1.4200000000000002,1.2121212121212124,0.6200000000000001,1.0000000000000002
2023-08-24,0.3600000000000001,0.8282828282828283,0.9200000000000002,1.1717171717171717,1.2800000000000002,1.3333333333333335,1.3333333333333335,1.4400000000000002,1.272727272727273,0.6400000000000001,1.0000000000000002
2023-08-25,0.4,0.9898989898989901,1.1600000000000001,1.1111111111111112,1.28,1.393939393939394,1.4343434343434345,1.3,1.3333333333333335,0.72,1.12
2023-08-28,0.3600000000000001,0.9494949494949496,1.1515151515151516,1.212121212121212,1.2525252525252526,1.4141414141414144,1.4747474747474745,1.2929292929292933,1.191919191919192,0.5800000000000001,0.9400000000000002
2023-08-29,0.44000000000000006,0.9898989898989901,1.2525252525252526,1.2727272727272727,1.42,1.5151515151515151,1.4949494949494948,1.474747474747475,1.2323232323232325,0.5800000000000001,1.02
2023-08-30,0.44000000000000006,1.0101010101010102,1.1919191919191918,1.2727272727272727,1.34,1.3737373737373737,1.292929292929293,1.4343434343434343,1.2525252525252526,0.5,0.9400000000000001
2023-08-31,0.3600000000000001,0.9292929292929294,1.2929292929292928,1.474747474747475,1.5757575757575761,1.5353535353535352,1.5757575757575757,1.414141414141414,1.2323232323232323,0.5252525252525253,0.8852525252525254
2023-09-01,0.3600000000000001,1.0303030303030305,1.3131313131313134,1.272727272727273,1.4343434343434345,1.292929292929293,1.4545454545454548,1.3939393939393943,1.3131313131313131,0.6464646464646465,1.0064646464646465
2023-09-04,0.4200000000000001,1.08,1.4141414141414144,1.4000000000000001,1.474747474747475,1.5600000000000003,1.474747474747475,1.48,1.2929292929292933,0.74,1.1600000000000001
2023-09-05,0.3800000000000001,0.8800000000000001,1.3737373737373737,1.3199999999999998,1.5151515151515154,1.5400000000000003,1.474747474747475,1.4000000000000001,1.191919191919192,0.7000000000000001,1.08
2023-09-06,0.3800000000000001,1.02,1.3131313131313131,1.3599999999999999,1.4000000000000001,1.494949494949495,1.58,1.4343434343434347,1.2800000000000002,0.8400000000000001,1.2200000000000002
2023-09-07,0.38,1.12,1.2525252525252526,1.36,1.56,1.6565656565656566,1.6400000000000001,1.272727272727273,1.4,0.84,1.22
2023-09-08,0.32000000000000006,0.98,1.1717171717171717,1.34,1.48,1.3333333333333335,1.28,1.272727272727273,1.06,0.54,0.8600000000000001
2023-09-11,0.36000000000000004,0.98,1.2121212121212122,1.44,1.46,1.4343434343434345,1.58,1.4141414141414141,1.32,0.74,1.1
2023-09-12,0.44000000000000006,1.1717171717171717,1.2929292929292933,1.3800000000000001,1.4200000000000002,1.4545454545454546,1.46,1.3535353535353538,1.2525252525252526,0.62,1.06
2023-09-13,0.36,1.1313131313131315,1.4747474747474751,1.3535353535353538,1.3,1.373737373737374,1.4343434343434347,1.494949494949495,1.2323232323232325,0.7,1.06
2023-09-14,0.4,1.0101010101010102,1.4343434343434345,1.4000000000000001,1.4141414141414144,1.474747474747475,1.4,1.4545454545454546,1.272727272727273,0.76,1.1600000000000001
2023-09-15,0.33999999999999997,1.0101010101010102,1.2525252525252526,1.34,1.2600000000000002,1.3535353535353536,1.3800000000000003,1.373737373737374,1.1313131313131315,0.6400000000000001,0.9800000000000001
2023-09-18,0.38,1.1111111111111112,1.3535353535353538,1.272727272727273,1.42,1.292929292929293,1.373737373737374,1.373737373737374,1.3535353535353538,0.66,1.04
2023-09-19,0.4,0.9494949494949496,1.2525252525252526,1.3333333333333335,1.3399999999999999,1.3535353535353538,1.4343434343434345,1.393939393939394,1.2323232323232323,0.5800000000000001,0.9800000000000001
2023-09-20,0.38,0.9292929292929294,1.3131313131313134,1.393939393939394,1.3535353535353538,1.4545454545454548,1.5151515151515154,1.3333333333333335,1.2323232323232325,0.6600000000000001,1.04
2023-09-21,0.4,1.0505050505050506,1.191919191919192,1.3400000000000003,1.3535353535353536,1.3131313131313131,1.4600000000000002,1.4343434343434345,1.1515151515151516,0.56,0.9600000000000001
2023-09-22,0.42000000000000004,1.0909090909090908,1.3000000000000003,1.3200000000000003,1.52,1.4545454545454546,1.4,1.1800000000000002,1.090909090909091,0.5800000000000001,1.0
2023-09-25,0.36,1.0505050505050506,1.32,1.2323232323232327,1.32,1.373737373737374,1.3535353535353536,1.26,1.1717171717171717,0.74,1.1
2023-09-26,0.5,1.070707070707071,1.2323232323232323,1.2600000000000002,1.4545454545454546,1.4141414141414141,1.3199999999999998,1.292929292929293,1.2727272727272727,0.6200000000000001,1.12
2023-09-27,0.4,1.0101010101010104,1.3333333333333335,1.3599999999999999,1.3737373737373737,1.4545454545454546,1.26,1.4141414141414144,1.191919191919192,0.52,0.92
2023-09-28,0.4600000000000001,0.9696969696969697,1.191919191919192,1.2400000000000002,1.4141414141414144,1.3939393939393943,1.4,1.393939393939394,1.0303030303030303,0.54,1.0
2023-10-09,0.38000000000000006,0.9090909090909092,1.2600000000000002,1.3737373737373737,1.42,1.5555555555555558,1.373737373737374,1.4000000000000004,1.0101010101010102,0.6200000000000001,1.0000000000000002
2023-10-10,0.44000000000000006,1.1313131313131315,1.2999999999999998,1.4141414141414144,1.38,1.5151515151515151,1.4545454545454546,1.3599999999999999,1.272727272727273,0.7000000000000002,1.1400000000000001
2023-10-11,0.42424242424242425,1.0707070707070705,1.3333333333333333,1.4141414141414141,1.373737373737374,1.4285714285714284,1.4343434343434345,1.2525252525252526,1.2727272727272725,0.7474747474747475,1.1717171717171717
2023-10-12,0.38383838383838387,0.9696969696969697,1.272727272727273,1.3737373737373737,1.494949494949495,1.2244897959183674,1.5151515151515151,1.3535353535353538,1.4343434343434343,0.7070707070707072,1.090909090909091
2023-10-13,0.52,1.0909090909090913,1.272727272727273,1.3333333333333333,1.5,1.4747474747474747,1.5151515151515154,1.4141414141414144,1.2929292929292928,0.6800000000000002,1.2000000000000002
2023-10-16,0.4200000000000001,1.0505050505050506,1.070707070707071,1.393939393939394,1.48,1.494949494949495,1.6161616161616161,1.393939393939394,1.2121212121212122,0.6400000000000001,1.0600000000000003
2023-10-17,0.38383838383838387,0.9494949494949496,1.191919191919192,1.2121212121212122,1.2323232323232325,1.4343434343434343,1.4949494949494948,1.3131313131313131,1.3535353535353536,0.7676767676767677,1.1515151515151516
2023-10-18,0.3400000000000001,0.8484848484848486,1.1313131313131315,1.191919191919192,1.3737373737373737,1.4949494949494948,1.4141414141414144,1.4141414141414144,1.3131313131313131,0.6800000000000002,1.0200000000000002
2023-10-19,0.32000000000000006,0.9696969696969698,1.2121212121212122,1.272727272727273,1.3737373737373737,1.3333333333333333,1.4343434343434345,1.3333333333333335,1.2323232323232325,0.7200000000000001,1.04
2023-10-20,0.40404040404040403,0.9696969696969697,1.090909090909091,1.3131313131313131,1.2525252525252528,1.3131313131313131,1.2929292929292928,1.3737373737373737,1.3131313131313134,0.6060606060606061,1.0101010101010102
2023-10-23,0.3600000000000001,0.9898989898989901,1.1515151515151518,1.2323232323232323,1.28,1.3131313131313131,1.2929292929292928,1.4545454545454546,1.1515151515151518,0.6600000000000001,1.0200000000000002
2023-10-24,0.32,0.8888888888888891,1.191919191919192,1.1111111111111112,1.3,1.4141414141414144,1.5353535353535355,1.3535353535353538,1.191919191919192,0.6400000000000001,0.9600000000000002
2023-10-25,0.22000000000000008,0.8080808080808082,1.0505050505050506,1.0909090909090908,1.4141414141414144,1.292929292929293,1.3939393939393938,1.3131313131313131,1.2121212121212122,0.6262626262626263,0.8462626262626264
2023-10-26,0.2828282828282829,0.7878787878787878,1.0909090909090908,1.2857142857142856,1.4141414141414144,1.3535353535353538,1.2857142857142856,1.393939393939394,1.1515151515151516,0.5858585858585859,0.8686868686868687
2023-10-27,0.40404040404040403,0.9292929292929294,1.090909090909091,1.2929292929292928,1.4343434343434345,1.3131313131313131,1.4949494949494948,1.4141414141414144,1.1515151515151516,0.6464646464646466,1.0505050505050506
2023-10-30,0.5050505050505049,1.0505050505050504,1.2929292929292928,1.4949494949494948,1.4545454545454546,1.3877551020408163,1.3535353535353534,1.3535353535353534,1.3131313131313131,0.6666666666666665,1.1717171717171713
2023-10-31,0.46464646464646453,1.0707070707070707,1.2448979591836733,1.414141414141414,1.313131313131313,1.510204081632653,1.4141414141414141,1.3061224489795917,1.2929292929292928,0.6868686868686866,1.1515151515151512
2023-11-01,0.38000000000000006,0.9292929292929295,1.2121212121212122,1.3333333333333335,1.4545454545454546,1.3333333333333333,1.393939393939394,1.2929292929292928,1.1717171717171717,0.6600000000000001,1.0400000000000003
2023-11-02,0.32,0.9292929292929293,1.34,1.4545454545454546,1.3800000000000001,1.4141414141414141,1.3333333333333335,1.1600000000000001,1.1717171717171717,0.5800000000000001,0.9000000000000001
2023-11-03,0.3400000000000001,0.9696969696969697,1.2200000000000002,1.292929292929293,1.4200000000000002,1.4343434343434343,1.474747474747475,1.4200000000000002,1.191919191919192,0.6400000000000001,0.9800000000000002
2023-11-06,0.4400000000000001,0.9800000000000002,1.272727272727273,1.5,1.4545454545454546,1.42,1.393939393939394,1.2400000000000002,1.3333333333333335,0.7000000000000001,1.1400000000000001
2023-11-07,0.54,1.1,1.474747474747475,1.54,1.4949494949494953,1.5200000000000002,1.4949494949494948,1.48,1.1919191919191923,0.5800000000000001,1.12
2023-11-08,0.3434343434343434,1.1111111111111114,1.3333333333333335,1.4545454545454544,1.3535353535353536,1.3333333333333335,1.2929292929292928,1.2121212121212124,1.292929292929293,0.6262626262626263,0.9696969696969697
2023-11-09,0.44000000000000006,1.191919191919192,1.5555555555555558,1.474747474747475,1.48,1.494949494949495,1.4141414141414144,1.3333333333333335,1.2525252525252526,0.7000000000000001,1.1400000000000001
2023-11-10,0.38,1.1515151515151516,1.292929292929293,1.4343434343434345,1.2800000000000002,1.3131313131313131,1.272727272727273,1.1111111111111112,1.191919191919192,0.7000000000000001,1.08
2023-11-13,0.4,1.1313131313131315,1.272727272727273,1.48,1.393939393939394,1.4545454545454548,1.4000000000000004,1.4141414141414144,1.0909090909090908,0.7000000000000002,1.1
2023-11-14,0.33999999999999997,1.0505050505050506,1.3333333333333335,1.42,1.3737373737373737,1.373737373737374,1.5000000000000002,1.4141414141414144,1.191919191919192,0.62,0.96
2023-11-15,0.38,1.090909090909091,1.3333333333333335,1.3737373737373737,1.28,1.4343434343434347,1.272727272727273,1.292929292929293,1.1111111111111112,0.66,1.04
2023-11-16,0.40000000000000013,1.2121212121212124,1.272727272727273,1.4545454545454546,1.46,1.393939393939394,1.3535353535353536,1.4949494949494953,1.090909090909091,0.6600000000000001,1.0600000000000003
2023-11-17,0.48,1.1111111111111112,1.393939393939394,1.4545454545454546,1.46,1.3737373737373737,1.393939393939394,1.3535353535353538,1.0707070707070707,0.6000000000000001,1.08
2023-11-20,0.44000000000000006,1.0303030303030303,1.3535353535353538,1.393939393939394,1.36,1.3535353535353538,1.4545454545454548,1.3535353535353536,1.191919191919192,0.6400000000000001,1.08
2023-11-21,0.48,0.9898989898989898,1.393939393939394,1.4141414141414144,1.4343434343434347,1.5151515151515151,1.4141414141414144,1.4141414141414144,1.3131313131313131,0.6200000000000001,1.1
2023-11-22,0.4,1.090909090909091,1.4141414141414141,1.4343434343434343,1.4545454545454546,1.4545454545454546,1.3333333333333333,1.2525252525252526,1.1515151515151514,0.6400000000000001,1.04
2023-11-23,0.3600000000000001,1.0303030303030303,1.3535353535353536,1.48,1.494949494949495,1.393939393939394,1.42,1.3333333333333335,1.0909090909090908,0.56,0.9200000000000002
2023-11-24,0.32000000000000006,1.0505050505050506,1.2929292929292933,1.2400000000000002,1.4949494949494953,1.4141414141414141,1.4600000000000002,1.373737373737374,1.2121212121212124,0.6000000000000001,0.9200000000000002
2023-11-27,0.38,1.0303030303030303,1.2121212121212124,1.4600000000000002,1.4141414141414144,1.3939393939393943,1.2800000000000002,1.272727272727273,1.070707070707071,0.6000000000000001,0.9800000000000001
2023-11-28,0.3400000000000001,0.98989898989899,1.2323232323232323,1.2200000000000002,1.4141414141414141,1.4141414141414144,1.48,1.4545454545454546,1.1313131313131315,0.56,0.9000000000000001
2023-11-29,0.4000000000000001,0.9898989898989901,1.2323232323232323,1.2323232323232325,1.4141414141414144,1.474747474747475,1.272727272727273,1.2323232323232325,1.0505050505050506,0.6464646464646464,1.0464646464646465
2023-11-30,0.33999999999999997,0.98989898989899,1.3535353535353538,1.3333333333333335,1.4200000000000002,1.3131313131313131,1.3737373737373737,1.4545454545454548,1.1515151515151516,0.62,0.96
2023-12-01,0.34,0.9090909090909092,1.2525252525252526,1.32,1.58,1.3333333333333335,1.4200000000000002,1.272727272727273,1.2323232323232325,0.6000000000000001,0.9400000000000002
2023-12-04,0.4200000000000001,0.9292929292929294,1.2121212121212122,1.38,1.494949494949495,1.5959595959595962,1.42,1.3333333333333335,1.2121212121212124,0.6800000000000002,1.1000000000000003
2023-12-05,0.3434343434343434,0.8686868686868687,1.191919191919192,1.393939393939394,1.4343434343434345,1.4545454545454544,1.4141414141414144,1.373737373737374,1.2525252525252526,0.7272727272727273,1.0707070707070707
2023-12-06,0.3600000000000001,1.0303030303030303,1.2525252525252526,1.2600000000000002,1.3737373737373737,1.4747474747474747,1.4600000000000002,1.3535353535353538,1.2121212121212124,0.8,1.1600000000000001
2023-12-07,0.30000000000000004,0.9696969696969697,1.2600000000000002,1.3400000000000003,1.4400000000000002,1.393939393939394,1.4200000000000002,1.5400000000000003,1.2525252525252526,0.74,1.04
2023-12-08,0.32,0.9292929292929295,1.1800000000000002,1.2929292929292933,1.4,1.4343434343434347,1.393939393939394,1.34,1.1313131313131315,0.6800000000000002,1.0000000000000002
2023-12-11,0.36,0.8080808080808082,1.1111111111111112,1.272727272727273,1.4200000000000002,1.5151515151515151,1.4141414141414144,1.4545454545454546,1.3333333333333333,0.76,1.12
2023-12-12,0.42,1.0505050505050506,1.3,1.3131313131313131,1.48,1.4343434343434347,1.3535353535353538,1.3800000000000001,1.3535353535353536,0.8,1.22
2023-12-13,0.28,0.9696969696969698,1.1800000000000002,1.2121212121212124,1.3800000000000001,1.4545454545454546,1.3333333333333335,1.34,1.2323232323232325,0.64,0.92
2023-12-14,0.38,0.888888888888889,1.22,1.3131313131313131,1.36,1.4343434343434345,1.474747474747475,1.5,1.3535353535353536,0.6600000000000001,1.04
2023-12-15,0.37999999999999995,1.0505050505050506,1.1800000000000002,1.2525252525252526,1.3399999999999999,1.3131313131313131,1.3535353535353538,1.2000000000000002,1.1515151515151516,0.6200000000000001,1.0
2023-12-18,0.36,0.8686868686868687,0.9090909090909092,1.292929292929293,1.3800000000000003,1.4343434343434345,1.3535353535353538,1.3535353535353538,1.393939393939394,0.6799999999999999,1.04
2023-12-19,0.34,0.9090909090909092,1.1111111111111112,1.373737373737374,1.36,1.393939393939394,1.474747474747475,1.3131313131313134,1.2525252525252528,0.76,1.1
2023-12-20,0.44000000000000006,1.0101010101010104,1.12,1.2121212121212122,1.2800000000000002,1.4141414141414144,1.3333333333333335,1.38,1.2121212121212122,0.64,1.08
2023-12-21,0.33999999999999997,0.8282828282828283,1.12,1.2323232323232323,1.4200000000000002,1.474747474747475,1.4141414141414144,1.34,1.3131313131313131,0.6400000000000001,0.9800000000000001
2023-12-22,0.36,0.8282828282828283,0.98989898989899,1.1515151515151516,1.34,1.5555555555555558,1.474747474747475,1.272727272727273,1.4141414141414144,0.64,1.0
2023-12-25,0.4800000000000001,1.0303030303030303,0.9494949494949494,1.1515151515151514,1.2999999999999998,1.3535353535353534,1.3333333333333333,1.2727272727272727,1.212121212121212,0.78,1.2600000000000002
2023-12-26,0.44000000000000006,1.1313131313131313,1.1717171717171717,1.2727272727272727,1.2727272727272725,1.5353535353535355,1.4747474747474747,1.4343434343434343,1.2323232323232323,0.8080808080808082,1.2480808080808083
2023-12-27,0.3800000000000001,1.0101010101010104,1.1717171717171717,1.1515151515151518,1.3535353535353538,1.4141414141414141,1.4141414141414144,1.3131313131313134,1.3131313131313131,0.7474747474747476,1.1274747474747477
2023-12-28,0.4000000000000001,1.0101010101010104,1.2525252525252526,1.272727272727273,1.3131313131313134,1.5151515151515151,1.6161616161616164,1.3737373737373741,1.3535353535353538,0.6000000000000001,1.0000000000000002
2023-12-29,0.42000000000000015,1.0909090909090908,1.2929292929292928,1.4545454545454546,1.3737373737373737,1.474747474747475,1.4747474747474747,1.4141414141414144,1.2525252525252524,0.6800000000000002,1.1000000000000003
2024-01-02,0.36363636363636365,1.0505050505050506,1.212121212121212,1.3737373737373737,1.4343434343434343,1.3333333333333335,1.3673469387755102,1.4141414141414144,1.3535353535353534,0.7676767676767677,1.1313131313131315
2024-01-03,0.32000000000000006,1.0303030303030305,1.191919191919192,1.3535353535353534,1.4343434343434345,1.5353535353535355,1.4343434343434343,1.393939393939394,1.2525252525252526,0.7272727272727273,1.0472727272727274
2024-01-04,0.38,0.9898989898989901,1.2121212121212124,1.3535353535353536,1.3600000000000003,1.3333333333333335,1.4141414141414144,1.2525252525252526,1.2121212121212122,0.6200000000000001,1.0
2024-01-05,0.46,1.0505050505050506,1.2929292929292928,1.3333333333333335,1.46,1.373737373737374,1.3535353535353538,1.4141414141414144,1.1313131313131315,0.6000000000000001,1.06
2024-01-08,0.3,0.9292929292929294,1.2121212121212124,1.34,1.3535353535353538,1.3131313131313131,1.34,1.3333333333333335,1.2323232323232325,0.6200000000000001,0.9200000000000002
2024-01-09,0.32,0.8080808080808082,1.272727272727273,1.3800000000000001,1.46,1.5151515151515154,1.3200000000000003,1.373737373737374,1.2121212121212124,0.5800000000000001,0.9000000000000001
2024-01-10,0.4200000000000001,1.0101010101010102,1.2121212121212122,1.3333333333333335,1.4000000000000001,1.2929292929292933,1.292929292929293,1.191919191919192,1.070707070707071,0.62,1.04
2024-01-11,0.24242424242424243,0.7272727272727273,1.0909090909090908,1.0505050505050506,1.2525252525252526,1.2525252525252526,1.3535353535353538,1.4141414141414144,1.2929292929292933,0.6262626262626263,0.8686868686868687
2024-01-12,0.2828282828282829,0.8282828282828282,1.1717171717171717,1.3131313131313131,1.212121212121212,1.2323232323232323,1.2121212121212124,1.4545454545454546,1.3131313131313131,0.6060606060606062,0.8888888888888891
2024-01-15,0.36000000000000004,0.8484848484848484,1.2323232323232323,1.4141414141414141,1.0909090909090908,1.2929292929292928,1.393939393939394,1.2929292929292928,1.2525252525252526,0.6600000000000001,1.0200000000000002
2024-01-16,0.36000000000000004,0.787878787878788,1.2323232323232325,1.191919191919192,1.3800000000000001,1.393939393939394,1.4545454545454546,1.474747474747475,1.191919191919192,0.6000000000000001,0.9600000000000002
2024-01-17,0.42000000000000004,0.888888888888889,0.98989898989899,1.3333333333333335,1.32,1.3131313131313131,1.4343434343434345,1.3333333333333335,1.373737373737374,0.62,1.04
2024-01-18,0.32,0.8282828282828284,1.0101010101010102,1.0707070707070707,1.2400000000000002,1.2525252525252526,1.3535353535353536,1.1717171717171717,1.1515151515151518,0.64,0.96
2024-01-19,0.36,0.8888888888888891,1.0303030303030303,1.2525252525252526,1.3000000000000003,1.373737373737374,1.2525252525252526,1.4141414141414144,1.1717171717171717,0.72,1.08
2024-01-22,0.32000000000000006,0.888888888888889,1.070707070707071,1.2323232323232325,1.4141414141414144,1.2323232323232323,1.5353535353535355,1.6565656565656566,1.373737373737374,0.78,1.1
2024-01-23,0.36363636363636365,0.9696969696969697,1.0101010101010102,1.2323232323232323,1.5555555555555558,1.5353535353535355,1.5757575757575757,1.494949494949495,1.2929292929292928,0.7676767676767677,1.1313131313131315
2024-01-24,0.2828282828282828,0.7676767676767676,0.9292929292929293,1.1313131313131313,1.2525252525252526,1.3265306122448979,1.4545454545454546,1.2929292929292928,1.0707070707070705,0.6666666666666667,0.9494949494949496
2024-01-25,0.30303030303030304,0.7676767676767676,0.836734693877551,1.0505050505050506,1.3333333333333333,1.3673469387755102,1.191919191919192,1.2653061224489797,1.2727272727272727,0.585858585858586,0.8888888888888891
2024-01-26,0.24242424242424235,0.6734693877551021,0.9387755102040817,1.2525252525252524,1.2653061224489797,1.2448979591836733,1.3535353535353536,1.4285714285714286,1.183673469387755,0.6666666666666667,0.9090909090909091
2024-01-29,0.28282828282828276,0.7878787878787878,1.0816326530612246,0.9898989898989898,1.0612244897959182,1.2323232323232323,1.3265306122448979,1.3737373737373737,1.2244897959183672,0.6666666666666666,0.9494949494949494
2024-01-30,0.3434343434343435,0.8686868686868686,1.0303030303030303,1.0909090909090908,1.2525252525252526,1.1515151515151514,1.1428571428571428,1.2525252525252528,1.163265306122449,0.686868686868687,1.0303030303030305
2024-01-31,0.22222222222222224,0.7878787878787878,1.0909090909090908,1.2929292929292928,1.373737373737374,1.2448979591836735,1.4545454545454546,1.4545454545454544,1.1515151515151514,0.6464646464646465,0.8686868686868687
2024-02-01,0.2424242424242423,0.7676767676767677,1.0816326530612244,1.1919191919191918,1.1919191919191918,1.2448979591836733,1.3131313131313131,1.4489795918367347,1.2323232323232323,0.808080808080808,1.0505050505050502
2024-02-02,0.3434343434343433,0.7959183673469389,1.0408163265306123,1.1428571428571428,1.2244897959183674,1.3877551020408165,1.4081632653061225,1.2653061224489797,1.3265306122448979,0.7676767676767675,1.1111111111111107
2024-02-05,0.24242424242424243,0.7878787878787878,1.0816326530612244,1.1111111111111112,1.3265306122448979,1.4545454545454544,1.3877551020408163,1.4141414141414141,1.2244897959183674,0.7676767676767677,1.0101010101010102
2024-02-06,0.404040404040404,0.8686868686868687,1.2857142857142856,1.494949494949495,1.6122448979591835,1.494949494949495,1.5714285714285714,1.595959595959596,1.4897959183673466,0.9494949494949494,1.3535353535353534
2024-02-07,0.4,0.9574468085106382,1.2127659574468086,1.297872340425532,1.5106382978723405,1.5106382978723403,1.6595744680851063,1.6382978723404256,1.297872340425532,0.863157894736842,1.263157894736842
2024-02-08,0.3917525773195876,0.9166666666666667,1.1041666666666667,1.2083333333333333,1.4166666666666667,1.4583333333333333,1.5625,1.458333333333333,1.2291666666666665,0.6391752577319587,1.0309278350515463
2024-02-19,0.35051546391752586,0.9166666666666667,1.1666666666666667,1.2083333333333333,1.3541666666666667,1.4375,1.4791666666666665,1.4166666666666665,1.3958333333333335,0.7216494845360826,1.0721649484536084
2024-02-20,0.38383838383838387,0.9090909090909092,1.191919191919192,1.2244897959183674,1.4343434343434345,1.4545454545454546,1.387755102040816,1.3535353535353538,1.272727272727273,0.8686868686868688,1.2525252525252526
2024-02-21,0.2828282828282828,0.8080808080808082,1.1919191919191918,1.3535353535353536,1.4141414141414144,1.4747474747474747,1.3535353535353534,1.4343434343434343,1.393939393939394,0.7474747474747475,1.0303030303030303
2024-02-22,0.3400000000000001,1.0909090909090908,1.3535353535353536,1.4141414141414144,1.4545454545454548,1.5555555555555554,1.6363636363636367,1.6565656565656564,1.4343434343434345,0.7474747474747476,1.0874747474747477
2024-02-23,0.3,0.9090909090909092,1.0303030303030303,1.2323232323232323,1.2525252525252526,1.4141414141414144,1.393939393939394,1.3131313131313131,1.292929292929293,0.68,0.98
2024-02-26,0.36000000000000004,1.0505050505050506,1.3535353535353536,1.393939393939394,1.2727272727272725,1.373737373737374,1.3333333333333333,1.2121212121212124,1.2727272727272727,0.54,0.9000000000000001
2024-02-27,0.42424242424242425,1.0505050505050506,1.2525252525252524,1.3535353535353538,1.2323232323232323,1.2727272727272725,1.3131313131313131,1.2323232323232325,1.1717171717171717,0.5454545454545455,0.9696969696969697
2024-02-28,0.4040404040404041,0.9898989898989901,1.3131313131313131,1.3333333333333335,1.3333333333333335,1.393939393939394,1.3131313131313131,1.191919191919192,0.9898989898989901,0.46464646464646464,0.8686868686868687
2024-02-29,0.3232323232323233,0.9292929292929292,1.3333333333333333,1.3333333333333335,1.5353535353535355,1.393939393939394,1.3333333333333335,1.4545454545454546,1.0303030303030303,0.5656565656565657,0.8888888888888891
2024-03-01,0.4040404040404041,1.01010101010101,1.1020408163265305,1.3535353535353538,1.2727272727272725,1.387755102040816,1.2525252525252526,1.183673469387755,1.1515151515151514,0.5252525252525253,0.9292929292929294
2024-03-04,0.5000000000000001,1.1600000000000001,1.2599999999999998,1.292929292929293,1.3800000000000001,1.26,1.3131313131313134,1.22,1.28,0.52,1.02
2024-03-05,0.46,0.98,1.1800000000000002,1.3535353535353538,1.3800000000000001,1.3400000000000003,1.4343434343434347,1.4000000000000001,1.1800000000000002,0.5,0.96
2024-03-06,0.5,1.04,1.3535353535353538,1.3800000000000001,1.3600000000000003,1.474747474747475,1.36,1.3333333333333335,1.1800000000000002,0.68,1.1800000000000002
2024-03-07,0.4,0.92,1.3333333333333335,1.4200000000000002,1.4800000000000002,1.3535353535353538,1.44,1.3737373737373737,1.2400000000000002,0.68,1.08
2024-03-08,0.42000000000000004,1.1111111111111112,1.3333333333333335,1.2121212121212124,1.32,1.4545454545454546,1.3737373737373737,1.3737373737373737,1.2525252525252528,0.56,0.9800000000000001
2024-03-11,0.38,1.0303030303030305,1.3535353535353536,1.36,1.3535353535353536,1.3333333333333335,1.34,1.393939393939394,1.2121212121212124,0.6400000000000001,1.02
2024-03-12,0.4600000000000001,1.2323232323232325,1.3737373737373737,1.38,1.393939393939394,1.4141414141414141,1.42,1.3737373737373737,1.3535353535353534,0.68,1.1400000000000001
2024-03-13,0.5050505050505052,1.3265306122448979,1.4343434343434343,1.489795918367347,1.4545454545454546,1.306122448979592,1.346938775510204,1.3535353535353534,1.2244897959183674,0.6666666666666667,1.171717171717172
2024-03-14,0.4242424242424243,1.0909090909090908,1.3333333333333333,1.4285714285714284,1.4343434343434343,1.4141414141414141,1.3877551020408163,1.2929292929292928,1.2525252525252524,0.5656565656565657,0.9898989898989901
2024-03-15,0.4200000000000001,1.0101010101010102,1.272727272727273,1.4343434343434343,1.3800000000000001,1.4343434343434343,1.4343434343434343,1.2121212121212122,1.292929292929293,0.6400000000000001,1.0600000000000003
2024-03-18,0.4000000000000001,1.0101010101010102,1.2323232323232323,1.3737373737373737,1.2000000000000002,1.2727272727272727,1.3737373737373737,1.212121212121212,1.1111111111111112,0.52,0.9200000000000002
2024-03-19,0.46464646464646464,1.0505050505050506,1.3333333333333333,1.4081632653061225,1.5353535353535355,1.4545454545454546,1.306122448979592,1.414141414141414,1.1313131313131313,0.5454545454545455,1.0101010101010102
2024-03-20,0.4,0.9292929292929293,1.292929292929293,1.4545454545454546,1.3800000000000001,1.3737373737373737,1.3535353535353534,1.2525252525252526,1.1717171717171717,0.5200000000000001,0.9200000000000002
2024-03-21,0.38000000000000006,1.090909090909091,1.2929292929292928,1.4141414141414144,1.4200000000000002,1.3737373737373737,1.4141414141414144,1.1919191919191916,0.9898989898989901,0.6000000000000001,0.9800000000000002
2024-03-22,0.36363636363636365,1.2121212121212124,1.3673469387755102,1.5353535353535355,1.373737373737374,1.4489795918367347,1.2323232323232325,1.1632653061224487,1.1717171717171717,0.6060606060606062,0.9696969696969698
2024-03-25,0.40404040404040403,1.2323232323232325,1.346938775510204,1.393939393939394,1.4949494949494948,1.5555555555555554,1.4343434343434343,1.313131313131313,1.191919191919192,0.6262626262626263,1.0303030303030303
2024-03-26,0.44000000000000006,1.090909090909091,1.2727272727272725,1.3737373737373737,1.2599999999999998,1.373737373737374,1.1919191919191918,1.1313131313131313,1.0707070707070707,0.56,1.0
2024-03-27,0.3600000000000001,1.0909090909090908,1.191919191919192,1.292929292929293,1.42,1.3535353535353534,1.3333333333333335,1.1111111111111112,1.0303030303030305,0.5400000000000001,0.9000000000000002
2024-03-28,0.3800000000000001,0.8484848484848486,1.0707070707070707,1.4141414141414144,1.191919191919192,1.2525252525252524,1.4141414141414141,1.2323232323232325,0.8686868686868687,0.4600000000000001,0.8400000000000002
2024-03-29,0.4800000000000001,1.0101010101010102,1.1919191919191918,1.1313131313131315,1.2929292929292933,1.3333333333333333,1.3333333333333335,1.2323232323232323,1.070707070707071,0.5000000000000001,0.9800000000000002
2024-04-01,0.48484848484848486,1.0909090909090908,1.163265306122449,1.191919191919192,1.3131313131313134,1.3265306122448979,1.292929292929293,1.2244897959183674,1.2323232323232323,0.6868686868686869,1.1717171717171717
2024-04-02,0.48484848484848486,1.1717171717171717,1.2857142857142856,1.3131313131313134,1.3737373737373737,1.3877551020408163,1.4343434343434345,1.4489795918367345,1.272727272727273,0.6464646464646466,1.1313131313131315
2024-04-03,0.3800000000000001,0.8888888888888888,1.3131313131313131,1.3333333333333335,1.4,1.4949494949494948,1.3333333333333335,1.3939393939393938,1.1111111111111112,0.5800000000000001,0.9600000000000002
2024-04-08,0.36000000000000004,0.9898989898989901,1.191919191919192,1.272727272727273,1.3,1.393939393939394,1.4343434343434343,1.0909090909090908,1.070707070707071,0.64,1.0
2024-04-09,0.44000000000000006,0.9898989898989901,0.9696969696969697,1.2525252525252526,1.272727272727273,1.2929292929292933,1.3131313131313131,1.292929292929293,1.1313131313131315,0.6800000000000002,1.12
2024-04-10,0.4,0.8686868686868687,1.090909090909091,1.272727272727273,1.4545454545454546,1.4949494949494953,1.3333333333333335,1.272727272727273,1.1717171717171717,0.6400000000000001,1.04
2024-04-11,0.4,1.0101010101010102,1.070707070707071,1.191919191919192,1.2323232323232323,1.3131313131313131,1.2121212121212124,1.2727272727272727,1.272727272727273,0.68,1.08
2024-04-12,0.40000000000000013,0.8484848484848486,1.0303030303030303,1.0505050505050504,1.3333333333333335,1.393939393939394,1.333333333333333,1.3333333333333335,1.0101010101010102,0.5800000000000001,0.9800000000000002
2024-04-15,0.4,0.8888888888888891,1.1515151515151516,1.22,1.3131313131313131,1.373737373737374,1.44,1.3131313131313131,1.2323232323232323,0.7000000000000001,1.1
2024-04-16,0.4000000000000001,0.8686868686868688,0.98989898989899,1.18,1.3535353535353536,1.3131313131313131,1.4400000000000002,1.3333333333333335,1.292929292929293,0.7400000000000002,1.1400000000000003
2024-04-17,0.404040404040404,0.8484848484848484,1.0505050505050506,1.191919191919192,1.2929292929292928,1.3131313131313131,1.2929292929292928,1.3131313131313131,1.111111111111111,0.606060606060606,1.01010101010101
2024-04-18,0.3673469387755103,0.7422680412371133,1.1020408163265305,1.1546391752577319,1.4081632653061225,1.360824742268041,1.4845360824742269,1.3877551020408163,1.1134020618556701,0.6326530612244898,1.0
2024-04-19,0.35999999999999993,0.9090909090909091,1.111111111111111,1.272727272727273,1.3939393939393938,1.212121212121212,1.393939393939394,1.1717171717171717,1.131313131313131,0.505050505050505,0.8650505050505048
2024-04-22,0.38,0.9400000000000001,1.1111111111111112,1.1800000000000002,1.2121212121212122,1.4000000000000001,1.393939393939394,1.2600000000000002,1.1111111111111112,0.4800000000000001,0.8600000000000001
2024-04-23,0.4,0.9600000000000001,1.1313131313131315,1.2400000000000002,1.3333333333333335,1.4400000000000002,1.3333333333333335,1.4200000000000002,1.1111111111111112,0.5800000000000001,0.9800000000000001
2024-04-24,0.3,0.8600000000000001,1.2727272727272727,1.28,1.3333333333333335,1.36,1.4545454545454546,1.36,1.292929292929293,0.76,1.06
2024-04-25,0.33999999999999997,1.0,1.2525252525252526,1.3599999999999999,1.4545454545454546,1.46,1.3333333333333335,1.4000000000000001,1.3535353535353536,0.76,1.1
2024-04-26,0.34,1.0909090909090908,1.272727272727273,1.5353535353535355,1.3800000000000003,1.4545454545454546,1.474747474747475,1.4141414141414141,1.292929292929293,0.66,1.0
2024-04-29,0.52,1.3131313131313131,1.4545454545454546,1.3737373737373737,1.42,1.5353535353535355,1.292929292929293,1.3737373737373737,1.191919191919192,0.6400000000000001,1.1600000000000001
2024-04-30,0.3838383838383837,1.0612244897959182,1.346938775510204,1.4343434343434343,1.489795918367347,1.5306122448979589,1.4545454545454546,1.5510204081632653,1.183673469387755,0.6666666666666666,1.0505050505050504
2024-05-06,0.40816326530612246,0.9183673469387754,1.3673469387755102,1.387755102040816,1.346938775510204,1.4285714285714284,1.4489795918367347,1.4285714285714286,1.204081632653061,0.7551020408163265,1.163265306122449
2024-05-07,0.36734693877551017,1.0612244897959182,1.2857142857142856,1.489795918367347,1.387755102040816,1.4226804123711339,1.4081632653061225,1.3265306122448979,1.1224489795918369,0.5714285714285714,0.9387755102040816
2024-05-08,0.30612244897959184,1.0408163265306123,1.346938775510204,1.2857142857142856,1.4081632653061225,1.3673469387755102,1.2653061224489797,1.4081632653061225,1.3265306122448979,0.7142857142857143,1.0204081632653061
2024-05-09,0.30303030303030287,0.9591836734693878,1.204081632653061,1.4693877551020407,1.346938775510204,1.4489795918367345,1.3877551020408163,1.3265306122448979,1.1224489795918366,0.6868686868686869,0.9898989898989897
2024-05-10,0.4444444444444443,1.1020408163265305,1.2448979591836735,1.2653061224489797,1.3265306122448979,1.4285714285714284,1.4081632653061225,1.2653061224489797,1.2244897959183674,0.6464646464646463,1.0909090909090906
2024-05-13,0.4444444444444443,1.163265306122449,1.4489795918367347,1.4285714285714284,1.5353535353535352,1.3877551020408163,1.4693877551020407,1.3469387755102038,1.2244897959183674,0.6868686868686867,1.131313131313131
2024-05-14,0.484848484848485,1.0612244897959182,1.1717171717171717,1.4489795918367347,1.4343434343434343,1.2857142857142856,1.4285714285714284,1.4545454545454546,1.1632653061224492,0.5454545454545455,1.0303030303030305
2024-05-15,0.3434343434343435,0.9591836734693877,1.1515151515151514,1.3061224489795917,1.4343434343434345,1.489795918367347,1.4489795918367347,1.2727272727272725,1.1224489795918369,0.6464646464646465,0.9898989898989901
2024-05-16,0.32323232323232326,0.9898989898989898,1.2929292929292928,1.2323232323232323,1.373737373737374,1.4949494949494948,1.212121212121212,1.3737373737373737,1.2929292929292928,0.585858585858586,0.9090909090909092
2024-05-17,0.2828282828282829,1.0101010101010102,1.292929292929293,1.2323232323232323,1.2323232323232325,1.4545454545454546,1.373737373737374,1.3131313131313131,1.2525252525252526,0.6262626262626263,0.9090909090909092
2024-05-20,0.3434343434343433,0.9696969696969696,1.2727272727272725,1.2727272727272727,1.1515151515151514,1.183673469387755,1.393939393939394,1.1919191919191918,1.191919191919192,0.6262626262626263,0.9696969696969696
2024-05-21,0.36734693877551017,0.9795918367346937,1.2448979591836733,1.3814432989690721,1.4489795918367345,1.306122448979592,1.402061855670103,1.2857142857142856,1.1428571428571428,0.673469387755102,1.0408163265306123
2024-05-22,0.48484848484848475,0.9898989898989898,1.1515151515151514,1.2929292929292928,1.4949494949494948,1.3265306122448979,1.4141414141414144,1.2929292929292928,1.1919191919191918,0.6464646464646464,1.131313131313131
2024-05-23,0.36363636363636365,0.9494949494949494,1.2525252525252526,1.3939393939393938,1.3939393939393936,1.36734693877551,1.494949494949495,1.3333333333333335,1.1919191919191918,0.5454545454545453,0.909090909090909
2024-05-24,0.34343434343434354,0.9898989898989898,1.1224489795918366,1.3333333333333333,1.4949494949494948,1.5510204081632655,1.6363636363636365,1.6122448979591837,1.0909090909090908,0.6868686868686867,1.0303030303030303
2024-05-27,0.38383838383838387,0.9696969696969697,1.0816326530612246,1.2121212121212122,1.393939393939394,1.2448979591836735,1.5151515151515151,1.3061224489795917,1.2323232323232323,0.7272727272727273,1.1111111111111112
2024-05-28,0.3434343434343435,0.8571428571428571,1.1020408163265305,1.2323232323232323,1.2929292929292928,1.204081632653061,1.4747474747474747,1.387755102040816,1.346938775510204,0.7474747474747475,1.090909090909091
2024-05-29,0.3636363636363637,0.9292929292929292,0.9591836734693877,1.2323232323232325,1.4545454545454544,1.4141414141414141,1.3673469387755102,1.3333333333333333,1.1428571428571428,0.6464646464646465,1.0101010101010102
2024-05-30,0.3232323232323232,0.7070707070707072,0.8979591836734693,1.2323232323232323,1.5757575757575757,1.4141414141414141,1.5353535353535352,1.4343434343434343,1.3131313131313131,0.7878787878787878,1.1111111111111112
2024-05-31,0.3434343434343435,1.0303030303030303,0.9999999999999999,1.292929292929293,1.4343434343434343,1.4285714285714284,1.373737373737374,1.4081632653061222,1.2929292929292928,0.7676767676767677,1.1111111111111112
2024-06-03,0.32323232323232326,0.9999999999999999,1.1515151515151514,1.3535353535353534,1.2323232323232323,1.346938775510204,1.4747474747474747,1.4747474747474747,1.3673469387755102,0.7474747474747476,1.070707070707071
2024-06-04,0.3232323232323232,0.9387755102040816,1.0303030303030303,1.2653061224489797,1.4141414141414144,1.510204081632653,1.6326530612244896,1.4747474747474745,1.3877551020408163,0.8484848484848486,1.1717171717171717
2024-06-05,0.3838383838383838,0.9183673469387754,1.0505050505050506,1.3265306122448979,1.373737373737374,1.530612244897959,1.5510204081632653,1.4545454545454546,1.0816326530612246,0.6666666666666667,1.0505050505050506
2024-06-06,0.36363636363636365,0.9494949494949493,1.0101010101010102,1.3061224489795917,1.3131313131313131,1.474747474747475,1.510204081632653,1.4545454545454546,1.3535353535353536,0.6464646464646465,1.0101010101010102
2024-06-07,0.42424242424242414,1.01010101010101,1.1111111111111112,1.2244897959183674,1.4747474747474747,1.5353535353535352,1.4285714285714284,1.5555555555555554,1.2323232323232323,0.7878787878787878,1.212121212121212
2024-06-11,0.32323232323232315,0.9387755102040815,1.0505050505050504,1.1224489795918366,1.3737373737373737,1.4081632653061225,1.346938775510204,1.414141414141414,1.3061224489795917,0.7474747474747474,1.0707070707070705
2024-06-12,0.38383838383838387,1.01010101010101,1.1313131313131313,1.2525252525252526,1.212121212121212,1.3535353535353534,1.4081632653061225,1.272727272727273,1.2653061224489792,0.8686868686868688,1.2525252525252526
2024-06-13,0.32323232323232326,0.9696969696969697,1.1428571428571428,1.4141414141414141,1.393939393939394,1.494949494949495,1.4489795918367347,1.4141414141414141,1.346938775510204,0.8080808080808082,1.1313131313131315
2024-06-14,0.22222222222222227,0.8686868686868686,1.2448979591836733,1.3737373737373737,1.3535353535353538,1.3673469387755102,1.3333333333333333,1.4693877551020407,1.2929292929292928,0.787878787878788,1.0101010101010102
2024-06-17,0.38383838383838387,1.0101010101010104,1.3877551020408163,1.4141414141414144,1.3535353535353538,1.4489795918367345,1.5151515151515154,1.3673469387755102,1.2121212121212122,0.8080808080808082,1.191919191919192
2024-06-18,0.6000000000000001,0.9696969696969698,1.3131313131313131,1.3535353535353538,1.4141414141414144,1.393939393939394,1.4343434343434345,1.5555555555555554,1.474747474747475,0.787878787878788,1.3878787878787882
2024-06-19,0.38,1.0,1.2525252525252526,1.36,1.3535353535353538,1.32,1.2525252525252526,1.44,1.3131313131313131,0.7600000000000001,1.1400000000000001
2024-06-20,0.4600000000000001,0.8800000000000001,1.1515151515151516,1.3800000000000001,1.4343434343434345,1.3800000000000001,1.191919191919192,1.3400000000000003,1.292929292929293,0.8200000000000001,1.2800000000000002
2024-06-21,0.44000000000000006,1.0000000000000002,1.272727272727273,1.2400000000000002,1.1600000000000001,1.3737373737373737,1.4000000000000001,1.4343434343434345,1.2200000000000002,0.7200000000000001,1.1600000000000001
2024-06-24,0.32,0.96,1.2525252525252526,1.1600000000000001,1.26,1.2525252525252526,1.62,1.3535353535353538,1.3400000000000003,0.8400000000000001,1.1600000000000001
2024-06-25,0.3400000000000001,0.98989898989899,1.2121212121212124,1.4400000000000002,1.3535353535353536,1.2929292929292933,1.2600000000000002,1.2121212121212124,1.0909090909090908,0.6600000000000001,1.0000000000000002
2024-06-26,0.30000000000000004,0.9292929292929294,1.1313131313131315,1.3800000000000001,1.3333333333333335,1.3131313131313134,1.4200000000000002,1.373737373737374,1.090909090909091,0.6000000000000001,0.9000000000000001
2024-06-27,0.3800000000000001,0.9090909090909091,1.090909090909091,1.2000000000000002,1.2525252525252526,1.2323232323232325,1.1600000000000001,1.1515151515151518,1.0505050505050506,0.7400000000000001,1.12
2024-06-28,0.3400000000000001,0.8686868686868687,1.0303030303030303,1.1400000000000001,1.3333333333333335,1.2929292929292933,1.2000000000000002,1.1515151515151516,1.1111111111111112,0.6400000000000001,0.9800000000000002
2024-07-01,0.33999999999999997,0.7676767676767678,0.9494949494949496,1.1,1.292929292929293,1.4141414141414144,1.32,1.2323232323232325,1.191919191919192,0.72,1.06
2024-07-02,0.36,0.7676767676767678,1.1515151515151516,1.2121212121212122,1.2525252525252526,1.3333333333333335,1.3333333333333335,1.1111111111111112,1.090909090909091,0.6799999999999999,1.04
2024-07-03,0.4,0.9494949494949496,1.1313131313131315,1.090909090909091,1.2400000000000002,1.3131313131313131,1.373737373737374,1.292929292929293,1.393939393939394,0.9400000000000002,1.3400000000000003
2024-07-04,0.32,0.8600000000000001,1.0505050505050506,1.06,1.28,1.1600000000000001,1.1717171717171717,1.2,1.2525252525252526,0.72,1.04
2024-07-05,0.4,0.9200000000000002,1.12,1.1600000000000001,1.3399999999999999,1.3800000000000001,1.2121212121212122,1.42,1.2525252525252526,0.72,1.12
2024-07-08,0.38,0.9292929292929295,1.08,1.1717171717171717,1.26,1.3535353535353536,1.191919191919192,1.2600000000000002,1.272727272727273,0.92,1.3
2024-07-09,0.38,0.9898989898989901,1.1,1.2121212121212124,1.3800000000000001,1.5353535353535355,1.6161616161616166,1.3200000000000003,1.2525252525252526,0.7,1.08
2024-07-10,0.30000000000000004,0.9494949494949494,1.1800000000000002,1.191919191919192,1.2200000000000002,1.2929292929292928,1.5151515151515151,1.2400000000000002,1.1919191919191918,0.76,1.06
2024-07-11,0.30303030303030304,0.8686868686868685,1.1313131313131313,1.2727272727272727,1.393939393939394,1.3265306122448979,1.393939393939394,1.3535353535353536,1.2323232323232323,0.8686868686868687,1.1717171717171717
2024-07-12,0.26262626262626265,0.7272727272727271,1.0303030303030303,1.3131313131313131,1.4343434343434345,1.3061224489795917,1.4545454545454546,1.393939393939394,1.1515151515151514,0.7878787878787881,1.0505050505050506
2024-07-15,0.30000000000000004,0.8484848484848484,1.0303030303030305,1.3737373737373737,1.3737373737373737,1.2727272727272727,1.4949494949494948,1.4141414141414141,1.3737373737373737,0.8,1.1
2024-07-16,0.38,0.8686868686868687,1.2323232323232325,1.4400000000000002,1.393939393939394,1.4141414141414141,1.2600000000000002,1.3333333333333335,1.191919191919192,0.9,1.28
2024-07-17,0.43999999999999995,0.8800000000000001,1.1515151515151518,1.1800000000000002,1.3800000000000001,1.494949494949495,1.4200000000000002,1.292929292929293,1.2200000000000002,0.74,1.18
2024-07-18,0.44000000000000006,0.9400000000000002,1.4,1.4400000000000004,1.4400000000000002,1.474747474747475,1.3399999999999999,1.2000000000000002,1.2400000000000002,0.76,1.2000000000000002
2024-07-19,0.4,1.0505050505050506,1.2400000000000002,1.3131313131313131,1.34,1.2929292929292928,1.1515151515151516,1.2000000000000002,1.1717171717171717,0.78,1.1800000000000002
2024-07-22,0.36,1.0303030303030303,1.2400000000000002,1.3333333333333335,1.4400000000000002,1.3131313131313131,1.474747474747475,1.22,1.0505050505050506,0.5800000000000001,0.9400000000000001
2024-07-23,0.42,1.1313131313131315,1.4000000000000001,1.292929292929293,1.26,1.4141414141414144,1.292929292929293,1.24,1.191919191919192,0.6799999999999999,1.0999999999999999
2024-07-24,0.42000000000000004,1.1111111111111112,1.3800000000000001,1.3535353535353536,1.34,1.393939393939394,1.373737373737374,1.3200000000000003,1.3131313131313131,0.76,1.1800000000000002
2024-07-25,0.38,1.0101010101010102,1.3131313131313131,1.1313131313131315,1.32,1.3737373737373737,1.5151515151515151,1.4141414141414144,1.272727272727273,0.6400000000000001,1.02
2024-07-26,0.36,0.9292929292929294,1.1111111111111112,1.191919191919192,1.4000000000000001,1.3535353535353538,1.272727272727273,1.4141414141414144,1.191919191919192,0.7600000000000001,1.12
2024-07-29,0.3800000000000001,0.98989898989899,1.1717171717171717,1.3333333333333335,1.4545454545454546,1.3737373737373737,1.4141414141414144,1.4141414141414144,1.0909090909090908,0.6800000000000002,1.0600000000000003
2024-07-30,0.36000000000000004,1.171717171717172,1.272727272727273,1.3131313131313131,1.2323232323232323,1.4545454545454544,1.292929292929293,1.2525252525252526,1.272727272727273,0.7200000000000002,1.0800000000000003
2024-07-31,0.28,1.0101010101010102,1.1600000000000001,1.292929292929293,1.34,1.3535353535353538,1.3737373737373737,1.2400000000000002,1.2121212121212122,0.6400000000000001,0.9200000000000002
2024-08-01,0.41999999999999993,1.0505050505050504,1.2999999999999998,1.4747474747474747,1.44,1.393939393939394,1.3737373737373737,1.6199999999999999,1.2525252525252526,0.96,1.38
2024-08-02,0.31999999999999995,1.01010101010101,1.1313131313131313,1.4343434343434343,1.595959595959596,1.4949494949494948,1.393939393939394,1.3737373737373737,1.3939393939393938,0.8282828282828282,1.1482828282828281
2024-08-05,0.26,0.9090909090909092,1.272727272727273,1.2929292929292933,1.4141414141414144,1.5151515151515151,1.4141414141414144,1.4545454545454546,1.2525252525252526,0.7200000000000001,0.9800000000000001
2024-08-06,0.3800000000000001,1.0707070707070707,1.191919191919192,1.3535353535353538,1.494949494949495,1.5151515151515156,1.3333333333333335,1.272727272727273,1.0707070707070707,0.76,1.1400000000000001
2024-08-07,0.3434343434343435,0.787878787878788,1.0909090909090908,1.2525252525252526,1.2929292929292933,1.4141414141414144,1.3131313131313131,1.3535353535353538,1.1111111111111112,0.6666666666666667,1.0101010101010102
2024-08-08,0.36363636363636365,0.9696969696969698,1.2121212121212124,1.2653061224489794,1.373737373737374,1.4141414141414144,1.530612244897959,1.494949494949495,1.2323232323232325,0.6868686868686869,1.0505050505050506
2024-08-09,0.4000000000000001,1.0303030303030303,1.393939393939394,1.5353535353535355,1.42,1.3131313131313131,1.2929292929292928,1.4141414141414144,1.2727272727272727,0.8600000000000001,1.2600000000000002
2024-08-12,0.4,1.0909090909090908,1.373737373737374,1.373737373737374,1.32,1.393939393939394,1.4949494949494953,1.373737373737374,1.2525252525252526,0.6600000000000001,1.06
2024-08-13,0.36363636363636365,1.1313131313131315,1.494949494949495,1.4343434343434345,1.3131313131313131,1.474747474747475,1.393939393939394,1.5555555555555556,1.272727272727273,0.7272727272727274,1.090909090909091
2024-08-14,0.3800000000000001,0.8686868686868687,1.1717171717171717,1.2600000000000002,1.2929292929292928,1.414141414141414,1.34,1.3535353535353536,1.1111111111111112,0.68,1.06
2024-08-15,0.5,1.08,1.3535353535353538,1.2200000000000002,1.2525252525252526,1.42,1.4000000000000001,1.34,1.272727272727273,0.7400000000000001,1.2400000000000002
2024-08-16,0.48000000000000004,1.1,1.272727272727273,1.2800000000000002,1.272727272727273,1.3399999999999999,1.4949494949494953,1.4000000000000001,1.3131313131313131,0.7400000000000001,1.2200000000000002
2024-08-19,0.4600000000000001,1.070707070707071,1.3131313131313131,1.4141414141414141,1.3333333333333335,1.393939393939394,1.4343434343434345,1.4141414141414144,1.191919191919192,0.76,1.2200000000000002
2024-08-20,0.44000000000000006,1.0303030303030303,1.191919191919192,1.414141414141414,1.3333333333333335,1.5353535353535355,1.4343434343434343,1.5151515151515154,1.2525252525252526,0.8800000000000001,1.3200000000000003
2024-08-21,0.42000000000000004,0.9898989898989901,1.2323232323232325,1.313131313131313,1.4545454545454546,1.4343434343434347,1.5151515151515151,1.4141414141414144,1.272727272727273,0.6800000000000002,1.1
2024-08-22,0.42000000000000004,1.0303030303030303,1.0707070707070707,1.393939393939394,1.3800000000000001,1.373737373737374,1.4545454545454546,1.4141414141414144,1.2929292929292933,0.7200000000000001,1.1400000000000001
2024-08-23,0.42000000000000004,0.9898989898989901,1.1515151515151516,1.3333333333333335,1.44,1.4343434343434345,1.4545454545454546,1.393939393939394,1.2525252525252526,0.7000000000000002,1.12
2024-08-26,0.3838383838383838,0.9090909090909093,1.0505050505050502,1.3333333333333333,1.3939393939393938,1.3333333333333335,1.306122448979592,1.4141414141414144,1.2323232323232323,0.8282828282828283,1.2121212121212122
2024-08-27,0.38383838383838387,0.9292929292929295,1.1515151515151514,1.2121212121212122,1.4545454545454546,1.4141414141414144,1.3673469387755102,1.3737373737373741,1.1717171717171717,0.686868686868687,1.070707070707071
2024-08-28,0.4200000000000001,1.0505050505050506,1.2525252525252526,1.44,1.4343434343434345,1.4545454545454546,1.42,1.272727272727273,1.1313131313131315,0.6400000000000001,1.0600000000000003
2024-08-29,0.5200000000000001,1.1515151515151516,1.2525252525252526,1.4,1.393939393939394,1.4343434343434345,1.3399999999999999,1.4141414141414144,1.0505050505050506,0.6200000000000001,1.1400000000000001
2024-08-30,0.5050505050505051,1.0909090909090908,1.272727272727273,1.3673469387755102,1.4545454545454548,1.3535353535353534,1.4489795918367345,1.474747474747475,1.2525252525252524,0.7676767676767677,1.272727272727273
2024-09-02,0.3434343434343435,1.1020408163265305,1.3535353535353538,1.4693877551020407,1.474747474747475,1.3265306122448979,1.3265306122448979,1.3535353535353538,1.2857142857142858,0.6666666666666667,1.0101010101010102
2024-09-03,0.4040404040404041,1.1111111111111112,1.2121212121212124,1.1515151515151514,1.2525252525252526,1.3939393939393938,1.3535353535353534,1.3333333333333335,1.2727272727272727,0.7070707070707072,1.1111111111111112
2024-09-04,0.44444444444444453,1.0303030303030303,1.2525252525252526,1.3535353535353538,1.3333333333333335,1.3535353535353538,1.4747474747474747,1.3333333333333335,1.1313131313131313,0.6262626262626263,1.070707070707071
2024-09-05,0.5050505050505051,1.0707070707070707,1.1515151515151514,1.3131313131313131,1.4747474747474747,1.3535353535353536,1.5714285714285712,1.3737373737373737,1.1515151515151514,0.5858585858585859,1.0909090909090908
2024-09-06,0.6200000000000001,1.2121212121212122,1.3535353535353536,1.3333333333333333,1.3131313131313131,1.3333333333333335,1.4747474747474747,1.4545454545454548,1.1313131313131315,0.7200000000000002,1.3400000000000003
2024-09-09,0.4600000000000001,1.0505050505050506,1.2121212121212124,1.1515151515151516,1.393939393939394,1.4343434343434347,1.494949494949495,1.4141414141414144,1.1111111111111112,0.6800000000000002,1.1400000000000001
2024-09-10,0.4444444444444445,1.0505050505050504,1.1515151515151514,1.4747474747474747,1.393939393939394,1.3737373737373737,1.4141414141414141,1.4141414141414141,1.2929292929292928,0.7070707070707072,1.1515151515151516
2024-09-11,0.4040404040404041,0.8888888888888888,1.1919191919191918,1.3061224489795917,1.4141414141414141,1.2727272727272727,1.2857142857142856,1.3333333333333333,1.0707070707070705,0.7070707070707072,1.1111111111111112
2024-09-12,0.5858585858585859,1.1111111111111112,1.2929292929292928,1.5151515151515151,1.474747474747475,1.4949494949494953,1.3131313131313131,1.3535353535353536,1.2121212121212124,0.7272727272727273,1.3131313131313131
2024-09-13,0.54,1.0909090909090908,1.090909090909091,1.2525252525252526,1.393939393939394,1.474747474747475,1.3131313131313131,1.393939393939394,1.4141414141414144,0.7474747474747475,1.2874747474747474
2024-09-18,0.4000000000000001,0.8686868686868687,1.2525252525252526,1.4949494949494948,1.4343434343434347,1.4141414141414144,1.4141414141414144,1.3333333333333335,1.272727272727273,0.7474747474747475,1.1474747474747475
2024-09-19,0.4800000000000001,0.9494949494949496,1.272727272727273,1.46,1.5151515151515151,1.4949494949494953,1.3199999999999998,1.2929292929292933,1.2525252525252526,0.6600000000000001,1.1400000000000001
2024-09-20,0.52,1.0101010101010102,1.393939393939394,1.44,1.373737373737374,1.5151515151515154,1.46,1.3535353535353538,1.393939393939394,0.7400000000000001,1.2600000000000002
2024-09-23,0.4000000000000001,0.9494949494949496,1.1515151515151516,1.3333333333333333,1.4545454545454546,1.4141414141414141,1.4545454545454546,1.3535353535353536,1.1111111111111112,0.585858585858586,0.985858585858586
2024-09-24,0.5400000000000001,1.1717171717171717,1.2121212121212124,1.3333333333333333,1.4141414141414144,1.3737373737373737,1.595959595959596,1.4141414141414144,1.393939393939394,0.7676767676767677,1.3076767676767678
2024-09-25,0.505050505050505,1.2525252525252526,1.3737373737373737,1.510204081632653,1.5353535353535352,1.494949494949495,1.489795918367347,1.4545454545454546,1.4545454545454546,0.9292929292929293,1.4343434343434343
2024-09-26,0.3636363636363635,1.1919191919191918,1.3469387755102038,1.5757575757575757,1.2448979591836733,1.414141414141414,1.4081632653061225,1.393939393939394,1.2653061224489797,0.7474747474747474,1.111111111111111
2024-09-27,0.3636363636363635,1.0707070707070705,1.3673469387755102,1.2525252525252526,1.2857142857142856,1.3535353535353536,1.4489795918367345,1.1717171717171717,1.0816326530612244,0.707070707070707,1.0707070707070705
2024-09-30,0.4285714285714286,1.2244897959183674,1.3265306122448979,1.4693877551020407,1.5918367346938775,1.4693877551020407,1.489795918367347,1.1632653061224492,1.1224489795918366,0.7142857142857142,1.1428571428571428
2024-10-08,0.6326530612244898,1.2857142857142858,1.3469387755102042,1.5463917525773196,1.6326530612244898,1.5306122448979593,1.6082474226804124,1.5510204081632653,1.4285714285714286,1.1428571428571428,1.7755102040816326
2024-10-09,0.625,1.4500000000000002,1.35,1.5250000000000001,1.475,1.5750000000000002,1.425,1.4500000000000002,1.3,0.9,1.525
2024-10-10,0.6190476190476192,1.2619047619047619,1.4047619047619049,1.4047619047619047,1.4047619047619049,1.5,1.7142857142857142,1.5,1.3571428571428572,1.1428571428571428,1.7619047619047619
2024-10-11,0.707070707070707,1.2857142857142856,1.510204081632653,1.5306122448979589,1.5306122448979589,1.5714285714285712,1.5306122448979589,1.3673469387755102,1.3061224489795917,0.8571428571428572,1.5642135642135642
2024-10-14,0.46464646464646475,1.1515151515151514,1.2727272727272727,1.393939393939394,1.4949494949494948,1.595959595959596,1.4747474747474747,1.4343434343434343,1.3131313131313131,0.808080808080808,1.2727272727272727
2024-10-15,0.5858585858585859,1.2727272727272725,1.3939393939393938,1.3131313131313131,1.4949494949494948,1.4343434343434343,1.4343434343434343,1.3535353535353534,1.212121212121212,0.707070707070707,1.2929292929292928
2024-10-16,0.4799999999999999,1.0707070707070707,1.3535353535353534,1.3737373737373737,1.4747474747474747,1.3131313131313131,1.474747474747475,1.3737373737373737,1.2929292929292928,0.7272727272727272,1.207272727272727
2024-10-17,0.49999999999999994,1.0707070707070705,1.414141414141414,1.4747474747474747,1.414141414141414,1.494949494949495,1.3535353535353534,1.4545454545454546,1.2929292929292928,0.8282828282828282,1.328282828282828
2024-10-18,0.4799999999999999,0.909090909090909,1.2323232323232323,1.3535353535353534,1.22,1.494949494949495,1.393939393939394,1.3131313131313131,1.1515151515151516,0.74,1.22
2024-10-21,0.52,1.1111111111111112,1.3535353535353534,1.2525252525252526,1.44,1.3737373737373737,1.474747474747475,1.3535353535353534,1.2929292929292928,0.7999999999999999,1.3199999999999998
2024-10-22,0.46938775510204084,1.0515463917525774,1.306122448979592,1.3402061855670102,1.469387755102041,1.422680412371134,1.463917525773196,1.306122448979592,1.3195876288659794,0.6938775510204082,1.163265306122449
2024-10-23,0.5454545454545454,0.9795918367346939,1.3673469387755102,1.5510204081632653,1.4141414141414141,1.4285714285714286,1.4693877551020407,1.4693877551020407,1.3673469387755102,0.8282828282828283,1.3737373737373737
2024-10-24,0.6262626262626261,1.2857142857142856,1.2857142857142856,1.4693877551020407,1.393939393939394,1.530612244897959,1.6122448979591835,1.4489795918367345,1.3061224489795917,0.7878787878787877,1.414141414141414
2024-10-25,0.4199999999999999,1.0303030303030303,1.3939393939393938,1.3535353535353534,1.4545454545454546,1.5555555555555554,1.575757575757576,1.393939393939394,1.3535353535353534,0.808080808080808,1.2280808080808079
2024-10-28,0.5399999999999999,1.1919191919191918,1.4141414141414141,1.4747474747474747,1.5555555555555558,1.5151515151515151,1.4545454545454546,1.3737373737373737,1.4343434343434343,0.8686868686868685,1.4086868686868685
2024-10-29,0.4285714285714286,1.0515463917525771,1.3195876288659791,1.3608247422680413,1.3814432989690721,1.3814432989690721,1.2577319587628866,1.3195876288659794,1.1752577319587627,0.673469387755102,1.1020408163265305
2024-10-30,0.5102040816326532,1.134020618556701,1.2371134020618555,1.2857142857142856,1.3814432989690721,1.4226804123711339,1.3673469387755102,1.443298969072165,1.2371134020618557,0.7142857142857144,1.2244897959183676
2024-10-31,0.5306122448979592,1.1134020618556701,1.4432989690721647,1.5510204081632653,1.3402061855670102,1.3195876288659794,1.5306122448979593,1.4020618556701032,1.2371134020618557,0.6938775510204082,1.2244897959183674
2024-11-01,0.47422680412371127,1.0515463917525771,1.1958762886597938,1.3402061855670102,1.5257731958762886,1.3541666666666665,1.3814432989690721,1.5463917525773194,1.2371134020618557,0.7835051546391751,1.2577319587628863
2024-11-04,0.3958333333333333,1.0416666666666667,1.2916666666666665,1.3125,1.4375,1.5,1.458333333333333,1.4166666666666665,1.375,0.8958333333333334,1.2916666666666667
2024-11-05,0.4948453608247423,1.2577319587628866,1.2783505154639174,1.375,1.402061855670103,1.5257731958762886,1.4791666666666665,1.2989690721649483,1.3195876288659791,0.8041237113402062,1.2989690721649485
2024-11-06,0.39175257731958757,1.0721649484536082,1.3608247422680413,1.4583333333333333,1.3608247422680413,1.463917525773196,1.3125,1.2989690721649483,1.2371134020618557,0.7628865979381443,1.1546391752577319
2024-11-07,0.3711340206185567,0.9278350515463918,1.2164948453608246,1.1958762886597936,1.3814432989690721,1.3814432989690721,1.5051546391752577,1.2577319587628866,0.9690721649484535,0.5773195876288659,0.9484536082474226
2024-11-08,0.35051546391752575,1.0103092783505154,1.3958333333333333,1.3195876288659791,1.360824742268041,1.3958333333333333,1.3814432989690721,1.25,1.1752577319587627,0.6597938144329896,1.0103092783505154
2024-11-11,0.3673469387755103,1.072164948453608,1.3061224489795917,1.2783505154639174,1.3265306122448979,1.3814432989690721,1.2577319587628866,1.3877551020408163,1.1752577319587627,0.7142857142857142,1.0816326530612246
2024-11-12,0.5306122448979592,1.1546391752577319,1.3265306122448979,1.2783505154639174,1.346938775510204,1.5463917525773194,1.4432989690721647,1.306122448979592,1.2577319587628866,0.5918367346938775,1.1224489795918369
2024-11-13,0.5102040816326532,1.0816326530612246,1.2577319587628866,1.4081632653061225,1.6082474226804122,1.510204081632653,1.5051546391752577,1.2448979591836733,1.1546391752577319,0.673469387755102,1.183673469387755
2024-11-14,0.505050505050505,1.2653061224489797,1.163265306122449,1.346938775510204,1.595959595959596,1.4081632653061225,1.3265306122448979,1.4897959183673468,1.204081632653061,0.6666666666666665,1.1717171717171715
2024-11-15,0.4040404040404041,0.9898989898989898,1.2727272727272727,1.2857142857142856,1.2525252525252526,1.2929292929292928,1.306122448979592,1.2323232323232323,1.1313131313131313,0.5656565656565657,0.9696969696969698
2024-11-18,0.44444444444444453,1.0707070707070707,1.212121212121212,1.346938775510204,1.3939393939393938,1.3535353535353534,1.4285714285714284,1.2525252525252526,1.1919191919191918,0.6666666666666665,1.1111111111111112
2024-11-19,0.4040404040404039,1.0612244897959182,1.3673469387755102,1.3877551020408163,1.387755102040816,1.4489795918367347,1.4489795918367347,1.3061224489795917,1.2244897959183674,0.693877551020408,1.097917955060812
2024-11-20,0.4081632653061224,0.9387755102040816,1.2164948453608246,1.2857142857142856,1.2857142857142856,1.4226804123711339,1.3673469387755102,1.2577319587628866,1.2857142857142856,0.5510204081632653,0.9591836734693877
2024-11-21,0.4897959183673469,1.1224489795918369,1.2989690721649483,1.4081632653061225,1.3877551020408163,1.4845360824742269,1.489795918367347,1.3608247422680413,1.1224489795918369,0.7346938775510203,1.2244897959183674
2024-11-22,0.505050505050505,1.0816326530612246,1.2040816326530615,1.1020408163265305,1.3131313131313131,1.3877551020408163,1.4489795918367347,1.183673469387755,1.2857142857142856,0.7878787878787878,1.2929292929292928
2024-11-25,0.4646464646464647,1.1428571428571428,1.4489795918367347,1.4081632653061225,1.3333333333333333,1.2653061224489794,1.4285714285714284,1.4081632653061225,1.1632653061224487,0.7474747474747476,1.2121212121212124
2024-11-26,0.3232323232323231,1.0,1.183673469387755,1.183673469387755,1.4897959183673468,1.4285714285714286,1.4285714285714284,1.346938775510204,1.1020408163265305,0.6666666666666665,0.9898989898989896
2024-11-27,0.3877551020408163,0.8775510204081632,1.1958762886597938,1.2448979591836733,1.4693877551020407,1.402061855670103,1.530612244897959,1.402061855670103,1.2244897959183674,0.7755102040816326,1.163265306122449
2024-11-28,0.30612244897959184,0.7835051546391752,1.175257731958763,1.2244897959183674,1.2989690721649483,1.3814432989690721,1.346938775510204,1.4845360824742269,1.1546391752577319,0.5918367346938775,0.8979591836734694
2024-11-29,0.3434343434343433,0.8571428571428572,1.1020408163265305,1.2244897959183674,1.3131313131313131,1.3673469387755102,1.510204081632653,1.3877551020408165,1.2448979591836733,0.7272727272727271,1.0707070707070705
2024-12-02,0.3434343434343433,0.7551020408163265,1.163265306122449,1.3061224489795917,1.4343434343434345,1.4081632653061225,1.5306122448979593,1.3673469387755102,1.2040816326530612,0.7878787878787878,1.131313131313131
2024-12-03,0.5102040816326532,0.9591836734693878,1.2371134020618557,1.4285714285714286,1.4639175257731958,1.5510204081632653,1.3195876288659794,1.3673469387755102,1.443298969072165,0.8775510204081634,1.3877551020408165
2024-12-04,0.40816326530612246,0.9795918367346939,1.183673469387755,1.3877551020408163,1.3469387755102042,1.3814432989690721,1.3469387755102042,1.3673469387755102,1.2448979591836733,0.7142857142857143,1.1224489795918369
2024-12-05,0.40404040404040387,0.9387755102040816,1.2857142857142856,1.3673469387755102,1.3265306122448979,1.3265306122448979,1.510204081632653,1.4285714285714286,1.1020408163265305,0.6262626262626261,1.0303030303030298
2024-12-06,0.4242424242424241,1.1020408163265305,1.306122448979592,1.3061224489795917,1.2857142857142858,1.2244897959183674,1.2857142857142856,1.4081632653061225,1.183673469387755,0.7676767676767675,1.1919191919191916
2024-12-09,0.4040404040404039,0.9591836734693877,1.1224489795918369,1.183673469387755,1.4897959183673468,1.4081632653061222,1.3877551020408163,1.2857142857142856,1.3469387755102038,0.8367346938775511,1.240775097917955
2024-12-10,0.3030303030303031,0.857142857142857,1.1020408163265305,1.204081632653061,1.387755102040816,1.3877551020408165,1.3673469387755102,1.2448979591836733,1.0408163265306123,0.5252525252525251,0.8282828282828282
2024-12-11,0.4242424242424241,1.1020408163265305,1.2244897959183674,1.2653061224489797,1.2857142857142856,1.4489795918367347,1.346938775510204,1.3265306122448979,1.2040816326530612,0.6464646464646464,1.0707070707070705
2024-12-12,0.326530612244898,1.0,1.2040816326530612,1.2448979591836735,1.346938775510204,1.4845360824742266,1.3877551020408163,1.2244897959183674,1.1428571428571428,0.6122448979591836,0.9387755102040816
2024-12-13,0.4693877551020408,1.1020408163265305,1.183673469387755,1.2653061224489797,1.3265306122448979,1.3402061855670104,1.2448979591836733,1.3469387755102042,1.163265306122449,0.6122448979591837,1.0816326530612246
2024-12-16,0.38383838383838376,0.9387755102040816,1.2857142857142856,1.3061224489795917,1.4489795918367347,1.2448979591836733,1.510204081632653,1.3673469387755102,1.183673469387755,0.5454545454545454,0.9292929292929292
2024-12-17,0.6666666666666667,1.1428571428571428,1.494949494949495,1.4489795918367347,1.5555555555555554,1.4693877551020407,1.3061224489795917,1.3131313131313131,1.2040816326530612,0.7878787878787878,1.4545454545454546
2024-12-18,0.32323232323232326,0.9591836734693877,1.2525252525252524,1.2857142857142856,1.3535353535353534,1.3265306122448979,1.4081632653061225,1.2727272727272727,1.306122448979592,0.7474747474747473,1.0707070707070705
2024-12-19,0.36363636363636365,0.8775510204081632,1.2653061224489794,1.3131313131313131,1.4081632653061225,1.4081632653061225,1.2929292929292928,1.4489795918367345,1.2244897959183674,0.6262626262626261,0.9898989898989897
2024-12-20,0.32323232323232326,0.7676767676767675,1.0909090909090908,1.2525252525252524,1.3131313131313131,1.414141414141414,1.3131313131313131,1.5151515151515151,1.2323232323232323,0.8080808080808082,1.1313131313131315
2024-12-23,0.42424242424242425,1.0303030303030303,1.3333333333333333,1.204081632653061,1.313131313131313,1.5353535353535352,1.3469387755102038,1.2323232323232323,1.1111111111111112,0.6666666666666665,1.0909090909090908
2024-12-24,0.4242424242424243,0.9795918367346939,1.3673469387755102,1.2857142857142856,1.346938775510204,1.4693877551020407,1.4081632653061225,1.4285714285714284,1.2244897959183672,0.7272727272727273,1.1515151515151516
2024-12-25,0.36363636363636365,0.7755102040816326,1.0707070707070707,1.2857142857142858,1.3131313131313131,1.3673469387755102,1.5102040816326527,1.3333333333333333,1.2857142857142856,0.7272727272727273,1.0909090909090908
2024-12-26,0.2828282828282829,0.909090909090909,1.2323232323232325,1.2323232323232323,1.272727272727273,1.387755102040816,1.2929292929292928,1.2525252525252526,1.212121212121212,0.6262626262626263,0.9090909090909092
2024-12-27,0.3434343434343435,0.9494949494949494,1.2323232323232323,1.3737373737373737,1.3939393939393938,1.5510204081632653,1.4343434343434343,1.3535353535353534,1.2525252525252524,0.6464646464646465,0.9898989898989901
2024-12-30,0.3030303030303031,0.8686868686868686,1.2727272727272725,1.393939393939394,1.4545454545454546,1.3535353535353534,1.393939393939394,1.414141414141414,1.131313131313131,0.7272727272727274,1.0303030303030305
2024-12-31,0.38383838383838387,0.9494949494949495,1.272727272727273,1.4343434343434345,1.4141414141414144,1.4747474747474747,1.5353535353535355,1.3535353535353538,1.2525252525252526,0.7070707070707071,1.0909090909090908
2025-01-02,0.3434343434343435,1.0707070707070707,1.191919191919192,1.393939393939394,1.292929292929293,1.4897959183673468,1.5353535353535355,1.393939393939394,1.2323232323232325,0.7474747474747476,1.090909090909091
2025-01-03,0.42424242424242425,1.1111111111111112,1.111111111111111,1.3333333333333335,1.2323232323232323,1.3877551020408163,1.4949494949494953,1.494949494949495,1.1515151515151514,0.6060606060606061,1.0303030303030303
2025-01-06,0.32323232323232326,0.8484848484848483,0.9591836734693877,1.1515151515151516,1.2727272727272725,1.2857142857142856,1.292929292929293,1.204081632653061,1.01010101010101,0.4848484848484849,0.8080808080808082
2025-01-07,0.4040404040404041,0.9387755102040816,1.0,1.2323232323232323,1.2448979591836735,1.3877551020408163,1.3737373737373737,1.2857142857142858,1.1632653061224487,0.6262626262626261,1.0303030303030303
2025-01-08,0.4040404040404041,0.9183673469387754,1.1428571428571428,1.306122448979592,1.4081632653061225,1.4285714285714284,1.5510204081632653,1.4693877551020407,1.2448979591836733,0.653061224489796,1.0571016285302002
2025-01-09,0.3030303030303031,0.8080808080808081,1.183673469387755,1.1111111111111112,1.2323232323232323,1.4489795918367347,1.2525252525252526,1.3265306122448979,1.212121212121212,0.5858585858585859,0.888888888888889
2025-01-10,0.3030303030303031,0.9292929292929293,1.204081632653061,1.3131313131313131,1.3131313131313131,1.3265306122448979,1.3131313131313131,1.3061224489795915,1.1515151515151514,0.5454545454545454,0.8484848484848485
2025-01-13,0.38383838383838387,0.9387755102040816,1.1224489795918366,1.2525252525252526,1.2857142857142856,1.346938775510204,1.3737373737373737,1.346938775510204,1.3469387755102038,0.7070707070707072,1.090909090909091
2025-01-14,0.36363636363636365,0.9494949494949494,1.2244897959183674,1.4747474747474747,1.3877551020408163,1.5555555555555554,1.5714285714285714,1.3535353535353536,1.2857142857142856,0.6666666666666667,1.0303030303030303
2025-01-15,0.38383838383838376,0.9494949494949494,1.3673469387755102,1.3939393939393938,1.4285714285714284,1.5151515151515151,1.2857142857142856,1.2323232323232323,1.2448979591836733,0.5454545454545453,0.9292929292929291
2025-01-16,0.2626262626262625,1.01010101010101,1.2929292929292928,1.2857142857142856,1.414141414141414,1.3737373737373737,1.4285714285714286,1.4343434343434343,1.1717171717171717,0.5858585858585857,0.8484848484848482
2025-01-17,0.32323232323232326,0.9292929292929292,1.1717171717171717,1.3061224489795917,1.2323232323232325,1.2929292929292928,1.3061224489795915,1.393939393939394,1.0707070707070705,0.5252525252525253,0.8484848484848486
2025-01-20,0.3434343434343435,0.9292929292929292,1.1111111111111112,1.2929292929292928,1.272727272727273,1.3265306122448979,1.393939393939394,1.292929292929293,1.191919191919192,0.6060606060606062,0.9494949494949496
2025-01-21,0.3434343434343435,0.9898989898989897,1.3939393939393938,1.3333333333333333,1.3535353535353534,1.4285714285714284,1.4545454545454546,1.2929292929292928,1.2929292929292928,0.7272727272727273,1.0707070707070707
2025-01-22,0.30303030303030304,1.0,1.2244897959183674,1.393939393939394,1.4489795918367345,1.3877551020408163,1.4747474747474747,1.4489795918367347,1.183673469387755,0.5656565656565655,0.8686868686868685
2025-01-23,0.3838383838383838,1.01010101010101,1.387755102040816,1.393939393939394,1.3877551020408163,1.4949494949494948,1.3333333333333333,1.2525252525252526,1.1428571428571428,0.6666666666666667,1.0505050505050506
2025-01-24,0.4444444444444445,1.1313131313131315,1.3535353535353534,1.4545454545454546,1.4747474747474747,1.4343434343434343,1.4343434343434343,1.3131313131313134,1.2727272727272725,0.6464646464646464,1.0909090909090908
2025-01-27,0.40404040404040387,1.1313131313131313,1.2929292929292928,1.3737373737373737,1.4343434343434343,1.2857142857142856,1.3535353535353534,1.3535353535353534,1.0505050505050504,0.5858585858585857,0.9898989898989896
2025-02-05,0.3877551020408163,1.0816326530612246,1.3673469387755102,1.4285714285714286,1.5510204081632653,1.4432989690721647,1.5714285714285714,1.3877551020408163,1.306122448979592,0.8163265306122449,1.2040816326530612
2025-02-06,0.4285714285714286,1.1428571428571428,1.4693877551020407,1.510204081632653,1.5714285714285712,1.5257731958762886,1.6122448979591837,1.3877551020408163,1.2448979591836733,0.7551020408163265,1.183673469387755
2025-02-07,0.5102040816326531,1.2577319587628866,1.443298969072165,1.4639175257731958,1.5257731958762886,1.5670103092783503,1.5463917525773194,1.2783505154639174,1.2371134020618557,0.7216494845360824,1.2318535661687355
2025-02-10,0.404040404040404,0.8979591836734694,1.183673469387755,1.346938775510204,1.3061224489795917,1.4285714285714284,1.2857142857142856,1.2040816326530612,1.1632653061224492,0.6666666666666665,1.0707070707070705
2025-02-11,0.40404040404040387,1.0204081632653061,1.2448979591836735,1.2040816326530615,1.183673469387755,1.2653061224489797,1.2040816326530612,1.4081632653061225,0.9795918367346939,0.5656565656565655,0.9696969696969694
2025-02-12,0.40404040404040387,1.2040816326530612,1.3877551020408163,1.3877551020408163,1.2653061224489797,1.306122448979592,1.4489795918367347,1.2857142857142858,1.163265306122449,0.6262626262626261,1.0303030303030298
2025-02-13,0.44444444444444425,1.183673469387755,1.3265306122448979,1.3877551020408163,1.510204081632653,1.4693877551020407,1.306122448979592,1.2653061224489797,1.204081632653061,0.6868686868686869,1.131313131313131
2025-02-14,0.346938775510204,0.9999999999999999,1.204081632653061,1.3877551020408163,1.4489795918367345,1.4897959183673468,1.306122448979592,1.3673469387755102,1.3061224489795917,0.7346938775510203,1.0816326530612244
2025-02-17,0.5306122448979592,1.1020408163265305,1.2448979591836733,1.2653061224489794,1.4081632653061222,1.5510204081632653,1.489795918367347,1.4489795918367347,1.2653061224489794,0.7346938775510204,1.2653061224489797
2025-02-18,0.40816326530612235,0.8367346938775511,1.3265306122448979,1.3061224489795917,1.510204081632653,1.5714285714285714,1.4489795918367347,1.4285714285714284,1.183673469387755,0.5918367346938775,0.9999999999999999
2025-02-19,0.4040404040404039,1.0204081632653061,1.3061224489795915,1.5353535353535355,1.4693877551020407,1.4285714285714284,1.393939393939394,1.5510204081632653,1.3061224489795915,0.7474747474747474,1.1515151515151514
2025-02-20,0.4848484848484847,0.9795918367346939,1.2040816326530612,1.414141414141414,1.4897959183673468,1.5306122448979593,1.4343434343434343,1.4489795918367347,1.1428571428571428,0.7676767676767675,1.2525252525252522
2025-02-21,0.4693877551020408,0.9795918367346939,1.2040816326530612,1.4081632653061225,1.4693877551020407,1.510204081632653,1.6326530612244898,1.4081632653061225,1.0612244897959182,0.6530612244897959,1.1224489795918366
2025-02-24,0.46938775510204084,1.0816326530612246,1.3469387755102042,1.5051546391752577,1.5306122448979593,1.4693877551020407,1.2989690721649483,1.3469387755102042,1.2653061224489794,0.7959183673469388,1.2653061224489797
2025-02-25,0.5306122448979592,1.0721649484536082,1.1546391752577319,1.2857142857142856,1.4639175257731958,1.4639175257731958,1.4081632653061225,1.3814432989690721,1.2577319587628866,0.8367346938775511,1.3673469387755102
2025-02-26,0.5858585858585857,1.2448979591836733,1.2857142857142856,1.3673469387755102,1.306122448979592,1.3265306122448979,1.2448979591836733,1.3265306122448979,1.3673469387755102,0.9591836734693877,1.5450422593279733
2025-02-27,0.5252525252525251,1.2244897959183674,1.2857142857142856,1.3061224489795917,1.4489795918367347,1.4285714285714286,1.4489795918367347,1.3673469387755102,1.3877551020408163,0.8367346938775511,1.3619872191300761
2025-02-28,0.5454545454545454,1.0204081632653061,1.306122448979592,1.4343434343434345,1.3877551020408163,1.4489795918367347,1.3131313131313131,1.204081632653061,1.2653061224489797,0.5858585858585857,1.131313131313131
2025-03-03,0.5252525252525253,0.9999999999999999,1.3469387755102042,1.5151515151515151,1.3673469387755102,1.2653061224489797,1.2929292929292928,1.1224489795918366,1.0816326530612246,0.6464646464646463,1.1717171717171717
2025-03-04,0.5252525252525253,1.0612244897959182,1.2857142857142856,1.3469387755102038,1.393939393939394,1.2653061224489794,1.2040816326530612,1.2448979591836733,0.9591836734693877,0.5656565656565655,1.0909090909090908
2025-03-05,0.46464646464646464,1.0816326530612246,1.2653061224489794,1.4285714285714284,1.4343434343434343,1.510204081632653,1.4081632653061225,1.2857142857142856,1.1632653061224487,0.6464646464646464,1.1111111111111112
2025-03-06,0.44444444444444453,0.9795918367346939,1.2448979591836735,1.346938775510204,1.4343434343434343,1.4285714285714284,1.3877551020408163,1.3265306122448979,1.1224489795918369,0.6262626262626263,1.070707070707071
2025-03-07,0.505050505050505,0.9795918367346937,1.3469387755102042,1.346938775510204,1.2653061224489794,1.183673469387755,1.4489795918367347,1.2448979591836735,1.0612244897959182,0.7474747474747474,1.2525252525252524
2025-03-10,0.404040404040404,0.9795918367346939,1.0707070707070705,1.2244897959183674,1.2727272727272725,1.3877551020408163,1.2857142857142856,1.212121212121212,1.2244897959183674,0.7474747474747474,1.1515151515151514
2025-03-11,0.5252525252525253,1.183673469387755,1.2929292929292928,1.3061224489795917,1.333333333333333,1.5306122448979589,1.4489795918367345,1.4747474747474747,1.2040816326530612,0.6868686868686869,1.2121212121212122
2025-03-12,0.5656565656565656,1.1717171717171717,1.3061224489795917,1.3535353535353534,1.346938775510204,1.3131313131313131,1.3061224489795917,1.3333333333333333,1.1632653061224492,0.7272727272727273,1.2929292929292928
2025-03-13,0.4848484848484849,0.98989898989899,1.2653061224489794,1.3939393939393938,1.3265306122448979,1.2525252525252526,1.4285714285714284,1.2929292929292928,1.2653061224489797,0.7878787878787877,1.2727272727272727
2025-03-14,0.5252525252525253,1.1919191919191918,1.191919191919192,1.3737373737373737,1.4545454545454546,1.4489795918367347,1.3131313131313131,1.1717171717171717,1.1313131313131315,0.6262626262626263,1.1515151515151516
2025-03-17,0.5050505050505051,1.0505050505050506,1.3131313131313131,1.3737373737373737,1.3131313131313131,1.4285714285714284,1.3737373737373737,1.111111111111111,1.0303030303030303,0.6464646464646464,1.1515151515151514
2025-03-18,0.4242424242424243,0.909090909090909,1.2727272727272727,1.3673469387755102,1.3939393939393938,1.4545454545454546,1.3061224489795917,1.212121212121212,1.0909090909090908,0.6666666666666665,1.0909090909090908
2025-03-19,0.4444444444444445,1.0303030303030303,1.2121212121212124,1.4343434343434343,1.4343434343434345,1.3939393939393938,1.2727272727272727,1.272727272727273,1.090909090909091,0.5656565656565657,1.0101010101010102
2025-03-20,0.42424242424242425,0.9898989898989901,1.2121212121212124,1.3131313131313131,1.373737373737374,1.4285714285714284,1.2929292929292928,1.3333333333333335,1.2323232323232325,0.6060606060606062,1.0303030303030305
2025-03-21,0.4444444444444445,1.0909090909090908,1.1717171717171717,1.3131313131313131,1.373737373737374,1.4897959183673468,1.191919191919192,1.191919191919192,1.1515151515151514,0.585858585858586,1.0303030303030305
2025-03-24,0.3030303030303031,0.9696969696969695,1.2525252525252526,1.2525252525252526,1.2323232323232323,1.3061224489795917,1.393939393939394,1.272727272727273,0.9696969696969696,0.46464646464646475,0.7676767676767678
2025-03-25,0.48484848484848486,1.01010101010101,1.1111111111111112,1.3333333333333333,1.4545454545454546,1.2653061224489794,1.1919191919191918,1.1111111111111112,1.191919191919192,0.5454545454545455,1.0303030303030303
2025-03-26,0.5050505050505051,0.8888888888888888,1.0408163265306123,1.3535353535353536,1.3939393939393938,1.3673469387755102,1.2929292929292928,1.306122448979592,1.191919191919192,0.6464646464646465,1.1515151515151516
2025-03-27,0.38383838383838387,0.9898989898989901,1.1515151515151514,1.3131313131313134,1.3131313131313134,1.510204081632653,1.2323232323232325,1.212121212121212,1.070707070707071,0.5050505050505051,0.888888888888889
2025-03-28,0.5858585858585859,1.090909090909091,1.2929292929292928,1.4141414141414141,1.3737373737373737,1.333333333333333,1.3333333333333333,1.171717171717172,1.1515151515151514,0.6666666666666667,1.2525252525252526
2025-03-31,0.40404040404040403,0.9494949494949495,1.1224489795918366,1.292929292929293,1.2857142857142856,1.212121212121212,1.1919191919191918,1.212121212121212,1.2244897959183674,0.6464646464646466,1.0505050505050506
2025-04-01,0.3838383838383837,0.8979591836734693,1.2857142857142856,1.3131313131313131,1.530612244897959,1.4081632653061225,1.3333333333333335,1.3469387755102038,1.163265306122449,0.6262626262626261,1.0101010101010097
2025-04-02,0.36363636363636354,0.9183673469387755,1.2525252525252526,1.3469387755102038,1.474747474747475,1.4897959183673468,1.387755102040816,1.3535353535353534,1.183673469387755,0.5858585858585859,0.9494949494949494
2025-04-03,0.38383838383838387,0.9898989898989898,1.1313131313131315,1.3737373737373737,1.191919191919192,1.510204081632653,1.4747474747474747,1.373737373737374,1.3535353535353538,0.6262626262626263,1.0101010101010102
2025-04-07,0.3434343434343435,0.98989898989899,1.212121212121212,1.1717171717171717,1.272727272727273,1.4693877551020407,1.3131313131313131,1.3333333333333333,1.474747474747475,0.7676767676767677,1.1111111111111112
2025-04-08,1.1717171717171717,1.6363636363636362,1.7551020408163265,1.7373737373737375,1.8383838383838385,1.7551020408163263,1.9191919191919191,1.7959183673469385,1.696969696969697,1.494949494949495,2.666666666666667
2025-04-09,1.1666666666666665,1.6842105263157896,1.7473684210526317,1.8526315789473684,1.789473684210526,1.8947368421052633,1.8315789473684208,1.8526315789473684,1.7052631578947368,1.2916666666666667,2.458333333333333
2025-04-10,0.4285714285714286,1.072164948453608,1.2857142857142858,1.3608247422680413,1.4897959183673468,1.5876288659793816,1.4226804123711339,1.4285714285714286,1.2577319587628866,0.6326530612244898,1.0612244897959184
2025-04-11,0.36734693877551017,0.9072164948453608,1.3265306122448979,1.1546391752577319,1.4285714285714286,1.402061855670103,1.402061855670103,1.4897959183673468,1.0515463917525771,0.6122448979591836,0.9795918367346937
2025-04-14,0.4285714285714286,1.0,1.1546391752577319,1.2653061224489797,1.4081632653061225,1.3402061855670104,1.2448979591836735,1.402061855670103,1.1020408163265305,0.5918367346938775,1.0204081632653061
2025-04-15,0.3877551020408163,0.8163265306122449,1.2040816326530612,1.306122448979592,1.3061224489795917,1.2577319587628866,1.4081632653061225,1.2244897959183674,1.1020408163265305,0.693877551020408,1.0816326530612244
2025-04-16,0.3838383838383837,0.836734693877551,1.1428571428571428,1.3061224489795917,1.2727272727272725,1.3265306122448979,1.5510204081632653,1.387755102040816,1.204081632653061,0.7474747474747474,1.131313131313131
2025-04-17,0.30303030303030304,0.8484848484848484,1.0303030303030303,1.0909090909090908,1.191919191919192,1.3673469387755102,1.1919191919191918,1.292929292929293,1.2323232323232323,0.6464646464646464,0.9494949494949494
2025-04-18,0.30303030303030304,0.7676767676767676,1.01010101010101,1.2121212121212124,1.1515151515151514,1.4081632653061225,1.3333333333333333,1.2727272727272727,1.111111111111111,0.6262626262626263,0.9292929292929293
2025-04-21,0.38383838383838387,0.7346938775510203,1.0,1.1515151515151514,1.393939393939394,1.4285714285714284,1.2323232323232323,1.3061224489795917,1.183673469387755,0.6262626262626263,1.0101010101010102
2025-04-22,0.48484848484848475,1.0408163265306123,1.2448979591836735,1.2448979591836733,1.3737373737373737,1.3469387755102042,1.4081632653061225,1.4285714285714286,1.2857142857142856,0.7474747474747474,1.2323232323232323
2025-04-23,0.48484848484848475,0.9795918367346939,1.2244897959183674,1.3737373737373737,1.3265306122448979,1.3673469387755102,1.3737373737373737,1.3265306122448979,1.2857142857142858,0.7474747474747473,1.232323232323232
2025-04-24,0.5050505050505051,1.212121212121212,1.2857142857142856,1.373737373737374,1.3265306122448979,1.2323232323232323,1.4949494949494948,1.3737373737373737,1.306122448979592,0.7474747474747476,1.2525252525252526
2025-04-25,0.5252525252525253,1.0505050505050506,1.212121212121212,1.2929292929292928,1.3737373737373737,1.3737373737373737,1.306122448979592,1.4343434343434345,1.1717171717171717,0.7070707070707072,1.2323232323232325
2025-04-28,0.5656565656565656,1.0505050505050506,1.3131313131313131,1.3333333333333333,1.4343434343434343,1.393939393939394,1.4489795918367345,1.4949494949494953,1.1515151515151514,0.6060606060606062,1.1717171717171717
2025-04-29,0.48484848484848486,1.0505050505050506,1.2653061224489797,1.474747474747475,1.4081632653061222,1.3737373737373737,1.5714285714285714,1.393939393939394,1.204081632653061,0.6868686868686869,1.1717171717171717
2025-04-30,0.6464646464646465,1.163265306122449,1.183673469387755,1.4693877551020407,1.3939393939393938,1.6122448979591837,1.4489795918367347,1.4489795918367347,1.3469387755102042,0.7878787878787877,1.4343434343434343
2025-05-06,0.5656565656565655,1.1224489795918366,1.2244897959183674,1.4489795918367347,1.3333333333333333,1.4081632653061225,1.510204081632653,1.387755102040816,1.306122448979592,0.7878787878787878,1.3535353535353534
2025-05-07,0.4897959183673469,1.2040816326530612,1.346938775510204,1.530612244897959,1.3469387755102038,1.5918367346938775,1.4285714285714284,1.5510204081632653,1.2653061224489797,0.6122448979591836,1.1020408163265305
2025-05-08,0.38775510204081626,0.9387755102040816,1.183673469387755,1.3061224489795917,1.4897959183673468,1.489795918367347,1.4489795918367347,1.3877551020408163,1.2857142857142856,0.653061224489796,1.0408163265306123
2025-05-09,0.3877551020408163,1.1428571428571428,1.2448979591836733,1.3265306122448979,1.4897959183673468,1.5510204081632653,1.530612244897959,1.387755102040816,1.3061224489795917,0.7142857142857143,1.1020408163265305
2025-05-12,0.4242424242424241,0.9591836734693877,1.346938775510204,1.306122448979592,1.3939393939393938,1.3265306122448979,1.4693877551020407,1.3673469387755102,1.3673469387755102,0.8888888888888888,1.313131313131313
2025-05-13,0.48000000000000004,1.0909090909090908,1.212121212121212,1.2525252525252526,1.3737373737373737,1.4343434343434343,1.3333333333333333,1.4545454545454546,1.1717171717171717,0.7474747474747475,1.2274747474747476
2025-05-14,0.4800000000000001,1.2121212121212124,1.4141414141414141,1.3333333333333335,1.4343434343434345,1.4747474747474745,1.474747474747475,1.333333333333333,1.2525252525252526,0.7070707070707072,1.1870707070707072
2025-05-15,0.36363636363636365,1.1717171717171717,1.346938775510204,1.292929292929293,1.3737373737373737,1.387755102040816,1.4141414141414141,1.4285714285714286,1.1717171717171717,0.686868686868687,1.0505050505050506
2025-05-16,0.4242424242424243,1.0101010101010104,1.204081632653061,1.393939393939394,1.4545454545454546,1.5555555555555556,1.3535353535353534,1.3737373737373737,1.2727272727272725,0.7070707070707072,1.1313131313131315
2025-05-19,0.48484848484848486,1.0909090909090913,1.4343434343434343,1.5151515151515151,1.5353535353535352,1.3535353535353538,1.5918367346938775,1.5555555555555558,1.3535353535353534,0.7676767676767677,1.2525252525252526
2025-05-20,0.48484848484848486,1.2121212121212122,1.3333333333333335,1.4693877551020407,1.4545454545454546,1.3737373737373737,1.4693877551020407,1.4141414141414144,1.3333333333333335,0.8080808080808082,1.292929292929293
2025-05-21,0.5050505050505051,1.1224489795918369,1.3535353535353536,1.4285714285714284,1.3535353535353534,1.5306122448979589,1.5714285714285712,1.3939393939393938,1.4081632653061225,0.8484848484848486,1.3535353535353538
2025-05-22,0.4444444444444445,1.1717171717171717,1.3939393939393938,1.3061224489795917,1.3535353535353534,1.3939393939393938,1.4693877551020407,1.5353535353535352,1.3939393939393938,0.7070707070707072,1.1515151515151516
2025-05-23,0.4000000000000001,1.1515151515151516,1.1717171717171717,1.3333333333333335,1.4545454545454548,1.4343434343434347,1.4747474747474745,1.3333333333333335,1.272727272727273,0.7272727272727274,1.1272727272727274
2025-05-26,0.28,0.9494949494949496,1.3131313131313131,1.4343434343434343,1.5353535353535355,1.5353535353535355,1.4343434343434345,1.3333333333333335,1.2525252525252526,0.6600000000000001,0.9400000000000002
2025-05-27,0.3400000000000001,0.9494949494949495,1.292929292929293,1.4545454545454546,1.5555555555555558,1.5151515151515151,1.5353535353535355,1.4949494949494953,1.292929292929293,0.7400000000000002,1.0800000000000003
2025-05-28,0.44000000000000006,0.98989898989899,1.2121212121212124,1.414141414141414,1.4343434343434345,1.474747474747475,1.3939393939393938,1.5353535353535355,1.393939393939394,0.8282828282828283,1.2682828282828282
2025-05-29,0.4000000000000001,0.9696969696969698,1.1717171717171717,1.2525252525252526,1.272727272727273,1.5353535353535355,1.4141414141414144,1.595959595959596,1.4343434343434347,0.6262626262626263,1.0262626262626264
2025-05-30,0.5656565656565655,1.2323232323232323,1.414141414141414,1.4545454545454546,1.414141414141414,1.4545454545454546,1.3939393939393938,1.4545454545454546,1.1919191919191918,0.6666666666666665,1.232323232323232
2025-06-03,0.46464646464646453,1.0909090909090908,1.1919191919191918,1.1919191919191918,1.2929292929292928,1.4897959183673466,1.4545454545454546,1.4545454545454546,1.2727272727272727,0.6666666666666665,1.131313131313131
2025-06-04,0.36363636363636365,0.909090909090909,1.2525252525252526,1.3737373737373737,1.5151515151515151,1.4285714285714284,1.5353535353535355,1.373737373737374,1.3131313131313131,0.6666666666666667,1.0303030303030303
2025-06-05,0.38383838383838387,0.9494949494949494,1.3333333333333333,1.4545454545454546,1.3535353535353534,1.5151515151515151,1.6122448979591835,1.5151515151515151,1.346938775510204,0.7676767676767677,1.1515151515151516
2025-06-06,0.48484848484848486,1.1313131313131313,1.2323232323232323,1.393939393939394,1.4949494949494948,1.4747474747474747,1.4285714285714284,1.3737373737373737,1.2653061224489794,0.6868686868686869,1.1717171717171717
2025-06-09,0.4800000000000001,0.9696969696969696,1.2323232323232323,1.4545454545454546,1.393939393939394,1.3737373737373737,1.4949494949494948,1.373737373737374,1.191919191919192,0.686868686868687,1.166868686868687
2025-06-10,0.5000000000000001,1.1313131313131315,1.3131313131313131,1.4343434343434347,1.474747474747475,1.5151515151515151,1.6363636363636362,1.474747474747475,1.2727272727272727,0.5656565656565657,1.0656565656565657
2025-06-11,0.3600000000000001,1.1111111111111112,1.3333333333333335,1.2525252525252526,1.3737373737373737,1.5151515151515151,1.5757575757575757,1.4343434343434345,1.3333333333333335,0.6262626262626263,0.9862626262626264
2025-06-12,0.4200000000000001,1.1313131313131315,1.292929292929293,1.373737373737374,1.4545454545454548,1.4545454545454546,1.5151515151515154,1.4141414141414141,1.0909090909090908,0.5454545454545455,0.9654545454545456
2025-06-13,0.5252525252525253,1.1313131313131315,1.4141414141414144,1.393939393939394,1.5151515151515151,1.4693877551020407,1.4949494949494953,1.494949494949495,1.373737373737374,0.686868686868687,1.2121212121212124
2025-06-16,0.38383838383838387,1.0303030303030303,1.3737373737373737,1.3939393939393938,1.5555555555555556,1.4081632653061225,1.4545454545454546,1.595959595959596,1.3333333333333333,0.787878787878788,1.1717171717171717
2025-06-17,0.787878787878788,1.2323232323232323,1.3737373737373737,1.4545454545454546,1.4949494949494953,1.5714285714285714,1.4747474747474747,1.2929292929292928,1.3535353535353534,0.6868686868686871,1.474747474747475
2025-06-18,0.5656565656565657,1.090909090909091,1.3131313131313131,1.494949494949495,1.5555555555555558,1.510204081632653,1.393939393939394,1.4747474747474747,1.3131313131313131,0.7474747474747475,1.3131313131313131
2025-06-19,0.5000000000000001,0.9898989898989901,1.1515151515151514,1.272727272727273,1.46,1.414141414141414,1.393939393939394,1.474747474747475,1.272727272727273,0.6800000000000002,1.1800000000000002
2025-06-20,0.4,1.0707070707070707,1.2121212121212124,1.191919191919192,1.44,1.3333333333333335,1.3535353535353538,1.393939393939394,1.4141414141414144,0.6799999999999999,1.08
2025-06-23,0.38000000000000006,0.9292929292929295,1.2525252525252526,1.3131313131313131,1.4949494949494953,1.4949494949494948,1.5353535353535357,1.3737373737373737,1.191919191919192,0.6000000000000001,0.9800000000000002
2025-06-24,0.4848484848484849,0.9898989898989901,1.2525252525252526,1.3737373737373737,1.474747474747475,1.4747474747474747,1.4343434343434343,1.4545454545454546,1.373737373737374,0.7070707070707072,1.191919191919192
2025-06-25,0.4646464646464647,1.1111111111111112,1.4747474747474747,1.6161616161616164,1.4545454545454546,1.5959595959595962,1.6122448979591835,1.4545454545454546,1.393939393939394,0.6060606060606061,1.0707070707070707
2025-06-26,0.4242424242424243,1.0909090909090908,1.346938775510204,1.4747474747474747,1.4081632653061222,1.5151515151515151,1.4081632653061222,1.4343434343434343,1.2448979591836733,0.4848484848484849,0.9090909090909092
2025-06-27,0.4444444444444444,1.0909090909090908,1.2929292929292928,1.3737373737373737,1.292929292929293,1.1919191919191918,1.393939393939394,1.4343434343434343,1.3131313131313131,0.7070707070707071,1.1515151515151514
2025-06-30,0.5252525252525253,1.111111111111111,1.3737373737373737,1.1717171717171717,1.3333333333333333,1.4343434343434343,1.3535353535353536,1.414141414141414,1.2727272727272727,0.6060606060606062,1.1313131313131315
2025-07-01,0.4444444444444445,1.1313131313131313,1.3673469387755102,1.393939393939394,1.4897959183673468,1.4141414141414141,1.5757575757575757,1.4343434343434343,1.510204081632653,0.7070707070707072,1.1515151515151516
2025-07-02,0.5858585858585859,1.1717171717171717,1.3265306122448979,1.575757575757576,1.5757575757575757,1.494949494949495,1.5555555555555554,1.3131313131313131,1.3535353535353536,0.8080808080808082,1.393939393939394
2025-07-03,0.5252525252525253,1.090909090909091,1.2525252525252526,1.393939393939394,1.4545454545454546,1.5151515151515151,1.5353535353535352,1.4545454545454546,1.292929292929293,0.7474747474747474,1.2727272727272727
2025-07-04,0.6200000000000001,1.2121212121212124,1.4141414141414141,1.4343434343434343,1.5555555555555558,1.5555555555555558,1.5151515151515151,1.5555555555555558,1.191919191919192,0.66,1.2800000000000002
2025-07-07,0.3400000000000001,1.0505050505050506,1.393939393939394,1.4141414141414144,1.4343434343434347,1.474747474747475,1.5151515151515151,1.4545454545454548,1.2525252525252526,0.6400000000000001,0.9800000000000002
2025-07-08,0.44000000000000006,1.0303030303030305,1.2525252525252526,1.5151515151515154,1.393939393939394,1.4949494949494953,1.5555555555555558,1.3535353535353538,1.3131313131313134,0.6262626262626263,1.0662626262626262
2025-07-09,0.56,1.191919191919192,1.373737373737374,1.52,1.474747474747475,1.5151515151515151,1.56,1.373737373737374,1.2525252525252526,0.7000000000000001,1.2600000000000002
2025-07-10,0.5800000000000001,1.1717171717171717,1.2929292929292933,1.4400000000000002,1.3333333333333335,1.474747474747475,1.44,1.474747474747475,1.3535353535353536,0.74,1.32
2025-07-11,0.5800000000000001,1.1313131313131315,1.2525252525252526,1.272727272727273,1.5151515151515151,1.5555555555555556,1.6161616161616164,1.4141414141414144,1.2525252525252526,0.74,1.32
2025-07-14,0.4242424242424243,1.2323232323232325,1.3535353535353536,1.393939393939394,1.474747474747475,1.5151515151515151,1.4949494949494953,1.5353535353535355,1.3535353535353534,0.9090909090909092,1.3333333333333335
2025-07-15,0.4848484848484849,1.1515151515151516,1.4285714285714284,1.5151515151515151,1.333333333333333,1.4545454545454546,1.3333333333333335,1.4747474747474747,1.3535353535353534,0.8080808080808082,1.292929292929293
2025-07-16,0.6000000000000001,1.0303030303030303,1.4747474747474747,1.5353535353535355,1.46,1.6363636363636367,1.5151515151515151,1.474747474747475,1.4949494949494948,0.6800000000000002,1.2800000000000002
2025-07-17,0.6000000000000001,1.171717171717172,1.474747474747475,1.5151515151515154,1.4200000000000002,1.575757575757576,1.474747474747475,1.5151515151515154,1.3535353535353536,0.8,1.4000000000000001
2025-07-18,0.6060606060606061,1.3131313131313134,1.4141414141414141,1.2525252525252526,1.5151515151515154,1.393939393939394,1.5353535353535355,1.4343434343434343,1.3131313131313131,0.9494949494949496,1.5555555555555558
2025-07-21,0.4600000000000001,1.1313131313131315,1.3333333333333333,1.3131313131313131,1.42,1.4545454545454546,1.6363636363636367,1.4343434343434343,1.4141414141414144,0.8800000000000001,1.3400000000000003
2025-07-22,0.5599999999999999,1.1515151515151514,1.3535353535353534,1.3535353535353536,1.42,1.5757575757575757,1.5353535353535352,1.4343434343434343,1.393939393939394,0.8999999999999999,1.46
2025-07-23,0.46464646464646453,1.163265306122449,1.346938775510204,1.510204081632653,1.489795918367347,1.387755102040816,1.4081632653061225,1.3673469387755102,1.3469387755102042,0.8484848484848484,1.313131313131313
2025-07-24,0.46,1.1515151515151514,1.3535353535353534,1.2323232323232323,1.2929292929292928,1.2929292929292928,1.4545454545454546,1.3939393939393938,1.1717171717171717,0.7000000000000002,1.1600000000000001
2025-07-25,0.4800000000000001,1.1111111111111112,1.3535353535353534,1.4545454545454544,1.595959595959596,1.4949494949494948,1.4545454545454546,1.4545454545454546,1.3737373737373737,0.76,1.2400000000000002
2025-07-28,0.5800000000000001,1.2525252525252526,1.2727272727272727,1.4545454545454546,1.595959595959596,1.595959595959596,1.6363636363636362,1.5151515151515151,1.3535353535353536,0.7676767676767677,1.3476767676767678
2025-07-29,0.56,1.2121212121212122,1.3333333333333335,1.4949494949494953,1.6969696969696972,1.595959595959596,1.6161616161616164,1.393939393939394,1.292929292929293,0.6666666666666667,1.2266666666666668
2025-07-30,0.5454545454545455,1.2525252525252526,1.4343434343434343,1.494949494949495,1.5151515151515151,1.5757575757575757,1.5151515151515154,1.3737373737373737,1.2323232323232325,0.7272727272727273,1.272727272727273
2025-07-31,0.5050505050505051,1.1111111111111112,1.4545454545454544,1.4747474747474747,1.4141414141414144,1.5555555555555556,1.5151515151515151,1.5151515151515151,1.2121212121212124,0.6666666666666667,1.1717171717171717
2025-08-01,0.6262626262626263,1.1717171717171717,1.3737373737373737,1.489795918367347,1.4141414141414144,1.4343434343434343,1.5918367346938775,1.595959595959596,1.2727272727272727,0.7676767676767677,1.393939393939394
2025-08-04,0.6200000000000001,1.3535353535353534,1.414141414141414,1.4545454545454546,1.4343434343434345,1.5151515151515151,1.5151515151515151,1.414141414141414,1.212121212121212,0.7000000000000001,1.3200000000000003
2025-08-05,0.7000000000000002,1.2929292929292928,1.3535353535353536,1.3737373737373737,1.3535353535353534,1.3535353535353534,1.4949494949494948,1.5555555555555554,1.4141414141414141,0.7399999999999999,1.44
2025-08-06,0.4848484848484849,0.9591836734693877,1.2727272727272725,1.306122448979592,1.4545454545454546,1.4693877551020407,1.510204081632653,1.5353535353535355,1.4489795918367347,0.8686868686868685,1.3535353535353534
2025-08-07,0.5656565656565657,1.204081632653061,1.3131313131313131,1.474747474747475,1.474747474747475,1.4693877551020407,1.5151515151515151,1.5555555555555556,1.469387755102041,0.8686868686868687,1.4343434343434345
2025-08-08,0.5656565656565657,1.204081632653061,1.3673469387755102,1.474747474747475,1.5510204081632653,1.4897959183673468,1.6363636363636362,1.4489795918367347,1.2857142857142856,0.808080808080808,1.3737373737373737
2025-08-11,0.5252525252525253,1.1224489795918369,1.4693877551020407,1.5353535353535355,1.4693877551020407,1.510204081632653,1.5757575757575757,1.489795918367347,1.2653061224489797,0.7272727272727272,1.2525252525252526
2025-08-12,0.6262626262626264,1.3535353535353538,1.3673469387755102,1.494949494949495,1.5959595959595958,1.4285714285714284,1.595959595959596,1.4489795918367347,1.3333333333333333,0.7676767676767677,1.393939393939394
2025-08-13,0.6000000000000001,1.2525252525252526,1.3939393939393938,1.4141414141414144,1.6363636363636365,1.5151515151515151,1.4343434343434345,1.5353535353535352,1.2525252525252526,0.7676767676767677,1.3676767676767678
2025-08-14,0.6399999999999999,0.9696969696969697,1.2929292929292928,1.4545454545454546,1.5757575757575757,1.5353535353535355,1.4343434343434343,1.3737373737373737,1.393939393939394,0.7272727272727272,1.3672727272727272
2025-08-15,0.5599999999999999,1.0707070707070705,1.2929292929292928,1.4545454545454546,1.44,1.4343434343434343,1.5555555555555556,1.3737373737373737,1.272727272727273,0.7799999999999998,1.3399999999999999
2025-08-18,0.5999999999999999,1.2727272727272725,1.3535353535353536,1.3131313131313131,1.38,1.3333333333333333,1.4343434343434343,1.4545454545454544,1.3131313131313131,0.7799999999999999,1.38
2025-08-19,0.6326530612244898,1.1428571428571428,1.4285714285714284,1.4897959183673468,1.3877551020408163,1.4489795918367347,1.4489795918367347,1.489795918367347,1.346938775510204,0.6938775510204082,1.3265306122448979
2025-08-20,0.4848484848484847,1.163265306122449,1.2653061224489794,1.3535353535353534,1.3469387755102038,1.4489795918367347,1.333333333333333,1.3673469387755102,1.2448979591836735,0.606060606060606,1.0909090909090906
2025-08-21,0.5858585858585859,1.1428571428571428,1.3877551020408163,1.4747474747474747,1.3673469387755102,1.530612244897959,1.5555555555555556,1.4489795918367347,1.346938775510204,0.7474747474747474,1.3333333333333333
2025-08-22,0.36363636363636365,0.9696969696969697,1.040816326530612,1.3333333333333333,1.2448979591836735,1.5151515151515151,1.5918367346938775,1.3535353535353536,1.1428571428571428,0.5858585858585857,0.9494949494949494
2025-08-25,0.48484848484848475,0.9494949494949495,1.2244897959183674,1.4545454545454546,1.3673469387755102,1.2929292929292928,1.4693877551020407,1.414141414141414,1.2040816326530612,0.6666666666666665,1.1515151515151514
2025-08-26,0.46938775510204084,1.1428571428571428,1.2448979591836733,1.4489795918367347,1.4081632653061225,1.4285714285714284,1.4285714285714284,1.4897959183673468,1.306122448979592,0.6734693877551019,1.1428571428571428
2025-08-27,0.48484848484848475,1.0816326530612244,1.387755102040816,1.3877551020408163,1.4545454545454546,1.3673469387755102,1.306122448979592,1.2653061224489797,1.0408163265306123,0.6464646464646464,1.131313131313131
2025-08-28,0.5656565656565657,1.1313131313131313,1.3737373737373737,1.4489795918367347,1.4141414141414144,1.4949494949494948,1.551020408163265,1.3737373737373737,1.1515151515151514,0.6464646464646465,1.2121212121212124
2025-08-29,0.36363636363636365,1.0707070707070707,1.4343434343434343,1.3333333333333333,1.4343434343434347,1.414141414141414,1.4949494949494948,1.2727272727272725,1.2121212121212122,0.6666666666666667,1.0303030303030303
2025-09-01,0.44444444444444453,1.0303030303030303,1.4081632653061225,1.3131313131313131,1.393939393939394,1.6122448979591835,1.4141414141414141,1.3877551020408163,1.3737373737373737,0.7272727272727273,1.1717171717171717
2025-09-02,0.5050505050505049,0.9387755102040816,1.346938775510204,1.5510204081632653,1.6363636363636362,1.5714285714285714,1.4897959183673468,1.5510204081632653,1.4285714285714284,0.8484848484848484,1.3535353535353534
2025-09-03,0.4040404040404039,0.9795918367346939,1.3673469387755102,1.5555555555555554,1.510204081632653,1.4693877551020407,1.3535353535353536,1.4285714285714286,1.3061224489795917,0.7070707070707071,1.111111111111111
2025-09-04,0.46464646464646464,1.1428571428571428,1.2727272727272725,1.4343434343434343,1.414141414141414,1.2448979591836735,1.3535353535353534,1.313131313131313,1.183673469387755,0.6060606060606062,1.070707070707071
2025-09-05,0.3434343434343434,0.8571428571428572,1.1313131313131315,1.2653061224489797,1.474747474747475,1.4693877551020407,1.3265306122448979,1.4545454545454546,1.2040816326530612,0.7474747474747474,1.0909090909090908
2025-09-08,0.3434343434343433,0.9795918367346939,1.3131313131313131,1.2244897959183674,1.414141414141414,1.5306122448979593,1.3265306122448979,1.3939393939393938,1.183673469387755,0.707070707070707,1.0505050505050502
2025-09-09,0.404040404040404,0.9795918367346939,1.1020408163265305,1.414141414141414,1.4489795918367345,1.4489795918367347,1.4141414141414141,1.3265306122448979,1.306122448979592,0.707070707070707,1.111111111111111
2025-09-10,0.3636363636363637,0.9494949494949494,1.1313131313131313,1.292929292929293,1.414141414141414,1.489795918367347,1.5151515151515151,1.4343434343434345,1.3939393939393938,0.6666666666666667,1.0303030303030305
2025-09-11,0.38383838383838387,0.8686868686868687,1.1717171717171717,1.4141414141414141,1.4545454545454546,1.4545454545454544,1.5959595959595958,1.5353535353535355,1.3131313131313134,0.6868686868686869,1.0707070707070707
2025-09-12,0.404040404040404,1.0707070707070705,1.2121212121212122,1.3877551020408165,1.4949494949494948,1.595959595959596,1.489795918367347,1.4141414141414141,1.3131313131313131,0.6464646464646464,1.0505050505050504
2025-09-15,0.4285714285714285,0.9387755102040816,1.1134020618556701,1.2857142857142856,1.4639175257731958,1.4897959183673468,1.4226804123711339,1.3469387755102042,1.3402061855670104,0.673469387755102,1.1020408163265305
2025-09-16,0.4444444444444443,0.9898989898989898,1.3535353535353534,1.2929292929292928,1.5757575757575757,1.4693877551020407,1.4545454545454546,1.2727272727272725,1.393939393939394,0.8686868686868686,1.313131313131313
2025-09-17,0.4444444444444445,1.0505050505050504,1.3737373737373737,1.3737373737373737,1.3737373737373737,1.4897959183673468,1.4747474747474747,1.5555555555555556,1.3939393939393938,0.7878787878787881,1.2323232323232325
2025-09-18,0.38383838383838387,0.8775510204081632,0.9795918367346939,1.306122448979592,1.387755102040816,1.4489795918367345,1.4489795918367347,1.4489795918367345,1.2653061224489794,0.6868686868686867,1.0707070707070705
2025-09-19,0.44444444444444453,1.0909090909090908,1.1919191919191918,1.2525252525252524,1.4141414141414141,1.4897959183673468,1.2929292929292928,1.4545454545454544,1.3131313131313131,0.707070707070707,1.1515151515151514
2025-09-22,0.4646464646464645,1.131313131313131,1.2525252525252524,1.3535353535353534,1.4545454545454546,1.5510204081632653,1.5757575757575757,1.3939393939393938,1.2525252525252526,0.7474747474747474,1.212121212121212
2025-09-23,0.4489795918367347,1.020408163265306,1.2448979591836733,1.3877551020408163,1.3673469387755102,1.387755102040816,1.3877551020408163,1.4489795918367347,1.3877551020408165,0.7551020408163265,1.2040816326530612
2025-09-24,0.4646464646464645,0.9696969696969696,1.2653061224489797,1.4141414141414141,1.414141414141414,1.5714285714285712,1.5353535353535352,1.4693877551020407,1.3333333333333333,0.8484848484848484,1.313131313131313
2025-09-25,0.46464646464646464,1.0909090909090908,1.3131313131313131,1.3737373737373737,1.5555555555555558,1.6363636363636367,1.393939393939394,1.494949494949495,1.292929292929293,0.7474747474747474,1.212121212121212
2025-09-26,0.44444444444444453,1.1111111111111112,1.272727272727273,1.3131313131313131,1.4545454545454546,1.5353535353535355,1.5555555555555554,1.4141414141414144,1.2323232323232325,0.8080808080808082,1.2525252525252526
2025-09-29,0.46464646464646464,0.9494949494949497,1.2323232323232323,1.3737373737373737,1.494949494949495,1.5151515151515154,1.616161616161616,1.494949494949495,1.3131313131313131,0.6666666666666667,1.1313131313131315
2025-09-30,0.38383838383838387,0.9292929292929293,1.204081632653061,1.3535353535353534,1.4141414141414141,1.4141414141414141,1.3265306122448979,1.4343434343434343,1.2857142857142858,0.6868686868686869,1.0707070707070707
2025-10-09,0.4040404040404041,1.0612244897959184,1.3265306122448979,1.3469387755102038,1.5353535353535352,1.4489795918367345,1.3673469387755102,1.4285714285714284,1.2653061224489794,0.7676767676767675,1.1717171717171717
2025-10-10,1.535353535353535,1.7755102040816326,1.7142857142857144,1.7755102040816326,1.6326530612244898,1.7551020408163265,1.714285714285714,1.693877551020408,1.6326530612244898,1.489795918367347,3.025149453720882
2025-10-13,0.653061224489796,1.25,1.5918367346938775,1.4166666666666665,1.673469387755102,1.6249999999999998,1.2916666666666665,1.510204081632653,1.125,0.6938775510204082,1.3469387755102042
2025-10-14,0.7346938775510204,1.183673469387755,1.5510204081632653,1.4285714285714286,1.5510204081632653,1.510204081632653,1.5833333333333333,1.6734693877551021,1.1249999999999998,0.8163265306122449,1.5510204081632653
2025-10-15,0.5714285714285714,1.1020408163265307,1.2653061224489797,1.4285714285714284,1.3877551020408163,1.346938775510204,1.458333333333333,1.510204081632653,1.2244897959183674,0.6530612244897959,1.2244897959183674
2025-10-16,0.40816326530612246,0.9795918367346939,1.2244897959183672,1.4583333333333333,1.510204081632653,1.6326530612244896,1.4166666666666665,1.5918367346938775,1.3061224489795917,0.5306122448979591,0.9387755102040816
2025-10-17,0.32653061224489793,0.979591836734694,1.3061224489795917,1.387755102040816,1.3877551020408163,1.346938775510204,1.6249999999999998,1.5510204081632653,1.1666666666666665,0.6530612244897959,0.9795918367346939
2025-10-20,0.40816326530612246,1.1836734693877549,1.469387755102041,1.5510204081632653,1.5510204081632653,1.5102040816326527,1.5416666666666665,1.510204081632653,1.25,0.44897959183673464,0.8571428571428571
2025-10-21,0.4489795918367347,1.1020408163265305,1.3061224489795917,1.4285714285714286,1.469387755102041,1.6326530612244898,1.3749999999999998,1.2653061224489797,1.25,0.5306122448979592,0.9795918367346939
2025-10-22,0.6122448979591836,1.183673469387755,1.183673469387755,1.4693877551020407,1.4285714285714286,1.3877551020408163,1.4999999999999998,1.4285714285714284,1.1020408163265305,0.7346938775510203,1.3469387755102038
2025-10-23,0.44897959183673475,1.0612244897959182,1.387755102040816,1.4693877551020407,1.5918367346938775,1.5510204081632653,1.4285714285714284,1.4285714285714284,1.0612244897959182,0.5306122448979591,0.9795918367346939
2025-10-24,0.4489795918367347,1.1428571428571428,1.4285714285714286,1.510204081632653,1.6326530612244898,1.5510204081632653,1.4285714285714286,1.4285714285714284,1.1428571428571428,0.4489795918367347,0.8979591836734694
2025-10-27,0.5714285714285714,1.208333333333333,1.3749999999999998,1.6326530612244896,1.7083333333333333,1.625,1.510204081632653,1.3333333333333333,1.1666666666666665,0.6122448979591837,1.183673469387755
2025-10-28,0.5714285714285714,1.0833333333333333,1.5,1.4285714285714286,1.5510204081632653,1.6666666666666665,1.4693877551020407,1.4583333333333333,1.1249999999999998,0.5714285714285714,1.1428571428571428
2025-10-29,0.5306122448979592,1.2244897959183672,1.4693877551020407,1.3333333333333333,1.5918367346938775,1.3877551020408163,1.4583333333333333,1.6326530612244898,1.3061224489795917,0.7346938775510203,1.2653061224489797
2025-10-30,0.6122448979591836,1.2244897959183672,1.4285714285714284,1.5,1.510204081632653,1.6326530612244896,1.5416666666666665,1.5510204081632653,1.2244897959183672,0.7755102040816326,1.387755102040816
2025-10-31,0.5714285714285714,1.0416666666666665,1.2653061224489797,1.2916666666666667,1.5102040816326532,1.583333333333333,1.5833333333333333,1.3469387755102038,1.2916666666666665,0.6122448979591837,1.183673469387755
2025-11-03,0.6938775510204082,1.183673469387755,1.4693877551020407,1.3877551020408163,1.4285714285714286,1.5833333333333333,1.4693877551020407,1.6734693877551021,1.4285714285714284,0.8571428571428572,1.5510204081632653
2025-11-04,0.5306122448979591,1.0612244897959184,1.4166666666666665,1.346938775510204,1.510204081632653,1.6666666666666665,1.510204081632653,1.5833333333333333,1.3877551020408163,0.7755102040816326,1.3061224489795917
2025-11-05,0.40816326530612246,1.0612244897959182,1.3877551020408163,1.5416666666666663,1.4285714285714284,1.3877551020408163,1.2916666666666665,1.4285714285714286,1.2653061224489797,0.7755102040816326,1.183673469387755
2025-11-06,0.3673469387755102,1.0612244897959182,1.2244897959183674,1.5416666666666667,1.510204081632653,1.5918367346938775,1.5416666666666667,1.346938775510204,1.1428571428571428,0.7346938775510204,1.1020408163265307
2025-11-07,1.5555555555555556,1.7373737373737375,1.7346938775510203,1.5353535353535352,1.696969696969697,1.7959183673469385,1.7171717171717171,1.714285714285714,1.6161616161616161,1.2525252525252524,2.808080808080808
2025-11-10,0.3434343434343434,0.9494949494949496,1.1428571428571428,1.2525252525252526,1.2121212121212122,1.346938775510204,1.575757575757576,1.204081632653061,1.272727272727273,0.6262626262626264,0.9696969696969698
2025-11-11,0.36363636363636365,1.1313131313131315,1.2323232323232323,1.1919191919191918,1.4545454545454546,1.414141414141414,1.4949494949494948,1.2929292929292928,1.272727272727273,0.7474747474747475,1.1111111111111112
2025-11-12,0.3636363636363637,0.9696969696969696,1.2525252525252524,1.272727272727273,1.414141414141414,1.4545454545454544,1.494949494949495,1.414141414141414,1.1717171717171717,0.5858585858585859,0.9494949494949496
2025-11-13,0.24242424242424243,0.8888888888888887,1.3131313131313131,1.292929292929293,1.393939393939394,1.3265306122448979,1.4141414141414141,1.272727272727273,1.131313131313131,0.7272727272727274,0.9696969696969698
2025-11-14,0.3434343434343434,0.9696969696969697,1.2727272727272727,1.3939393939393936,1.474747474747475,1.3673469387755102,1.3535353535353534,1.3535353535353534,1.2323232323232323,0.5858585858585859,0.9292929292929293
2025-11-17,0.2828282828282829,0.9898989898989897,1.2727272727272727,1.313131313131313,1.4949494949494953,1.3265306122448979,1.4343434343434343,1.4545454545454546,1.2323232323232323,0.5858585858585859,0.8686868686868687
2025-11-18,0.4040404040404041,1.0505050505050506,1.0909090909090908,1.373737373737374,1.393939393939394,1.3737373737373737,1.4949494949494948,1.4343434343434347,1.131313131313131,0.6464646464646466,1.0505050505050506
2025-11-19,0.4000000000000001,0.9696969696969698,1.2929292929292928,1.5555555555555558,1.494949494949495,1.4545454545454546,1.393939393939394,1.4141414141414141,1.1515151515151514,0.6262626262626263,1.0262626262626264
2025-11-20,0.36000000000000004,0.9494949494949497,1.171717171717172,1.4545454545454548,1.4141414141414144,1.5151515151515151,1.474747474747475,1.4343434343434345,1.1717171717171717,0.5858585858585859,0.945858585858586
2025-11-21,0.3400000000000001,0.8686868686868687,1.2121212121212124,1.4141414141414144,1.3333333333333335,1.333333333333333,1.5151515151515154,1.2525252525252528,1.2525252525252526,0.5858585858585859,0.9258585858585859
2025-11-24,0.3999999999999999,0.7474747474747474,1.1111111111111112,1.2727272727272727,1.3535353535353536,1.4949494949494948,1.4545454545454546,1.4343434343434343,1.1313131313131313,0.6262626262626261,1.026262626262626
2025-11-25,0.4040404040404039,0.8163265306122448,1.3673469387755102,1.4343434343434343,1.510204081632653,1.6122448979591837,1.393939393939394,1.4081632653061225,1.2448979591836733,0.6666666666666665,1.0707070707070705
2025-11-26,0.36363636363636365,0.857142857142857,1.1111111111111112,1.4545454545454546,1.5555555555555554,1.5510204081632653,1.3737373737373737,1.3535353535353536,1.1632653061224487,0.6262626262626263,0.98989898989899
2025-11-27,0.2828282828282829,0.7959183673469388,1.1313131313131313,1.2323232323232323,1.3535353535353534,1.4693877551020407,1.474747474747475,1.3333333333333333,1.3265306122448979,0.7676767676767677,1.0505050505050506
2025-11-28,0.38383838383838387,0.9292929292929292,1.2929292929292928,1.4949494949494953,1.3737373737373737,1.4489795918367347,1.5151515151515151,1.3535353535353534,1.2525252525252524,0.7070707070707072,1.090909090909091
2025-12-01,0.3030303030303031,0.8282828282828284,1.4141414141414144,1.3131313131313131,1.4949494949494948,1.4545454545454546,1.5353535353535355,1.3737373737373741,1.292929292929293,0.7878787878787881,1.0909090909090913
2025-12-02,0.4242424242424243,1.0101010101010102,1.3535353535353536,1.3939393939393938,1.5757575757575757,1.474747474747475,1.387755102040816,1.4343434343434345,1.393939393939394,0.7474747474747476,1.171717171717172
2025-12-03,0.4600000000000001,0.9090909090909091,1.0707070707070707,1.3535353535353538,1.3333333333333335,1.4949494949494953,1.5151515151515151,1.474747474747475,1.2929292929292928,0.68,1.1400000000000001
2025-12-04,0.4,0.8888888888888891,1.3131313131313131,1.3535353535353536,1.5555555555555558,1.4949494949494953,1.474747474747475,1.474747474747475,1.2525252525252526,0.7000000000000001,1.1
2025-12-05,0.42000000000000004,0.9494949494949496,1.2121212121212124,1.2727272727272725,1.272727272727273,1.393939393939394,1.4141414141414141,1.3535353535353538,1.3535353535353536,0.7474747474747475,1.1674747474747476
2025-12-08,0.4242424242424243,0.9292929292929292,1.2323232323232325,1.4693877551020407,1.5151515151515151,1.6565656565656566,1.387755102040816,1.4545454545454546,1.3131313131313131,0.7676767676767677,1.191919191919192
2025-12-09,0.5050505050505051,1.0612244897959182,1.4343434343434343,1.494949494949495,1.4343434343434343,1.3061224489795917,1.4141414141414141,1.4343434343434343,1.1224489795918369,0.6262626262626263,1.1313131313131315
2025-12-10,0.38383838383838387,1.0707070707070707,1.2929292929292928,1.4141414141414141,1.5151515151515151,1.4343434343434343,1.3737373737373737,1.3333333333333335,1.1717171717171717,0.6060606060606062,0.9898989898989901
2025-12-11,0.3434343434343434,1.0505050505050506,1.2929292929292928,1.3737373737373737,1.4545454545454546,1.494949494949495,1.3939393939393943,1.3333333333333333,1.2121212121212124,0.5858585858585859,0.9292929292929293
2025-12-12,0.42000000000000004,0.9696969696969696,1.2525252525252526,1.272727272727273,1.474747474747475,1.393939393939394,1.3333333333333335,1.3131313131313131,1.2323232323232325,0.6060606060606061,1.0260606060606061
2025-12-15,0.36000000000000004,0.9292929292929293,1.2525252525252526,1.393939393939394,1.393939393939394,1.3737373737373737,1.4545454545454546,1.3737373737373737,1.3333333333333335,0.6666666666666667,1.0266666666666668
2025-12-16,0.6868686868686867,1.1428571428571428,1.4693877551020407,1.4489795918367345,1.5555555555555554,1.530612244897959,1.3877551020408165,1.4285714285714284,1.510204081632653,1.0707070707070705,1.7575757575757573
2025-12-17,0.4799999999999999,1.1111111111111112,1.3535353535353536,1.3333333333333333,1.4,1.5555555555555554,1.414141414141414,1.3737373737373737,1.2525252525252524,0.8,1.28
2025-12-18,0.5000000000000001,1.0707070707070707,1.3535353535353536,1.373737373737374,1.4600000000000002,1.595959595959596,1.393939393939394,1.393939393939394,1.2323232323232325,0.62,1.12
2025-12-19,0.3838383838383838,0.9898989898989901,1.1515151515151516,1.373737373737374,1.191919191919192,1.3333333333333335,1.2929292929292928,1.2929292929292933,1.1111111111111112,0.6464646464646465,1.0303030303030303
2025-12-22,0.38383838383838387,1.1313131313131315,1.3737373737373737,1.313131313131313,1.393939393939394,1.474747474747475,1.3737373737373737,1.292929292929293,1.2121212121212122,0.6666666666666667,1.0505050505050506
2025-12-23,0.4848484848484849,1.0707070707070707,1.2929292929292928,1.4081632653061225,1.3131313131313131,1.3535353535353534,1.2653061224489797,1.1515151515151514,1.1919191919191918,0.5252525252525253,1.0101010101010102
2025-12-24,0.4242424242424243,1.0816326530612244,1.1515151515151514,1.387755102040816,1.474747474747475,1.4285714285714284,1.4285714285714284,1.2323232323232323,1.4285714285714286,0.7474747474747476,1.171717171717172
2025-12-25,0.505050505050505,1.2244897959183674,1.2727272727272725,1.4693877551020407,1.4343434343434343,1.530612244897959,1.4081632653061225,1.4545454545454546,1.3061224489795917,0.7474747474747474,1.2525252525252524
2025-12-26,0.505050505050505,1.1313131313131313,1.3673469387755102,1.4343434343434343,1.595959595959596,1.489795918367347,1.4545454545454546,1.3673469387755102,1.2727272727272727,0.7474747474747474,1.2525252525252524
2025-12-29,0.505050505050505,1.1313131313131313,1.2857142857142856,1.3939393939393938,1.4747474747474747,1.4693877551020407,1.393939393939394,1.4285714285714286,1.1717171717171717,0.6666666666666665,1.1717171717171715
2025-12-30,0.505050505050505,1.0816326530612246,1.3061224489795917,1.3673469387755102,1.4489795918367347,1.5510204081632653,1.3673469387755102,1.387755102040816,1.2857142857142856,0.7755102040816326,1.2805607091321376
2025-12-31,0.4444444444444445,1.0505050505050506,1.2653061224489797,1.3131313131313131,1.2040816326530612,1.4343434343434343,1.387755102040816,1.3131313131313131,1.2653061224489797,0.6262626262626261,1.0707070707070705
2026-01-05,0.4646464646464647,1.131313131313131,1.2448979591836733,1.2121212121212124,1.346938775510204,1.2121212121212122,1.414141414141414,1.292929292929293,1.1632653061224492,0.6060606060606062,1.070707070707071
2026-01-06,0.5252525252525251,1.1020408163265305,1.3673469387755102,1.494949494949495,1.4897959183673468,1.6122448979591835,1.4343434343434343,1.530612244897959,1.306122448979592,0.707070707070707,1.232323232323232
2026-01-07,0.4897959183673469,1.2164948453608246,1.463917525773196,1.2371134020618557,1.5051546391752577,1.6082474226804124,1.3608247422680413,1.422680412371134,1.3402061855670104,0.7835051546391754,1.2733010730065222
2026-01-08,0.5510204081632653,0.9591836734693877,1.2857142857142858,1.443298969072165,1.346938775510204,1.4285714285714286,1.5051546391752577,1.3877551020408163,1.2448979591836733,0.6326530612244898,1.183673469387755
2026-01-09,0.510204081632653,0.9795918367346939,1.0204081632653061,1.469387755102041,1.4285714285714284,1.4285714285714284,1.4489795918367347,1.4285714285714284,1.2448979591836735,0.6938775510204082,1.204081632653061
2026-01-12,0.4693877551020408,1.0,1.2244897959183674,1.2448979591836735,1.306122448979592,1.2857142857142856,1.3877551020408163,1.346938775510204,1.2857142857142856,0.6326530612244898,1.1020408163265305
2026-01-13,0.4285714285714286,0.9690721649484536,1.2783505154639174,1.3195876288659794,1.4639175257731958,1.5051546391752577,1.4226804123711339,1.3608247422680413,1.134020618556701,0.6734693877551021,1.1020408163265307
2026-01-14,0.3877551020408164,0.9690721649484536,1.1752577319587627,1.3814432989690721,1.402061855670103,1.3814432989690721,1.402061855670103,1.5257731958762888,1.2577319587628866,0.6938775510204082,1.0816326530612246
2026-01-15,0.40816326530612246,1.134020618556701,1.2448979591836735,1.2783505154639174,1.306122448979592,1.4226804123711339,1.2577319587628866,1.2653061224489797,1.0721649484536082,0.5918367346938775,1.0
2026-01-16,0.5306122448979591,1.020408163265306,1.346938775510204,1.4285714285714286,1.387755102040816,1.3877551020408165,1.4226804123711339,1.3877551020408163,1.3608247422680413,0.7959183673469388,1.3265306122448979
2026-01-19,0.6734693877551019,1.2448979591836735,1.3402061855670102,1.3877551020408163,1.5257731958762886,1.489795918367347,1.6288659793814433,1.3061224489795917,1.1958762886597936,0.673469387755102,1.3469387755102038
2026-01-20,0.5714285714285714,1.1546391752577319,1.3402061855670104,1.5051546391752577,1.5463917525773194,1.4845360824742269,1.5257731958762886,1.4432989690721651,1.2989690721649483,0.6938775510204082,1.2653061224489797
2026-01-21,0.6326530612244898,1.1224489795918369,1.387755102040816,1.5051546391752577,1.4489795918367347,1.6734693877551021,1.5257731958762886,1.4285714285714284,1.3061224489795917,0.7346938775510203,1.3673469387755102
2026-01-22,0.5918367346938775,1.2244897959183674,1.3061224489795917,1.4845360824742269,1.4693877551020407,1.489795918367347,1.4432989690721647,1.4693877551020407,1.2040816326530612,0.6326530612244898,1.2244897959183674
2026-01-23,0.6122448979591837,1.2244897959183674,1.3265306122448979,1.5257731958762886,1.489795918367347,1.489795918367347,1.5670103092783505,1.3877551020408163,1.2653061224489797,0.510204081632653,1.1224489795918366
2026-01-26,0.6326530612244898,1.0816326530612246,1.4081632653061225,1.402061855670103,1.489795918367347,1.4693877551020407,1.6494845360824741,1.4897959183673468,1.2040816326530612,0.6122448979591837,1.2448979591836735
2026-01-27,0.5102040816326531,1.134020618556701,1.175257731958763,1.5257731958762886,1.5714285714285714,1.4845360824742269,1.4432989690721647,1.4639175257731956,1.072164948453608,0.5918367346938775,1.1020408163265305
2026-01-28,0.5252525252525252,1.1632653061224492,1.2727272727272725,1.4081632653061225,1.4141414141414141,1.4897959183673468,1.4285714285714286,1.393939393939394,1.3265306122448979,0.7676767676767677,1.2929292929292928
2026-01-29,0.44444444444444436,1.0612244897959182,1.1919191919191918,1.4081632653061225,1.4141414141414141,1.6122448979591837,1.4285714285714286,1.4141414141414144,1.3877551020408163,0.7878787878787878,1.2323232323232323
2026-01-30,0.4742268041237113,1.0103092783505154,1.2164948453608249,1.5463917525773196,1.443298969072165,1.3958333333333333,1.3402061855670102,1.2371134020618557,1.1958762886597938,0.6804123711340206,1.1546391752577319
2026-02-02,0.3673469387755102,0.8453608247422679,1.2577319587628866,1.422680412371134,1.5051546391752577,1.5876288659793814,1.3814432989690721,1.402061855670103,1.2783505154639174,0.7142857142857142,1.0816326530612244
2026-02-03,0.3469387755102041,0.8041237113402062,1.1546391752577319,1.5051546391752577,1.443298969072165,1.2783505154639174,1.5670103092783503,1.4639175257731958,1.2577319587628866,0.6122448979591837,0.9591836734693877
2026-02-04,0.46938775510204084,1.0612244897959182,1.3608247422680413,1.3265306122448979,1.5510204081632653,1.3608247422680413,1.5918367346938775,1.3814432989690721,1.3469387755102042,0.6938775510204083,1.1632653061224492
2026-02-05,0.38775510204081637,0.9795918367346939,1.2577319587628866,1.346938775510204,1.4897959183673468,1.670103092783505,1.4693877551020407,1.6288659793814433,1.3673469387755102,0.8571428571428571,1.2448979591836735
2026-02-06,0.3434343434343433,0.9999999999999999,1.2244897959183674,1.3061224489795917,1.4489795918367347,1.4897959183673468,1.4285714285714284,1.469387755102041,1.3265306122448979,0.9292929292929293,1.2727272727272725
2026-02-09,0.3232323232323233,1.020408163265306,1.2857142857142856,1.4489795918367347,1.489795918367347,1.4285714285714284,1.4693877551020407,1.510204081632653,1.3673469387755102,0.707070707070707,1.0303030303030303
2026-02-10,0.42424242424242414,1.1020408163265305,1.163265306122449,1.4693877551020407,1.510204081632653,1.4693877551020407,1.4489795918367347,1.5510204081632653,1.3469387755102038,0.8163265306122449,1.240568954854669
2026-02-11,0.4040404040404039,1.0408163265306123,1.4285714285714284,1.346938775510204,1.510204081632653,1.6734693877551021,1.4693877551020407,1.6326530612244898,1.306122448979592,0.8163265306122448,1.2203669346526487
2026-02-12,0.4444444444444445,0.9795918367346939,1.3265306122448979,1.3737373737373737,1.4693877551020407,1.4489795918367345,1.3737373737373737,1.510204081632653,1.4489795918367345,0.808080808080808,1.2525252525252524
2026-02-13,0.5252525252525251,0.9387755102040816,1.183673469387755,1.5353535353535352,1.4285714285714284,1.5306122448979593,1.5151515151515151,1.5510204081632653,1.346938775510204,0.7676767676767675,1.2929292929292926
2026-02-24,0.4646464646464646,1.0707070707070705,1.272727272727273,1.4141414141414141,1.3737373737373737,1.5918367346938775,1.5959595959595958,1.474747474747475,1.3939393939393938,0.6868686868686869,1.1515151515151514
2026-02-25,0.4646464646464646,1.0303030303030303,1.2929292929292928,1.4343434343434345,1.4949494949494948,1.5306122448979593,1.5353535353535355,1.4949494949494948,1.4343434343434343,0.8080808080808081,1.2727272727272727
2026-02-26,0.489795918367347,1.175257731958763,1.0927835051546393,1.5051546391752577,1.5510204081632653,1.6701030927835052,1.5670103092783505,1.4226804123711339,1.5670103092783503,0.7959183673469388,1.2857142857142858
2026-02-27,0.5252525252525252,1.1020408163265305,1.2244897959183674,1.3877551020408165,1.7142857142857142,1.5102040816326532,1.489795918367347,1.3877551020408163,1.2244897959183674,0.6666666666666665,1.1919191919191916
2026-03-02,0.46464646464646453,1.020408163265306,1.2448979591836733,1.4897959183673468,1.510204081632653,1.5918367346938775,1.5306122448979593,1.510204081632653,1.489795918367347,0.9494949494949494,1.414141414141414
2026-03-03,0.46464646464646453,1.0408163265306123,1.510204081632653,1.489795918367347,1.5714285714285716,1.5510204081632653,1.4897959183673468,1.5306122448979593,1.3877551020408163,0.7142857142857142,1.1789321789321787
2026-03-04,0.38383838383838376,0.9795918367346939,1.2653061224489797,1.3673469387755102,1.4081632653061222,1.5714285714285712,1.4081632653061225,1.4081632653061222,1.4081632653061225,0.693877551020408,1.0777159348587917
2026-03-05,0.4444444444444443,0.9183673469387756,1.2323232323232323,1.3469387755102038,1.4343434343434345,1.4285714285714286,1.4897959183673468,1.292929292929293,1.0816326530612246,0.6666666666666665,1.1111111111111107
2026-03-06,0.4646464646464647,0.9090909090909091,1.1111111111111112,1.4747474747474747,1.5353535353535352,1.535353535353535,1.4897959183673468,1.3535353535353538,1.2244897959183674,0.8484848484848486,1.3131313131313134
2026-03-09,0.3434343434343435,0.9696969696969697,1.2244897959183674,1.474747474747475,1.4949494949494948,1.3939393939393938,1.4285714285714284,1.5151515151515151,1.2244897959183674,0.8282828282828284,1.171717171717172
2026-03-10,0.38383838383838387,1.0909090909090908,1.191919191919192,1.2448979591836733,1.171717171717172,1.2929292929292928,1.489795918367347,1.3535353535353534,1.3131313131313131,0.8080808080808081,1.191919191919192
2026-03-11,0.46464646464646464,1.0303030303030303,1.2121212121212124,1.387755102040816,1.393939393939394,1.393939393939394,1.4897959183673468,1.393939393939394,1.191919191919192,0.6666666666666667,1.1313131313131315
2026-03-12,0.4040404040404041,1.0303030303030303,1.3333333333333333,1.4141414141414144,1.4141414141414141,1.3265306122448979,1.474747474747475,1.4949494949494948,1.2323232323232323,0.6262626262626263,1.0303030303030303
2026-03-13,0.42424242424242425,1.01010101010101,1.3673469387755102,1.3333333333333335,1.474747474747475,1.5510204081632653,1.373737373737374,1.4489795918367347,1.2727272727272725,0.7272727272727273,1.1515151515151516
2026-03-16,0.4040404040404041,1.0505050505050504,1.2448979591836733,1.191919191919192,1.2857142857142856,1.4747474747474747,1.3737373737373737,1.4343434343434343,1.2244897959183674,0.7272727272727274,1.1313131313131315
2026-03-17,0.36363636363636365,0.9696969696969697,1.111111111111111,1.4141414141414144,1.3333333333333333,1.373737373737374,1.4343434343434343,1.5353535353535355,1.3131313131313131,0.7474747474747476,1.1111111111111112
2026-03-18,0.32000000000000006,0.9696969696969698,1.292929292929293,1.373737373737374,1.494949494949495,1.373737373737374,1.474747474747475,1.4545454545454546,1.3535353535353538,0.686868686868687,1.0068686868686871
2026-03-19,0.30000000000000004,0.8282828282828283,1.1515151515151516,1.3333333333333335,1.4949494949494953,1.5151515151515154,1.5555555555555558,1.3333333333333335,1.292929292929293,0.78,1.08
2026-03-20,0.28,0.8686868686868687,1.32,1.474747474747475,1.5600000000000003,1.595959595959596,1.373737373737374,1.3200000000000003,1.191919191919192,0.76,1.04
2026-03-23,0.38,0.8282828282828284,1.1600000000000001,1.373737373737374,1.52,1.5353535353535355,1.595959595959596,1.36,1.3535353535353536,0.7,1.08
2026-03-24,0.4200000000000001,1.01010101010101,1.191919191919192,1.3131313131313131,1.4141414141414144,1.5151515151515151,1.595959595959596,1.272727272727273,1.2323232323232323,0.6200000000000001,1.0400000000000003
2026-03-25,0.3232323232323231,0.8367346938775511,1.1717171717171717,1.4285714285714284,1.3535353535353534,1.4489795918367345,1.4897959183673468,1.393939393939394,1.204081632653061,0.5858585858585856,0.9090909090909087
2026-03-26,0.3434343434343433,0.8571428571428572,1.1515151515151516,1.4081632653061225,1.5555555555555556,1.5306122448979593,1.6326530612244898,1.393939393939394,1.2448979591836735,0.707070707070707,1.0505050505050502
2026-03-27,0.4040404040404041,0.9292929292929293,1.373737373737374,1.2653061224489794,1.393939393939394,1.5353535353535355,1.4693877551020407,1.393939393939394,1.212121212121212,0.6666666666666667,1.070707070707071
2026-03-30,0.36363636363636365,0.8686868686868688,1.212121212121212,1.3535353535353534,1.4545454545454544,1.474747474747475,1.510204081632653,1.4343434343434345,1.3131313131313131,0.7272727272727273,1.0909090909090908
2026-03-31,0.2828282828282828,0.7878787878787878,1.3333333333333333,1.4747474747474747,1.676767676767677,1.4545454545454544,1.3061224489795917,1.4949494949494953,1.3061224489795917,0.6464646464646464,0.9292929292929293
2026-04-01,0.26262626262626265,0.7676767676767675,1.2323232323232325,1.4081632653061225,1.474747474747475,1.4949494949494948,1.4285714285714286,1.5555555555555558,1.2323232323232323,0.787878787878788,1.0505050505050506
2026-04-02,0.44000000000000006,0.9494949494949495,1.1717171717171717,1.3939393939393938,1.3737373737373737,1.474747474747475,1.393939393939394,1.292929292929293,1.2323232323232325,0.7070707070707072,1.1470707070707071
2026-04-03,0.3600000000000001,0.7676767676767677,1.191919191919192,1.4343434343434343,1.4545454545454546,1.5959595959595962,1.3535353535353536,1.595959595959596,1.3131313131313131,0.7676767676767677,1.1276767676767678
2026-04-07,0.4040404040404041,0.8282828282828284,1.1717171717171717,1.4343434343434345,1.494949494949495,1.5353535353535355,1.414141414141414,1.474747474747475,1.2323232323232323,0.7474747474747475,1.1515151515151516
2026-04-08,0.46464646464646453,1.0707070707070707,1.3673469387755102,1.4141414141414141,1.4897959183673468,1.676767676767677,1.5918367346938775,1.4545454545454546,1.306122448979592,0.6666666666666665,1.131313131313131
2026-04-09,0.5510204081632653,1.183673469387755,1.3402061855670104,1.346938775510204,1.6530612244897958,1.6082474226804124,1.4285714285714286,1.5051546391752577,1.2653061224489797,0.7755102040816327,1.3265306122448979
2026-04-10,0.44444444444444436,0.9591836734693876,1.2323232323232323,1.4285714285714284,1.4545454545454546,1.4081632653061225,1.4897959183673468,1.4545454545454544,1.1428571428571428,0.707070707070707,1.1515151515151514
2026-04-13,0.4444444444444445,1.0909090909090908,1.2525252525252524,1.3939393939393938,1.2929292929292928,1.4545454545454546,1.530612244897959,1.6161616161616164,1.387755102040816,0.6868686868686869,1.1313131313131313
2026-04-14,0.48484848484848486,1.01010101010101,1.1717171717171717,1.3737373737373737,1.4343434343434343,1.5555555555555554,1.5714285714285712,1.474747474747475,1.2653061224489797,0.7272727272727274,1.2121212121212124
2026-04-15,0.46464646464646475,0.9591836734693877,1.2929292929292928,1.3737373737373737,1.4747474747474747,1.510204081632653,1.474747474747475,1.4545454545454546,1.3265306122448979,0.7878787878787878,1.2525252525252526
2026-04-16,0.4444444444444445,1.0612244897959182,1.1717171717171717,1.3333333333333333,1.4545454545454544,1.3673469387755102,1.6161616161616164,1.4747474747474745,1.3061224489795917,0.7070707070707072,1.1515151515151516
2026-04-17,0.48484848484848486,1.0408163265306123,1.4343434343434343,1.3535353535353534,1.4343434343434343,1.6122448979591835,1.5959595959595958,1.5151515151515151,1.3469387755102038,0.7878787878787878,1.2727272727272727
2026-04-20,0.4242424242424243,0.9591836734693877,1.3265306122448979,1.474747474747475,1.510204081632653,1.4285714285714284,1.5353535353535355,1.5510204081632653,1.387755102040816,0.7272727272727273,1.1515151515151516
2026-04-21,0.5454545454545453,1.2040816326530612,1.4285714285714284,1.393939393939394,1.2244897959183674,1.673469387755102,1.4949494949494948,1.4693877551020407,1.4081632653061225,0.7474747474747474,1.2929292929292928
2026-04-22,0.4799999999999999,1.01010101010101,1.212121212121212,1.4141414141414141,1.4747474747474747,1.5151515151515151,1.4141414141414141,1.4343434343434343,1.3535353535353534,0.7474747474747474,1.2274747474747474
2026-04-23,0.5000000000000001,1.0909090909090908,1.3737373737373737,1.5151515151515151,1.4949494949494948,1.7171717171717171,1.4343434343434343,1.5353535353535352,1.1919191919191918,0.707070707070707,1.2070707070707072
2026-04-24,0.46464646464646464,1.0816326530612244,1.2244897959183674,1.4489795918367347,1.4693877551020407,1.5714285714285714,1.4489795918367345,1.5714285714285714,1.2244897959183674,0.6262626262626261,1.0909090909090908
2026-04-27,0.5252525252525251,1.1020408163265305,1.2244897959183674,1.2857142857142856,1.530612244897959,1.5510204081632653,1.4693877551020407,1.469387755102041,1.183673469387755,0.6666666666666665,1.1919191919191916
2026-04-28,0.5918367346938775,1.1836734693877549,1.4081632653061225,1.2653061224489794,1.204081632653061,1.443298969072165,1.673469387755102,1.5918367346938775,1.3877551020408165,0.7959183673469388,1.3877551020408163
2026-04-29,0.42857142857142855,1.1224489795918366,1.387755102040816,1.346938775510204,1.6122448979591835,1.4489795918367347,1.5510204081632653,1.4081632653061225,1.346938775510204,0.7959183673469388,1.2244897959183674
2026-04-30,0.5510204081632653,1.1428571428571428,1.4432989690721647,1.4489795918367347,1.6494845360824741,1.6326530612244896,1.6082474226804122,1.530612244897959,1.3814432989690721,0.7142857142857142,1.2653061224489794
2026-05-06,0.41237113402061853,1.134020618556701,1.4845360824742269,1.4583333333333333,1.4845360824742269,1.6288659793814433,1.5624999999999998,1.5463917525773194,1.2164948453608246,0.5773195876288659,0.9896907216494845
2026-05-07,0.45360824742268036,1.134020618556701,1.3195876288659794,1.4375,1.360824742268041,1.5670103092783505,1.5208333333333335,1.443298969072165,1.2989690721649483,0.7010309278350515,1.1546391752577319
2026-05-08,0.4489795918367347,1.2244897959183674,1.3814432989690721,1.6122448979591835,1.5876288659793814,1.653061224489796,1.5463917525773194,1.5306122448979593,1.2371134020618557,0.7346938775510204,1.183673469387755
2026-05-11,0.326530612244898,1.1020408163265305,1.4285714285714284,1.489795918367347,1.5918367346938775,1.5510204081632653,1.3877551020408163,1.4693877551020407,1.163265306122449,0.6326530612244897,0.9591836734693877
2026-05-12,0.36734693877551017,1.1020408163265305,1.4081632653061225,1.4285714285714284,1.387755102040816,1.4285714285714284,1.306122448979592,1.4693877551020407,1.3265306122448979,0.693877551020408,1.0612244897959182
2026-05-13,0.38383838383838376,1.0816326530612244,1.3673469387755102,1.3535353535353534,1.4285714285714284,1.4693877551020407,1.5151515151515151,1.4285714285714284,1.2040816326530612,0.7272727272727271,1.1111111111111107
2026-05-14,0.4040404040404039,1.040816326530612,1.1224489795918366,1.414141414141414,1.4081632653061225,1.4897959183673468,1.5757575757575757,1.2653061224489797,1.1632653061224492,0.5454545454545453,0.9494949494949492
2026-05-15,0.36363636363636354,1.1020408163265305,1.4949494949494948,1.4693877551020407,1.494949494949495,1.5714285714285714,1.5714285714285712,1.4141414141414141,1.2040816326530612,0.5858585858585857,0.9494949494949493
2026-05-18,0.4848484848484849,1.2040816326530612,1.3333333333333335,1.4489795918367345,1.494949494949495,1.4081632653061222,1.4285714285714284,1.5555555555555556,1.3061224489795917,0.7474747474747475,1.2323232323232325
2026-05-19,0.5656565656565656,1.0204081632653061,1.2121212121212122,1.3673469387755102,1.4949494949494948,1.5306122448979593,1.6122448979591835,1.4949494949494948,1.3877551020408163,0.707070707070707,1.2727272727272725
2026-05-20,0.5102040816326531,1.0103092783505154,1.2040816326530615,1.3814432989690721,1.3265306122448979,1.443298969072165,1.422680412371134,1.306122448979592,1.1958762886597938,0.6326530612244897,1.1428571428571428
2026-05-21,0.40404040404040387,1.0303030303030303,1.3061224489795917,1.4545454545454546,1.346938775510204,1.474747474747475,1.4693877551020407,1.595959595959596,1.3265306122448979,0.707070707070707,1.1111111111111107
2026-05-22,0.3000000000000001,0.9898989898989901,1.3333333333333333,1.393939393939394,1.5959595959595958,1.4343434343434345,1.3737373737373737,1.272727272727273,1.3131313131313131,0.6666666666666667,0.9666666666666668
2026-05-25,0.3999999999999999,1.1515151515151514,1.3737373737373737,1.4747474747474747,1.4343434343434343,1.3333333333333335,1.5151515151515151,1.393939393939394,1.3131313131313131,0.5858585858585857,0.9858585858585857
2026-05-26,0.4489795918367347,0.8775510204081632,1.3608247422680413,1.4285714285714284,1.4845360824742269,1.4693877551020407,1.4845360824742266,1.3877551020408163,1.2577319587628866,0.5510204081632654,1.0
2026-05-27,0.38,0.9494949494949495,1.3131313131313131,1.3333333333333333,1.474747474747475,1.5555555555555556,1.4747474747474747,1.474747474747475,1.2727272727272727,0.5,0.88
2026-05-28,0.4000000000000001,1.0303030303030303,1.1717171717171717,1.3333333333333333,1.393939393939394,1.4949494949494948,1.393939393939394,1.3131313131313134,1.0505050505050506,0.54,0.9400000000000002
2026-05-29,0.36363636363636354,1.0612244897959182,1.2525252525252526,1.4081632653061225,1.4747474747474747,1.4489795918367347,1.3877551020408163,1.2323232323232323,1.183673469387755,0.5454545454545453,0.9090909090909088
2026-06-01,0.36363636363636354,1.0909090909090908,1.2653061224489794,1.3131313131313131,1.474747474747475,1.5510204081632653,1.4141414141414141,1.2448979591836735,1.2525252525252526,0.606060606060606,0.9696969696969695
2026-06-02,0.4444444444444443,0.9292929292929293,1.3265306122448979,1.2727272727272727,1.4949494949494948,1.4285714285714284,1.5151515151515151,1.4489795918367345,1.1919191919191918,0.5656565656565655,1.01010101010101
2026-06-03,0.32653061224489793,0.8367346938775511,1.306122448979592,1.2653061224489797,1.489795918367347,1.530612244897959,1.2857142857142856,1.3469387755102038,1.3061224489795915,0.6530612244897959,0.9795918367346939
2026-06-04,0.3232323232323231,0.836734693877551,1.2323232323232323,1.4081632653061225,1.3333333333333335,1.2653061224489794,1.3673469387755102,1.4949494949494948,1.1428571428571428,0.6464646464646464,0.9696969696969695
2026-06-05,0.2828282828282829,0.8888888888888888,1.2727272727272727,1.393939393939394,1.3333333333333333,1.5353535353535352,1.387755102040816,1.4141414141414144,1.2448979591836733,0.6464646464646466,0.9292929292929295
2026-06-08,0.30303030303030304,0.7878787878787878,1.0612244897959184,1.2525252525252526,1.2653061224489794,1.393939393939394,1.4693877551020407,1.5353535353535352,1.3877551020408163,0.5252525252525251,0.8282828282828281
2026-06-09,0.26262626262626265,0.7551020408163265,1.020408163265306,1.4081632653061225,1.3469387755102038,1.387755102040816,1.4081632653061222,1.3061224489795917,1.3061224489795917,0.6868686868686869,0.9494949494949495
2026-06-10,0.36363636363636354,0.836734693877551,1.1020408163265305,1.2857142857142856,1.2653061224489797,1.4081632653061225,1.3265306122448979,1.3265306122448979,1.2653061224489794,0.6464646464646464,1.01010101010101
2026-06-11,0.34343434343434337,0.9898989898989898,1.163265306122449,1.3535353535353534,1.4081632653061225,1.414141414141414,1.5306122448979593,1.4747474747474747,1.2448979591836735,0.6666666666666666,1.01010101010101
2026-06-12,0.30303030303030287,0.8686868686868686,1.1428571428571428,1.3333333333333333,1.4897959183673466,1.2323232323232323,1.4897959183673468,1.3535353535353534,1.1224489795918366,0.606060606060606,0.9090909090909088
2026-06-15,0.20408163265306123,0.9591836734693877,1.306122448979592,1.3814432989690721,1.4081632653061225,1.510204081632653,1.4845360824742269,1.4285714285714284,1.1428571428571428,0.6938775510204082,0.8979591836734694
2026-06-16,0.6326530612244898,1.020408163265306,1.2857142857142856,1.5051546391752577,1.387755102040816,1.4285714285714284,1.5051546391752577,1.4693877551020407,1.204081632653061,0.7551020408163265,1.3877551020408163
2026-06-17,0.2857142857142858,0.9072164948453607,1.1958762886597938,1.2989690721649483,1.4081632653061225,1.4432989690721647,1.3195876288659794,1.2164948453608249,1.2783505154639174,0.7346938775510204,1.0204081632653064
2026-06-18,0.4040404040404039,0.9387755102040816,1.2244897959183674,1.3737373737373737,1.4897959183673468,1.4285714285714284,1.5555555555555556,1.2653061224489794,1.3265306122448979,0.6262626262626261,1.03030303030303
2026-06-22,0.4242424242424241,1.0,1.2653061224489797,1.2525252525252526,1.3469387755102042,1.4081632653061225,1.414141414141414,1.2448979591836735,1.2653061224489797,0.5858585858585857,1.01010101010101
2026-06-23,0.40816326530612246,0.9278350515463918,1.134020618556701,1.175257731958763,1.443298969072165,1.4845360824742269,1.360824742268041,1.3195876288659794,1.1958762886597938,0.5510204081632654,0.9591836734693878
2026-06-24,0.3636363636363636,1.0,1.2040816326530612,1.3265306122448979,1.3673469387755102,1.4693877551020407,1.4693877551020407,1.2653061224489797,1.163265306122449,0.6326530612244898,0.9962894248608534
2026-06-25,0.3636363636363636,1.1020408163265305,1.2040816326530612,1.2448979591836733,1.3673469387755102,1.4081632653061225,1.4081632653061225,1.2244897959183674,1.183673469387755,0.653061224489796,1.0166975881261595
2026-06-26,0.26804123711340205,0.9690721649484537,1.2783505154639174,1.443298969072165,1.422680412371134,1.375,1.4226804123711339,1.3195876288659791,1.1752577319587627,0.6804123711340206,0.9484536082474226
2026-06-29,0.3673469387755102,0.8571428571428571,1.183673469387755,1.3814432989690721,1.3673469387755102,1.4693877551020407,1.5051546391752575,1.387755102040816,1.1020408163265305,0.5918367346938775,0.9591836734693877
2026-06-30,0.30612244897959184,0.7959183673469389,1.2653061224489797,1.4845360824742269,1.306122448979592,1.4081632653061225,1.5670103092783503,1.326530612244898,1.183673469387755,0.6938775510204082,1.0
2026-07-01,0.3092783505154639,0.8247422680412371,1.2371134020618555,1.5051546391752577,1.6288659793814433,1.4639175257731958,1.3814432989690721,1.3402061855670102,1.3195876288659794,0.6185567010309279,0.9278350515463918
2026-07-02,0.3092783505154639,0.8333333333333333,1.2989690721649485,1.3541666666666665,1.3814432989690721,1.5,1.5624999999999998,1.2577319587628866,1.2291666666666665,0.6597938144329896,0.9690721649484535
2026-07-03,0.326530612244898,0.9690721649484535,1.1546391752577319,1.3608247422680413,1.402061855670103,1.402061855670103,1.4845360824742269,1.3814432989690721,1.2164948453608249,0.5714285714285714,0.8979591836734694
2026-07-06,0.30612244897959184,0.8865979381443299,1.3195876288659794,1.4845360824742266,1.5463917525773196,1.5257731958762886,1.5463917525773194,1.4639175257731958,1.175257731958763,0.7346938775510203,1.0408163265306123
2026-07-07,0.24489795918367346,0.8453608247422679,1.3814432989690721,1.4285714285714284,1.6082474226804124,1.422680412371134,1.4489795918367347,1.443298969072165,1.2989690721649483,0.693877551020408,0.9387755102040816
2026-07-08,0.3232323232323231,0.857142857142857,1.2448979591836733,1.4081632653061225,1.393939393939394,1.3673469387755102,1.346938775510204,1.4489795918367347,1.346938775510204,0.6666666666666665,0.9898989898989896
2026-07-09,0.36363636363636354,0.9387755102040816,1.3469387755102038,1.3877551020408163,1.5151515151515151,1.4693877551020407,1.4489795918367347,1.387755102040816,1.2857142857142856,0.6868686868686867,1.0505050505050502
2026-07-10,0.28282828282828265,0.8571428571428571,1.0612244897959182,1.3469387755102038,1.393939393939394,1.3673469387755102,1.306122448979592,1.4081632653061225,1.0612244897959182,0.48484848484848475,0.7676767676767674
2026-07-13,0.28282828282828265,0.7755102040816326,1.183673469387755,1.4489795918367347,1.4141414141414141,1.306122448979592,1.306122448979592,1.4285714285714286,1.306122448979592,0.6464646464646464,0.9292929292929291
2026-07-14,0.3877551020408163,1.0103092783505154,1.2783505154639174,1.402061855670103,1.5463917525773194,1.3814432989690724,1.4432989690721647,1.5051546391752577,1.3814432989690721,0.7551020408163265,1.1428571428571428
2026-07-15,0.3673469387755103,0.8979591836734693,1.1546391752577319,1.3265306122448979,1.4639175257731958,1.3673469387755102,1.3195876288659796,1.2244897959183674,1.1752577319587632,0.6326530612244898,1.0
2026-07-16,0.2828282828282827,0.8979591836734693,1.2244897959183674,1.2653061224489794,1.4141414141414141,1.4489795918367345,1.4489795918367347,1.3265306122448979,1.183673469387755,0.5454545454545454,0.8282828282828281
2026-07-17,0.2626262626262625,0.6530612244897959,1.1020408163265305,1.2653061224489794,1.3535353535353534,1.4693877551020407,1.5510204081632653,1.3877551020408163,1.163265306122449,0.606060606060606,0.8686868686868685
2026-07-20,0.3673469387755103,0.8571428571428572,1.134020618556701,1.3061224489795917,1.4897959183673468,1.5051546391752577,1.4285714285714284,1.443298969072165,1.163265306122449,0.6734693877551021,1.0408163265306123
2026-07-21,0.25263157894736843,0.6382978723404255,1.0638297872340425,1.3191489361702127,1.3617021276595744,1.3617021276595744,1.5319148936170213,1.3617021276595742,1.0638297872340425,0.5106382978723404,0.7632698768197088
2026-07-22,0.37500000000000006,0.75,1.1041666666666665,1.2708333333333335,1.375,1.3473684210526315,1.3125,1.25,1.1041666666666667,0.5625,0.9375
2026-07-23,0.3232323232323231,0.8080808080808081,1.0,1.2727272727272727,1.3333333333333333,1.5510204081632653,1.1717171717171715,1.2244897959183674,1.0909090909090908,0.5656565656565655,0.8888888888888886
2026-07-24,0.3030303030303029,0.7676767676767675,1.1020408163265305,1.3939393939393938,1.3737373737373737,1.4897959183673468,1.4949494949494948,1.2857142857142856,1.1313131313131313,0.5454545454545454,0.8484848484848484
2026-07-27,0.2424242424242423,0.6868686868686869,1.0204081632653061,1.3737373737373737,1.4489795918367347,1.3535353535353534,1.4081632653061225,1.3333333333333335,1.0408163265306123,0.5252525252525252,0.7676767676767675
2026-07-28,0.30303030303030287,0.7878787878787878,1.0816326530612246,1.292929292929293,1.3061224489795917,1.333333333333333,1.306122448979592,1.3131313131313131,1.0612244897959184,0.6262626262626262,0.9292929292929291
2026-07-29,0.22448979591836735,0.7755102040816326,0.9484536082474226,1.183673469387755,1.2783505154639174,1.3061224489795917,1.4226804123711339,1.3265306122448979,1.1752577319587627,0.4897959183673469,0.7142857142857143
2026-07-30,0.2424242424242423,0.8367346938775511,1.0612244897959182,1.2323232323232323,1.3673469387755104,1.4285714285714284,1.3939393939393938,1.2448979591836733,1.2448979591836735,0.6464646464646464,0.8888888888888887
2026-07-31,0.24242424242424232,0.7346938775510203,1.020408163265306,1.1313131313131313,1.2448979591836733,1.3061224489795917,1.3737373737373737,1.346938775510204,1.2040816326530612,0.6262626262626261,0.8686868686868684
