Date,1,2,3,4,5,6,7,8,9,10,H-L
2018-01-02,0.0,0.0,0.0,0.0,0.0,0.0,0.0,0.0,0.0,0.0,0.0
2018-01-03,0.0,0.0,0.0,0.0,0.0,0.0,0.0,0.0,0.0,0.0,0.0
2018-01-04,0.0,0.0,0.0,0.0,0.0,0.0,0.0,0.0,0.0,0.0,0.0
2018-01-05,0.0,0.0,0.0,0.0,0.0,0.0,0.0,0.0,0.0,0.0,0.0
2018-01-08,0.0,0.0,0.0,0.0,0.0,0.0,0.0,0.0,0.0,0.0,0.0
2018-01-09,0.0,0.0,0.0,0.0,0.0,0.0,0.0,0.0,0.0,0.0,0.0
2018-01-10,0.0,0.0,0.0,0.0,0.0,0.0,0.0,0.0,0.0,0.0,0.0
2018-01-11,0.0,0.0,0.0,0.0,0.0,0.0,0.0,0.0,0.0,0.0,0.0
2018-01-12,0.0,0.0,0.0,0.0,0.0,0.0,0.0,0.0,0.0,0.0,0.0
2018-01-15,0.0,0.0,0.0,0.0,0.0,0.0,0.0,0.0,0.0,0.0,0.0
2018-01-16,0.0,0.0,0.0,0.0,0.0,0.0,0.0,0.0,0.0,0.0,0.0
2018-01-17,0.0,0.0,0.0,0.0,0.0,0.0,0.0,0.0,0.0,0.0,0.0
2018-01-18,0.0,0.0,0.0,0.0,0.0,0.0,0.0,0.0,0.0,0.0,0.0
2018-01-19,0.0,0.0,0.0,0.0,0.0,0.0,0.0,0.0,0.0,0.0,0.0
2018-01-22,0.0,0.0,0.0,0.0,0.0,0.0,0.0,0.0,0.0,0.0,0.0
2018-01-23,0.0,0.0,0.0,0.0,0.0,0.0,0.0,0.0,0.0,0.0,0.0
2018-01-24,0.0,0.0,0.0,0.0,0.0,0.0,0.0,0.0,0.0,0.0,0.0
2018-01-25,0.0,0.0,0.0,0.0,0.0,0.0,0.0,0.0,0.0,0.0,0.0
2018-01-26,0.0,0.0,0.0,0.0,0.0,0.0,0.0,0.0,0.0,0.0,0.0
2018-01-29,0.0,0.0,0.0,0.0,0.0,0.0,0.0,0.0,0.0,0.0,0.0
2018-01-30,-0.001804393021689235,0.00026513215149820516,0.0005990308449953931,-0.001924916678726022,-0.0013100473795240456,-0.0013047000482876983,-0.001620696591943746,-0.0011795935676467383,-0.00512789496551731,-0.00469782355690368,-0.0028934305352144446
2018-01-31,-0.02830180708838325,-0.026623295170745114,-0.02503346304078977,-0.026950634589011306,-0.02188151245601239,-0.020668169744448617,-0.025528680802005786,-0.023454019519236063,-0.028620353716788616,-0.03222075167856613,-0.003918944590182882
2018-02-01,-0.04275152731869797,-0.04521918081681482,-0.043481099646804924,-0.03944063222490883,-0.0424473740351981,-0.03829142979189176,-0.037301820573809805,-0.041001302567462296,-0.04144289171878082,-0.03879511258113575,0.003956414737562218
2018-02-02,-0.008432925254969512,-0.008849829132735694,-0.00798926737909688,-0.006857358360170078,-0.004140786197716229,-0.0029342321663368568,-0.004508978781801594,-0.0017658665076057717,-0.0038990874437861032,-0.006034337542554256,0.002398587712415256
2018-02-05,-0.006354599804766074,-0.007624034401319704,-0.006968418931252728,-0.007072843194305512,-0.00589162041685667,-0.005845932009621015,-0.0067563563994369295,-0.005103797105544847,-0.004290508890114359,-0.010210099320452217,-0.003855499515686143
2018-02-06,-0.05243030482013595,-0.058192329943345264,-0.05935706772142897,-0.057761567423652294,-0.05639037736876928,-0.054031794230964894,-0.05555494193292506,-0.05389354926396824,-0.05267806954754886,-0.055228857538206576,-0.0027985527180706266
2018-02-07,0.011779847382525972,0.009885037945146613,0.009622286844573051,0.00963654722067242,0.005656003806972954,0.005845952996351322,0.0028691048348083023,0.0034377725341017003,0.0028365760348719807,0.0028253465392823656,-0.008954500843243608
2018-02-08,0.016154376500299248,0.017894192539943437,0.017146284908157772,0.016860829789563714,0.016525938661262222,0.016231720625488423,0.013652776837842745,0.012756287644835641,0.005804830242505159,3.6585629634740616e-05,-0.016117790870664506
2018-02-09,-0.025764878454805688,-0.02868661806544489,-0.02882843434925739,-0.028864669255171355,-0.030390333549044496,-0.031737162237065186,-0.035052515912614456,-0.03472843266980985,-0.03390917106834676,-0.04943799440838616,-0.02367311595358047
2018-02-12,0.02795811137357676,0.025864045837090927,0.027551489335657577,0.02759050014931128,0.027228010045361843,0.025781516614876574,0.024599825508714316,0.02524581736589087,0.0253044603054185,0.025666614525613373,-0.0022914968479633875
2018-02-13,0.0003717596355397538,-0.0008591665056477888,0.0005153039011571158,0.0025166678321720676,0.00227753647127338,0.003068172608318094,0.0006961108475113264,0.0029682593941065876,0.001500619870774153,0.0003486483831723912,-2.3111252367362606e-05
2018-02-14,0.0013286313232200113,0.005284184027811052,0.0037018941627177606,0.0038244574468132425,0.003990190926040907,0.003293238006025019,0.002440162158463066,0.001924247517641601,0.0019766312946105846,0.0006535000520479768,-0.0006751312711720345
2018-02-22,0.013549264014081238,0.01728386481454102,0.01734763159180567,0.017290164365805088,0.017136860616535174,0.018565848163782196,0.018658065432305547,0.0185972848214649,0.019854308536197882,0.025521600012572497,0.011972335998491259
2018-02-23,0.0013373536074153549,0.001959518005864109,0.00205659214983136,0.004081819876484871,0.003941733682755737,0.004412041054352266,0.004144480524986433,0.0066619838607177165,0.006261049227423969,0.01020116514847772,0.008863811541062364
2018-02-26,0.023534384891545055,0.02586744999766865,0.02703543014951424,0.025473361388302838,0.023905804587619588,0.02476050277876888,0.024379109315785602,0.02326111664372671,0.024129961562405915,0.026659361264742103,0.0031249763731970477
2018-02-27,0.006773573580672029,0.0039134723038976825,0.004623128330112728,0.003800794025699949,0.002650909523092796,0.0015827499508736746,0.0009804170904895158,0.001603405934606391,-0.001243193950155779,0.0011303510525082412,-0.005643222528163789
2018-02-28,0.002077152937401383,0.002145446378057861,0.0026281350574328304,0.0018781696479028235,0.0027295799830006676,0.002064342416022505,0.00020287500960803283,-0.0004395793970014153,-0.001295690807134692,-0.0035242217548792946,-0.005601374692280678
2018-03-01,0.014954005625193731,0.016395307232086043,0.016694484265747857,0.017727013990215493,0.017089052252341853,0.016725560817019047,0.013087467355423574,0.013285302935405679,0.01318646412137384,0.012934910195596675,-0.002019095429597056
2018-03-02,-0.006113509585615346,-0.00390790442568654,-0.0045228296093538945,-0.0015410349680516986,-0.004491328131284037,-0.004656912958477817,-0.003954976776936333,-0.00383896729122979,-0.008033736589437604,-0.01130464400123795,-0.005191134415622604
2018-03-05,0.007473640056584739,0.007814086382340131,0.007341388108982164,0.007157994987694755,0.008253740489504845,0.0058340731759776165,0.006412217499566393,0.005967563837607836,0.007313161024788595,0.008458856869871608,0.000985216813286869
2018-03-06,0.012585619999315154,0.01092787052410798,0.014145020581080608,0.010276957317493132,0.010952126476238725,0.010334901784316935,0.010959376562161862,0.010057679964459242,0.012015011392490914,0.013746093525164095,0.0011604735258489412
2018-03-07,-0.003860321617141828,-0.005459124983484434,-0.006571820952385371,-0.007089883322568213,-0.004398546013855179,-0.005811781488214063,-0.005313715149719187,-0.005053093376267567,-0.007129893870952529,-0.006089689787962904,-0.002229368170821076
2018-03-08,0.011914089489593462,0.012033197292944888,0.011229852701429822,0.012390510751068248,0.011637698553016669,0.010687801547475645,0.008577987083886442,0.009710208572712837,0.007856022355153064,0.008738441106998184,-0.003175648382595278
2018-03-09,0.022357964354366384,0.020429936872670536,0.020448418879308674,0.021180993942167565,0.016856582656466404,0.015900270212418872,0.017200074981618844,0.014609639044531554,0.012122369565022665,0.007498972728895144,-0.01485899162547124
2018-03-12,0.01754060918845434,0.01647154968248511,0.014867443032592185,0.013481506524473452,0.014126741981993438,0.013343287707924836,0.014779475464731065,0.013454739337611672,0.015168168732899171,0.015034155194815203,-0.0025064539936391385
2018-03-13,-0.0038489496502035277,-0.004451887161034897,-0.004664688067403416,-0.004777697341673978,-0.0061384160866517785,-0.00740567427011714,-0.008139855523831159,-0.00858407838397772,-0.007301992637422261,-0.003645404525936965,0.0002035451242665626
2018-03-14,-0.009515272004501554,-0.009892468974443357,-0.011391710863783596,-0.009216528687594734,-0.010682311720831717,-0.009571918732711513,-0.010467386080559252,-0.009448829451429932,-0.011992669474222199,-0.013210851090556124,-0.0036955790860545706
2018-03-15,-0.00793081157453784,-0.0057518468470137574,-0.0075592218709010575,-0.005670382013849019,-0.006485733623050638,-0.009709601575371173,-0.011332807962451324,-0.008746649650987459,-0.011082912991710214,-0.01424264921997113,-0.006311837645433289
2018-03-16,-0.0037836431946490848,0.00016788218114306165,-0.0026330239486418395,0.0015947927148390526,-0.000494828070802722,0.0010798026452668032,-0.0021836764544344535,0.0006095808882880422,-0.0003832372468591072,0.00040168803796036205,0.004185331232609447
2018-03-19,0.004669443892150677,0.002620167675890785,0.004677461267567953,0.00414223700194845,0.00467210944187685,0.005240483507406002,0.008242275675534136,0.0047927316314734115,0.005904462330941719,0.005078310567199672,0.0004088666750489949
2018-03-20,0.006223515310381914,0.00444054790204826,0.002970145635224643,0.004087107642254277,0.005615121261213025,0.004599171637063215,0.003852832926168054,0.004864072954263003,0.004002403894693279,4.168721356788532e-05,-0.006181828096814029
2018-03-21,-0.0058179980400587415,-0.0026565941495838557,-0.002825962432442339,-0.0050493341948010095,-0.00511282018827473,-0.004249541172709467,-0.005697231848454741,-0.006788438503241128,-0.008500015624817054,-0.011614553340657521,-0.0057965553005987795
2018-03-22,-0.0007105316275992915,-7.584082552030384e-05,0.001669490806927168,0.0021589669126878524,0.0012982859898847906,0.0018907877521058777,0.0024753852396217123,0.0033056779159699443,0.006445440205329759,0.0012706905148711927,0.001981222142470484
2018-03-23,-0.054372630378692874,-0.0561759907105265,-0.05903573658764524,-0.05372245627113439,-0.05454952167486882,-0.05747217539771568,-0.05775558691789438,-0.05979850699447668,-0.06164546629845801,-0.06928823145881345,-0.014915601080120577
2018-03-26,0.022409481090909296,0.016576876853037693,0.016528840270813108,0.016796295544441946,0.01322555442878685,0.015749923374193238,0.014741985110226747,0.015502118892119438,0.014812112045535307,0.01434523278843831,-0.008064248302470985
2018-03-27,0.0300919820844466,0.028066116988762605,0.02544249015545951,0.027574609090819484,0.024815506931417763,0.02620661726138688,0.027430723480783133,0.02582987185586453,0.026826003423047022,0.02684562959097272,-0.0032463524934738773
2018-03-28,-0.0018535026207549734,-0.0009527390536184161,-0.004799787276095953,-0.0019702348938250933,-0.0030521666611643856,-0.004824558784799787,-0.004364108621587853,-0.0028021034527024994,-0.006404789655411159,-0.02179202467258727,-0.019938522051832296
2018-03-29,0.013161064465515192,0.015238268422685181,0.012688107988025802,0.014109419044645917,0.011568039544877628,0.011654183744347294,0.010514908718211775,0.010010801982907776,0.006026877959459437,0.0021757696299856883,-0.010985294835529505
2018-03-30,0.015216225041611114,0.015562077416540745,0.016569327104983184,0.013592833720948563,0.014380493777978787,0.015784608031087374,0.016560300816921926,0.017780062628821935,0.017754394899713262,0.011308427022094295,-0.003907798019516819
2018-04-02,0.005138586511473752,0.003590739538284929,0.0032738540839888225,0.0030110531338930673,0.004068945031009415,0.0054898328624479395,0.0039628142516313965,0.004072580220465715,0.002028921056104816,0.006906414252823504,0.001767827741349752
2018-04-03,-0.00221314730998725,-0.007176818475065462,-0.010211242219304646,-0.007076357678352536,-0.007631402163820094,-0.006899890282369434,-0.008680409008137845,-0.011241520618626065,-0.011857634035875586,-0.013075191347275472,-0.010862044037288222
2018-04-04,-0.0014371648994139872,-0.0028418999674817364,-0.004646691800960655,-0.0043094658173658835,-0.004518336083471906,-0.004226622464264586,-0.006466056757535192,-0.008908992462856397,-0.004132665988289452,-0.004525547669278339,-0.0030883827698643517
2018-04-09,0.006734339284075299,0.004558488309925499,0.0033827121575797483,0.004962425947243545,0.002684681238175332,0.003213835866392429,0.0034698388838322134,0.004037260265484718,0.0032270598097066806,4.7528932782825396e-05,-0.006686810351292473
2018-04-10,0.0048102216060309155,0.004528424412027126,0.006194902678717292,0.0035863856005490437,0.0043632299904501366,0.004148585007233816,0.0005208988333121134,0.002164534292810663,-0.0006002377938452508,-0.006537146143955745,-0.01134736774998666
2018-04-11,0.010388907452859945,0.007980188784439436,0.009318549819674575,0.008905048118172335,0.0073246429916087995,0.00779331224991392,0.006710856114724416,0.008820844067170312,0.007556564100104487,0.007329114612619196,-0.003059792840240749
2018-04-12,-0.004582300014985457,-0.005545186212084882,-0.0040332915896304986,-0.002206595572162292,-0.007666569709264719,-0.005144994402924418,-0.0031860084352402064,-0.005334488214570872,-0.006693370978241611,-0.012676338363539675,-0.008094038348554218
2018-04-13,-0.00111458579555732,-0.001722314894510714,0.0008732809528118328,-0.0006428939481477589,-0.0008883831907286451,-0.0027206065806368845,5.915534627606834e-05,-0.0039458365363557995,-0.004389126086241023,-0.011866005445085825,-0.010751419649528506
2018-04-16,-0.009522602420053504,-0.007958350186200254,-0.007889723220846356,-0.008004575809199388,-0.009376697089506607,-0.006215004497247117,-0.006512834222576,-0.005022319339901266,-0.0042541296955177724,-0.005415882078272508,0.004106720341780996
2018-04-17,-0.023804581374026256,-0.023570270407645356,-0.021484449785365446,-0.02214472602097261,-0.022031148249202815,-0.020143908839662487,-0.02142201813447361,-0.023855413169540474,-0.02631435119869943,-0.02533732920294713,-0.0015327478289208739
2018-04-18,0.012170548519954843,0.014323869143102732,0.011578738346969809,0.01241112002591254,0.015248193118183765,0.011344080841733505,0.012015076060706592,0.013473339513925578,0.01144816835854102,0.0058342052660744805,-0.006336343253880362
2018-04-19,0.004783476323789175,0.0027640679463587954,0.0053416156592670915,0.004848331659927735,0.003990338904085086,0.003476930491765401,0.003083971855839639,0.0026441652564939454,-0.0004975121162377179,0.0007306833097593937,-0.0040527930140297815
2018-04-20,-0.026119001335886884,-0.02598400999092436,-0.02553019080523758,-0.023572371420302336,-0.0236332324908637,-0.025157102039549347,-0.022831086730622955,-0.024640050877078358,-0.0245568734957228,-0.029727194697180107,-0.0036081933612932236
2018-04-23,-0.006178790284468872,-0.0029784276860666346,-0.0017574266855286064,-0.006364014181862542,-0.008433898086080301,-0.005382316160874022,-0.0063401477282601934,-0.011473864254264096,-0.01010632277253246,-0.011212898179202967,-0.005034107894734095
2018-04-24,0.02864251781685975,0.02543704750912314,0.026610577407912218,0.025846215416509468,0.023715495264800567,0.023339501335680662,0.021637645412317906,0.021125930100319615,0.022990673912593296,0.024624887702683444,-0.004017630114176305
2018-04-25,0.006591353154814908,0.005304552222248216,0.0051589775372774095,0.0033203164539822535,0.004954950493332378,0.0027996478584298096,0.003238487641154465,0.005693065713358312,0.004209662399688921,0.0032656514033810244,-0.0033257017514338834
2018-04-26,-0.022170050629722153,-0.021228237542708125,-0.017242568056936396,-0.020288345794875345,-0.019071098437580397,-0.018141187735599137,-0.021787306924055574,-0.021206332466823415,-0.023831687789403942,-0.026721304857985084,-0.0045512542282629305
2018-04-27,0.00423585461243357,0.002643912295263958,0.004146003392546422,0.005737605643319905,0.00506029587011307,0.00509619191602166,0.0007426584655217692,-0.0012157685348047915,0.0013984179394063176,-0.005173666568244197,-0.009409521180677767
2018-05-02,-0.0030480381999033633,-0.0025006148766214664,-0.0030496282635242965,-0.0027752267794325736,-0.0007971619641246444,-0.003650327811674068,-0.005627420453626044,-0.005107886644961375,-0.009193793057269648,-0.01170065375763114,-0.008652615557727776
2018-05-03,0.012581445139458974,0.012951932746773396,0.010297795191656724,0.01081685401628019,0.010757084325026704,0.010671228093420849,0.010409907017645754,0.010149727289490653,0.014206219073733848,0.01454443956864035,0.0019629944291813754
2018-05-04,-0.0004929181523356326,-0.0004108071330288129,-0.00035365823111747495,-0.0013932407090379464,0.000945439883162092,0.00047704657748230553,-0.0021578740547162694,-0.0007035440869575251,-0.004442023721352934,-0.00447784042072959,-0.003984922268393958
2018-05-07,0.019382781902898463,0.019492774949724494,0.020006565749990705,0.016675196847771367,0.018647404299660303,0.01787364874433381,0.020778287778863244,0.019220424224129992,0.02106764938731135,0.02144877950403323,0.002065997601134767
2018-05-08,0.007401341579262017,0.006021171481147507,0.006012599549675635,0.006348193584652462,0.008368406052278095,0.008272133620332448,0.00770710930145794,0.007032404555953066,0.008011213900450141,0.012407767805209385,0.005006426225947368
2018-05-09,0.0024285435105110462,-1.9877699576397096e-05,0.0011604665925774294,0.0027536464948753102,0.0015034053390237904,0.00198965808086535,0.0011258749905610102,0.0037458537957624524,0.0003115473287551144,-0.0005989714315155915,-0.0030275149420266375
2018-05-10,0.005771152464592457,0.007668683238921366,0.007306810923487202,0.0065815898653967305,0.006245023699047058,0.006895061240224425,0.006657087745437798,0.005155787712918662,0.004342266760771256,0.004238367105074605,-0.0015327853595178522
2018-05-11,-0.013707682523125656,-0.013291905677849774,-0.01157759329724369,-0.009266265315352192,-0.008620371425643005,-0.010448224691398816,-0.011475272164576748,-0.011960677962584248,-0.013925824677068934,-0.01433530828254179,-0.0006276257594161339
2018-05-14,-0.0036745106032781156,-0.005442972721042911,-0.0027821587044273705,-0.003776590980167441,-0.005928796069113534,-0.007094017605227214,-0.006038611734264325,-0.007126236476308331,-0.008044394992255713,-0.014389838496184592,-0.010715327892906476
2018-05-15,0.015479708169395735,0.013820513490742335,0.01167722937932068,0.010625523199079254,0.01046984693994612,0.009724231542408878,0.012368965361070176,0.011796529893228457,0.01281744462763473,0.01306374434738602,-0.0024159638220097156
2018-05-16,-0.00549517604056845,-0.002639770004895484,-0.0020968187243661203,-0.0030656065044319543,-0.004201235389406852,-0.004375164337986568,-0.006989943471276161,-0.006198605561786057,-0.005312052914520681,-0.007107457923799068,-0.0016122818832306181
2018-05-17,-0.003119714555704857,-0.001805902617272195,0.00018540749231935744,-4.948777459482147e-05,-0.001052949731977852,-0.0012301015783911255,-0.0007843110475954352,-0.001641730176301389,-0.002449373093084017,-0.002930240797467072,0.00018947375823778496
2018-05-18,0.003467136855395728,0.007579575108589283,0.006275293949756568,0.006635825289886977,0.005456527228942264,0.00735280549292189,0.005434070320522689,0.0042756078455145185,0.00815677167984031,0.0011720448604330888,-0.002295091994962639
2018-05-21,0.014829029994530157,0.014923413578115918,0.012408608652778794,0.013406941120615488,0.0128816710887184,0.011946597721184591,0.013401501996860776,0.014253973039090383,0.013536651109595453,0.01835680202024744,0.0035277720257172844
2018-05-22,0.008064942066767335,0.0076888093489687155,0.005914106982202567,0.006361576183278711,0.005228522240511023,0.005176888808914132,0.00567897469859909,0.005868710891043762,0.0049994786446186535,0.0048157172996559595,-0.0032492247671113755
2018-05-23,-0.009887502568141084,-0.011613143000077802,-0.0099345832627847,-0.010068944480425862,-0.012928614552279918,-0.01088727522013028,-0.011977675928858431,-0.010115603784499775,-0.010237641029501447,-0.013360682659472769,-0.0034731800913316846
2018-05-24,-0.002969002841823113,-0.0024744440654838077,-0.0006048542250620346,-0.0017751850333827144,-0.002742700427882505,-0.0014173014983075607,-0.0010813489311599237,-0.0008445097681711243,-0.002623023219251232,0.0002894567841118403,0.003258459625934953
2018-05-25,-0.006848653983977353,-0.009824767669061138,-0.00635820953515134,-0.008232947167402029,-0.007763788016488209,-0.007891673783200333,-0.008435008768583108,-0.008182974997283961,-0.009889150713240142,-0.009372786479438571,-0.002524132495461218
2018-05-28,-0.007929482123876858,-0.005069101250030744,-0.007531610478548593,-0.006944887673856158,-0.008724321382618673,-0.008295615300016258,-0.008488274487024442,-0.011725357230261399,-0.014355819387213095,-0.012983329701025392,-0.005053847577148534
2018-05-29,-0.005320044366678203,-0.00763372354992573,-0.008310788930835252,-0.0064043372527069035,-0.008383899080503878,-0.008483123626212605,-0.00895026677912207,-0.011644953332031593,-0.006516412765049776,-0.01570178901724734,-0.010381744650569137
2018-05-30,-0.042061305777544605,-0.03942951678819689,-0.037362687798436565,-0.03471445264177327,-0.037178399238111975,-0.038308109088991675,-0.04071531442690393,-0.040592414149929076,-0.04265610137886433,-0.04754395106007159,-0.005482645282526982
2018-05-31,0.014804379728046867,0.015834544876935735,0.01654759019872911,0.016014053094685506,0.015068955272818985,0.015862207749294817,0.019149949146585493,0.01917239172303313,0.023364595954643984,0.02944075850949099,0.014636378781444121
2018-06-01,-0.007688162077404613,-0.0074132343566442,-0.0063458403659775635,-0.008888584285107574,-0.007834525412013404,-0.008208484339145491,-0.01123910943233099,-0.010793803122596604,-0.01043980211200038,-0.018281123046418706,-0.010592960969014093
2018-06-04,-0.006800802055488452,-0.0021188926184661197,-0.0008984643874478754,0.000545307978867226,-0.0015830910769745678,-0.001501797356893407,-0.0012763055066927428,-0.0010026058087113088,-0.001643678994541839,-0.004713321232645667,0.0020874808228427853
2018-06-05,0.01651999615257794,0.017224352948440668,0.018076109241418715,0.015035997420979053,0.01726689491762034,0.01876684024625916,0.017426777326606843,0.01712208917737939,0.01708549236306709,0.021216812623875224,0.004696816471297285
2018-06-06,0.004866770232545999,0.0022082293039363417,0.0038930359688854493,0.0015451615145252056,0.0005900602742869912,0.0016573534552265692,0.0038279438864299016,0.0034140953174290343,0.0017621914725777254,0.005280910991590568,0.00041414075904456886
2018-06-07,-0.008126884009460128,-0.008578597966116406,-0.0075031506278350635,-0.007054022917351372,-0.006509317922636219,-0.0077277990246197165,-0.007749643344063663,-0.009283054588655859,-0.010711628243668348,-0.012778557814072456,-0.004651673804612328
2018-06-08,-0.008670304174257298,-0.010954324920411065,-0.011472706038683864,-0.01454753868643294,-0.012736552386638612,-0.012864876003107602,-0.010729557339292218,-0.012275128119371556,-0.008739934285077102,-0.008643337343779273,2.6966830478024686e-05
2018-06-11,-0.009858563067879496,-0.005270134311645592,-0.004705917316133938,-0.004694196992909858,-0.004547389009142337,-0.005682764859670119,-0.008780366456967885,-0.0076655962890706045,-0.010084926465464897,-0.008615785316548651,0.0012427777513308452
2018-06-12,0.0052906495779755005,0.0073783776658053165,0.007914293869453654,0.00791249621562467,0.007872073717567873,0.0052371013967094605,0.008597326079324282,0.009630901394814866,0.008019539221429848,0.0070890961042677095,0.001798446526292209
2018-06-13,-0.020018144351922784,-0.020399671989409375,-0.01828559065657691,-0.01828062753355245,-0.01659694578804406,-0.016403202218959197,-0.017491133661767595,-0.01920552322691619,-0.01890504476820698,-0.022256001625302446,-0.002237857273379662
2018-06-14,-0.00614364054725222,-0.0025006889134271486,-0.0025438192349779088,-0.0028346037085763723,-0.0024032046538969352,-0.00244159121333577,-0.002762138332245952,-0.00415218159464424,-0.005426351945237811,-0.00506899477214875,0.00107464577510347
2018-06-15,-0.027696003034509795,-0.024271587890796052,-0.02490814785784081,-0.020194317286469005,-0.021958758470959815,-0.019001599081159334,-0.02173941261331793,-0.024848129420204132,-0.025264454239812998,-0.03505231528567572,-0.007356312251165925
2018-06-19,-0.07773755150335748,-0.07621174584595047,-0.0780295030623326,-0.0776604070040457,-0.07351129648189397,-0.07586927058213494,-0.06662548879028521,-0.06858025250614613,-0.06857166034131523,-0.07284215298745009,0.004895398515907395
2018-06-20,0.014822772558680208,0.014856420976318622,0.013925072604033112,0.014019307299990312,0.015851055817994123,0.01677479153451083,0.01634163487951425,0.01494326147347512,0.013057260689588434,0.026700063350796086,0.011877290792115879
2018-06-21,-0.03043022059028728,-0.02899542312346043,-0.03088014255912835,-0.028796003397802288,-0.02686439367760922,-0.02957284109834484,-0.026597042994554697,-0.024054731750235394,-0.022553054796691563,-0.027984404791857907,0.0024458157984293717
2018-06-22,0.019043495675764098,0.01935617435492771,0.02023086498440405,0.017518890035488035,0.019327923541829828,0.016598230333469757,0.017145258023171545,0.014956030790804117,0.013118948550775517,0.012673204327310367,-0.006370291348453731
2018-06-25,-0.004023435291847595,-0.002059056536552386,-0.0019625598892435464,-0.0024495654368917132,-0.002164825413478192,-0.0034170721916765524,-0.004816224254311155,-0.0023956196464945743,-0.0037791010159762403,-0.0001862453199714092,0.003837189971876186
2018-06-26,0.013882084916391797,0.016339959032526608,0.01379521401705465,0.01472556383479294,0.010890382157013028,0.011663201269871372,0.009540758263598336,0.010589813608591086,0.0065568048662820915,0.009550099830293179,-0.004331985086098618
2018-06-27,-0.004127360751584932,-0.003691842107933896,-0.004176138764165439,-0.0036378194235885328,-0.00420404439329355,-0.004575060986830382,-0.006194949617879517,-0.007053671335760682,-0.009348871850732916,-0.007729364340269305,-0.0036020035886843724
2018-06-28,-0.010236613112023767,-0.008900892159512942,-0.009039271286655007,-0.007752124444871554,-0.007932853291516228,-0.009591057470797859,-0.01078136416121757,-0.011319770639685488,-0.013457721375355326,-0.019184675670611072,-0.008948062558587305
2018-06-29,0.034635537970956684,0.032731925980821926,0.031542009785740774,0.0319935447249885,0.032338144098924194,0.030558064823332887,0.028154811435539783,0.028910278295600132,0.029194332359774915,0.03207025848891178,-0.0025652794820449007
2018-07-02,-0.013533768219978847,-0.014401100370464841,-0.013675959803831315,-0.015254849036396201,-0.014309786716704688,-0.015500526263859681,-0.016153535485376694,-0.01601970086363047,-0.01600671681057611,-0.010144599183143402,0.0033891690368354453
2018-07-03,0.020404395921485297,0.021542978438885932,0.019750722963249805,0.01760357868040953,0.014845426256888401,0.014135754291455303,0.013812458432388524,0.015218607460264818,0.013811633569829337,0.013837581599719699,-0.0065668143217655975
2018-07-04,-0.022874746648890474,-0.021112766203962345,-0.020482761676683073,-0.018548506531661915,-0.019559275659879666,-0.02028409353822439,-0.016321041802763097,-0.016165330774775125,-0.017022105729249913,-0.024551925608542,-0.0016771789596515263
2018-07-05,-0.028499377782561976,-0.02781083037220672,-0.025943390710292422,-0.02866381218112833,-0.02696090247742797,-0.02683133420169581,-0.025550223807961223,-0.02617383557134404,-0.02691639251118844,-0.033651742876079443,-0.005152365093517467
2018-07-06,0.007956352980141062,0.0071960702674350036,0.007382395529051261,0.0056115694950972725,0.00722522429481986,0.004798435000015751,0.004620726415879,0.0058343965323730766,0.0009389087794538021,0.0030977078063198645,-0.004858645173821197
2018-07-09,0.025679335369645066,0.024226324723960115,0.02431878368141724,0.02433339500414917,0.023239358915655095,0.02400994127357297,0.024183450763777533,0.02138690469244866,0.021331962617763656,0.02143996590818848,-0.0042393694614565845
2018-07-10,0.012496720571820406,0.007583635747706924,0.008638990930773222,0.007669346107155667,0.010418651435369262,0.008832273516746762,0.008255228890187337,0.008928870609471673,0.009550927335689793,0.011226896328484798,-0.0012698242433356079
2018-07-11,-0.023507294543204414,-0.025043934823449052,-0.022823148868110696,-0.026160618359833646,-0.025604363218564463,-0.027123427727630323,-0.02668937065018501,-0.027974413071776675,-0.026256664611626943,-0.02679355401699722,-0.0032862594737928068
2018-07-12,0.031203904500925066,0.028525475977579023,0.02952957173619042,0.027105338361337005,0.026971015474597623,0.02963941330495959,0.027829930584006905,0.026514707493486528,0.025607661248633635,0.02374543102160729,-0.007458473479317777
2018-07-13,-0.00042070046305666455,0.003166537937029016,0.004522868725892916,0.00266518112576897,0.004241273463318106,0.0048202678470168165,0.0021942856087449345,0.004135506198404176,0.004770942316958254,-0.0022631976729146617,-0.001842497209857997
2018-07-16,-0.0004990064462877394,0.0005557398474594339,0.0012687248561930194,0.0012913734631338479,0.0001229481297173638,7.861425778235288e-05,-0.0002937762844395375,-0.0014377614558981214,-0.0009091230892296035,-0.002702521530693478,-0.002203515084405739
2018-07-17,0.0046567349630981915,0.0025102523969816057,0.0028100785833039092,0.003566212889207049,0.002872539959152966,0.0034500749909030246,0.0019811584255622176,0.002677311535544873,0.0008552489637556938,0.0038135938744151858,-0.0008431410886830058
2018-07-18,-0.004621913945232066,-0.005702031910228321,-0.006425020583276051,-0.0049674935962135125,-0.0018041387615804786,-0.003067564678622529,-0.004277556696933843,-0.004712310607835822,-0.004795919478722327,-0.0064209681141940735,-0.0017990541689620072
2018-07-19,-0.01433697710797515,-0.014092507116235522,-0.01105764707140313,-0.009702473799596757,-0.009211747933790364,-0.009891925889496021,-0.011325980088290931,-0.012249596715117276,-0.011393246600842816,-0.01573016196076008,-0.0013931848527849282
2018-07-20,0.01246464439074908,0.014390067550282144,0.01550152220600365,0.012991048827320675,0.01330224114271529,0.014110361557657256,0.011683574451477483,0.011806072440920506,0.00971234818926131,0.007137524523274392,-0.0053271198674746875
2018-07-23,0.004686413149099217,0.008160986448275023,0.011026304463153846,0.008746991692985257,0.009075234518821364,0.008829567238612859,0.007817812183049609,0.007151942931954489,0.005669103267388816,0.0033204595089263112,-0.0013659536401729056
2018-07-24,0.017142200896306265,0.018962485379858077,0.017617521018208418,0.018917344396099753,0.019160655077252755,0.018138850140015973,0.018076475192924636,0.017342265907598457,0.019953289962145793,0.01455381376405541,-0.0025883871322508554
2018-07-25,0.002937021726801905,0.0015144001696886082,0.0015904198492890029,0.0017398521024666925,0.001741329711467503,0.0026096981998888933,0.0016128085165940322,0.0013283043127260644,0.00013110461761154312,-0.001556178691480828,-0.004493200418282732
2018-07-26,-0.005661707011287853,-0.003507413994164919,-0.003448439371700097,-0.000764382443410644,-0.0017324518174840144,-0.0003293147688692693,-0.00039177441806652054,-0.0003512264931061172,-0.002263136310589215,-0.0006666389158505254,0.004995068095437327
2018-07-27,-0.007477274141758202,-0.003889386403396075,-0.004151398383928647,-0.0028099664973117036,-0.004163685361560763,-0.005242347093098013,-0.004619288623642966,-0.005997781671380419,-0.0063762826290416266,-0.012351965322822022,-0.00487469118106382
2018-07-30,-0.016376535820341855,-0.015490639980370155,-0.014545091715606256,-0.013406552974541908,-0.014148199557553007,-0.01176578103423229,-0.014880769274831604,-0.012818581774988437,-0.01792752247771029,-0.023240317179669186,-0.006863781359327331
2018-07-31,0.005483350009129056,0.0028075226933101825,0.002867531822768092,0.003838477921724121,0.0020451711361154264,0.0020177716329070035,0.0008240229953762417,0.002505938201820921,0.0005380814642270892,-0.0007189687463152386,-0.006202318755444294
2018-08-01,-0.01582566901328742,-0.015869340120157317,-0.01650106317547934,-0.01800275053056591,-0.01732573069433098,-0.01661093437783328,-0.01701548227436698,-0.017103796645965383,-0.01745561741437984,-0.014163556239891423,0.0016621127733959969
2018-08-02,-0.02894319854879987,-0.02951073639760106,-0.028463192876362287,-0.030985978435374973,-0.027230309902648468,-0.030488918273862717,-0.027645890413553864,-0.0266136668058449,-0.025180140641444027,-0.02332376191762585,0.005619436631174021
2018-08-03,-0.01438469126344201,-0.012961488439579734,-0.01205228069992922,-0.011906487146383933,-0.010766126506220308,-0.009310551285582135,-0.009144074999733284,-0.008598278981970325,-0.009283101242478886,-0.01680430603616327,-0.002419614772721259
2018-08-06,-0.026332148118448324,-0.02179739273263797,-0.02281883750532015,-0.020272034672550752,-0.019152291143846454,-0.01794730425071237,-0.018818889279921085,-0.020340989909465267,-0.016658308743413952,-0.018708374188540274,0.00762377392990805
2018-08-07,0.02592988608059506,0.0277669929126887,0.027663750376070082,0.027089595919782297,0.02692787637637721,0.02692669063429063,0.026654372141823875,0.027366753105849025,0.030586994034649113,0.030028257910511412,0.004098371829916351
2018-08-08,-0.021477809818455477,-0.02046932161983565,-0.014279512156510884,-0.013698676592304958,-0.01859248318530258,-0.015401642269262522,-0.014173639465064721,-0.014532109455080234,-0.011669749482033386,-0.014122381040141267,0.007355428778314211
2018-08-09,0.027870366346005024,0.02709205805256917,0.024299645308102483,0.02588001772960958,0.024006358566290024,0.022740613088038285,0.021635913030460207,0.021451753859773687,0.020127321291111493,0.013676628364193137,-0.014193737981811887
2018-08-10,0.012950188014709475,0.009649591956074066,0.008167326963546096,0.007541769341962545,0.007448528607558303,0.006694517813716895,0.006243710970652279,0.004085210155254524,0.003702446390233926,-0.0012200540776689153,-0.01417024209237839
2018-08-13,0.009426295044741654,0.005917159443192798,0.005237866307568688,0.004623977128307726,0.0026789053507380103,0.0033854672149665056,0.0008318734989060099,0.0018349081510878728,0.0005068063861704714,-0.005579590255220101,-0.015005885299961755
2018-08-14,-0.0036108632557244422,-0.0008175914576776687,-0.0014053230004059574,-0.0008524709288889548,-0.0009262752039234184,-0.0014964229991956941,0.00011671507447025276,0.0003940172630607289,-4.138380491811006e-05,0.005308227322187985,0.008919090577912427
2018-08-15,-0.02401549945354753,-0.021556764288098097,-0.023167845778064987,-0.020377182625514946,-0.019556808401273995,-0.01868281733913227,-0.019810842356706465,-0.017629113903765682,-0.01801681272388498,-0.014383272836240607,0.009632226617306922
2018-08-16,-0.00911883730801276,-0.008133133581147638,-0.00860045234401133,-0.00826897406983779,-0.008387961882497798,-0.010632802569519978,-0.009935574275739878,-0.01010322694030862,-0.010800501183241332,-0.01465822048760005,-0.00553938317958729
2018-08-17,-0.021883863322927376,-0.02136415147416025,-0.01776218916560954,-0.019400481725741964,-0.014830836766772618,-0.01605019243851887,-0.015743139441641928,-0.01876809067753442,-0.0173890822347591,-0.02341422870433809,-0.0015303653814107143
2018-08-20,0.008952484262269803,0.007395207069841153,0.00926436058876634,0.00663415518754523,0.006188685981342829,0.005257797194563642,0.004987445038759973,0.004803871337339101,0.004664316587359841,0.002005501955863147,-0.006946982306406656
2018-08-21,0.014705698332225965,0.01348718277964879,0.011657387024638546,0.012008626785017117,0.011301917230957258,0.009886460665328185,0.0103687880191569,0.009579140921736225,0.008194576335840862,0.009315183229644666,-0.0053905151025813
2018-08-22,-0.013192834943977376,-0.013492782067247317,-0.01120630078667942,-0.011914289302914549,-0.011255404958044814,-0.011099470559276101,-0.011185200782352984,-0.010504388232883282,-0.010058960344567665,-0.01456477627067065,-0.0013719413266932746
2018-08-23,0.010377346820531113,0.007963099421258692,0.00785120501760792,0.006477265394637293,0.006001932425418176,0.006113523119551123,0.0063224442168078,0.007582003160513266,0.004580473643078831,0.0059429292365509355,-0.004434417583980177
2018-08-24,-0.003562863144167576,-0.002200766183545502,-0.003990547518874926,-0.0007358005623295241,-0.0025898372264203987,-0.0017618273849510282,-0.002461572737200328,-0.0028963394819067315,-0.0023720604173498344,-0.0044235265635188675,-0.0008606634193512913
2018-08-27,0.025108437640987948,0.020754821523749634,0.02129602079184843,0.020466392243127907,0.020357745776756087,0.020446797801110313,0.02026306563269301,0.018833465847486516,0.01869494211368652,0.017914339375173734,-0.007194098265814214
2018-08-28,0.0013997622842772492,3.7116004690043006e-05,0.0010211572923795615,0.0015130500538645313,0.0026362447033005895,0.0026194180537623514,0.0015714967672270641,0.0014276216166102325,0.0022637071135253413,0.002269895889469897,0.0008701336051926479
2018-08-29,-0.006143772803399429,-0.004082256174388919,-0.0036266704039943,-0.004348294217074089,-0.006037347706783972,-0.007070711709555274,-0.005608947250134659,-0.005226928598213371,-0.006070714155611327,-0.006422500036873132,-0.00027872723347370336
2018-08-30,-0.016163616194959363,-0.01637000592018092,-0.01626300202112803,-0.016182239028719226,-0.013494218780164019,-0.01274800355902499,-0.015727156055833073,-0.017604111900527044,-0.016078798789739984,-0.017276529750500272,-0.0011129135555409085
2018-08-31,-0.01034023256544871,-0.009690904084803281,-0.012134921195824277,-0.009836650494100842,-0.009039344094893199,-0.011316798191797822,-0.00942371424218403,-0.011335331526520928,-0.013090995089392597,-0.01577236321308246,-0.005432130647633749
2018-09-03,0.003903663413535003,-0.0022554733324115766,-0.00043508415563319776,-0.0019548783408557466,-0.0019398039880639366,-0.002175324849107842,-0.003887651109882472,-0.004055460745232014,-0.0008902315442134575,0.0010348182175597249,-0.002868845195975278
2018-09-04,0.012473421045699467,0.01564841588669748,0.012321653483823268,0.012428744331282163,0.01274426453793115,0.0116539164915537,0.013176981471196534,0.011257548811165561,0.010206087562537967,0.012121936847217085,-0.00035148419848238244
2018-09-05,-0.014564031278781506,-0.013697490149401519,-0.014385883628610974,-0.013119816090084519,-0.013545180357609439,-0.012350216752970685,-0.013028414408924221,-0.013776193165024027,-0.012595095718311763,-0.013628166854879846,0.0009358644239016601
2018-09-06,-0.005699369669262175,-0.002620727393808268,-0.004161791332877219,-0.002886177381465584,-0.0025945730989979064,-0.004041529528589043,-0.0016230551227241117,-0.002013744316762576,-0.0023580976597209024,-0.0034478916688695984,0.002251478000392577
2018-09-07,0.004494354369147459,0.0038410486227051306,0.0023181932618044233,0.002858571962949023,0.0009869155419904192,0.002622052462910306,0.002076077825222294,0.001982373920754146,0.0021470190900798993,0.0015243045261920487,-0.00297004984295541
2018-09-10,-0.023322989412953268,-0.021998603107524065,-0.018614357692328096,-0.019109453096122164,-0.017977264908478494,-0.014658569208157349,-0.019293280703796878,-0.01937988687933793,-0.019423552629213567,-0.020890243339400448,0.0024327460735528196
2018-09-11,0.00526017036680135,0.002843004191832317,0.00367320471572329,0.0023253496258374925,0.0019720056542526093,0.0016443634200956007,0.0017368112750483253,0.002744700292924438,0.0032322223055914886,0.004236391182078859,-0.0010237791847224915
2018-09-12,-0.0009606490524221814,0.0011813897401236613,0.0017294557696726316,0.0013142867534426343,0.0029436242317071102,0.0017475224412088,0.0018867740291404302,0.001970543776074643,0.0015999783900228542,-0.002984235162527612,-0.002023586110105431
2018-09-13,0.0065192953857189425,0.009056096167726926,0.009304793299135788,0.00854713999452305,0.007880109246937722,0.008699920824265323,0.00988810202304807,0.009783806085877884,0.01015345942977427,0.008856342893267012,0.0023370475075480696
2018-09-14,-0.011423393652986022,-0.008924093268431816,-0.008405057219120916,-0.005599122134141555,-0.006883259219523198,-0.008168397014964999,-0.009850743439269026,-0.011071317501437587,-0.013638634172322833,-0.016546387747865078,-0.0051229940948790565
2018-09-17,-0.020817066645752613,-0.019902167304731842,-0.01670338593315843,-0.01519775381999127,-0.017294864336241198,-0.0152122047397085,-0.017011251528823254,-0.015586942542434737,-0.015584508433676286,-0.014791564597755137,0.006025502047997476
2018-09-18,0.0211456729759454,0.01899449609436407,0.018313710485788573,0.01752793036787381,0.01741943540377501,0.016521206313247844,0.018060194233549293,0.01734700894339095,0.01629949029242772,0.01995956027758347,-0.0011861126983619304
2018-09-19,0.01527050294718681,0.012705548842510586,0.011344420604440738,0.011116061960408069,0.01053369659393419,0.010572708579729442,0.010172043052376418,0.01006869290899224,0.009605396044183635,0.009029919078565912,-0.006240583868620898
2018-09-20,-0.002356371841039091,-0.002414526807629252,-0.0021331508530666667,-0.002048565234970827,-0.0016085006005122377,-0.002608575660764506,-0.0025920803833160747,-0.0007660811712036089,-0.0034950385656058102,-0.002806891542246338,-0.0004505197012072467
2018-09-21,0.01627455831572905,0.01516798048780736,0.015329153586579795,0.014883576698420463,0.014493423885650749,0.013044741139315296,0.013444074732104908,0.0126599454575433,0.010108511831631313,0.0028786196283653747,-0.013395938687363674
2018-09-25,-0.003128963926549497,-0.0019294555595733038,-0.0028283125432193713,-0.004316099240569566,-0.0023246837435360783,-0.0023817201586286054,-0.0033947360813263204,-0.0048338609325569645,-0.0033640542821970158,-0.004324554773158197,-0.0011955908466086997
2018-09-26,0.007480617720016303,0.00495797236984063,0.004009186260920407,0.0029843765122277432,0.0033812400559383375,0.004033235353117416,0.0024087915482540623,0.0025562897370984476,0.0033373168755395696,0.003130963304216784,-0.004349654415799519
2018-09-27,-0.016079176072082632,-0.015489437855037418,-0.014937519639972275,-0.015618621171000475,-0.016501629340111002,-0.014969793045115108,-0.017481084263235074,-0.017666421174777028,-0.021021414921225657,-0.028663104183683508,-0.012583928111600876
2018-09-28,0.01139447781409545,0.0104840141046008,0.010379374151614417,0.010722877807024814,0.010271335157679707,0.011999049231830611,0.008858660648840371,0.009911197465262185,0.008384217512626654,0.0061964333450381945,-0.005198044469057256
2018-10-08,-0.03780217349673709,-0.035667179048946326,-0.032828787438592084,-0.03181080275123049,-0.032468170317328654,-0.03217516388628372,-0.03251210525832149,-0.03318631035221091,-0.03570167476135113,-0.03564289859956139,0.0021592748971756975
2018-10-09,0.0032118860477265156,0.0008797632789375964,0.003090818045452138,0.0024219843524318587,0.0017232108420055531,0.0038076779703508884,0.0039157386688275855,0.003854780219673039,0.008157605461318211,0.00767739345520603,0.004465507407479514
2018-10-10,0.0038701048635742877,0.005329892593856833,0.005800464872240825,0.0021464025256095545,0.004439681963095767,0.0037387353965688246,0.0027014640520363754,0.003025889732467337,0.003216756735641904,0.0032399268177608436,-0.0006301780458134441
2018-10-11,-0.07893626708181695,-0.08094335102003775,-0.07920750551616054,-0.07684271457236094,-0.07350228007996346,-0.07243881231580888,-0.07668801857891563,-0.0742706254776626,-0.07423907867444393,-0.07830743199129633,0.000628835090520613
2018-10-12,-0.002354564995296093,-0.003998676490292447,-0.004727081367550409,-0.004270991677924094,0.0012249971489296484,-9.523311017656981e-05,0.001338942835559685,0.0033110411998443657,0.00587183699653535,0.005030226424933039,0.007384791420229132
2018-10-15,-0.011834842203278167,-0.012059757897507184,-0.013043879471183533,-0.012509683534244358,-0.011415731366974331,-0.01171666851404007,-0.012530719044620862,-0.012870707663810942,-0.014296179157062872,-0.013749455757011982,-0.0019146135537338148
2018-10-16,-0.020628001497222742,-0.01962542757060963,-0.01935384389753248,-0.019316643092637267,-0.020155216527603048,-0.018686882820445568,-0.018381609955612558,-0.019286561117943527,-0.01673577173213557,-0.01973619950471993,0.0008918019925028137
2018-10-17,0.013316950801167186,0.014993985931401001,0.014775204526654057,0.01201984106459868,0.013388181527705094,0.011415664754822377,0.0088025829194305,0.008153425261671343,0.0023097147396217684,0.00018956901607397603,-0.01312738178509321
2018-10-18,-0.03183919665581515,-0.02906895129562486,-0.02758354972708809,-0.027727408339218593,-0.027778905233538688,-0.02799320622488567,-0.028299192869605846,-0.032635794721722594,-0.03409935311725522,-0.04742951914482437,-0.015590322489009219
2018-10-19,0.024310801636357966,0.024064541497273176,0.024875551965471206,0.023327104935491283,0.02428617145714116,0.02249868239895312,0.025234536985734392,0.023324688205387644,0.020592503831322804,0.017163254844108126,-0.00714754679224984
2018-10-22,0.05131368343856814,0.05329483772776757,0.0499925485919483,0.05085447781451355,0.05016872633322607,0.0518552207375504,0.04888550982362077,0.04953292501838688,0.04594976720569136,0.048341309842940064,-0.002972373595628075
2018-10-23,-0.016530263804820318,-0.015272604479131025,-0.01416434520413873,-0.015737979638548855,-0.01598743436723308,-0.01604511626104644,-0.016107950726488858,-0.016604007144115807,-0.012756828070455604,-0.009914278185255393,0.006615985619564925
2018-10-24,-0.002969889643517447,0.0037971316801339887,0.0016340256958786653,0.0015106620621810132,0.0021448509608993187,0.002141565173541089,0.0027628911032324508,0.003170728547047667,0.002081580101649832,-0.0002369734304169674,0.0027329162131004797
2018-10-25,-0.009015550327189696,-0.007540964534182515,-0.007128346596549582,-0.0075358547584384004,-0.006167462290330614,-0.004908308063546136,-0.006172756605314039,-0.0065198103607019,-0.005874849124562957,-0.005200498967096761,0.0038150513600929354
2018-10-26,0.003858005229053791,0.005898479848100933,0.0067020937363894695,0.007978341749055595,0.005890097751942313,0.007796273481891492,0.008178255072903377,0.00445913438350091,0.0019496529349019777,-0.0013680145658711447,-0.005226019794924936
2018-10-29,-0.013849149620910793,-0.012878715320549784,-0.013691011896245067,-0.0136644239287096,-0.011826915717074745,-0.01436324557455116,-0.011888724540431092,-0.016746066772849247,-0.014614703283041458,-0.014747451568814005,-0.0008983019479032114
2018-10-30,0.01352404798137758,0.012068661872209886,0.012243429518235427,0.012570958384900091,0.01132861112417299,0.011710989821546641,0.012448072053916737,0.011438282870331646,0.013952007331404464,0.014774621469815303,0.0012505734884377222
2018-10-31,0.016552610705984478,0.017232375718253413,0.016172404567541272,0.01797804527472128,0.016032429660756794,0.015660080295626547,0.01706836832262304,0.016368819932975127,0.014137588080122195,0.009583751821318605,-0.006968858884665873
2018-11-01,0.00640556406933484,0.006941165692190303,0.00709104932436382,0.005120700615417603,0.004767967047326118,0.007306372655782124,0.004215468561212726,0.006334666956103838,0.004666319227463078,0.00302025077504367,-0.00338531329429117
2018-11-02,0.028794472390033656,0.029146516817648682,0.027764912732340757,0.027799328382700224,0.02830357450725387,0.03049949671135582,0.026257626115763752,0.02809358719161504,0.026637188151766952,0.025576384937941683,-0.003218087452091973
2018-11-05,0.006798332213729682,0.008146417465553904,0.010790653084645382,0.008073605318854864,0.008857296376169527,0.006260500633669788,0.006949171748700234,0.005045846366170336,0.0068743508868934385,0.013909629533943113,0.007111297320213431
2018-11-06,-0.0015217303885911627,-0.0013924616479121734,-0.0022190679663290523,-0.002085460423816649,-0.0016768982178520834,-0.00036692375232154036,-0.001921816652681613,-0.0015235842097264017,-0.005235152737838837,-0.011620980918354895,-0.010099250529763732
2018-11-07,0.0015249925998472146,-0.001952934154606505,-0.0010044523527929596,-0.0016222414140998436,-0.002675850269899216,-0.0034642014407670024,-0.0033878011975552315,-0.0021064370439388912,-0.005526705281480416,-0.004918244211958866,-0.0064432368118060804
2018-11-08,-0.0002908321503071186,-0.00038682200310816226,-0.0012843870201123017,-0.00058947338964412,-0.000566128597329985,-0.0008246712853471633,-0.0025341096099225978,-0.0018996803169707937,-0.0010870963008761689,-0.0015506362979812011,-0.0012598041476740824
2018-11-09,-0.002138068303784735,-0.0002881942091631506,7.549346060419307e-05,-0.0005329781648404424,-0.0006437811033009768,-0.0003623778703030552,-0.0026798679639613667,-0.003713184062782924,-0.003394431089715267,-0.007327803675869882,-0.0051897353720851466
2018-11-12,0.03096240641203485,0.03147541948351537,0.03153710087030942,0.03157244586123141,0.02861805653276891,0.02888546738641124,0.030121893820897028,0.027665834939193033,0.027463464616408674,0.026849749673107447,-0.004112656738927401
2018-11-13,0.018892773490796412,0.020387095590241548,0.020167218135603647,0.020435245351303106,0.021445202381236098,0.019585196448128974,0.018514218750115954,0.01665663868263546,0.017643498452349082,0.018689688749636807,-0.00020308474115960512
2018-11-14,-0.0020451900134640607,-0.00019232720390203223,3.1076024355512966e-05,8.106580436055989e-05,-0.001214765753669398,-0.0010527300569221558,0.0006675091203405859,-0.00045488429923049256,0.0015344741761568435,0.00040424532378349244,0.002449435337247553
2018-11-15,0.019469256177624343,0.021368043529405925,0.0202390185162308,0.018912737194992178,0.020411833685640864,0.02067425850312754,0.017874622898380054,0.019044727706481024,0.01636307397897082,0.01955612894268448,8.68727650601385e-05
2018-11-16,0.007551887403499647,0.007951738125913491,0.008612196498047373,0.008698659062578502,0.010572830232325432,0.009543174661295492,0.007802020485057534,0.010714493487756195,0.010679595717513281,0.01375092914715768,0.006199041743658033
2018-11-19,0.005700375979638277,0.006358130566292258,0.006785217300809342,0.006607515967834126,0.004425474549137507,0.003530136899620853,0.00509673426509636,0.0033822579616558743,0.0043047874090070895,-0.0035327221328366786,-0.009233098112474955
2018-11-20,-0.02606795507676801,-0.02640509533118013,-0.026095955933487684,-0.026170428234609952,-0.02609404241147445,-0.02661935500674946,-0.023281253992811182,-0.027112655370680513,-0.03020498180129931,-0.034288742680633505,-0.008220787603865496
2018-11-21,0.006705120117254786,0.006879099611826018,0.007554606072736978,0.008125415792883327,0.00970177085665328,0.011100803618245236,0.010706480892875127,0.01043909220110525,0.01128557016261546,0.00827343461526612,0.0015683144980113348
2018-11-22,0.0024665347751866374,0.002393208179606678,0.004034437401387814,0.003070665786014377,0.0028371184973883974,0.0035115926331422105,0.0009502910842319903,0.00019150564217951553,0.00023095423943372178,-0.005921007970572857,-0.008387542745759494
2018-11-23,-0.0405332694741596,-0.04378919789392409,-0.04242553691821486,-0.043491952423077684,-0.043271254401209935,-0.04504854056946836,-0.0446194513880177,-0.04604523476629978,-0.04821902560092163,-0.053965136708652175,-0.013431867234492578
2018-11-26,-0.0006633922436682717,-0.0028909771862790897,-0.0029127591005297638,-0.0029200367780585863,-0.0007511829864897205,-0.003963277818672841,-0.005461690161340202,-0.0013519092778564563,-0.0005300099662598913,0.0031247771812928267,0.0037881694249610985
2018-11-27,0.008204162541012826,0.008988727489020017,0.007529108043301263,0.007338171957720435,0.00817126870926072,0.009261478791308814,0.00828458391404599,0.007030279819939365,0.010183488264329098,0.006887494456758197,-0.0013166680842546285
2018-11-28,0.01443803089659504,0.015097722207119043,0.01392510080182953,0.014279799677015332,0.013117666786446146,0.012255486924825563,0.01454477156095549,0.01521386259222077,0.009220547301542183,-0.0010208690676562588,-0.015458899964251299
2018-11-29,-0.026282904589813298,-0.01990904539563336,-0.0195434063127819,-0.02070268148693764,-0.021275008255503727,-0.022149009763496902,-0.026482077054379105,-0.027793031378838817,-0.03166351642364588,-0.03543617547510652,-0.009153270885293219
2018-11-30,0.01150441257555019,0.009455479186496338,0.008261345868344308,0.009646527680138735,0.008193977280299893,0.008089817558750332,0.006667352147424232,0.005851419818523435,0.003534328100300959,-0.0017657459036231797,-0.013270158479173368
2018-12-03,0.03497582870160018,0.03337980949139335,0.0317762179594758,0.03223057407666534,0.0310160447208383,0.030888645170632754,0.03167658112487742,0.03144272003937093,0.03123258053489883,0.03228242805587858,-0.0026934006457215998
2018-12-04,0.009065761357220696,0.008052679215298722,0.007297352231321858,0.006200592046530919,0.007739387676225598,0.008332074378146065,0.00788868826383396,0.007096071459125041,0.009658267996182439,0.011618775779540184,0.0025530144223194877
2018-12-05,-0.007506617125534906,-0.005989325694454267,-0.0044158127753889855,-0.006794454040950242,-0.006989671149068332,-0.008103621959268708,-0.006146841700301319,-0.008176497530873331,-0.009739100096186212,-0.015756847085421806,-0.0082502299598869
2018-12-06,-0.018719949997608572,-0.017161337687332696,-0.017282190728448617,-0.016325250421636683,-0.01860472442807756,-0.017181558922323478,-0.017040935348256563,-0.01820119855758255,-0.01690722053495159,-0.01804548488131533,0.0006744651162932415
2018-12-07,0.0018424148010328255,0.002702861074256546,0.001480294028821227,0.0018173891499490263,0.0007746367635822264,0.002988160002884434,-0.00017632027041879206,0.0017680421602329582,0.0030132978577305115,0.000883030584068117,-0.0009593842169647084
2018-12-10,-0.013032396825025423,-0.011466555353535253,-0.012613918327556383,-0.0119150529849999,-0.010535406068201626,-0.011641236350187507,-0.014009605963691338,-0.013323201595347684,-0.012367596959286315,-0.013261881170160573,-0.0002294843451351499
2018-12-11,0.009734761880538567,0.00771461170131422,0.00787472437090525,0.008818696662088149,0.00792069701180906,0.008778648154150578,0.007886976602679563,0.010072938307165331,0.011419691133877363,0.013608223047387118,0.0038734611668485505
2018-12-12,-0.0009610320102704133,0.0018189279915436646,0.001690685508626348,0.0009370493375208302,0.0005518257609623337,0.0010515377858005776,0.0017407111806463074,-0.00020656767737355238,-0.0005083117819298742,0.0016113432726769096,0.0025723752829473227
2018-12-13,0.010302454326615413,0.010007054540354741,0.00996207234711539,0.009195493976662845,0.011458324309351335,0.010392836096755119,0.009238469444135606,0.007988541904872191,0.007524066331144682,0.0036086467739529825,-0.00669380755266243
2018-12-14,-0.029136369908657908,-0.025508380028563135,-0.022314958413003176,-0.023184027080387103,-0.024816059314358426,-0.022251781755188535,-0.02371459795037084,-0.02565181760978691,-0.02687501551994151,-0.0346227506575672,-0.005486380748909295
2018-12-17,-0.002808485330631307,-0.0013121523301610756,0.0007323223897188502,-0.0023863655842375135,-0.0018914180968273402,-6.06995211758112e-05,0.0002603774346969589,0.002059099286409008,0.004542827212313762,0.009861970257262036,0.012670455587893342
2018-12-18,-0.0058752693805059954,-0.00479898914363055,-0.004887540220671646,-0.005896842328524752,-0.005902461763190517,-0.005533956299169345,-0.005597169175268762,-0.007380828712002934,-0.008246119505962313,-0.008132408011467468,-0.002257138630961473
2018-12-19,-0.01312597872050735,-0.011645485884436885,-0.012663971681658729,-0.012699805088983263,-0.011549906010113194,-0.01151861274658868,-0.010487968297736128,-0.012209911802057985,-0.012302023567611287,-0.01175166639921467,0.0013743123212926808
2018-12-20,0.005501447151266236,0.00503642795557016,0.003405666278002321,0.002887247398344262,0.0038790152880306796,0.005136261206320979,0.004087932881818236,0.006578413155332251,0.0062833374196616006,0.009335097704942133,0.003833650553675897
2018-12-21,-0.007012689951348275,-0.0048270668755016136,-0.005701637517361887,-0.0049685183353376855,-0.006581086063925096,-0.005931862311448495,-0.005633095118190596,-0.008051770230133152,-0.007081798053965497,-0.011265824452231423,-0.004253134500883148
2018-12-24,0.009385239995023997,0.011636065475984666,0.011019136155620148,0.0073338532655141874,0.009640223455234893,0.010075805930291008,0.009195927833480956,0.009257734381059406,0.008739509427930165,0.0059876448028191925,-0.003397595192204805
2018-12-25,-0.006342196098119757,-0.008297586371988094,-0.01117344245233717,-0.011967335760725008,-0.013143991024550937,-0.013172515236470384,-0.014420924451405952,-0.013360623167479933,-0.013756745548295366,-0.012138318062718412,-0.005796121964598656
2018-12-26,-0.0020358401993133034,-0.0025607028002049654,-0.0017797861072968053,0.0006641005300524947,-0.0028860448742856985,-0.0013271003136053146,-0.0015839936816032037,-0.0005599188325911502,0.000514214952329622,-0.0015429762491257402,0.0004928639501875632
2018-12-27,-0.013482537362168638,-0.013242726821558502,-0.014529870511183929,-0.01289100552153076,-0.013772001734290308,-0.01448742420621894,-0.01729475341086361,-0.014834452472428036,-0.020663980572782775,-0.02435383712728434,-0.010871299765115701
2018-12-28,0.002753556484677068,0.0022323216444305348,0.002976110635835706,0.001142176998111743,0.0019021772074286677,0.001942962457740404,0.0016366034358165625,0.00020417174501553365,-0.0015207713242836962,-0.006524670225279999,-0.009278226709957068
2019-01-02,-0.0036372065620346537,-0.0018249363806843392,-0.004497820491595827,-0.0034572578219854103,-0.0029641637010336145,-0.0033322638821104223,-0.005154307816722891,-0.004139033176936161,-0.0009425021757768716,0.004492920624608215,0.008130127186642869
2019-01-03,-0.004089642290641359,-0.001733419435531898,-0.0025146421804700743,-0.0007672053675830232,-0.004217952153315565,-0.004940972321916377,-0.005479988019644635,-0.006589030162439974,-0.008982937231082224,-0.017943277375527575,-0.013853635084886216
2019-01-04,0.028646364861142436,0.02671599631310634,0.02643366291958423,0.024040246784033638,0.025282443396383372,0.024333028554584097,0.025386918762289663,0.023496621106448318,0.024509152863766034,0.024699351825313475,-0.0039470130358289605
2019-01-07,0.020461020455488546,0.019428227584906366,0.019006575681387812,0.019903082813401377,0.017256367834734016,0.020902177586116004,0.018232051709193862,0.018405545997729682,0.02127840306679398,0.022032542459794035,0.0015715220043054888
2019-01-08,0.0014891577764779994,0.0010157028284077238,-0.0010167544406231314,-0.0005465486260337474,0.00130133970240802,-0.0015971026366225435,-0.0010969576724627675,-0.0015045415346003612,-0.004128372668784208,-0.005570823944388741,-0.00705998172086674
2019-01-09,0.004217655605110446,0.0034048737448518027,0.003193750690899696,0.003862207513506696,0.0036759335724172405,0.0019463520150565109,0.0010394064640366508,0.004581195062774819,0.0021669135377459198,0.002125142407819489,-0.002092513197290957
2019-01-10,-0.002216661944031628,-0.0024974037989687068,-0.0020591214998156816,1.4661928092696242e-07,-0.0013593967617258852,-0.0006765232307299661,-0.0018222688132219565,-0.0025722952017493586,-0.001836140349077894,-0.0004470181333426585,0.0017696438106889695
2019-01-11,0.006792001196033345,0.010973472570538574,0.008157921886946282,0.008961554014630002,0.009084054126426986,0.0093051106367304,0.008068387560472604,0.010634450105660224,0.011076277485895031,0.00690654126617406,0.00011454007014071507
2019-01-14,-0.007054159366415338,-0.0069149284917223025,-0.004978009868330373,-0.00458179780397375,-0.004578874530562189,-0.003435424277701731,-0.005797007522494029,-0.007458521977644165,-0.007382807674944114,-0.00611869634279757,0.0009354630236177684
2019-01-15,0.014164561164723147,0.012640425350175339,0.012539737639194463,0.013448322096257181,0.010359443484476602,0.011527600886951997,0.012833829061375321,0.012108058944907543,0.010316909785577132,0.004362007260188457,-0.00980255390453469
2019-01-16,0.001207562792938062,0.001234011360241343,-0.0011119174111865761,-0.0005003666784327077,-0.0005161988052063799,-0.0018420302519349305,-0.00233683933705328,-0.0026766308367141716,-0.004919321576191344,-0.006930294901566233,-0.008137857694504294
2019-01-17,-0.010508650953030562,-0.008345014166662865,-0.009646777842182883,-0.009673678793261475,-0.009979093810538353,-0.0100326076914913,-0.010016842357580649,-0.010026590010648836,-0.011907320480930537,-0.009578813705821814,0.0009298372472087476
2019-01-18,0.008616788987289112,0.00968549392311565,0.009981682701283433,0.008659916477217113,0.009150758340715635,0.007753128657477746,0.0066056185416923895,0.006151693844651105,0.0015054643722120114,-0.006577287297821944,-0.015194076285111057
2019-01-21,0.005592069320314098,0.00604293819773042,0.005758701498294675,0.005395450815991383,0.005715488562815637,0.0076514731773171625,0.00521044191210707,0.008276063403548124,0.005297416071183202,0.003454324840305864,-0.002137744480008234
2019-01-22,-0.01053329786448408,-0.009883526130549148,-0.010152186715953432,-0.011544238143873647,-0.010292601346248001,-0.008890993184127081,-0.00926761458649619,-0.009218187209629837,-0.008373009731772421,-0.006775605871056866,0.0037576919934272143
2019-01-23,0.001149016574027513,0.0008740116789925422,0.002228855307217331,0.0006562265523198611,0.0005892901716775358,0.0025586423627008918,0.001237715640683932,0.0009391895461408669,0.0032189444403040854,0.002996862867038781,0.001847846293011268
2019-01-24,0.005918535841042589,0.005768407393220421,0.0056328513717373956,0.007874146444174376,0.005868416523655521,0.004510241257696043,0.004279086573058782,0.0038489832477983424,0.0020535086326617926,-0.0020125241410617256,-0.007931059982104315
2019-01-25,-0.005506172106994493,-0.004872265900098765,-0.005868283083154327,-0.0074683057824317355,-0.005672199934050491,-0.0058839615770009904,-0.009079156810776408,-0.010199303072011244,-0.012782291164341524,-0.016857728098415303,-0.01135155599142081
2019-01-28,-0.005197745975327104,-0.005130341920545051,-0.005590741713148897,-0.008440989584927967,-0.005644187010142817,-0.005672945800030229,-0.007795329654627795,-0.007995414411429556,-0.011435856533206529,-0.01418445181742729,-0.008986705842100186
2019-01-29,-0.016977631952647745,-0.017886631248240477,-0.016393126725237947,-0.017359193218187366,-0.01724669873286059,-0.019450737531512365,-0.022071069492101462,-0.021586328937074694,-0.026929489511674613,-0.02381195953693274,-0.006834327584284993
2019-01-30,-0.0118546547748271,-0.011675238171446532,-0.010822035083804778,-0.012308594583167107,-0.012170840468816443,-0.011594305286642636,-0.01527732070227945,-0.015823630958936373,-0.016809084013039544,-0.02705784883695911,-0.01520319406213201
2019-01-31,-0.021140278137410207,-0.022151677862789883,-0.01902272831458357,-0.015901199117413656,-0.012858131572580526,-0.015607089602829957,-0.01619540995197799,-0.015131405263101428,-0.018254936076382292,-0.023491176950236288,-0.0023508988128260813
2019-02-01,0.03615740768481228,0.031438047301314706,0.029861482632946378,0.027153945829542402,0.026412130934774042,0.02586841382764997,0.026404000482571216,0.02652574854994171,0.026776607606438352,0.02899322539430293,-0.007164182290509347
2019-02-11,0.030684203859690604,0.029572462851411904,0.028179046569649584,0.0245841911610334,0.025652332130113763,0.02349171698406748,0.02379190094732671,0.025716254584945288,0.02611360535283017,0.03466074892915191,0.00397654506946131
2019-02-12,0.019359533668542143,0.01648938785064972,0.017141583286940563,0.013543867479847026,0.01248087734685606,0.011474947119591641,0.011606432370370262,0.010919628107999783,0.012416732664219589,0.015969063822994234,-0.0033904698455479096
2019-02-13,0.018750657213133234,0.01943885099542065,0.019471326838134007,0.018188146678879014,0.01943108899519019,0.018213542551431105,0.016047733425446964,0.015091207194763222,0.0170893905847636,0.014817351673781162,-0.0039333055393520715
2019-02-14,0.006865163099796666,0.003854245469580855,0.004882087714013976,0.0042781542576032765,0.003803679005839042,0.0025871737717887227,0.00445601128385386,0.0027670292797320104,0.0048638481434556975,0.006650803605372558,-0.00021435949442410833
2019-02-15,0.003588709998594576,0.0021565125223597993,-5.110010758536108e-05,-0.0008883490318980889,-0.0012644971292488922,-0.004849822485999449,-0.004969264332308815,-0.004677172612442259,-0.002010932066227623,-0.0017611962093297623,-0.005349906207924339
2019-02-18,0.034963588238684506,0.0323303153610051,0.03352297700068384,0.03303727401082817,0.030576622048360962,0.0318301104216427,0.03126147457668075,0.03422985915962122,0.03397606500669548,0.037724425420053886,0.00276083718136938
2019-02-19,0.010966663713355106,0.004768068824032244,0.0023251725955647927,0.001594407899111575,0.0007657449417266049,0.0014452339535897102,0.0017558860338492013,0.002254266562804123,0.0032266337893262047,0.0031593354427301022,-0.007807328270625004
2019-02-20,0.005555435922169064,0.004906755656765812,0.0022172830608107328,0.0027351915472388546,0.0017476551366618046,0.0020531493235319007,0.001638210145807275,-0.0003909848626706288,0.0012970296090556194,0.003152693720371363,-0.002402742201797701
2019-02-21,-0.00329684071281115,-0.0028370627923277056,-0.0011144396962166634,-0.0032755688185942826,-0.003981383788225822,-0.004189625581548879,-0.004491916817019867,-0.004809679121082171,-0.0036414274918467097,-0.0034978722106199568,-0.00020103149780880672
2019-02-22,0.020215182838259495,0.022656893023341867,0.021453785717774537,0.019180228929226155,0.018729872210886678,0.019541521188578465,0.019033256890981322,0.023852468247176586,0.025540851386984018,0.023449227802816767,0.0032340449645572727
2019-02-25,0.04744540873946679,0.049217437202911836,0.048089625973719505,0.04736210722907629,0.04710188403839112,0.05004735531897031,0.048556181119391015,0.049930505906790504,0.05169366003514149,0.05128300678958851,0.003837598050121724
2019-02-26,0.0013245203781889266,0.002110054327017296,0.001647995512693034,0.0018621678686657076,0.0006734117654875829,0.004852728353185096,-0.00010891397797762096,-0.006157255796444716,-0.00785167328668403,-0.014590849986092004,-0.01591537036428093
2019-02-27,0.0022081286616765826,0.0008030818253887239,0.0012584963273114386,-0.0018393191907452513,-0.0010076848431890659,0.002123104782583704,-0.002577417182579012,-0.002386628411593987,-0.002734177179411583,-0.008120053764936217,-0.010328182426612799
2019-02-28,0.012081617318078573,0.00993285563739397,0.009365648676874184,0.010186776276108134,0.007256541305431817,0.006476089762372123,0.00799999496964727,0.002263486827043723,-0.0021835965493451873,-0.009849077111220387,-0.021930694429298958
2019-03-01,0.0026232624241375505,0.003167323061371464,0.0038346049869885336,0.004734762446456001,0.004276990502836146,0.003703607373508086,0.005745441071615421,0.007546080582062312,0.007940204424244137,0.018517357063911465,0.015894094639773915
2019-03-04,0.01630889713829314,0.017111207167029033,0.014341431959352452,0.014874564411875665,0.01559472820387298,0.015962040776996016,0.017461732973638552,0.016759526465986052,0.017881411175170017,0.024685806864775617,0.008376909726482477
2019-03-05,0.026033816263998005,0.027014896137606534,0.02792525085390036,0.02517377548927579,0.024763252670215567,0.023539634207464535,0.025453921820938353,0.023704266858909646,0.024185611589009837,0.021642519254171662,-0.0043912970098263435
2019-03-06,0.025670341415270553,0.02215685669523183,0.021162579941537436,0.02063782824155065,0.017738616163799854,0.018711786270018488,0.017683252824685646,0.017791931800268806,0.017284594660397275,0.02634050571904968,0.0006701643037791277
2019-03-07,0.016476451519469033,0.015167411808331425,0.014236687312376041,0.01453385859489446,0.012588648086307545,0.01584192415875435,0.01430594037999412,0.015103428533568355,0.015492015370578038,0.015333595562786783,-0.0011428559566822507
2019-03-08,-0.0438542046388564,-0.04264079710562242,-0.04793240527344317,-0.04645833500579591,-0.04759354555406302,-0.04467416484843205,-0.0475246185294515,-0.04978888795147941,-0.05019151794825818,-0.06285648504177666,-0.019002280402920256
2019-03-11,0.04162917016391113,0.040275099339451864,0.042747193111360035,0.04482199502248095,0.04626038634906367,0.04588453052750304,0.04705515423216572,0.048389980996191274,0.04666552457985743,0.03986762741987143,-0.0017615427440396958
2019-03-12,0.015981779194454974,0.017652693336041865,0.01625463303021569,0.014907818448325682,0.01476947614772247,0.0168090711464028,0.018622068381869132,0.01700154775802933,0.020634541948664032,0.02370597170918851,0.007724192514733535
2019-03-13,-0.01219077108194514,-0.011426773532038765,-0.011574947165323158,-0.013564447404463019,-0.01422942569399549,-0.017776623639894653,-0.019632375054170564,-0.02413584205933883,-0.02627229527673248,-0.040724156875864725,-0.028533385793919584
2019-03-14,-0.01695733607098047,-0.01771758485235838,-0.02150767380479309,-0.022146363477745623,-0.024695505417549724,-0.028940702438077604,-0.03203292351941668,-0.03127749335843773,-0.037659269775836675,-0.046758730090424146,-0.029801394019443674
2019-03-15,0.019580645467881345,0.018242190039942072,0.018992792284208408,0.016525777551696673,0.0202626925833038,0.01602949396234647,0.018560165709053278,0.014055105346000095,0.01595168023984738,0.010113544307331787,-0.009467101160549558
2019-03-18,0.030173577885553936,0.02796240149491952,0.02671513996011966,0.02768412792950046,0.024824175300261528,0.024580401119924836,0.021057026342809836,0.021209682650272576,0.018948056603403724,0.016243518408005104,-0.013930059477548832
2019-03-19,0.0052842310984278105,0.0028819423620963566,0.003126459401708172,0.0034422097205194673,0.0005093364117037667,0.0038602523076479347,0.0027899486518642392,0.003445668246539313,0.004601298408472258,0.007262437064707004,0.001978205966279193
2019-03-20,0.004439496553689819,0.0021260396554459134,0.0005154147638790634,0.001358366298106955,-0.0012792756007192667,0.002988013514394801,0.0005680545815195581,-0.0010642570397124945,-0.0013386873681115457,-0.002774350281798319,-0.007213846835488138
2019-03-21,0.011259958276287407,0.009033205926093905,0.008856222338464467,0.009697007644736267,0.008803619464810768,0.011218078819510077,0.011154002629532967,0.00997580638721041,0.012851144403852852,0.015433935076193728,0.004173976799906321
2019-03-22,0.007653930984255803,0.008801725517346377,0.007134696779312274,0.006801211704977342,0.005617863615338725,0.005705604586006916,0.004865323216983793,0.0016977895969594952,0.0011547641840508858,-0.0017650235235272486,-0.009418954507783052
2019-03-25,-0.007368643773562505,-0.008153716196651471,-0.011455712185851754,-0.006817977903208851,-0.00953599996526761,-0.007223097779995664,-0.009643554074213497,-0.011038744150410416,-0.012320917548303235,-0.01387238583670155,-0.006503742063139044
2019-03-26,-0.02715637163780147,-0.025654914900874293,-0.025158974544149504,-0.026168462302811626,-0.022703919504628533,-0.027210384573196796,-0.025777409695882925,-0.026463985927329167,-0.02726289628410622,-0.02515498176508696,0.002001389872714511
2019-03-27,0.006702519594560375,0.009853162244101378,0.00770283125637981,0.00790968472418646,0.008260213416897248,0.006003612713621199,0.006180255277342714,0.004265233224001503,0.004058627568139444,0.0046335109461386175,-0.002069008648421758
2019-03-28,-0.011346856334032594,-0.009722443786723566,-0.011538506792707046,-0.01114166005605494,-0.012032529354374674,-0.009981080382130365,-0.013728748374783942,-0.013247394983100402,-0.01777506187623889,-0.021785073959982033,-0.01043821762594944
2019-03-29,0.02963348052123621,0.028583357477255558,0.026362589611430266,0.027223294501945126,0.026712278952457893,0.027968116182107136,0.028197739076120096,0.027602647395650097,0.025490830239637493,0.025802534565881843,-0.0038309459553543673
2019-04-01,0.03425373991463707,0.03524222855704594,0.03481830994386666,0.03308115007703144,0.03349218688756714,0.035815405182181716,0.035094448256806625,0.03664025526726791,0.03678059628140585,0.03921434495105279,0.0049606050364157175
2019-04-02,0.008951572435215743,0.003839588028779848,0.005734827472086819,0.0051987120208564774,0.004522390725092683,0.004360937774569141,0.00577625800890398,0.0030248194485234005,0.0027032882801472664,0.005327956079593316,-0.003623616355622427
2019-04-03,0.01362466754137276,0.014837149984700473,0.013256129476958336,0.013022119123037527,0.013871425807096494,0.01031992706689687,0.009646565958026859,0.013578626922214697,0.0068611416382612575,0.004753856929873052,-0.008870810611499708
2019-04-04,0.004181520466551563,0.006113572121484801,0.004706846887731419,0.0028872105004799087,0.006087262571632444,0.005320847711203079,0.0016419475877929,-0.0007846719990008835,0.002163685211213756,0.0014393553946438753,-0.0027421650719076877
2019-04-08,-0.0038723565227744066,-0.002618611408718354,-0.00526089188384893,-0.003771076045465145,-0.0038335033528633083,-0.001101303461474277,-0.0038020492484990074,-0.007003389997818317,-0.007865751401950808,-0.0025778264735241497,0.001294530049250257
2019-04-09,0.00996877285962235,0.009735390258819657,0.006338516384073787,0.004392906861804039,0.0061251640338950255,0.006143357096666187,0.0036060046115537576,0.003885004739913202,0.0011727213650078296,-9.373249387158237e-05,-0.010062505353493931
2019-04-10,0.0015661212038304566,0.002605606032371164,0.0007388681629031283,-0.0014341444231904896,-0.002345732867221341,-0.0017249755231063086,0.00015993387970233497,-0.0016742233373093548,-0.00472481765930611,-0.005080953962020927,-0.0066470751658513835
2019-04-11,-0.01851395752877652,-0.016285776858458476,-0.016276793042007992,-0.016536746626736765,-0.015772226481177216,-0.019439833157284158,-0.018582354457085115,-0.016429849763492196,-0.018026142564935274,-0.020516371205712935,-0.0020024136769364147
2019-04-12,0.0012735469121899906,0.0019801414964394698,0.0015436577128216512,0.0004012471124259857,0.001109687555830958,0.001568539275779506,0.0023619864188856392,0.0016004344892786234,-0.0014640371438123397,-0.007458576653263123,-0.008732123565453113
2019-04-15,-0.005566314866602997,-0.007129609887586517,-0.008096529313919692,-0.005283030243583734,-0.008711325152379408,-0.007323059200502013,-0.009426892403805082,-0.0103350545510422,-0.008266510804357585,-0.007073384278821466,-0.0015070694122184692
2019-04-16,0.021250808353525285,0.020184467998293296,0.019452653735390693,0.02276795516889766,0.020179183007101753,0.01970082329314998,0.01985215416622029,0.019358895709229582,0.017601662044228666,0.016612972029285775,-0.00463783632423951
2019-04-17,0.010316637410737874,0.007799391563192872,0.00861938219401048,0.006804962701213052,0.007330688247585355,0.006215283929649142,0.006526466448216061,0.008312297756350132,0.006763592449194336,0.010612370237189953,0.0002957328264520786
2019-04-18,-0.003978463434369459,-0.0037789347635638374,-0.004636171112823272,-0.005489355922635823,-0.005851413376809167,-0.007135669988780789,-0.004543646877659402,-0.006953734824749414,-0.00803121160829417,-0.014334903086542068,-0.01035643965217261
2019-04-19,0.008397723251185879,0.006513479679706996,0.009607131940082432,0.006466779817201041,0.006663834522030704,0.007591190017888,0.009375470263291365,0.007515814812618149,0.007218051879137357,0.0034866955352250953,-0.004911027715960784
2019-04-22,-0.010814734008121007,-0.0117799981083766,-0.01192653813104056,-0.01455922287815012,-0.011578396118452738,-0.012829716431179155,-0.015322944662828818,-0.012334049496018618,-0.011736240968634399,-0.01606496441959942,-0.005250230411478412
2019-04-23,-0.01980447479870388,-0.01842953904937063,-0.01770580865935975,-0.015557835586455893,-0.0160609324865507,-0.01581767284882247,-0.01732502324132406,-0.016480853666425613,-0.021483471852308297,-0.023094717265995025,-0.0032902424672911455
2019-04-24,0.008990546542614695,0.008854374667322536,0.010458528595455659,0.010429468868415765,0.009784396288488905,0.008323261812425814,0.012142101319785117,0.009028175430959445,0.01142480168999991,0.012182145375915034,0.003191598833300339
2019-04-25,-0.03796405436432938,-0.0379413812842108,-0.03842585192329517,-0.038241220834854525,-0.03690313244327047,-0.037475852542782975,-0.039044353001805795,-0.04369827494755146,-0.047674271032576265,-0.04736056720733718,-0.009396512843007798
2019-04-26,-0.012562531984633852,-0.008421866290057674,-0.010654315984859308,-0.010461259527967316,-0.010687682759185864,-0.008894042524168057,-0.012662859572067049,-0.01563986168285244,-0.01559176137451912,-0.013291219243954863,-0.0007286872593210113
2019-04-29,-0.03564226920913459,-0.03159242246425655,-0.03155658160760365,-0.03157958632145989,-0.028368397171742117,-0.03270742604539031,-0.03377783433808625,-0.03591293686982601,-0.04341866922828727,-0.05257848172097713,-0.01693621251184254
2019-04-30,0.01380292713956854,0.01754139163924888,0.013893961973121847,0.0119490969690522,0.013811012613020937,0.012469584499541574,0.011922085518409018,0.01126585992132248,0.011938035584426552,0.016350731539430154,0.0025478043998616133
2019-05-06,-0.07391069055714179,-0.07401340945077374,-0.07433308376470418,-0.0733212735855371,-0.07053621544404362,-0.07486563551988687,-0.07480221066640241,-0.07727629182264371,-0.07991465327465361,-0.07697681671542675,-0.003066126158284957
2019-05-07,0.026072228197130638,0.02463948036540697,0.02087760927776551,0.019854451593249712,0.018506073356525737,0.019321954996774922,0.017100571676603143,0.01921592285482425,0.020538034546585593,0.02755211088086021,0.0014798826837295713
2019-05-08,0.00018405425617293558,0.0025195223780179244,0.0037714641776072665,0.0021706386622658727,-0.0009594860028112788,-0.001060090536552553,-0.0015949819087664476,-0.00184928149908132,-0.005074419741596276,-0.0087062294848779,-0.008890283741050834
2019-05-09,-0.005096931172027919,-0.004834450038489849,-0.004006748751962067,-0.004555965466804035,-0.004999913708560429,-0.009488215667447654,-0.00816697186367016,-0.010010451016429622,-0.011677090068602422,-0.013629342635517436,-0.008532411463489518
2019-05-10,0.035808985552980455,0.034021605747563,0.03432429518542718,0.033638935178468624,0.03294562332578105,0.03309780936440844,0.03252652376799563,0.035793603926616555,0.03666536571545499,0.04366035275040043,0.007851367197419974
2019-05-13,-0.007777406968715155,-0.005931335009494081,-0.005777308616867998,-0.0071149697032947285,-0.004123095407729524,-0.003968094734716621,-0.007712652496678782,-0.007876119522556664,-0.006098281427154833,-0.005616713202291913,0.0021606937664232417
2019-05-14,-0.008893306315307194,-0.007247489892189912,-0.00790278953895121,-0.005577226761079869,-0.006917048524926776,-0.007854746330960859,-0.007627538163337114,-0.007803558983238432,-0.006345675970826632,-0.0043255390716262065,0.004567767243680987
2019-05-15,0.019538434655056735,0.019222460316683378,0.02013925013925158,0.020833577396534998,0.01875095100386692,0.02110867123775979,0.021805878199075986,0.02246106989843774,0.025790045965285932,0.030171190979882988,0.010632756324826253
2019-05-16,0.006961432992907247,0.008362426116709629,0.009636323683923878,0.009739104712278145,0.007989999215185931,0.006681092549330559,0.00803430431823981,0.006417319522604721,0.007848011176431968,0.006777469299479904,-0.00018396369342734298
2019-05-17,-0.033666544327427696,-0.036857030370166445,-0.03599870441867412,-0.03605716321833981,-0.037084832954462965,-0.034255447680493795,-0.03668152847121739,-0.035397517290912436,-0.036071193066050854,-0.04148662184282025,-0.007820077515392557
2019-05-20,0.004301110948424087,0.0019473735085482353,-0.0029842628687217045,-0.0009953737639925818,-0.0021841522816094354,-0.0033505979746771756,-0.004826772655255024,-0.0029373109443076367,-0.008018296336466918,-0.014986125338112007,-0.019287236286536093
2019-05-21,0.018009140414446054,0.01654031721702477,0.018627878301193786,0.01774410423099473,0.019260672497439218,0.016357005419238284,0.0168795797921676,0.01608300654898841,0.018665087996161435,0.02032484224559533,0.0023157018311492777
2019-05-22,-0.003993162386404256,-0.0041967664150266756,-0.005820986742314792,-0.004230975218187288,-0.0047706880170215035,-0.005183291239899653,-0.004169307434143177,-0.007299902792033099,-0.006626336211464605,-0.009044566703464634,-0.005051404317060379
2019-05-23,-0.023756644201339813,-0.021340339842139115,-0.022126256462211252,-0.01979800199478795,-0.019655060385460405,-0.021550536657198978,-0.021854630323070945,-0.02042863776142314,-0.023996313082901885,-0.03098437265912659,-0.0072277284577867765
2019-05-24,-0.006027592186059451,-0.004924304337949438,-0.006083129895396765,-0.0050226416335017515,-0.005893895762866995,-0.004358574744581372,-0.0036179322395989448,-0.005498226669262512,-0.0066578486274220215,-0.007266950583333023,-0.001239358397273572
2019-05-27,0.03110357527671778,0.02857847108821311,0.027652776363105685,0.02666990862235486,0.026296710898321803,0.025402219696666596,0.024190508135562262,0.02854158598093543,0.028173023700194033,0.031003245545170408,-0.00010032973154737099
2019-05-28,0.0008252066418609548,0.0010625506948594861,0.002136331693787783,0.0006631161874378145,-0.00018417747708403249,-8.455407328150037e-06,-0.00022943985817354949,0.0010403168670308814,-3.9670908507129124e-05,0.0016458223220521281,0.0008206156801911734
2019-05-29,0.0035921520273809815,0.004218693531169629,0.002891695938801742,0.0035303621481458164,0.0020521128239527776,0.0023988474965975994,0.0027157573386390995,0.004063794983747068,0.0063460132738003446,0.009131955836919892,0.00553980380953891
2019-05-30,-0.007201674184845458,-0.006317411016535873,-0.005718982864012114,-0.006339180247402409,-0.007262251920102378,-0.004579192499024218,-0.005369610840442056,-0.00657623502417743,-0.006089577857218854,-0.006285761278971427,0.0009159129058740317
2019-05-31,0.003243086391362444,0.0017394814138193004,0.0006017849513259206,-0.00047297180142117875,0.002200316065935768,0.00041912565695052014,0.0009179255709475959,-2.6172961221305655e-07,0.0014856520612737296,-0.002657020969166975,-0.005900107360529419
2019-06-03,-0.012988086418372218,-0.012249124834387266,-0.014621314615706316,-0.012160754114582766,-0.012348168946478505,-0.009855805763253617,-0.014373778216714712,-0.014761870458820223,-0.013046372120325656,-0.02535417941639668,-0.01236609299802446
2019-06-04,-0.01542272613782805,-0.011578828556678945,-0.014665227010418714,-0.013825650774779331,-0.012832449832516524,-0.014209449132762455,-0.01474109531815001,-0.016326726387385866,-0.017706871145632748,-0.021479698040700743,-0.006056971902872693
2019-06-05,0.004079506970484191,0.002213984886391708,0.0003065920676247322,0.0006047941141044426,0.002016748387777112,0.0008052876453489078,-0.0004422857182593752,0.00245838648978167,0.003678070334823081,0.000769643917323642,-0.0033098630531605494
2019-06-06,-0.026667786616425434,-0.023544804086493943,-0.022215420449695503,-0.020739710668307487,-0.021313697383323317,-0.02226061558825761,-0.024557391492333873,-0.026516837501727425,-0.027869354921610127,-0.028323137781726196,-0.001655351165300762
2019-06-10,0.008351915983102361,0.011250861234801197,0.009867498802876882,0.012195153738344358,0.010870957051888954,0.010953707335637844,0.011694292338423506,0.012499598625499085,0.012601329273291887,0.01769721470117286,0.009345298718070497
2019-06-11,0.0375544786658468,0.03614477040295427,0.03688416097604934,0.035495811543708296,0.033698797722180554,0.033701204862039084,0.03520624096915645,0.03532972428161356,0.03697075933133702,0.03929666584981997,0.0017421871839731762
2019-06-12,-0.006094506899985535,-0.004673402704416328,-0.004566759064243158,-0.006837315033225039,-0.0038694789128085323,-0.005263879571534773,-0.00573349151109917,-0.0027191551131057,-0.002413400253116659,-0.002609402609442361,0.0034851042905431743
2019-06-13,0.007337923063466259,0.007736910698746625,0.00817164523554668,0.008322917729865579,0.0062045867666305305,0.007255252238893124,0.007386632522356227,0.009083204951585898,0.006026946559953509,0.007478538766533702,0.000140615703067443
2019-06-14,-0.022986622137626853,-0.0179463581669519,-0.018085353270441352,-0.017748022632329868,-0.018971031133962875,-0.01987256893578277,-0.01835018852374533,-0.02239643967706703,-0.02637418327337928,-0.03223952925711794,-0.009252907119491088
2019-06-17,-0.00022136318987966204,0.0010994311073930186,0.00029242296440552373,0.001725397956204744,0.0020364356474061296,0.0013528818895772697,0.0009593061718613505,0.0020127191759276887,0.0017834420604952391,-0.0014337246969394262,-0.0012123615070597643
2019-06-18,4.437656259710155e-05,-0.0014576312207826919,0.0010198158985312794,0.0005224254046707339,-0.0006003153791345039,-2.6375928472043963e-05,-0.0005739149723038878,-0.001336449165058328,0.0010046834644045516,-0.0043910921797474245,-0.004435468742344526
2019-06-19,0.01483078449448274,0.015127087374319148,0.015334510343045634,0.012400623093707867,0.013145240426881283,0.01471981233264023,0.01313654160102143,0.013965410921943963,0.013686986300377445,0.013233652501337238,-0.0015971319931455032
2019-06-20,0.013499196414993933,0.017087961396898776,0.01791122915362762,0.017932695393951825,0.017002264746277897,0.016495194791283366,0.016130843834269715,0.018036295150646225,0.011645681828529389,0.006917259059558373,-0.00658193735543556
2019-06-21,0.022091321907499545,0.019997921201959288,0.020177384296028392,0.017831846821415222,0.017637799737695067,0.01685764776043253,0.01729761704131353,0.01803649501059548,0.016084186923910657,0.021724466731302034,-0.0003668551761975107
2019-06-24,-0.0032355990583050223,-0.0008288195022232695,0.00011477665542185028,0.000571494915440857,0.0014124828886982843,-0.0014980861522844342,-0.0012557334540822924,-0.0015309336654864552,-0.0005473216219670446,-0.0025345674297059706,0.0007010316285990517
2019-06-25,-0.009589802927254795,-0.009419891658237391,-0.008913185982214723,-0.008534716770445698,-0.008806552770002722,-0.007365770731530058,-0.007192792317099106,-0.008423824071668369,-0.008974564540272954,-0.014087696730268415,-0.00449789380301362
2019-06-26,0.0027412248671993683,0.004186883314481218,0.002883299101039503,0.002120209229038468,0.0034047234595849154,0.0022901076208317935,-0.00012104461857724146,-3.641862397794427e-06,-0.005313846108950477,-0.009557952093439667,-0.012299176960639036
2019-06-27,0.009196388888890496,0.007930310209434714,0.007361881131844923,0.004848930103903795,0.006575833905567376,0.0045776359193681355,0.006449812165408121,0.0036101018514606486,0.007009103395504014,0.0062025730312252085,-0.0029938158576652872
2019-06-28,-0.015016494017502536,-0.013529887619861762,-0.01183372175483735,-0.01117406520835945,-0.011176826065551019,-0.012205105479065108,-0.010211619840961451,-0.012849546695742306,-0.014178109100284674,-0.019421330209708588,-0.004404836192206052
2019-07-01,0.03054985603975783,0.029167198596808837,0.029140799603949007,0.02872835675134773,0.027777156606333023,0.028624813468345823,0.027231026110520026,0.028947142654960317,0.029107557549438362,0.02419009039540733,-0.0063597656443505
2019-07-02,0.0011008711097367154,0.0034417250041906735,0.0024925345484424497,0.0019143122796097096,-0.00045824876416141613,0.0005224863743061598,0.0009408817638749846,0.001497968949624989,0.0004059607278209052,-0.004630222058970653,-0.005731093168707368
2019-07-03,-0.011285773318156559,-0.010160872683130914,-0.009943911277705894,-0.007895723178880385,-0.010189427959891457,-0.008170820377048995,-0.009184089478409178,-0.008448800425120565,-0.009452920049355676,-0.011764117276878289,-0.0004783439587217296
2019-07-04,-0.0030944877357456154,-0.0016969206644614362,-0.00044586023533516755,-0.0006502321050099095,-0.0029694165626323083,-0.002913128306122805,-0.003212422097816143,-0.003567838013744866,-0.005719357535935335,-0.006866080911226043,-0.0037715931754804272
2019-07-05,0.005878690710228133,0.005045965952142396,0.0039868660964598335,0.003917649806794283,0.0037335658112459943,0.003954207448146755,0.003244287571306706,0.004128587101767101,0.0031998172099615132,0.0008652823550417653,-0.005013408355186368
2019-07-08,-0.03535931892014245,-0.032944096560670044,-0.034473219059360204,-0.032800344160898026,-0.03317320692617104,-0.03317952277584825,-0.03380795690408198,-0.034897834900246616,-0.03861294511464898,-0.03902889365572729,-0.003669574735584838
2019-07-09,0.004897758795420212,0.0036056044385085256,0.0036484529704121807,0.0038064633745298897,0.0024928339569372363,0.003414306524480506,0.004845637363476936,0.004761256707932266,0.005215055261216641,0.003241760001605631,-0.0016559987938145806
2019-07-10,-0.0061844745237673495,-0.006238241773281387,-0.006242396414881576,-0.005481171997500618,-0.004366153230585661,-0.00476652275775894,-0.005694639277350883,-0.004712330146282734,-0.007898130510940432,-0.010925878239116574,-0.004741403715349224
2019-07-11,0.0011794192501216724,8.287408917789178e-05,0.0014434209262742515,0.000892630976377479,0.0006147676273213104,-0.00030980244334370883,0.0003135006553729565,0.0009469968846730502,-0.0005699798331893131,0.0017653262923781432,0.0005859070422564708
2019-07-12,0.003131940769387474,0.0036124551704856873,0.006588594417064478,0.003611992404605929,0.004967332983590233,0.004717150092077969,0.0019848253084432045,0.0025883628478093144,0.0004957813852157551,-0.0019071151704454358,-0.00503905593983291
2019-07-15,0.00914481065889432,0.010628746075014042,0.007640295351034193,0.007312362254046297,0.0068260283229240985,0.008164012789096854,0.009736344919138,0.009978610957259458,0.006364603866340889,0.011016174429934819,0.001871363771040498
2019-07-16,0.004964864023358944,0.003944227836006774,0.002816050307260516,0.0020133842880050877,0.0023863784867514575,0.0021095897927600137,0.0037941213278970404,0.003581541871169426,0.00241987962694174,0.0022124338848669733,-0.002752430138491971
2019-07-17,-0.0019993372515499075,-0.000592306919064724,0.0003350026915765204,0.0008833056436646143,0.0013985312025479133,0.00021062194268465367,0.0004211831102820016,9.73735519280935e-05,0.0004703777705703323,-0.0009888718597033364,0.0010104653918465711
2019-07-18,-0.017716900393095418,-0.01876668849448028,-0.016704061881934136,-0.01725939959365468,-0.017276655600241983,-0.019071117374731335,-0.016107842748062023,-0.018458537590575495,-0.01894401553971967,-0.020086310254801672,-0.0023694098617062544
2019-07-19,0.006402553967536247,0.006568319108257581,0.006344483592345088,0.007668632358803763,0.005928904402058182,0.005392833476484576,0.003767481708396927,0.006720642846630764,0.004357845128037271,0.002013867558734823,-0.004388686408801424
2019-07-22,-0.028282690748819908,-0.023655299338928612,-0.025658668744734207,-0.024372743526595166,-0.02515808620639176,-0.026185773059272374,-0.029707196286426988,-0.03147273932741875,-0.03417059706905733,-0.041512868991825505,-0.013230178243005597
2019-07-23,0.015360586519865625,0.011118085372828228,0.010167306875581454,0.009999891642438152,0.010560590774124792,0.010027510231407459,0.012229801273233563,0.014711056657705295,0.015398237471714496,0.02016995796850662,0.004809371448640996
2019-07-24,0.013491469936699316,0.013523161214930177,0.01374906802952527,0.011645709632418035,0.010485234190014535,0.011694067262054703,0.012142237693743917,0.012204681259377572,0.011873966102370927,0.01151727539404872,-0.0019741945426505966
2019-07-25,0.0019229887125077284,0.0019327088219719287,0.0009098063388943427,0.0015992219412436428,0.0037835426014206142,0.002604336130341526,0.003498917767330885,0.005541757190977398,0.004189996794718624,0.0022897410365531005,0.00036675232404537205
2019-07-26,-0.0005477194097905848,0.001589417091803837,0.002276363291663792,0.002283888089845037,0.0029090927049105477,0.0015535894317895156,0.0025797489251265745,-0.0012235041276689245,-0.00023487691843117418,-0.0021850422545486078,-0.001637322844758023
2019-07-29,0.0010030739121763593,-0.0026547465315685005,-0.002022546093253099,-0.00030902656785938387,-0.0006938574638490584,-0.0011805242643479021,0.0009923650855006932,-2.64613408420232e-08,-0.0005783104516089547,0.00012211943880022344,-0.0008809544733761359
2019-07-30,0.005115262796043185,0.005842586128780623,0.00586975197927821,0.005629157525557615,0.004951020306634324,0.006249585115160262,0.0058620688589485406,0.005007055485518766,0.002604641584675115,0.003053682641516557,-0.002061580154526628
2019-07-31,-0.0065208704132174635,-0.006488188877266967,-0.005785677235526568,-0.005575990366155785,-0.004872666485731163,-0.005321447667720905,-0.005392298151497372,-0.006744650195746743,-0.008534962312151617,-0.008557613746005884,-0.0020367433327884207
2019-08-01,-0.0032375604442037606,-0.003550610058724713,-0.003671879787364089,-0.004854390143461636,-0.0050757020852757045,-0.0038093963394989208,-0.0032612804224603606,-0.004967056169280011,-0.0025388164094525215,-0.003162042575894094,7.551786830966656e-05
2019-08-02,-0.016484199647375207,-0.016598423743883404,-0.016482355444845977,-0.01449950769979694,-0.015294019910126218,-0.017267533066315052,-0.016404241579840467,-0.01776751316649529,-0.017712767385363683,-0.01355274724979066,0.002931452397584546
2019-08-05,-0.00708446357691875,-0.012354079552423285,-0.011487319164071112,-0.013004680701842809,-0.010228106750485615,-0.011871241118731406,-0.010582956699629695,-0.01001183580666781,-0.010897659066916959,-0.008290404708688134,-0.001205941131769384
2019-08-06,-0.03184917758810031,-0.02892142512863214,-0.03140250296381772,-0.02932312929691499,-0.02868795932292038,-0.02729903451324498,-0.027965143716996328,-0.02740710452873442,-0.026631764740185034,-0.030198310612622317,0.0016508669754779944
2019-08-07,-0.0005322817556503144,-0.0010121465204413695,-0.0025771036199478035,-0.0017614962353905278,-0.0006228537136989192,-0.0017858559888447023,-0.0022089674287712616,-0.003552061789407488,-0.005957422821637949,-0.0078048252167388235,-0.007272543461088509
2019-08-08,0.0037370719167758343,0.006914295249671161,0.005609377756504292,0.007718581398365877,0.005663803752670414,0.008368236974906941,0.00826637627776445,0.006003201130449052,0.005968157686904601,0.0005206075668049274,-0.003216464349970907
2019-08-09,-0.014652057113119357,-0.011578980586117957,-0.013046613715170994,-0.011326582283531865,-0.009234584370154992,-0.01009826652584371,-0.008943872699666308,-0.009138946774770555,-0.011941210467390653,-0.014976587596136534,-0.00032453048301717656
2019-08-12,0.015087051109636464,0.017040188444354593,0.016682148002596566,0.015429011671126466,0.015720956953964478,0.015252427186699074,0.016469088722806408,0.016998860307916273,0.01809777988333462,0.017672530263131207,0.002585479153494743
2019-08-13,-0.005180891922293703,-0.007680818167055788,-0.006684655273292175,-0.006368162701781468,-0.007209302147894181,-0.0056345812463360545,-0.006367566448855117,-0.006083061620706918,-0.002283524705630028,-0.0004108508252164719,0.004770041097077231
2019-08-14,0.006224910594896313,0.005684843913219119,0.006134002953428232,0.007160499129562842,0.006676578859393201,0.006944768739634632,0.008712416016474909,0.005631054460689473,0.006128891160790699,0.0028823626202027952,-0.0033425479746935177
2019-08-15,0.006434707888765712,0.00299171908360471,0.0030846225213361023,0.0019811221898283515,0.0018415439621715193,0.0031686839496915284,0.00165350791856383,0.0017596091391088907,0.0036780348691796572,0.0037665476015730586,-0.002668160287192653
2019-08-16,0.0035496439486512885,0.005253846603793615,0.006199593157999723,0.0060152368581699745,0.005004786906866622,0.005514778067397797,0.002577217700408885,0.005479753291007042,0.0024135193400262106,0.003119026207610984,-0.00043061774104030453
2019-08-19,0.030659528609085433,0.033000386962005406,0.030178465694942813,0.03136649514489758,0.02841711849070373,0.0285982948059594,0.030187094263237055,0.02984125254756293,0.029876649734400927,0.028291137546875577,-0.0023683910622098563
2019-08-20,0.0012480710480257473,0.0019641605683733835,0.002819193086426377,0.0024730758801259876,-8.503342837029252e-05,0.0011378817844357487,0.002335485910955482,7.593300335914123e-05,0.0007528557964117712,0.005023421565016261,0.003775350516990514
2019-08-21,0.0007966323272105005,0.00233607472744552,0.002558461471505253,0.0006431316156781607,0.0004612291392842121,0.002452380449775315,0.0010141254015892814,0.0009017680108642291,-0.0002081443433812457,-0.007167250509896026,-0.007963882837106527
2019-08-22,0.004975704930997325,0.004554330708809359,0.004185238682156302,0.004448814447183362,0.004161603650729614,0.005128945610721131,0.003278066839041767,0.0033822721540570037,0.003915799358152088,0.0018014780852914128,-0.0031742268457059125
2019-08-23,-0.004417736942726114,0.0001812793513177454,-0.002443490467491731,0.00033990885836768524,-0.0022226732832981975,-0.00224866319331518,-0.0024934761366306726,-0.0031388928068120715,-0.005787393988015406,-0.008239370660275788,-0.003821633717549674
2019-08-26,-0.008070795114153175,-0.01008704093313009,-0.00852509636127284,-0.008279739262089693,-0.009005676136634696,-0.007879359515248614,-0.005518872239718755,-0.006898398779048758,-0.004097758048428789,-0.0068024588169740136,0.0012683362971791616
2019-08-27,0.021280651666123238,0.02012093666881337,0.02023199672629539,0.019092906189105384,0.019494834643453175,0.01812353300517453,0.01763153886424125,0.01684762122362542,0.01711744060438354,0.014333432784315099,-0.0069472188818081385
2019-08-28,0.004101150326919358,0.000834295215677034,0.001888537947799924,0.0016252105060017845,0.0021912334712568503,0.001854078505030034,0.00014653149473716897,-0.0013668382363613224,-0.004144272461360437,-0.008615960155356652,-0.012717110482276011
2019-08-29,0.001034814517778217,-0.00135303879554996,-0.00020376555128224307,-0.001483736865105301,-0.0006136015897385083,-0.0006954454509802621,-0.0011463865678170257,-0.0007566577867062188,-0.001693089256185331,-0.0021093283580589945,-0.0031441428758372117
2019-08-30,-0.016501044768346303,-0.013381945089410182,-0.012796885057007431,-0.011879226209493117,-0.013140885279829508,-0.013295708425766668,-0.011961445002050364,-0.013129540972530626,-0.016960301706285607,-0.02130068419043931,-0.004799639422093008
2019-09-02,0.02567045026896987,0.026036822299955152,0.022806669426103515,0.022599585427622183,0.02375439089564072,0.02389630726003572,0.02569354383806898,0.022388992909014895,0.02230184956510153,0.021314010157352063,-0.004356440111617808
2019-09-03,0.010832977339360075,0.007243466397180019,0.004891825645328019,0.005338106912525929,0.004744691989511297,0.004332805916803215,0.0049215997444809765,0.004798427573565361,0.006002288602409623,0.010625639180038057,-0.00020733815932201874
2019-09-04,0.01058559691771809,0.00971348377350385,0.00999173274911123,0.009610162215936748,0.007734115554011129,0.006273077588058529,0.0066695686300881326,0.006576353422046809,0.0069715056422006635,0.003326952067126547,-0.007258644850591543
2019-09-05,0.010254297636902594,0.008942490737520827,0.008604754068599898,0.008850253309908879,0.008640323882334978,0.008438691598900358,0.009575909714194804,0.008715476849114093,0.009549820941801615,0.006821591099125713,-0.003432706537776881
2019-09-06,0.0058484139511943345,0.004623297827333591,0.004789981328384824,0.003668902974154568,0.005652474651121276,0.004120645844254768,0.0045929732353125405,0.003517115938281444,0.0024690330264584533,-0.0013270520005326796,-0.007175465951727014
2019-09-09,0.02208196355556324,0.020795969590610627,0.017440285254258874,0.019087295335254502,0.01975766905377204,0.018750492917038376,0.019101043411245314,0.021418207377135744,0.02274406418814308,0.02060588740930415,-0.0014760761462590914
2019-09-10,0.003253753043830804,0.00232174853838509,0.0026634446523625746,9.371188137336645e-05,0.0029139311805849357,0.00021522157685967388,0.0009752458250150085,0.0008202317624400833,0.002914865260711944,0.005317521773466175,0.0020637687296353713
2019-09-11,-0.0032404426839733325,-0.005067506286862333,-0.003720766260231088,-0.003616514741294504,-0.0046842810980644925,-0.0044457707723781804,-0.00791407037699237,-0.007449140432706244,-0.006497698971069934,-0.00863230767537611,-0.005391864991402777
2019-09-12,0.008303885833829768,0.007715857021332749,0.007542008718118758,0.005366300377895759,0.006119481406419844,0.005395639662128514,0.007229829231003481,0.007845040551897763,0.004179220104449729,0.00237922287669309,-0.005924662957136678
2019-09-16,0.0041867650270887265,0.0040496553519041665,0.0038262349951700397,0.002749579006142722,0.0038245805575241247,0.0016215975932815762,0.0024516358317701716,0.004190266565074476,0.005720323954811943,0.0051768568601023805,0.000990091833013654
2019-09-17,-0.024699787680564855,-0.022401406479111062,-0.021858420979544463,-0.02251178569228007,-0.021384785368732753,-0.02248545877832557,-0.020684883309337872,-0.023165997906147033,-0.020090686019253304,-0.023806679931147087,0.000893107749417768
2019-09-18,0.003354234694421512,0.0025577725538975787,0.0013922963396485375,0.001953736788921574,0.0035402169863650323,0.00216853089768981,0.0010554607785753273,0.0030004997023005704,-0.00015826779042965892,-0.004384538035427847,-0.0077387727298493586
2019-09-19,0.012873058386733081,0.012030678153741309,0.008739766594360385,0.010514508257112871,0.009537371726843297,0.010485253046807096,0.009055709401500972,0.012722410969797246,0.011050123520463981,0.0092817937544879,-0.003591264632245182
2019-09-20,0.0026221452688857264,0.003698800649332262,0.0033934115836189707,0.0015930293003484073,0.00040501263980072933,0.001522194548968535,0.0009642110043040006,0.0005933924808563378,-0.001005019446257715,-0.00617443295514437,-0.008796578224030096
2019-09-23,-0.009205159590619974,-0.01175478493656305,-0.009864313139373228,-0.008621277898907653,-0.008606427729436348,-0.009515778231604117,-0.008991122617376213,-0.007388986329326264,-0.007146277494457541,-0.006098644068407868,0.003106515522212106
2019-09-24,0.0030336455030867686,0.0023493803547321363,0.004806848549376909,0.0019369525429142813,0.00326272774354883,0.0024655559289218317,0.001400477779417104,0.0032704797525393856,0.0018797607843738012,-0.00037667208389717305,-0.003410317586983942
2019-09-25,-0.02006531768871992,-0.017600523041210868,-0.01732911783833216,-0.016988718695831222,-0.018274044096068674,-0.0157773718273195,-0.019752104302564202,-0.01923069071337493,-0.019587200047589105,-0.02357520387456916,-0.003509886185849239
2019-09-26,-0.0278113903610564,-0.022641980550320812,-0.021715217895376955,-0.022044197245968712,-0.024444177216936043,-0.024874235134026475,-0.030057811725150676,-0.03153461418088558,-0.034005393338025054,-0.03389912450045307,-0.006087734139396672
2019-09-27,0.014447660290791664,0.011107049283419209,0.008864556251033662,0.008791727557412721,0.008688291466317454,0.00811166809349244,0.009295239391409301,0.008785252103158288,0.011664001934659144,0.010957547849486677,-0.0034901124413049874
2019-09-30,-0.011105344131088895,-0.010323487399381027,-0.011546870549188484,-0.009150747503508232,-0.009427052479472694,-0.006983011550619683,-0.008660251962835082,-0.011032509499244243,-0.01174352247115079,-0.01758469084225333,-0.006479346711164435
2019-10-08,-0.0005971609854979296,0.004212642771967017,0.0016357821154701605,0.0008347258554213665,0.0026343363083585446,0.0022459568337733922,0.000346776291051057,0.0022511093167949837,0.0008210714302855764,0.003124506859982342,0.0037216678454802714
2019-10-09,0.01093544668046896,0.011763896625863461,0.010676719543772608,0.008325449097192981,0.008975525553809831,0.008033408656116247,0.008579430987143397,0.0108546836542985,0.009723525178101287,0.008001884114473001,-0.002933562565995959
2019-10-10,0.013158630056269638,0.012462768970689084,0.010428390031973002,0.011504372793458551,0.011225249737808576,0.0143250000943255,0.012195624215103727,0.011778540660503465,0.011760074370739372,0.01311565318645337,-4.297686981626775e-05
2019-10-11,0.0014733404478238562,0.0022182538543900057,0.0030294459693050884,0.004204137234569866,0.0011999025731237395,0.0030296572685060055,0.0035128512347429998,0.0010576605260005038,0.001438102561645242,-0.0015589421846639974,-0.0030322826324878536
2019-10-14,0.013797933808230231,0.014214195189212492,0.0136035719829172,0.014370436306180609,0.015054758350609718,0.014153269221832101,0.015960812802985693,0.015112171339670329,0.016178251363943123,0.017067558520946872,0.0032696247127166414
2019-10-15,-0.008797457663311694,-0.008066248668776678,-0.009085315521427132,-0.00781164337329209,-0.008339942814070854,-0.01128189314403668,-0.012145034232521296,-0.010653107022621369,-0.014789924850736078,-0.017804742468969927,-0.009007284805658234
2019-10-16,-0.008224153943796237,-0.005391114785423794,-0.005350014882118001,-0.0064079215821414735,-0.005080910180648216,-0.005179133412945097,-0.00607652330621483,-0.005070140641163998,-0.005559106862475712,-0.006947130589321228,0.0012770233544750088
2019-10-17,-0.0004940636471811431,-0.0012647230917044938,-0.00040047545371125505,-0.0021263198717420767,-0.003312450744113052,-0.0023595121325294933,-0.0009473919981342106,-0.0018485643818976136,-0.0013056278101674572,-0.0013929472965026801,-0.000898883649321537
2019-10-18,-0.011557677559557895,-0.010473300563099768,-0.011586662149889012,-0.012402123896054048,-0.011150631125568928,-0.011201941935709185,-0.012049173235506196,-0.01329899466260965,-0.013181626497397294,-0.014555401688091302,-0.0029977241285334064
2019-10-21,-0.0016843751592782864,-0.0013176502414333905,-0.0014138770663325699,-0.0027327028767630142,-0.0013709520732483177,-0.004845662684912206,-0.0043751281845263315,-0.006504555496967098,-0.004276506994914969,-0.009844925657415179,-0.008160550498136892
2019-10-22,0.014133041016374605,0.011975183750621562,0.011651101722105641,0.010833881285301777,0.010110064737620723,0.008962595806814964,0.009807097420664096,0.010393046394610056,0.010799230367681167,0.01260631828801491,-0.001526722728359695
2019-10-23,-0.0027436372214641996,-0.004430880446154873,-0.006336483522522222,-0.002167357878551963,-0.004178225791233614,-0.004546114859300655,-0.005426395484429976,-0.006416370539018324,-0.006433716949296298,-0.009206128031765256,-0.006462490810301057
2019-10-24,-0.0021347352054342963,0.0009578939830692931,-9.115610103198739e-05,-0.0007248040654939238,-0.00010454423938728835,-0.0009203111020338455,-0.0008034911930454897,-0.001434959753413361,0.00019807628997328724,-0.002992511350066054,-0.0008577761446317577
2019-10-25,0.007157086443902516,0.006070373356405532,0.0058698343159601565,0.0062665156415612575,0.006886568753763908,0.007896868380645936,0.006290807263299858,0.005532641305301002,0.003870522361384157,0.002175865362794618,-0.004981221081107898
2019-10-28,0.015762746633286775,0.01750847836177361,0.014430224237871027,0.016576381149567533,0.016041015192211017,0.014918710598081777,0.017106825242878668,0.020002598381218227,0.020376175233947257,0.022045243568215328,0.006282496934928553
2019-10-29,-0.015167726060136026,-0.014876353316672076,-0.013521607799091962,-0.013256728167167097,-0.014227883495678887,-0.01462780732110951,-0.013926814988495899,-0.01433675723378072,-0.01741426608316029,-0.021615703897846436,-0.00644797783771041
2019-10-30,-0.010683310978183307,-0.010430727251901013,-0.012626894504644753,-0.012253756961885916,-0.011963151786239598,-0.011364185412976877,-0.013126314344251166,-0.01599447849798242,-0.009766939446157613,-0.018210059917316963,-0.007526748939133656
2019-10-31,-0.009996218050637893,-0.010125239650049028,-0.00985379342838312,-0.010317312186308103,-0.008093924488906203,-0.01129192610637454,-0.010227118085686418,-0.01114659357495763,-0.015034089499826058,-0.015442311535931692,-0.005446093485293799
2019-11-01,0.00964775718252123,0.00894503660816025,0.009360322930960056,0.009862059372237313,0.010856923495748516,0.009349123766710054,0.0103094426855008,0.009320587087103711,0.010752146390257794,0.010364596700148951,0.0007168395176277206
2019-11-04,0.0017141956549622467,0.0009548227605396698,0.00043881195349709454,0.0024672266782996824,0.004831061690015745,0.002962929192240506,0.004225183413319569,0.0026877364145561685,0.0044214318631656535,0.0025745875902822694,0.0008603919353200227
2019-11-05,-0.0020016118184505325,0.0013993022024962028,0.0007091281288532335,0.0018079406606534942,0.0011173701768431047,0.0013921846383483727,0.0007963429616375357,0.0020476926691908493,0.0010645493840117778,0.0007850103517346182,0.0027866221701851506
2019-11-06,-0.008687255588654264,-0.008799996090395341,-0.007967511406480457,-0.006548937342520803,-0.0071291606389446965,-0.009552471383884688,-0.0075659462991275695,-0.009285060362420517,-0.008787276926903308,-0.013031986676464595,-0.004344731087810331
2019-11-07,0.005856917174846299,0.005036551855381958,0.00398926383695974,0.005656708697564183,0.004381839648913302,0.006343740892741075,0.006615987729642529,0.007297760378678031,0.007850240519788502,0.009747053024347623,0.0038901358495013246
2019-11-08,-0.002269611565237156,-0.0010323413259640864,-0.0008439920562573497,-0.0014779029374552405,-0.00034081827105580313,-0.0013760434281773078,-0.0034818813947901607,-0.0036795652474855356,-0.0021168675398120416,-0.005908910093285058,-0.0036392985280479023
2019-11-11,-0.024738024979603045,-0.026147716490417246,-0.024278445018267605,-0.025669820227836333,-0.026260017230478078,-0.02780302901946996,-0.027527766142454023,-0.024036599095966407,-0.027025361537362923,-0.022053199407186364,0.002684825572416682
2019-11-12,0.0010275674230303257,0.0018132141416337007,0.003136808279659971,0.00159974575438001,0.003512617189389094,0.002201936630542789,0.003350221346705971,0.003291479101019989,0.0052964342487193386,0.009284595332572722,0.008257027909542396
2019-11-13,-0.002192389024935539,-0.0017837806593762355,-0.0038217543934991717,-0.004357731285805115,-0.0035714135511923403,-0.0038730194976655348,-0.004237463153067708,-0.0030137678339085283,-0.004621499031486174,-0.0068591988443917635,-0.004666809819456224
2019-11-14,0.00849575063137121,0.004787337989710865,0.005449857067963342,0.005630970466081436,0.0053301600867980085,0.006225525643415017,0.005099180142882056,0.005671724308854515,0.005621115060684401,0.004919511436288975,-0.0035762391950822352
2019-11-15,-0.010804412130373454,-0.012852412804429902,-0.011874643064286797,-0.010583171150484657,-0.010347431093495143,-0.011242507302804725,-0.01017689845916572,-0.01345120221806229,-0.013133406347929047,-0.023051067740653977,-0.012246655610280523
2019-11-18,0.008087382504444952,0.005633010544867222,0.006334921728227935,0.006431370218452401,0.00730008507955108,0.006870798257627489,0.008429147443431718,0.007861463183507136,0.007200157023791704,0.008635897089510316,0.0005485145850653642
2019-11-19,0.018361005631732936,0.016177644027342182,0.01550777189000177,0.016023332300550294,0.01481516896249289,0.016289385316612864,0.017164160181407696,0.018138167258003504,0.01781481780188115,0.02149830860410097,0.003137302972368035
2019-11-20,-0.0045169534042717755,-0.004344347282398724,-0.005265550510166942,-0.006207849280650109,-0.007026918157083336,-0.006400446637615023,-0.006406472540710417,-0.007878903323495124,-0.008181968804703716,-0.008626464645404269,-0.004109511241132493
2019-11-21,-0.001303506551491456,-8.011454933094659e-05,-0.0013833249972604808,0.0014400741535455538,-0.0004665479755083428,0.00020073364603366139,0.002108842940522719,-0.0012875028930021007,-0.0010351776690019166,-0.001713678569473427,-0.00041017201798197083
2019-11-22,-0.009636634480268748,-0.007440750661848891,-0.006084783753091828,-0.0054558580911778015,-0.0060936003206318295,-0.006288408149472162,-0.008298211343025108,-0.009498988745608757,-0.010668214035129235,-0.014931597238900298,-0.00529496275863155
2019-11-25,-0.004298993673165617,-0.00041016039331079335,0.0029674371030097863,0.002488606858978974,0.0012768198167184745,-0.00045497862816592247,-0.0023674630295808666,-0.00444826136288329,-0.009600178081762438,-0.013146021498685163,-0.008847027825519545
2019-11-26,0.0013521241921721412,-0.0010227782426494208,-0.0006286905448203313,-0.00293908118578155,-0.0010517240777651237,-0.0009573747823336453,-0.0026390208310543084,-0.0005401514495374201,-0.0011607511548739294,-0.00030581508776336155,-0.0016579392799355027
2019-11-27,0.0005352204532673503,-0.00275605950116116,-0.0015954696667119963,-0.002044803411326958,-0.0027784450128222286,-0.00171693964148459,0.0006683007906709259,-0.0010278456129386325,-0.00013987084324449574,-0.002761346082963519,-0.003296566536230869
2019-11-28,-0.0004055417816916634,-0.0031202730729840873,-0.002202496093789166,-0.003746114356091769,-0.0038785907952167986,-0.003074621195359002,-0.002748980785815898,-0.0021311903866997528,-0.004638830450190042,-0.003740288567415439,-0.0033347467857237755
2019-11-29,0.0002388923619725712,0.00126632778510389,0.001400816871287635,0.0006853816993851274,0.002988187844951009,0.0013533333665538643,0.0017007892769055062,0.001051216743721677,0.0008822178261109477,0.0015367863856594205,0.0012978940236868493
2019-12-02,-0.0010722070948694948,0.001238271258752692,0.0006535188795028588,0.0013068188058463397,0.001863366943423989,0.0017601590900643113,-0.0008631351066773212,0.0008917874019758959,0.0028230575025771764,0.002047331557326776,0.0031195386521962708
2019-12-03,0.008123522149115266,0.005479696729623012,0.006111964562031799,0.005484672679681541,0.006634846352592473,0.00725806916698608,0.0057882790913299596,0.0054934341639586055,0.006590891665022834,0.004544648619535853,-0.003578873529579413
2019-12-04,0.002830840527682686,0.0019536154054545112,0.002647516973855559,0.0016700619937467778,0.0015697731973208168,0.0016370251348540514,0.0014793202157301368,0.002026699248237551,-0.0006634244045830837,-0.0014340441753303063,-0.0042648847030129925
2019-12-05,0.01135054688843095,0.00911493552632222,0.007836493009088969,0.008117957863478392,0.008469979927325668,0.009644645600284675,0.009014355520383703,0.0107346652866478,0.01045484549653314,0.011233630908423048,-0.00011691598000790164
2019-12-06,0.007647923346888451,0.004717094315104847,0.004536716211664726,0.0051781289049593225,0.00576169103833868,0.006519362789681451,0.0050988067217157965,0.006784544420350612,0.007011214965257815,0.008584494054379825,0.0009365707074913739
2019-12-09,0.0006097338754985455,0.0028308745316948645,0.000945815473942678,0.0017816093878501602,0.0023329439899629862,0.0036447827913667612,0.004491640037257067,0.002756713282945372,0.004780206992694351,0.006752824611917308,0.006143090736418762
2019-12-10,0.004964661139739899,0.002568959988868739,0.0032308235349192316,0.0024767623885376495,0.0036551633161295925,0.0036453761893127587,0.003010996256312616,0.00703816794840675,0.006253550523407504,0.01058761085859286,0.005622949718852962
2019-12-11,-0.003253805061021214,-0.0028189690288517462,-0.0021225485903599607,-0.0015290936768067602,-0.0009960643529193058,-0.002593742879329215,-0.0027146621329761905,-0.002134468669555501,-0.004567362196001323,-0.0027762731864467,0.0004775318745745137
2019-12-12,-0.0015091437164039788,-0.001545714042223096,-0.0030088186926353457,-0.0025249522051342,-0.0019881029856552677,-0.0009955515157517682,-0.0021162183064816144,-0.0008173348969842118,-0.0029340385494216106,-0.007012413062495586,-0.0055032693460916075
2019-12-13,0.012862995139819148,0.01402418704906785,0.012195688081651578,0.013456846112030001,0.013789829712093991,0.011760853225357045,0.010206192213168758,0.012154816417623816,0.009850702594691278,0.004152286752789321,-0.008710708387029826
2019-12-16,0.016927871626186974,0.014861261667272797,0.014626024290031464,0.014639670348484795,0.015364910647714674,0.015189857192495786,0.014927025843922595,0.01624534184210636,0.016505067497525113,0.01984557167265194,0.002917700046464966
2019-12-17,0.013105006527198291,0.01130573320212537,0.01119144409816186,0.012182244584542649,0.013316433927658796,0.012230769270888321,0.013098826501675022,0.011404528056147101,0.012691345168077874,0.010449968689785885,-0.0026550378374124058
2019-12-18,0.0011751306477372641,-0.0002835613432178887,0.0012801375174384534,0.0001919686352400124,-0.000531120937109737,0.0010246008219609191,0.0023576407599552496,0.002564950834415643,0.004032156817413135,0.00894610058989172,0.007770969942154457
2019-12-19,0.005462956195060472,0.006918636940516233,0.007106248444222542,0.006494661262591236,0.007394769342781214,0.006871448927845125,0.007353095611207001,0.009448201793322678,0.004120893996810949,0.0018522113863753253,-0.0036107448086851466
2019-12-20,-0.010385973280983164,-0.008416748903041093,-0.00772915046335544,-0.0075469006444891,-0.0065849680843429945,-0.009035687785998638,-0.006017417116723803,-0.008759972244462382,-0.009544442881139618,-0.012603513981587223,-0.0022175407006040596
2019-12-23,-0.019318462594971417,-0.018313330201998983,-0.019287158268093567,-0.01833980400921375,-0.018119240227686677,-0.0193509992720163,-0.02167484204620577,-0.02191602977011539,-0.02288944055748917,-0.02876822655257675,-0.009449763957605332
2019-12-24,0.014688136494566293,0.013920491810804132,0.01500871217352994,0.015875258312258052,0.014301575061696048,0.016635687702571574,0.01772162279501681,0.018138470167997012,0.019335508132202736,0.01627615125832202,0.0015880147637557258
2019-12-25,0.005330952228959183,0.002684612454973458,0.0030365315994637966,0.0007747812946998263,0.0019988613698139154,0.003146370352273433,0.0007034121529052624,0.00396944725444516,0.0034027909705724923,0.0033762748652786186,-0.0019546773636805645
2019-12-26,0.006161415230121587,0.007623638123563706,0.008981259432671534,0.008813254865822115,0.008094491993183205,0.007472307322469807,0.008772294248225681,0.009025958599252398,0.007645038272371871,0.010727496680528165,0.004566081450406578
2019-12-27,-0.0051078934308702705,-0.004372459014030619,-0.0031151102953699272,-0.004646101722965481,-0.0034007466793984278,-0.005600604262397531,-0.007335953163897962,-0.007991005813147848,-0.010436753889617446,-0.013818733869068808,-0.008710840438198537
2019-12-30,0.0052782191621651405,0.006862490958460578,0.006426148090577955,0.0072511702526687994,0.006708143509738012,0.0054468854550615425,0.006277754326764182,0.002969316814453526,0.005068356176536241,-0.003492625079383905,-0.008770844241549045
2019-12-31,0.006341888552214772,0.006979793287751248,0.008202413199205952,0.007994149836133162,0.00755291797800462,0.005373414771812648,0.005614064723080681,0.001970905247358895,0.0023385524532259366,0.0031571708762103993,-0.0031847176760043724
2020-01-02,0.019895163528749895,0.015492101155298971,0.015297272459857817,0.01623595860470569,0.01570749243679432,0.015213983044114116,0.017653646863601033,0.02011224859977312,0.020052862524464154,0.023847805310785418,0.003952641782035523
2020-01-03,0.0048263391697019545,0.006925952794358265,0.005075147881814298,0.003641440317313569,0.00446254144019318,0.006751903664428519,0.005475375950486869,0.005257659186500733,0.0037572446504653165,0.0034246965072561837,-0.0014016426624457708
2020-01-06,0.005745040991386013,0.005638441176043395,0.004380026839105039,0.003715582825012006,0.0048454101489094036,0.005946589864412804,0.007968459694395486,0.010705231098515074,0.008516431391417643,0.008538164713447685,0.0027931237220616724
2020-01-07,0.01597747687767001,0.013983699781412855,0.013911037448324228,0.012112582823978885,0.01224816175273704,0.013163582683431332,0.011347321681763289,0.013143227857566348,0.013318606895234559,0.0125786176595012,-0.00339885921816881
2020-01-08,-0.013061259348995616,-0.015434722440276338,-0.013178714160198316,-0.013934090855719117,-0.013474455511273718,-0.014650866605736858,-0.014581584747502145,-0.012009037317778555,-0.01122569327728878,-0.019850966787748985,-0.0067897074387533694
2020-01-09,0.02032860596219678,0.01683084821490733,0.014807476544818714,0.018288894668022297,0.015528385823563234,0.016948567222824264,0.01313350699704003,0.013540341052893675,0.013968311656099906,0.011166696078854038,-0.009161909883342742
2020-01-10,-0.0006815599660822757,0.00023021153009327399,-0.00045271262570456116,-4.438345572698344e-05,-0.0007453167060539126,-0.0015363432317372838,-0.0011590712691069726,-0.0028919324680727714,-0.00713963040423074,-0.011221798693018805,-0.01054023872693653
2020-01-13,0.010092404742421433,0.007578531847325341,0.009822954541448464,0.007294837217496132,0.009863196561214118,0.00870221760743035,0.009558202627724905,0.010616169017666427,0.012586882922750805,0.013871330908647254,0.0037789261662258215
2020-01-14,-0.00022132291394884014,0.002760071906418111,1.567255513753999e-05,-0.0009036118748854147,-0.00047579519431823126,-0.0014614554698049995,7.921716949357285e-05,-0.00044149162070935806,0.00031421844311914967,0.0006696180725475981,0.0008909409864964383
2020-01-15,-0.004140378045820499,-0.005888030288016101,-0.006496633816857329,-0.003013799324420815,-0.0044980241172960424,-0.004601678006010447,-0.003726416250948314,-0.004287376264229052,-0.003459966064620661,-0.00908911559848357,-0.004948737552663071
2020-01-16,-0.0032423834865021495,-0.003889156423010634,-0.0034900573100196935,-0.0044253503614693065,-0.004809247625901923,-0.003951416001828985,-0.003287506054630878,-0.004324689012344456,-0.004511665260909593,-0.0007275303459418382,0.0025148531405603113
2020-01-17,-0.004370798952412377,-0.002954427209091323,-0.00331931122244313,-0.0015942323348610182,-0.0009685652645221832,-0.0023882596301778147,-0.0025215609881023135,-0.0016548906560789186,-0.001280208259629085,-0.00631418931037106,-0.0019433903579586832
2020-01-20,0.01007748287429669,0.009570699510262496,0.009937061593118812,0.012072429476974282,0.007129983001308583,0.0096826505830435,0.009338098512000601,0.008228628053989311,0.008310474870906644,0.006240998311493016,-0.0038364845628036737
2020-01-21,-0.015526909497742497,-0.010207704418927774,-0.011372151196908232,-0.010586107616565404,-0.011408057747872229,-0.00947344860308062,-0.011768030391538353,-0.014047259131111578,-0.013694908099896982,-0.01940242792089558,-0.0038755184231530817
2020-01-22,0.003123217595507176,-0.0008540436759425197,0.0015748377791462527,0.0008232660247376787,0.0012091880896396155,6.452795595315191e-05,-0.00038448176714477603,-0.0005508291456198135,0.0006624614718857185,0.004698776277665736,0.00157555868215856
2020-01-23,-0.03437983777430971,-0.03653443741654484,-0.035014555817477214,-0.03444664438086044,-0.03528469855880011,-0.035734678001888245,-0.03489182215776955,-0.0347050038583297,-0.03045779251513455,-0.034339967557388815,3.987021692089532e-05
2020-02-03,-0.09549489827018566,-0.09541182011851299,-0.09467896303736621,-0.0944443171433082,-0.09422898354438723,-0.09237848103136442,-0.08597293622435986,-0.08773254192909047,-0.07761100478175995,-0.0802346270970292,0.015260271173156453
2020-02-04,0.049380291487692546,0.05831143831936004,0.04104668719723231,0.04235087715731209,0.046540631623072495,0.06022917702854426,0.061900044951225974,0.05369594092159786,0.05167909337500594,0.06694703683112883,0.017566745343436288
2020-02-05,0.02670626631564149,0.025613656725459892,0.02336247669995626,0.0226967538500988,0.02046097286475733,0.023541240456696803,0.02459405497884965,0.025005143803340686,0.02661585525158683,0.038498360336036194,0.011792094020394703
2020-02-06,0.02581085296257973,0.022346985725134064,0.021641638560263108,0.020899253614848498,0.019627451954588072,0.02117530702798857,0.02145654572968853,0.02543774287420776,0.02868845218872012,0.030570683722297147,0.004759830759717417
2020-02-07,0.014316154245095115,0.01134721940945005,0.012397949414011762,0.008927352760584385,0.009623586224102178,0.009177515891217278,0.009301266853903244,0.011715133810064636,0.014287962160659352,0.001072988309202856,-0.013243165935892259
2020-02-10,0.015403604887755995,0.018819544576476336,0.018333548719769478,0.019886135170485063,0.021658665040858588,0.019049339123703657,0.02180842808682005,0.020529641000551976,0.017292223067264988,-0.009298938281899708,-0.024702543169655703
2020-02-11,-0.00886251431610265,-0.004165546357506563,-0.0008967503556633477,-0.00014803699656764204,0.00027500915384274084,-0.0006928461589434331,-0.003069201406249355,-0.004350685294486659,-0.009672620870480944,-0.014887185597074202,-0.006024671280971552
2020-02-12,0.014722385092799495,0.013680724218535506,0.014256751260829807,0.013840986912515237,0.015521656712901784,0.015319480867463356,0.016922343370926504,0.020113752196649085,0.023123149977282806,0.0198421850840868,0.0051197999912873035
2020-02-13,-0.009090948791480851,-0.011067871857946953,-0.0103225408573887,-0.009148683243841594,-0.00908090830360412,-0.01143792558457659,-0.009740127148872124,-0.008640638715448564,-0.010628300546231019,-0.013768891648772569,-0.004677942857291718
2020-02-14,-0.0005405813994435579,0.0044283061349387545,0.0016789900675713882,0.0024214921967729394,0.0022237071997809406,0.002713229377300094,0.0028778397370712045,0.003921495227092439,-0.0020606846936749995,-0.004290267260026327,-0.003749685860582769
2020-02-17,0.03305916883141798,0.035483535242963674,0.0339624104737407,0.03531433018945676,0.031401495025057354,0.03191834983288878,0.03448102061180236,0.03411861967455948,0.0362542681800883,0.028442078249190948,-0.004617090582227035
2020-02-18,0.017049852178420515,0.015645313752070105,0.016524938703668716,0.015347039073020813,0.012881305135234968,0.013481597955106263,0.016123871812923112,0.016345596713836605,0.018090713390685915,0.020015040238644623,0.0029651880602241075
2020-02-19,-0.0017112028030053272,-0.0033711307941678573,-0.0021237867801291626,-0.0022327313521725584,-0.0037506482645576315,-0.0031893378039104933,-0.0031201913788786698,-0.005818717503878801,-0.011251963934399936,-0.02426128427053089,-0.022550081467525563
2020-02-20,0.01913981217750932,0.02107344459778225,0.021488825090995006,0.021852791680110527,0.018172924083092398,0.019545244786516622,0.01658456068062044,0.018202467216473575,0.015184072611746638,0.006029749552362311,-0.013110062625147008
2020-02-21,0.01082401455931508,0.007819144644080952,0.009673541333538229,0.008155730067549827,0.010552075350236067,0.008162492086509886,0.007785797126582594,0.009214815693961117,0.010761690040833905,0.011094567858673096,0.00027055329935801557
2020-02-24,0.008760357849470145,0.006803752858973207,0.00943030277834005,0.009821896537406479,0.010768209961195783,0.008872745828331575,0.009941250292418475,0.011430567917178383,0.01517825545224918,0.02015759958276337,0.011397241733293225
2020-02-25,-0.008785758199371904,-0.011757459534272055,-0.011420064897998268,-0.0088870298287971,-0.007326679571189022,-0.007149221844508599,-0.003044763023002906,-0.0034066081156463287,0.0014006818357653109,0.01144347505226433,0.020229233251636232
2020-02-26,-0.011315131732329474,-0.0053820153475013215,-0.0025463211873724416,-0.005009711553591533,-0.005342261259149481,-0.01107382618567629,-0.016397015324296788,-0.023098126657415823,-0.0286914795061835,-0.04229287138070132,-0.030977739648371846
2020-02-27,0.007612023939508255,0.006756538120517391,0.006503426589197895,0.006776619443968405,0.005413671968998514,0.004699051402693297,0.004890279139365455,0.0022844120339021025,-0.0010698148704445646,-0.006944959628077655,-0.01455698356758591
2020-02-28,-0.05517098379430626,-0.053050296624761475,-0.05383490948289367,-0.04925574801326817,-0.05172068891920972,-0.0523260325603465,-0.0561187560317254,-0.057182606067677375,-0.05543064837971104,-0.0503252594904143,0.004845724303891963
2020-03-02,0.039635536138207694,0.040886381354352325,0.03992854021229589,0.04031686024281669,0.04189660779678209,0.043291141402316616,0.04349601302081006,0.04586155348438002,0.045131499265714047,0.03878471171610589,-0.0008508244221018049
2020-03-03,0.011664392969808354,0.013321598674976993,0.012213046108978663,0.011434105816854476,0.009225613391232203,0.010856196616014974,0.012575487602066643,0.010970323524999815,0.008985836483540455,0.008868830155727585,-0.0027955628140807695
2020-03-04,0.016074062283518237,0.016554428461726806,0.013051613291184134,0.01377016892347543,0.011373207152978126,0.01025848018588771,0.008412226017960236,0.010292841090132586,0.0016750121513476914,-0.005449727455131214,-0.02152378973864945
2020-03-05,0.024754700037032243,0.02161030260322793,0.021036781509770938,0.018870665811194023,0.01790792250718431,0.017017345802895267,0.015966167581798366,0.015208081701202195,0.012148906195899199,0.012343592094306806,-0.012411107942725437
2020-03-06,0.0009897326041234317,0.0010580271012380045,-0.0011495624038375088,-0.002921220334456172,-0.0018992820657122373,-0.004963573053895283,-0.001056105095015461,-0.007316057151560687,-0.0064669186607938045,-0.0019897224985223113,-0.0029794551026457432
2020-03-09,-0.034740469012009695,-0.0321751298716538,-0.029875232294595454,-0.03037915769459957,-0.028923202132903624,-0.03447520802533253,-0.0360098331732341,-0.035490655797491014,-0.03934104671765818,-0.041409972551180986,-0.006669503539171291
2020-03-10,0.01862069727675565,0.016583628341594686,0.017536203316770364,0.01942156164517756,0.02024673203515414,0.020604330971228397,0.026976005497191553,0.028949431665396274,0.028900469329128334,0.021531863386993526,0.002911166110237874
2020-03-11,-0.006668938390283351,-0.0037927069031512576,-0.006897376202631266,-0.004248250466985111,-0.006805797956709251,-0.011177896765308781,-0.009862512654639954,-0.01216713793732681,-0.01545268595874837,-0.016656564704049803,-0.009987626313766453
2020-03-12,-0.02250874465520831,-0.02107501265746895,-0.019032205425334882,-0.019587608203112727,-0.02105267314872437,-0.019517914232060327,-0.01595536826929007,-0.016705717667795706,-0.01992005389725456,-0.018618208539771006,0.003890536115437302
2020-03-13,-0.01646198362928071,-0.014350311946395126,-0.013529885456390094,-0.013244415956181945,-0.011802867157636034,-0.009450476378488327,-0.011266817977089453,-0.007885148904626845,-0.010380345291185256,-0.012915389716687146,0.003546593912593564
2020-03-16,-0.03550512722818307,-0.035459069214751684,-0.03232484971099303,-0.0358039305804137,-0.036604977711104304,-0.036908877514543546,-0.042321230991955866,-0.044363352221987645,-0.04404608053611238,-0.04486152668606075,-0.009356399457877682
2020-03-17,-0.00552179178611201,-0.001742822382548945,-0.005087484685930494,-0.0021905281415730803,-0.00230460337062301,-0.0011008447728432563,-0.0026437542142850783,0.001917736005748068,-0.00017182006235287692,-0.0015627965361919125,0.003958995249920098
2020-03-18,-0.014018848447971544,-0.014153428408378025,-0.01512242481404972,-0.015370323341221641,-0.01377422742414678,-0.015783953299289465,-0.015406528071989608,-0.01355219046059588,-0.019726337917068307,-0.024996725896295632,-0.010977877448324088
2020-03-19,0.0007517255919423337,0.0016691609602627264,0.0043184063446554816,0.004361723781743527,0.006274846961218505,0.009995796819188607,0.012480952952102211,0.014848248992952642,0.012552102300409393,0.005701685301757889,0.004949959709815556
2020-03-20,0.019913417055544606,0.016428365804333274,0.015737481022853907,0.01621598638187737,0.013483129067287868,0.013157514542148406,0.014303326906202382,0.011900616558796647,0.008762256751989562,0.01425406257466328,-0.005659354480881326
2020-03-23,-0.03648965746240921,-0.034094748745042515,-0.0358945071042295,-0.03327056392921931,-0.037839176595689916,-0.03636216908106507,-0.04074334327300448,-0.045688467320525936,-0.04427087432845678,-0.04804241098259299,-0.011552753520183777
2020-03-24,0.024822923645150718,0.022508455979755634,0.020506863229910174,0.022574424719919203,0.02265821491561245,0.02157883198571098,0.020892355733913938,0.020848262677742264,0.020980100225643193,0.013335201003098353,-0.011487722642052365
2020-03-25,0.026922964535974623,0.02279596843247248,0.0242741448439575,0.021456472818216093,0.021996405107344644,0.021317995966494793,0.02216268978823587,0.02428697311139457,0.024584734861021737,0.02447488481095473,-0.0024480797250198937
2020-03-26,-0.0074937286246906515,-0.01098817198026441,-0.006294085838459576,-0.011464391279357476,-0.009571458532627138,-0.010094707040395164,-0.011224725260204627,-0.009556051815965987,-0.012652846689335112,-0.013059429761551253,-0.005565701136860602
2020-03-27,-0.00563606858605223,-0.0016458662911860308,-0.0030875615770394093,-0.0012431172918398506,-0.0019283971081625695,-0.0024991582891077274,-0.0007695116083988507,-0.004499099026118144,-0.0052010552782791415,-0.007713463748700963,-0.0020773951626487323
2020-03-30,-0.022840087778595572,-0.023288256362968395,-0.02238665734114887,-0.022171079499123454,-0.020093139635031648,-0.020506112267412373,-0.021975708679814382,-0.023791832937283645,-0.02119759137736419,-0.024034455632283208,-0.0011943678536876362
2020-03-31,0.003713656911540357,0.0008756562647237046,0.0011959542409363867,0.002789606765952026,0.001909323014795815,0.0018867817666889375,-0.00290021335029426,-0.00020011949803714854,-0.0027584024311111312,-0.00412105560092216,-0.007834712512462517
2020-04-01,-0.00670878245811741,-0.004978737576789427,-0.002807799195983174,-0.0033719591867734386,-0.00493350950744866,-0.005305396513997234,-0.005515518076721874,-0.006323217764409205,-0.008208508674593343,-0.008907458167578278,-0.0021986757094608674
2020-04-02,0.01632712038475742,0.020237448241168222,0.020984438098459193,0.019972230799127525,0.020929243036123903,0.02047643050151878,0.02128228044109056,0.020598238868303715,0.02399715241800589,0.026597776598661495,0.010270656213904075
2020-04-03,-0.0028821971812985586,-0.0032219195521098008,-0.004612546642393108,-0.004600094009138063,-0.005372386058012557,-0.00720462659330189,-0.007722988671138321,-0.006947515818474815,-0.0068326684409034935,-0.005969329169254122,-0.003087131987955563
2020-04-07,0.029190103113105086,0.02776792254174342,0.025508954594058563,0.027982876326374074,0.031064087894389678,0.02924173701365062,0.030473599731676692,0.03320385403789378,0.035382025863876704,0.03339172304749813,0.004201619934393042
2020-04-08,-0.0019387961205391945,0.0019064314086093474,0.0020584426858717623,0.0064366039403196875,0.005080414658863903,0.006563731248938908,0.004033325853721152,0.005701472958260885,0.004855023028309478,0.005829523130295305,0.007768319250834499
2020-04-09,0.01225262898271012,0.008647547517256257,0.006288881911807736,0.008213740617693798,0.007013656563242106,0.00909700442395764,0.008624042361683435,0.007157802010068451,0.007663849013069036,0.009674525078684338,-0.0025781039040257813
2020-04-10,-0.01985128425344253,-0.019638019906110533,-0.020106225455454773,-0.01920667484969819,-0.02109131690320841,-0.02409592755542471,-0.022444645716073207,-0.02456765420532436,-0.024964421400092883,-0.032489581265580075,-0.012638297012137544
2020-04-13,-0.002773436273456469,-0.004953551616874748,-0.003945463213080337,-0.005356517961672974,-0.0076096754049115815,-0.009257077507735172,-0.009235873970010806,-0.012719971994897813,-0.009054109570855414,-0.01642497543487253,-0.013651539161416062
2020-04-14,0.022075814543300987,0.016449606404559607,0.016244613650425975,0.017006788468201105,0.016132380017529938,0.015713369120652385,0.01798382526346131,0.017980459892213092,0.017856171174643623,0.020210826932220302,-0.0018649876110806846
2020-04-15,-0.004583351258774624,-0.004470162398109297,-0.004319363125727149,-0.006416161847274292,-0.005304411671504085,-0.0066360134178926585,-0.006141412616413225,-0.008880913117989662,-0.009071565130426819,-0.009226071341297078,-0.004642720082522454
2020-04-16,0.0024920773348497726,0.004226161914596073,0.005887803537332012,0.0042459881787806075,0.0036719949342080647,0.007397526714768417,0.004384875791127632,0.0030566318160567606,0.0012081850697987532,0.002073047107583225,-0.0004190302272665475
2020-04-17,0.0066294728687400425,0.0033881817521996893,0.00024183819867690704,0.001811457743586181,0.0012928803727206117,2.2620176920912813e-05,-0.0009041282451865648,-0.001817268092007505,-0.003748730542360143,-0.008783581508535157,-0.0154130543772752
2020-04-20,0.011872272193767332,0.009143700828021697,0.006757653213482673,0.010108224084690396,0.01123661261782375,0.01241150562779614,0.010479224544985392,0.010201962778184335,0.012973809306515283,0.012290065593882023,0.000417793400114691
2020-04-21,-0.009144693046957824,-0.008931602365194937,-0.006368000644251902,-0.006765135452736652,-0.005659898077786498,-0.006013323512944967,-0.005464982482970491,-0.003439472954851667,-0.0037818838209604288,0.00022397409574803108,0.009368667142705855
2020-04-22,0.009723751175176445,0.00961196969027612,0.008087304638071884,0.00759345966904562,0.007999403961200899,0.006361076929505702,0.00900847102265234,0.007202984073507291,0.012157422902729843,0.008994081503479561,-0.0007296696716968844
2020-04-23,-0.00722345024151584,-0.005101994807045425,-0.005768634896550825,-0.0028301859300262602,-0.0019406180695871248,-0.0027756141267008955,-0.003107259333555012,-0.003573030530953412,-0.004491426295829125,-0.0032986428160402714,0.003924807425475569
2020-04-24,-0.016747631353280557,-0.013713965259763618,-0.013891796994489223,-0.014501457703254596,-0.014966681156546537,-0.015736374591392994,-0.01579579277377452,-0.018398780971622567,-0.01885661848375971,-0.029767041556753165,-0.013019410203472609
2020-04-27,-0.005895195992642266,-0.0037533448080303827,-0.004463901004449268,-0.0025856394047710524,-0.007140464129702688,-0.007105196770244344,-0.004806388132691477,-0.005896332115505141,-0.007898215219071105,-0.013910994169267159,-0.008015798176624893
2020-04-28,-0.014329531845162466,-0.019641996731234013,-0.019443117121768966,-0.016150282014260248,-0.01990894942372895,-0.020641697546683116,-0.019563692987429604,-0.022987646700410203,-0.02572875918838597,-0.03178407252442245,-0.017454540679259986
2020-04-29,-0.00011363441446956722,0.0023380019158977254,0.0014473153620538786,0.0015613429926507989,0.0008746794391705508,0.0012294490575309532,-0.0014654360864901142,0.0001812170459630804,-0.0054066074820260076,-0.009130332327652518,-0.00901669791318295
2020-04-30,0.03299664080177378,0.029043229146864726,0.02575683403489823,0.0242164931422212,0.02570329411455686,0.0187529026971374,0.01776139490627541,0.017402220227100022,0.015223712343074606,0.01304953203005385,-0.01994710877171993
2020-05-06,0.027064846864056004,0.020336465016418975,0.016589681684108692,0.014504123807902844,0.014194219232865702,0.01216962101758445,0.012399135405932241,0.01626173024106181,0.016211981059657057,0.024267457841839573,-0.002797389022216431
2020-05-07,-0.003639566119778767,-0.002524147820628941,-0.00267522719448065,-0.0013519146879047194,-0.001345025542072006,-0.0022032074181538575,-0.0024831264627605347,-0.0015540718816271215,-0.0011909970742884938,-0.0007310658670636125,0.002908500252715155
2020-05-08,0.01594531535053747,0.012716553190773227,0.013128401014633913,0.011051022675561288,0.012413219771025946,0.01034905420573225,0.010292307009721125,0.01005183783973714,0.009078643545852345,0.006898107346268639,-0.00904720800426883
2020-05-11,-0.0005410282440256142,-9.410527784615844e-05,-0.0007549410297038796,0.0014366357407207954,0.0007041630460423128,0.0005467162761940353,-0.0009267186471339091,-0.0015187818129251776,-0.001744072367943467,0.0027309826353527564,0.0032720108793783706
2020-05-12,-0.003266202028782578,-0.00211450720786045,-0.0023745160629398228,-0.0006636691129970779,-0.0011580655383817051,-0.0011371164315330368,0.001071536826317539,0.0025524468204933294,-8.595367986633144e-05,-0.0006404899159849126,0.0026257121127976654
2020-05-13,0.005849645726818904,0.005394169455636497,0.004383906468505402,0.003653858850972746,0.002887401832772388,0.004480700104749951,0.005801328148371876,0.005349518730560318,0.009524663518906823,0.006898200555698298,0.001048554828879394
2020-05-14,-0.006453313103351476,-0.00892695305444931,-0.008913914637153571,-0.010060656449551217,-0.008293114330686436,-0.007813750593220157,-0.00814611932936479,-0.010736499705586475,-0.009265484470708138,-0.007122539561493666,-0.0006692264581421893
2020-05-15,0.005024950566391469,0.0036220520402923517,0.003039466574321352,0.0022125453881700827,0.002338417440443153,0.0005027402390030092,0.0018099697234735912,0.0010469125267725064,0.0029399557557486626,-0.0003086411917168911,-0.0053335917581083594
2020-05-18,-0.015687904313735988,-0.00842891059046128,-0.0030680971082457714,-0.004759411040979216,-0.003041101870276336,-0.0010215630579632397,0.00022770303576776646,-0.0009539534757360395,-0.0014632741885018431,-0.007136770196685256,0.008551134117050732
2020-05-19,0.014768878995466979,0.01276331898888896,0.012601402936201973,0.010515757548314218,0.01007468900891004,0.009457647075339302,0.007744975624806175,0.010543900368833826,0.009805560769219065,0.013392896623873853,-0.0013759823715931256
2020-05-20,-0.006033534619808926,-0.005892903957582937,-0.008810100878861006,-0.006693663823306737,-0.006874287344447619,-0.008136417785980777,-0.006665551213635931,-0.010147050746139297,-0.010767461508722868,-0.009406857790221837,-0.0033733231704129113
2020-05-21,-0.013968428959357817,-0.010486242454975914,-0.008457690125402276,-0.0075042748167577205,-0.00882692361570762,-0.007318164207191741,-0.007074655049065717,-0.00904624978073153,-0.009218699398997686,-0.010333777666617028,0.003634651292740789
2020-05-22,-0.014929614221938564,-0.01377039309583042,-0.016438876882509175,-0.016516949204503396,-0.015450436986964251,-0.015246340236819369,-0.015324932077478868,-0.01666270043653161,-0.015724615617560833,-0.01876110556907053,-0.0038314913471319666
2020-05-25,-0.006487911318045713,-0.0016550085774666551,-0.001803188635786107,-0.00043095509788797356,0.0003362627490028058,-0.0005730775933556969,0.0004442150355375234,-0.0007362029446915484,0.00197268562361823,-0.0014341363613718087,0.005053774956673904
2020-05-26,0.03137570206934902,0.023316069797068635,0.018953423753518557,0.01775349496333406,0.018563703606735274,0.019474030240459603,0.018692126920319012,0.018670223768149898,0.018236863713034977,0.022011882564462487,-0.00936381950488653
2020-05-27,-0.005407271990284662,-0.0035152217177932903,-0.0023100175581244717,-0.0036184063158782665,-0.00031649550359465775,-0.00386769219934108,-0.001472526950240687,-0.003184514865874034,-0.0027769015058598206,-0.001618624589088351,0.0037886474011963114
2020-05-28,-0.004388057833136478,-0.0035878200727107457,-0.002526724972975114,-8.562700847329402e-05,-0.00017077270725266,0.00020321635392485341,-0.003795373581198764,-0.005192116106537368,-0.005270405446873641,-0.010201303174780157,-0.005813245341643679
2020-05-29,0.010553887187323974,0.009615407788003542,0.0077620075706112705,0.006643901023838843,0.006933022101121307,0.004037570942594248,0.007093272849998646,0.007597148361628442,0.010035209709179253,0.005687597184792765,-0.004866290002531208
2020-06-01,0.030553946039600103,0.02733206751160899,0.02648739043731807,0.02675364179153476,0.026370283957592854,0.025874129304468675,0.027006870004934944,0.025910541578596857,0.027466607389171754,0.029674286140915267,-0.0008796598986848363
2020-06-02,0.0003554054051012627,0.006504052454625223,0.006136188856125892,0.005578332341279102,0.006925662589563986,0.006905733845554556,0.0054030001742963515,0.005557194058447819,0.005497102833962341,0.001404829078043172,0.0010494236729419093
2020-06-03,0.003914381595495326,4.380664461555979e-05,0.00015250279872994142,-0.0007273064511709045,9.990263008628352e-05,-0.00011815223145803227,0.001172461791871297,0.00034055919295483726,-0.0003515598986866997,0.00033574933355906653,-0.00357863226193626
2020-06-04,0.00471663922366573,0.004535000344635164,0.0038983725848234876,0.0024732352830256817,0.004596428659093048,0.006221221592420416,0.007453817737815165,0.0035937061801966995,0.0013905709733759391,-0.0033167634549718583,-0.008033402678637589
2020-06-05,0.0017923111759184911,0.0021839583793654333,0.0022610818981361573,0.0011614950122948997,0.0005251837457358619,0.0014100798753058676,-0.0006520943233176565,0.00048069018342658347,-0.003054140040797346,-0.007538707081378543,-0.009331018257297034
2020-06-08,0.00035800632304298734,-0.00022461178923655067,-0.0013891128655010303,4.917429223762421e-05,0.0005904197576465597,0.0001643894058735196,-0.0008287665442312832,-0.0006525541670229986,-0.002714197427699384,-0.007737388761027199,-0.008095395084070187
2020-06-09,0.005098041328551495,0.006457644200863064,0.00441411083312522,0.006151922621109383,0.004132454255334915,0.003924620499109616,0.004459376910042424,0.003315623277748557,0.0038075286655351965,0.003120929491911586,-0.0019771118366399094
2020-06-10,-0.0015091688843500667,-0.0022438989175829643,-0.003005786112733089,-0.002204305741342342,-0.0024227697598174507,-0.0017258562973712197,-0.0019000092735876107,-0.003540410309337545,-0.0008090833690604142,-0.0043036847218450745,-0.002794515837495008
2020-06-11,-0.0019354462627426117,-0.00460941916730678,-0.003375614836073167,-0.004340168930307123,-0.004835251445918121,-0.004548667960343088,-0.003030622049266935,-0.003051489489585431,-0.003883863493348551,-0.003975364148685814,-0.002039917885943202
2020-06-12,0.0024104673857432233,-0.0004313060413331486,-0.0009071312051831687,-0.0008448552123625317,0.00039402489590356605,-0.000871931191549271,0.0008802872454685998,-0.0010011984246526752,0.001418477050801055,-4.013627660570196e-05,-0.0024506036623489253
2020-06-15,-0.0010006082702939685,-0.00047043074690837427,-0.0010074910341688293,-0.0012523062237155178,-0.0021728905942644434,-0.002691967792808343,-0.0022864841041997453,-0.0009917360499877093,-0.0034726663017681436,-0.00599839090684155,-0.004997782636547581
2020-06-16,0.019248170686787112,0.018061274991882946,0.017883425403748064,0.01633469741902618,0.015039099625004559,0.019242666310676768,0.016725667144113235,0.016121484555360385,0.014225357075588974,0.015411756717984072,-0.00383641396880304
2020-06-17,0.0017563070450344399,0.005312050665079243,0.003982023486006411,0.004346659480752827,0.003948370932473924,0.004364896817146306,0.005576088924819596,0.006555238187303129,0.004021457557563739,0.001783269840677784,2.6962795643344127e-05
2020-06-18,0.0015291122520234611,0.000855602589078109,0.0024889648493747743,0.0013417299864559146,0.001766578377984263,0.0013594840550075187,-0.0013533998288168083,-0.002831960717316411,-0.005955992124492676,-0.007341410963309571,-0.008870523215333031
2020-06-19,0.006709801207331842,0.0058312798843516,0.0045336727649429595,0.006506751039481704,0.0038677833797630596,0.005123626451883622,0.0062912679365743004,0.0031189500832628685,0.0017911226305810982,0.0006152888988078559,-0.006094512308523987
2020-06-22,0.00167903370468447,0.0014822474942408654,0.0016245404367317621,0.0012058170551199512,0.0022309075584570344,0.003481706611359146,0.0022090331594655167,0.004717316659621492,0.0017084131497458583,-0.0006484635830036494,-0.0023274972876881194
2020-06-23,0.004158969513563905,-0.0005156090080736945,-0.002398123555067506,-0.004261867735673875,-0.0004527684236538327,-0.002516762017598674,-0.00021444984888811748,-0.0008229755109395818,0.0004969842099092856,-0.003747247970833514,-0.007906217484397418
2020-06-24,-0.0037117601067171045,0.0002547566324605421,-0.0006932963647255893,0.0003636821335930442,-0.0017231441430306939,0.0009974976814345234,-0.0019908785918107937,-0.0023333615979604415,-0.005747700368774792,-0.009536784407403994,-0.005825024300686889
2020-06-29,-0.003388314835140593,-0.0053755008220043605,-0.006604377542657619,-0.005139002220132853,-0.005593747187933816,-0.006771017930246495,-0.0049658310922941675,-0.005173220763923173,-0.0040317751821482605,-0.008884558690816904,-0.0054962438556763115
2020-06-30,0.01976808594622546,0.01533027010079345,0.011971525799974306,0.013613166274186341,0.015135986376516435,0.014070012255518443,0.015270702396209972,0.015301093126795265,0.015670654751219343,0.014480734552991845,-0.005287351393233615
2020-07-01,0.0033787377638689583,0.004865011755039092,0.005620570185613727,0.007506254211824641,0.004219552094614727,0.003802866949813578,0.005539089456423856,0.004091564077284248,0.004427643090485435,0.002734469713821543,-0.0006442680500474154
2020-07-02,0.009254640151272024,0.01536684944516866,0.013803922468601928,0.016792590251659745,0.015273210317719284,0.01672352524319662,0.013085487038986324,0.01524803438837375,0.010490756439958383,0.01136795548929673,0.0021133153380247065
2020-07-03,0.00951213998566865,0.013585990567435405,0.010837462459435638,0.012950829189959061,0.012865338864204406,0.011282985007366145,0.013143883495592406,0.010239421211989728,0.012231015444872298,0.006052522331113799,-0.003459617654554851
2020-07-06,0.030907674218270544,0.03456248460669582,0.03979007024888532,0.04072195012523415,0.038493579698488406,0.04001293334796949,0.03869552591905169,0.039562263994003324,0.04032998976736659,0.04347932958461874,0.012571655366348196
2020-07-07,0.013151903394200708,0.008418599836301336,0.007927373498601299,0.009798162434564647,0.007346602638525981,0.008445230585417567,0.010654294785840181,0.009795822421341558,0.008097764374831874,0.004401665082058976,-0.008750238312141733
2020-07-08,0.014592639677558202,0.01789574927441385,0.01895765305482084,0.018666555253721517,0.021185562194590946,0.018598815681573122,0.02312790112388812,0.020606949445022834,0.024964700455072632,0.02517017842518131,0.01057753874762311
2020-07-09,0.025716588243825826,0.026074090725510125,0.024839987502022508,0.024044136784980782,0.028215923833265058,0.024326030452289076,0.02458724733752638,0.026142925439983276,0.02265919837019368,0.023171491705402926,-0.0025450965384229
2020-07-10,-0.0010288828103413947,-0.0061678140891907665,-0.008224059722825841,-0.009560465134150254,-0.006287923075026418,-0.008897842691129235,-0.007451363188147939,-0.010947895904013266,-0.011283130903943936,-0.011859696474348671,-0.010830813664007276
2020-07-13,0.032466941234074856,0.034575533903086264,0.03307947686293599,0.035881452601834396,0.03357855741423582,0.03342943110194515,0.029892666071234607,0.03254402340302624,0.030888848802849925,0.027940760740712473,-0.004526180493362383
2020-07-14,-0.00745646870922816,-0.0037488902600949824,-0.0023580346186718817,-0.0038713506384926476,-0.006079698101973594,-0.005322859490564523,-0.006528105177767354,-0.007645600956254401,-0.012640690522838734,-0.010894608168200266,-0.0034381394589721066
2020-07-15,-0.020375571379530215,-0.0173087653371419,-0.019566857354087613,-0.01917458520451975,-0.022602334947114295,-0.026999170892752535,-0.029200302551432702,-0.03362013608315369,-0.03217456092213301,-0.0431307519507096,-0.02275518057117939
2020-07-16,-0.04970363151777592,-0.04217820695299544,-0.038954281312001106,-0.038377067996313796,-0.04211364179240841,-0.0420020298959225,-0.044385849102297995,-0.044669041232664256,-0.04792131965204688,-0.05203063043868264,-0.0023269989209067227
2020-07-17,0.002304021738983095,0.0013645089521366932,0.004965959558968657,0.000354737610633153,0.0034557175754594462,0.002049615323715256,0.00450640032465368,0.004219297736117303,0.0038299378266540528,0.006783466427635361,0.004479444688652266
2020-07-20,0.02536046494148613,0.026873387834254733,0.03206880515583512,0.035426500440653874,0.03579649564282049,0.037226031658974826,0.03896778812093946,0.037542635812365936,0.03897634354279656,0.04033454945261981,0.014974084511133676
2020-07-21,0.009305454727549062,0.010105254747134978,0.0063966006395301455,0.004357363119715733,0.004357140158842212,0.004031417568962013,0.0028467756161069235,0.003179314768994865,-0.0006417964357683784,-0.0009652753617843343,-0.010270730089333397
2020-07-22,0.00733184123899535,0.0068718765330511335,0.003221832148197546,0.0019633846724553096,0.0043237994931695075,0.000874336561583202,0.003602784022816184,0.0012004187154462877,0.007011232171287346,0.005711808953205231,-0.0016200322857901185
2020-07-23,-0.005219076007854706,-0.006757242888152418,-0.00466521886546427,-0.005595754185971296,-0.005815341027491339,-0.0055645277663635626,-0.003497509914282839,-0.0033836467110395143,-0.0006673261394117663,0.0024037636424815616,0.007622839650336268
2020-07-24,-0.04714989611159844,-0.04042281357114304,-0.03999701974977646,-0.03701373998272553,-0.03836086638529171,-0.03919006931614143,-0.03753655730727633,-0.04276608258527707,-0.04520288611631386,-0.04834914575668822,-0.0011992496450897797
2020-07-27,0.00017786792759807274,-0.00026157105476378524,-0.0007348596250114821,-0.00027140894406009583,0.0030383287464812265,0.002047847271171601,0.0029247470250531593,0.0010190593642397765,0.004361773217089616,0.00046551506473317054,0.0002876471371350978
2020-07-28,0.014565196369107037,0.015153668282181733,0.01323390423666645,0.012294711929206734,0.011781609214984655,0.010999603979852397,0.01253339802785047,0.011886234167044976,0.010557170104261264,0.007271926582701864,-0.007293269786405173
2020-07-29,0.028024153596186235,0.023052533772575212,0.023583318155015853,0.02240108586627204,0.021868613939729945,0.021760337140740348,0.023620298727823952,0.023300725821185066,0.023536415909572138,0.028423736232009226,0.0003995826358229905
2020-07-30,-0.0019483564960649665,8.475340866232676e-05,7.820839916857435e-05,-0.002261741855311755,-0.0006530093627647857,-0.0004880097139075317,-0.0018844690378140804,-0.003437329159795161,-0.00016699055187020112,-0.003955965524109754,-0.002007609028044788
2020-07-31,0.014632803399342711,0.011741805523640635,0.01075866740323173,0.009999367938356395,0.009190713652540976,0.010056205883237235,0.010088077799635884,0.011061692035511302,0.012380258617670415,0.01502457304097121,0.00039176964162849874
2020-08-03,0.026387595647620936,0.02684807002341136,0.025628555041808727,0.028362189282921245,0.02738696374147028,0.02835034203714153,0.03240995216557334,0.029505116551579478,0.027136434148867794,0.03207179948328785,0.005684203835666916
2020-08-04,-0.003111010903638245,-0.004314595541252746,-0.004354894855690676,-0.003520439242388609,-0.007017897124208921,-0.004096470350881253,-0.006835085388615224,-0.00575559990575816,-0.00743981934581292,-0.009071084832823212,-0.005960073929184967
2020-08-05,0.015408358348119542,0.012671028571802814,0.011085385781411501,0.009749020904792263,0.007751432848266671,0.011346025139699963,0.009537804668846087,0.008584669685448094,0.007947113793016727,0.005721151047417761,-0.009687207300701781
2020-08-06,-0.0038604807983797294,-5.089523901752118e-06,0.0007592583950434084,-0.00043759030801390655,-0.002395511707189093,-0.0005339552590269551,-0.0026500731011667505,-0.001568740878901851,-0.0039176225903943115,-0.010567321732014712,-0.006706840933634982
2020-08-07,-0.01320842489709148,-0.013811898570688333,-0.010337705716000156,-0.013674016143452539,-0.0124148940894,-0.010353262107745908,-0.012388817992606833,-0.012781251619892402,-0.015249526944254884,-0.020093021685679894,-0.006884596788588413
2020-08-10,0.004374701837401263,0.011248424586710458,0.010710113423301353,0.011447556625185193,0.007808949028498973,0.010018691708352599,0.008401080757629891,0.008666768495058604,0.005763577682599523,0.0013336912959970896,-0.0030410105414041735
2020-08-11,-0.016608528190372826,-0.01722398071069009,-0.018686916227608482,-0.019771568723007716,-0.019593720104552736,-0.018287127523644357,-0.01784411843869469,-0.020441182182235486,-0.02051444212168174,-0.020309665591837455,-0.003701137401464629
2020-08-12,-0.013422831368339713,-0.008724094653910872,-0.004318181679158687,-0.0056778697354681,-0.002267830867999392,-0.004268137445231447,-0.005173059764428237,-0.00403349690117198,-0.008154806279724041,-0.008641146980168078,0.004781684388171635
2020-08-13,0.004185536773268234,0.006206784866984112,0.008034966457702951,0.008347063923083972,0.00710893054603224,0.005956595962501962,0.007142421593761692,0.005183347026580649,0.005125040068906212,0.004147763000054239,-3.777377321399506e-05
2020-08-14,0.011561983426400826,0.010685574348683589,0.009916279179691134,0.010664415435985865,0.007817359101409972,0.00970410341766207,0.007134969422044052,0.00721332666341247,0.008037431680258136,-9.884941859568202e-05,-0.011660832844996508
2020-08-17,0.01859861533341439,0.019064910003587746,0.0172127743205548,0.018719533861445703,0.018239089379550318,0.017424439801280736,0.017350155320213872,0.020084689617679993,0.02022014692409168,0.01971880432927004,0.0011201889958556525
2020-08-18,0.008256415026579481,0.006376317956527459,0.005121560212452639,0.005312200963263928,0.00602473382022602,0.007988051194590083,0.005998744357852425,0.00747713797800852,0.007915412486464738,0.012107650169261495,0.0038512351426820135
2020-08-19,-0.013312069516520073,-0.012158629457313885,-0.011921204909086838,-0.013830733591837249,-0.012920804390998391,-0.014202374309144283,-0.014773891362683953,-0.015810253097728832,-0.017752451892938514,-0.02317938643305499,-0.009867316916534918
2020-08-20,-0.01103939904695752,-0.00876528136703361,-0.009003938594808351,-0.010683617915947519,-0.00866218822949359,-0.007790016039126752,-0.011241605326206494,-0.010168725110471991,-0.014455102119453327,-0.016458436487675636,-0.005419037440718116
2020-08-21,0.00999932398083256,0.008633947043436667,0.008057869264230036,0.007104128637751278,0.006578192706799765,0.006552124042268318,0.005963482931525385,0.007117647625827447,0.005107317326895463,0.0016530152623951103,-0.00834630871843745
2020-08-24,0.008163166203095481,0.008497731522052191,0.007743508459250998,0.006699038778784623,0.0056412425359086416,0.004154972355195716,0.0059274664295238975,0.006942742364450855,0.002821146927846324,0.0006244904134410697,-0.007538675789654411
2020-08-25,0.002376435165216721,0.0020689633622967612,5.3324555637892027e-05,0.00144706239455315,-0.003182428506757359,0.000194488264458306,-0.001741259079652033,-0.0013831485320742153,-0.0036674625160225023,-0.0031984670102059264,-0.005574902175422647
2020-08-26,-0.02069528832369282,-0.0153748413989418,-0.01921833308888083,-0.019606904486678584,-0.017507178035691767,-0.021381570488154904,-0.019991921672051677,-0.022324107145649537,-0.024681344119622566,-0.026705569198559036,-0.006010280874866214
2020-08-27,0.013879676869140507,0.014259471764824679,0.011399026843954708,0.010812968541687357,0.009944044550764558,0.013418359107213146,0.012703037858682667,0.014551394984659648,0.012833481088007574,0.012420518231401521,-0.0014591586377389852
2020-08-28,0.013479564189987296,0.008623705664269784,0.011180621040310895,0.012236262707954141,0.010587134642482798,0.009899263786356027,0.010725382108913575,0.012550510364550542,0.006124439333084291,0.002188481916368405,-0.01129108227361889
2020-08-31,0.0023943512336948316,0.0013590742995802287,0.0002543123996063324,0.001505691325812762,0.0003048991014597676,8.136420193435346e-05,-0.0005443998354645016,-8.57705798004186e-05,0.0029007335469321324,0.004976547845868099,0.0025821966121732675
2020-09-01,0.002824689089471235,0.004226885748638854,0.0026834630381448532,0.0034943707654550024,0.0037888909385320104,0.005842179663455354,0.006229489683650719,0.006201853691437733,0.007792423874073685,0.015802558646374934,0.0129778695569037
2020-09-02,0.0035547545878395126,0.005247562807042687,0.0018436924206965103,0.003355843929210147,0.002617475960295267,0.005847034015999346,0.006013981272513704,0.007740295055590011,0.006836377318735337,0.013601829311315459,0.010047074723475945
2020-09-03,-0.010478093277776698,-0.00708229148078544,-0.008069709661776447,-0.006162314633327285,-0.007492975576174068,-0.007778296724611136,-0.0069509797548331885,-0.009228921267487327,-0.009181214050194382,-0.015113768875370815,-0.004635675597594117
2020-09-04,-0.0030055984957828297,0.0006686158571931639,0.0012237389153121612,-0.001199707369931609,-0.0005954413395539521,0.00017778664567990568,0.000877879945854997,0.002853398011345685,0.004728679407833011,0.01225479907551702,0.01526039757129985
2020-09-07,-0.01853780671545857,-0.015197850179480197,-0.012447087141828893,-0.013200267691824752,-0.014011053834983033,-0.013529513104244946,-0.012777548018210277,-0.011763515423043438,-0.010629113642666742,0.006932960041036595,0.025470766756495167
2020-09-08,-0.0029535176541492275,0.007435905496006426,0.006955338184545347,0.007326588757083844,0.00861544185630659,0.008954729058663909,0.007811804299570449,0.009127356660576177,0.016990333930263012,0.025958996597723327,0.028912514251872554
2020-09-09,-0.03524161342986054,-0.023494996346944966,-0.02057946686394687,-0.02112516549525262,-0.019306644554938277,-0.01798255095493516,-0.023688631121347274,-0.0219976886613595,-0.023865984405819628,-0.05390502885677977,-0.018663415426919232
2020-09-10,-0.021335667042678464,-0.0259546553990007,-0.02794700909474688,-0.026760714809793418,-0.02684203929454497,-0.02872502746624634,-0.033997559063814235,-0.039035401473403855,-0.0481314226995156,-0.09309912712881181,-0.07176346008613335
2020-09-11,0.018535482545334585,0.015713797227853616,0.014145499384259188,0.011277756882726166,0.012209404341464981,0.011393587310508414,0.01257918381635083,0.01111934239259376,0.017569305907216275,0.030390258670390153,0.011854776125055567
2020-09-14,0.01457564634449018,0.013227420842155982,0.011728442000224059,0.007522161175995831,0.010018567055340148,0.011368803809722335,0.010036485461434213,0.012743431198505267,0.0161861758082505,0.04937420974314162,0.034798563398651436
2020-09-15,0.004828701362805562,0.002000435997537038,0.003914366553936798,0.003928397122926924,0.0028918845207052814,0.005787424602836533,0.005296792532140474,0.0033670061149885045,0.001975350528343721,-0.0030478746235062695,-0.007876575986311831
2020-09-16,-0.00964307726237357,-0.00825718565658511,-0.006967094378687572,-0.005255338780901223,-0.005728634260352668,-0.0068473842398034685,-0.005285935094178323,-0.00733831785719225,-0.006659099013927481,-0.00012374046497587112,0.0095193367973977
2020-09-17,0.008413935702263696,0.006474289890938607,0.007059689602381224,0.0034891078598158526,0.003739023470621227,0.002496908468678173,0.002139950057436257,0.001953428806660995,0.0010653542996593678,0.0005348810035802126,-0.007879054698683483
2020-09-18,0.00925282655194499,0.014005379235850005,0.013533965560783585,0.015055484681899121,0.01627821883444426,0.014629312777115622,0.014248533105055593,0.015475157521234652,0.011734550609552776,0.005065254273093569,-0.004187572278851421
2020-09-21,-0.00229571362286934,-0.001245173645774839,-0.002174467145392832,-0.00275804869796606,-0.0023188304622984157,-0.0010146245970945249,-0.0024628284962561796,-0.001994843728232788,-0.000653802160067951,-6.556997997901257e-05,0.0022301436428903273
2020-09-22,-0.015748061942609547,-0.014860847052881718,-0.013206368998411443,-0.01439871354937441,-0.013755506691716466,-0.015435475443422355,-0.015032084278144363,-0.014065586387488855,-0.01810411700033643,-0.01683009408828548,-0.0010820321456759333
2020-09-23,0.009629391641038368,0.00877135595001246,0.006813224574415472,0.006028634581370828,0.005067744419984076,0.002891704361496023,0.00350970159894209,0.006126485157657187,0.0077218554437115524,0.012474189154922634,0.0028447975138842663
2020-09-24,-0.026866837203051542,-0.023743267548347224,-0.025376727720771118,-0.02278462440839485,-0.024167035539549388,-0.023396882838780435,-0.027678304372426417,-0.02614109847333316,-0.03018259578637715,-0.03514198326716207,-0.00827514606411053
2020-09-25,-0.0066090291514909584,-0.004168812462070656,-0.0044754804140328865,-0.003405643410115806,-0.0031393353026941935,-0.005546549656566208,-0.004059139731847028,-0.004108595377614468,-0.007189985982950254,-0.009936582838036324,-0.0033275536865453653
2020-09-28,-0.01713065751358495,-0.015062826067630096,-0.013015984516251135,-0.011852155979793335,-0.011396153260706861,-0.012036149790508143,-0.011190359429239651,-0.012618925326055566,-0.016918361043542565,-0.01960279901991569,-0.002472141506330742
2020-09-29,0.009104968273439202,0.009717568223571497,0.006949800950945653,0.007031298004858679,0.006005406492806385,0.009243859532007025,0.008252945421091076,0.008980256996269902,0.006745960232773635,0.008817163659391938,-0.00028780461404726357
2020-09-30,0.0011220238380834904,-0.0012144779440713554,-0.0013179536476213619,-0.003065791429698598,-0.0031332847989728255,-0.0021650703688034395,-0.002833111995740758,-0.0029102527654780307,-0.0041156972791127205,-0.002170863483965685,-0.0032928873220491755
2020-10-09,0.03558114671565911,0.02964191703370684,0.025756446712563164,0.02637851278276676,0.026107060523426623,0.026488659819238116,0.026273731645446195,0.030112178423054626,0.031010101501227988,0.04062468528157163,0.005043538565912518
2020-10-12,0.027890879227404138,0.0271910826675728,0.025468969147288696,0.025018119156873034,0.02658923406252105,0.028143895597362904,0.027758847319067637,0.030248584749079592,0.034907793336862544,0.040912299591476374,0.013021420364072236
2020-10-13,0.007006233040533625,0.0031644225557279065,0.00046620478841938545,-0.00015740775707784581,0.0020773969790270743,0.001984597318218012,0.00021879584716880606,0.0010269833511247866,0.004885668532404648,0.0097578935982443,0.002751660557710675
2020-10-14,-0.0018755036213498719,-0.004824520391706627,-0.0041945228473041695,-0.0070314764971852834,-0.006339155389993087,-0.007304048601773847,-0.009732046748164599,-0.006919057303527827,-0.0053648281548899284,-0.004666587051590622,-0.0027910834302407503
2020-10-15,-0.01031868564439296,-0.006537295072083079,-0.007090038270383243,-0.005502559828796081,-0.004122778428807643,-0.005176270894239495,-0.007885843906142142,-0.0045559643235930005,-0.008717451684127964,-0.011761517336008451,-0.001442831691615491
2020-10-16,0.0031792296060999736,-0.0017553950330188933,-0.00027587649100653967,-8.776318187761554e-05,0.00019922069416524987,-0.0011470891287947609,0.0021089671642919856,0.00021797607668287396,0.002748071722756957,0.0015711195825493071,-0.0016081100235506665
2020-10-19,-0.008003743104056906,-0.005416860467084331,-0.005682784767200933,-0.00395574098723395,-0.006341511969838579,-0.0048559648232646725,-0.004551479043692098,-0.005812504200492594,-0.0048284010366757765,-0.0012123245735357762,0.00679141853052113
2020-10-20,0.009041678955209681,0.011720703734018746,0.0077837318097636835,0.007877409300391066,0.007628739610680757,0.0077498465120238915,0.009425930968761998,0.00902116926112895,0.011655521750924424,0.02067529658442329,0.011633617629213609
2020-10-21,-0.013698810851295536,-0.012292227296209251,-0.009757297869992658,-0.010227407995192863,-0.009655458497695125,-0.010919372453439269,-0.010146450569773983,-0.010893911500081056,-0.011574075423025264,-0.014763090823699105,-0.0010642799724035687
2020-10-22,-0.004252709027864118,-0.004890799612115228,-0.003444640708197236,-0.002838665980220571,-0.004566507644536753,-0.0028683208992113145,-0.003558256266348865,-0.002262444218348057,-0.00237405738635544,-0.003466255413909645,0.0007864536139544727
2020-10-23,-0.016583456315913236,-0.01269373752611011,-0.013253143186709478,-0.01146793618283039,-0.01054927148560048,-0.011841196063792667,-0.012050455627124538,-0.012640583324359002,-0.016756987434874214,-0.016153615713355895,0.0004298406025573416
2020-10-26,0.0041808603545664055,7.58491178522281e-05,-0.0007695126647413696,-0.0009203681943777766,0.0007217264541395881,-0.0012407451338857787,0.00019734932214392946,0.0020398137692246507,0.00384807975244955,0.010883101527412124,0.006702241172845718
2020-10-27,0.0057418061685593855,0.0027570616006962635,0.0007473888017214883,0.001647720401203627,8.383935490196274e-05,-0.0005826533489899164,0.00017862742356374945,0.00148449623801902,0.0011014554175923352,-0.007591970394217295,-0.013333776562776681
2020-10-28,0.0006582751058293679,0.00032955079732954154,0.00281235131727916,-7.294814629852259e-05,0.0003828126632157117,0.002655400298196526,0.0015777062849842561,0.002864834248125329,0.003200666507118093,0.003969651117051236,0.0033113760112218685
2020-10-29,-0.00012351474745227946,-0.0008826801506881168,-0.0016201651463491327,-0.003487588089863141,-0.003267279038206444,-0.003796180315972019,-0.001651556958895957,-0.0035200369334135364,-0.0027937942898474603,-0.007237945279182024,-0.007114430531729744
2020-10-30,-0.026402348876533564,-0.022685411610317067,-0.023698138197542903,-0.02432394058175089,-0.022251784325693295,-0.02748990208089585,-0.025966751233915973,-0.02551823577814262,-0.026628388870788847,-0.0373031545609412,-0.010900805684407638
2020-11-02,-0.0050019745237199565,-0.006983456830586724,-0.003497158654181357,-0.0035727304080019856,-0.005646684973851837,-0.00205508456663625,0.0023857734867719915,0.003953372691153559,0.0068911900662062195,0.023778757309443368,0.028780731833163323
2020-11-03,0.02447962162679584,0.026593562668760316,0.02355825961064499,0.02157646118885316,0.02052930821423282,0.01795310581762218,0.01801748887559762,0.017891765896298414,0.016301839002359916,0.016524038716530652,-0.007955582910265189
2020-11-04,-0.0038455253553068623,-0.003520005955889463,-0.004034509729400221,-0.0026689617033401145,-0.0005997596288385794,-0.002512315458382433,0.00017287299727254343,-0.001278236481522599,-0.00038538931822776736,-0.003472303801400073,0.00037322155390678933
2020-11-05,0.01795637023333342,0.016038533007855755,0.017139771335734192,0.01494031556478381,0.014196618447683645,0.016403908429132225,0.016358761282832757,0.018868868197613655,0.01824731770285798,0.021704824291890513,0.0037484540585570915
2020-11-06,-0.009158077217933788,-0.007743717907562291,-0.007942045908166866,-0.006854649812033921,-0.0061063941751262575,-0.006397470587458485,-0.005950850515157494,-0.006901783895163962,-0.011386083643816049,-0.026425817609861502,-0.017267740391927716
2020-11-09,0.02461789381858888,0.022736599141165742,0.021998953907483965,0.01827292521373689,0.019815449192346464,0.017746093065373572,0.0203884927813702,0.022386267527547327,0.020313145966401824,0.02657368723298731,0.0019557934143984296
2020-11-10,-0.008992300391176237,-0.006402489430787091,-0.005730723087300478,-0.00650362525415916,-0.005813047418276575,-0.006949458051826609,-0.008094402290941173,-0.009245952894295159,-0.01009114923945049,-0.021111207438078802,-0.012118907046902565
2020-11-11,-0.013673177841245845,-0.011832517467206665,-0.008769934610242468,-0.007769713350838736,-0.008153754451744539,-0.009024566942415237,-0.00911023905747611,-0.011395763737742157,-0.01581881669281958,-0.02093441871081121,-0.007261240869565363
2020-11-12,0.0014699220295153114,0.0020777266161730716,0.0002194020641787341,0.0011134151342270127,0.002501487238975061,0.0007503992726860617,0.0034956722957789664,0.0011534709601024014,0.0021712381376436827,-0.0037145865742695475,-0.005184508603784859
2020-11-13,0.0015910532365344169,-0.0019684612184775402,0.001690583274719595,-0.0005746159922654639,0.0008409440944469378,0.0010670781615470769,-4.475119874726918e-05,-0.0003661884862979007,0.0015170916110846043,0.001398733997216726,-0.00019231923931769092
2020-11-16,0.007820328911281173,0.009008413565755262,0.011401028694285905,0.012495834468466699,0.011612618142191555,0.012292824536019036,0.01119303342404109,0.008254213874652683,0.009175920470103774,0.005460171047470871,-0.0023601578638103027
2020-11-17,-0.007084031882867807,-0.005896673842927275,-0.004966828126549934,-0.00588258525896892,-0.006775643753967655,-0.004631797613615744,-0.0064668511735829545,-0.008125697732201394,-0.007894295756392054,-0.009190293562089266,-0.0021062616792214594
2020-11-18,0.001331368510318092,0.0033655214385079966,0.003028838598204764,0.0033611380386703886,0.003798459125943624,0.0051138421961150265,0.004746461670285007,0.0011426964116493894,0.005263512770520701,0.008474707328044466,0.007143338817726374
2020-11-19,0.004452229196713669,0.004902955650246487,0.003832364148310835,0.0020898661996800252,0.003053903329100646,0.003456106865567171,0.002900409566336933,0.004241997263963713,-0.000678935776165327,0.0015204622640152404,-0.0029317669326984286
2020-11-20,0.005915069517436436,0.004612094441860341,0.005667235976156121,0.004429353049837033,0.0044535050431203085,0.005043864115894895,0.00599707163892724,0.005525025502346772,0.004687339188659977,0.007398962344208786,0.00148389282677235
2020-11-23,0.001306743377154412,0.0024051605648841195,0.0034090398848553283,0.0017132118406672687,0.002932717304197283,0.00390920025291045,0.005170628100486706,0.0042428816671194625,0.004849446858772604,0.0010324901816942816,-0.0002742531954601304
2020-11-24,-0.00043039117861171767,-0.0006562233899833282,0.0008310530136131071,-0.0015811427399045426,-0.001178343883469486,0.0013274136122214339,-0.0014690420281743828,0.00023981466375414738,0.0014164762521080628,-0.0036719052519751847,-0.0032415140733634672
2020-11-25,-0.013604532378890786,-0.01028188405010208,-0.012810545929898576,-0.013121255048558801,-0.010505297614191356,-0.011118367388314784,-0.012873985223911796,-0.01396420415610471,-0.014786480262077512,-0.019577130670459054,-0.005972598291568269
2020-11-26,-0.0039134130510835655,-0.0018074407013972658,-0.002478468423784308,-0.0012803509623667063,-0.002957235088095634,-0.004333696774825966,-0.005052372564303925,-0.006147040508671327,-0.007783976043903219,-0.005081456719791013,-0.0011680436687074476
2020-11-27,0.0015513907010382376,0.00297938697095425,0.0023056872314909495,0.002487605244572464,0.0016692204342775123,-0.0008160367815722327,-0.00036919918825370555,-0.002137943227993135,-0.003941807783767157,-0.008139569628520268,-0.009690960329558506
2020-11-30,-0.00329005970861062,-0.002160021684678678,-0.0011232651351874758,-0.0028519873848755926,-0.004057818976359456,-0.0033278074244359646,-0.00026222150580677036,-0.004712755694897382,-0.0031342726289838195,-0.0008523227893693253,0.0024377369192412944
2020-12-01,0.013846822895487035,0.012885576817300418,0.013283982766605505,0.013672747902835986,0.012918539152953797,0.013075042321897802,0.012829966417927278,0.011817364462458992,0.01141064419106547,0.013196296110363638,-0.0006505267851233971
2020-12-02,0.001877932714978717,0.0024835952666145585,0.0034035447307160056,0.004548433717024118,0.0020654020089380326,0.00361634421499941,0.001461374120368738,0.003795783871558285,-0.0002607884648181977,-0.004708540765610311,-0.006586473480589028
2020-12-03,-0.0006441093992234656,-5.929941178291296e-05,0.001042922615261222,-0.0011757256433664208,0.0017617002768556913,-0.0031467198188834243,-0.002801122319811011,-0.003714231267864716,-0.004033429718277086,-0.008507028473516219,-0.007862919074292754
2020-12-04,0.00597319870490013,0.0020743199850575427,0.0013371836298143507,0.00292170853041537,0.0031255046582287227,0.00198216807974373,0.0022972603181707334,0.0017855356431934395,0.0018347635067733413,-0.0005896902290543661,-0.0065628889339544964
2020-12-07,-0.0014646907061038475,-0.004269342491329717,-0.005646874793846473,-0.0049877518497257545,-0.005092736177046222,-0.006072105659565248,-0.005822967412113973,-0.004314097070378004,-0.0044078424220109725,-0.006740761186542559,-0.005276070480438711
2020-12-08,-0.0007588455675634479,-0.0025182230146454376,-0.003961219097983786,-0.0021688141600198193,-0.0017957062562101752,-0.0034188275318629913,-0.0003175155779372688,-0.0024380434244174326,-0.00011513269207239667,-0.0014873279677511827,-0.0007284824001877348
2020-12-09,-0.019679790750586835,-0.017419349695379054,-0.01791508781717136,-0.01801823742525526,-0.01760484955786565,-0.018988639575338175,-0.018691785358389924,-0.019271760617704074,-0.018963300558847186,-0.019875119139290492,-0.00019532838870365762
2020-12-10,0.00010726763984733324,0.0014660787463648193,-8.989716765483925e-05,-0.0009824567474304663,0.0019030449168883534,-0.0002638356716514594,0.0024438384087289594,-0.0005696921065104917,-0.0011197165103092653,-0.004715650921421177,-0.004822918561268511
2020-12-11,-0.019274460037975838,-0.018934551955468212,-0.017331405079043138,-0.016455765060202236,-0.015832782868947924,-0.015498105054297062,-0.0145649300759742,-0.016618590401339145,-0.01585080682948422,-0.013193375338524698,0.00608108469945114
2020-12-14,0.009848660780617923,0.007698539089632283,0.007832223233918613,0.00577573077998384,0.006117334175893579,0.006120924100539524,0.010044030593160247,0.004177822934405687,0.006362217839032,0.006645878433712274,-0.0032027823469056495
2020-12-15,0.0012954661999535488,0.001522964616192164,-2.6126459319469192e-05,0.0008260044509824923,0.0003427196478153654,-0.0011761602460703619,-0.0015645145639184073,-0.0021478340691107843,-0.00394802287616645,-0.008791776102508853,-0.010087242302462402
2020-12-16,-0.015691853738622148,-0.012794825720177077,-0.012382036359494987,-0.012563633904455383,-0.008967661654316008,-0.011552853197987743,-0.010405772158646598,-0.008985545123416799,-0.01275749376536341,-0.012011353214532887,0.0036805005240892613
2020-12-17,0.010361328449628535,0.0073264786149619485,0.009526583279757847,0.007271789568007118,0.009539852168988871,0.01013048326610324,0.00965082152835758,0.010135753589465935,0.009149245166627604,0.009861528693540313,-0.000499799756088222
2020-12-18,-0.010317753796140201,-0.007917948549983816,-0.00555283036138608,-0.005647338046992786,-0.005467048001667486,-0.001473430454647809,-0.0011669815063548071,-0.0029980388047021805,-9.811278684861168e-05,-0.0027836090838217315,0.007534144712318469
2020-12-21,0.007586464393943488,0.007322783370143405,0.009205719758008032,0.009523695797999965,0.00759990529782533,0.009850804403178322,0.010626190638071732,0.011411146374451467,0.013399458021049075,0.01233406209104532,0.004747597697101832
2020-12-22,-0.021616696650755413,-0.01996407560464618,-0.01915983068963361,-0.01797713676825599,-0.01995552092387194,-0.021373741571457,-0.022968852101378088,-0.022184316453338855,-0.023413199658845495,-0.021286703432352443,0.00032999321840296997
2020-12-23,-0.001624284193932418,-0.0016743642380252835,0.0005749497511433972,0.0018772554429587799,0.0040792426027734365,0.004414001344924699,0.0040086612856563356,0.007818770864404696,0.008474480536628144,0.009774167483023576,0.011398451676955995
2020-12-24,-0.024167294671912892,-0.022990147210940344,-0.020273701425278408,-0.019529254788929855,-0.019328682736902164,-0.01728174447157202,-0.016483827432798838,-0.01670366871829322,-0.016785164952644652,-0.020921834000212233,0.003245460671700659
2020-12-25,0.009132021034405935,0.008324457876860942,0.01129004450678249,0.01027808363011504,0.009312719288372824,0.009876446134622243,0.010459620948283767,0.009821489718879264,0.009494760814045385,0.009888031450342146,0.0007560104159362105
2020-12-28,-0.01695063235225328,-0.01681956774888936,-0.015814543185282297,-0.014386435225559577,-0.01497589121168186,-0.012540572217415794,-0.011308018917300287,-0.011351481302790649,-0.0057441820378794205,-0.00021473469787209633,0.01673589765438118
2020-12-29,0.008661533387823732,0.007649729006581294,0.00815484124648022,0.005074137042530848,0.002259874703334364,0.0006355255274503419,-0.0038343149360333963,-0.008569395104713173,-0.015276358316826832,-0.028424174632501697,-0.03708570802032543
2020-12-30,-0.0017383852551975769,0.0033069266516034318,0.0009329415474531302,-0.0006221781056775671,0.0029677494146147505,0.002908252079585896,0.003741903024849043,0.006675308589206193,0.009305301286374862,0.012824983473003123,0.0145633687282007
2020-12-31,0.01729115891368967,0.017024451561025986,0.0151388635606684,0.014436189453240043,0.012851683817289947,0.014647686930574725,0.012473470201412994,0.014029352675381628,0.011238457094758632,0.009267522354886244,-0.008023636558803426
2021-01-04,0.014395519977172911,0.014714713459001171,0.013074287924235112,0.009548832720150134,0.009821568989689104,0.010446981174702028,0.012059776024592177,0.01640145835115442,0.01960950218932854,0.021358368852355217,0.006962848875182306
2021-01-05,-0.002271326873850802,-0.0010815940137645361,-0.0017462285423854732,-0.0035608239850197726,0.0006215091610428207,0.0005262812127852974,0.0008091525736178388,0.003950045550055013,-0.002369602166274667,-0.009241994664259633,-0.006970667790408831
2021-01-06,-0.01800473819945933,-0.01694851807746566,-0.01260597043806297,-0.012392940523258771,-0.011734079447083864,-0.010882442680415782,-0.012274643814715366,-0.011491473847413556,-0.013526132218564368,-0.010607998583500648,0.007396739615958683
2021-01-07,-0.03223476453985719,-0.030825648093943652,-0.03178098304725854,-0.02834665403963754,-0.027892838302650345,-0.022424392285295247,-0.022253095290011474,-0.022671699977765934,-0.01978702802079087,-0.023497864529747836,0.008736900010109357
2021-01-08,0.00776363833434658,0.004906946977822572,0.006406038850830837,0.003291798142720562,0.0009939017600730036,0.0016355891205055695,-0.0015269226940680765,-0.005740800170817205,-0.010587219046519972,-0.01577689933932134,-0.02354053767366792
2021-01-11,-0.02591033961388234,-0.025845447910801775,-0.023853573918307506,-0.023475288827883606,-0.023417785627342404,-0.017984820856864217,-0.019818680198824108,-0.01967666548259195,-0.02115200108202426,-0.02808061417586134,-0.0021702745619790013
2021-01-12,0.0028620694702621774,0.006003104280845467,0.006812124861026274,0.00461871968864802,0.00946822897619026,0.007783857089685188,0.008801574511202103,0.009566966437591442,0.014752345241456449,0.01021958607664588,0.0073575166063837025
2021-01-13,-0.0239573920307133,-0.02091366131558499,-0.018719315742003965,-0.016187420192390715,-0.012709851736663783,-0.012670812747528098,-0.014246296318811424,-0.012052174908801852,-0.012785901810602055,-0.014596023241520404,0.009361368789192897
2021-01-14,0.016052200357370476,0.014790295039845823,0.014994973243920861,0.010940583933055898,0.009985433558330578,0.0062060213532930866,0.0005892090518772526,-0.0037567888259099277,-0.007575573562768775,-0.018121155977537697,-0.03417335633490817
2021-01-15,0.026787220010083202,0.023144807568877136,0.022153294866171323,0.014388389958719824,0.01425019324974195,0.00997623410095234,0.008070398532462652,0.005963389102364299,0.004395339536853476,0.009510758752135163,-0.017276461257948038
2021-01-18,0.014466858061824246,0.015487242359075068,0.014184241389967149,0.01419198309456682,0.01194654190494174,0.01435893928838176,0.015023095772343967,0.01598009934662712,0.016465377846454562,0.016892585984129058,0.0024257279223048114
2021-01-19,0.017346261342211677,0.011630167968735878,0.009288448344775484,0.008827459182186437,0.005393698440692596,0.0006734956442216875,2.658992637673697e-05,-0.003975112708927508,-0.003619626013544204,-0.008528403229707712,-0.02587466457191939
2021-01-20,-0.0001718570100548894,-0.0009857462231447184,0.0015822665576996076,0.0019384782311865564,0.0014936098304443339,0.0061509934727317535,0.005509358645800395,0.00649182405504487,0.005416000178644017,0.004518596809205367,0.004690453819260257
2021-01-21,0.005217044581493242,0.003840861940534355,0.004707321637238311,0.00338799280541615,0.004446972322132092,0.00920437180135914,0.00574336747135001,0.008514992552566703,0.008456984309252173,0.006844786580258683,0.0016277419987654413
2021-01-22,-0.01422578957337544,-0.01235108542257017,-0.011247034237467275,-0.009412316386355698,-0.007508751472613791,-0.008905761261705749,-0.0073758085510121935,-0.005761143799410713,-0.009599096102259546,-0.013709895293350767,0.000515894280024673
2021-01-25,-0.024476217853421845,-0.02132415914520184,-0.018529001730427253,-0.015439447823080491,-0.01320984289593594,-0.013144997850570227,-0.011529392882395151,-0.0076478240485970935,-0.005434597862827359,-0.013349934508571958,0.011126283344849887
2021-01-26,-0.0020867567377444336,0.0004891314281261269,-0.005253365661803871,-0.0063222712040875775,-0.007240391752815263,-0.006526950350692772,-0.012524774346114497,-0.013639866469049473,-0.012612592025993774,-0.01464938841328688,-0.012562631675542446
2021-01-27,0.0028974930969803366,0.004595633276310899,0.002516270232464791,0.0014205808089229328,0.0010040119792736244,0.0005712733232871638,0.00027855911170065323,0.0021026467426104784,-0.0005038982839076834,-0.0009407641147425969,-0.0038382572117229338
2021-01-28,-0.0025532462380782545,-0.00677860369511316,-0.008510599098877646,-0.008818608656020369,-0.01379241935438669,-0.014970663367819456,-0.01712457915133004,-0.0181168705474752,-0.01806676009653986,-0.022116525409822493,-0.01956327917174424
2021-01-29,-0.015216656414396151,-0.013584813816551475,-0.016027218920146986,-0.012676360412445705,-0.012540351712245379,-0.014169496036753468,-0.014708225126566873,-0.0156894404605072,-0.015627031956065907,-0.01463939530154162,0.0005772611128545321
2021-02-01,0.004017655222873949,0.0022530042671115645,0.0021947304173395407,0.0060761111317195705,0.003904134664159744,0.006566280738393427,0.004791402300330289,0.004748551956209941,0.0055599193872660204,0.0077728866640515825,0.003755231441177634
2021-02-02,0.0050901249949295724,0.0037004849462193732,0.006008788509922221,0.0016373115832483236,0.0021448311551642597,0.004652925199873163,0.00273611120818592,0.0037560004143812366,0.0029114628367287116,-0.00018795256016286078,-0.005278077555092433
2021-02-03,-0.016323166254072458,-0.01623373559936258,-0.014956387826849785,-0.016228304503878552,-0.014658052412009265,-0.014090172521378607,-0.016395672980818475,-0.015664796210647418,-0.016570430642413696,-0.014669937064314265,0.0016532291897581926
2021-02-04,-0.020664835674579673,-0.018822088276344157,-0.019457346840689706,-0.018120895765358212,-0.01681718276695477,-0.01912900019926691,-0.020063894255097463,-0.01791987649713847,-0.016997048995035437,-0.016146493950914848,0.004518341723664825
2021-02-05,-0.011166703386431165,-0.009390725801974763,-0.009228329751054243,-0.008510004993454359,-0.00866351538589102,-0.011239456830070342,-0.00864047975452177,-0.013280466738019402,-0.014403266286951643,-0.024835320725943043,-0.013668617339511878
2021-02-08,0.00013766917440218083,-0.00048757336349501993,-0.0007067549701160259,0.0022561749355789777,0.0030158737749086564,0.003919913756052926,0.005039614830064313,0.004183096131489227,0.0013221243268340102,-0.003374764614408469,-0.00351243378881065
2021-02-09,0.01946169241087475,0.01926784653265547,0.0175750787333165,0.017203463692257302,0.018205898260554854,0.015952188888612242,0.01733952590496436,0.016984072276487357,0.01810351074974432,0.018590446935724383,-0.0008712454751503666
2021-02-10,0.011611531412306593,0.009209669026478103,0.009106247312165451,0.00713550187330267,0.00888030885590433,0.007270942277711759,0.005770785413984174,0.0066920420184804425,0.00646204732280492,0.0012749763125670427,-0.01033655509973955
2021-02-18,0.02606506576193099,0.029298333969559203,0.025555588753285854,0.02723311869492931,0.02380655732414636,0.023641402709872427,0.020877429228192905,0.023782982892980434,0.023459768580340143,0.030631329806823322,0.004566264044892333
2021-02-19,0.028896146587447352,0.031022473594680293,0.028259142050142076,0.0271244500011045,0.0286053670109047,0.024738293673878513,0.021648438808482377,0.022548363153503413,0.022998426227035983,0.028453209913185618,-0.00044293667426173466
2021-02-22,0.010235473631499691,0.008612213531053427,0.005847074832148842,0.0073021779794709765,0.006070374990412504,0.0077924280015626525,0.007642427668827072,0.008117699512725327,0.004867876227649167,0.006620403838309184,-0.0036150697931905075
2021-02-23,-0.008085711941068899,-0.008268181809308483,-0.0077842897507724475,-0.007177383449090259,-0.005980415462796264,-0.004530018363890597,-0.004627078511374933,-0.0019088723326914918,-0.006352004734267315,-0.005271334207272321,0.002814377733796578
2021-02-24,0.0011342535432880443,0.0015224124129995468,0.00214536515085306,0.00046473337064148,0.00043778851802238426,0.000512414651601659,-0.0013679931196932686,-0.0045702675341771195,-0.005523930790090329,-0.003200416717321011,-0.004334670260609056
2021-02-25,-0.010278453957928585,-0.00879179545999394,-0.005350104490138748,-0.005410415828764853,-0.006806640312164347,-0.004684131488502364,-0.005369996711168654,-0.004403678560219039,-0.008167553864064165,-0.007393943586340875,0.00288451037158771
2021-02-26,-0.0012245295510061869,0.001751529441959574,0.0011556892250045732,-0.0008336123115997771,-0.0017434341823310204,-0.003918485789955033,-0.006168872963306276,-0.007775409894932464,-0.009234032597914027,-0.011807934675233467,-0.01058340512422728
2021-03-01,0.023507645637937502,0.021659602928474516,0.02039833328170526,0.019072564833509997,0.01980048583981912,0.019877179508041153,0.02155472994030994,0.023377180267076653,0.023693134826039977,0.026595990716818684,0.003088345078881182
2021-03-02,-0.006405095093049358,-0.003656130796253252,-0.004851525832028794,-0.0022599856592577716,-0.0022040457803157213,-0.004316319689739166,-0.006542346769733455,-0.006523034237324556,-0.0076917590659402214,-0.014947199396403345,-0.008542104303353988
2021-03-03,0.009833357221273169,0.01153260156401263,0.010819453138069214,0.01208137298066592,0.012305232593245667,0.010846971111444954,0.013438077856050702,0.014234279012968361,0.01625593010983381,0.01659858262502853,0.0067652254037553605
2021-03-04,-0.008046961865826936,-0.005203858364530474,-0.0072445570182679275,-0.0059132090983190656,-0.006578294885663254,-0.010369621052810887,-0.01179216305082447,-0.014968152202861205,-0.011611275217269538,-0.014118294984444255,-0.006071333118617319
2021-03-05,0.010884611701016213,0.013747606869196554,0.01073084977738417,0.00999751581480008,0.010666867180491852,0.009243714059467566,0.008078686653245255,0.004651179750441119,0.0017573674197367771,0.003241280523638376,-0.007643331177377836
2021-03-08,-0.013273015423311529,-0.011054114274503372,-0.012390572548672249,-0.011551356413926222,-0.0120313223318696,-0.012117479184006935,-0.014064684488868866,-0.015564778009259619,-0.01477953919084495,-0.007912852549256277,0.005360162874055252
2021-03-09,-0.02708745649580786,-0.026697527137235413,-0.022523771974099036,-0.02437586137917472,-0.021009289925565774,-0.021255591706971288,-0.023602336796721864,-0.029103687316956735,-0.025473892396347647,-0.03293644127066594,-0.0058489847748580785
2021-03-10,-0.009221962227553067,-0.013659260218111568,-0.014186658359151361,-0.013622349894457562,-0.011327087652694275,-0.011072096412524381,-0.009561821546484155,-0.010212152402621199,-0.009917399391033489,-0.009061309235005987,0.00016065299254707996
2021-03-11,0.021998100605041072,0.01881706472335687,0.018643184418925752,0.019176013644488253,0.01828600625840701,0.020274089251159005,0.02040924711320639,0.020259848155759496,0.019538664075009367,0.023705199861112997,0.0017070992560719242
2021-03-12,-0.004757067088892107,-0.00277932633650919,0.001848921241108296,0.00013520980412992374,0.001668676847165722,0.002262620749745428,0.0011843160715825317,0.0042218774011788945,0.0016803344978134859,0.0014192173704682186,0.006176284459360325
2021-03-15,-0.010557771065165871,-0.0029150366534208896,-0.0033667610575741445,-0.002322642666961282,-0.002952864550246798,0.00012426517719311872,-0.0034102129727658762,-0.00216888814585449,-0.0005994018813717158,-0.001828882253089371,0.0087288888120765
2021-03-16,0.014193535044842807,0.013902055674671914,0.012462918221744192,0.012773145510260063,0.011512828220193836,0.011408627309082677,0.009948419216320706,0.012686144894811163,0.011627145789688485,0.019012444311466044,0.004818909266623237
2021-03-17,0.00915896194707887,0.006997381704875641,0.00641734770355913,0.0078643500517609,0.007145605271819653,0.004700774072646218,0.0043389911524905804,0.004483868600588945,0.002945839050249673,0.0012531702218271103,-0.00790579172525176
2021-03-18,-0.0015673982161287566,-0.0019698483215219737,0.0009798488820999846,0.0023365761777704116,0.0005227933281163755,0.0016146631584490851,0.0014815360287470183,0.0035402565563070173,0.002605486686138167,0.0022438685699750554,0.003811266786103812
2021-03-19,-0.0024643747385343345,-0.0016277346908788902,-0.000437365497004887,-0.002734675435227334,-0.001142203098830476,-0.004997455236729509,-0.0014957190656881638,-0.004302154352853516,-0.0040159242323514035,-0.0033207200825469832,-0.0008563453440126488
2021-03-22,0.015730618206071183,0.013707018038016877,0.01420016384740335,0.014749532872787963,0.015460859283621604,0.014303849762927819,0.015608611630698621,0.017035666704999623,0.018015982305989414,0.025368730457508558,0.009638112251437375
2021-03-23,-0.011583340754219164,-0.00814592238142009,-0.006375133348181777,-0.008852937971467618,-0.00952040233280505,-0.010524033882925672,-0.009230207183250613,-0.013170155495909344,-0.014701352076023598,-0.023971001334878457,-0.012387660580659293
2021-03-24,-0.012651168222222507,-0.009213581258536848,-0.009189255872962963,-0.008961412627549918,-0.00849915863434525,-0.006269092019431086,-0.009518207473084128,-0.008919932992273389,-0.008311363209434037,-0.0034762078814342965,0.00917496034078821
2021-03-25,0.00166118568245124,-0.001597510678639981,-0.0014806501294263438,0.00033845259902374537,-0.0020409602536699475,-0.002362551245083922,-0.0041641046756713766,-0.0017656128530537255,-0.005418280686199817,-0.013611119295785257,-0.015272304978236497
2021-03-26,0.018905050592353236,0.012031928704730223,0.012563403549347957,0.012177255375092448,0.011417410186119139,0.012257210109732856,0.011560046985273933,0.013654689540783702,0.013375363247110012,0.01168788541612474,-0.007217165176228495
2021-03-29,0.00013733828723145073,0.0007310054071183788,0.0014841749047999364,0.0011833639418404893,0.0016958878774840736,-0.0004498799261662735,-0.0037195936770301565,0.0003650369732470486,0.003043657965919236,0.002426431184915383,0.0022890928976839323
2021-03-30,-0.005854033862758849,-0.0072575883429747984,-0.006671022994299886,-0.006233822011163549,-0.008221993060078267,-0.00851130558726598,-0.006812546411450517,-0.007831942817715954,-0.005328869229846303,-0.018181267318621318,-0.01232723345586247
2021-03-31,0.000981251142630554,0.005275916205321415,0.005185723460848165,0.003517197806427033,0.0014794431508761785,0.001679667734389527,0.0037479868290762565,0.0005362695973755172,0.00029790574634729,0.0025089479856488803,0.0015276968430183264
2021-04-01,0.006143628449674369,0.001938276492868501,0.002188823220916693,0.0014663229607969797,0.0036148376999018744,0.005474780320458987,0.0030143563006498316,0.0042164845755015366,0.0034382628962243414,-0.0040366770280295255,-0.010180305477703894
2021-04-02,0.007983513086072314,0.0028760708761842,0.0026447852156245228,0.003941829461853865,0.00423518603327781,0.0033688919901059674,0.004613837557601511,0.007165202372189249,0.006475449447032391,0.0014027151619284662,-0.006580797924143848
2021-04-06,0.008866111889757926,0.010867126416809259,0.00906307816867399,0.008022764934324468,0.00927543776173858,0.009387648872439681,0.011034515526580533,0.012010469855070718,0.010917407212900571,0.011702375886263201,0.0028362639965052745
2021-04-07,0.002523666503015843,0.0022963944063701053,0.004024575445650289,0.004357164347044319,0.004981281425461796,0.005586628826143181,0.006276704184870182,0.008096678746353256,0.012011464531203084,0.01593402496076261,0.013410358457746767
2021-04-08,-0.0015401714931522958,-0.005901780484848774,-0.004979806381923711,-0.005903805857796346,-0.006113244463824503,-0.0035388009060403555,-0.006569053081170554,-0.005720927632730201,-0.007436650036922122,-0.019718545301883758,-0.01817837380873146
2021-04-09,-0.0020473545365673035,-2.9712319747235948e-05,0.0008495068858928226,0.00152149233056002,-0.0001387923164398078,0.0006719233110111542,-0.0008592677982315821,0.001098972149565006,0.0031226378653678175,-0.0007093401180028989,0.0013380144185644047
2021-04-12,-0.019977182535372427,-0.014682669104519484,-0.014369216961930786,-0.012824270047541013,-0.011465615620997023,-0.013740055228881401,-0.015305777770174313,-0.01251140879169783,-0.011032262599509264,-0.006719917252531625,0.013257265282840802
2021-04-13,-0.005620355608188091,-0.005679329353190611,-0.006093082756929926,-0.006756577725239041,-0.005403188826408653,-0.006494439465018436,-0.006604226230155278,-0.006283813584444013,-0.006137339399864137,-0.018790102224724256,-0.013169746616536165
2021-04-14,0.013324220755094311,0.011866558416548338,0.010843012543281703,0.011738008629112581,0.011152604902294229,0.012578449070782675,0.011051399583143738,0.010965930952141273,0.014055035864937072,0.010622766580970534,-0.002701454174123777
2021-04-15,-0.0018304865080872982,0.00026142041122375687,0.0006049006405177518,-0.0010232915304043677,-0.0008521483869392708,6.437570515242048e-05,-0.0029043616140743303,-0.004705824894927447,-0.006307790728517798,-0.014412329251994042,-0.012581842743906743
2021-04-16,0.012024108408970818,0.014615998833013826,0.01749550335349618,0.016356345370574163,0.013965553842363438,0.016407605960224156,0.01695507543560582,0.015996004172728603,0.014267435887940444,0.022055996744085433,0.010031888335114616
2021-04-19,0.018898339279950663,0.0150331090429175,0.013925478307144332,0.012982371083613855,0.013206131736519142,0.012479277309404777,0.013290803584372669,0.014144708806186106,0.009888958411865326,0.007806823591562756,-0.011091515688387907
2021-04-20,-0.0015154288985605442,-0.002436708443767693,-0.003492295386362721,-0.00167002063318944,-0.002439513901195109,-0.0013553761136043468,-0.0042315264225822056,-0.006635479154296092,-0.005214876561101994,-0.010631459270855993,-0.009116030372295449
2021-04-21,0.00032090852357515476,-0.0014736518116637942,-0.0010526008097274239,-0.0019337586425790577,-0.0013065529507817054,-0.0014163252334275125,-0.0018413008364066765,-0.0035063671462039346,-0.0056139625406318,-0.008688943523241259,-0.009009852046816414
2021-04-22,0.0058931919663588175,0.0059099904051147355,0.004799586913259445,0.0030212900794177517,0.003384410512506526,0.004300199990034209,0.003719394594048704,0.0027708738368056127,0.005118324378369474,0.0010710520254615268,-0.00482213994089729
2021-04-23,-0.0037547897239201436,-0.00577177662129201,-0.007723159441491242,-0.008099847376367163,-0.004923326791432384,-0.007970471825991714,-0.007005755275969758,-0.009953779770694688,-0.01136825795870696,-0.01663154809075871,-0.012876758366838565
2021-04-26,-0.0026362872601048623,-0.003976264534900949,-0.0010809841437545015,-0.0029522202439122122,-0.0035811961423235714,-0.004219939976855453,-0.0022673205602986098,-0.004438382200753197,-0.004784045000087656,-0.010897268496260569,-0.008260981236155707
2021-04-27,-0.0025039087910973938,-0.006534940563528584,-0.006724971609193167,-0.0061805655527211465,-0.008119811934170332,-0.007367119993604841,-0.005755927379616974,-0.00893943720931062,-0.008978515814870396,-0.010537892029012588,-0.008033983237915194
2021-04-28,0.0031298364736959705,0.0017681422203851408,0.0030523863101917124,0.0017084743507519394,0.0023616309707913436,0.0015962408874246855,0.0006178422316224187,0.0012613371486510912,-0.0005964517456837765,0.004940766470878052,0.0018109299971820815
2021-04-29,-0.000664387412814502,0.0008162717413248104,0.0005039883272364191,-0.0017129048246510782,-0.0008646213528456947,-0.0020061915458706534,-0.0028698359555511758,-0.003409288650391338,-0.0087238607824166,-0.012060700358309397,-0.011396312945494895
2021-04-30,-0.008548972325222443,-0.006958212433313104,-0.010597621570267276,-0.010478628022914063,-0.008912804723454933,-0.008382563437961031,-0.005232845490570406,-0.007836067991336286,-0.0030235091082341926,-0.005931467660461607,0.0026175046647608363
2021-05-06,0.0008671862816347796,0.0008979225250042905,0.0015199247989059177,0.002685400623146627,0.0024229080567660555,0.005906962097743996,0.0056418499830686464,0.004788657930934475,0.009381172552075049,0.009205339191207532,0.008338152909572752
2021-05-07,-0.006782982951605804,-0.004680242385767668,-0.0038147232397567165,-0.0020208784845767236,-0.006058527220322787,-0.0029124059744333477,-0.004501643837342615,-0.003207279382691777,-0.0066075914924469455,-0.007916562082651218,-0.0011335791310454141
2021-05-10,-0.0020780975758028187,0.00020060077733994534,-0.0022770165242234045,-0.000534139507543766,0.0012822187635348477,0.003807752350744711,0.005849899196048452,0.006675769045816317,0.013838437630817012,0.018414210852234096,0.020492308428036916
2021-05-11,0.0042887574789978455,0.00427766057374724,0.005715575713114761,0.005500978073984145,0.003815353046096668,0.006310445452245777,0.0009716915264151915,0.003794904824339747,0.001628849848756261,0.005989939648212817,0.0017011821692149718
2021-05-12,0.007160068150208353,0.007174622202814451,0.007818835048908762,0.0089287438749838,0.00814482100042413,0.007912119380171001,0.011205652160395105,0.01210261105618025,0.013302370993959804,0.01543074215366738,0.008270674003459027
2021-05-13,-0.002499881082549176,-0.005827337721750962,-0.0020365219105102426,-0.004733426212125442,-0.005584698882946286,-0.002812972648729964,-0.005596437507508454,-0.006654709033256545,-0.006256627455005749,-0.005433906956440887,-0.002934025873891711
2021-05-14,0.013881258072794707,0.015109271256832969,0.014765748596782709,0.014861411064846643,0.014635082904943468,0.012819768718986229,0.012197106941097312,0.012027390392681837,0.01098446964621648,0.008379034097664545,-0.005502223975130161
2021-05-17,-0.009618591943156514,-0.005387409603287868,-0.007359338709511793,-0.007487614045232986,-0.007700256169714228,-0.009559377213454349,-0.00718242475270846,-0.008263362114722343,-0.009922731447054151,-0.009945660376424857,-0.0003270684332683429
2021-05-18,0.005074750428866465,0.0031031513483530133,0.003668096723331602,0.005367269189824171,0.0035800023573079234,0.0038763580110145928,0.005865065100212015,0.007752727146036913,0.008734416741825042,0.013184845639583425,0.008110095210716959
2021-05-19,-0.0008507180050609522,0.00018175444028506568,-0.001186650499528769,-0.0008187750546829621,-0.002192931945815643,-0.0011948673299444102,0.00010156895783055815,-0.001750275085583704,0.0007924591044579838,-0.0020929799782090767,-0.0012422619731481245
2021-05-20,-0.00011110457487157797,-0.00038735071392436283,-0.003330866967175932,-0.001546909771555154,-0.0052436520219358365,-0.0028814999273246546,-0.005754005369184119,-0.005206381306407748,-0.004465977073603236,-0.00581684368301234,-0.005705739108140762
2021-05-21,0.00013058403030225332,0.00018134502082075296,-0.0001372126140357547,0.002120989688698195,0.0017018656581599008,-0.001074716424845467,0.0014986800059827534,0.003328967506950894,0.0041123196435421845,0.003365809626877902,0.0032352255965756487
2021-05-24,0.005956889930834032,0.00805898175542536,0.0064850603858531706,0.007137880217309626,0.006948845632459576,0.007249756577365805,0.006097596972594438,0.007951585406470445,0.0038510073963881073,0.0026466144650312473,-0.003310275465802785
2021-05-25,0.010586456705764778,0.009071828754005716,0.009274911345695858,0.010026900354898213,0.00747836986768452,0.007610179415369795,0.007312543103225901,0.0076850354112916065,0.006082671933527586,0.009944998357888275,-0.0006414583478765029
2021-05-26,0.004119227225465878,0.00633358201397745,0.004843410146303118,0.00558178491865737,0.007462582404126824,0.007648425369857796,0.008621967921677987,0.007401652677085714,0.008061980502579271,0.008397203430743325,0.004277976205277447
2021-05-27,0.01428135294516327,0.008298198320777403,0.00654231421618211,0.008379902668476593,0.008072035630793579,0.00821532710492837,0.008176241618766603,0.007594161774811727,0.0077130388065262435,0.007585325469805519,-0.006696027475357751
2021-05-28,-0.003893246683788529,-0.003458283762148977,-0.0029251473451261945,-0.0031413103478273316,-0.004211682185507925,-0.0047646333665166156,-0.003443572852167549,-0.005485875415379198,-0.0016181929894011579,-0.0053232678709412215,-0.0014300211871526927
2021-05-31,0.016457998817171856,0.008479101941785373,0.00850889675215646,0.009226112647782725,0.0108884326831599,0.009664483538022125,0.011047451544630727,0.012064633079091546,0.012739580854424216,0.02273452863929518,0.006276529822123324
2021-06-01,0.007279472013591916,0.005964027217059605,0.006965007397969404,0.008496573638013776,0.008709980114029157,0.008097088984716708,0.0077091869744556904,0.008128109067435035,0.009001804149701455,0.009866729848530039,0.002587257834938123
2021-06-02,-0.009898945644332418,-0.006215242762322057,-0.006038109910975398,-0.006007391427324246,-0.006792386350186883,-0.006452083602552712,-0.0061696433447701714,-0.005074143279487901,-0.007642466925715409,-0.0067432792828797695,0.0031556663614526487
2021-06-03,-0.0002805440255195348,-0.00010426396703071576,0.0026615846926002777,0.00226160984991551,0.0010607787216418848,0.0004898057379041208,-0.0016332832788102454,-0.0003585753373469749,0.00015480473169809375,-0.007961097816335845,-0.00768055379081631
2021-06-04,0.0015871503211296687,-0.0004145342434521933,0.00012886346324037873,0.00015415151545387538,0.0009988460315719532,0.000996472107413636,0.001054856610609934,0.0023551308100032255,-0.0030995395820154754,-0.004852201064808409,-0.006439351385938078
2021-06-07,0.00997168169676791,0.008121026758379545,0.0068730310029785965,0.0056769807486696435,0.009485742175142317,0.007852942221830132,0.0080472160515836,0.005445681134600583,0.009798102289763057,0.008288791952144041,-0.0016828897446238694
2021-06-08,-0.0019288269662139951,-0.0004576878184031885,0.0023880108000358946,-0.0005068920445302964,0.00022679671700793661,-0.0010938524263243681,0.0006126406659002178,-0.0016252970551497259,-0.004137882858458555,-0.0068377331046449,-0.004908906138430905
2021-06-09,0.002018441420086478,0.004089553131916012,0.004301912012631004,0.0018407953995543294,0.0030076359386835318,0.004042882091676395,0.002599999412571775,0.002415809141458907,0.003923060770071254,0.0006686950443394227,-0.0013497463757470552
2021-06-10,0.004751737897035082,0.006004564326825012,0.005184224946110082,0.004715977081017798,0.0032484845100839745,0.00508503983204601,0.007023095461212773,0.003959940552462675,0.008177760512249896,0.004376900110439459,-0.0003748377865956231
2021-06-11,-0.009479919978329534,-0.00521827358668778,-0.006497023316285107,-0.005354300139655722,-0.004011583606851024,-0.0033760379335886505,-0.007416041604299928,-0.005658440765797078,-0.008204849596699149,-0.013474716437767553,-0.003994796459438019
2021-06-15,-0.008572845898646455,-0.009476657473223507,-0.007774913109598793,-0.005689470004082118,-0.009976266848116594,-0.006921461873296616,-0.007714392915237202,-0.006831613053176205,-0.007998734241614855,-0.011153964335714448,-0.002581118437067993
2021-06-16,-0.013776769691474983,-0.009926325384184934,-0.008593161029881419,-0.008599029851727752,-0.009803966740138682,-0.010747389913494712,-0.01065302308624779,-0.010079227570082564,-0.012688581725116551,-0.014203521717486822,-0.00042675202601183924
2021-06-17,0.007754996307784655,0.002877085417481666,0.0056755197920305275,0.0055756275389052135,0.004728273606963301,0.0060772602023564,0.010023706703446131,0.008760359809600684,0.009600622320405868,0.011520088043396857,0.003765091735612202
2021-06-18,0.007597470996189087,0.006358236641589202,0.0073075523429673665,0.007039983175411311,0.008331681409733853,0.009085418470965768,0.010223490125897853,0.010205360875786622,0.008293124796793484,0.008300034734538976,0.0007025637383498888
2021-06-21,0.008903734837211729,0.009759838083021555,0.00920333302212215,0.0078063341180295105,0.010385675097187824,0.012096759552608236,0.011033450116960778,0.012406047034959936,0.01441270625852807,0.019161232683576016,0.010257497846364287
2021-06-22,0.007183871169311785,0.006193834638324075,0.007944882339589475,0.008420779125087412,0.005919071085952569,0.006068138516234276,0.005166325743504146,0.003962363568006704,0.0033212797592090094,0.002936367788736467,-0.0042475033805753175
2021-06-23,0.006458531695435911,0.0035493012857893027,0.003953396768439619,0.00249695163940744,0.00425064731406092,0.004788255507401768,0.005464961173990728,0.0037448040632054036,0.0006947861805051622,0.0010864439210548122,-0.0053720877743810985
2021-06-24,-0.006359326690049694,-0.0019449128027196015,-0.0006962992370438771,-0.0036109707898856758,-0.0025171890403437197,-0.0033410918746872983,-0.005071039388471999,-0.00587405352071693,-0.011642216034231496,-0.017623228153658715,-0.011263901463609022
2021-06-25,0.006035437253050502,0.005331474300273639,0.0019245802155725155,0.0049406115502672,0.004204233523234308,0.004331438881454188,0.0034952853283448325,0.0024420313541405206,0.0008925855647689608,-0.009019698944142172,-0.015055136197192674
2021-06-28,0.007628270890362125,0.003605497187734703,0.0030070485647215317,0.0065262514833475185,0.006176954034493965,0.004644669228839345,0.006454080957893139,0.005398927676430364,0.004410097846672289,0.010754390843906489,0.0031261199535443642
2021-06-29,-0.00959123290574115,-0.008101791781270948,-0.008610740150648461,-0.008838957593441879,-0.008387917290967235,-0.008044494897558901,-0.007975679771808412,-0.008747935092134843,-0.00857452771461821,-0.008179434616652475,0.0014117982890886754
2021-06-30,0.008897628225921002,0.004428144210780071,0.005000491820980074,0.004853766971761006,0.00472998508235133,0.010051044288986996,0.005991072558341106,0.00984356381246633,0.007292201624339154,0.007903784060467111,-0.0009938441654538908
2021-07-01,-0.007297246517131256,-0.007929365553832037,-0.008339859257134041,-0.009652308753203526,-0.011296375740655309,-0.013441360251442621,-0.01590840040460723,-0.016435366781673795,-0.019597730520482835,-0.024439856361625698,-0.017142609844494443
2021-07-02,-0.009664670718335731,-0.008283401035532906,-0.006650734902836738,-0.006272655773531139,-0.007663600522005664,-0.003695494618586161,-0.003328765759762241,-0.002464856409722697,-0.0023893883748448406,0.0014469411961578306,0.011111611914493561
2021-07-05,0.010162191186607671,0.008451079013094803,0.009535230323161913,0.010783507626473999,0.01267211036604632,0.01475329769621585,0.015071164861897132,0.015036975303869642,0.015924230562150025,0.019357144335798274,0.009194953149190603
2021-07-06,-0.0008445409834575553,0.0028415106789606657,0.004297929347466931,0.0007098185682588585,0.002158593331056406,-0.0016925115746975043,0.0007650892132594811,-0.002276403554026313,-0.001174904408505079,-0.004699707972251507,-0.0038551669887939514
2021-07-07,0.0113710342368709,0.0060172967035219726,0.006185727420349077,0.004807907401268342,0.007318491774752421,0.007182803784902488,0.011391428097680983,0.009605655024708448,0.009470560325313581,0.006743944069616689,-0.004627090167254211
2021-07-08,-0.0042093264513871145,-0.005578408543392324,-0.006861029875199834,-0.005371159107735043,-0.003940295434353587,-0.0028974811517037432,-0.002094412690510179,-0.004872696117027231,-0.0027584128781004105,-0.0078469697010981,-0.0036376432497109857
2021-07-09,0.0031907602595391644,0.007200563527190492,0.007222849262824218,0.006830072888852292,0.009006573561802008,0.004085643016229941,0.005466874133609081,0.00783226736998795,0.007270320946234753,0.0029091393795677993,-0.0002816208799713651
2021-07-12,0.013915531925710956,0.007288907643184517,0.013474219790300475,0.010888929276061235,0.010337266109428766,0.01188805668381732,0.013429931465215659,0.011210292412865273,0.014456803746697026,0.013900928699838139,-1.4603225872817163e-05
2021-07-13,0.003539268846565623,0.005593643959614468,0.0037927240384628916,0.0053946941753404785,0.007790063060843415,0.006544039144294538,0.005600047010232585,0.005770105389595402,0.0021181156226780396,0.006127017280107134,0.002587748433541511
2021-07-14,-0.006642882199931432,-0.0073406875359848635,-0.00877407258852118,-0.00718331179650773,-0.006629969540200729,-0.007572332885563676,-0.008527553330615872,-0.005122621126305816,-0.009487590018435643,-0.013110740558245387,-0.006467858358313955
2021-07-15,-0.007059644624220639,-0.00767682946979153,-0.0071047769234035725,-0.006505456802884011,-0.0036619068512900674,-0.0075369517117062235,-0.0063752780664208,-0.006324422298064064,-0.007130514322546331,-0.0044406746941873625,0.0026189699300332766
2021-07-16,-0.004614296414326292,-0.0024355674388765554,-0.0003555409748754603,-1.3835453422176669e-05,-0.0011985496036620612,-0.0010691469368683054,-0.00044970768657795327,0.0004966359192469479,-0.0008087176845952828,-0.0022934678051281677,0.0023208286091981247
2021-07-19,-0.004114276261497603,-0.002572207400029191,-0.002068461065032259,-0.0016938416142827234,-0.003606274950607188,0.0011562503280515364,-0.002221744202684787,-0.002207482552582437,0.0007699019220909827,0.0016203312285800913,0.005734607490077695
2021-07-20,0.001057649895993028,0.0020178456598857345,0.003100737124239263,0.0016712222624895659,0.001093565978395381,0.0020388093751926763,0.002592011392609562,0.003839233294148141,0.006033535518470658,0.004909752068271993,0.003852102172278965
2021-07-21,0.012764857049965054,0.007408571717375967,0.007050629705035891,0.010544711020600925,0.009428119487858828,0.011116617652268644,0.013439533265402488,0.01567388670920951,0.015497699537646648,0.017424870268396585,0.004660013218431531
2021-07-22,0.0025786113199877656,0.0034760880152276533,0.0032089003066485067,0.0073724045270675675,0.003114899026643412,0.00626933328866261,0.0040470834770818,0.004577743718457941,0.0047904830219197446,0.005305999651755066,0.0027273883317673006
2021-07-23,-0.01432029492766305,-0.008644560652207414,-0.010141809990398353,-0.011127866817230738,-0.011073194611467637,-0.009665942463527371,-0.012282735447636042,-0.010565056470431563,-0.01036671143015038,-0.014522870797312272,-0.0002025758696492224
2021-07-26,-0.021833850658395337,-0.015598816612115325,-0.015828606255478037,-0.016414844191161727,-0.01408859598278251,-0.015982215792768872,-0.015467677031306646,-0.012808403277493075,-0.01214669213287289,-0.009932692863770088,0.011901157794625248
2021-07-27,-0.018351610422084885,-0.015163177901391281,-0.014933924463768778,-0.014219310199526713,-0.013513628906548574,-0.013855960839879364,-0.017387621312024915,-0.022421744117568372,-0.026266051817983062,-0.032972158996574435,-0.01462054857448955
2021-07-28,-0.014428998018876569,-0.02050493517759009,-0.01823793942799068,-0.022898271980917692,-0.021828261582453073,-0.027420329939611167,-0.026130569166784176,-0.025840769088861355,-0.029726042889544526,-0.026661485806026754,-0.012232487787150186
2021-07-29,0.02202972571556859,0.017196910908642494,0.014915433569605207,0.015611758844844713,0.01760288766679876,0.023489828444349735,0.027207655374717366,0.031168075285795124,0.03826751375085327,0.046617028552545625,0.024587302836977035
2021-07-30,0.007063433323782682,0.00934116568788126,0.004834583478219665,0.0059487825157084565,0.005912889699770309,0.008722556156233472,0.010250747138742352,0.008925229399510898,0.013550810660506448,0.01001817367128751,0.002954740347504828
2021-08-02,0.023028657456969956,0.020217874134773387,0.019874569211220335,0.01823971865461714,0.019435044211177196,0.02061880964786758,0.020645842744665133,0.018772719745091662,0.015651424904002034,0.013789690163614369,-0.009238967293355587
2021-08-03,0.006484154100602555,0.006143384465020914,0.00390890363871177,0.004667545493607508,0.0016655551216810606,-0.0009431929768246639,-0.007506526547740668,-0.006731596108081723,-0.011451295692196922,-0.023941586775683366,-0.03042574087628592
2021-08-04,0.004137643411113679,0.005914226904266923,0.004102492661857961,0.004255374866498948,0.009837584194750974,0.011260745029720175,0.015209325046058736,0.014710804012886707,0.020099377187282667,0.02337227944399141,0.01923463603287773
2021-08-05,-0.006015023745652856,-0.005308842477078567,-0.004044667013420065,-0.005513170458600103,-0.006888209927283751,-0.00783847364800757,-0.00603177106513212,-0.007678804220788937,-0.01074417491531467,-0.011215852423534907,-0.005200828677882051
2021-08-06,-0.004323412723018063,-0.0018510664080779201,-0.0038928268262661296,-0.0006775044216689042,-0.00034901993490829737,0.0012891626721458463,0.003935477575637845,0.0020845249681602993,0.0036892602118696444,0.001573502168385054,0.005896914891403118
2021-08-09,0.016786954296037153,0.01964852584754248,0.015456985693674244,0.014113155565324735,0.014851097373692638,0.009513262211562823,0.010247241930058399,0.006749237425443687,0.00716956118601915,0.0014190050432551478,-0.015367949252782006
2021-08-10,0.011788280221768057,0.011152826076289854,0.010021490215355918,0.009240902730201424,0.008907139060318326,0.010279313668006444,0.010302533198169157,0.011049514549743808,0.00912114183135769,0.006746665827152767,-0.00504161439461529
2021-08-11,0.0042423572736818415,0.005548171096277222,0.0036020382905309197,0.004701097461318532,0.006418006277713109,0.0035382760375503256,0.007127644384124704,0.004414670629374074,0.007966289876450277,0.013373691177557701,0.00913133390387586
2021-08-12,0.003825590469365551,0.0016407094508873797,0.002257351486446039,0.0008059701691681408,0.0016074273553079296,0.002324731401718231,0.004289721188711063,0.0012029834320306833,0.004984890194315592,0.004806777914444618,0.000981187445079067
2021-08-13,-0.0017325198571313362,-0.00157754108085359,-0.00066352203167654,-0.0005068437887386953,0.0003595495409962773,0.0012161618067670459,0.002213885366845879,0.0018930276121767614,-0.00126343112133874,-0.00329481782357496,-0.001562297966443624
2021-08-16,0.001023427320952504,-0.00025952588979565,0.0020221233103989017,0.0028454961044512787,0.0023419948457742584,0.0029556301110575346,-0.0008103948479156937,-0.0007892369237821555,0.0006687949863104596,0.0010303379964177327,6.910675465228618e-06
2021-08-17,-0.02653937923441624,-0.022625823451107453,-0.022074931510283224,-0.023488073203452194,-0.020275643374757353,-0.022187487403649883,-0.024488534481756027,-0.025507309611294805,-0.026630367839678305,-0.02993435979121736,-0.003394980556801118
2021-08-18,0.01132755970012356,0.009141214882191507,0.010950905208612506,0.010315215966521463,0.009364570120584276,0.009592704823195412,0.008128631628992057,0.00807363028605192,0.007866663273248926,0.004679461863504587,-0.006648097836618974
2021-08-19,0.0018570910910064766,-0.0010678618557567396,-0.001160008876187426,-0.0007198260333282893,-0.0015890571504932963,-0.0029416333343416983,-0.003075989195063628,-0.00405104219575622,-0.0024121541898485402,-0.006513758542782936,-0.008370849633789413
2021-08-20,-0.004782689518441359,-0.003827489638660587,-0.0024674638349755145,-0.004795175161765088,-0.006252076761761651,-0.005137202076237683,-0.00719087439374546,-0.0062791978495306,-0.009127800211035514,-0.008702477798386676,-0.003919788279945317
2021-08-23,0.03464393492280541,0.02889474969636279,0.024270111077904624,0.02459771217494841,0.020753637309844586,0.020406958954622988,0.019007891929840117,0.024867948431471866,0.023249092244981742,0.02649742890343544,-0.008146506019369969
2021-08-24,0.004729842901750112,0.005457667153986262,0.005744985380428607,0.005413051677162918,0.004177773514389244,0.005754964603365354,0.0073531757520833105,0.007664022649200556,0.0049800869813891565,-0.0012878528687133351,-0.0060176957704634465
2021-08-25,0.008167040264140998,0.00806237136370037,0.008373144715829763,0.007383765909475466,0.008057360614811673,0.00761007443072494,0.00721372201835803,0.00901018545227323,0.006497599124650385,0.0052568902082469355,-0.002910150055894062
2021-08-26,-0.008656565610063026,-0.003471744308681798,-0.0024746718057139716,-0.00549258485715689,-0.005220416176660903,-0.006763462116224538,-0.00888709719083318,-0.006353226032348016,-0.011958713532887183,-0.007626387044074669,0.0010301785659883565
2021-08-27,-0.001998002699086918,-0.002830125148074211,-0.0015226400220301412,-0.0008808310859788598,-0.002266999225815355,-0.0018619291751607512,-0.0012734288639018594,-0.002636317034709834,-0.0029904862657476813,-0.00323410559934265,-0.0012361029002557317
2021-08-30,-0.00020175736736484037,-0.003026920669265237,-0.0016589617515986822,-0.001180951010191036,0.0002898400281904106,-0.0004143318554562151,0.0012954251711247717,0.0023846892550250763,0.0023421013270888413,0.003425839757300936,0.003627597124665776
2021-08-31,-0.004723709983554486,0.0008179465268905674,0.0017557855760223407,2.3371616527944044e-05,0.001218208739764604,-0.0002534049118613406,-0.0028177426014959323,-0.0034118920230770664,-0.0008227194955182666,-0.006734357997874327,-0.0020106480143198416
2021-09-01,-0.00047651769442542545,0.004707263687317767,0.0024864670454800607,0.00426440128614701,0.0018280962771120765,-0.005463483737103104,-0.007942415699333882,-0.00994191486625224,-0.0067494454600224,-0.019846712530241804,-0.019370194835816378
2021-09-02,-1.2549024067562008e-05,0.0043716510407383795,0.0074908170124678725,0.006329169999371748,0.008303723757067049,0.011256529612694863,0.010338886590722615,0.014901156860600468,0.015489128220478918,0.02373222221329272,0.023744771237360282
2021-09-03,0.004766922691671833,0.004629177112675732,0.008056892069868536,0.005567108620843775,0.004151723816850994,0.004190601436923714,-0.002056846837293202,-0.00021505211863728866,-0.006355008554177515,-0.01115952518847653,-0.015926447880148364
2021-09-06,0.01945424998954709,0.013051427459838184,0.011925117602310461,0.009510691957205879,0.012241834633687835,0.010204838909954368,0.01333932002096824,0.010003008495138122,0.009021614986765516,0.006077368336651888,-0.013376881652895202
2021-09-07,0.008382916871568289,0.010623723337954225,0.009893292466980282,0.00993786148192183,0.011017385781208734,0.010559314754121297,0.01301038580456261,0.013086264453983237,0.014839478655589506,0.011177218656195942,0.0027943017846276536
2021-09-08,0.0036383493396714827,0.00919131475678492,0.010347017012033732,0.007730984954599479,0.011339439135691604,0.009458701008170846,0.009344317191315581,0.006492922966742573,0.00918151898493145,-0.0025349757187860906,-0.006173325058457573
2021-09-09,-0.003774328853243027,0.0011078884901706712,-0.000594546360281989,0.0010418640233919967,0.0014113246637649395,0.00023666942840332855,0.00037862124154425074,0.00020266619342509213,0.0002755841805652001,-0.0006053355137978795,0.0031689933394451475
2021-09-10,-0.00212758315854533,-0.005112187556849905,-0.004409541314420815,-0.004041721083750685,-0.003994066783629513,-0.0038866795411705035,-0.006615119050671242,-0.00460890657276178,-0.006113693360107896,-0.00946329601473133,-0.007335712856186
2021-09-13,0.0004096162505552276,0.0035179954897176053,0.0026969303401848813,0.004018847240034409,0.006002075307002641,0.0041455339660040665,0.001996790113498371,0.005291655975217326,0.0036245251711933906,0.008876507994556358,0.00846689174400113
2021-09-14,-0.0061247935776750605,-0.009655279011721349,-0.01046426233651814,-0.01299169842611329,-0.011924881083967434,-0.012877785380800632,-0.010892826539748716,-0.0099402952156076,-0.010160728129178235,-0.012229965852631471,-0.006105172274956411
2021-09-15,0.001730777386404001,0.002807301380116492,0.0016574596000983077,0.006852371171203624,0.006162093720237967,0.007482590448270833,0.006897499913951456,0.010456126969526705,0.00993339898610352,0.007823956482707069,0.006093179096303068
2021-09-16,-0.012608120315403705,-0.013149588955098246,-0.012652196875342523,-0.01474616291394492,-0.01311435998846918,-0.012882586251824741,-0.017142962842544695,-0.016239440328139745,-0.018174425513189596,-0.016546941178562497,-0.003938820863158792
2021-09-17,-0.0013891923711679029,-0.004623414159589539,-0.002947110054425342,-0.004304002724593527,-0.0006831469450426182,-0.0022362788469824143,-0.0028552712983715618,-0.0030729311539987696,-0.004515864344998696,-0.004163503574520496,-0.0027743112033525932
2021-09-22,-0.0011214224814400575,-0.002485719754916724,0.00021847380131416222,0.0025984852423793876,0.002245176323191067,0.0027510356218673443,0.004015576642629362,0.008428356330878871,0.011336030255235456,0.004452263239990296,0.005573685721430353
2021-09-23,0.006528275261912641,0.012146853674389585,0.01052255152280534,0.01016826678567646,0.011042394194458752,0.009795396081288883,0.006240860407160401,0.007075089718024909,0.0014721497860106538,-0.005379936520778452,-0.011908211782691093
2021-09-24,-0.014189108172025828,-0.013951627475114775,-0.015920967947661954,-0.015909808859373778,-0.016420353352868955,-0.01532447701893791,-0.01801005201598352,-0.018349147645564366,-0.01825975066555436,-0.017326228848753077,-0.003137120676727249
2021-09-27,-0.02948043477947663,-0.026136599146707608,-0.02260675894068491,-0.02465326083798257,-0.024141247781667673,-0.025147351742400494,-0.027225344289904967,-0.028877987229976854,-0.029639753810176306,-0.03047859237958905,-0.000998157600112421
2021-09-28,0.004531072056506111,0.001175615274629106,0.004901724725470218,0.003877049244788047,0.003845348553088415,0.0018220444985066523,0.0025443469695321914,0.003520236376415526,0.005259369509213133,0.011032125129814652,0.006501053073308541
2021-09-29,-0.030058259210380914,-0.025828613885360927,-0.025020084557824143,-0.02549547188616971,-0.0282921475942428,-0.027467134991009785,-0.026315717092294487,-0.0289005315912795,-0.030309315743746595,-0.03969906761293041,-0.009640808402549498
2021-09-30,0.026849990987356853,0.021000200689825187,0.017788671443630215,0.016060641597995428,0.01874856014076072,0.018943794101394795,0.020348820172633605,0.021110020139793483,0.022549973027184728,0.03061810388154388,0.003768112894187027
2021-10-08,0.01557538575205401,0.018741666592251408,0.017411632496595362,0.01820783240102822,0.017807851339464137,0.01650512233806696,0.013480347778968622,0.012495842987206638,0.012814632699662116,0.005572907357170098,-0.010002478394883912
2021-10-11,4.217352492407551e-05,-0.0011820756409587313,0.0011046882033324003,0.00032295797104932495,0.0011171310981704298,0.0003888767321506038,-0.0010551806896989372,-0.0037653007168115624,-0.006667948187154195,-0.011531727418175316,-0.011573900943099392
2021-10-12,-0.014757779131896558,-0.01234042210385139,-0.013423605417063021,-0.012072300909204442,-0.01681939389940171,-0.017610908329347676,-0.017464222749010966,-0.018576274502197492,-0.02049716393177816,-0.019387750260637583,-0.004629971128741025
2021-10-13,0.007926542391843523,0.005270638259763144,0.004162461736198682,0.005684066040986863,0.005757395252787664,0.004483204807175898,0.005198625682929517,0.0029211007189927263,0.0019922446571172866,-0.005400671059251095,-0.013327213451094617
2021-10-14,0.005913035938793977,0.0063380225594920235,0.0048924134436324155,0.005935572910286814,0.005121387212631201,0.006646917857761541,0.004116266109265899,0.005336550438579446,0.007261737083543031,0.00773792195170488,0.0018248860129109028
2021-10-15,-0.006709466763507121,-0.004989169463811938,-0.005533504570590518,-0.00360332104000707,-0.007913010295832846,-0.0064219328070713,-0.008687062436480982,-0.008863792888774515,-0.007729520819019611,-0.01118132225086504,-0.004471855487357918
2021-10-18,0.007699400590091465,0.0036475005676579212,0.0034833287181013327,0.004274720221732345,0.00308146498055436,0.006287115181084952,0.005482351516668387,0.009823053370712483,0.009265883098016892,0.016129702914717173,0.008430302324625709
2021-10-19,0.002832242034988933,0.002481834041538666,0.0035524910316445195,0.0025425393730203498,0.0038225694025775113,0.00535563195006997,0.004453667810502077,0.005829293176106191,0.006004653625448437,0.006837531657784935,0.004005289622796002
2021-10-20,-0.00447747071376587,-0.002398995370435141,-0.004011657825450453,-0.001474456969194988,-0.0029795748117994354,-0.002702683094901729,-0.0032666093646290177,-0.001656210662433634,-0.0018935908977466803,0.00499585955708936,0.00947333027085523
2021-10-21,-0.008057851245375842,-0.007581335517761986,-0.0062977927019446656,-0.006406693512565325,-0.005648734010394732,-0.005306611917195543,-0.0055969336917993506,-0.006107487561911501,-0.004664483131404071,0.0008608141307450617,0.008918665376120904
2021-10-22,-0.008298412299745272,-0.0057079073608106625,-0.004044778743970891,-0.005751163801817774,-0.004624963725989464,-0.0065684438499129085,-0.00870165802177949,-0.010898734839250374,-0.01280087648668633,-0.019819076492152792,-0.01152066419240752
2021-10-25,0.009619880897386286,0.0038429196114178788,0.004904717476264678,0.0035924231460844965,0.004259426342920066,0.0033924989805762043,0.005693448956869764,0.008290065797885292,0.00903479303558174,0.016280680003209237,0.006660799105822951
2021-10-26,-0.005024577714511125,-0.0016083733862880937,-0.0036697187931805895,-0.0033789446899265153,-0.0029691778248148023,-0.004147360280009229,-0.004508669330209763,-0.002197257600030463,-0.00514532189856445,-0.008759249948529379,-0.003734672234018253
2021-10-27,-0.014634252003953166,-0.01617131102337506,-0.018170882861447295,-0.01947511090151935,-0.020480754639415295,-0.017731983777734245,-0.018341799773238417,-0.01990743145012382,-0.017602352987073654,-0.007679817482099278,0.006954434521853888
2021-10-28,-0.016779102324659505,-0.01708609037482134,-0.01945882633634894,-0.017954640163928014,-0.01564291402605148,-0.013492481085741994,-0.018852191557818622,-0.01932678883564637,-0.019882969896740516,-0.0233630028053195,-0.006583900480659995
2021-10-29,0.018564870587535913,0.018768224988386997,0.01829123565729035,0.01707713245737868,0.017895388004353446,0.014337760234044325,0.014290863041518671,0.016296129215469173,0.0136975001153113,0.010680756597862155,-0.007884113989673758
2021-11-01,0.013110103786195008,0.01440997239794533,0.013439358428988395,0.009990613891332729,0.012869519553321548,0.011500793225485483,0.0095009016170951,0.010943408408441282,0.015182508796306483,0.01500538270480213,0.0018952789186071212
2021-11-02,-0.00862712403393384,-0.012212367154129274,-0.014246357960003706,-0.013581059384934733,-0.012823025238882593,-0.010504098994340417,-0.012238831350060514,-0.012124405211406442,-0.011190881745153458,-0.019553029436378273,-0.010925905402444433
2021-11-03,0.006570103973588026,0.009421524091425486,0.006569230401830299,0.008075688989620564,0.006629056708965362,0.006173813822463656,0.007682886567645808,0.005425883566858506,0.004966653033067083,0.007899894288252435,0.001329790314664409
2021-11-04,0.01181543199055686,0.011033543326909343,0.011418088353216681,0.011603820449211414,0.014454224724478298,0.013719332934650816,0.01379671525568077,0.013146079346494196,0.018279399895649064,0.019027925066009883,0.007212493075453023
2021-11-05,0.00048183637298542697,2.260685734108126e-05,-0.0015378393969476694,-0.0031563880714188105,-0.0038864274337175515,-0.003695663142408024,-0.005171382824841487,-0.007805413395395347,-0.01356128801167133,-0.008604758253940855,-0.009086594626926282
2021-11-08,0.004080064675765337,0.005703536081517014,0.007874383755497422,0.006300953705515443,0.003578640857123851,0.00559831694656379,0.004967560250164958,0.006893872563547328,0.005480828402806821,0.0069679446259290935,0.002887879950163756
2021-11-09,0.015780584365984826,0.012795245435260498,0.011431254523572267,0.00995200521469302,0.011077778161340434,0.00936511696141075,0.011547228481756955,0.009884068725979434,0.010225034777308566,0.006374493505554168,-0.009406090860430658
2021-11-10,0.007702308914376977,0.0074450505287624,0.007046797218000885,0.005593579076895273,0.0035794590488638645,0.00212586323347574,0.003079453977851216,0.005276418180251923,0.006304757317989149,0.009160412166780943,0.0014581032524039663
2021-11-11,0.010714525775582559,0.00995953513956011,0.01040189809922621,0.010264492489080897,0.009546481197086083,0.010476824786463446,0.009025813756063025,0.006978919000109347,0.007457015522392769,0.013664420788953087,0.002949895013370528
2021-11-12,0.011457192932244297,0.00882006537789173,0.007653086060537768,0.006313623095854167,0.007692888117858291,0.00820715757461113,0.008947862358863228,0.010867716087345401,0.011332760545791371,0.015713802802447642,0.004256609870203345
2021-11-15,0.011304655037683025,0.013911862603455467,0.010666632713229898,0.010022436721628756,0.009156673648875286,0.006434580921156742,0.004540122631326101,0.00753516726271679,0.004848157974697701,0.008008243791314963,-0.003296411246368062
2021-11-16,-0.010158103894385873,-0.00824854146270831,-0.004911434951305992,-0.007441572340963513,-0.0044844122165817474,-0.007491040212011177,-0.007327656941093249,-0.007988129403193137,-0.009452538832554761,-0.014017659621163931,-0.0038595557267780585
2021-11-17,0.015586596550131369,0.013956921541470409,0.013064948615535933,0.010751689289632101,0.010951056463873893,0.012476103705734818,0.01160087088911087,0.015564397665009116,0.019353177269577165,0.018292898751788963,0.002706302201657594
2021-11-18,-0.008459168493396445,-0.00879839571617923,-0.0077271323299121656,-0.006386421441779792,-0.008343217039144264,-0.0052163452565744985,-0.0057149454915838786,-0.005241392181625389,-0.006757932827546915,-0.012441108776034918,-0.003981940282638473
2021-11-19,0.015241331806955366,0.013690314564128704,0.01166884220726442,0.011262798498150539,0.01216620712606696,0.010463581203270848,0.01079441029866456,0.01243879383364442,0.012269451364476942,0.008779798361894858,-0.006461533445060508
2021-11-22,0.008415840300097116,0.005968759208217623,0.005906313146646632,0.004426894839321244,0.005373144385052245,0.006207855538849711,0.010264343549291543,0.008495973932177079,0.013208708003654087,0.01457985298270542,0.006164012682608303
2021-11-23,0.0032715102915491096,0.003145736117180657,0.0027079623609163462,0.003895078396130784,0.0028087199857366315,0.0025305509333747992,0.0031256019931955705,0.007699729455980789,0.0017933326556124497,0.00477775811477266,0.0015062478232235506
2021-11-24,0.0020777206146408013,0.0041967875662602145,0.00326108765222068,0.004665325296679174,0.004325061705165547,0.0016114802649436796,0.0021943970293566697,0.004694174630167414,0.0029288852561866717,0.01120866088390553,0.00913094026926473
2021-11-25,0.0019185373372357377,0.0028662458384484226,0.0019560783555499983,0.0021962992283669812,0.0023504077869081195,0.0008140217804648542,-0.0012273705345224495,-0.0008117952920405809,-0.0009738983208306323,-0.006570823567978857,-0.008489360905214594
2021-11-26,0.000605504629564552,-0.002915057345169242,-0.0030235746696286904,-0.0015140314889768901,-0.002657127845349899,-0.0035085328097323137,-0.0023117211440830884,-0.0024389346576251655,-0.003827642297426019,-0.003974278242652737,-0.004579782872217289
2021-11-29,-0.0007778653859679495,-0.0051418422204359176,-0.002252308281919806,-0.0028825534423155648,-0.004410227799588503,0.0009515771960431726,-0.0009248405443387181,0.0006061344469142951,0.001089881870890033,0.007315330734918472,0.008093196120886421
2021-11-30,0.010731745160563173,0.010495147006872176,0.01156366894053901,0.009627443944660004,0.007947908068160443,0.006295252168549804,0.007197936976074026,0.007366239407988988,0.004126209885458334,0.00010934028965152551,-0.010622404870911647
2021-12-01,0.007697751516500319,0.013716413602285505,0.01291705863469623,0.011719699287940113,0.012276535206642611,0.010196947329257765,0.010751172694212212,0.007802750789649626,0.006447722110792947,0.0038194659439687445,-0.0038782855725315746
2021-12-02,-0.013001158104030507,-0.009571569897274076,-0.007453363540665817,-0.007804270120497567,-0.008455046438383114,-0.010646719017132924,-0.010830573708037063,-0.01489393740850711,-0.01190865774419298,-0.024812237973173557,-0.01181107986914305
2021-12-03,0.004813226604312038,0.007097349638315053,0.0063285074344618525,0.006360422772256884,0.006878731451202626,0.0072751409644759004,0.0033191019777717426,0.005543667127576523,0.0007251162268306999,-0.006634252869394682,-0.01144747947370672
2021-12-06,-0.018565380271602552,-0.013936987977067767,-0.013591267567200702,-0.013868221477748579,-0.015166271362994812,-0.012442451765270427,-0.013683571097180727,-0.016035317691401676,-0.015149446651349246,-0.018002131489010195,0.0005632487825923578
2021-12-07,-0.01513686192943988,-0.006639994613755881,-0.004643528979874127,-0.0033740443079172977,-0.0028307223913541187,-0.005444279505121183,-0.005393878713652191,-0.005250889653819873,-0.010825468893643171,-0.007952735617283959,0.007184126312155922
2021-12-08,0.01645510546372317,0.01025673627672545,0.011059723561413402,0.008903351757413408,0.009886427510293207,0.013066348896567772,0.011514840122327289,0.013646548557030347,0.014049612959467647,0.013512562413520298,-0.0029425430502028702
2021-12-09,0.0021171600721337255,0.007945467350188288,0.006993732992282552,0.007878941376672992,0.0075919880540172065,0.0071862462123169915,0.004183593725091767,0.0033172827544810744,0.0014779189508974733,0.000807924567768817,-0.0013092355043649085
2021-12-10,0.0054285512783927205,0.0055411675494896565,0.0012433395592071936,0.0019145798109353705,0.002789416499824059,0.0038266203020200875,0.0025407040069688495,0.004719280425199087,0.0038522614446609093,0.0035399519278126283,-0.0018885993505800922
2021-12-13,0.0022902791327234578,0.0020867377184017226,0.0027778474229432065,0.003003268139467405,0.0038820143364763186,0.0044035737557396055,0.004562523324324773,0.004347401486883897,0.00276340066603025,0.006682237170207709,0.0043919580374842514
2021-12-14,0.0031841301892181506,0.002326619903776543,0.005788803763130125,0.0036634888485998574,0.004222082295861377,0.002733598234934778,0.003139305707782003,0.004111647694023529,0.006330335012520075,0.01323409566039238,0.010049965471174229
2021-12-15,0.00012849600772644128,0.0018511649885989854,0.0016627915140696502,-0.00020275048575194216,-2.2566315191290616e-05,0.0013248408269312976,0.000678638705376491,0.004464112589761517,8.039714506370569e-06,0.0031057620036236615,0.0029772659958972204
2021-12-16,0.008330026733468566,0.008503442429925321,0.009475340942693974,0.007484848806713802,0.010384612191157834,0.009243917164221068,0.007180849561264087,0.006922248371538345,0.006908342628617342,0.007724505237876409,-0.0006055214955921571
2021-12-17,-0.010829228932030753,-0.005027344587658235,-0.005666641795421343,-0.007084390640437721,-0.008130921817662475,-0.009417984657344863,-0.00926465070987106,-0.00811226235321717,-0.009937996771192815,-0.010293551775619978,0.000535677156410775
2021-12-20,-0.012110827176137484,-0.006363052659277432,-0.007549810476962522,-0.007877433803289337,-0.008857217022398119,-0.013933926561824458,-0.013562922291442167,-0.012651136550781953,-0.01586664646317728,-0.009869280723110609,0.002241546453026875
2021-12-21,0.014396362918507308,0.014034123862509542,0.016083502197079574,0.017734379000127372,0.016125353989871524,0.01444464873704312,0.016667888445818325,0.01735109697133708,0.017201365608840873,0.008947747215879601,-0.005448615702627706
2021-12-22,0.00789602354644012,0.004497651558784222,0.004774526210145797,0.005259329337793172,0.003317269434234178,0.0059148008149130125,0.0042619010018712005,0.004356373519261339,0.005192776289342066,0.002210510124660476,-0.005685513421779645
2021-12-23,-0.0035923304272226014,-0.0033084398313136055,-0.004606976957260196,-0.005983678585888844,-0.004083035576700656,-0.005595791702271731,-0.004045628226091445,-0.0016932274146419328,-0.00579053682313121,-0.011292234327252255,-0.007699903900029653
2021-12-24,-0.017798776674823172,-0.013987202272368299,-0.011579819622634616,-0.011492993156036104,-0.013714909404782663,-0.015269879180690359,-0.016512828639141768,-0.01806802266735235,-0.020998999840593405,-0.02662332919742612,-0.00882455252260295
2021-12-27,0.003805089091870872,0.006433495231729975,0.006374976132706449,0.006027006998690336,0.004034199218489405,0.0036670919342273282,0.0059051367821168,0.0035737765172293465,0.005722267186048907,0.004576153057599831,0.0007710639657289588
2021-12-28,0.012896417720944868,0.0108955464396136,0.009770429883787287,0.007687802849370561,0.00671708308159823,0.005317194215184343,0.004571529112436503,0.0019764750838040025,0.005110319621611465,-0.00134720648564807,-0.014243624206592939
2021-12-29,-0.001716451093611483,-0.0005928266782112787,-2.0715305228713324e-05,-0.0006973024225381663,-0.002989218700464631,-0.0016358132048788301,-0.0020513105189371296,-0.0018678685504199162,-0.002270483030493817,0.0006489983383034105,0.0023654494319148935
2021-12-30,0.008078925818612892,0.008645205264085336,0.006944180642842589,0.009140723948596198,0.00915302733910609,0.01002509792653469,0.008841246229189479,0.0093092036417122,0.011133636322408373,0.012144131435541177,0.004065205616928285
2021-12-31,0.006253740017925021,0.0076063356641044785,0.0072464302118953605,0.0071760026703174985,0.006292286926587696,0.005830639722791292,0.0048611877309665645,0.005378217964332001,0.007640823219423158,0.0012144737442170723,-0.005039266273707948
2022-01-04,-0.0011942644615773057,0.006681059199429411,0.008785390732875044,0.00844423681311995,0.013556769651760454,0.011152581927835447,0.01130602651751612,0.011755128080286288,0.012010377060759548,0.023426580539843367,0.02462084500142067
2022-01-05,-0.022487788989254236,-0.014929781414385123,-0.01105325252192815,-0.011835710166541624,-0.011194578062147742,-0.01411974275008837,-0.014163431248214987,-0.013447608621533356,-0.013655003102115825,-0.018643841680322695,0.0038439473089315404
2022-01-06,0.008599584557322595,0.00703302476697438,0.006859820445645993,0.006642449030824711,0.006424657871672768,0.0076917955491476175,0.008936389448778875,0.010632462358652105,0.012608792054072056,0.013482470016218244,0.004882885458895649
2022-01-07,-0.021208193521299518,-0.016195431946329927,-0.01121164549357459,-0.010331945529542598,-0.01235555061062027,-0.013074710366378528,-0.015723003746148902,-0.017693943865715864,-0.016480541331952422,-0.02639856195867901,-0.005190368437379491
2022-01-10,0.006041576365946447,0.006544686024905374,0.009296119968387083,0.007650249644305591,0.008951296482670772,0.010888837690548766,0.009979654408156576,0.010499894217421327,0.006953625726320063,0.010709407766552615,0.004667831400606169
2022-01-11,-0.012026000588674526,-0.006116233003849034,-0.003940680514731776,-0.0027243960948247735,-0.003578682659261451,-0.0030929716601880335,-0.004013415117707948,-0.004689666098399371,-0.003524086975056057,-0.003511162185800224,0.008514838402874302
2022-01-12,0.022251795511807615,0.015078963598517129,0.012985078497051926,0.011067920015526112,0.010084509199768957,0.013263748085545621,0.010615292595593802,0.011273936084684449,0.013792657000685191,0.014468640826218895,-0.00778315468558872
2022-01-13,-0.016182372144336772,-0.0105354459301128,-0.008710833522261548,-0.008113171996725746,-0.00838452132812364,-0.008800819029833692,-0.009799248790626046,-0.01073870933379422,-0.011322027827044829,-0.00543794704694934,0.010744425097387433
2022-01-14,0.0007422413199367592,-0.0050792666795853175,-0.008601532492552518,-0.008820028717841998,-0.007907076197040765,-0.007540851036385724,-0.007694573581516456,-0.0034740845808188354,-0.004227425077306355,0.0032947070583688636,0.0025524657384321044
2022-01-17,0.017508313951324548,0.01797789819200312,0.017160296029040477,0.01575180761555274,0.013818234803660054,0.014489422400135923,0.01472787083685779,0.013732594864816743,0.01486665390202923,0.013318723469446986,-0.004189590481877562
2022-01-18,-0.009957605566393487,-0.011330736865989642,-0.010345356245817772,-0.008435364886265518,-0.008381411784741624,-0.012183554730617437,-0.011393240274581742,-0.012795013735302722,-0.015614948322102666,-0.03173623493254459,-0.021778629366151103
2022-01-19,-0.002709990198248077,-0.0020583876934878627,0.0012361844025675548,0.002642429794328979,7.828457396374228e-05,0.0010427537892764931,0.003096391399905594,0.0008919906289739302,0.002109656597131234,0.004706883227139627,0.007416873425387703
2022-01-20,-0.02598562973231997,-0.025317300613765317,-0.022785280687771924,-0.023458257607490804,-0.022382133798906755,-0.023005208552553582,-0.02282331888639791,-0.021849752987420666,-0.027510012011199736,-0.028363247258071697,-0.0023776175257517254
2022-01-21,-0.008651853448449372,-0.009387888141293804,-0.007861085504408798,-0.009508744413988465,-0.006704687492437574,-0.007196511834139935,-0.010197616430092411,-0.010227701496469292,-0.011347070826870424,-0.03186755440000426,-0.023215700951554886
2022-01-24,0.0019931280856745046,-0.000984437160246305,-0.002836441689242466,-0.004049937529649314,-0.004325182809057391,-0.001590853531826525,-0.002927865873358058,-0.000139212217991617,-0.0017417926991060888,-0.006215565906386787,-0.008208693992061292
2022-01-25,-0.0365765296463904,-0.036944219477233635,-0.04072421308124767,-0.037779545004373166,-0.036272950103670876,-0.039289015003985864,-0.03937887588576251,-0.042781664718749945,-0.04692877968413785,-0.05071707065896707,-0.014140541012576668
2022-01-26,0.008349013302795388,0.008169515688524295,0.009506396842611262,0.010760140814651232,0.0077996850730045475,0.008904285356920422,0.00788853301653665,0.005200597938117212,0.0061730742600816,0.0005729585072406384,-0.00777605479555475
2022-01-27,-0.03378323644073405,-0.03206420676349962,-0.031808393241297306,-0.027725883888084592,-0.029031545511765223,-0.028219993120672637,-0.02931463106132738,-0.029125646638083133,-0.034429619579941145,-0.04504202143753752,-0.011258784996803474
2022-01-28,0.018507700549373292,0.015308112677149384,0.014229461091242629,0.012686133677630211,0.01113838970862462,0.010687491124000753,0.007989118723661686,0.008236854919523416,0.012376687412511458,0.019864286079949438,0.001356585530576146
2022-02-07,0.013749923045297777,0.01636758905038778,0.014502194383396186,0.013551114876493346,0.015500011236421892,0.015893961988308596,0.013584864987088854,0.011634057291642182,0.013050940909848523,0.013135860722639798,-0.0006140623226579787
2022-02-08,0.01849209316235387,0.015523510552198189,0.014102004811096046,0.01517736683601354,0.01319490704449436,0.010315879756048241,0.008629065663719591,0.010746097573201805,0.011914251408373272,0.018713193023615203,0.000221099861261332
2022-02-09,0.01502310579299422,0.011757683798026535,0.013571783856273065,0.010476994535623882,0.011743737899653418,0.01190426438085734,0.01264713623073661,0.015550148806976052,0.016322161137880833,0.02158421279200625,0.00656110699901203
2022-02-10,-0.005451038634195336,-0.0024947080546637032,-0.004374103241999311,-0.0036853829927231472,-0.003496367730188371,-0.0030510882104907307,-0.0024656182683874235,-0.00521264459184433,-0.003378948866967659,-0.002718006477301917,0.002733032156893419
2022-02-11,-0.019655163722887795,-0.01976016792723221,-0.018521947711984142,-0.018899711083745625,-0.01647303468594695,-0.019530175164376343,-0.020089695670351286,-0.0232492727476444,-0.020700722231276416,-0.02772898408203322,-0.008073820359145424
2022-02-14,0.002845985843917148,0.0012013846654295346,0.0018749301882982328,-0.0005060769545612062,-0.0017619592694968788,-0.0009125914256362291,-0.0015841984812307662,-0.002889637470651909,-0.0032543434305387225,0.006850152907223631,0.004004167063306483
2022-02-15,0.006068687186206681,0.007572445516740054,0.006310867354491006,0.005386246037359734,0.004774753847832139,0.005138892293579118,0.006205671820929495,0.007574580506529213,0.005833626048998491,-0.0006143007752869231,-0.006682987961493604
2022-02-16,0.015989263409624154,0.014200040596712881,0.014337767273284566,0.012651048440008377,0.010891202032777554,0.011240750286888224,0.009677497696542345,0.00888657156676067,0.010363167883147483,0.012507825999708613,-0.003481437409915541
2022-02-17,0.0014774618702359864,0.002720138887651816,-5.282967456737722e-06,-0.0005935017220879359,-0.0010666234757452455,-0.0029241898371712488,-0.00392434473126997,-0.003014719367051053,-0.005643950469823619,-0.011557442490233463,-0.01303490436046945
2022-02-18,0.00551494716302655,0.006174569103545973,0.007411529017351325,0.0070682986843358065,0.007212377803074727,0.00581629717809622,0.008553647758943596,0.006425322284774784,0.008623966129224846,0.009776336843766956,0.004261389680740406
2022-02-21,0.010473050841273045,0.01010708236029126,0.010983403773122761,0.010947217528707021,0.010199195184087947,0.012617033795869592,0.012429626243399631,0.014263614845223548,0.015216932232558922,0.022309614192530625,0.01183656335125758
2022-02-22,-0.006830845878952167,-0.009136131520949177,-0.008691279614970345,-0.01168854925097527,-0.011480353088218726,-0.01248768065182021,-0.011848865905208374,-0.013166414875136466,-0.014753696050293542,-0.01894760569966135,-0.012116759820709182
2022-02-23,0.01665447577500687,0.01794067891902756,0.015506103416426463,0.014264000217731228,0.014895863408406984,0.016193167307207858,0.017802109890669424,0.018781195917367544,0.018443381560474134,0.014406879185056868,-0.0022475965899500013
2022-02-24,-0.02276928690368718,-0.023182891899966383,-0.021857083632120605,-0.023734855678775132,-0.020756543638036425,-0.02340229596378978,-0.020070666895617095,-0.022124993972404108,-0.025962577284517112,-0.03443640204794004,-0.011667115144252858
2022-02-25,0.012593747532149674,0.011890862993098467,0.010577977385642801,0.01027651058080081,0.010533903939693872,0.011297397732396778,0.009990509263668363,0.010376588213675816,0.008903089281834165,0.007038505894899105,-0.005555241637250569
2022-02-28,-0.00226007180232458,-0.0013609134989510246,-0.000697655745325464,5.8896949631968235e-06,0.0022665651935568085,0.001692194733435111,0.0017863356082113706,-0.0002080738167729813,0.0048357639377612175,-0.003114875598567801,-0.000854803796243221
2022-03-01,0.01146825201749158,0.010335681633820407,0.008227315031015698,0.008060739281878171,0.007259940288621165,0.006910640696582562,0.006236303242134653,0.007187694815928333,0.00838263566567506,0.008404386597633155,-0.0030638654198584248
2022-03-02,0.0035069010328184383,0.004574433857443129,0.0034101039281077003,0.002255938758584726,0.003541765477433878,0.0035866554327376446,0.0019708530408215114,0.0029433564989562095,0.004315235773669405,0.008608166303165252,0.005101265270346813
2022-03-03,-0.006396887194866981,-0.003577600370012619,-0.0017442273524673154,-0.0017346925576610201,-0.002130752100923874,-0.0034752786031841576,-0.00161272945037949,-0.007179132026679612,-0.002146468024761325,-0.0011272025622553797,0.0052696846326116
2022-03-04,-0.010204370648754946,-0.008826019034162864,-0.00998265752215309,-0.011511760928984302,-0.010696969635122885,-0.009801286112431353,-0.0108140744742997,-0.01154819025982826,-0.010156010346899218,-0.018147362204745696,-0.00794299155599075
2022-03-07,-0.02075111945167636,-0.017609918307359362,-0.016554359929710633,-0.01664827226143886,-0.018825219825533753,-0.01690159809692192,-0.013720073567092341,-0.013595129430078772,-0.014137042254163446,-0.006929935241414353,0.01382118421026201
2022-03-08,-0.030821063401159685,-0.032231358717449546,-0.03200836838631125,-0.030541830941621002,-0.0306700661925004,-0.03035890548187138,-0.0324128713224173,-0.032187846035761206,-0.03339034724247736,-0.030966151827282157,-0.0001450884261224722
2022-03-09,-0.018707743425018637,-0.01977021885307091,-0.018353819845832932,-0.016589278574700925,-0.01609321689566726,-0.015467845460867321,-0.01349780085739977,-0.010693689280260332,-0.00864101675110789,-9.145628966736574e-05,0.01861628713535127
2022-03-10,0.021441052884146328,0.020332195176908208,0.01869133728587686,0.018916643324137766,0.017437771048712518,0.017738643397022108,0.017437138346709177,0.015123299771270138,0.016518098849551337,0.010537927275967461,-0.010903125608178866
2022-03-11,0.014152446779528956,0.009605380206333069,0.010306691161243286,0.007511874549645443,0.005093540578631393,0.005191453146992933,0.005779064398911301,0.007726552383682913,0.0050603451549450125,-0.0007305402054201455,-0.014882986984949102
2022-03-14,-0.026167223922061993,-0.025352013849409105,-0.02861879343587849,-0.02564550869299769,-0.026969135851309313,-0.025320739252320673,-0.027486715703412132,-0.02736732950096516,-0.027646802147212882,-0.030937933265738078,-0.004770709343676086
2022-03-15,-0.05352389274819949,-0.055322768855255194,-0.05371134614105777,-0.054391605377161,-0.05311744014122243,-0.050687194722283835,-0.049782939598466955,-0.04874788577836657,-0.04717109913369265,-0.041935009436248616,0.011588883311950876
2022-03-16,0.03117181650027363,0.028830216889835305,0.03010084425734696,0.03136638238128408,0.0300275539993,0.03082012925450922,0.0329732081925518,0.03394656202298086,0.033345866297887855,0.030008026154537647,-0.0011637903457359829
2022-03-17,0.022530330609692267,0.0196669234827503,0.0182182989217096,0.020245595720965664,0.02086636210285751,0.01863225617749997,0.019176077408374986,0.018470986713416834,0.015476246534129929,0.015283284346987266,-0.007247046262705
2022-03-18,0.012521349032185042,0.01557554402375496,0.014627062435423705,0.013179926772812408,0.012803617314412381,0.012445044059104115,0.01278337264577577,0.013917892754790356,0.012049570560161968,0.009092053886303084,-0.003429295145881958
2022-03-21,0.011714015515838148,0.009091279645633228,0.01001358350384612,0.011557137800266144,0.011250299997168558,0.011169522011746934,0.010373260064183359,0.012407951512135484,0.014728492937471985,0.02278368660787785,0.011069671092039702
2022-03-22,-0.0020050461662982264,0.0015892305103180123,0.0008108684613641931,0.0013768897698702898,4.544949183204572e-05,-0.0007894209128604539,-0.0010538237649020334,-0.002287431366330992,-0.0024175802817284165,-0.015976438063770533,-0.013971391897472306
2022-03-23,0.005894247622779226,0.005924209909104808,0.0054104792771396855,0.004782085924350745,0.006449588569698881,0.004673824109525295,0.002919940219065573,0.0035219456214630935,0.0004080475089001589,-0.010052020903328126,-0.01594626852610735
2022-03-24,-0.007798242105876334,-0.011392329184223822,-0.010892866893070615,-0.011419234990663694,-0.013801470490856591,-0.01310141646350306,-0.011533866338656468,-0.013537162049049319,-0.014055049077609372,-0.008295983949880443,-0.0004977418440041091
2022-03-25,-0.004763764357841182,-0.0022725194932526425,-0.0013771682046990078,-0.003037667136994947,-0.001976118632159831,-0.003160392620317011,-0.005244449202577482,-0.006931014216518972,-0.006371288362001809,-0.012880122821419687,-0.008116358463578504
2022-03-28,-0.004711932760063149,-0.0035299180405047948,-0.0044259870999506295,-0.0034447534832926178,-0.0029710446733419585,-0.0025980908448293067,-0.0025265141417686477,-0.004786665375350345,-0.005283996238869656,-0.006826441823667614,-0.002114509063604465
2022-03-29,-0.007419928830155742,-0.009749038906201442,-0.008808041431776981,-0.009855992863759464,-0.00932040038622915,-0.01010059090889603,-0.00993729613689488,-0.011089488308758213,-0.007687964743105121,-0.011371432306417857,-0.003951503476262115
2022-03-30,0.01795893838053044,0.017680703976198676,0.016839690728579507,0.01627998269040196,0.017847793855159007,0.016483975401923347,0.017300997433581704,0.015820203300677665,0.014366992582885558,0.01375430613063047,-0.00420463224989997
2022-03-31,-0.0010038152729578338,6.890874684572449e-05,0.0006108013100348412,-0.0002989219565833213,-0.0007490774342771312,-0.004396360140361463,-0.0047108122413405135,-0.005768111431052434,-0.005161543139410923,-0.003198148614052051,-0.0021943333410942172
2022-04-01,0.0003937522171565162,-9.682555027141658e-06,0.000678285879096228,0.0014815007093050196,0.001850027693921622,-0.0006206270796692346,-0.002483818765855371,-0.0032348131076233265,-0.0034664130302875583,-0.015201347411481162,-0.015595099628637678
2022-04-06,0.007078922381476347,0.00997976834564054,0.01062178429241307,0.010705035708617458,0.008908398024334276,0.009826258680702537,0.008879808498878365,0.006604008538372858,0.007779866379488292,0.013090836677915711,0.0060119142964393645
2022-04-07,-0.020420423893812545,-0.021911934113989236,-0.019864283342319256,-0.021546085116163773,-0.021799839409880242,-0.02250911812681271,-0.024169891716179656,-0.0226020025333423,-0.026722877662756425,-0.029674536911937537,-0.009254113018124992
2022-04-08,-0.007627152246680743,-0.005812139564196003,-0.005229764853559148,-0.004279828362187238,-0.007379369939149621,-0.005939523824159069,-0.004052232954700315,-0.007643478044429595,-0.005855808178765591,-0.014128683219117519,-0.006501530972436775
2022-04-11,-0.03098013366142068,-0.029584996689865674,-0.02874800112623442,-0.029411226471420783,-0.028002298028041606,-0.02899917173983848,-0.02796706057575013,-0.031091615901271987,-0.028100477410121262,-0.03125638181136775,-0.0002762481499470719
2022-04-12,0.018904792805796676,0.020550015911858274,0.020759110648581307,0.019425008839185742,0.02051481892587469,0.01744696110045127,0.017068610443380074,0.017340497816416313,0.014426353050615008,0.009003471813159527,-0.00990132099263715
2022-04-13,-0.013970969104976416,-0.014205194583654856,-0.015752880125424536,-0.018239252403244477,-0.015491181951101347,-0.02060419573023603,-0.020515126080699806,-0.019212574560913485,-0.0269214792818647,-0.03280423549597644,-0.018833266391000025
2022-04-14,0.008024955630352106,0.008772564558384998,0.009142849125320948,0.008787358720967507,0.009236553286959884,0.009519340566791058,0.009731707033055703,0.008002292336005773,0.008067470217058023,0.011341306670963244,0.003316351040611138
2022-04-15,-0.01273986787226339,-0.01343311443116184,-0.016097362713938322,-0.013334411312369114,-0.01278758346400524,-0.015662026125243242,-0.01533538161015379,-0.019050806055023996,-0.02484728327926167,-0.02707329600510507,-0.014333428132841679
2022-04-18,0.015487935320609207,0.012860465445434156,0.011808539998382647,0.009129768955391186,0.009242343235482396,0.006206813197618896,0.005904936437257228,0.004316785872085918,0.0025221527017435345,-0.0010415539231768446,-0.016529489243786052
2022-04-19,-0.0019347902469449623,0.0008168620105131739,0.0019473619363196129,0.003584656482481842,0.004542230836341734,0.004202952883234059,0.00575504645502019,0.006840847090586257,0.009591139499663358,0.008456448406672968,0.010391238653617931
2022-04-20,-0.009373848736089539,-0.008577689890167333,-0.009667083694248634,-0.0075125958827424195,-0.007097561523990117,-0.009153923454667978,-0.011293883663135097,-0.011714675047533527,-0.015437875613740023,-0.013071318292522753,-0.003697469556433214
2022-04-21,-0.03808623223197829,-0.03705576116582765,-0.03717771380747677,-0.034976154320859335,-0.03470276420182429,-0.0347458974112584,-0.03593610199961361,-0.03712105136050134,-0.04216656476031454,-0.044644507063244625,-0.006558274831266336
2022-04-22,-0.013753078258140998,-0.010946796483305713,-0.009918926749681783,-0.007871800611832958,-0.007866859260666862,-0.005493655248491762,-0.005303262464175602,-0.004187817785145175,-0.006727850796013996,-0.01414661169098066,-0.0003935334328396614
2022-04-25,-0.08214373725329929,-0.085072756297191,-0.08101752463106571,-0.07908564343307206,-0.07423053529606563,-0.0739020612735137,-0.07324417380029136,-0.06756513578703302,-0.07071184003917765,-0.07199543799377406,0.010148299259525234
2022-04-26,-0.04011938213528617,-0.03403537935619541,-0.035042770929744387,-0.03440832561537502,-0.033253006117044695,-0.029868404827622028,-0.02290448944721575,-0.023849781330566512,-0.02179329615308649,-0.019590635423013716,0.020528746712272457
2022-04-27,0.03985721721131344,0.03891321317782927,0.03793305049927372,0.0394365715752376,0.03737248164712319,0.036007185133401017,0.030752573333552274,0.03003359393043406,0.027064071907197996,0.016376099367288604,-0.023481117844024835
2022-04-28,-0.018706376379730036,-0.01919974774831964,-0.015530926235064798,-0.020359367684488663,-0.019192443191188034,-0.020320981534234797,-0.017406329988680472,-0.014975291650536023,-0.012244114439536775,-0.017216777690347913,0.0014895986893821225
2022-04-29,0.047096703848702286,0.050830463071603216,0.04966192426621255,0.04916488390476627,0.044781963269951236,0.04464878250114637,0.04425004676731901,0.04074831807189601,0.03720914198837632,0.038201657321396854,-0.008895046527305432
2022-05-05,0.01689272498532511,0.0163838443602254,0.014997124327485217,0.01677767097772587,0.017405882942797025,0.017104829703044177,0.015804599862332007,0.01501666313790087,0.013763190808971605,0.024636311059650022,0.007743586074324911
2022-05-06,-0.0052524569360691675,-0.008401861762101497,-0.00726675622085465,-0.009004855890620583,-0.00920086820572288,-0.010874170692776616,-0.013440671911788474,-0.0137459392143293,-0.019180690996780048,-0.018381650983435464,-0.013129194047366297
2022-05-09,0.01575280680431567,0.018206367374888045,0.016794440654382622,0.0178629502201874,0.014883361476598007,0.015339108347589347,0.014548153138468644,0.011878320038388051,0.014708782980337589,0.02262372393310572,0.006870917128790049
2022-05-10,0.01787641369369295,0.01895735836215089,0.017197617222876854,0.016448547071952105,0.015927712719756508,0.01622369127007592,0.016039734296137583,0.013838358756039698,0.016799155144545008,0.018198581035496788,0.0003221673418038369
2022-05-11,0.005794013194683124,0.004619335281296359,0.0033403437793230505,0.0038550202492400785,0.0040440512839265115,0.0034810472476260556,0.005130820948370704,0.0034046728817275895,0.00034917518862380534,-0.0015361229535735608,-0.007330136148256686
2022-05-12,0.010953393017962571,0.01251890068401644,0.0106396963813725,0.007272140127727434,0.010396066498502346,0.008994827101820346,0.005654709750919905,0.004048319827292733,0.00571973128766093,0.0052617991434291845,-0.005691593874533387
2022-05-13,0.0056367747334291505,0.003951466367568689,0.007278180408315746,0.006950098296366393,0.005723165618883247,0.009305473995129772,0.008563076753322275,0.006312442662223084,0.008440572364898993,0.004010850344895211,-0.0016259243885339393
2022-05-16,0.0011463354240949448,0.0012798323182863108,0.0002689679438742657,0.0008705729279036346,-0.0005107144861369066,0.0009692518936989351,0.002104419841173182,0.0028120123582163325,0.002329050294774506,0.007805758899678297,0.006659423475583352
2022-05-17,0.00399754155297951,0.0012036068160986796,-4.9833937643067676e-05,-0.00025563492484073614,0.0012525593918904189,0.0007724428814368867,-0.0030491043374608756,9.547194242661664e-05,0.0024292678915103943,-0.01456273403642769,-0.018560275589407198
2022-05-18,0.010369869651425691,0.008627658829189826,0.011102346224571444,0.009058772024472302,0.009003262033447552,0.005233996723443243,0.006639146048139769,0.004180839761648395,0.0029281633006980074,0.004917715270122476,-0.005452154381303215
2022-05-19,0.009213306504414476,0.009306665149603693,0.0065428220853052,0.008070544125805532,0.0061649238199333505,0.008034950147166691,0.00744300462052036,0.00731718293728215,0.0051303080521894,0.004959324248141045,-0.004253982256273431
2022-05-20,0.01273982824302132,0.010555384261813523,0.011620604724790061,0.012703935741586831,0.012581051208235312,0.01295835236730161,0.014405767294053651,0.014722821325872418,0.01168888050407146,0.0047041618858714345,-0.008035666357149886
2022-05-23,0.01491639287920183,0.015389633560072764,0.015972374257119285,0.015547205555716218,0.01541542316752192,0.01100248195205126,0.010731082986411733,0.012254427611666016,0.010491379169432685,0.010739967970574662,-0.004176424908627168
2022-05-24,-0.043963985233637114,-0.044644606750717755,-0.04614546235571765,-0.04531910863544821,-0.04182969618828103,-0.04065443618678671,-0.04010000059749919,-0.04046368413041078,-0.038204284760409664,-0.04384207231356929,0.00012191292006782234
2022-05-25,0.017427889652497412,0.021008740856251512,0.021402689453035403,0.021693073698741603,0.022379382003011643,0.021881775350630975,0.019925153226646078,0.01840967266436745,0.018429292232592244,0.01785868757786025,0.00043079792536283856
2022-05-26,0.005826198232879376,0.007495827343860282,0.006226324608713019,0.006594337247986512,0.0063723565551698814,0.006092129271762302,0.00415216645339165,0.003780945269275471,0.002092342072040402,-0.002340128113168147,-0.008166326346047522
2022-05-27,4.082123972447654e-05,0.0014811597331405857,-5.095832602411795e-05,0.0014044548760856028,0.0012561990962328719,0.0006256498401234626,3.723516344160318e-06,-0.0005631678288541464,-0.0017436755292702289,0.00037127886696791164,0.00033045762724343507
2022-05-30,0.011903368500243811,0.010682936346135326,0.013016670639015767,0.01284262717320744,0.011496622435587234,0.01070731850801366,0.009936857523384815,0.009529878686794491,0.0030866685598681847,0.0017998094483755171,-0.010103559051868294
2022-05-31,0.014032923700169609,0.01617915286970767,0.012901255154422085,0.013879556392820108,0.013383084357361493,0.012477741441970513,0.012914777246544263,0.012054258234976517,0.008996538396823113,0.0033986779334347393,-0.01063424576673487
2022-06-01,0.013599116332041816,0.010420115806077494,0.009469543680290207,0.007517102614747688,0.006377095937002623,0.006989407609380272,0.00587182080092821,0.004831363615829089,0.004678635409927274,0.005658000696076606,-0.00794111563596521
2022-06-02,0.019118019659783353,0.01247824787232724,0.013721000983079431,0.014677162914706212,0.012077133770385585,0.011543513073527816,0.010236787676555864,0.007867241250623361,0.003883035836784173,0.0061042336272611126,-0.013013786032522241
2022-06-06,0.019608807950098863,0.0180067177661123,0.01583646574576777,0.02035888556265701,0.016403897778382148,0.0177472432993317,0.02046794835759486,0.018977155897278615,0.01603909236456099,0.013286436768216952,-0.006322371181881911
2022-06-07,-0.008255963330352481,-0.006157072202145128,-0.004488985442585569,-0.004006645923470915,-0.00465189725590279,-0.004703526015970224,-0.00511321167243917,-0.004035730999757165,-0.004463360436216681,-0.0048171981715138985,0.003438765158838583
2022-06-08,-0.001479839709026399,0.000970779710612191,-0.000688398755691507,-0.00015527664685188568,-0.00027929732499584086,0.0006973155966472947,-0.0026082175570414376,-0.0032187895865437646,-0.00499117457826658,-0.006932284723354168,-0.005452445014327768
2022-06-09,-0.022563410098189948,-0.019758622765347362,-0.016215825419892728,-0.016146414299841805,-0.017374912833224537,-0.016964795145733545,-0.016279134590421917,-0.021222903658287894,-0.020136849511395293,-0.028543725675177045,-0.005980315576987097
2022-06-10,0.016861685371190333,0.01734108332979253,0.014879010190640012,0.017642934706005697,0.016903491421752424,0.020468587505627196,0.019392170638397738,0.018339584072869005,0.017185241655056457,0.015154591506905535,-0.001707093864284798
2022-06-13,0.008468944622927396,0.005010960403973157,0.003983529046172358,0.0013698810498333908,0.0010790676904794008,0.0030442828049065747,0.001064284609749337,0.0021690997355425135,0.0036104792834787645,0.00510206594621742,-0.0033668786767099765
2022-06-14,-0.005063481949019377,-0.0025244681771165716,-0.0008957402328903037,0.0009707564647703675,0.0011894594427249699,0.001166035593580263,0.0016030071837615945,0.0011057566136184619,0.0010601927829796578,0.001512711990866757,0.0065761939398861335
2022-06-15,0.003171931962945446,0.0012694423842178624,-0.00026490332096630565,0.0009237568599169659,0.0003376389105140763,-0.0013840645969635087,-0.0014539245750674486,-0.002862045465077385,-0.005451636671565964,-0.008363659060924204,-0.01153559102386965
2022-06-16,0.01156043316155072,0.009292248394954006,0.008407048599094573,0.009193215801266795,0.006804315388611516,0.009042304804173763,0.008482590672054084,0.010320034209153416,0.006246863691442919,0.005659714680082041,-0.005900718481468678
2022-06-17,0.004126709173289091,0.0050243816147490915,0.0033933305925386258,0.005646892151925832,0.005333887703465981,0.005565373325915087,0.006917980948375954,0.007214456152185265,0.0045732312453331024,0.004173562821444454,4.685364815536306e-05
2022-06-20,0.015860261574996124,0.010767296764728682,0.013079932179245898,0.01196421250002086,0.0123146365204481,0.013206559771684851,0.010295065023823838,0.00793081557862308,0.007527084848517912,0.007868721312452764,-0.00799154026254336
2022-06-21,0.0003117173942801996,-0.00014947596926634258,-0.0011193373790709714,-0.005181464404522574,-0.0029500431056291776,-0.005566331213746564,-0.005634261135561618,-0.007160523556800682,-0.00873753269429087,-0.0086028094867301,-0.0089145268810103
2022-06-22,-0.016241043167061417,-0.015461600268235655,-0.013857890431386266,-0.014330603991436736,-0.012667353392647615,-0.009813165758191007,-0.013594434941340558,-0.011119585572510629,-0.010312036790630174,-0.011230925151481157,0.00501011801558026
2022-06-23,0.021243298785698108,0.019356700783436293,0.017183056075473626,0.0181045920882879,0.01854214182134248,0.019286424260952284,0.019417426851691164,0.01987000297785674,0.021428386360897975,0.021167988411306335,-7.53103743917731e-05
2022-06-24,0.0129813448199276,0.012940610191597908,0.011532146594311319,0.011361798445610105,0.01182284863250284,0.011375723687286461,0.01058041203652629,0.011545839102215889,0.00790881902460542,0.004011405775439588,-0.008969939044488012
2022-06-27,0.005901453286282112,0.006728595961607872,0.007393355031878793,0.008847132233290353,0.008441635476173475,0.008502135419312138,0.009238856457363224,0.008234944345426574,0.007456494773284301,0.007803848014998949,0.0019023947287168368
2022-06-28,0.01448821067301604,0.01500535598061177,0.015832231983732164,0.015043073945169839,0.013935179623991174,0.013736683962671501,0.0133025396286193,0.013976374528937572,0.01280876446110635,0.010016594332897817,-0.004471616340118223
2022-06-29,-0.021206832842519056,-0.01821930903265911,-0.01751054173547135,-0.015208390033343802,-0.01955997109085114,-0.0200599321193805,-0.021045597064983095,-0.024312571158563646,-0.022867781028192202,-0.034319076779450966,-0.01311224393693191
2022-06-30,0.010081372501155336,0.007822007533528765,0.010019240093747266,0.009431947355725556,0.010368985831547314,0.010321502367998,0.00988083874636318,0.00701501784524291,0.009938464092356648,0.005898016715627867,-0.004183355785527469
2022-07-01,0.0009935933726213963,0.00266646779492889,-0.0010338321836806403,7.361187026626054e-05,-0.0002585725074583638,-0.0003574597826526721,-7.366591761315733e-05,-0.0036586719967956695,-0.0037056570067008888,-0.00796740482022108,-0.008960998192842476
2022-07-04,0.010733811109790714,0.009899759798658639,0.0074930550148465044,0.008015510112924906,0.006996550136811941,0.006991647684960788,0.006453114971877649,0.006466436525723644,0.001818911924642144,0.001371490754226809,-0.009362320355563905
2022-07-05,-0.010878614889857013,-0.011166844575095862,-0.008913951264794317,-0.007428614907629428,-0.008341559180046587,-0.005086663796071351,-0.006791189628446319,-0.007781699183207015,-0.00848162640083593,-0.010206135860189855,0.0006724790296671578
2022-07-06,-0.005832505950408795,-0.007948590954830506,-0.009977113386171431,-0.008754825299336022,-0.007263268595540785,-0.010298181159496388,-0.00862804529581812,-0.009717412734920487,-0.008554301447630894,-0.006403517298939592,-0.0005710113485307968
2022-07-07,0.00902123208240872,0.007806631598418502,0.005441515237910454,0.005855010987997154,0.006585899403312964,0.007069600592583834,0.007844576861936018,0.005099039993892044,0.005387034041450432,0.005190916652200189,-0.00383031543020853
2022-07-08,-0.00228484687148973,0.006322183558202509,0.0049883957798944195,0.0020841111910181215,0.0029867439128523077,0.00273798559507382,0.0022427976221173593,-0.0008304000101301186,0.0016071706310178914,0.0005391329877891749,0.002823979859278905
2022-07-11,-0.0122022759913753,-0.0080525490312295,-0.010053461975453225,-0.009106335224901783,-0.00784616665806731,-0.00798360959854736,-0.007732698609920128,-0.0071183465270225725,-0.008631786391649939,-0.003781017348482977,0.008421258642892324
2022-07-12,-0.01789480952884376,-0.020142474769054945,-0.014908421026671444,-0.015311294106770422,-0.014109979025807963,-0.01333716262213271,-0.012832156613756418,-0.01626270047874659,-0.018492496605331893,-0.019247049542488886,-0.0013522400136451243
2022-07-13,0.01229787078377885,0.011959561299107238,0.010022635406167442,0.012226361366860347,0.010485220864859774,0.011794604292109198,0.014474808488970592,0.010728987568270017,0.013817772985716783,0.014121534481651408,0.001823663697872558
2022-07-14,0.01297314998108114,0.009263864853045407,0.005970058101967875,0.006255222847479888,0.005910836802929019,0.005573544190995683,0.004832363740282571,0.008575223149521166,0.008704218623792425,0.006687510792890393,-0.006285639188190747
2022-07-15,-0.01080918156240117,-0.017083313547456885,-0.01820583130649675,-0.019657921940670713,-0.017762444176269626,-0.019388578892221363,-0.015754601891803558,-0.01838639134870453,-0.017846498665523514,-0.01680507822435494,-0.005995896661953768
2022-07-18,0.022663288028879753,0.024562370608692326,0.02620959930261247,0.024960643861938876,0.022861847203332775,0.022790657256960393,0.025575141853976212,0.024015479645511255,0.0250356510400813,0.029108493413375174,0.006445205384495421
2022-07-19,0.009904718420968853,0.010795947101267793,0.010095726286872568,0.011400317015582973,0.011796784675071871,0.010419347175155873,0.00917057870207555,0.009409282444960556,0.011370821816052895,0.007925404472040692,-0.0019793139489281616
2022-07-20,0.008638031274728501,0.009936506338667423,0.011565184460882963,0.008285054311903585,0.008826443756723791,0.009952715552479431,0.010082613877802286,0.00821823582020648,0.009940509652653756,0.0073186217859078,-0.0013194094888207015
2022-07-21,-0.0023851286773859007,-0.0026198758587742555,-0.001535822079933775,-0.004594095612941551,-0.0055636769436168965,-0.003712277347468571,-0.00279762696621688,-0.0039062373686745678,-0.0034992080064543954,-0.0034757527306679,-0.0010906240532819991
2022-07-22,-0.0004888244396599675,-0.0013468874162038504,-0.002011730255047847,-0.00272742246039231,-0.0036129492779378397,-0.0037313392371504366,-0.0013523118500666953,-0.003677786336658046,-0.0040669248491906375,0.0003723167449112333,0.0008611411845712008
2022-07-25,-0.005232287953649002,-0.0068046028976142345,-0.005344549717919344,-0.005955459816252522,-0.00802445422942511,-0.0070970526752448596,-0.00777621219192742,-0.0096485251611413,-0.010723710946352778,-0.014636619868479289,-0.009404331914830286
2022-07-26,0.014242246939915187,0.010920025952643356,0.008690920443443856,0.010359849599825393,0.010052554061782387,0.00983129124192485,0.010381570795335377,0.010750293963797414,0.01330500208931406,0.009171150204917548,-0.00507109673499764
2022-07-27,0.01060191290492445,0.009185890237071668,0.006702566903472743,0.00874002696046474,0.007926305158010027,0.0071636689183483026,0.007730102786484122,0.009510950716572061,0.00980996739328414,0.010638564094473004,3.665118954855433e-05
2022-07-28,0.00771723747458956,0.0072064356839164866,0.009770267696019805,0.00752684045337299,0.008315292297450464,0.008002139101225804,0.007972904712244242,0.0070232577506885215,0.006985939202844075,0.0070927689486415205,-0.0006244685259480399
2022-07-29,-0.002123497763669835,-0.003819305577651243,-0.005385893117360748,-0.005393315258942806,-0.009371600081016172,-0.0066929186889019944,-0.006663579790527299,-0.008094677098427094,-0.003779601466190165,-0.0036056294247129536,-0.0014821316610431185
2022-08-01,0.004680380978889573,0.00524099076153516,0.00391837666504636,0.006102575757221588,0.007032296285494002,0.006046646911456731,0.006955875881228798,0.006865299577921609,0.004614752393529152,0.0053327157207095225,0.0006523347418199493
2022-08-02,-0.03955827143964007,-0.037154880024336256,-0.037793801429017476,-0.03828123371346858,-0.03853646613670844,-0.03918730280587604,-0.04121065674397087,-0.03760214080672808,-0.041904150803253715,-0.04470586008838914,-0.00514758864874907
2022-08-03,-0.0030686082511060184,-0.0021362909903946538,-0.0022166883174533983,-0.0028655960920816754,-0.0011042823051510765,-0.0010235122958863674,-0.0037916553684127674,-0.0047836204182117835,-0.00892348183913683,-0.00934778772943541,-0.006279179478329391
2022-08-04,0.017020098123335603,0.016066575534597553,0.01617061415759956,0.014608224163190662,0.014874938184997376,0.015371400748681884,0.013798633997213086,0.014203588100321771,0.011866001216779705,0.011007115340298355,-0.006012982783037248
2022-08-05,0.01730160478433806,0.015347271380399373,0.015242260973292138,0.015891922936228986,0.015178701625169714,0.013853545819525937,0.01493589655691581,0.009787553516102538,0.01220423372162327,0.0007301815402648182,-0.016571423244073243
2022-08-08,0.012620657570496302,0.010090480916358844,0.011077848452335812,0.010940820911051807,0.011701801892698913,0.012128124946224984,0.013293151397155631,0.018336337775171564,0.01750949836843048,0.018016868722985246,0.005396211152488945
2022-08-09,0.003227010148309341,0.002275327802345466,0.0021250628083721796,0.0014685284975817059,0.005328409911794263,0.0034263599183069543,0.004121100243835312,0.00485751975788574,0.00423796479087691,0.005454346600957472,0.0022273364526481307
2022-08-10,0.004216194226604414,0.001757810665827844,0.0017904036800297151,-3.9320329562284875e-05,0.0008738224755722379,0.0024467107545383775,0.001469849960645371,0.004546307730429564,0.004124187395993097,0.007479448626479291,0.0032632543998748764
2022-08-11,0.014548067463700357,0.016369572236123463,0.015930176399691624,0.017858348043683248,0.01571193345088543,0.013832314090672898,0.013755662142255817,0.010066876748210721,0.008246768897002179,0.002513377888226908,-0.01203468957547345
2022-08-12,-0.0021061018504600695,-0.00044579304318857196,-0.0003005307646432899,-0.00195442484344089,-0.0017935395688307755,-0.002799128626388058,-0.005408525170834402,-0.009100454144590733,-0.009680047169098108,-0.012032362578706334,-0.009926260728246265
2022-08-15,0.00026971681927949356,0.0010889270033146584,0.0008565876136978775,0.0015266469934392705,0.003407374823373847,0.0030314638636181534,0.006046543764040522,0.007848578242832135,0.01008133208543341,0.012128002835165907,0.011858286015886415
2022-08-16,0.004767898936027736,0.00601780756736248,0.005001083326109813,0.005949937193100892,0.0066868362368093254,0.0073893702598766785,0.009271167745632176,0.007236887137022306,0.008959398244029427,0.013179825490002555,0.00841192655397482
2022-08-17,0.003169795393626547,0.0017954878061772733,0.0026910747017670524,0.003569918672614001,0.003213273607618129,0.0043232873574956835,0.004101101299397432,0.0006616146381750671,0.002427313251216109,-0.0006366716978635555,-0.003806467091490103
2022-08-18,0.0014847726027418678,-0.00043526043007167297,-0.003847051762220042,-0.001979805198138667,-0.0010058916363696344,-0.0001562072932438514,0.0033719683352563716,0.005877613161811344,0.00673769293987688,0.010040171033469297,0.00855539843072743
2022-08-19,-0.013067054829253267,-0.00926925675683021,-0.007464125323416389,-0.00760002382933014,-0.01055868711353963,-0.011028222080838045,-0.012162943116651444,-0.016833877314100427,-0.017907786510530165,-0.02345017373105935,-0.010383118901806083
2022-08-22,0.007457853528035159,0.00636823582132438,0.007724754893033826,0.006368246482745714,0.006580218341140247,0.00819703043102537,0.00885738718675989,0.007897327633028382,0.0011237988973869727,-0.004082688772722944,-0.011540542300758103
2022-08-23,0.004557118287428739,0.001995939725495264,0.0027291823639171726,0.0037475130997748907,0.0028229346192347616,0.003927188236003669,0.0038358522313709223,0.0031671489629184575,0.00442451656414531,0.007251636329540047,0.0026945180421113074
2022-08-24,-0.026978805643863516,-0.025019858057162656,-0.025806592480096528,-0.02739785712411103,-0.029843809222305798,-0.03158516558027552,-0.03246863788949255,-0.03356152582635787,-0.03759438335763007,-0.0387791105323485,-0.011800304888484981
2022-08-25,-0.005024663741525379,-0.0025231134495580713,0.000946367032382604,-0.0015422452826207242,0.002300818105538333,-0.0012735158295963936,-0.0006647700716961964,-0.005720484957408803,-0.010744806634934326,-0.017122384623672313,-0.012097720882146935
2022-08-26,-0.004129152045278654,-0.0034459377918731895,-0.0013891763104153113,-0.001832920833846414,-0.00405817200282114,-0.0032828089204811894,-0.0055232568019349245,-0.005521666037403241,-0.00886809456450342,-0.015875071743181503,-0.01174591969790285
2022-08-29,0.009468646660488276,0.011741366339563283,0.009705421847292162,0.009271307655672863,0.005498068425326099,0.006405936540543472,0.005835917762871557,0.00830927156785393,0.008383842667448863,0.00707153726553049,-0.002397109394957786
2022-08-30,-0.002275723123372892,0.001660813277589223,0.0014406149563357827,0.0004002493067658699,-0.001704477578608,-0.0022563420186524504,-0.0036088429986176757,-0.005344503564239411,-0.008399956401409964,-0.010693293592976102,-0.00841757046960321
2022-08-31,-0.03195119254309478,-0.02598130063584555,-0.022907379000872072,-0.02118090949891268,-0.023211061632825457,-0.021795471124219003,-0.025208472222740724,-0.028707902135582573,-0.03241943211414752,-0.035043909478210365,-0.0030927169351155845
2022-09-01,-0.004096631981946915,-0.004703176822390043,-0.002389713950935677,-0.0007031139408255627,-0.0028536580348798037,-0.0031940521060725407,-0.0036246120258115935,-0.004464641815703278,-0.0037159693337123732,-0.00696770771079488,-0.0028710757288479645
2022-09-02,0.017032343808564367,0.014039849434086728,0.011340850491233134,0.010371398090861694,0.01126328827428724,0.01169668724000766,0.011977404947524408,0.014389851951933461,0.01808269365093413,0.01723889428345942,0.00020655047489505363
2022-09-05,0.0008522901867830901,0.0013965208987151145,0.002166378733395357,0.002490915043967339,0.003043643612676071,0.004900055895735289,0.002634245888724627,0.0016938829922843062,0.0033055515094865488,0.004838861792537322,0.003986571605754232
2022-09-06,0.010852819317825918,0.010922166409361483,0.011048972463478794,0.012254282833254467,0.014675134206031004,0.012038454213182375,0.014691476694337501,0.014347998226313488,0.016299678384609863,0.012920279492597966,0.0020674601747720477
2022-09-07,0.0033444616773612877,0.0017432484896322466,0.0023244573513127925,0.0014546624276367177,0.0035571859548431664,0.003388225212865974,0.004600164500838926,0.0045182924479909995,0.007221012857413476,0.00650233875745394,0.003157877080092652
2022-09-08,-0.008917603957377023,-0.0075930709370559644,-0.007772345213143655,-0.006761364008876518,-0.007886951201198138,-0.009335462305639567,-0.01065114796781926,-0.010052865464461344,-0.010739756311910592,-0.016693719450647633,-0.00777611549327061
2022-09-09,-0.0031949177595765824,0.0007952789764290716,0.0029622385585135348,0.0027714393185799876,0.002463340941363343,0.000316067155796214,0.0010236480369413678,-0.0013542269341348405,-0.0016548141097474,-0.007149610585025522,-0.003954692825448939
2022-09-13,0.004281038226671769,0.0028992175782404147,0.0031983820858023063,0.0029342805685348377,0.0028036642455280232,0.00412358209780807,0.0032134860590702537,0.0023919964337279073,0.0010282480669275666,0.0032267927458204393,-0.0010542454808513298
2022-09-14,-0.005974235660376595,-0.005989826041703816,-0.007990374896643655,-0.007371815649048502,-0.008060279414814579,-0.008288439314750908,-0.010016714701791843,-0.0074673454309717585,-0.008975768621025181,-0.009465555476974141,-0.003491319816597546
2022-09-15,-0.02921459714109894,-0.022297738913737805,-0.018360699467265276,-0.020853215741324788,-0.022618542709559764,-0.0227845054725681,-0.025085521599380163,-0.026198064118500834,-0.02612005985461323,-0.023923723715368807,0.005290873425730133
2022-09-16,-0.020819218093212084,-0.025628540485726135,-0.025159390745988067,-0.02375284108020323,-0.022797774012870677,-0.023287744984847807,-0.02301414612749191,-0.02436075665680488,-0.02434649895815061,-0.02499254649113027,-0.004173328397918185
2022-09-19,-0.012896753707235135,-0.012837608428358939,-0.013937937428937522,-0.012967834180159205,-0.010150627022896142,-0.015007238912600963,-0.013138326008260561,-0.014016832360530312,-0.014985851356996005,-0.008780601483203546,0.00411615222403159
2022-09-20,0.016819345109146896,0.012338266649070919,0.012969660399025706,0.012624324669631107,0.014025979623887103,0.012755095390057026,0.014984324804533418,0.016888007909918738,0.017706944365724515,0.015895761259470235,-0.000923583849676661
2022-09-21,0.0032336223228683664,0.006527046921940777,0.0036899335893686466,0.0024370437829367196,0.002823605566040087,0.0013557458947465978,0.0018115494758865016,0.0023946648939303823,0.002608485619956957,0.0034432780762292236,0.0002096557533608572
2022-09-22,-0.0045240442041640065,-0.00516666554975238,-0.00600569450315568,-0.005367821354960311,-0.004965479884152394,-0.002965553763527821,-0.0033519402087533326,-0.0003921577423354911,0.0011049536174562355,-0.004045437668482414,0.0004786065356815923
2022-09-23,-0.017102773453269673,-0.0176840557857738,-0.017459536642401588,-0.018509142594029228,-0.01983176686998636,-0.02254477433723831,-0.02206797777271967,-0.02145091587880185,-0.02263002256723189,-0.025145794030251346,-0.008043020576981672
2022-09-26,-0.01902594307580798,-0.020805108482987254,-0.020175670151752458,-0.01896223988697777,-0.01724221264003653,-0.01796912546878289,-0.015746342406684988,-0.016243813010460205,-0.01739291766977446,-0.016170059879943972,0.002855883195864009
2022-09-27,0.025612693585850534,0.025098457096664646,0.02401973592733287,0.026031163974532104,0.0251695805479654,0.02465535745749972,0.025192654423788777,0.02366611003328047,0.023203677409969387,0.020561583186561122,-0.005051110399289412
2022-09-28,-0.024485005164803043,-0.025579410946483257,-0.02446035614486537,-0.02471356229551319,-0.024650623770288697,-0.02666322035953204,-0.026375768475664835,-0.030115467494479558,-0.030969717555797013,-0.03196999071106335,-0.007484985546260307
2022-09-29,-0.0038815662147069804,-0.005044407293213341,-0.004469057282613981,-0.003435236075971096,-0.003885379045207323,-0.0037207242460204097,-0.0012630656598433367,-0.0020643818553849635,-0.006361550562791016,-0.012925251897055411,-0.00904368568234843
2022-09-30,-0.009327633796013254,-0.009537650561826882,-0.008694659046397057,-0.009852861171172074,-0.008839139201893179,-0.01217216304005412,-0.012102952932713901,-0.018978048113514258,-0.01635146892059519,-0.01852231964487491,-0.009194685848861656
2022-10-10,-0.01870586128084907,-0.018732711540064874,-0.017505427341613318,-0.017840625338038922,-0.016836537567700975,-0.01953152812099562,-0.017670880079065823,-0.01946283481569038,-0.018101514234107406,-0.01510530641431916,0.003600554866529911
2022-10-11,0.0027193822648608774,0.004727106884641419,0.005722900038429422,0.005605411777413697,0.007039808829210412,0.005036750800524978,0.007503851982303722,0.007485603978281614,0.005545809847065769,0.007528303360115342,0.004808921095254465
2022-10-12,0.026299995852867367,0.02861858324507941,0.02683200430490136,0.027663725937825727,0.028059269471942552,0.02757276640432151,0.029377747247668423,0.031162334127498255,0.027690844745913944,0.025002043560463726,-0.001297952292403641
2022-10-13,0.012232870081531549,0.011161186447928687,0.011699902864332588,0.010218816418587275,0.008728080049063164,0.008835549839077144,0.008049266141885756,0.010029255964102817,0.008455516522029171,0.007727924143427666,-0.0045049459381038826
2022-10-14,0.031101550686034353,0.026803941770298434,0.02341380611673768,0.021642429202488784,0.02027143639284136,0.02015126126011955,0.020425899743391526,0.02173225391245648,0.021384162805579462,0.023129307846157136,-0.007972242839877217
2022-10-17,0.017367737212002902,0.01766604198779908,0.016266272024037354,0.01568211030996242,0.014558815790077907,0.0148252355418794,0.015195504972571189,0.014530922850317969,0.014122946763462214,0.017955287427060544,0.000587550215057641
2022-10-18,0.002419555160468384,0.0024610281563759765,0.0022739864776492175,0.00316366953881468,0.001280412226144537,0.001850230290897138,0.002374282695667973,0.004023816196729823,0.006366036706353395,0.007932071909750949,0.005512516749282565
2022-10-19,-0.009244562837524742,-0.008637165886744055,-0.009303447117311864,-0.009108987605660738,-0.0070508405862291686,-0.008982475136820354,-0.008154871057278619,-0.007676450608354771,-0.005382748301092048,-0.01090339407923346,-0.0016588312417087185
2022-10-20,0.0014566167431466184,-0.0008033958591888968,0.0006637297648017093,-0.0020149849442927525,-0.0013476851319058035,-0.0020744159029627914,-0.004246748502855783,-0.005081977920671169,-0.0043834505572808175,-0.007241749688747385,-0.008698366431894004
2022-10-21,0.0007890772649137325,0.0005592148743701762,0.0007537017644351817,0.001922476402232113,0.0008774599147874177,-6.43960686115704e-05,0.0021002165551894966,0.0007794842841078774,0.0015083008453140865,0.0027158819224319436,0.0019268046575182112
2022-10-24,-0.009941445814005355,-0.012982140987696095,-0.01149675819495807,-0.015180511535240453,-0.015267943572776234,-0.015583278473936516,-0.011724133970924474,-0.013963857401138726,-0.011364478917451595,-0.014053819107879777,-0.004112373293874422
2022-10-25,-0.0027231971890119867,-0.002240447669337571,-0.0014449468076191251,-0.002436933647372582,-0.0010885336555097214,-0.005865444587370244,-0.001996406998386507,-0.0018120125061458685,-0.0006744247133881284,-0.011529906703570611,-0.008806709514558624
2022-10-26,0.021402235329260395,0.021286757363254413,0.021188572189397414,0.018540059032221334,0.019856259393607564,0.02070812056873936,0.020722662379357035,0.020440291911843378,0.02188735397810415,0.0249749141765854,0.0035726788473250046
2022-10-27,-0.0065148236189478135,-0.0017317077107987218,0.00035490294224855537,-0.0023594888074652326,-0.002217068630495791,-0.0010055984536416198,-0.001770909767364959,-0.003885062309522851,-0.00375071077621553,-0.007021058021495703,-0.0005062344025478895
2022-10-28,-0.03814198273624218,-0.03648722623508277,-0.038714646680527987,-0.036523744422728696,-0.03699145625154756,-0.03363761913304111,-0.03457107346052951,-0.035532733232374804,-0.03558465872558271,-0.03110318692911575,0.007038795807126432
2022-10-31,0.014732914468992699,0.008955808346448744,0.008913063858867415,0.009081078972539614,0.00996316068194299,0.011493288566705052,0.011911482068464686,0.013472808347749943,0.013520747846904484,0.018739309565604406,0.004006395096611708
2022-11-01,0.027535154374528577,0.029762417230232836,0.028835297483011897,0.02782289227729711,0.025060980796153796,0.024180604830849464,0.02544860349634253,0.02318018420161663,0.023307691663757617,0.01925027881446048,-0.008284875560068097
2022-11-02,0.016428075337226313,0.013081456241661966,0.014182590825278694,0.012073122105062273,0.01168951332348353,0.013705827956022112,0.014122923767093818,0.0129950268933527,0.011867672289305048,0.011330796668067349,-0.005097278669158965
2022-11-03,0.007163977368219405,0.0038545972179570617,0.004212822116175557,0.0033183031915292338,0.004630734063893183,0.005063895436134207,0.004555743432241042,0.006471050277989802,0.004676694183575687,0.0010682154727716584,-0.006095761895447746
2022-11-04,0.018533454543072744,0.018449970247593588,0.017917823350926607,0.017021447849353142,0.016477200918174395,0.017747783854302736,0.015785707365412516,0.016527868469215286,0.01673370508134059,0.01529189375986664,-0.003241560783206105
2022-11-07,0.006081916039500179,0.008229700431805743,0.006166707965164885,0.006577783190679564,0.006376761675335769,0.004614175674091408,0.005190919967691984,0.007166458917244176,0.007341897850010772,0.006638191298331139,0.0005562752588309603
2022-11-08,-0.001104939731478316,-0.0009129440016651656,-0.0003486222291314016,-0.001346557646452307,-0.002089786945206158,0.00033073817511867284,-0.00010562150832294593,0.00016914948719478674,-0.0008476739387824892,-0.0023462672610882083,-0.0012413275296098924
2022-11-09,-0.0038598682815302486,-0.00035421292969092864,-0.0002731824546965713,-0.0004204627245388275,0.000842977142233221,-2.225703720039828e-05,0.0007881586358565713,5.618828638628663e-05,0.002913123187737733,0.005949845413412286,0.009809713694942535
2022-11-10,-0.007629154686631862,-0.004610673459063798,-0.004760573177833066,-0.004561904216370424,-0.0032755669160499596,-0.0049122980059543575,-0.005396116480938575,-0.005770410339200691,-0.005179622442454557,-0.0031096458950134287,0.0045195087916184325
2022-11-11,0.005562695236469651,0.006706099050908782,0.007345970955367256,0.007441585395877364,0.008440367878329446,0.006330312696315947,0.004876211032141512,0.0025420267380695722,-0.00032987259033467767,-0.0060487963224837155,-0.011611491558953366
2022-11-14,-0.0036822634802167837,-0.004228522995030298,-1.4359942787257906e-05,0.0001096258317043533,-0.0010978121937126762,-0.0018203110679136441,-0.0015228852595455058,-0.003454246920705269,-0.0015814585554686541,0.0024808223967683887,0.006163085876985172
2022-11-15,0.02509002834617368,0.02141431727813263,0.01883790906522015,0.017959912726372568,0.018287990822326787,0.01951515225427449,0.020454058676054293,0.020140880515277036,0.019160424679573563,0.01672788701872304,-0.00836214132745064
2022-11-16,0.0014650624380946966,0.0006583873588587087,0.00012809829002968613,-0.0016623269177617776,-0.0009568532524304942,-0.002106966262345356,-0.00252403692668504,-0.004473567782004771,-0.005466681309107803,-0.006195914062804268,-0.0076609765008989646
2022-11-17,0.002416378163883387,0.004973545248418298,0.0030599178209683242,0.004143268059894357,0.004384996668409947,0.0036854830628932594,0.0042807089568791664,0.004771337592037061,0.006175538509933172,0.00979772050926057,0.007381342345377183
2022-11-18,-0.005895168502235679,-0.006903576861600752,-0.007856705580813608,-0.006046145832988377,-0.006552295951053512,-0.006834280189960733,-0.007241402509905228,-0.007336161580517108,-0.008601825363503528,-0.009944653993451827,-0.004049485491216148
2022-11-21,0.003206610796363997,0.0024725212927396573,0.001603383004963327,-0.0002518338793634459,0.0007657005172269854,0.0033067688666691642,0.002032351294942065,0.003026933660169611,0.00549589704452357,0.009285048190512003,0.006078437394148006
2022-11-22,-0.01357097799572033,-0.010712988717803114,-0.008668229080371048,-0.007907937865717776,-0.007952026155859968,-0.010703514376662584,-0.011427093365752483,-0.013722766772778335,-0.014770649609976313,-0.02041111367220231,-0.006840135676481979
2022-11-23,-0.008780266463978118,-0.0049603199737209384,-0.0029485549472920455,-0.0018947447319996222,-0.002777408647283032,-0.004858116131605791,-0.0053900521652648845,-0.004963471324243716,-0.009404315700746277,-0.017102568448120102,-0.008322301984141984
2022-11-24,0.006178957567536855,0.004442991753646316,0.0031612641024442237,0.0011289898386109233,0.0030044509469534858,0.0014762470485910639,0.003921437883866222,0.003769837811385145,0.0041750189048409495,0.006594547130172344,0.0004155895626354895
2022-11-25,-0.010996321080581482,-0.00734147125010639,-0.007591412164860297,-0.006347939334386369,-0.005899521316956218,-0.005406830905605921,-0.009158287474724578,-0.00825186890923194,-0.010816764033280664,-0.013890184303490658,-0.0028938632229091755
2022-11-28,-0.005146713395462503,-0.004957527216718983,-0.006089593178678807,-0.003941377635387588,-0.006298524516535393,-0.005722505297068535,-0.003771453896340866,-0.004999964079897154,-0.0036888406034685708,0.0003656633246823249,0.005512376720144828
2022-11-29,0.018819741383023197,0.019403587162387083,0.017758052116662464,0.01748763622732096,0.017686806327925568,0.019311156715814546,0.018405323620431235,0.016634163608410378,0.017796947213571855,0.020282933740046277,0.0014631923570230798
2022-11-30,-0.0018203785481984212,-0.0004534798191913146,-0.0010640250883168312,-0.0013472492565345237,-0.0018041913286671201,-0.0024238822855929404,-0.0012060040692681562,-0.0002463179875940284,-0.0018442946203169452,0.00039733798103633723,0.0022177165292347582
2022-12-01,0.008890812380354302,0.009903709759687957,0.008315019199716866,0.008946148704170329,0.009219270441735393,0.009940524502118046,0.011842462894554918,0.009371039824147963,0.00792106331923139,0.0022182503778398997,-0.006672562002514402
2022-12-02,0.009464988594051055,0.006167113737072549,0.0063322754802388175,0.006262561645150777,0.005420423329706644,0.00726852520464449,0.0066489214618268835,0.006504726822726178,0.005996092477779921,0.005402731433386135,-0.00406225716066492
2022-12-05,0.005333532156836298,0.009652250217379692,0.007725851437968374,0.009051884298690811,0.008693742204889039,0.005825124159366035,0.007221040789219518,0.006705509187881046,0.009923038335894276,0.006692196900826324,0.0013586647439900266
2022-12-06,-0.005537052304608545,-0.0029200216026173268,-0.0032526645956300997,-0.0028421856944933306,-0.0014478583722412667,-0.0019720396283420608,-0.0038289020176236286,-0.002430862191167042,-0.005168485971808921,-0.011636226423986895,-0.006099174119378351
2022-12-07,0.0019523237140042632,-0.0010238794287007976,-0.0005623155223237835,0.000717671716426617,-5.028699600132468e-05,0.0004795858176772224,0.0006667590644110039,0.0019460523738177,-0.0002924874648486522,0.004189298368251741,0.0022369746542474775
2022-12-08,-0.0024437081555196915,-0.0012101403426588416,-0.002369824535793156,-0.004476043586457574,-0.003733107231409248,-0.005357010262022297,-0.004387450552595624,-0.0036870805022787526,-0.003081555857786111,-0.00651640287626553,-0.004072694720745838
2022-12-09,-0.000976208777481546,-0.0007503815416825987,-7.744837931421527e-05,-0.0007369558150818554,-0.00040318580896417464,-0.0016562831057284223,-0.0018692099194818196,-9.244369889230351e-05,-0.002925061758527585,-0.00471615186445545,-0.0037399430869739037
2022-12-12,-0.005129971097926648,-0.006574575554019855,-0.004200221733654461,-0.004498570454466087,-0.006558426174082951,-0.00262659329603738,-0.0023889602981088036,0.0004587902370667078,0.0014552376879313313,0.008274064431441054,0.013404035529367702
2022-12-13,-0.002852225150777347,-0.00015354550693966835,-0.0035664781768409105,-0.0021052461582560323,-0.0031165806903990256,-0.0042692384325633,-0.0059811199357618,-0.006278651619270593,-0.006118779867580731,-0.004828899237217417,-0.00197667408644007
2022-12-14,-0.004378386241509458,-0.003089445859084682,-0.0030247320264618124,-0.0003356927653049266,-0.0010030652982767302,-0.0012312570477723051,-0.0017157139619655662,-0.0011023702472899846,-0.00461251291873376,-0.007768850532717272,-0.003390464291207814
2022-12-15,0.0043757159233145755,0.0033277727243094806,0.004483090440231464,0.003810893700475132,0.0026479414693432726,0.002943217368007232,0.0040972987119140035,0.004524610633678127,0.0037942207755012336,0.002479492770925215,-0.0018962231523893605
2022-12-16,-0.013015528962531477,-0.010654166076204296,-0.010904423106848792,-0.011625296124525373,-0.010044374816430477,-0.014402784592470366,-0.012129837279563096,-0.012334985740980589,-0.013707136133114313,-0.005177155552011382,0.007838373410520095
2022-12-19,-0.021066694768727842,-0.023721303443464896,-0.02210380080326237,-0.022752249958436038,-0.02143316211387665,-0.020532696793634963,-0.022942928570848748,-0.024413214846523035,-0.023291952178901818,-0.02430360185273432,-0.0032369070840064795
2022-12-20,-0.00015181841109766976,-0.0005996066657968991,-0.0012225508656207465,-0.0015255722884039231,-0.004423928010465225,-0.004223541897298687,-0.003269659809645529,-0.0032394038389712927,-0.006807631520561715,-0.014658444587983904,-0.014506626176886235
2022-12-21,-0.010050330711496256,-0.00892195368334223,-0.008588277429432249,-0.008051199521436946,-0.008159162961251371,-0.007106795855238808,-0.007292111910760111,-0.009556160662265695,-0.00601962234479011,-0.0013531742680075543,0.008697156443488702
2022-12-22,-0.01827391394021839,-0.015629839702210407,-0.01523987119550712,-0.014007529846265642,-0.013352605245006458,-0.013356342185138537,-0.013859227380236698,-0.013697029131214768,-0.014749775377236183,-0.014794683759872822,0.0034792301803455664
2022-12-23,-0.0012837328658992305,-0.0017836283345429237,-0.00048423346906161847,-0.0008528419010145506,-0.0014381839125764601,-0.0025654520778340233,-0.0026307383973959435,-0.007263667868199822,-0.0031330682470706354,-0.00649889039739944,-0.00521515753150021
2022-12-26,0.019915499826059446,0.015864215805084306,0.017361329651001862,0.015656099277949986,0.01653765623480601,0.015329665172909322,0.01922836921908698,0.020654166542858086,0.017050852278148725,0.011432973020769226,-0.00848252680529022
2022-12-27,0.0045856050361380496,0.005273684441290384,0.006320585102219183,0.00633890956854759,0.008968797827429556,0.008042688312033206,0.006529716986099953,0.005469250999632967,0.005099381080511774,-0.008194555092916486,-0.012780160129054537
2022-12-28,-0.013359358347735214,-0.012564015570557484,-0.010423698622254693,-0.009996813154318593,-0.011156773238805586,-0.010477646473104521,-0.011103411425680061,-0.011969829570358725,-0.011465360843439892,-0.01434014184343774,-0.0009807834957025266
2022-12-29,-0.005741474822326824,-0.006106076441820614,-0.003101021790121905,-0.0037393576602536473,-0.003745012595029793,-0.0037843894661461572,-0.003968012250124685,-0.0028337417630764144,-0.001765318742053605,-0.0032225552014565587,0.002518919620870265
2022-12-30,0.005134228877937147,0.0068126943969796855,0.007356222219172587,0.008275378934683424,0.007500132099191386,0.0070675034236582085,0.006125249536377923,0.005816482471620513,0.006305171285758579,0.0052920435953844585,0.00015781471744731167
2023-01-03,0.028078739114660627,0.02581606658468826,0.02421379934735498,0.02323657961500495,0.02122689092343199,0.01935814354138779,0.022297581023229998,0.02011981575752449,0.02247007878899394,0.023496461922480977,-0.00458227719217965
2023-01-04,0.001071592857479409,0.0051246121374304045,0.004673904612740194,0.00531379140536513,0.005151217770673773,0.004193343632810121,0.003981048624461452,0.0036876306741248335,0.00384012612206953,0.003289342828246467,0.0022177499707670576
2023-01-05,0.00912055602000336,0.008263823182274298,0.007309390877767944,0.0049087415757482706,0.007332775195149693,0.0071581110413868835,0.007823861846564502,0.006903406874853015,0.004479952388845328,0.00035099315286305855,-0.008769562867140302
2023-01-06,0.0038361679920644034,0.00236984364817291,-0.00030156088916902967,-0.000121347092180001,-0.0005005814137707935,-0.0012474089256995884,-0.001336133929970039,-0.002549061244497409,-0.005977186437853478,-0.013103071484146585,-0.01693923947621099
2023-01-09,0.004870638393027686,0.005122744647562481,0.004755385767868344,0.004846935293461184,0.00655607929390087,0.0065456191990629475,0.007201463143152181,0.007367545762062283,0.006654334917320886,0.005529412639419707,0.0006587742463920214
2023-01-10,-0.0006650788118617488,-0.002732912253487521,-0.001996979293086735,-0.002269323623609146,-0.002316162489603487,0.0004577328700872136,1.0774877417597957e-05,-0.0009732810307773569,-0.0005296305302941091,-0.002681239082876161,-0.002016160271014412
2023-01-11,-0.010328540613109203,-0.00856759869967847,-0.007461540008548641,-0.007077111250771588,-0.00824341764142023,-0.008230470752102871,-0.01056933948993319,-0.009229291854705658,-0.008346286312454154,-0.01103663147266026,-0.0007080908595510568
2023-01-12,0.0015444080745992794,0.0029211923867135956,0.0016806741731529994,0.0022140625568665907,0.0008366386217773684,0.0020104252804823116,-0.0008091114966930379,-0.000910068336685142,-0.001868490073843502,-0.004537348948405453,-0.006081757023004733
2023-01-13,0.00045190034494393364,0.0044508594041032775,0.004171039924466701,0.005412966809607768,0.004530840725480859,0.00444006667183513,0.00469180747837887,0.00702470322745219,0.002532554219565045,0.0037906764596144465,0.003338776114670513
2023-01-16,0.01152986668120608,0.013462643429082202,0.013756638507020372,0.011900930419642176,0.011729960604204273,0.010721111359523031,0.011071932185886285,0.011945962577566248,0.008819001661195706,0.007845273361469361,-0.0036845933197367196
2023-01-17,0.0016232896779605206,0.0013925320707082328,-0.00013882099113770208,0.00044581578329240057,0.0006818494239730082,0.00010556962284930319,-0.0014298382820022875,-4.3600909349433836e-05,-0.004461410070014219,-0.010141078565430395,-0.011764368243390916
2023-01-18,0.0066022545084826224,0.006027950456371502,0.006914744749826431,0.0074327248294875845,0.005092314052313008,0.004300392989665146,0.002904692025029399,0.0037354639451173395,0.001896490899121038,-0.001135386744018579,-0.007737641252501201
2023-01-19,0.005278124969875484,0.007834688270086229,0.007216278509677284,0.008700161048446495,0.009610399171152927,0.0077935414007402615,0.007894244562844559,0.008470972467365834,0.005078024194293523,-0.0006535985509107619,-0.005931723520786246
2023-01-20,0.007944139357744566,0.009113067706349169,0.01020091415983511,0.008240141429609441,0.00775197333120884,0.007207637240008967,0.007474116719144528,0.007028799994372314,0.007878277583369297,0.008521228631272366,0.0005770892735278005
2023-01-30,0.016651616896998456,0.015733290832588336,0.013252982740495573,0.011668448496366834,0.011268872692086006,0.009831416924677885,0.011009308951248055,0.011356582843935294,0.014483547411127135,0.017022857632627664,0.0003712407356292087
2023-01-31,0.00246743809099745,0.003579233284779129,0.0035962757620317557,0.0046462934561323594,0.0032946109001781194,0.0022481734718064732,0.001958857983508157,0.0024839774135755623,0.00032868741998188134,0.0006958048542319675,-0.0017716332367654828
2023-02-01,0.017383960250860427,0.015526691630072652,0.01614321563447996,0.01605087045826306,0.016527603491415126,0.016664526661509402,0.01669882440950548,0.01658892811102929,0.016531387075338574,0.01788561074978057,0.0005016504989201441
2023-02-02,0.0034876955247819023,0.002389605355442028,0.0031799035379924626,0.0027682550822713935,0.0030891217057795834,0.0018250222541520795,0.0031303459186316353,0.0018130675400500253,0.006620895654054158,0.0022030008459127345,-0.0012846946788691678
2023-02-03,0.0010893475610000247,-0.0011369295355668366,-0.00028858158082140843,-0.0013097190613995187,-0.0017849415323456985,-0.0006400491964428666,-0.00018235207940542765,0.0011542733164733305,0.0010527578539674103,0.0024901069878132806,0.0014007594268132559
2023-02-06,-0.0030462422065480298,-0.0017494734147347547,0.0006663550063675844,-0.0005731605679117737,-0.0013178184166328527,-0.0025770803169948243,-0.0028379096223290967,-0.00239145554412411,-0.00386398605151618,-0.0016072635845811997,0.00143897862196683
2023-02-07,0.006647617592175413,0.00685607197175959,0.007335566863115609,0.006441471618458224,0.007652765354589785,0.007896086611361132,0.007047523101496054,0.006918699662847106,0.005272028264617825,0.006577363153557939,-7.025443861747357e-05
2023-02-08,-0.002089948021032923,-0.003450270603681392,-0.002730045602956342,-0.005047919009110564,-0.004256729315788137,-0.005570550285457966,-0.0051865351416290496,-0.005725150684091479,-0.004503598895185756,-0.010196936373819594,-0.00810698835278667
2023-02-09,0.015281981326593093,0.011862475141247032,0.012602080860226548,0.012227445762051335,0.013063956534841367,0.014567102902312362,0.014843844176096655,0.014567118018576509,0.01454982788646609,0.01233057395932369,-0.002951407367269402
2023-02-10,-0.0032465107346033623,0.001487312117639441,0.0013178023468788944,0.000989150400081947,-7.715639462368629e-05,-0.0015159462348271525,-0.00019853957968857141,-0.001224086952833089,-0.003951454805119447,-0.004274635899384791,-0.001028125164781429
2023-02-13,0.010396895509175753,0.00988600481461007,0.008715295123839999,0.008679206656946728,0.009759969887200985,0.009929812834744542,0.010001108571643276,0.0112978999386118,0.011696739062344294,0.011581979324954791,0.001185083815779038
2023-02-14,0.003057986173662307,0.0024062273299287748,0.002288848384816976,0.0016103169028339824,0.002104264375282639,0.0012514925507844607,6.893837369807449e-06,0.0007043196494136762,-0.0012914130944638364,-0.004945176700879231,-0.008003162874541538
2023-02-15,0.0009354676172251952,0.0008985238118904071,0.00014176675172856892,-0.0007439738550711829,0.0014890274389913814,0.000175376154227657,0.0015056075107777534,0.0009358251380566928,0.003776299645041595,0.012740537211120216,0.011805069593895021
2023-02-16,-0.022867319275003677,-0.0206851529493335,-0.01944193245319544,-0.019054019834620215,-0.021838772444209283,-0.021150779745915914,-0.021072328135584812,-0.024324361864943498,-0.02626702720576182,-0.031175414487691656,-0.00830809521268798
2023-02-17,-0.0030317739056260123,-0.000676071635977933,-0.002380711371142693,-0.0014396135670003828,-0.0034324710426376775,-0.005858979292616225,-0.006619765424139574,-0.007709821879170687,-0.007119154104046034,-0.013646134241103494,-0.010614360335477482
2023-02-20,0.00830550733981452,0.010935876601214792,0.010610760461717852,0.012563835195019982,0.01314467490695044,0.010340335581173294,0.01264931752879519,0.014754402493460649,0.015472325442892919,0.016706495448167595,0.008400988108353075
2023-02-21,0.004845180793480971,0.005976261038301773,0.005383169040441109,0.00566063199124249,0.005933973176480532,0.004027704501532833,0.003285577140952478,0.004341649841137449,0.0031175130539434753,-0.002389313438793005,-0.007234494232273976
2023-02-22,0.0006717412329181557,0.00104193370117121,0.000243257415645107,0.0018545804493449323,0.0018707325811063934,0.0028617542876795627,0.0024175488023206425,0.004160298895180185,0.0024339032660674323,-8.152620422138628e-05,-0.000753267437139542
2023-02-23,0.001860249400827337,-0.0006956791023700288,0.0004468506051686355,-0.0014670803211888782,-0.0006858212027264693,-0.0010174328930858182,-0.0014864618130570244,-0.0012525654355105486,-0.004085127385850761,-0.011739268682561928,-0.013599518083389266
2023-02-24,-0.002382468251290195,-0.0026448047894067827,-0.0015346158312838688,-0.002079862356880161,-0.0023955901012026894,-0.0037069394004272315,-0.0030683249274659624,-0.0020192384602334187,-0.002423123632182481,-0.002039045346832231,0.00034342290445796373
2023-02-27,-0.007643982745921394,-0.007356314187908379,-0.006601132676492935,-0.007884967712533043,-0.008370680050171022,-0.007206937180344073,-0.008939533530216134,-0.009712303296374392,-0.009726158219940073,-0.013022577706414813,-0.005378594960493419
2023-02-28,0.010242616352401705,0.009696502100957953,0.009052188325014891,0.00883171754122037,0.009996894684878922,0.008774058309176125,0.008562044146136805,0.008669219838420176,0.00864663868583671,0.011183297080375151,0.0009406807279734464
2023-03-01,0.0062849973605545425,0.006320749163195114,0.006494852864147272,0.00717942248904498,0.010032781806389942,0.007992172207362983,0.007722341787193288,0.00981651606261517,0.009770528857083398,0.016648799968140022,0.01036380260758548
2023-03-02,-0.004859533945771163,-0.003056519624153541,-0.004053935190677108,-0.0027552531511267275,-0.004703020184815549,-0.0035634405845413556,-0.0051706844542521785,-0.006695043718411055,-0.0035284840093943504,-0.0007762641318247874,0.004083269813946375
2023-03-03,-0.00035177144488342444,0.00192556325251645,0.0020418182253763638,0.00156243226793037,0.0003978048350707578,0.000656463568629046,-0.0007909615718468467,-0.0018306075059406472,-0.0014197982643629474,-0.002786352371090407,-0.002434580926206982
2023-03-06,0.0016249917031720428,0.002442751657844928,0.0020099086703544177,0.00033928012013563946,0.0026496930153471943,0.002147021110186665,0.002235307862092362,0.0029458868335849363,0.001131228721960933,-0.0018051712447607856,-0.003430162947932828
2023-03-07,-0.018697366655308384,-0.018446529504913566,-0.01976192320955974,-0.018563515070831604,-0.019890302902554315,-0.0205962248371107,-0.022131249493933754,-0.0202981266523058,-0.02292719431569672,-0.02265870591305862,-0.003961339257750236
2023-03-08,0.009413069853520833,0.007667940849983037,0.007506705987766739,0.008335800912857029,0.007591931669575497,0.007605391533969139,0.007740397033349571,0.008893605097742951,0.009345682110430204,0.014804430406320164,0.00539136055279933
2023-03-09,0.005221687468303517,0.003483576243512592,0.0030637962017403307,0.0028562259335514553,0.0025113483418495192,-0.00045136913317218234,0.00030060357077518046,0.0012747418061173378,0.002658779625047101,-0.0008832749228112112,-0.006104962391114728
2023-03-10,-0.014469539081340157,-0.013239812089352595,-0.012465234051646425,-0.013692332566388313,-0.013185897656359549,-0.01088368178627624,-0.011944515096774879,-0.012148421011883593,-0.014083276088867032,-0.016332827670040503,-0.0018632885887003466
2023-03-13,0.00048746191879122096,-0.0008271302612252781,-0.0005435787456269676,0.0004838370329714112,0.0011311317498506998,0.003213928068429951,0.0033273270869130602,0.00396136361811151,0.00671309406484171,0.0044322043158033855,0.003944742397012165
2023-03-14,-0.014670976539323265,-0.013269014503709979,-0.012739904471687744,-0.010572751623643607,-0.01022106178174577,-0.012036164756212882,-0.010556957996469824,-0.010733221467918542,-0.010131432305708758,-0.012415178324055906,0.0022557982152673593
2023-03-15,0.012831821994532712,0.012372254743528141,0.0110438485629288,0.009365839859071263,0.00982997076516497,0.007345400725564137,0.00781496721562492,0.006900120700099477,0.004701037526791387,0.0009995374989528456,-0.011832284495579866
2023-03-16,-0.01758044447152827,-0.01620627731583348,-0.017128752412347955,-0.015541647717054793,-0.015447022255545331,-0.015157787779863074,-0.017255485029752396,-0.01645691398665555,-0.01527374948996178,-0.011669482084732737,0.005910962386795532
2023-03-17,0.0025934067921645353,0.003994288651168906,0.004780668597436694,0.005174228123519062,0.005254478829514318,0.006496745411598849,0.0057831283177967475,0.008900675427691835,0.011226133768007514,0.019105879762422093,0.01651247297025756
2023-03-20,-0.001792593839633056,-0.0021968845462287875,-0.0024443758675524972,-0.0035887380461403617,-0.002608134392482728,-0.004162352510446492,-0.0029130405063129347,-0.002851044487518633,-0.005189697889114861,-0.009500353618523725,-0.007707759778890669
2023-03-21,0.017260715856487786,0.018598068007888956,0.01600427398260343,0.016998289640666575,0.01570515957719049,0.015570800307276362,0.016085553326155466,0.01637822387042864,0.01109037836155336,0.009576408512111417,-0.007684307344376369
2023-03-22,0.0016826399182744754,0.005089980669504781,0.005378153644384689,0.006114711086823204,0.005670363192462701,0.005975900827231097,0.005530440420439703,0.0073743832396354824,0.008721677124903066,0.008031479178151581,0.006348839259877106
2023-03-23,-0.004851325766208917,-0.0009571280287920178,-0.002002133770910459,-0.0007214060444657783,0.0006681556777543396,0.0015320970797236882,0.0022630356506741995,0.0026674985293837533,0.0024281647844509044,0.005338922826454948,0.010190248592663865
2023-03-24,0.002354170649407188,0.0011291405885780243,0.0003137686924433417,0.0009557218748345335,0.0019221829316328261,-2.26087697204017e-05,0.0005517928791453461,0.0010393086340625272,-0.00043646957467905747,-0.0005507583856444672,-0.002904929035051655
2023-03-27,0.00015575456531817262,-0.0010198225441065208,-0.0018034427901384921,-0.002206235504234757,-0.0030215077648453603,-0.0012164647358423567,-0.000986712563228309,-0.00025627120038015396,0.0018723304245696528,0.00563357797535016,0.005477823410031987
2023-03-28,-0.004860780250846411,-0.00647322306058568,-0.006312300696553945,-0.005075671703664365,-0.006000581645594283,-0.00690583591023005,-0.00796919221819673,-0.007577960413421352,-0.010815519737545356,-0.02129976928365547,-0.01643898903280906
2023-03-29,-0.006085656862819311,-0.0065572346168402025,-0.00582546260663443,-0.004152872086493351,-0.0056426890555307686,-0.005256927744928631,-0.0029066352954043697,-0.0027435387040826223,-0.0010713099200020824,-0.0005411983551082151,0.005544458507711096
2023-03-30,-0.0023971042591686845,-0.0023255482434827533,-0.0020970180992831594,0.0003999870856688172,-4.0908842193458075e-05,-0.0014413519690417722,-0.0027892920359377203,-0.0006952037688034,-0.009133153599905072,-0.013191978834938818,-0.010794874575770132
2023-03-31,0.009029820563747093,0.008188068027080997,0.007689001424085406,0.0077114670277330065,0.006115437251371169,0.007987121828271444,0.008710472629515237,0.010850905919112601,0.01195348603177228,0.01558834625136835,0.006558525687621256
2023-04-03,0.005956285767803513,0.006878947858517708,0.007505504341951821,0.0055556549444904894,0.006392516650675955,0.007433361672616712,0.008148939440343665,0.008971109988166737,0.01364827026914327,0.029221014758418935,0.02326472899061542
2023-04-04,-0.01292675582695082,-0.013694241470761892,-0.011615547369611685,-0.009682760283944897,-0.010981676158579382,-0.00877350624638008,-0.008672289700591107,-0.005783544407595831,-0.004513380938732353,-0.0005990380064221476,0.012327717820528673
2023-04-06,0.001082729855884089,-0.0021024576200116543,-0.0022791968738584637,-0.0023746959960199727,-0.0011476129847499822,-0.0005283575646048677,-0.0009001504967661953,0.001460602556268484,0.000683256005918765,0.001323490306406162,0.000240760450522073
2023-04-07,0.012047682180727277,0.010944429146873953,0.011268723908657028,0.00979515468183198,0.010667520282932198,0.00987678040678716,0.007738120602726813,0.007987551946586657,0.009832823205432141,0.010961964262880618,-0.0010857179178466597
2023-04-10,-0.0087776200958154,-0.009260304555725626,-0.009708858179644633,-0.008328590761794534,-0.008656530135422847,-0.008879389736444426,-0.010545816908678958,-0.012119462262790754,-0.017453110228820738,-0.02864741979860185,-0.01986979970278645
2023-04-11,-0.000647242473224895,-0.0011373419097123207,-0.0009834360940685581,-0.00018777324766603668,0.00031940877694896824,-0.0015430084640390726,0.0004395554516569884,0.002949113765906791,0.004136038294026428,0.012466643249429208,0.013113885722654102
2023-04-12,0.008192638190084651,0.005811541801750972,0.005721536243356913,0.006842493757847815,0.005193243754017775,0.005804017189721533,0.008093795180430005,0.008714486395690758,0.011530916063465815,0.019441017730369103,0.011248379540284452
2023-04-13,-0.0017017474811040012,-0.004238448935494543,-0.0024897501573338905,-0.004641276161563793,-0.0022314061748265187,-0.003436335885661516,-0.0046393690842437526,-0.004264583663327919,-0.007490562781637401,-0.011366311978933265,-0.009664564497829264
2023-04-14,0.0013249536018949063,0.00463720743219001,0.0028075673111666,0.00342865530054071,0.0037344713026819737,0.004435882022027846,0.00508600794061542,0.005985627324292942,0.0071966257370440975,0.006503888623783479,0.0051789350218885725
2023-04-17,0.0013140861621764642,0.0020317639351535603,0.0057347145785304286,0.003857673924186473,0.0044912724406132466,0.004741736440836931,0.0017959351651207107,-0.0012644992968239377,-0.0019672477979181487,-0.015318134608086436,-0.0166322207702629
2023-04-18,-0.0068281120135531516,-0.006736534642457357,-0.004114575037052813,-0.004385137332493389,-0.005545191167898306,-0.005227672853357672,-0.006602253802591674,-0.00644914071624633,-0.003830524666630881,-0.004353740985937375,0.0024743710276157764
2023-04-19,-0.004744618448475316,-0.007499204778398244,-0.006286411487050088,-0.006375821520460149,-0.005941980758518696,-0.006135798286150898,-0.004059200171157099,-0.0032299528148525287,-0.0017625629937522555,0.006541320764654501,0.011285939213129818
2023-04-20,-0.010302719303274015,-0.009159772422281288,-0.009342126788032323,-0.008866957437163779,-0.00868365384021732,-0.008206073976107536,-0.005564020552138772,-0.00498089772761799,0.002285515473219548,0.015122373278760317,0.025425092582034334
2023-04-21,-0.02436885902257207,-0.022334740351315864,-0.023624076074209785,-0.020914862663952153,-0.023954350817883996,-0.02541615191419181,-0.02528901253567084,-0.02927756006018888,-0.03537364190709366,-0.04059158095095615,-0.01622272192838408
2023-04-24,-0.005752888551674331,-0.002511770290654426,-0.003684070376166089,-0.003249117398131263,-0.005702247866731508,-0.005397716334767225,-0.007983853395821984,-0.007811394575827263,-0.005117632462070263,-0.002721525916825468,0.003031362634848863
2023-04-25,-0.025030226339039816,-0.02627356439932699,-0.021123466592390013,-0.021216871704022616,-0.019235808985364727,-0.01843114319784317,-0.01838174460349707,-0.022315149075832093,-0.019297361338562267,-0.02318853425717603,0.0018416920818637855
2023-04-26,0.014849739741203655,0.0185435783383441,0.01438904776435471,0.01590780157539472,0.013058277793379442,0.010705409605274357,0.010264609769149072,0.006982880442674158,0.0016434879490542513,-0.013985154591498822,-0.028834894332702476
2023-04-27,-0.0004916651139108022,0.004305310218386893,0.005213540461107833,0.0026744928326673254,0.0037948759741854594,0.0031416345297701985,0.002794940178523324,-0.00013620869851997176,-0.0009478400784509182,-0.01213876848107616,-0.011647103367165358
2023-04-28,0.015220797365750695,0.01924995397230314,0.017189068216450998,0.020180767050124344,0.019142652731539624,0.01918146268592718,0.01641820083496431,0.017767105290291504,0.019579242121133926,0.030130831780307364,0.01491003441455667
2023-05-04,0.0006232832950555322,0.004831605927751791,0.006192980921360252,0.007979933720076588,0.0026767592489762545,0.0037549974290387467,0.0047578831637112295,0.005185112577470119,0.00114013959733507,0.004047401301088337,0.003424118006032805
2023-05-05,-0.013158857727522358,-0.010366550814517875,-0.007575890705625218,-0.006942734881368819,-0.008099497197224286,-0.007200718813942145,-0.007443284600588266,-0.007222809385634907,-0.009531972946830836,-0.011894320751221188,0.0012645369763011702
2023-05-08,0.004962770375258044,0.004021182512612336,0.0038362315586143933,0.005564991168034363,0.003316309232010895,0.0045745037767571375,0.005608996711485046,0.00633037485841093,0.007482656468188013,0.007390342456964804,0.0024275720817067597
2023-05-09,-0.018327074161989657,-0.015191537683328682,-0.014443334406113256,-0.012065336705058514,-0.011658778007251307,-0.01245930127255216,-0.013637561320427146,-0.014818980205089914,-0.015585625149287125,-0.022809215937447606,-0.00448214177545795
2023-05-10,0.01152322601992807,0.010242339821820783,0.00817676702786299,0.005436013278362793,0.006255501809560045,0.006281670861141297,0.002806640789457213,0.0020021550838465133,2.7461575013284058e-05,-0.0032805112678362027,-0.014803737287764273
2023-05-11,0.006600451593011008,0.0087268179220004,0.005763147218196206,0.0066435221697150265,0.006607546918250962,0.005490926583288882,0.0065045003492841084,0.005113159060009557,0.0038934656115333817,0.001570688001270851,-0.0050297635917401565
2023-05-12,-0.009888514809734756,-0.010275059674648822,-0.00909060268008415,-0.009171027470854626,-0.008159444690246558,-0.008370289100258086,-0.008158348776794064,-0.007674079583151394,-0.009689162852642534,-0.012489353627354056,-0.0026008388176193
2023-05-15,0.010180069538345955,0.010766648251144192,0.009527658324192563,0.009900316002515596,0.009078494096486246,0.008774426462273523,0.007187870514425869,0.00850761586091945,0.009726792817043788,0.005652687996251045,-0.004527381542094909
2023-05-16,-0.0042533239527255415,-0.00644730652071046,-0.005475650439352076,-0.006313868700757899,-0.005499674417022702,-0.006316921315503949,-0.007066680139691293,-0.00653567916585002,-0.005920893868721152,-0.014688045511005983,-0.01043472155828044
2023-05-17,0.013802440272082392,0.011299611261007179,0.011273647120854116,0.009442798537072758,0.00836510831624014,0.008636237585470113,0.00832061601675706,0.0075893031972293305,0.009443717095192627,0.013735709655555983,-6.6730616526409e-05
2023-05-18,0.005981585806402114,0.003238985645733421,0.0009325272936020001,0.0016672964862572887,0.003480263371220689,0.003344358111855944,0.004688026972596647,0.004495725457570184,0.009132373079586809,0.01266229167482058,0.006680705868418467
2023-05-19,0.0002574722054074841,-0.0005707123527834706,-0.00023342050326916367,0.0023877068070794916,0.0014029382924706894,0.0040393951755707345,0.003987414075623424,0.003034267935435713,0.00397029640417197,-0.003434830070042477,-0.003692302275449961
2023-05-22,0.004725003111602444,0.006758354177882347,0.00497661682211864,0.0045222983418596475,0.004472389806848339,0.006259987468111851,0.0050515526004505555,0.0044900123324439645,0.004460751300488471,-0.0025722980511916514,-0.007297301162794095
2023-05-23,-0.005190947734799398,-0.007038183704977882,-0.006601428187579137,-0.007182274882756202,-0.007431474752244279,-0.00853031714212794,-0.008900430592969273,-0.008369911793798973,-0.012029619809980468,-0.018005188361871177,-0.01281424062707178
2023-05-24,0.0008895152717515398,-0.000939494309322026,-0.001967182565004203,-0.0029359285409772994,-0.0025365598884476174,-0.002347027132347609,-0.002638639845627705,-0.0006821712845909069,-0.0010013334494627284,0.005375065119817942,0.004485549848066402
2023-05-25,0.002601298165685149,0.0020072775102033787,0.0014582274712200156,-0.002489965962450238,-0.00195500142691512,-0.0007545085954835347,-0.0008499039491310813,-0.0023858585324496454,-0.003495532448396871,0.00032435035158925873,-0.00227694781409589
2023-05-26,0.004109569932828996,0.00414949637059027,0.0034669131362241833,0.00387602100042152,0.0032529595754992773,0.0039041568616090478,0.006070395985590863,0.006610564315975654,0.007272298590440713,0.0058579801691093746,0.0017484102362803787
2023-05-29,-0.009214695607181377,-0.005601313711339408,-0.005421134720740369,-0.0053421769229794,-0.004427053924073861,-0.004910338889897379,-0.0034030740531244136,-0.0045718832400235,-0.0021544255314375317,0.0028455547176193963,0.012060250324800773
2023-05-30,0.0018664645751068794,0.0026595599946353373,0.001917963582290058,0.002309557200169538,0.002094887942324389,0.003665407523725738,0.004244787234897428,0.005208900569888489,0.006965136322447309,0.013333226946776312,0.011466762371669433
2023-05-31,-0.004129796730987843,-0.004543399922021454,-0.0033006964221728424,-0.001647121025184747,-0.0020743777715625704,-0.0018964826342034065,0.00017329768889744705,-0.0004236049817791617,-0.000257729181722261,-0.0012792858618770361,0.002850510869110807
2023-06-01,0.00325988331167513,0.0011637156268919817,0.0017883003693422595,0.0010105842540217317,0.00202666048571403,0.0007423373409616713,0.0013980767298139548,0.003863337712727709,0.007054691735361984,0.008077297128982086,0.004817413817306956
2023-06-02,0.013518401172380467,0.011989721572160493,0.010096091207782536,0.011451495834527918,0.01017266012967712,0.010914109948725458,0.006621261948977747,0.006158608006947055,0.0038911479462788124,-0.0029993135342501484,-0.016517714706630614
2023-06-05,0.0017363251959953245,0.0020724834562647304,0.0029610682186732165,0.003176877432245288,0.001716797215023978,0.0017636420747016688,0.0011478493121966228,0.005247304708662076,0.006546620047902595,0.012705301484619826,0.010968976288624501
2023-06-06,-0.02085941788658181,-0.020028659060013044,-0.02064040515202739,-0.02155999684416636,-0.021494881368007625,-0.02004703560889893,-0.020584493426608487,-0.019831878449932016,-0.01789400423624129,-0.019941149081151056,0.0009182688054307532
2023-06-07,0.0024478325138385035,0.0008616570132382792,0.0014583000060492892,0.0011352308009946045,0.0028703269011719325,0.0026562796650136428,0.00472537124231698,0.007152300699097938,0.009407875652513694,0.012751357005121304,0.0103035244912828
2023-06-08,-0.0068164447935981365,-0.004259671945401465,-0.003562329121084766,-0.003341966594145804,-0.0023244374474983382,-0.0009468621057386703,-0.003904491674117824,-0.006306787335742511,-0.008267417320167456,-0.011806260434907928,-0.004989815641309792
2023-06-09,0.005842756909731002,0.004043485364115885,0.002495313088202182,0.0041534687506685165,0.0037998619022397424,0.003203981033977359,0.006345825979281247,0.0075888669047331474,0.006913103539046967,0.011128541653874183,0.005285784744143181
2023-06-12,0.007491318852754621,0.007441174251396026,0.0075985568492214755,0.008245170495874157,0.007323226440466891,0.006301348447218039,0.006466391056358033,0.0059218146198007976,0.008421032017326885,0.0037647910688681967,-0.003726527783886424
2023-06-13,0.005097826005914328,0.0036754329345067625,0.0036957755651099407,0.0026833320695404082,0.003614598321244769,0.005177717537593824,0.00360757376737441,0.006170190887390871,0.006928482890215576,0.0026476236715544123,-0.0024502023343599155
2023-06-14,0.0007586527876240622,-0.00020448293849633563,0.001614159810721566,0.0011364491378466025,0.0016085861838753745,0.0012943734462785331,0.0008140033952684495,0.0016873084424055607,0.003463254010787198,-0.0019583393881263123,-0.0027169921757503744
2023-06-15,0.006508076720612199,0.0034851389163610773,0.004551043731185559,0.005589038247611697,0.0046114849418338955,0.004908353649045801,0.003909336227064504,0.0031783671208525034,0.0031977013509339068,0.0014125736686505263,-0.005095503051961672
2023-06-16,0.008522242103668452,0.006186118942717303,0.0068671613087347445,0.005671820113901282,0.005441891643286654,0.006548921966687245,0.005933525793643789,0.008186220394778157,0.009202736879129002,0.006526565836227354,-0.001995676267441098
2023-06-19,0.0005393365741775658,-0.0015944070983576256,-0.0035174222716704245,-0.004310895974923738,-0.003262823736861495,-0.0010977997525295996,-0.0007556338467256339,0.0026129775429390018,0.004454726630990768,0.00971228913620003,0.009172952562022463
2023-06-20,-0.003886215372011976,-0.004052640112202419,-0.00442201027735711,-0.005202474213884056,-0.004702207415245061,-0.0037014698023427003,-0.004652430537892096,-0.002832372813997825,-0.0007944788466353041,-0.004747840865911699,-0.0008616254938997227
2023-06-21,-0.01725015945221864,-0.012650996581341376,-0.013081128913496526,-0.01420558466363524,-0.013478750334254965,-0.012326810257260696,-0.015658852055989467,-0.016599380730318733,-0.015534226565486569,-0.024558732630493275,-0.007308573178274637
2023-06-26,-0.022775945749608045,-0.016867202948361148,-0.016502732037907995,-0.015603349643549091,-0.014197521726468355,-0.01679751873358095,-0.01650566479778709,-0.015027664576617509,-0.02027815576752898,-0.020835830188117827,0.001940115561490218
2023-06-27,0.016726855920198163,0.021832613467029083,0.019238342982528175,0.02133048359496685,0.020403837029414756,0.020029243443317177,0.020289185743699117,0.018657984371237016,0.018399321161177797,0.009539010071144313,-0.00718784584905385
2023-06-28,-0.004951689886595674,-0.0036202925244771754,-0.0015331960261362096,-0.00029418428549103035,-0.0016478488878916078,-5.0896226366321557e-05,-0.0019164196153927966,-0.0021103417931901086,-0.004591718981409466,-0.007353003330877578,-0.002401313444281904
2023-06-29,0.013487178642240534,0.00919434714175176,0.00697201963178214,0.006755189249148191,0.006455954566341689,0.00894611874086089,0.007467842664430577,0.009834413462372038,0.009634507343281713,0.014778192125900105,0.0012910134836595713
2023-06-30,0.013463953050427996,0.013689054722664278,0.012597042408999615,0.012357813042329715,0.012309639005008767,0.011115726273000576,0.012597128374250567,0.011663649008215121,0.010694510982812513,0.010085843627251932,-0.0033781094231760643
2023-07-03,0.0015155578003044523,0.0067083665150835916,0.007425934048763995,0.00827291425785493,0.006582285191457853,0.007727942931406064,0.004874312382915186,0.0018791217559729959,0.0015325443727088293,-0.004792811716441527,-0.006308369516745979
2023-07-04,0.009129190864154556,0.004148356810605026,0.006207161020830885,0.004480646067802688,0.005378037205397672,0.0046394574127753534,0.005583514898977255,0.00576847738040385,0.008323265851903737,0.010259654019819542,0.001130463155664986
2023-07-05,-0.0054539891957904475,-0.003465911973596967,-0.003517523078228076,-0.0037497805037334415,-0.005819323421692511,-0.005415340077679669,-0.005234200771897365,-0.007851617295749545,-0.010146411832145064,-0.011354042855495839,-0.005900053659705392
2023-07-06,-0.0006241186653005359,-0.0010118428214136927,-0.0021406587401704208,-0.0015900489334178772,-0.0032171051629680983,-0.0025733219435064834,-0.0024142477109464285,-0.0029676419783266506,0.002794862192370051,0.004498280047777502,0.005122398713078038
2023-07-07,-0.007156311132924396,-0.004190583207419015,-0.0017817627549522016,-0.0031196342404977684,-0.002409445327084273,-0.0030034205582095217,-0.003804045932865619,-0.005778530254572709,-0.008375870190912654,-0.01160902685239405,-0.0044527157194696534
2023-07-10,-0.00027037847948292845,0.0023535981120439034,0.00214284998188381,0.0024687281318765374,0.0013571887618360036,0.0035715656179487344,0.0010982543166980776,0.0021385025116352372,-0.001275115467730389,-0.003512027657586657,-0.0032416491781037285
2023-07-11,0.008695035084541173,0.009166247588507481,0.008855154187049439,0.009560181016836374,0.008600735137178395,0.009443710521143971,0.00870163005078084,0.007579529383045616,0.008385196734470359,0.004241145977133924,-0.004453889107407249
2023-07-12,-0.012141959942300749,-0.009976801657408652,-0.00896915127685979,-0.010251703432056782,-0.010094255609858604,-0.009372219918569086,-0.01297689064454802,-0.013833616960719018,-0.014738292084946135,-0.016428489433266684,-0.004286529490965935
2023-07-13,0.010513384100942456,0.0097926639394242,0.011194740139153706,0.009800348308891893,0.009062825728429914,0.01041818953951659,0.010568550315064464,0.011730890786046552,0.01159402282818079,0.006412419253544525,-0.004100964847397932
2023-07-14,0.001033434267036944,-0.00025240868678825943,-0.0006482945711185487,-0.0002154636990667371,0.0004506681633618039,-0.0004592912402931671,-0.0025105790268365987,-0.00021534246035829878,0.0019332792457385163,0.0007197824415326019,-0.00031365182550434204
2023-07-17,-0.0008788394742015701,-0.0003923219148455973,0.00010954002211162659,0.00013218954539719703,-0.002431287801709504,-0.0007075304230679704,-0.0014623859718804464,-0.0039867630597804045,-0.004037672545154837,-0.008878953279414167,-0.008000113805212598
2023-07-18,0.0022014599399203263,0.00259102055899031,0.003501524277965461,0.002607011394704665,0.00026464538149596685,0.0005825012125170505,-0.000915522995445454,-0.0009188729168254166,-0.001709097551175259,-0.0072280751538603815,-0.009429535093780708
2023-07-19,-0.0013458671346040147,0.0011827201568846567,8.417560075406767e-05,0.0005824574885797498,-0.0022260828313739774,-0.001298528034960956,-0.002499409111770047,-0.002826836420979151,-0.0022524654335666938,-0.0031383793037314915,-0.0017925121691274768
2023-07-20,-0.008609756202507788,-0.007694445760051802,-0.008574551197793967,-0.007716902239184277,-0.008769584269057393,-0.008729210749594854,-0.011487479060860634,-0.014521921709975358,-0.016161898136256344,-0.019154432892380165,-0.010544676689872377
2023-07-21,-0.00191844308677009,0.0019750146920882597,0.0006886094613486927,-0.0005261333441571021,-0.0007156501026942159,0.0013794914334004731,-0.002256039204379609,-0.005737393102950482,-0.009179869229781258,-0.016319160490313504,-0.014400717403543414
2023-07-24,0.0023467404785375654,0.0003978614269233114,0.0007704465247876237,-0.0006484480305669358,0.0005265971652264461,-0.0001477617902191868,-0.0004609727265595521,0.0006419704484177333,-0.001966128964274944,-0.003238750665117745,-0.0055854911436553105
2023-07-25,0.015142872211469762,0.016081626179428855,0.016432250879351774,0.017158910848948546,0.016950433307682394,0.01681984366603581,0.0154863563123563,0.019312572106090706,0.01640758942174539,0.012798113416117016,-0.002344758795352746
2023-07-26,-0.0023724391117778245,0.0005334490650708393,-0.0003362462576729202,-0.0009134857582485945,-0.0018941211807620008,-0.003235597233465632,-0.005342723318365947,-0.007287987854048198,-0.00942584082885176,-0.012792179094262484,-0.01041973998248466
2023-07-27,-0.006495476118110601,-0.004718299528610076,-0.0047787392446891975,-0.0050826176334053735,-0.004795373422509087,-0.006502905545852585,-0.006563751940425935,-0.007623184515204991,-0.009670779176469926,-0.013132190606574256,-0.006636714488463655
2023-07-28,0.007371358319119492,0.009310989049593382,0.01050276155271421,0.010343607222870366,0.009846420949991882,0.008335097725287784,0.006309786197335587,0.007825278621185545,0.005168389411120579,-0.001570584656785091,-0.008941942975904582
2023-07-31,0.005188690988766859,0.006986848162782245,0.0067177112836035585,0.008823612748415015,0.008295990974194908,0.007998883632931792,0.00806062350140556,0.007829868835101393,0.00828188367634964,0.010716409326197078,0.005527718337430218
2023-08-01,-0.0011084336825464714,-0.0015411114977329963,-0.002091538588421766,-0.0010753842731849703,-0.0015027067269388584,-0.0026166825560386495,-0.0025981564547381516,-0.0024811512026217163,-0.0029163985456397814,-0.00759115629110624,-0.006482722608559768
2023-08-02,-0.003921415397691443,-0.0027368999179010656,-0.0025011521572744556,-0.0013566196799543722,-0.0014392729808847247,-0.0009316738993824889,-0.0021437699075166653,-0.0007388100609180641,0.00047004692487478603,0.0018467731883840132,0.005768188586075456
2023-08-03,-0.0003153555720176459,-0.0004617681457170216,-0.0011249023518633008,-0.0014208449345398718,-0.00013189467072365188,-0.0014601465951608172,-0.0009125351756202663,0.0008533054531613266,-0.0015232355869102998,-0.0007578394005617163,-0.00044248382854407045
2023-08-04,-0.002077251924026944,-0.002154581975333051,-0.0017578654267389386,0.0009173052386207019,-0.00012146467384311016,0.0016658684855168113,0.0028138349008070846,0.003110282787940841,0.003293999877702334,0.0028357065063482735,0.0049129584303752175
2023-08-07,-0.009484511800720987,-0.00911276823649846,-0.007953622013872482,-0.0074375641419396,-0.00734510731355932,-0.005632915700723401,-0.0053745787195746166,-0.004262296058641036,-0.002938784837767521,-0.0006425015077273623,0.008842010292993625
2023-08-08,-0.0010255769199494472,-0.0008906781987327628,-0.0009991538231805216,-0.001550923681689105,-0.00121127835777655,-0.001746981060016176,-0.003181662545942382,-0.0023830148896726946,-0.0007594011652479978,-0.002365059736559561,-0.0013394828166101136
2023-08-09,-0.0012693636984973699,-0.00577518965902387,-0.007404948791008629,-0.007359790873660146,-0.007358404569548661,-0.0076717213361260275,-0.00873489948898263,-0.00938373523623548,-0.010713847038349822,-0.008674482313421336,-0.007405118614923966
2023-08-10,0.0030896150154528105,0.00539071959835181,0.004629198306766485,0.003743936270901314,0.003682775897240903,0.005360539898881656,0.002404875854607182,0.0018567906119410845,0.0020702006226217236,0.0025639542837368728,-0.0005256607317159377
2023-08-11,-0.011916435493557299,-0.016829317171434297,-0.015831607804132154,-0.017958199216666047,-0.016142343400915297,-0.017191606379710612,-0.016362062752322375,-0.01613888063091508,-0.01665217430372928,-0.017544358531266534,-0.005627923037709235
2023-08-14,0.0016904642707349718,0.003177180373710244,0.002470770003813699,0.0035594536430007895,0.0050585707257445635,0.004554234687321681,0.003161643781286906,0.003998465058982005,0.006108499778915846,0.00505112448926499,0.0033606602185300184
2023-08-15,-0.00560541064304579,-0.004254441821432526,-0.005369524435696852,-0.007492521994143463,-0.006997001226266581,-0.007471289962270194,-0.0065518707627101715,-0.007793752520292914,-0.007031633839117728,-0.00453970558951886,0.0010657050535269304
2023-08-16,-0.01027163001273847,-0.010377800649486561,-0.009711624625736633,-0.009029503085770996,-0.009950629773325588,-0.01005282997275619,-0.010602103796789799,-0.010886935867046327,-0.009931157757472955,-0.004478599622208335,0.005793030390530135
2023-08-17,0.010268031983183929,0.013809348963545548,0.013035008301866347,0.01436703067834208,0.012667254983787263,0.01436332095529864,0.014563719607483698,0.01278321486608718,0.013737387227780687,0.008629425486794118,-0.0016386064963898102
2023-08-18,-0.013984575259060817,-0.013232935343413332,-0.011307188263964079,-0.0102441692202096,-0.011830284681209658,-0.012271504597770001,-0.012064136056915153,-0.012569407946889256,-0.0154063765773805,-0.01952541667247406,-0.005540841413413242
2023-08-21,-0.007315047483344663,-0.00756158719682014,-0.0070201010498210335,-0.00685444046137341,-0.006742991308416523,-0.0072969080685365275,-0.009609353484791805,-0.007673833792506163,-0.005987732038485584,-0.0007941709720590043,0.006520876511285658
2023-08-22,0.005084993838392094,0.003161752204059388,0.00024515156238313505,-0.0010773542317723123,0.003259640349760063,0.001238655873049523,0.0020067638306966755,0.0032119576102983315,0.003550668417961868,0.0012439857243123698,-0.003841008114079724
2023-08-23,-0.0196103904426406,-0.018836906290623873,-0.016532488945678037,-0.015935869256136517,-0.01543422918235815,-0.016223297876276514,-0.01736880201679502,-0.016908163617712697,-0.016862875699260996,-0.019442603260537233,0.0001677871821033662
2023-08-24,0.00017160036243161483,8.470217107077151e-05,0.00021365440022301637,0.0007251525525433936,0.0014962225609912922,0.0004702621855334033,0.0015825511225185203,0.0005858705225033651,-0.002716296239813319,-0.010891576811333622,-0.011063177173765237
2023-08-25,-0.019184414129657677,-0.019402304827658305,-0.018654173365129215,-0.017107423038587692,-0.014984296202818933,-0.01670520189734926,-0.015304068178192173,-0.020665466703975895,-0.021551904946247806,-0.025399412747566186,-0.0062149986179085084
2023-08-28,0.005655839472353406,0.00880764221589817,0.009981081840614917,0.009297103075347707,0.010457470376771905,0.009294901686419397,0.008895694579160437,0.009669304771735884,0.0080648328841323,0.009770422777929763,0.004114583305576357
2023-08-29,0.046963842890176216,0.04093606482410403,0.039677415300264716,0.03487631534403711,0.031368955677586116,0.02629522685883155,0.032224515315457156,0.029840140535272376,0.03645788461166231,0.0412806760084158,-0.005683166881760418
2023-08-30,0.021127085990748216,0.015827955998002602,0.011050465521081257,0.00666489584187884,0.005560638790958564,0.0047808699080724324,0.004643617043154476,0.004828543724672761,0.002939040661155726,-0.006543213617200977,-0.027670299607949193
2023-08-31,-2.5005883594442224e-05,-0.002657218376125213,-0.00505502424468149,-0.003359439721438522,-0.004576737757322819,-0.006788945665640244,-0.005881654206216662,-0.004809705265547829,-0.007609734489105378,-0.010696049011953248,-0.010671043128358806
2023-09-01,-0.002110720408413373,-1.1997221745989423e-05,0.0021480362415653947,0.002364713883163165,0.005157797909081562,0.0035981621803198947,0.0033554751307488177,0.0031344560677230766,0.001111795128220944,-0.01041734723812574,-0.008306626829712368
2023-09-04,0.010643426661842691,0.013645696211819547,0.015626082024870803,0.01612275129502331,0.016272081154742858,0.015490804135937699,0.013112969138577513,0.011980790387205136,0.01206680412831156,0.00779304954656253,-0.0028503771152801607
2023-09-05,0.002550383159969732,-9.430021184128026e-05,-0.0018494880719214315,-0.0036529693083230275,-0.0044841535708630715,-0.005243216548644902,-0.006531913210530426,-0.005807338661290254,-0.008854432288496422,-0.013691542125178969,-0.0162419252851487
2023-09-06,0.011241238038602181,0.008091093745483845,0.006842406159392651,0.00562105681160628,0.0037134804846652375,0.0024782476824778236,0.003170655993744476,0.0022911768497986115,0.0032266961032816166,0.003244859470503533,-0.007996378568098648
2023-09-07,-0.01638742975023658,-0.018286905098570283,-0.017119054197149874,-0.017035671747391738,-0.01696905350606371,-0.015468688613841798,-0.015044785413023731,-0.015411184434022934,-0.01630160572360181,-0.021452778884779644,-0.005065349134543064
2023-09-08,0.005621908278951178,0.0039042191927869648,0.0028778115111366322,0.003228835614179874,0.0009153848040904689,0.0030413819168068233,0.0007165395218236223,0.0019523450386674016,0.0037033093205383933,0.0012510320905082767,-0.004370876188442901
2023-09-11,0.008538968096737345,0.01107553339891822,0.010576686915578488,0.011120275754451034,0.00902283444420942,0.011045286436622028,0.010022673432932191,0.010856223973024721,0.007542270261590583,0.0011133639739177603,-0.007425604122819585
2023-09-12,-0.0019687006195345785,-0.001692405429761206,-0.0007818558937255659,-0.0006397215100024974,0.0009849993269153254,-0.00028725440465122683,-0.000522300582964545,0.0009812539902618047,-0.0008505458321268215,-0.005261771680096852,-0.003293071060562274
2023-09-13,-0.015598483225511134,-0.013686662650492653,-0.012676336155542115,-0.011502170689082828,-0.01089766236130426,-0.009671793762465436,-0.011202982291886366,-0.009574378075134924,-0.011038517707794546,-0.003589565604878938,0.012008917620632196
2023-09-14,-0.012382001122865567,-0.008911216288741138,-0.007456346728779862,-0.006242409259777142,-0.00737947587873,-0.0057611661385602204,-0.0055103408750204865,-0.005530324884215149,-0.00819612411107138,-0.013138414709090386,-0.0007564135862248196
2023-09-15,-0.0011284292838799558,0.001144963932696343,0.0022797034032136995,0.003046865037853538,0.003220290125285531,0.003133917367986069,0.001635787956342987,0.003186675475130259,0.0034259885486800203,-0.00442213110976311,-0.0032937018258831544
2023-09-18,0.009260354394378707,0.009749767267650457,0.009790400547185687,0.007153212945607664,0.007591873914331942,0.0067258166845997145,0.008082137562788375,0.004412965047767083,0.0034049007052764147,0.003567671112610509,-0.005692683281768198
2023-09-19,-0.014278892970111312,-0.012238224497965317,-0.011721833852439096,-0.010192810471827867,-0.009634342416197924,-0.008240390399095021,-0.006233381567722835,-0.008537517466321807,-0.00942807208141362,-0.009902048691079218,0.004376844279032094
2023-09-20,-0.007772939338536834,-0.006656352943494442,-0.006628837486845723,-0.006889429722033444,-0.007275063595543542,-0.0064046619161670345,-0.007133026413391214,-0.006400494362001144,-0.007981088247337391,-0.007382662745170564,0.00039027659336627035
2023-09-21,-0.007308038308823155,-0.006901348759151486,-0.007590970354416155,-0.007511937719990657,-0.008836255200821345,-0.007769734123215728,-0.0077595593357233945,-0.006380882150749409,-0.006605038588401965,-0.003699112921502065,0.00360892538732109
2023-09-22,0.023050107872063717,0.0204810411680511,0.018246512891585184,0.01705885152730284,0.0177919852627065,0.015238618137313496,0.017716966120064175,0.018967897664373397,0.019276568300295963,0.020032143054625234,-0.003017964817438483
2023-09-25,-0.0038983780685858246,-0.004141876824017386,-0.0037296695626844573,-0.003813144378809455,-0.005072201807468726,-0.004167334025838529,-0.006494068122907539,-0.004447698095443222,-0.005955708919663015,-0.0033655023047464523,0.0005328757638393723
2023-09-26,-0.003617439804950891,-0.004313847541654182,-0.004669510903898494,-0.005094343049857264,-0.005452041150980713,-0.0033654439362329055,-0.0023590452768322365,-0.0028609449446981502,-0.003663611921056082,-0.005396655785869377,-0.0017792159809184856
2023-09-27,0.006036168909162382,0.006140235207038781,0.005396121646255216,0.005137412599017378,0.00494933246444427,0.005292693059750169,0.005337526099795027,0.004605413392202345,0.0031474097551493613,-0.005132161992982154,-0.011168330902144537
2023-09-28,0.010093606703138011,0.007434297083533484,0.007617657495987522,0.007900779838699908,0.007767640930045865,0.008992401285357216,0.010759882029270551,0.010124847304452764,0.010736145010775754,0.016675762548655312,0.006582155845517301
2023-10-09,-0.004934076879180179,-0.0066269745988339025,-0.006935147077622146,-0.007134628186181319,-0.007504239581056956,-0.007266352408984322,-0.005151835856910432,-0.004214284438208777,-0.00304086343344218,0.0014654225554295163,0.006399499434609695
2023-10-10,-0.0035468887836409956,-0.004486885597333429,-0.00622949853285102,-0.005688647957073212,-0.005558951161439345,-0.004696449405129753,-0.0011310199567023198,-0.0005971557415633544,2.330076288493835e-05,0.003316673528661878,0.006863562312302874
2023-10-11,0.0006036962410440604,0.001056044690074561,-0.0007154001012281744,0.002328676321217139,0.0017423520484204143,0.0004695597081193038,0.002764726750828214,0.00489860281080842,0.007841076711361807,0.005408104749164177,0.004804408508120117
2023-10-12,0.0047301117047935815,0.007419733609751058,0.008788361374163101,0.007735374596921959,0.0077129836135877,0.007814866407874304,0.005640702959669265,0.0030571463606612753,0.0007421078293955656,0.0010196324873620265,-0.003710479217431555
2023-10-13,-0.008991761363328025,-0.009341927170919825,-0.009634778261644626,-0.008465487790175388,-0.008802199693106756,-0.009160539336543327,-0.007229889039058357,-0.006231253374180819,-0.004453227706031468,0.004300565579157535,0.01329232694248556
2023-10-16,-0.007198320377818545,-0.006289643825104647,-0.005982223787936659,-0.006721096021791841,-0.005743603962027518,-0.007348384579731232,-0.006972599194266477,-0.006970463137801715,-0.0050133489419159506,-0.006335770813589445,0.0008625495642290999
2023-10-17,-0.0019287422547654024,0.0005199648209760319,0.0005257227899431142,4.2929240907192614e-05,-0.0014700008762504038,0.00013857637886398127,-0.0004751246988799968,-9.39808923097979e-06,-0.004145132687672484,-0.009379256854455481,-0.007450514599690079
2023-10-18,-0.017274248925678224,-0.017833819029037093,-0.019241719369052862,-0.018652334289610877,-0.01828572443471152,-0.017465638935559955,-0.019645977114316107,-0.018387478147215752,-0.01912359479991913,-0.016203717471989922,0.0010705314536883018
2023-10-19,-0.009082674195181006,-0.009548255933961934,-0.007874722813588544,-0.007365839985328269,-0.006707547758005651,-0.006102812500558592,-0.006511745354910252,-0.005786282640327316,-0.009257701992598967,-0.021086757990955305,-0.0120040837957743
2023-10-20,-0.007766975806639562,-0.008728922141289563,-0.006892540611978044,-0.006333267214743563,-0.007687764998462741,-0.008155117474235161,-0.008304643833443617,-0.009097721815080673,-0.009762319735136513,-0.017149212246116492,-0.00938223643947693
2023-10-23,-0.025567605428803923,-0.025610080999830705,-0.024189945793996904,-0.025855756318404702,-0.024729744742566017,-0.02533090290474678,-0.02559043389833087,-0.02730594115018907,-0.024386829332275293,-0.014452147520821986,0.011115457907981937
2023-10-24,0.02378260382173382,0.02385362697458883,0.025596273056115816,0.023192717162359502,0.024391765305256986,0.024809404311756968,0.026964278337433267,0.0249760924718445,0.026509231104980685,0.022500169227916242,-0.0012824345938175774
2023-10-25,0.015677436138722932,0.015179610665434417,0.01476980472057409,0.014221144370316898,0.012801985076697482,0.010735108582724816,0.011799322315476935,0.009859078376503213,0.010460624143878886,0.01871458069731092,0.003037144558587987
2023-10-26,0.0033974212365345063,0.002917906063612895,0.0031140594043009124,0.002319008025407914,0.002652771682973653,0.002013054597845357,0.0003761771436364018,0.0011179991070841956,0.005891885977622588,0.004993704527463361,0.0015962832909288548
2023-10-27,0.013439387591714425,0.014690277217455923,0.014263986538218209,0.0159788627868713,0.01694549260258807,0.0170815750300995,0.01713015789073476,0.0184773027677997,0.01585439702206887,0.004143981033602251,-0.009295406558112174
2023-10-30,0.01651251264172619,0.012319979127150221,0.008440725294531874,0.010957845724860093,0.010294082922784529,0.011266100623119966,0.011785447942630808,0.013509077426451205,0.01698684645926163,0.015937643929264854,-0.0005748687124613357
2023-10-31,-0.006062637082517413,-0.004047438723840233,-0.0018800763693279533,-0.0028673155961125457,-0.0029500166176187094,-0.0023819320403412735,0.00048755350666245456,-0.004217610879895336,-0.003153314570823454,-0.009742720219629181,-0.003680083137111768
2023-11-01,0.0032502534879900696,0.004895670718581657,0.004895221301212147,0.0037861420840492105,0.003536596297153387,0.002529125867439053,0.0021470582655896777,0.0005595678347787852,-0.0023790691791877976,-0.0030754169373291068,-0.006325670425319176
2023-11-02,-0.010884308382311155,-0.009895848332421731,-0.008462536302689045,-0.008455464210106272,-0.0074950631494067384,-0.008396902603102729,-0.010473206486165749,-0.01120940158090888,-0.011672400252743546,-0.015087430319151149,-0.004203121936839993
2023-11-03,0.01814097344047124,0.01569192700417629,0.011615750002981259,0.01113483720225402,0.010719989655752049,0.011057819878683183,0.01120514808383136,0.011151602942447297,0.015086475442685258,0.011881795663228778,-0.0062591777772424625
2023-11-06,0.022434248675554963,0.01648244833501878,0.01583008884306395,0.016762190131547318,0.016515565540462775,0.01718430659840215,0.018326402346548455,0.020545440961516642,0.024318272347935887,0.03225672840424286,0.009822479728687897
2023-11-07,0.0040107000048513995,0.005556753060666199,0.0026045924457973476,0.002236452448829929,0.003312034004725395,0.0026102068741486696,0.00486338996562589,0.0051009300788791324,0.006153211636007515,0.012451904042501362,0.008441204037649962
2023-11-08,0.0012187417378502347,0.0012920419674640944,0.0002762882284896523,-0.0008685564681929509,0.00016184577141709744,0.0018104932502169637,0.0021776535723525454,0.0029567524912802044,0.0033748966536932884,0.006588184432085282,0.005369442694235047
2023-11-09,-0.004101615587755066,-0.0017384234428975956,-0.003635690320354536,-0.0037611540600141786,-0.0029333734057518136,-0.0037525373599584374,-0.002878694809355535,-0.005375806747497086,-0.011141143885971393,-0.020729969902124487,-0.01662835431436942
2023-11-10,-0.0015378755887551724,0.00015357366069416672,0.0004644491719535839,-0.0003809320985655023,-0.0004110148665024013,-0.001800260360447227,-0.0025660228066713563,-0.0015867829760811765,-0.003157398421836746,-0.0025831627862177853,-0.0010452871974626129
2023-11-13,0.012722055300861467,0.01320462340587461,0.010477539970994525,0.009615354775837023,0.008476579927851956,0.009033777876932964,0.00902301113740811,0.008673836324742824,0.010225697785734546,0.010625135945284504,-0.002096919355576963
2023-11-14,0.00528647187192775,0.0037233988467660203,0.003349630847137922,0.0037869918797887557,0.004292137810834325,0.005038251586153465,0.003637108944121915,0.00574600025281259,0.006859841464859532,0.010637831992946444,0.0053513601210186945
2023-11-15,0.007894601872968175,0.005877298574260218,0.006672118914368156,0.005912152145230907,0.005323973832434821,0.004940389850089434,0.005739891110119574,0.006817874637948724,0.004550122277420096,0.005853926419613798,-0.002040675453354376
2023-11-16,-0.007971721485517305,-0.008137538931858932,-0.007448030885002432,-0.007058347990140265,-0.0071758546061046966,-0.008094772618143481,-0.007775638276658104,-0.005822593139622183,-0.00763876208437611,-0.00680579813480365,0.0011659233507136544
2023-11-17,0.010570728703168305,0.01110964064917745,0.008835274131632128,0.00751732032786797,0.007095727940360908,0.006886396490619881,0.007503431381255837,0.004648047918360347,0.005949529628150661,0.005668921270308867,-0.004901807432859438
2023-11-20,0.011327804746680815,0.010682565736458328,0.010643729497451147,0.009815963152959491,0.008942865548057802,0.008449847642363768,0.008471218194835383,0.006833056992450106,0.00845630964603389,0.011032745361171974,-0.0002950593855088404
2023-11-21,-0.0077639491547842575,-0.006917772531006199,-0.0061152251922634415,-0.005110172605424623,-0.00463576426006998,-0.003266245070022635,-0.003538652603705482,-0.003686948318855694,-0.004584433284882314,-0.009448059825075232,-0.0016841106702909746
2023-11-22,-0.011822305000884659,-0.010102815526282456,-0.008786744035886538,-0.008558779956173792,-0.008970914893897211,-0.008473168916125113,-0.009977845589185654,-0.009947665857994295,-0.011413601404740577,-0.011440956062512345,0.000381348938372314
2023-11-23,0.012047188712633855,0.011690127467683787,0.011061680471273035,0.011020364758443525,0.00962448057827527,0.00930613681267529,0.01057847127739028,0.01006909295502529,0.009289754581408967,0.0038142140936640455,-0.00823297461896981
2023-11-24,-0.013586229913432338,-0.012487317043479789,-0.010706365192181724,-0.010651671006437212,-0.009782294893339753,-0.009606392900425493,-0.011651058087501649,-0.011191666876186538,-0.013644649373888262,-0.017905195047253956,-0.004318965133821618
2023-11-27,0.006671180751117667,0.0013332645131396764,0.0015102226862947123,-0.0011772037834975957,-0.001557306548193664,-0.00040456507942127355,0.0005425356708506703,-0.0010963450119602287,0.0001547083595356012,-0.004136257326468335,-0.010807438077586003
2023-11-28,0.009966830512631418,0.010368749734014134,0.008259282025513416,0.008096443087790277,0.00857836524526076,0.008175395018555161,0.007160047871598684,0.005267221183457619,0.008240603640722047,0.005724697991757141,-0.004242132520874277
2023-11-29,-0.003077047365436939,-0.005962659691605277,-0.005614480958972656,-0.0049464294086659834,-0.004618016953871568,-0.006652616752255344,-0.005514295604001752,-0.006814140568521393,-0.005141863303957666,-0.009769748199797904,-0.006692700834360965
2023-11-30,-0.009222351757890958,-0.006074242269729536,-0.004619610199179863,-0.002996643314652412,-0.0034815313253780526,-0.005168702181212402,-0.0029269602590835026,-0.004725899725642378,-0.005898587219249239,-0.007703428598213017,0.0015189231596779412
2023-12-01,0.004907637394816132,0.0034077794567726996,0.00408761839708212,0.0038972211489101028,0.003375160317984267,0.0043837261593451925,0.008459904727745483,0.006413882562544864,0.010207874902230765,0.00874842481427254,0.003840787419456407
2023-12-04,-0.0011767480322742543,-0.000729471014321378,-0.0006840810234104004,-0.00030210314551435026,-0.00038646700587818936,-0.0008538092797265564,-0.001037210925444194,-0.0023987449616055217,0.002102330189523584,0.002897640851142102,0.0040743888834163565
2023-12-05,-0.018760741673698712,-0.017298520815399905,-0.017067830709266273,-0.017116035031860287,-0.01808739982763642,-0.017003073265932145,-0.017829642713420052,-0.019940381568486258,-0.0199679128455268,-0.0178682560530692,0.0008924856206295115
2023-12-06,0.0065799888184143295,0.006301057588978896,0.005213196976540605,0.005750350524600108,0.006078334592851951,0.003742271136777511,0.004927813177745477,0.0037781796923965594,0.005517658454683556,0.0024716230117381227,-0.004108365806676207
2023-12-07,-0.0018930908629607934,-0.003586441796760902,-0.0036052408879964186,-0.004447422003126733,-0.0024319200053335866,-0.0033385459028602675,-0.0013526656775449204,-0.0026429098596381954,-0.0019392543417691961,-0.005700993511862174,-0.0038079026489013807
2023-12-08,-0.005760703018206974,-0.008571560675455524,-0.009741950154635038,-0.00998565978006987,-0.009249216828526991,-0.00862387798594759,-0.008337142604236689,-0.006868955070191427,-0.00620094794562811,-0.014649346965815605,-0.008888643947608632
2023-12-11,0.007201259718835052,0.007250979717655542,0.008763200887206762,0.010098982412625163,0.010757230653656594,0.012057026944755632,0.011371916983068383,0.011140271587827103,0.013924995756763077,0.014251385891573798,0.0070501261727387455
2023-12-12,0.003427550875021903,0.003812204436574443,0.0038509855631303023,0.0041471400600215855,0.003311739811546702,0.0027527253774313276,0.0037335339887226847,0.003980257009731784,0.004814191939664248,0.00870436721211249,0.0052768163370905865
2023-12-13,-0.007972922787962536,-0.007912776899518801,-0.00668978040316618,-0.006578480663236993,-0.00602803383899549,-0.00317121653563429,-0.0065783365177631,-0.00590179519486527,-0.005243572632885273,-0.007824668927886925,0.00014825386007561066
2023-12-14,0.0006153596541274529,0.0006495848878123841,-0.0005320607554591429,-0.0016867556666679132,-0.00012264426436480705,-0.0017297726600443812,-0.0020174366258569774,-0.0041619678660782915,-0.0071521036570202185,-0.00955029786124783,-0.010165657515375282
2023-12-15,-0.0016967405667935207,-0.0023786813781095685,-0.003406360618273315,-0.0033916477965072263,-0.005138388710525611,-0.0061617194759281315,-0.00488381981925645,-0.004523536898786411,-0.0048341167170753655,-0.005741985718431511,-0.004045245151637991
2023-12-18,-0.014361150625631265,-0.014388443123065885,-0.01374462694070583,-0.013495936666327231,-0.013496961710364536,-0.01277374523872839,-0.014252127238365173,-0.013872015962269205,-0.01335673243104387,-0.01252598330658053,0.0018351673190507359
2023-12-19,0.0015779571875932964,0.0012225102707045935,0.0007403000112020424,0.001580744251863306,0.003069126726982738,0.0031229117649764996,0.0048539640811493465,0.00319945224802941,0.0036235807253874545,-0.001391846259992639,-0.0029698034475859354
2023-12-20,-0.007708572287906969,-0.007786598972425212,-0.0091590870189909,-0.008207069551809665,-0.008575717148932887,-0.009711818192708532,-0.011236994792362046,-0.011334051642581479,-0.012526880168664274,-0.015254118181010797,-0.007545545893103829
2023-12-21,0.011148949683534675,0.009732784710719608,0.00688820721753792,0.0072339346129581955,0.005565887254399832,0.004793572950217416,0.00555722542907861,0.006455793134464732,0.00748724672575135,0.0051218677787571235,-0.006027081904777552
2023-12-22,-0.0093907011833425,-0.00902311790876659,-0.007803151221324674,-0.00932555870845802,-0.010650933422625773,-0.01268242448057802,-0.01493943918971813,-0.016277845590885597,-0.016847661463773853,-0.02830349836662683,-0.018912797183284327
2023-12-25,-0.0054260057453323005,-0.0058654212503972195,-0.00460269539757151,-0.004534736086042733,-0.0010658572939124173,-0.0025522785664538333,-0.00028054483664283875,-0.0013409344243733344,-0.0034406554648889007,-0.0008309393750630302,0.00459506637026927
2023-12-26,-0.011662148789203814,-0.011747383382295761,-0.01125920479478535,-0.012401829610863915,-0.014122229178551098,-0.01381343788184946,-0.013986844735923988,-0.016300662368708464,-0.01655785519244221,-0.013270099468781521,-0.001607950679577707
2023-12-27,0.00649814908032665,0.00798260457406629,0.0071116269260669135,0.006487393483431866,0.00872133330130264,0.009159466995144866,0.009559001667908146,0.010439823593934998,0.006872860554870101,0.005630799030790931,-0.0008673500495357186
2023-12-28,0.017660339853244656,0.019778008537685292,0.020894206213237378,0.021439036716589817,0.021302363261821076,0.022904130449378897,0.01975960649029231,0.019552452137603274,0.017858738562632474,0.01283169135631438,-0.004828648496930276
2023-12-29,0.019431160157179363,0.01593325268288708,0.013326074550994695,0.012806448530560066,0.011396496955750787,0.014012162548016752,0.013624616019824384,0.016589271060203716,0.014749905742193752,0.015935972914203924,-0.0034951872429754387
2024-01-02,0.00515427719738256,0.0064412195665346055,0.004226766552497752,0.0019488764552292636,0.0006881955304290973,0.0015358085320230984,-0.001266275499161828,-0.0012845441625332068,-0.003372904515045031,-0.0016591300695380216,-0.006813407266920582
2024-01-03,-0.005517747929858409,-0.004801145753503845,-0.004203389713099273,-0.001998522579033245,-0.0034796669955738588,-0.002609085979937665,-0.003574603439026489,-0.004821544374503184,-0.006111179557055436,-0.006750743991671464,-0.0012329960618130548
2024-01-04,-0.0034950496576975527,-0.001958183548039866,-0.0022236905535139876,-0.001694339782303255,-0.0032311129775167147,-0.0034657067238373406,-0.0038270301934325048,-0.004466532834638981,-0.004252378179286816,-0.005280760001603695,-0.0017857103439061425
2024-01-05,-0.0169685667711109,-0.015862939910919555,-0.014855712156959876,-0.01452908924018103,-0.01328702446553695,-0.013710027212719429,-0.015097189545825075,-0.017015596213527665,-0.01963394326201756,-0.02570415283889116,-0.008735586067780257
2024-01-08,-0.02139622462317222,-0.02013770621208815,-0.020996605829444383,-0.021007084079572858,-0.019839893792935596,-0.01954689881461695,-0.019531638837414697,-0.02061804183125556,-0.017874778009897046,-0.014376091247564251,0.00702013337560797
2024-01-09,0.0035285539431119148,0.005383359089424236,0.0052750086205104185,0.004752630446264521,0.005021678766611019,0.006061340546210326,0.0070945337521803094,0.008133357721118131,0.007665030463805979,0.004377403923586144,0.0008488499804742296
2024-01-10,-0.0112706019336276,-0.008330880842842078,-0.007345973414210692,-0.006746935323353595,-0.00666085335023858,-0.005858786379812424,-0.007726831890138659,-0.008831352255416368,-0.0108047625371927,-0.015973398694763448,-0.0047027967611358475
2024-01-11,0.019744496494102794,0.017617026369158902,0.01641386722952757,0.015276643579097596,0.013341851802331713,0.014321247369441929,0.015077948431463721,0.0164391538733827,0.018969205277596497,0.019491901193417756,-0.0002525953006850372
2024-01-12,-0.010212956048000573,-0.006693621873591541,-0.006388359121127549,-0.004853634159001009,-0.0047264592882352114,-0.0038084025626739905,-0.005307790990798861,-0.008191108016412105,-0.009693106764238707,-0.015184195433299928,-0.0049712393852993555
2024-01-15,-0.004387676822672185,-0.003664482713386293,-0.0031219332383802933,-0.0025686772855601538,-0.0031727658125869493,8.326200661752843e-05,-0.0004934897944157981,-0.001426641469264336,-0.0007684806239408163,0.0006908713923631191,0.005078548215035304
2024-01-16,-0.003913084457436026,-0.004442560032489339,-0.0036640499650062146,-0.004493888063811776,-0.00370545649108035,-0.004054010360162978,-0.0038599452164993584,-0.004111017207877087,-0.0056471385545429215,-0.0063832170662166225,-0.002470132608780596
2024-01-17,-0.024975365226772964,-0.024914117847951785,-0.023749392643810454,-0.023821992471476924,-0.023219984257532446,-0.024143482949463946,-0.024696485496287703,-0.026666111886576596,-0.026519946236193595,-0.029385909741926744,-0.00441054451515378
2024-01-18,-0.008940081460830106,-0.011985072328150884,-0.009989585754435043,-0.009457055668178515,-0.008178223383287418,-0.007046195299574778,-0.005157623569178249,-0.0016970908289513711,-0.0010664389242304897,-0.005495005787922403,0.0034450756729077023
2024-01-19,-0.012736711584312655,-0.011570517755486738,-0.012005107751488879,-0.011231359750662378,-0.010940218856208446,-0.011762446223083997,-0.012189399828132299,-0.01249047002277219,-0.013335771667915,-0.020571621775192638,-0.007834910190879982
2024-01-22,-0.061866687875633916,-0.06125987241284094,-0.059342599695650575,-0.057172338867852404,-0.05598262994125866,-0.05621855199910999,-0.054766034761700506,-0.05436416873287063,-0.05911566702073104,-0.05655776732199342,0.005308920553640496
2024-01-23,-0.00623324287506398,-0.0026966478423562125,0.0015716059238367911,0.0033982739969196044,0.006045037220711893,0.006008758097079877,0.008262353729244252,0.006756163378591059,0.005621837837367346,0.0022013358028239935,0.008434578677887973
2024-01-24,0.015868566528951092,0.016267854911307708,0.01714711027555655,0.015527406026287605,0.015541963985975007,0.013765745772676754,0.013620690090154743,0.012361450019848848,0.013096565243659172,0.014767122298815168,-0.0011014442301359242
2024-01-25,0.04561735353449643,0.043282890561062125,0.04025587897048476,0.0406470992824775,0.03949189056102651,0.03674719375267594,0.03612202498815866,0.030632467783406968,0.026837968496156085,0.021049370896828918,-0.024567982637667515
2024-01-26,-0.00027103351624222036,0.00014478170068828742,-0.001483568615359958,-0.00220901758270899,-0.004454327888571256,-0.006613802648190465,-0.006277158907060175,-0.005480563402486841,-0.0049702768652231475,-0.010682920168977409,-0.010411886652735187
2024-01-29,-0.038353666993834364,-0.032444868472980004,-0.029146344847746586,-0.028485122701843238,-0.027230492853633444,-0.02836095228519299,-0.02496273578888352,-0.02643592267022472,-0.02735857967003609,-0.039312003510473564,-0.0009583365166392008
2024-01-30,-0.037917712761069935,-0.033004448715222394,-0.03294611235801645,-0.029621779734903347,-0.03145388471652651,-0.030745051628572734,-0.029301883724191284,-0.027752439543601598,-0.02803702506493211,-0.035338819801885156,0.0025788929591847795
2024-01-31,-0.0616038396305861,-0.05525724587305003,-0.0542929616403582,-0.049332182617944136,-0.04523654454902376,-0.04585953021174302,-0.04034504070959927,-0.03704385297348077,-0.036604333754253926,-0.04608934577054018,0.01551449386004592
2024-02-01,-0.02165551531825734,-0.019077619881720624,-0.015827193854588265,-0.01358080208270419,-0.012507087175933447,-0.013080109838849517,-0.009581709828752585,-0.007778530026479879,-0.00891103816521969,-0.011674651802411154,0.009980863515846186
2024-02-02,-0.056834678719053684,-0.05214696637045488,-0.05038354513025843,-0.04982743650031469,-0.044145245295867816,-0.04292228032192871,-0.03810951653047384,-0.033822742722677684,-0.028976237654464755,-0.03108954542744955,0.025745133291604133
2024-02-05,-0.12851553611088345,-0.11426070895892734,-0.1048939853188045,-0.09498252145692414,-0.08471006920140553,-0.07589403816364548,-0.0626040162811554,-0.05499532814777804,-0.05000155282214133,-0.057698632862203295,0.07081690324868016
2024-02-06,-0.007392719254132136,0.023787823617257398,0.04521080162918667,0.05556703269703378,0.05981387642836645,0.06461554223034041,0.06345623594287815,0.06486476596247134,0.054348726441789626,0.03560134916480726,0.0429940684189394
2024-02-07,-0.07794364292637983,-0.03406770830478422,-0.022530335206169757,-0.011656138948350363,-0.011145887638142466,-0.004049166627795777,0.0031317669897624177,0.00792248453351171,0.006705672104290066,0.00015676331009003902,0.07810040623646987
2024-02-08,0.1281509748035886,0.11596258032329577,0.098046172784542,0.0864988236946562,0.07672152988775663,0.06627376000761462,0.05601228089108379,0.04369280657239082,0.02787314240284494,0.013646283036873978,-0.11450469176671463
2024-02-19,0.06668793668151674,0.051292159255918415,0.04686627629391214,0.033902722853551275,0.029161547147117762,0.019113648195580774,0.01517683564942876,0.01576695642145674,0.011457141049568569,0.0204014882880524,-0.04628644839346434
2024-02-20,0.023848056717094467,0.019324646856107748,0.014484965280929372,0.011941218159504576,0.00764306672198902,0.006666995874678427,0.005555719936109279,0.005379903492922716,0.005151946396575149,0.009621791228593427,-0.01422626548850104
2024-02-21,0.03295568165731906,0.018226136497547795,0.017774484468980774,0.018089664445024467,0.017757430881104284,0.017155155958599618,0.014806369884964612,0.011754171558965028,0.00849671764706009,0.006166046001481433,-0.026789635655837626
2024-02-22,0.0450301943436351,0.03584214919480425,0.02709176999604347,0.02392616583554423,0.02230969694823792,0.019247143261588755,0.014652266046038509,0.013331923712315811,0.011581428193648923,0.012305823601112322,-0.03272437074252278
2024-02-23,0.056251095973425265,0.04294008067408603,0.033169276194967214,0.029773713488606215,0.027237210083567137,0.02397546467657636,0.019740226482669786,0.016085409778001717,0.008914855856790437,0.007421885424337797,-0.04882921054908747
2024-02-26,0.028857989724694937,0.0238984381580324,0.02127829013608576,0.01924413952815184,0.015355878124714938,0.013841180280079354,0.009924570360331036,0.008322293619199098,0.0021458088205198677,-0.0016053662232667302,-0.030463355947961665
2024-02-27,0.036273465510692784,0.036370378103972235,0.0325413490907242,0.030682177161031235,0.026801854605186384,0.026996121529237076,0.024937581309805328,0.021789681645992376,0.018487380794225093,0.016228567625680857,-0.020044897885011927
2024-02-28,-0.10058049169745634,-0.08632399726839664,-0.07698403480351386,-0.06761503957549646,-0.06217158767770731,-0.05847316183185121,-0.0527398572248319,-0.043914152622974684,-0.03290008718768554,-0.030038183024555746,0.0705423086729006
2024-02-29,0.050621666350472085,0.047899103758471284,0.042872881290172866,0.04115096897225473,0.03848219857364095,0.037728019704993856,0.03397750411511005,0.03267041501769445,0.029947154737879636,0.026775021416868897,-0.023846644933603188
2024-03-01,0.021922476213117284,0.017758344564824953,0.016248764712547863,0.012802595011519133,0.010226461420073411,0.00880827389643718,0.009519588347578219,0.006594652385774323,0.0030966679191068523,0.0015289229503929092,-0.020393553262724375
2024-03-04,0.0009736846545884753,0.0033896104974329433,0.005483984741739548,0.0026697429820796326,0.0017699338821189645,0.00034441059239146863,-0.0004904353614639227,-0.0003902958996471076,0.002252399496862464,0.0037260267067555654,0.00275234205216709
2024-03-05,-0.02394262914906042,-0.021728511420550094,-0.019639954982884095,-0.01726655353283977,-0.01739223403846861,-0.014943582884790797,-0.013679692820061951,-0.012587779852770615,-0.010991762964330713,-0.004550149319805909,0.01939247982925451
2024-03-06,0.014799666895006735,0.012336210906227356,0.011392012582382986,0.009567724172612473,0.009816592485922012,0.009574013898401186,0.009318849108920075,0.009348754512011948,0.006230206139284057,0.005581411004851632,-0.009218255890155104
2024-03-07,-0.006850598691599829,-0.009086665288667396,-0.009089585515987694,-0.010752721040176485,-0.009806223433095663,-0.009179548424635513,-0.010324540750138786,-0.0066347526876292025,-0.006384195288446192,-0.005210433861432031,0.0016401648301677977
2024-03-08,0.016141190113405767,0.012043950928515675,0.011135314835084353,0.011084966864891741,0.01033226202962181,0.009937486726915988,0.011357397416755073,0.008832977540027216,0.007922311553596803,0.009554160800458,-0.006587029312947768
2024-03-11,0.02351675561305308,0.022353553906542728,0.020785073432221905,0.022169379909321316,0.02081117720905578,0.021315486972962802,0.018723469740366722,0.015828289995587705,0.015561729543694206,0.010876382906146759,-0.012640372706906322
2024-03-12,0.023456032303561483,0.0190835788578127,0.016559544766987493,0.014835864794231922,0.013236427250206849,0.010469634453294036,0.011325788996406672,0.0063199765271336,0.00619434353959508,-0.0013291369906178407,-0.024785169294179323
2024-03-13,0.007695328227465634,0.005350361596166324,0.004558581064725084,0.001674892912750533,0.0017941152725218367,0.0021672202805217778,-0.0016043793680065946,-0.0012556232691489674,-0.002855627952926147,-0.003644188892516236,-0.01133951711998187
2024-03-14,-0.005166250089259932,-0.005312741554938297,-0.006009868781361993,-0.005590968081051887,-0.006475005629566268,-0.0044544539381379524,-0.006012195083557414,-0.004343200933266977,-0.0025174426659646644,-0.008744198512121458,-0.0035779484228615262
2024-03-15,0.019549472263720804,0.01962661244521722,0.01586366011537861,0.014958428309446636,0.013348239560903256,0.012778667220778826,0.013029251646588493,0.009962831796926593,0.00958555806065123,0.009461447790253121,-0.010088024473467683
2024-03-18,0.029394734460859735,0.02585264796478627,0.0209224133769353,0.019666676824429546,0.017946832666325067,0.017398346906463552,0.014292720702187883,0.01406855549751122,0.015517495920222377,0.022325927131329987,-0.007068807329529747
2024-03-19,0.00516528901389666,0.001968486069274861,-0.0014246899453594349,-0.0026916746359598267,-0.004128226193295234,-0.002980985915438314,-0.00609959090304816,-0.0053095517941222775,-0.006877032071398286,-0.007054865084645843,-0.012220154098542503
2024-03-20,0.01817907970654054,0.015038331537124883,0.015070773419736701,0.012035947165414562,0.010792862907284071,0.00969942760113624,0.006360209743828196,0.006588054095174413,0.007253691723380997,0.010057491645641077,-0.008121588060899462
2024-03-21,0.004156821239501655,0.00148094104025944,0.0009316951511990359,0.00020150949339193072,0.0004827915114958253,-0.0015166519569488383,-0.0019632986095179565,-0.001809748700128471,0.0016257981506664018,0.003048879012424638,-0.0011079422270770171
2024-03-22,-0.015472258269024073,-0.015872952760917484,-0.014862346749978408,-0.013928922978281185,-0.013776131449738355,-0.012430710492653478,-0.01455464428221412,-0.013370844877542334,-0.013713613876480223,-0.015131550445858517,0.0003407078231655557
2024-03-25,-0.030859882243271547,-0.02865953773709782,-0.026354741673914828,-0.024629165611891345,-0.0219314907799366,-0.021913048217481593,-0.017732025129848096,-0.016567951018832232,-0.020146007253500547,-0.034893670119835365,-0.0040337878765638185
2024-03-26,-0.0008606200612824529,-0.0014397034232992482,0.0005097625862541117,0.0007823572422921829,0.0004478278518165196,0.0007809499318013283,0.001955270709275934,0.0033694437453107087,-0.0010918145649335582,-0.003075592136256803,-0.00221497207497435
2024-03-27,-0.04098545909900407,-0.036917048825957505,-0.03455322901450039,-0.03313359870733653,-0.0316438423480054,-0.02597327350278284,-0.023233629127575213,-0.02534736273998629,-0.03352573683944693,-0.037657519904585615,0.0033279391944184555
2024-03-28,0.034484718610177614,0.02683209086430688,0.022527896884349523,0.019097662598127715,0.016422435832412277,0.014339507805445456,0.016114327521679715,0.01934671502436843,0.025694277139124297,0.036343377368294835,0.001858658758117221
2024-03-29,0.01985891648573028,0.014007204293957886,0.014397281558355245,0.012313859677697957,0.0124070932130973,0.012475331970832372,0.012550335418561244,0.011816727643994884,0.010134642811069655,0.004086555274218253,-0.01577236121151203
2024-04-01,0.028460127798529383,0.025324370267350665,0.025271024085934048,0.024096480979767236,0.01995917380410186,0.02110295302190264,0.018996447196610547,0.01979145502403263,0.020393186679587567,0.02014819342939379,-0.008311934369135594
2024-04-02,-0.00451257174920635,0.00012873182737109556,0.0009542946653094335,0.0020630813537464753,-0.0003726073113283758,-0.0007436479257407364,-0.0005146470430645306,-0.003529926552956057,-0.0048355819203126605,-0.0079941228311694,-0.0034815510819630503
2024-04-03,-0.014057401821806134,-0.008084406980258679,-0.005682008457057244,-0.002758726553459848,-0.004039428619237968,-0.002369514975822608,-0.002823405177324348,-0.006669087775704819,-0.013290349009213201,-0.020712995023755402,-0.006655593201949268
2024-04-08,-0.0343468155542571,-0.027476941875511845,-0.023761392909759118,-0.020077192642916075,-0.020015667871357806,-0.01785842640322305,-0.01948947370319496,-0.021383037275594624,-0.024844516736759935,-0.03249807776646456,0.0018487377877925426
2024-04-09,0.01915488688946218,0.018932897438392028,0.017658776579664588,0.015161233716861558,0.013513222261999296,0.013677620290461299,0.012356429657837792,0.011599556742323386,0.01442967921424078,0.013026659979073756,-0.006128226910388425
2024-04-10,-0.02706485796929269,-0.023744020487300406,-0.021335923275860667,-0.017825618060816072,-0.016419362316564146,-0.016717479109558325,-0.018400069387306435,-0.021019098511422887,-0.02309562387319752,-0.026109626109539853,0.0009552318597528357
2024-04-11,0.0003106243435952957,0.002701382873658172,0.0026679399353946994,0.0046826143626273005,0.0037923717811898083,0.003035377876972261,0.0035026367525631983,0.002406463731874843,0.0021617381972982197,-0.002255011728564565,-0.0025656360721598606
2024-04-12,-0.008387418921975181,-0.008658859558176295,-0.007555033116479091,-0.007634833113253308,-0.0062707554266515095,-0.005659310894484724,-0.004969271029962087,-0.004914437381912708,-0.008279587263635755,-0.011924039501582398,-0.003536620579607217
2024-04-15,-0.04905188831473689,-0.037372986433872275,-0.02762618536196284,-0.023275652851349436,-0.016859869828197007,-0.02137851710749705,-0.026894029657253966,-0.032261868557397225,-0.04310263224055129,-0.05753303523849847,-0.008481146923761576
2024-04-16,-0.09202342122503707,-0.07295883560296548,-0.06269563397997611,-0.056813403691142766,-0.05271094071299314,-0.05077366602003074,-0.044367217199575135,-0.054627674232606865,-0.06510680565632446,-0.07773287978042917,0.014290541444607896
2024-04-17,0.1045243944573105,0.07946079074380195,0.06878616289629773,0.05907870616148152,0.05136910712444372,0.04445247699167621,0.04217229079092764,0.04073431130084302,0.05001431170220279,0.06524022834844567,-0.03928416610886483
2024-04-18,-0.008438908379882473,-0.006675085831591295,-0.0055347495175260405,-0.002172039581658379,0.000575521800025384,0.0001835663429163743,-8.723997963494383e-05,-0.0007013640498173066,-3.815448366659667e-06,-0.002705818157173195,0.005733090222709278
2024-04-19,-0.01035954345587908,-0.00744986307473192,-0.008593483157766849,-0.009803497937101283,-0.007057142282648167,-0.007140236601024991,-0.00584196275330691,-0.003960356123821333,-0.000975846916777362,0.0016429021451888292,0.01200244560106791
2024-04-22,-0.011007503028958747,-0.00540321152712688,-0.002141534000681815,-0.0027888122517360737,0.00014636333485482144,-0.0017230278417566176,-0.0017548410721696436,-0.004182565174808038,-0.008505239176028917,-0.022782697862813617,-0.01177519483385487
2024-04-23,0.028888610895405363,0.017620995648326702,0.014082690595108378,0.007812179510649199,0.005369700429028377,0.0016826977921154545,-0.001445303226579822,-0.001239660629883791,-0.002190058248625357,-0.0017238154252522642,-0.030612426320657627
2024-04-24,0.02805113952260707,0.02450058311728887,0.019165319436577528,0.015421672145314935,0.01617076307555877,0.014147606431963618,0.015294530083939297,0.016381291466068666,0.021491892654731948,0.020258742594152057,-0.007792396928455014
2024-04-25,0.007824922373351584,0.00685810951294835,0.004911920663518693,0.0038717673080139103,0.004908275717197838,0.0006674058584327366,0.0013337321732020365,0.0033496060472785593,0.0028442900757305652,0.003878977401477775,-0.003945944971873809
2024-04-26,0.010678637032953705,0.014060678922611513,0.014525966305041365,0.01498768806064742,0.019781918111077337,0.017043982769844902,0.013505333458431936,0.014099760787937796,0.015666938587689576,0.011775421772412488,0.0010967847394587824
2024-04-29,0.037831133106731626,0.03559101429610875,0.031930293576799065,0.028980880569580623,0.028894370436209647,0.02564235552491565,0.024517589711484634,0.021332208383056984,0.02248252516640792,0.02222560041962635,-0.015605532687105277
2024-04-30,-0.005948348768952966,-0.0061990924653621765,-0.0066769054642339815,-0.00758959683331037,-0.00447191612384965,-0.004533596878989626,-0.005210608476687701,-0.006160673487160191,-0.007197978363974366,-0.012464292312799174,-0.006515943543846207
2024-05-06,0.02000999122546477,0.019660678904624328,0.02097216068530299,0.020457809947924517,0.020378015265287125,0.018941428545623744,0.021798951979911663,0.020426006207562873,0.023251706068036775,0.030065257169495083,0.010055265944030313
2024-05-07,0.011015086768481949,0.008883610174319446,0.009809828572595984,0.007880525629391481,0.00533038971225597,0.004225076421677637,0.004449552066941104,0.0028938686474214758,0.006480291440737076,0.007380616149963114,-0.003634470618518834
2024-05-08,-0.01620161595923176,-0.015875745713399815,-0.015214601171987752,-0.014148788580188563,-0.013795847747870574,-0.012769803748412963,-0.01057747833524543,-0.01015623165194947,-0.012545231238947577,-0.010070410266139465,0.006131205693092294
2024-05-09,0.014085061919114692,0.013278638815576609,0.01342195204188102,0.013237859476934052,0.015593226326643086,0.013918850216327855,0.014248361770206053,0.014179506574611247,0.016930632803239205,0.010379832632268368,-0.0037052292868463236
2024-05-10,-0.018271411453598133,-0.01614810599258716,-0.015475068031628965,-0.013246709969738243,-0.009712955523551392,-0.008189781564085452,-0.007760695355183127,-0.004418944074338993,-0.005637579735120154,-0.004075034845529772,0.01419637660806836
2024-05-13,-0.025431405348590518,-0.023070658206981464,-0.020474017059474915,-0.016694611258198704,-0.013764733750108508,-0.012713656852664333,-0.010234366596693922,-0.008146439959968589,-0.012148302609612926,-0.020038485120276783,0.005392920228313735
2024-05-14,0.01926867527286394,0.01422218020236704,0.0120889021597992,0.009840592417380448,0.0093619172351955,0.007194309211718755,0.005256180791832965,0.003407292278276942,0.005396293378294753,0.001505672864346932,-0.01776300240851701
2024-05-15,-0.0033717152382115347,-0.005984428030117816,-0.006448838071449886,-0.007289506696448931,-0.007723956132613907,-0.008131875938592279,-0.007756619791471492,-0.009762624060711942,-0.009521608801482836,-0.0038232086281879732,-0.0004514933899764386
2024-05-16,0.01703037151341407,0.008654911426121065,0.005827682723985863,0.004085875881136641,0.0019297393023692934,0.0021824998657556088,0.0003408684209352539,0.0018893005389064971,0.0012001418043301592,0.0073614278707148685,-0.009668943642699202
2024-05-17,0.017018066435152655,0.01681170122380915,0.013490922305645942,0.012896792778998585,0.012553508286641233,0.011466156265327557,0.009944255108588377,0.011412997472334372,0.011087333649163686,0.014252692372661043,-0.002765374062491612
2024-05-20,-0.00018630077296807185,0.0012972555522231478,0.0005534284910473912,0.003660394124992477,0.0047945323068129125,0.004782625330102404,0.0037452394102961534,0.005634209265808576,0.00454517771703153,0.0067075671265247674,0.006893867899492839
2024-05-21,-0.008812775972877152,-0.008883216393638366,-0.010641509849531645,-0.010990368686582371,-0.00892701875309963,-0.008188377645500023,-0.009795087666845816,-0.010322733317080241,-0.009658641579206517,-0.01308516788156301,-0.004272391908685858
2024-05-22,0.0065790520638226175,0.00634399541926538,0.004178390764252405,0.004853389303024443,0.004363080731837857,0.003837931038586967,0.0060853921520832065,0.004584474146501308,0.0038272629118995486,0.006420065056731606,-0.00015898700709101113
2024-05-23,-0.0219175936234693,-0.0199959207923223,-0.019814838143108367,-0.022039683452716972,-0.020292979538469272,-0.0204044561381933,-0.021073189318135455,-0.02110244194416006,-0.02302165623710787,-0.023910304255866044,-0.0019927106323967443
2024-05-24,-0.006520392721587552,-0.007754793110164757,-0.007711747478503537,-0.010036801916027037,-0.007979518618422414,-0.010015771259693553,-0.01017115149484719,-0.009449768722795798,-0.012564676498185804,-0.015254029379369862,-0.00873363665778231
2024-05-27,0.00605513533875628,0.007891950355888673,0.009758205412531185,0.008386331868277188,0.009338587875544598,0.007734438874412596,0.006847157034810251,0.006000406531442022,0.0051497289459385975,-0.0023737768926510388,-0.008428912231407319
2024-05-28,-0.009936306865007325,-0.009129697230032787,-0.010133566142941364,-0.009674588310695608,-0.009986447222499646,-0.010672803665117768,-0.010843346591064148,-0.010460551264948638,-0.010703056697501458,-0.01007035784058019,-0.0001340509755728657
2024-05-29,0.0032075521199541462,0.0032365463357739684,0.001526972914410735,0.001990840638581578,0.0022315948855682944,0.00299824814545343,0.003565281585701681,0.003520804795505108,0.005484788943359958,0.0010852065462310118,-0.0021223455737231344
2024-05-30,-0.003328177988853452,8.251487367808908e-05,-0.003270045896173033,-0.0038935223088173267,-0.0027670846597996506,-0.004847173970827911,-0.00540200768041512,-0.006482120164930351,-0.0108849071924019,-0.01870780080684045,-0.015379622817986997
2024-05-31,0.012902974795008147,0.009343543026888248,0.006827617168435801,0.006548809569197728,0.006857414215867066,0.006422081572581014,0.006719786950869687,0.006965145241757978,0.004513183805497751,0.004261133902093158,-0.00864184089291499
2024-06-03,-0.023742875657409054,-0.020716333682415974,-0.0159735905122057,-0.01571337016837129,-0.018928293104400515,-0.01732345916756485,-0.01641917745426187,-0.017655613550532447,-0.020098625648432948,-0.020963502512682208,0.0027793731447268467
2024-06-04,-0.022270909966651622,-0.013190291412688574,-0.005948902581241391,-0.005661078765590062,-0.002799473148348916,-0.0017369332236323862,-0.002087359636212452,-0.0040407176061272206,-0.003886717916960553,-0.00943180589947574,0.012839104067175882
2024-06-05,-0.017082293479124506,-0.01723779004732911,-0.017276391179866443,-0.01562374423436071,-0.01581170034592065,-0.016668117228835842,-0.01592899565171512,-0.017640810495955585,-0.021385056012153604,-0.029013897179437656,-0.01193160370031315
2024-06-06,-0.053967000357697914,-0.04364526638838695,-0.03689530988536377,-0.029983420271070788,-0.027136927523575563,-0.028910067627695324,-0.029087031272643935,-0.03081020771055544,-0.03364948399957608,-0.04296272563601532,0.011004274721682597
2024-06-07,0.04456694518531586,0.03324833950370896,0.023888123461948227,0.01749313595246387,0.013676304604143498,0.010095584596162038,0.008807400578443706,0.01069718009257681,0.012843335589142198,0.012315229962801084,-0.03225171522251477
2024-06-11,0.002712828981166165,0.00543941220055616,0.007414334457119038,0.008357489836099347,0.0064888801126578,0.005565977447321383,0.003964693879663297,0.006457591841711483,0.005834423541203325,0.012929225883210868,0.010216396902044704
2024-06-12,0.02669588543820652,0.020104266890170024,0.014390507072520459,0.009361570490468818,0.008632202216580362,0.00761199065283464,0.008010262678923602,0.010824208057100482,0.012005075377590263,0.013790933965780378,-0.012904951472426141
2024-06-13,-0.004929592783699808,-0.0011876478306030542,-0.0017849339460877067,-0.003573819373388228,-0.0053515187350040615,-0.003993990148504344,-0.00458685677032555,-0.0034073842673178023,-0.0030809302749310206,-0.000987004063193595,0.003942588720506213
2024-06-14,-0.0032996064395654566,-0.0025265236308888014,1.3796804620892105e-05,0.0018736540924588502,0.00196914591964268,0.0011294051912035677,0.001612060322099257,0.001703562496463784,0.0029902253101345743,0.0008002431933007202,0.004099849632866177
2024-06-17,-0.010805773626689828,-0.008231446199583946,-0.006723744119763489,-0.004817626807705532,-0.0029042141353231277,-0.00487308415221577,-0.0028916599173358414,-0.0029954183474540964,-0.0027785150827136225,-0.00022540556225199098,0.010580368064437837
2024-06-18,0.022023362781995695,0.015787065288889027,0.013635617391471759,0.012268275734799453,0.009256822011895819,0.00978549132836626,0.008442573279196886,0.010623380109143262,0.012066155754588897,0.01529076106911132,-0.006732601712884374
2024-06-19,0.0005314615837813082,-0.0047553810377299836,-0.005123475379715936,-0.007070153686642718,-0.006793621452085283,-0.007654407971037197,-0.008667775136253029,-0.007083489920905191,-0.00641321338062926,-0.007487129260942812,-0.00801859084472412
2024-06-20,-0.021995355862019582,-0.018775482961840367,-0.01919333711674459,-0.019136088673827167,-0.018182174629892533,-0.01612931994647257,-0.01699376010944588,-0.01733652995105918,-0.02263331916477749,-0.02497389316970309,-0.002978537307683507
2024-06-21,-0.0036624339462721575,-0.0005046645525129522,-0.002545919804763148,-0.0008990899784419165,0.0018954628303572067,0.00030045206324097224,0.00019100957069653854,-0.0005565932809229453,0.00044985118744728385,-0.00957213890440715,-0.005909704958134993
2024-06-24,-0.04490231517305604,-0.042995353193010996,-0.03893869606977214,-0.034519420541647285,-0.03265779263672714,-0.03288834464216468,-0.03433295547454366,-0.03326487729186528,-0.035265303416265034,-0.03777870133008861,0.007123613842967433
2024-06-25,0.0068486860696983206,0.004665233837330829,0.0018436522619023582,0.0016709288631832093,-0.001106014723182635,-0.001276092105052007,-0.0024463504029425607,-0.003795362947389756,-0.0029384209025617074,-0.0018242523504002472,-0.008672938420098569
2024-06-26,0.040727421293268964,0.03785602778056937,0.03517983292056531,0.029937825990336772,0.02723772587363655,0.02587722102621813,0.02171331277055913,0.021326766685270365,0.02474142248042397,0.02274235155480934,-0.017985069738459626
2024-06-27,-0.018698366764765557,-0.01982720010675249,-0.018829499070078665,-0.018822395932585792,-0.019271898614963485,-0.01665608544263313,-0.015239615237732346,-0.017985747515388346,-0.019405571213423588,-0.02132611004051167,-0.002627743275746112
2024-06-28,0.0023762022620065076,0.002294103164603087,0.0024420816095450165,0.0024393637296747364,0.0020705679755088384,0.002863997929493132,0.0060387332067082505,0.00895997884634563,0.009696416842608958,0.009944061437009977,0.00756785917500347
2024-07-01,0.004085013798585732,0.007272683591165766,0.008785781784749824,0.00974991448012288,0.010261574096705113,0.011031458776582077,0.010451773226216134,0.010247724820547106,0.009696057260348594,0.0022884878279919273,-0.0017965259705938043
2024-07-02,0.003323602609124069,0.00279066755008577,0.0015707225595069968,0.00035968869474192755,-0.0016108736799631531,-0.002106263339228633,0.00030756404051893323,-0.0006359977828471705,-0.0007608467023447385,-0.0020912783182083167,-0.005414880927332386
2024-07-03,-0.010400661557844419,-0.00924052855103321,-0.005676437517223381,-0.0062196643525749325,-0.006721532726507247,-0.005615432051738534,-0.0071895261348659,-0.007476205755252377,-0.010738329706345544,-0.017121216172356044,-0.006720554614511626
2024-07-04,-0.03202284980796473,-0.029619969307507703,-0.026676133971187357,-0.02676308621536729,-0.026086497781163124,-0.02376325463343932,-0.023576890356611677,-0.022638056355920144,-0.026641985306444023,-0.028778429637798107,0.0032444201701666217
2024-07-05,0.01695464314126511,0.01216026366763475,0.013904021144052987,0.010578793819911194,0.01097898294214002,0.01128154457440507,0.010388654059626473,0.010166140847812784,0.00967118880598105,0.004155820192539315,-0.012798822948725794
2024-07-08,-0.02929095794894996,-0.029102760987414655,-0.028821230053379485,-0.026702593122615026,-0.025751261062672594,-0.024365421034870563,-0.024785151721475846,-0.02456631460254251,-0.02658116864908485,-0.024842996728145425,0.004447961220804535
2024-07-09,0.013887152904871896,0.015805793960082238,0.015380509998823136,0.014314805268753159,0.015624611627352437,0.017458290607638313,0.017850933720516285,0.020195660112271446,0.02257797602802691,0.026729237007225185,0.01284208410235329
2024-07-10,-0.009720395218470543,-0.0073043127232035165,-0.005730317502537407,-0.007586701556770488,-0.0060098265070322315,-0.007881631348635232,-0.007914266950381617,-0.008333368938133568,-0.006226807730913785,-0.007111011830724841,0.0026093833877457026
2024-07-11,0.03890768606326507,0.0373870373231112,0.03584421297171026,0.03351190967193493,0.03006447147749071,0.026015036694199987,0.026078230345549035,0.02489992305080347,0.02682450372284526,0.029999679487020706,-0.008908006576244364
2024-07-12,-0.0024968126972941714,-0.0021760755817424858,-0.0012692189053999025,-0.0009000804540138126,-0.0016386100603386733,-0.0021595678262392244,-0.00026847203729020387,-0.003244835407625694,-0.0036812057840823497,-0.010665706373928014,-0.008168893676633843
2024-07-15,-0.017509726013871692,-0.01598840337573067,-0.0154271967764251,-0.014131756514830087,-0.013887474612149314,-0.01199772206040934,-0.013543848291770418,-0.012937504169494523,-0.013637464318868947,-0.018145291622495986,-0.0006355656086242945
2024-07-16,-0.002421218639380486,-0.0017471724017568682,0.0010611490221800676,-0.0001548192234124958,0.0008116807396949101,1.9746433592280905e-05,0.001399676336020512,0.0038386417671184133,0.006228474267217869,0.0027666263108454417,0.005187844950225928
2024-07-17,-0.00904296207092192,-0.007682657319723053,-0.0057377800191764465,-0.005843686364662717,-0.0072035714522909475,-0.008958413374347197,-0.011505762501826396,-0.013627646765259877,-0.016864928514073,-0.023807073848084753,-0.014764111777162834
2024-07-18,-0.00030776159917047076,0.0010702871245537688,0.0011662288964485665,0.00018569335621432194,0.0012007158216226976,0.000803681892183537,-0.0012352797682982598,-0.0019361611337265058,-0.0011887291669962874,-0.0025616382707463,-0.0022538766715758294
2024-07-19,0.004909135897082252,0.005343244567996305,0.003353680130677656,0.005496074775004928,0.00655435669189695,0.006217685850680923,0.007206169555516185,0.008900653112900113,0.009259744694699687,0.008208778696760526,0.0032996427996782743
2024-07-22,0.002722044621147731,0.0013805275295546728,0.00157863009510341,0.00184383002374746,0.0027500727457810924,0.003348163117125074,0.006288307064230227,0.007670632208957053,0.009901406699950566,0.010747342564079906,0.008025297942932174
2024-07-23,-0.023015129978753705,-0.021299925744597485,-0.021815864624900316,-0.020934299482372146,-0.02127271214132808,-0.0203814858828949,-0.02168708280921284,-0.02112552491154822,-0.019812745511029087,-0.013066034131692987,0.009949095847060718
2024-07-24,-0.016591192891502696,-0.014428454699970745,-0.014922934757213159,-0.014351841387782782,-0.013734775809532062,-0.013865577464061238,-0.015330720843274446,-0.01634637585303539,-0.0160399803746252,-0.019736605081743103,-0.003145412190240407
2024-07-25,0.006833765618728898,0.006346964215382201,0.0073277641523748355,0.006650883440953365,0.004062075558318737,0.0035383218192702875,0.004875911937174692,0.0027870310210605393,0.0032701727838584617,0.0023945150718031887,-0.00443925054692571
2024-07-26,0.015883633251033556,0.018918186996704035,0.017198222715462896,0.017019668106383536,0.017635735429028424,0.015417562156632755,0.01684910607841085,0.016954686587724074,0.015751761857393784,0.010053148898683271,-0.005830484352350285
2024-07-29,-0.0021604747619157656,-0.0005365788451469086,-0.002019345717205404,-0.0011012285312036224,-0.0010257534729019387,7.312554094554449e-05,-0.0013993408178984376,0.0006547026487575679,0.004257039939888012,0.010686673793943856,0.012847148555859621
2024-07-30,0.0052045115730877806,0.0038259044663303187,0.005116868958682274,0.004575162105084053,0.006309346780801516,0.004468907587351564,0.005261874931767396,0.004538121016387186,0.0076098384934519744,0.0057193311236303805,0.0005148195505425999
2024-07-31,0.03703045293913011,0.03537563600262197,0.03555378084947691,0.03630678438662642,0.03441087643532516,0.03378322196950342,0.03559306901744879,0.03533099553162421,0.03196919691888505,0.025696382073414747,-0.011334070865715366
2024-08-01,-0.0014381533854077658,-0.0011276895282738932,0.0002299054970607698,-0.00015999323997476089,-0.0008197469527522853,-0.0006507457840346483,-0.0004612397631918348,0.0019009774622224134,0.0016640338621310106,0.005901120041065702,0.007339273426473468
2024-08-02,-0.013490516441908068,-0.009860210293038824,-0.012308896441164011,-0.01116569484570102,-0.01139352130073096,-0.010620387626588991,-0.012691030760384005,-0.013313321631961077,-0.014219966559484775,-0.019442939418939324,-0.005952422977031255
2024-08-05,-0.023929996023232092,-0.022223380503100167,-0.021884048738621167,-0.02206531907679376,-0.022651329805389753,-0.022760743584678327,-0.024154082687403072,-0.024334004002579894,-0.03004692137825722,-0.033824362219261335,-0.009894366196029243
2024-08-06,0.020624839260271404,0.01800539974141442,0.018439378594563148,0.016991684768625264,0.01799905904834797,0.018216039767467874,0.019527192418614128,0.02105433693882145,0.021856484861811604,0.01937266055460159,-0.0012521787056698139
2024-08-07,0.0052693256667890424,0.002008490306368824,0.0010768276425111526,0.0006444027340475054,0.0009238398234892431,0.00011432598916912224,-0.00016833969047332044,0.0003116979819782973,-0.0018712983450371312,-0.00577077705511217,-0.011040102721901212
2024-08-08,-0.004119496779549924,-0.0008207964258442622,0.000534079385080653,0.0015889617871949794,0.0007684647806987823,0.000731914569747199,0.0005372949068796453,-0.003256249730720462,-0.004585371434858199,-0.01100219457657985,-0.006882697797029926
2024-08-09,-0.006158503713064553,-0.005380031557243585,-0.006448517075165977,-0.0056464249458682714,-0.005991015504305377,-0.005846355126085161,-0.006645912037129966,-0.006794671159306233,-0.008486744648187088,-0.015289173794045548,-0.009130670080980995
2024-08-12,-0.005238318209526294,-0.005702056145578043,-0.004337204369641977,-0.004557114465261747,-0.0035598893303620447,-0.005519409656804574,-0.007949650980933576,-0.007958536973701542,-0.011391507620157691,-0.012471116087133437,-0.007232797877607142
2024-08-13,0.00845720010348678,0.006917955919992625,0.0064698180316649315,0.006960253383155976,0.0068352345323503556,0.006125648553872657,0.005995393297928676,0.007733027152875653,0.009172044749557143,0.007022635843412299,-0.0014345642600744803
2024-08-14,-0.003740208163127305,-0.006800682530765437,-0.004518444958505016,-0.007442861122245667,-0.007025836594391229,-0.0068498078539726065,-0.00788660507198935,-0.0050549711610087585,-0.0034620086258922793,-0.0014033081729792343,0.002336899990148071
2024-08-15,0.007487119020549843,0.007972271158880925,0.00793724829904283,0.007853730790505532,0.007554084399001633,0.007775501575591576,0.008748401758121672,0.008461204223733886,0.009112638324452114,0.009835008758792422,0.0023478897382425796
2024-08-16,-0.005214882793908998,-0.00572392742160497,-0.0053252772793464746,-0.0031925772856486834,-0.004894120725817437,-0.003294714170336089,-0.0025898028004748613,-0.003493786275821705,-0.0036882794059032273,-0.01180141774969103,-0.0065865349557820314
2024-08-19,-0.003931326419214653,-0.0017757900939222634,-0.002091653158418289,-0.0018540839700483453,-0.002146046872133384,-0.003041280306413232,-0.003242660394681083,-0.004283574931782937,-0.005543972586972398,-0.011584169739031265,-0.007652843319816612
2024-08-20,-0.016844514366769228,-0.01680093943478389,-0.01577770636354278,-0.016819767148492544,-0.016864692786818535,-0.01721114071193403,-0.017670168947854767,-0.018760476357660177,-0.016607258567791886,-0.01801310321892169,-0.0011685888521524614
2024-08-21,-0.002031646118103678,-0.0022565198222612125,-0.0022066180300159147,-0.001839241246864404,-0.0025716517834262972,-0.0027497030289496556,-0.001661927151012436,-0.0028754336569986475,-0.004437369734507788,-0.004733541840671304,-0.002701895722567626
2024-08-22,-0.010405355749659173,-0.011779005873477117,-0.011673507757441581,-0.012006260214694087,-0.013809863379075363,-0.014868649592968408,-0.0139520177629587,-0.01627502343100385,-0.018842283726933244,-0.02448456090622098,-0.014079205156561806
2024-08-23,-0.004406193731099554,-0.004146410955146706,-0.0038809700324757687,-0.0043321301273610896,-0.0027748636122151295,-0.0018379738234571457,-0.004399347865045253,-0.004245410906950288,-0.006488786110533863,-0.0103654034791228,-0.005959209748023245
2024-08-26,0.01362539940173862,0.013184451921859424,0.012246938853208069,0.01121043902262123,0.010095109011261191,0.009003906489527123,0.008961273782398523,0.008824283866578297,0.01044161195018338,0.008665293934792664,-0.004960105466945955
2024-08-27,-0.010043161011759522,-0.01334091035294652,-0.01205002281755801,-0.012487864074876892,-0.011441199653492398,-0.014124592617563176,-0.01350861252552676,-0.015971817132975866,-0.015790368650069796,-0.017147707151930227,-0.007104546140170705
2024-08-28,0.00689200988084036,0.008182206515868531,0.006260841144612779,0.005327173437524469,0.004531892773258552,0.004904541217749832,0.005049638439007855,0.0033216666673851316,0.0038278844356532237,-0.0005541210468030094,-0.00744613092764337
2024-08-29,0.015076994213849629,0.015943540119741112,0.014819335600120692,0.012283816185754429,0.012305570755963818,0.014091812662660585,0.01611072161923556,0.01618246013739159,0.0157307755039165,0.01197926425340961,-0.0030977299604400196
2024-08-30,0.016658949261296397,0.01740532507360722,0.015817883481116676,0.016744604802191643,0.018526015375181414,0.01840659445249447,0.019066757026263238,0.01987506585922863,0.022435760240262434,0.027627263181379275,0.010968313920082878
2024-09-02,-0.018288282355720942,-0.016185578753282946,-0.014869041605924989,-0.016498118036802588,-0.018539812123156175,-0.017571946962580055,-0.01704014532172836,-0.01479479694982748,-0.015511417458643408,-0.015451237274706313,0.002837045081014629
2024-09-03,0.009828729560345792,0.01003868136009038,0.007719535683492761,0.007621658149300162,0.008538071632775575,0.00863216870756769,0.011449347628829277,0.010686710705454142,0.012915467165306302,0.0091984692020629,-0.0006302603582828917
2024-09-04,-0.004330312345583558,-0.00519203168668157,-0.005218760970979192,-0.0043915833385724315,-0.0068461762895677125,-0.005899708904507058,-0.0046162473906795915,-0.006628197890808995,-0.009572928162345149,-0.014510083805710597,-0.01017977146012704
2024-09-05,0.009030578486250532,0.010053193578865628,0.008718286025060345,0.009484748668227669,0.007843408419384376,0.008463708809861813,0.007770366877074907,0.009519324807895595,0.00975174737075864,0.010091755069496146,0.0010611765832456137
2024-09-06,-0.02103314619908992,-0.019812747679226972,-0.016925242767451408,-0.016608212106488426,-0.01630034801429756,-0.01779030336472502,-0.01782608470181973,-0.018576567133530363,-0.01820809953546235,-0.02401317790142056,-0.002980031702330639
2024-09-09,-0.00340133995982888,-0.0013384259257027032,-0.002467662093048632,-0.0018884926121659333,-0.0037482026295066655,-0.004070996611302351,-0.0029104101959338564,-0.0019967560942895134,-0.0024014497905534378,-0.0014359248516407623,0.001965415108188118
2024-09-10,0.008990352061566786,0.005830087416323054,0.0060020041777898575,0.005335955436831423,0.00426911841595321,0.004376595638552632,0.0064558430091572,0.00555448167966237,0.0064917316592841955,0.0038648060172158123,-0.005125546044350974
2024-09-11,-0.0034570364970311976,-0.004288098723002901,-0.0049758922522141254,-0.00413474088773705,-0.004446901132934599,-0.0023762112385349605,-0.0027311313454469006,-0.002428561632640326,-0.005932457869457013,-0.007751660614662309,-0.004294624117631112
2024-09-12,-0.002682271884628432,-0.001012212604001275,-0.001861263760198842,-0.0013260052914643857,-0.001998387002037474,-0.0032171216430182774,-0.002645335604943717,-0.003866241890115894,-0.0036965931532526074,-0.003691091642067183,-0.0010088197574387508
2024-09-13,-0.014268270982565688,-0.012977048364222933,-0.011994666400323992,-0.011025968922524134,-0.012799330760043581,-0.013810694812908017,-0.01366748071702373,-0.013228124847791681,-0.013779116507268,-0.01635456612407382,-0.0020862951415081335
2024-09-18,-0.006898994208592097,-0.006917053992066264,-0.005505088543938329,-0.006135356715796073,-0.006039143015113915,-0.006562595535012062,-0.003513467536732643,-0.007512787771647395,-0.00426724484357296,-0.012934018413447147,-0.0060350242048550495
2024-09-19,0.022023558307831207,0.022155975158674384,0.021675483616570297,0.022355178325896976,0.021767777995805905,0.024154273364849516,0.022217736410131028,0.02185207332450302,0.02369417659099359,0.023429006595347177,0.0014054482875159695
2024-09-20,-0.006916661943971166,-0.004425892117826458,-0.0051017648197126285,-0.00407929612785709,-0.0039574489691654915,-0.004628721115250258,-0.0023607624812459873,-0.002158113842492192,-0.0020589768668306707,-0.001519607967703142,0.005397053976268024
2024-09-23,0.0014566172327362158,0.0014761274228789756,0.0024389388727852385,0.0020390377815316142,0.0008874158544142269,0.0005490472587591452,0.002029457299303223,0.0010054722749701654,0.0014375682751691953,0.003932481607718203,0.002475864374981987
2024-09-24,0.03228896033900873,0.03543090750431445,0.03626891510244211,0.035298577329348935,0.03698213034210088,0.03933554459076521,0.037180402649789904,0.037256092339464225,0.03371256570642915,0.03034687158623694,-0.0019420887527717909
2024-09-25,0.01077540900843438,0.010803910396298196,0.011130835779700816,0.01146881246193545,0.011227988481827263,0.010782202884089005,0.012265157139532162,0.012368245025759849,0.011885246315165764,0.015879406672970026,0.005103997664535646
2024-09-26,0.03156315644883009,0.031146676629596824,0.03278156756515246,0.03423728311231791,0.03609509522809029,0.035102099014629976,0.03777949580275177,0.0364457229083065,0.03379711796412278,0.030513622020180223,-0.0010495344286498703
2024-09-27,0.04816148063919198,0.04614800289754089,0.044857670226676166,0.04696754218678221,0.04760409904619495,0.049552537373068695,0.04820394612928384,0.05116876961782882,0.05004271418457432,0.054289000636757144,0.006127519997565167
2024-09-30,0.10386984933247326,0.1021955489926403,0.10493010820520174,0.10426521923831661,0.10848022450762021,0.10688069439890127,0.11113107073517878,0.11335086441092532,0.11415182594783706,0.1279326575707413,0.024062808238268035
2024-10-08,0.047138160463954526,0.049213509057948204,0.05879829432625558,0.06248905502563565,0.07029280217149286,0.08031818244053522,0.09164156935566092,0.10608947391875136,0.11297802301912514,0.11759514703923173,0.0704569865752772
2024-10-09,-0.07115842454946103,-0.07919783066781343,-0.08270116491138252,-0.08269583844623923,-0.08856557344664451,-0.09474244774037838,-0.1019893516305978,-0.114024335944895,-0.11893553832413299,-0.13479291599618545,-0.06363449144672442
2024-10-10,0.005185120810368688,0.004712482735775321,0.009215278821949854,0.006939043903932749,0.008813257663917554,0.0027274093670438767,0.0031850645756552245,0.0038485074995427975,-0.0011578047645429035,-0.008458701892571344,-0.013643822702940032
2024-10-11,-0.02461139726321165,-0.03457825097481376,-0.03279591291148791,-0.032564960755040076,-0.03189170590150248,-0.03521892824405993,-0.043590901994407724,-0.05056140636073883,-0.052965142330558046,-0.05252451486700309,-0.027913117603791438
2024-10-14,0.02353845372392951,0.02360289427868474,0.023364416933907305,0.025403725019956105,0.027607657196225495,0.02785421560842315,0.03114752341337196,0.03754062169480072,0.038127992697357185,0.054323879215341556,0.030785425491412045
2024-10-15,-0.014598835606097944,-0.01804193700123214,-0.017176252738601464,-0.017832223256297203,-0.017675017253925132,-0.018232603788278446,-0.017612475301761396,-0.01641338947812919,-0.015104146000445576,-0.012527032581419194,0.002071803024678749
2024-10-16,0.004813017414041703,0.004148228439645326,0.0071543528283053975,0.004174369002662227,0.006482771145314466,0.005749236118429482,0.0030688682398652242,0.0005259504201203236,0.00034462336344249535,-0.0013762640313802414,-0.006189281445421945
2024-10-17,-0.008177898377111702,-0.009473517437301352,-0.009386775142065812,-0.009345665619356045,-0.010203412738298528,-0.006677500772284264,-0.003195514284788587,0.0016306458322952406,0.0008020448980711938,0.0026816209299808493,0.01085951930709255
2024-10-18,0.020787483510920274,0.02388132560890663,0.025777321549539784,0.024242709209241646,0.024644698329781105,0.0316567684922192,0.03532212774701324,0.041927415346493746,0.04774460856331965,0.05088289999620381,0.030095416485283535
2024-10-21,0.012240484240987977,0.008805521795684928,0.00974229699473086,0.010256314409521705,0.011320569780499475,0.014598368128897289,0.018049692377363716,0.023584752876457747,0.028478253819519773,0.03137763028308757,0.019137146042099595
2024-10-22,0.016753088842907868,0.013051895148227214,0.016109216252670117,0.01222515862583343,0.014849837483456498,0.01229100268042117,0.011260586471910033,0.009601937952464949,0.004741398827418232,-0.00596870847014992,-0.02272179731305779
2024-10-23,0.006483813624630367,0.005112950032215392,0.003740148866133287,0.005766874958554041,0.004211935868331608,0.005268807880604201,0.002174790968530909,0.0008963538396441501,0.00025062508692626543,-0.0050048936809876385,-0.011488707305618006
2024-10-24,0.0006069443850717949,0.00025907217712199063,-9.76422417968602e-05,-0.001580914146067695,-0.0027481053586692053,-0.003276036800144792,-0.0008229120709178516,-0.006219430042364636,-0.006748293381456398,-0.012303339082883329,-0.012910283467955124
2024-10-25,0.017246393090963392,0.019200315384794213,0.020460758088928863,0.01954283921748305,0.019671915643040223,0.022970434178452775,0.02219797690506252,0.021530144768326466,0.026853543570310084,0.024550309390695975,0.007303916299732583
2024-10-28,0.025593563628438384,0.02410548267738713,0.025106671935013012,0.024622802230178268,0.024677531518932604,0.02055433776522051,0.023712842469568906,0.02249801553894004,0.020577161799537058,0.02028504337346562,-0.005308520254972766
2024-10-29,-0.01548509241855884,-0.017530644367064932,-0.02172024179322053,-0.022172028708579074,-0.022844102465772967,-0.023309881641090865,-0.021998346913255987,-0.022064281367019,-0.0239563102155525,-0.026074474681930714,-0.010589382263371874
2024-10-30,-0.00030460330329278463,0.0003920900785544723,0.002237140037805967,-0.00028827207469981546,0.0017292193125643058,0.0009688995992094484,0.0008237931693506563,-0.0004548204090942565,0.00022115282501897812,-0.004364497607826715,-0.004059894304533931
2024-10-31,0.013469855874181872,0.012945197331633615,0.016191672901978527,0.01349279713050127,0.015618847641779135,0.015092725760582279,0.010902411711177626,0.013068888026454308,0.012341178870073329,0.013793851631999948,0.0003239957578180762
2024-11-01,-0.04201759769121763,-0.038196026141492825,-0.03441479717341639,-0.029001233429268282,-0.030680640653957085,-0.02527228573464866,-0.02503489146144028,-0.022600865057363858,-0.028872893078391727,-0.03550352465100431,0.006514073040213321
2024-11-04,0.022356983149178198,0.024325776877307068,0.022607810671153993,0.021537383203461387,0.02045719884260042,0.02248880170009996,0.021623675541596152,0.022981725407400722,0.02142736115564526,0.020367300980401896,-0.0019896821687763015
2024-11-05,0.0314004726493681,0.028454425509958962,0.026212903236139784,0.0278559841385351,0.02645627249625992,0.026692578909760085,0.02831741391818115,0.027966910667162934,0.032517023779614254,0.0360448046747687,0.004644332025400599
2024-11-06,0.007627643305019921,0.007239289254386201,0.004607182969328907,0.005423943186749294,0.0074339465250970495,0.005943855044887061,0.0052510004026922975,0.004759353792012706,0.004326403965465998,0.0017967354593624303,-0.00583090784565749
2024-11-07,0.024862169105878074,0.02732285791596449,0.024962212313595963,0.02482988427801324,0.027607050965362943,0.025959170404342133,0.02449582864598819,0.02220257946106368,0.023156294849344804,0.013603092243045234,-0.01125907686283284
2024-11-08,0.007568783853092904,0.004363005318506736,0.0015731530479134632,0.0006202201499617048,-0.0016848635264592694,-0.0011732665095139769,0.0005015062253853692,0.000441164827515652,0.005292268208777186,0.0018852919317795857,-0.005683491921313319
2024-11-11,0.03256269569531297,0.026087515101862274,0.022552712978061072,0.019660252501484923,0.019716366229693263,0.02210625738294622,0.01965168105011378,0.022058836214430527,0.025980354223788082,0.01744798834621805,-0.015114707349094921
2024-11-12,-0.00854048353691892,-0.006086480263018477,-0.006106926032456472,-0.008178219933098571,-0.005550465980593148,-0.008537521029052253,-0.009360594086637428,-0.013379879327507532,-0.014110387412717106,-0.020619573962199156,-0.012079090425280235
2024-11-13,0.004394768173843559,0.0043051686115516685,0.00315759276701426,0.0032273249397194743,0.002725325395958734,0.0005671491402372783,0.002739793515192111,0.0026590426326523462,-0.0004736995859559827,-0.004882981879960446,-0.009277750053804004
2024-11-14,-0.029975794474680146,-0.02521074169575148,-0.02642166538630126,-0.02587695756242549,-0.025931525538223116,-0.026576830169247556,-0.02909823252893376,-0.029902817171589074,-0.03577573639975113,-0.037063805781646184,-0.007088011306966038
2024-11-15,-0.02278504800250631,-0.015704061595746995,-0.013657283916157465,-0.01625003488417812,-0.017011430393901773,-0.017441388094186,-0.022386409534979997,-0.023541922193577446,-0.024842054186287932,-0.027342988889078573,-0.004557940886572263
2024-11-18,-0.02358568674335133,-0.016182748224647294,-0.015493447041306913,-0.019666275940389184,-0.019334732844150448,-0.021939496247519917,-0.021823575549867046,-0.0298659653822692,-0.033180923371866636,-0.03157583610931577,-0.007990149365964438
2024-11-19,0.03296992497987416,0.02760211551074459,0.025149988573508673,0.022523710840592865,0.02275067980768404,0.023407314482623637,0.02355513590809885,0.024512735052429728,0.02768726056537197,0.030502251866867287,-0.0024676731130068713
2024-11-20,0.02462590939743378,0.01875860668004787,0.01716187788912863,0.017554158899804762,0.01914129222589555,0.01814368003557998,0.01832433664266702,0.019866778120280617,0.022867554240592555,0.02983763169422362,0.005211722296789838
2024-11-21,0.005951120519256717,0.004471032741148531,0.00401914884457831,0.0028752818001024213,0.002974008192988406,0.002343199697323303,0.0030724801238086953,0.0009257779008626209,-0.00021186244112079684,-0.004650705486189034,-0.010601826005445751
2024-11-22,-0.03692754330333143,-0.03677408054299124,-0.03543755173152248,-0.03448575738881714,-0.03628064605976625,-0.037308395667819676,-0.03758146563422914,-0.03854367261094538,-0.03751438454202394,-0.038785485644917336,-0.0018579423415859067
2024-11-25,0.020312742149610864,0.015235046248157663,0.012732348415488145,0.012426248179380185,0.01307822403451877,0.012941319648050542,0.011896123564128688,0.011938551544392082,0.012639839472237829,0.00810755867473987,-0.012205183474870993
2024-11-26,-0.007969779288345507,-0.007470589492744408,-0.005371079722903186,-0.005373838009355481,-0.0045862253074133354,-0.005709761857743807,-0.004637828120120395,-0.006621546642137149,-0.012715522293168725,-0.023366800994162336,-0.015397021705816829
2024-11-27,0.022599225793114866,0.016800292883657628,0.01653341960826926,0.015035953135184939,0.015663853454956876,0.01637592198416087,0.015114873145861697,0.01758716477822845,0.019260677821121067,0.019862560275292457,-0.002736665517822409
2024-11-28,0.0018378086785546986,0.000899076721887136,0.0017429585452671432,-0.00041980823371015065,0.0027709960085627937,0.0016643632360670148,0.0023680133442759927,0.0039071406572883365,0.002285752005833493,-0.0017968013562307367,-0.0036346100347854353
2024-11-29,0.01895246976419617,0.014756475961856242,0.012971895876217152,0.013824028452311468,0.014424126721499606,0.013898299121662027,0.014786248139437033,0.018923179889222375,0.01637058875643642,0.011518633314796311,-0.00743383644939986
2024-12-02,0.02058869335950873,0.01819237927066703,0.016813773951301913,0.018546662028958317,0.01959179445320712,0.019884859628170187,0.023284131783635406,0.022791109624453104,0.024473244695432453,0.023641467201354637,0.003052773841845907
2024-12-03,0.003421614261646014,0.004340142690990222,0.0021906357512164183,0.0027554711378198274,0.0005050255977025359,0.0010000573550520198,-0.0007239148280283638,0.00018646037412882043,-0.00031175658473592575,0.0010824875306829724,-0.0023391267309630414
2024-12-04,-0.016229954484328755,-0.014230518819970683,-0.012317826492424818,-0.013002538186768813,-0.012223724789175305,-0.012446006491200442,-0.012974295617947298,-0.013271437814155788,-0.016164053097397775,-0.017984468836087272,-0.0017545143517585168
2024-12-05,0.017788726723117754,0.014468284587203195,0.00993320937374153,0.009318104215992377,0.010006062343683307,0.010436789203899413,0.011824796766432865,0.013977968789114486,0.015327343399955942,0.016455262977890614,-0.0013334637452271404
2024-12-06,0.00895907385963925,0.010844731224695895,0.012360791560334733,0.01099830215814282,0.010371330276046427,0.012371396399237969,0.011989841736592823,0.010382524178642376,0.008872150001862068,0.004593835670930184,-0.004365238188709066
2024-12-09,0.00033679750256584474,0.0018889195086926984,0.00014383748736820155,-0.0026862526978239133,-0.00011996407853530176,-0.0015533771038182907,-0.001103910634915918,-0.006293879947167111,-0.002856376789846471,0.0012259692583411709,0.0008891717557753261
2024-12-10,0.004007282696332676,0.005429918276281019,0.005948811964909279,0.006172347308665624,0.0059365116184791865,0.00659031348974772,0.007364406515077592,0.009991422318334525,0.009271996340289544,0.011817566283843712,0.007810283587511037
2024-12-11,0.012859042702653731,0.014334984186779396,0.014729979035378933,0.011549629307248078,0.013180757122673935,0.014590543152763353,0.014520207818992152,0.01362302513687701,0.015349520373007745,0.011609125051352654,-0.001249917651301077
2024-12-12,0.013538775922624575,0.01244490794062763,0.010234861600638079,0.010463991497672805,0.009268124797833049,0.00917910879966384,0.010651343965999316,0.00828217767902416,0.007265926002727704,0.00519428822475411,-0.008344487697870464
2024-12-13,-0.01648071588888594,-0.017432430722009663,-0.018021681797850273,-0.020452807916814232,-0.01980852252748677,-0.017408631270721432,-0.01833010784465512,-0.019122777009931598,-0.01901826721049241,-0.016754490883706806,-0.0002737749948208655
2024-12-16,-0.003915083517806643,-0.0031097312073475364,-0.0039064728829637865,-0.00293081033997999,-0.005350105552551582,-0.007076155066184643,-0.006496797686157553,-0.00890537218515684,-0.00859690557839544,-0.009643519364114327,-0.005728435846307684
2024-12-17,-0.03905634459162671,-0.029865292263549,-0.02848212697414096,-0.02443306876027696,-0.027349970643138634,-0.02968774027203821,-0.03290338778885789,-0.037979768869299046,-0.04391486022374808,-0.0523813395048809,-0.013324994913254187
2024-12-18,0.005608590509428656,0.008534186538167328,0.0056184128434233465,0.006449042115743174,0.00565801714465124,0.00594393766081344,0.0036388640019276637,0.00659255760641794,0.006796441906754892,0.010230461793047981,0.0046218712836193256
2024-12-19,0.0036317653508833756,0.002806221682855749,0.0019298064217526819,-0.000747023279163624,0.002057054254279324,0.0013353839508679316,0.0013139202913651543,-0.0010842543344000868,0.00016413726701722947,-0.006061721451676445,-0.009693486802559822
2024-12-20,0.017870567481004393,0.010995172209863818,0.008744882046981286,0.008329842743834673,0.0085863937855322,0.009957010010323307,0.010687089913104918,0.012338483528574931,0.012787496793299716,0.014950825862529193,-0.0029197416184752
2024-12-23,-0.05397444738205198,-0.03588084082841665,-0.031664459939392285,-0.030063810099220704,-0.030661381352574412,-0.03705907233075128,-0.03822846866507171,-0.04132106297517814,-0.04976432888716674,-0.05390016918856619,7.42781934857939e-05
2024-12-24,0.007546983385180626,0.0093458731588139,0.010799857532791423,0.012282606523776187,0.012254120710016345,0.012719134274915885,0.011305408819502191,0.012394847946386426,0.009615784245418282,0.011255725974820035,0.0037087425896394086
2024-12-25,-0.026453445311085105,-0.020895090416327547,-0.016473579394191605,-0.012469907234693154,-0.01367165877367305,-0.014206095903989503,-0.01781359698769281,-0.020564676384720454,-0.022602608889993894,-0.02367628076698975,0.002777164544095354
2024-12-26,0.014212802038342867,0.012198356090579305,0.009803911906009774,0.00785213103081639,0.005860252262966489,0.008370360519917812,0.010980562520573119,0.01278771777059991,0.017338999568990522,0.02500640151676736,0.010793599478424492
2024-12-27,0.013466561589200853,0.011682433524468686,0.010358476028386653,0.007434223782092031,0.009030115821943074,0.006001430998737923,0.005721545317558666,0.005802371734856409,0.0034635350879166473,-0.0012330464644477006,-0.014699608053648554
2024-12-30,-0.013273801501939287,-0.011043898241562836,-0.00686632683871638,-0.004729131642325459,-0.005510629216292638,-0.007569392212143959,-0.006770944413243383,-0.009410647743835538,-0.014206006071258971,-0.016757738068104707,-0.00348393656616542
2024-12-31,-0.023654777180644137,-0.0230184612137983,-0.021813899130875294,-0.020546011867369287,-0.02271259352700394,-0.023751320841264797,-0.024293960140874742,-0.027608641947022183,-0.029172465011454766,-0.03446188792306289,-0.01080711074241875
2025-01-02,-0.018092773608473733,-0.02091328390840686,-0.022348661172325476,-0.023083571252581623,-0.02261755373046399,-0.023421371591457803,-0.02128836261063633,-0.019751175697411937,-0.01386000850752463,-0.0021278999329223734,0.01596487367555136
2025-01-03,-0.04221751181206647,-0.03467252239738199,-0.030740350868964178,-0.024507489464474567,-0.02927515105054005,-0.03064139255849071,-0.03437180618861574,-0.03896927596263897,-0.04723107979269747,-0.05356540760411902,-0.011347895792052552
2025-01-06,-0.004706289496749461,-0.0002239253532114631,0.0011136281906702458,0.002923272268079028,0.0011926744560353906,-0.0012315145645428395,-0.0022245855408891055,-0.006158432255550383,-0.00781196929310545,-0.018396658068045524,-0.013690368571296064
2025-01-07,0.03648522275540887,0.02584464298978384,0.016779014018785537,0.015177639061015233,0.011754352282827488,0.013918719480156584,0.015477198960973552,0.02256095072863117,0.02793214490447013,0.037149208599906794,0.0006639858444979219
2025-01-08,-0.00495076935739463,-0.0025798500571384397,-0.0044613824613523,-0.006222771747698522,-0.004744579305776326,-0.004437591162777603,-0.002787107518490628,0.0009683549475142932,0.0025245587810374783,0.008991094750159887,0.013941864107554517
2025-01-09,0.004882192928581697,0.0031355291142347494,0.0033347846768733815,0.001961753164436484,0.000885027939034261,0.0019320755183228474,0.0006932517656187685,0.0035540601173333873,0.003488942940648387,0.003209637288146075,-0.0016725556404356221
2025-01-10,-0.028947215684628276,-0.022837107709141106,-0.023000156450252655,-0.022806462118035498,-0.020551412564429102,-0.023906855514454234,-0.023288170133219186,-0.024783639826458592,-0.031680900705660694,-0.04553381653395189,-0.01658660084932361
2025-01-13,0.0067064780037220315,0.006950119405396783,0.005748423589492145,0.005431709020659335,0.005771532748668906,0.004014459643135633,0.0014371312300102566,0.0015514804250056958,-0.0021704628811545115,-0.007728924519576814,-0.014435402523298845
2025-01-14,0.04951256056177285,0.04546941933148513,0.04287175018163614,0.041589528332018046,0.039679077905182714,0.03862635915367282,0.041759125745478735,0.04614987612673008,0.05090800051217716,0.059531997307218365,0.010019436745445517
2025-01-15,-0.005623633970303993,-0.005004055120645379,-0.0043293480840054755,-0.004893649149691098,-0.004215347877588628,-0.004216463883675867,-0.004168673584541327,-0.006401836811643877,-0.004811108538903631,-0.0049944350695001905,0.0006291989008038023
2025-01-16,0.008044313465228646,0.00412910839041471,0.0049893522091014305,0.004889210458399822,0.0053407706301323585,0.005555198411551493,0.005281274282507291,0.005384085974627856,0.00778284450749425,0.006740444707218739,-0.0013038687580099071
2025-01-17,0.001952132399923216,0.0013418665902795533,0.003864075495584183,0.0015213692523444052,0.0013708691909187346,0.002676193206474308,0.004731476755106507,0.0029844691782638898,-0.0006090242681895113,-0.005345103824717908,-0.007297236224641124
2025-01-20,0.012282441451247607,0.010733959431709825,0.009611763062189959,0.007342536577519999,0.008470105973603842,0.007311300898418287,0.009367145029525636,0.006200057265550345,0.007709849512373988,0.01562277634045521,0.0033403348892076037
2025-01-21,-0.0029467166692106377,-0.0013560502605298361,-0.001952827663013442,-0.0019213347210785118,-0.003817176796815277,-0.002063250199263505,-0.0009741188399414316,0.0007189685633603314,0.0017855691793031425,0.002784573586353424,0.005731290255564061
2025-01-22,-0.008993124469353126,-0.0102293047327022,-0.010102622053870695,-0.009171410671936598,-0.009602960247033387,-0.009709376305954627,-0.01036020996721964,-0.007950331659143491,-0.010078272327101989,-0.015997368418155453,-0.007004243948802327
2025-01-23,-0.0008446933843036615,0.00016265306201308032,-0.000987612344863488,-0.0007379946942634337,0.001149265628184657,0.000973188216933225,0.00023677991553316404,-0.0030924330828318108,-0.003535494251627776,-0.008217806229468714,-0.007373112845165053
2025-01-24,0.011774927293080564,0.01359504549969716,0.011948813388008859,0.013138813087766816,0.011542522189538206,0.012031300895143754,0.011077532809105239,0.010832046969002765,0.012338936238191734,0.010665591117309196,-0.0011093361757713686
2025-01-27,-0.011306762033602705,-0.00914171862861161,-0.007000863284844319,-0.009287085486389346,-0.007238570015201564,-0.005773176128242527,-0.007124052879209725,-0.0066452459300754985,-0.012605224423108019,-0.023591615405244022,-0.012284853371641317
2025-02-05,0.013510219940104175,0.01441802632557277,0.012296691509397273,0.010514595098015377,0.009071552106467052,0.00643365619723533,0.005475256635228243,0.006077895434660538,0.011455309199916426,0.013853791540946495,0.00034357160084231946
2025-02-06,0.02357340107310322,0.022667281735831393,0.02332116367067133,0.022842813056826214,0.022424996531351483,0.01735921532614878,0.017930215901574852,0.018367824898292747,0.023377097422593942,0.026396384438834977,0.0028229833657317585
2025-02-07,0.008841521086489878,0.012283840068131735,0.009462630014856461,0.013092484933439993,0.012059022377095446,0.012047611317271684,0.01349896842155834,0.013815270012573435,0.015252746946657486,0.014603564779596907,0.00576204369310703
2025-02-10,0.021104783099844766,0.0171453577138842,0.017376498624335292,0.01596384465642904,0.013590338309070124,0.011810568614689817,0.013543577437895082,0.014748988579027542,0.01967259606859696,0.02564590558904871,0.004541122489203943
2025-02-11,-0.0017910024359114008,-0.002569772824703295,-0.0039486022978016955,-0.003073104025553984,-0.002452968704151689,-0.004083052867669457,-0.0037839308880850226,-0.003502436364470719,-0.006511734792787912,-0.004189413135930595,-0.0023984107000191946
2025-02-12,0.00876406520804844,0.008012319584399585,0.007907741107257501,0.009782274864683992,0.007411002904469354,0.008501264346212258,0.007403598933916634,0.01005534176280959,0.01349082292838819,0.01808458564427422,0.009320520436225782
2025-02-13,-0.016418093170087793,-0.012876836016075761,-0.011726900641409806,-0.008710715145706852,-0.005539171703042472,-0.005683469718682294,-0.008207552257409816,-0.010165293902968671,-0.010376713959409572,-0.010730018827131635,0.005688074342956158
2025-02-14,-0.0005175442803193345,0.0010385449506915838,0.0006351638878577086,0.0016799185160333305,0.002140468361084386,0.005335729035603334,0.0028582916091137215,0.0015591098589998599,0.005661355555231925,0.007018572374356857,0.0075361166546761916
2025-02-17,0.023587624625444316,0.015668167348066822,0.011195824337327357,0.009905553281907904,0.00828189686292723,0.006892616899518009,0.008717339174718971,0.008215624456100842,0.012774126657399024,0.012855763807108457,-0.010731860818335858
2025-02-18,-0.024731458709325266,-0.021979870860544336,-0.019442105979682912,-0.020091565497674213,-0.019538576629632074,-0.019323878387883624,-0.02089555226175973,-0.023865594631485645,-0.02791346882936021,-0.03817415227559337,-0.013442693566268104
2025-02-19,0.024357741706467755,0.019690122093805676,0.015665762672110835,0.015829542960960043,0.01720337228598396,0.017064366139509884,0.021338103695622633,0.02325164032471195,0.025834924882214193,0.03294718453791103,0.008589442831443278
2025-02-20,0.013847517318899955,0.008733847167414882,0.007652929228928017,0.007930852001764362,0.00898628565068067,0.009475009570820278,0.00855060946354821,0.009526625076419624,0.009524345418458355,0.004138614084606188,-0.009708903234293766
2025-02-21,0.006075266647157948,0.004175742421874264,0.004480700333104314,0.004319471541800263,0.0047450793210108725,0.006827110206499129,0.00909350922231018,0.00976616286626332,0.014970910765426209,0.021175181892787928,0.01509991524562998
2025-02-24,0.007626603835768768,0.005957129971577855,0.0067692038409266925,0.005898178465517212,0.004941442355253709,0.0017889772563067239,0.003228958120578491,0.0022351572717205447,0.0020338755291500303,-0.009366594925460565,-0.01699319876122933
2025-02-25,-0.0016935504057493203,-0.005090016665587612,-0.005182330574438749,-0.0047626084677865055,-0.005437349614642209,-0.003990154790180713,-0.003684698990907103,-0.002564378225538279,-0.003963204409186395,-0.003234473368171715,-0.001540922962422395
2025-02-26,0.014082984311675085,0.013322915070869199,0.014260454532991807,0.014669307436318795,0.013451714782301305,0.014870928109044307,0.013934323335592401,0.012957150918973166,0.014167447717587545,0.014285017498628112,0.00020203318695302674
2025-02-27,-0.003922087774426913,-0.000573559632074955,0.0012629264614210647,0.0018794862696686122,0.0013418316417997361,0.002117237681877308,-0.000612355755908042,-0.0012298077416775875,-0.0043432969894710675,-0.00948108889089022,-0.005559001116463307
2025-02-28,-0.03492162870207043,-0.02684136010964526,-0.02396563904335234,-0.024540104672369296,-0.022551007083254082,-0.027442443675721767,-0.03038845942203413,-0.032983236271635796,-0.03781281821228327,-0.05071189562405731,-0.01579026692198688
2025-03-03,0.006233080622615347,0.006604336199930904,0.00598723743198799,0.005953218765942866,0.005512848479145297,0.006459857512954736,0.00665561292266518,0.005270176465635457,0.0038407888310016403,-0.002879007523402781,-0.009112088146018127
2025-03-04,0.019330560855025727,0.01366050622807979,0.011790052474630061,0.01020142997718231,0.01146323660172087,0.012566534419853496,0.01197598280940548,0.011516587372915246,0.013375707542031897,0.012197821676446419,-0.007132739178579308
2025-03-05,0.005518674593249953,-0.0009406553089827621,-0.0021009904487129484,-0.0007626792685750383,-0.00053663445377409,-0.0001936351562102168,0.0013763791198524592,0.003161109706136807,0.004946318476007424,0.011491868623986903,0.00597319403073695
2025-03-06,0.019506538719897774,0.01366876536999858,0.011799343568549033,0.013626136152571005,0.014619808843537172,0.01510119765876541,0.016711928106033096,0.01677451529100229,0.021458078591728328,0.027399402345845092,0.007892863625947318
2025-03-07,-0.0060765305176600365,-0.0031986028265583583,-0.003748955047064804,-0.0040456201228055485,-0.002183931993543304,-0.00521337293263179,-0.0038126221334480025,-0.004783790667867603,-0.0050262031244870525,-0.009703020787123746,-0.0036264902694637096
2025-03-10,0.00656088298426131,0.006865068151306166,0.007160450617297092,0.0051140988281364146,0.005767540529473248,0.006331486372260088,0.00629401633336633,0.004199399327797581,0.005452263346858683,0.0025301204964505017,-0.0040307624878108085
2025-03-11,0.004431295652647859,0.005588143959062546,0.00567705725168755,0.00560082023223258,0.0035476211622433077,0.003174357224696951,0.004732575146038402,0.004542489009297126,0.004539537125903041,0.001177246108863592,-0.0032540495437842674
2025-03-12,0.005628735347464208,0.003651244116718389,0.004343419088051021,0.0029261368545522065,0.0033602028571668493,0.002966497259406896,0.004247410028664681,0.003955117708090025,0.00356233789048669,0.007735988483658249,0.002107253136194041
2025-03-13,-0.011390323629805677,-0.004887762864686672,-0.005697746424139342,-0.007307563893757851,-0.009736566265718994,-0.010869063893607641,-0.012104628445069064,-0.012466915751776164,-0.016843337716414337,-0.02055999995799854,-0.009169676328192863
2025-03-14,0.01674296126269222,0.01894380501903121,0.018707608995661214,0.01737461599780163,0.017396300807814128,0.016101655347388825,0.018427301720574572,0.0165097113911676,0.017163098440156732,0.011289187592404446,-0.0054537736702877735
2025-03-17,0.007042949984690765,0.006358912605519618,0.005367946330484999,0.0062052108767715955,0.004681014372925315,0.006142298244057435,0.004902571696301166,0.005003010412580635,0.004825875944100795,0.004353598629768007,-0.0026893513549227583
2025-03-18,0.007460745512139218,0.006808408839864107,0.004877969580298154,0.005350577972251403,0.004456621222738112,0.00431015669643043,0.004118409802946574,0.004336166833698524,0.005372947311161276,0.004728877348966542,-0.002731868163172676
2025-03-19,-0.004735042123289019,-0.003209658438639503,-0.0027605153920690012,-0.0033534718068061586,-0.004264008925698987,-0.0032425379513683437,-0.004402362365647868,-0.005671756743549774,-0.008390412612953356,-0.008075164955133407,-0.0033401228318443886
2025-03-20,-0.00023336392239533627,0.0007699858127698507,0.0012049164858039577,0.0007397537507833132,-0.0002601063694682759,-0.0020427099853706798,-0.00045280020421279506,-0.00145042239388707,-0.004603825992561513,-0.003900699503744976,-0.0036673355813496397
2025-03-21,-0.01925642563389073,-0.012832080554285478,-0.010396810513926475,-0.011629587174372456,-0.014222742441052583,-0.015008383403136292,-0.016406447880312158,-0.01798352827749372,-0.018520842070746564,-0.027228629905121652,-0.007972204271230923
2025-03-24,-0.024481299797474612,-0.017191031213927396,-0.013239748980822356,-0.009042113611628677,-0.01186684074243644,-0.014388339737477374,-0.010322146565153527,-0.01651743554657406,-0.01706188495677285,-0.022757724598617357,0.001723575198857255
2025-03-25,-0.0051340005771815175,-0.002169692217571478,0.0009786571614112884,0.0004499678659831484,-0.0004834865302547666,0.0007479913184006676,-0.0014718740218815736,-0.004650957594020061,-0.007468131214414566,-0.01486021271367989,-0.009726212136498373
2025-03-26,0.017976850270591264,0.015362499598131064,0.010004685619046872,0.0074509129008895995,0.006678075620012708,0.006409651912447719,0.007976630936756221,0.006879600537718894,0.009118804812249005,0.01219276341913383,-0.005784086851457433
2025-03-27,-0.005625168743802507,-0.0022256256228736842,-0.0011719098758545931,-0.0018323130510599485,-0.0011532281665507938,-0.0018767017902805876,-0.0008169190056189468,-0.004197899483954669,-0.0055994942481552516,-0.020284340891185523,-0.014659172147383015
2025-03-28,-0.015957139972976448,-0.013466765997177927,-0.010883298810684946,-0.01093442365530474,-0.011086949141628173,-0.011376188461429683,-0.011792905634360643,-0.012254636544214364,-0.012064415186017597,-0.02061884820942423,-0.004661708236447782
2025-03-31,-0.009344597897434071,-0.011593819068030073,-0.010503990379082402,-0.009077949295459967,-0.011183628222706014,-0.009936455228875585,-0.009962574003096898,-0.011036555280247487,-0.011457655029042904,-0.011410890861116511,-0.0020662929636824402
2025-04-01,0.015906871654705283,0.014228919408802363,0.011829231401456784,0.010364859609663279,0.011419877358721384,0.010929595708701223,0.009772721158797945,0.009886815047867387,0.0074805528845347715,0.01205175979356803,-0.003855111861137253
2025-04-02,0.0024996900539701974,0.0033878880002739895,0.0016087884405589516,0.002006704356794728,0.001728285813350819,0.003374626386979427,0.0037814535113720356,0.0026431315815117137,0.0036288982289340525,-0.000913766699492185,-0.0034134567534623824
2025-04-03,-0.0035147003109637677,-0.003498106641329918,-0.004713424611098315,-0.004790982544736127,-0.005615017119069083,-0.007046702949284594,-0.007577207242724144,-0.009032315346662455,-0.009847700428827683,-0.011429774960537518,-0.00791507464957375
2025-04-07,-0.1264362058275299,-0.11552800242171252,-0.10995995480664957,-0.10951904423711695,-0.1166710013938195,-0.11612246839355092,-0.12018036982036004,-0.12247061555702927,-0.12406715066132716,-0.13092875676110755,-0.004492550933577644
2025-04-08,0.04017455974857716,0.036247247764999026,0.032899558283450994,0.0351902785650602,0.03594959475963645,0.03155348456459284,0.031565068503984405,0.032038931083638165,0.04010681756547337,0.04578248990311555,0.005607930154538393
2025-04-09,0.031957409046954155,0.031855433003880974,0.02691964949063872,0.02425741014196301,0.024620211888515584,0.02303189331104723,0.022855956296810347,0.024316441827858658,0.02491593847533104,0.017163018668176388,-0.014794390378777767
2025-04-10,0.031436869242331175,0.031602026436079234,0.030377472704681593,0.03207203290706519,0.02465400467458541,0.024131121516896163,0.024677910889902743,0.0235798216312404,0.022882923293762528,0.025484860534172017,-0.005952008708159158
2025-04-11,0.014257031363498464,0.01587767961040494,0.014018863523083062,0.01058953519562797,0.010818547050153487,0.006346393896231433,0.008925532136948834,0.00688443501078254,0.006026702239653974,-0.006079354290543116,-0.02033638565404158
2025-04-14,0.01820152429896074,0.017499899627682503,0.01857989100452734,0.01924169981942654,0.017288866086344737,0.017500327656983044,0.014339682751017619,0.01619547202377275,0.018842171780233674,0.02378793452000432,0.005586410221043583
2025-04-15,0.002255607479449566,0.0006264514701369838,0.002771739854512759,0.0002635057701277716,-0.00032117301691739377,-0.00030871102169616915,0.0004721856662146359,0.0011036932205973815,0.0012585898111565404,-0.004746538178169766,-0.007002145657619332
2025-04-16,-0.017688368066161787,-0.017742474326556276,-0.01695325997974976,-0.015411833477546773,-0.013299665716687633,-0.012581645048050313,-0.010839334148221195,-0.009602085837483648,-0.011365712832568117,-0.017014470736174583,0.0006738973299872039
2025-04-17,0.00680136528073776,0.005958101892502418,0.007845657102955175,0.006915581016990315,0.006547761331566145,0.004056011909614432,0.004590482274626125,0.003866593908436203,0.0067008981658181616,0.0038233182137091346,-0.002978047067028625
2025-04-18,-5.746835123334598e-05,0.0010244185321208483,0.002537586957680947,8.894747464789702e-05,0.0004378545995583304,0.001956862974158638,-0.0004918387064083987,-0.0009716465463988725,-0.004443533043164826,-0.017241705672179,-0.017184237320945654
2025-04-21,0.02250682627199655,0.02350355220616166,0.019412168018879038,0.018628852362473167,0.01639951562884924,0.014323000607149153,0.013516254185828292,0.01315235576915181,0.017099025146553606,0.018382512584572238,-0.004124313687424313
2025-04-22,0.0021256394611870043,-0.0018374461651702381,2.7180600479710898e-05,0.0006718627932055795,0.0025690053248921636,0.002826807438872008,0.0013444343826115668,0.0023985343396053845,0.0021721340023385088,0.0019418043273561386,-0.0001838351338308657
2025-04-23,0.01692512892930628,0.01619037187507471,0.01336576204433643,0.011443525185215998,0.008632737656794346,0.00566114147905611,0.00444392910833689,0.001983045940272327,-0.0006134841049687623,-0.0063057208788731035,-0.023230849808179382
2025-04-24,-0.01427348520731853,-0.013395904628963494,-0.011945598686416353,-0.010179924478002353,-0.005973015276037982,-0.005110578267712957,-0.003768179589185621,-0.0035628860658077142,-0.0008670964275786369,-0.008437875847579757,0.005835609359738772
2025-04-25,0.0022540879356672937,0.0017688516411296833,0.0030184897424449355,0.005429936057116327,0.0046220083928985856,0.004772656135077683,0.002782304410477306,0.0031631764770750394,0.0003190415397015141,-0.003877881286996871,-0.006131969222664164
2025-04-28,-0.009109251723924,-0.008231943740565462,-0.013130306796639332,-0.011894465771807614,-0.014911672460980864,-0.012821223436255632,-0.009773151638350921,-0.01017095041035712,-0.012968325554490494,-0.021206328608233113,-0.012097076884309114
2025-04-29,0.015437001263096632,0.016907060548473254,0.01241715660143931,0.00972646286158397,0.010379866527199575,0.006762948067496537,0.005953902255914515,0.005422218397312483,0.00406064869882652,0.000451841479087378,-0.014985159784009255
2025-04-30,0.018036528191873118,0.01751678947169942,0.016177839782763662,0.015085709770552997,0.008337997672533556,0.00668223422459026,0.003931123316265921,0.0018285787608037219,0.002905132232857076,-0.0003963525602230153,-0.018432880752096134
2025-05-06,0.0344318377474627,0.032913905125457714,0.031057970489704965,0.02759063021824308,0.025718658593771905,0.02324926971150359,0.021838858055788182,0.02325673124978469,0.021735119499192483,0.029426856168981205,-0.0050049815784814974
2025-05-07,0.0054271222110374336,0.005534280861927295,0.004960790510521406,0.006828055099896264,0.0066321226344296415,0.0058119013479939,0.005558572794778323,0.006086649081911925,0.008390821889141612,0.01086328683478353,0.005436164623746097
2025-05-08,0.01841217132650983,0.01471933578522077,0.015845534906131397,0.012550403270360718,0.010995171164907112,0.00784085243115994,0.007260130855933365,0.00716753411092383,0.005912707375044374,0.005197993499418266,-0.013214177827091566
2025-05-09,-0.013093823346458798,-0.013574230698451996,-0.010722903592473075,-0.01223289920999096,-0.010164669912668945,-0.009302922742662884,-0.006421595403909828,-0.006392310045716205,-0.009833747214581917,-0.014805094371651657,-0.0017112710251928585
2025-05-12,0.014017645245415176,0.014134545340670228,0.0146580317512119,0.015339240407642615,0.012252121648307104,0.010541747438015888,0.012581047641663009,0.011396020770479432,0.013785195841930161,0.013400372441119489,-0.0006172728042956876
2025-05-13,-0.0021750134957002256,-0.002130176897637609,-0.0027328876710979574,0.000526389607715468,-0.0005340968022702541,-0.00067409301770662,-0.0025733349574858324,-0.001100609768537931,-0.004456319281164819,-0.00046582216514034277,0.001709191330559883
2025-05-14,-0.001540365225029762,-0.0017567441315662834,-0.00023636827995348437,0.0006575271565937867,0.002329195243744398,0.0019941444147592246,0.0011872032685920297,0.0017624044694028909,0.002942017178323533,0.003045239254036046,0.004585604479065808
2025-05-15,-0.005083123076683101,-0.004969262210584217,-0.00863515258608925,-0.011133780079748842,-0.008861696375844053,-0.010925132698152833,-0.010839158131975852,-0.01063939261110553,-0.010689625335034368,-0.009871306205625055,-0.004788183128941954
2025-05-16,0.006577286721232194,0.007071205757865675,0.005288860800770089,0.004549968636049695,0.0030425155330729213,0.003466233304735263,0.0044476402637597685,0.0046085414428504575,0.006864413400294485,0.005072943069299299,-0.0015043436519328948
2025-05-19,0.013527144684264143,0.011077631696161942,0.008155477799070672,0.008034290877789983,0.006728591366614715,0.00750866704834907,0.006907411798288873,0.008983363099227315,0.00559566119448332,0.009665009154019438,-0.003862135530244705
2025-05-20,0.011659186046917215,0.010080821149955371,0.00914531960158905,0.010636766910699536,0.008853607772323656,0.00925747967835635,0.008712157102488094,0.010659393468281498,0.007480126622576121,0.005653492363200614,-0.006005693683716601
2025-05-21,-0.0023818283719774704,-0.0038249646087936736,-0.0038778429709027747,-0.003618212051081735,-0.0037029714234093963,-0.0030752350780629528,-0.00405384262506834,-0.0038350860889603336,-0.006756143180105943,-0.008579301599005301,-0.006197473227027831
2025-05-22,-0.01251207549393624,-0.01156047718148289,-0.01073143658245966,-0.010792600838775467,-0.008636737338429745,-0.01145114214626077,-0.010928469801459964,-0.011454548515467615,-0.011716712800274491,-0.01771732226736567,-0.005205246773429428
2025-05-23,-0.008971252781246244,-0.007759902540915031,-0.009101247309234022,-0.010019780270971206,-0.01147754042244345,-0.010259639275678484,-0.009722115514284672,-0.009840570820121325,-0.012522184641948462,-0.010458748501963946,-0.0014874957207177027
2025-05-26,0.011198071392529152,0.008566984693270004,0.007975714500355793,0.008988311900651668,0.006721791058630052,0.006869499257046141,0.008496484209644278,0.008427955660050713,0.01083213289256955,0.010118147564468842,-0.0010799238280603096
2025-05-27,0.004014634238658432,0.00381065738659666,0.002015409166310338,0.0008608693441980401,0.0008709925502518607,-0.00025153599084132316,-0.0006500804368261711,0.0003124647963495343,0.0018620241440148464,0.007047648860202357,0.0030330146215439254
2025-05-28,-0.0013836101767175698,-0.00266337091467156,-0.0029133328192231835,-0.0030388544625287576,-0.002799364303309761,-0.0018412260516720558,-0.0019643702312811,-0.0030942812309047675,-0.0018934201950027967,-0.008562094323448786,-0.007178484146731216
2025-05-29,0.017078358555613217,0.017092908455698847,0.017268977285738746,0.01601948311596491,0.017381462681468913,0.015925051274083977,0.016680021704869055,0.01667419275584786,0.014311612798504469,0.013678508368942684,-0.0033998501866705326
2025-05-30,-0.011225061585387667,-0.00893983856045293,-0.009789369624409908,-0.00896524639304255,-0.010851993673723984,-0.010536349993966673,-0.013488116558438745,-0.014531581869181298,-0.015508483140529567,-0.021939629297040672,-0.010714567711653005
2025-06-03,0.006087049422575661,0.005082945904806761,0.005375972217301269,0.0057907864358273265,0.007639724389054305,0.006863823832970918,0.007760855928994831,0.009517025860630928,0.01233175599368612,0.014275344596198754,0.008188295173623093
2025-06-04,0.01144269578104027,0.009642570811051257,0.008561191817012906,0.011202678644045394,0.010691014283479664,0.010736275472081355,0.011885642624915593,0.012203209749328191,0.010282513415263577,0.005248689455890175,-0.0061940063251500945
2025-06-05,0.0016150835608940537,0.004735870903679301,0.004704930193926664,0.0067483471738532235,0.004176580014239125,0.005292681899414173,0.005375978165895514,0.004079798865580368,0.002224746220852861,-0.00436847398237538,-0.005983557543269433
2025-06-06,0.00687280827984864,0.003292241839020947,0.0035912543933815356,0.004074221595601843,0.002441470828635831,0.00019326133991290944,-8.22160630595183e-06,-0.00053875153621344,-0.005018637226723139,-0.0060546216201165775,-0.012927429899965218
2025-06-09,0.01143074950677168,0.008766063639245512,0.008341265766955437,0.009012554305422693,0.010565408635174273,0.011186944480649177,0.012622440564173196,0.014433743393510874,0.014219928322320226,0.023384537492471838,0.011953787985700157
2025-06-10,-0.008466017005159815,-0.0064926576061655784,-0.007956852988367385,-0.007547816521582073,-0.009933223831255035,-0.008803843154112187,-0.011498413355391979,-0.009591758630735261,-0.006303925345388884,-0.0029951931096470017,0.005470823895512813
2025-06-11,0.00632280254825472,0.006645102752194174,0.004917448228014319,0.006320388992767739,0.006853758311698489,0.007834678351375123,0.005201027140242419,0.005753959359225115,0.004482309128103837,0.0022587845993704446,-0.0040640179488842755
2025-06-12,0.0017987158682393977,0.0012968162886029678,0.00011273551456338651,-0.0005600244812013878,0.002796126109417393,0.0020692804643045225,0.0033728738056031196,0.0019367678053133178,0.0035079887923258352,0.0025769729228537815,0.0007782570546143838
2025-06-13,-0.015801153333444756,-0.015808358991150778,-0.012606887347643463,-0.013210027142255863,-0.013977217738770809,-0.016545004967875535,-0.015420251881437006,-0.01998777875871073,-0.021197032299035322,-0.023013945432732313,-0.0072127920992875565
2025-06-16,0.010382165973608968,0.0069201339792184235,0.006066994218788178,0.006573650338403458,0.006729390574418642,0.008905442241469538,0.006929550710232152,0.008860716388877136,0.009243091830252487,0.012113878817125348,0.0017317128435163798
2025-06-17,-0.000652572140516209,0.0007797889307030127,0.000534493326990124,-4.770146107332165e-05,0.0012049484512831076,-0.00024243862144679895,-0.001118414763604607,-0.0010017940513562548,-0.003310569434193078,-0.007504170801346608,-0.0068515986608303995
2025-06-18,-0.0022315385548373765,-0.003433978001214812,-0.0011239241390887528,-0.0021838553268945385,-0.002192382142642963,-0.003420669159398555,-0.002243504473814613,-0.0007496180237290392,-0.003925093125155609,-0.009880642645592167,-0.00764910409075479
2025-06-19,-0.015336124016238484,-0.013505071821270212,-0.013098260525511073,-0.01466668085403888,-0.013704655172135717,-0.016853919329876153,-0.01627115761131255,-0.018838768992107985,-0.0225831078135509,-0.02529604658941103,-0.009959922573172545
2025-06-20,-0.003224250135405409,-0.0027136307891311943,-0.005001004210016195,-0.004329304931378653,-0.0042216500281806344,-0.005750868426227991,-0.007157665192688458,-0.010788430155451494,-0.008246465343141435,-0.013913776244647482,-0.010689526109242073
2025-06-23,0.01719440148410751,0.013480764936249338,0.012211449700047491,0.01123073199909149,0.012688434992264245,0.014228872110161963,0.014600588518522572,0.015827155582384556,0.019500560487181785,0.024396575794694626,0.007202174310587117
2025-06-24,0.0255175749698563,0.023118635818752967,0.019969132608027546,0.021095676105144602,0.021592299177437456,0.021823340136627442,0.019083560081993238,0.01856883030510819,0.018023616502046657,0.007029724320012212,-0.01848785064984409
2025-06-25,0.008279382092360177,0.0099188370854229,0.009532250551101936,0.009820946710054953,0.010471172931940324,0.01121169111538434,0.009445197588079567,0.009437393326367423,0.010187600426131937,0.00401738624300327,-0.004261995849356907
2025-06-26,-0.001552346441077122,-0.0025657415742225548,-0.0025461555020453927,-0.003682952261981986,-0.0017043020105534505,-0.002380805797799215,-0.003007238678620006,-0.003839603290142478,-0.0024160910331757868,-0.0014245997690716331,0.00012774667200548878
2025-06-27,0.007686692353413923,0.0056603932097098525,0.006063248415146887,0.005748818585410557,0.005039726302509527,0.006393223432977556,0.005342643098484924,0.006376770337071977,0.006034941334798248,0.00011768803682473956,-0.0075690043165891835
2025-06-30,0.013707555263581302,0.012649493866112258,0.01083529447344038,0.01044431477048037,0.010512057825362447,0.010967809036338304,0.01261577884699588,0.013667874982732215,0.01623208400135922,0.02020154565413419,0.006493990390552887
2025-07-01,0.001587348877124923,0.003599265122328385,0.004264118882785427,0.0035048440476448477,0.003608059879559741,0.005408579845750825,0.004681146385824503,0.004335272448280518,0.005037923748798219,-0.00032889924231058827,-0.0019162481194355111
2025-07-02,-0.0036270568427707664,0.0002995375139047288,-0.00022726120058183725,0.0017647039848828132,-0.002801228424943689,-0.0045696149082281486,-0.005775108665197281,-0.008027068538011045,-0.010294400725372438,-0.0108573895884777,-0.007230332745706933
2025-07-03,0.0063691932796123805,0.00559381754954214,0.0038787822845770866,0.004914809934334508,0.004849439629545205,0.006652522437104735,0.006356445784628619,0.007381460712784145,0.0078045294824952635,0.006017654816045295,-0.00035153846356708596
2025-07-04,-0.011138098214580852,-0.0077653970584235935,-0.007287608159414992,-0.004745648885416894,-0.006091819239045107,-0.0063770811686184176,-0.008628980040014354,-0.008725294659313529,-0.010167888885302017,-0.010096397815227606,0.0010417003993532462
2025-07-07,0.008940216073714518,0.007572543376914034,0.006651820802059409,0.006334552054538643,0.0036296448888734826,0.003991153625323359,0.006272678176999561,0.0042992268460223144,0.005175994831549039,0.010408187989393188,0.0014679719156786702
2025-07-08,0.012962137694908341,0.012864606742744911,0.011313585182970511,0.011655070429608658,0.009952691132449832,0.013024624347518391,0.012169481816405156,0.010588636356001442,0.010782239713893244,0.010500287960762654,-0.0024618497341456873
2025-07-09,0.0008901904471054783,-0.0007770006138025043,0.001265797909632983,0.00042384418865571154,-0.00040042158833340617,-0.000977550148143218,-0.0029034789327459414,-0.003988655287339497,-0.004143133779607686,-0.004939348633070847,-0.0058295390801763255
2025-07-10,0.0033931080679607943,0.003340725687308724,0.005132376521306859,0.003633000214834258,0.0031777012246382063,0.0024381729507943536,0.0037737680161428607,0.0013782306376967654,0.000770836279376062,-0.00675072083448441,-0.010143828902445204
2025-07-11,0.0050918211960811165,0.0044524864323914,0.0045662212555528,0.004516052119535721,0.0032544756178863017,0.004075258587606823,0.005448777201161369,0.004604666274607642,0.001484479908436177,-0.0005997291608161958,-0.005691550356897312
2025-07-14,0.00867222295972296,0.006684269479555468,0.006524223145608913,0.004954405957833658,0.004776650126187141,0.0039428755255092925,0.006170390410269264,0.004947576713571204,0.005139912821792606,0.0006898867479260901,-0.00798233621179687
2025-07-15,-0.009735757125343955,-0.007771915549770426,-0.007163089938036831,-0.0055467253203541605,-0.006802667372320416,-0.007108714328335814,-0.0040410544380468745,-0.004907235244484673,-0.011659180039537843,-0.014904209849778409,-0.005168452724434454
2025-07-16,0.011221272343406932,0.00752650395744933,0.007177469463090337,0.006304388015435354,0.002920527005205644,0.005893109111323408,0.005426963198895645,0.005026388800125689,0.004103403855878416,0.0005774237955322808,-0.010643848547874651
2025-07-17,0.008436083930962736,0.0071076211062390555,0.008277540376320142,0.006363915197093409,0.0070445109477987764,0.010205406251618407,0.009335244745603134,0.012094350258915705,0.008743929213378973,0.011912887275490155,0.0034768033445274193
2025-07-18,0.0023313009286628048,0.0031053657113031515,0.0022479845765499802,0.0043916021004239865,0.002822393684139075,0.00283976010036663,0.0013915218790246464,0.0024184512357773285,0.0014014466226736954,-0.0004287033107644748,-0.0027600042394272796
2025-07-21,0.014127817204389761,0.014193082353273602,0.014737398277379361,0.01407033805606377,0.014376806524830775,0.011505531373653139,0.012428645739595682,0.01217614676413305,0.010023540793915289,0.009886770806860333,-0.004241046397529428
2025-07-22,-0.00030802387410380154,0.0027485758174613465,0.003002497870344313,0.0035141382712028154,0.005734232919770027,0.005520088399117516,0.0018729893092755527,0.0007098797316888545,-0.0017169913218133509,-0.004277763549604418,-0.003969739675500616
2025-07-23,-0.004612831921653412,-0.005748711307737797,-0.004165176143176029,-0.004479163311454754,-0.0069037435563123984,-0.006578536612437337,-0.006207828883058765,-0.007855760726896248,-0.010437707476544265,-0.009866124511154468,-0.005253292589501056
2025-07-24,0.01132856708365129,0.01155565180769065,0.011272051040217623,0.010232944558113969,0.012300093623969754,0.013683874716047631,0.01319086809949945,0.013721262436124806,0.013205976869672781,0.010807497107019018,-0.0005210699766322723
2025-07-25,0.005049611300546571,0.005986190972312926,0.004436762048757793,0.004205248015025349,0.0030223803961282156,0.0026097968467868266,0.0045545830005684,0.00223812534364045,-0.0001384528973672819,-0.008544294396609746,-0.013593905697156317
2025-07-28,0.006451246132410935,0.0024730157444253368,0.003877409073551202,0.002987253123247676,0.0037859664650320424,0.0027053478707332206,0.004482018102550325,0.006366194646187282,0.006675929930224979,0.010064148574277256,0.0036129024418663207
2025-07-29,0.0004973472416789833,-0.00043259285055296734,0.0010136710175756493,0.002782129935985347,0.0007953347686379657,0.002567433275717063,0.003287580978281941,0.004382287720306718,0.004569227327263564,0.005284804734381942,0.0047874574927029585
2025-07-30,-0.0032579025998178673,-0.003669228813959604,-0.00263352217716256,-0.0030406779405749533,-0.004003406693610171,-0.004804860125154019,-0.0056606944889902484,-0.00848208142050656,-0.007585766526076551,-0.008793063910058428,-0.005535161310240561
2025-07-31,-0.011003618449778346,-0.012781856991189722,-0.011977665311834938,-0.01121361513193603,-0.01121766504314783,-0.009063868549766686,-0.008682727888824238,-0.007446866468313386,-0.01172451491208624,-0.010352201141048756,0.0006514173087295901
2025-08-01,0.008961993416710438,0.006716882164945246,0.005973666949447919,0.005389647174581734,0.006628328828471863,0.005808775222188374,0.003148699506019647,0.005159724961813031,0.0026229879812383543,-0.0018134108282069376,-0.010775404244917377
2025-08-04,0.011080146740229257,0.011898136043235266,0.010420521342330806,0.011243627843871947,0.011294479238134751,0.012143017440679332,0.012403139439342062,0.01159294089174033,0.013741714001870721,0.012941723185934294,0.0018615764457050373
2025-08-05,0.011372938599992732,0.00997824735158312,0.0097206474849506,0.008876742096663268,0.009133585926973041,0.010344192891206208,0.008751629905421603,0.008350858574251576,0.007880010188211788,0.0037897145800517553,-0.007583224019940976
2025-08-06,0.008578103182800664,0.007674388265874308,0.00871376880552249,0.007708555037741808,0.008573184496462036,0.00840855445129171,0.006853315184642651,0.006776359416073018,0.007046496773743002,0.007170967445049791,-0.0014071357377508729
2025-08-07,-0.00033852722415107317,0.0004182074899137767,0.0004885375427564249,0.00017046527950219425,0.001316173666066496,-0.0003706515389426634,-6.920603675169499e-05,0.0008233309622817974,-7.655018481867652e-05,-0.0009728288444272971,-0.0006343016202762239
2025-08-08,0.0005969777609890394,0.00042801892858120423,-0.0011640273934766388,-0.0009552668598317637,-0.0014012120527047544,0.0007475245755488398,-0.001992852924660728,8.652270371781157e-05,0.0010697847638942712,0.003954411066776548,0.003357433305787509
2025-08-11,0.013276559939132283,0.012509815695926178,0.012676655256804245,0.012107806712542045,0.014238823798570787,0.014720668785965847,0.015471926339967995,0.015545893200008699,0.016765176104228105,0.01566463301681844,0.002388073077686157
2025-08-12,-0.0011566461448938579,0.0006189967192370408,0.001839836628626689,0.0006499593522881057,0.0021477817038508726,0.0007866558835712971,0.0006832521229805105,-0.0007850078857926531,-0.0015247177243384149,-0.00298009949600525,-0.001823453351111392
2025-08-13,0.004845870038729277,0.003830947095949111,0.003890903115688074,0.004814380475823967,0.005412648070877682,0.00927280066150318,0.0069667221567528866,0.007596942419233109,0.010598904466019087,0.007139938848047757,0.00229406880931848
2025-08-14,-0.01829252696555759,-0.016253648061270096,-0.015114503043915647,-0.015714826869875475,-0.016098306269609758,-0.016642131029407946,-0.017379831408069257,-0.018091299634253606,-0.019475978400510623,-0.022842735271663216,-0.004550208306105627
2025-08-15,0.013683225308987159,0.012254694606609691,0.013048239578756286,0.01616909741188769,0.017084804395831724,0.017896928903701433,0.01888131354064447,0.020613706081204143,0.021192328363995865,0.023668172711067196,0.009984947402080037
2025-08-18,0.011586796189244939,0.011249401294214464,0.012365430386525343,0.014133782631868997,0.01361756915642197,0.012330695139836992,0.013397257548457525,0.01658800926360994,0.019664726817241837,0.020886185369457275,0.009299389180212336
2025-08-19,0.009842828523272444,0.006572201855716214,0.005710914976193892,0.005490610677757987,0.005507461422633428,0.0038504406017245895,0.003408089844378161,0.0028979068731954517,0.002761867208662663,-0.002144993445947429,-0.011987821969219874
2025-08-20,0.009592051549377052,0.010438606316389671,0.010982138456823097,0.011766265287290138,0.010227951454364802,0.009370713045270629,0.009772784647967514,0.0073543268493928985,0.0045518997580478535,-0.007116464679389055,-0.016708516228766106
2025-08-21,0.0010005529601510256,0.0017702288998787882,0.002304415371804226,0.0006942609208267401,0.00048482927471346334,-0.0020904391943653688,-0.0010363072748246695,-0.005289291231309425,-0.008360618142847748,-0.011900629315866048,-0.012901182276017074
2025-08-22,0.0021541639572671273,0.003076940269330691,0.004763300154740036,0.0066733714412685,0.007230569127340686,0.006427187691937859,0.008722793079087209,0.010239307481234552,0.011729831351352324,0.007680758207600973,0.005526594250333846
2025-08-25,0.008125550657263928,0.0067875327218668,0.006428600911502804,0.011169267223837225,0.008372880685505155,0.010096181268349986,0.011753914397060314,0.01189372624352841,0.013930081543316557,0.014502553549012793,0.006377002891748865
2025-08-26,0.008225472681751337,0.007802713199745075,0.005332449893874738,0.0044869632000474405,0.005413684457086386,0.002644479839849767,0.0016653996873219694,0.0002455069966205263,-0.0037011235868118497,-0.007537181442328518,-0.015762654124079855
2025-08-27,-0.02922061826356748,-0.0235984065402699,-0.02429666445099106,-0.025076786501854815,-0.02485090517849771,-0.024080930481087497,-0.021718870777093037,-0.025396798317753252,-0.021377217879059503,-0.019923993204477325,0.009296625059090156
2025-08-28,-0.0007076317545958161,0.000982250956901205,0.003322526417641034,0.002219548641432401,0.005950036566043571,0.006843835809259024,0.005956361875692613,0.0107809128839562,0.013170209445159498,0.015099741067808772,0.01580737282240459
2025-08-29,-0.005358726035972318,-0.0031587699330582445,-0.0012141829201721918,0.0002035209571816844,-0.0007952924817157214,-0.00046455884692322074,-0.001605790813661072,0.0019137003391308345,-0.004215646133770264,-0.011581823801193956,-0.006223097765221638
2025-09-01,0.011557652861505245,0.006581866809885175,0.005854617812966948,0.009153517948734848,0.007905951882940316,0.007765651828000849,0.010008441369402578,0.009271580265170743,0.014962096971373243,0.010424754368573423,-0.0011328984929318223
2025-09-02,-0.009350495804806618,-0.008696204966173595,-0.010343804112194505,-0.011912675896657975,-0.015611751049949116,-0.018074813673645124,-0.01731040325150058,-0.024398158545787745,-0.022578688157941534,-0.030351028589283388,-0.02100053278447677
2025-09-03,-0.021383777637625306,-0.017063804376083708,-0.01878494785591483,-0.01752674097726208,-0.017384635300355458,-0.0177657745736393,-0.016405895937028236,-0.018912800714240778,-0.01832366038335063,-0.021341016468061517,4.276116956378889e-05
2025-09-04,0.0015989143022035778,0.0003371635888357303,-0.0007046350640360611,-0.0022771844501766714,-0.00631065303523647,-0.009255297825374851,-0.01021071572642559,-0.015101336722340802,-0.019195724604330715,-0.0247141706975698,-0.02631308499977338
2025-09-05,0.022964468507848904,0.017991549244654244,0.0178340647160828,0.018274037308032363,0.01936625092605885,0.022395101142080764,0.02592850832786514,0.027827793037110554,0.03236104644288243,0.031657558598609185,0.008693090090760282
2025-09-08,0.015391478148336937,0.01418825543831207,0.011485539030572915,0.012976171837306141,0.015083307979337589,0.013002199100813377,0.015678943385031077,0.01338996918772854,0.0133393128870245,0.007664780140561061,-0.007726698007775875
2025-09-09,-0.009729044969680009,-0.008504748045192884,-0.007446990152950096,-0.007720759493741198,-0.0072178546892309094,-0.0076107700994708025,-0.009845655166350584,-0.012105129680140662,-0.012995144687319023,-0.01348747511364842,-0.00375843014396841
2025-09-10,0.002307885268272187,0.0016912112697547712,0.0006053727763425517,0.0011785060726962236,0.0006602407771559187,0.0015541964928723075,0.0011123485589736941,0.003276259033494064,0.001833584820269766,0.004312360363575867,0.00200447509530368
2025-09-11,0.010573025670785746,0.012731448183832827,0.012879200200960858,0.012540361956094315,0.012856130434659881,0.015198603691346232,0.018428754926991746,0.01862226737550577,0.0191658994873116,0.020081701293118558,0.009508675622332811
2025-09-12,-0.0027885205502369663,-0.0015835068626540339,-0.001659236254074541,-0.0002473907527017637,-0.0016461859716942221,-0.0006162004485209673,-0.0006152773537033197,0.0019034469470809961,0.0022399261229188575,-0.0015490980023720184,0.0012394225478649479
2025-09-15,-0.0016052324819365636,-0.000982589540593376,-0.0014610686274815505,-0.0014478222917627167,-0.001691885819624012,-0.0017550850055842262,-0.0007297751385298962,-0.0003890974243849145,0.0011317545861913702,-0.0007708646100539423,0.0008343678718826214
2025-09-16,0.013726792225292593,0.013035957043990444,0.00983920590222699,0.010002214952789256,0.009736253241316932,0.009730432252619554,0.009613020976622519,0.0106044615731727,0.012638422845493238,0.00979479068255343,-0.003932001542739164
2025-09-17,0.001689334487671314,0.0015428906390624417,0.0034921267015022486,0.002044867831000239,0.0046307121863230424,0.00472645500583726,0.0044326487567074736,0.005400071273723381,0.0027176442743807247,0.002226511560393127,0.000537177072721813
2025-09-18,-0.01676948522033158,-0.01417642095433541,-0.015122704329113765,-0.014321367921257894,-0.016883520129535003,-0.014383179582244358,-0.011794421748488621,-0.013118731907796307,-0.012889867323298356,-0.011142099298526551,0.0056273859218050285
2025-09-19,-0.005830629262476508,-0.002681196075915032,-0.0006896017815233265,-0.0044988356115896536,-0.0033817101251598838,-0.0021252825980678475,-0.003584766788236091,-0.006532065872177259,-0.007243647819133413,-0.010807444945989775,-0.004976815683513268
2025-09-22,-0.0003679267080433453,-0.0017867976553869655,-0.0009294028490570518,-0.0003898741223791705,-0.001014280719474139,0.0007585311460269716,0.0033467038322183788,0.003304355620019732,0.003948190268854094,0.007987281268907383,0.008355207976950729
2025-09-23,-0.01281434945743807,-0.01134135627593275,-0.011305795401139358,-0.011327453280556999,-0.011446991025315323,-0.012210471331309966,-0.012472411779416439,-0.013324499631650812,-0.013833446798535244,-0.014108307350632772,-0.0012939578931947023
2025-09-24,0.014983107709567666,0.016818856957263113,0.015820697272406835,0.015009730956416768,0.015555683435688987,0.017446398137439353,0.016195221742641146,0.017483650244872282,0.016753962549170276,0.011182550522831635,-0.0038005571867360307
2025-09-25,-0.006737396988920705,-0.00614403974035823,-0.006319876768759126,-0.004817506641224524,-0.003916628523967913,-0.0034707276171493007,-0.002862359169262263,-0.0040991599000759615,-0.0053992674854437045,-0.007329437621209649,-0.0005920406322889437
2025-09-26,-0.006135597106413034,-0.006052462274866599,-0.005219487346116524,-0.005710202382368896,-0.004142560403924593,-0.008550212781562714,-0.007812175959560309,-0.010651324548255512,-0.010819353825214342,-0.014851210600867453,-0.008715613494454419
2025-09-29,0.012652644061965035,0.009010610149631856,0.007565588969793766,0.008435445547921982,0.00841502438790198,0.00917540678961844,0.007546702876578068,0.008015655552710322,0.010460129967358577,0.011636892466548674,-0.0010157515954163608
2025-09-30,0.001377287982621277,0.0021628686117782527,0.004530191940231633,0.005095214734438188,0.005964931111323206,0.006410615843469834,0.004928264845884437,0.0050807256252593845,0.00624638341655979,0.003340559668881727,0.00196327168626045
2025-10-09,0.005567227635660345,0.00803870964511268,0.009582565604308646,0.009909701426800612,0.009996998600365207,0.010066576890811304,0.006410972864451643,0.004722150729230559,0.005683945652004219,0.005644727883737625,7.750024807728038e-05
2025-10-10,-0.004553693557915946,6.035763495215577e-05,0.0018749974743310941,-0.0014559554268222157,-0.0018906642499431523,-0.003411095977688623,-0.0072959823735849645,-0.007964844502398186,-0.006215821937582539,-0.00584023292424855,-0.0012865393663326037
2025-10-13,-0.002232185647485611,-0.002314814854460997,-0.0028918138653949163,-0.004147831543349111,-0.004129031830411085,-0.0036224420095379573,-0.0055386064953944734,-0.005609109054537195,-0.0046323239114603515,5.92819400921517e-05,0.0022914675875777626
2025-10-14,-0.007571596991465364,-0.0054134013429570135,-0.004303455403898822,-0.007268181640519463,-0.00849381166954911,-0.01156202273775216,-0.013393136281991095,-0.018524080588879818,-0.02074798876522139,-0.019406700332110133,-0.011835103340644769
2025-10-15,0.013299114025917965,0.014480648762894687,0.01337954262098229,0.012745097602452833,0.013909507677236227,0.014609917848136934,0.014908036165249624,0.0159693456312739,0.017433051355752252,0.012707148913434654,-0.0005919651124833107
2025-10-16,-0.010259760233958824,-0.008628047350879915,-0.007935867187627784,-0.006885414337044152,-0.008683409281016977,-0.009570501133789645,-0.010170940954794268,-0.010702951238498296,-0.013301298886839048,-0.013971119920034546,-0.0037113596860757214
2025-10-17,-0.018193787211206444,-0.019524487073194458,-0.018277761192569936,-0.01713343573540993,-0.019468994217684474,-0.021629425418090847,-0.024454779251377096,-0.027465577041355695,-0.029908429354015234,-0.03129025029832415,-0.013096463087117705
2025-10-20,0.017097619255882098,0.015030587807719736,0.01092779845461243,0.01220665851786318,0.011852090508712665,0.01166350005789924,0.013532884766403271,0.012108096355467918,0.010940793779167735,0.011725923556424541,-0.005371695699457557
2025-10-21,0.018019464757352464,0.015593416571856956,0.0152210411203463,0.01494342717494735,0.01664149901628026,0.015612265277836304,0.016127418324780124,0.017911745999114104,0.01567232559405228,0.017899742529310064,-0.00011972222804240013
2025-10-22,-0.0004513817641612565,0.0004672961026499112,0.0019361007727492835,-0.000424254467849862,9.549569607087294e-05,-0.00175788008665339,-0.0037585755789129073,-0.003259827074761943,-0.00606168721379707,-0.006305618967694779,-0.0058542372035335225
2025-10-23,0.0028462607558608173,0.00511277499136073,0.007156971689236159,0.004280204014135782,0.003480631431237645,0.0037704812326247172,0.0019724600957430256,0.00035339256562873613,-0.0025072202653109365,-0.003299217850076275,-0.006145478605937092
2025-10-24,0.006555654596060759,0.004563259260883792,0.0041466537470996765,0.005475406036570345,0.007280518915888647,0.006995029237909321,0.007333954667686526,0.008806276507417436,0.010090421223045092,0.008052527965123013,0.001496873369062254
2025-10-27,0.0038130742461454617,0.004395530294638288,0.006301187290824177,0.00602461531232357,0.007035011688968199,0.008044769122997552,0.008260665040230385,0.008711537459124829,0.012714958289131828,0.013018346218902334,0.009205271972756873
2025-10-28,0.003282555347644655,-0.00020444010426724394,0.000502418752712154,0.0006547136891332827,-0.00020793720776549063,-0.0006389551189921563,0.0010193381416645586,-0.0006286223907209251,-0.0019748920147077127,0.00042426266753724083,-0.0028582926801074145
2025-10-29,-0.00417838426328508,0.001253005560499749,-0.0001733248426671298,0.0005168871276137134,0.0033410517667027614,0.005068439531095559,0.003773083159756605,0.004798382362648984,0.00715226060956519,0.005995043528438136,0.010173427791723217
2025-10-30,-0.011896084036053717,-0.01072069992706347,-0.007422031177717577,-0.007685018527527683,-0.009267237920672699,-0.01062986791875339,-0.0105058112939687,-0.011638201549654028,-0.014612419127867926,-0.017313280474115775,-0.005417196438062058
2025-10-31,0.011166873037638258,0.010397272218281585,0.007624083996868219,0.008411058034479392,0.01087733785462159,0.008266636531371357,0.00816222918033047,0.006401979168539389,0.007256672483715143,0.0070261566105012385,-0.004140716427137019
2025-11-03,0.008123188473025213,0.007197973844157674,0.008492581317925421,0.008204693910972949,0.007342365876753075,0.007547592342751446,0.004764185551150335,0.009450361400411496,0.006961344015354778,0.009431370725132143,0.0013081822521069306
2025-11-04,-0.005253334896517153,-0.005223985846966088,-0.005049276169920522,-0.006704264654492486,-0.00917558255685887,-0.008842220553426785,-0.009085119383548137,-0.008566766535267872,-0.011059583763971866,-0.0068433681939938755,-0.0015900332974767223
2025-11-05,0.00848292286848558,0.006814761518744336,0.0071316216086449585,0.005145519231443053,0.005200825414752837,0.006076204458764974,0.00647630494025026,0.00668834792404027,0.005675332675079197,0.008427554922228648,-5.5367946256932796e-05
2025-11-06,0.006561362959105389,0.005094883601291992,0.004882098162730325,0.0038801709393362195,0.005512280682945482,0.00559339224019591,0.00611926670374841,0.008053087393555671,0.0046209999423859165,-0.0005717959454518331,-0.007133158904557222
2025-11-07,-0.0028787800756493918,7.836111566298585e-05,0.0011599952624830757,-0.0017325561784169042,0.0009785529817564126,-0.0019361349150245504,-0.001847073127432128,-0.0035217034042626634,-0.004463001744127457,-0.003278645451915217,-0.00039986537626582504
2025-11-10,0.0023412086721244867,0.005316482878852818,0.007323690596607971,0.008441853320258392,0.00768856577289406,0.007122248324585252,0.006817224125946738,0.0075239866637032814,0.005081932377208949,0.009697528201383473,0.007356319529258986
2025-11-11,0.002426509785680096,0.0020107972562837567,0.0030313412671721003,0.0020552136075416834,0.0034829092638612737,0.002222747010009534,-0.0001367653431670819,0.0009559386211136602,0.0012466600045640548,0.0023415321722808943,-8.497761339920163e-05
2025-11-12,-0.004311661217093468,-0.004187052043926734,-0.0035158936381068716,-0.003961459115100206,-0.0032059949829846605,-0.004975636551384569,-0.004688781052903801,-0.006061877090707404,-0.006405845456237736,-0.009063160746564037,-0.004751499529470569
2025-11-13,0.009234766028070048,0.008926688304115533,0.008218343173060576,0.008331872255491151,0.008824234060827494,0.010444393566828065,0.012090652253207941,0.011647420134121008,0.011687720028588248,0.01736194953414031,0.008127183506070262
2025-11-14,-0.0008191832152942958,-0.0011365262008662675,-0.0029498442077503365,-0.0030043616596164514,-0.005299696452207115,-0.006266975034413093,-0.006120531501318308,-0.0035872412024121223,-0.00615198614062191,-0.005342956773414521,-0.004523773558120225
2025-11-17,0.0008835153914902584,0.0016062988614218728,-0.0003312735568809181,0.0012281274715142427,0.00010815687414837574,0.0009789526916406048,0.002141078075400672,0.0012973633235230017,0.004102756068603469,0.008867435613478313,0.007983920221988055
2025-11-18,-0.009180965748054513,-0.007667721700462099,-0.009084497723715085,-0.008790299620105045,-0.006422649548219304,-0.00977097571220737,-0.009472029432263575,-0.01227773824681036,-0.015518701397122414,-0.02308490264269175,-0.013903936894637238
2025-11-19,-0.011674118110135594,-0.011763142022067246,-0.009786062571711374,-0.010129802225104474,-0.011334759331165976,-0.012564541612305611,-0.012672723640657264,-0.011946032687468598,-0.010871070759951687,-0.01602821799332642,-0.0043540998831908245
2025-11-20,-0.004276230692465783,-0.006135948782920339,-0.00592397317748245,-0.004557763745034715,-0.006840821872408916,-0.00560889150097879,-0.007698602815269519,-0.007981584914844029,-0.007923610573042944,-0.013508783959141357,-0.009232553266675573
2025-11-21,-0.03807558585595083,-0.035103749699742844,-0.03368154941000148,-0.032207190711746866,-0.03440459772607411,-0.035877572104018395,-0.03584391811505975,-0.03875325977227665,-0.041330389020384786,-0.048857370224312954,-0.010781784368362121
2025-11-24,0.018971243927893074,0.015083504347083066,0.014696929902874894,0.01491153650389003,0.014882989211235376,0.013032972968419466,0.016277681769094297,0.01575629598059409,0.016127047490842136,0.01865220927585866,-0.00031903465203441533
2025-11-25,0.013187358919456098,0.010718450078025599,0.011517439402093668,0.01014994554591217,0.011196756338404598,0.011592902423351158,0.01307930286265751,0.013774491990354855,0.017759551256286796,0.021957929243695412,0.008770570324239314
2025-11-26,-0.010101905183772908,-0.005142073019414998,-0.003659697408420446,-0.0031169573969416385,-0.002015026246331946,-0.0015977003504182273,-0.0017355546949574282,-0.0002706268427546739,-0.005027599780522066,-0.005109137730979043,0.004992767452793865
2025-11-27,0.007540857888725443,0.0045714510587991815,0.003659514838337179,0.0031788027682468694,0.004113139304909607,0.0035275019944917196,0.0012701248166654138,0.0033347061086032087,0.00044907369756163554,0.0027000241985239205,-0.004840833690201522
2025-11-28,0.01311199986603146,0.011668028986288366,0.009839423064352041,0.010496768969921575,0.010123691099044957,0.011899895417131217,0.012005811286574457,0.01381562785423843,0.013390035490773687,0.015471836236804266,0.002359836370772807
2025-12-01,0.004504835036693974,0.006613097499440059,0.008374004678519138,0.005816736631515268,0.005079561877311184,0.009067425022063478,0.0069530994204504174,0.005841796008635208,0.005537185834768384,0.0009320014346555709,-0.0035728336020384027
2025-12-02,-0.003707837882166604,-0.005626678129338547,-0.0049168542081727065,-0.005515668661890375,-0.007194308079009129,-0.004178583026525299,-0.008574197093818582,-0.007111005711635787,-0.007216536780480574,-0.0008953607115770293,0.0028124771705895744
2025-12-03,-0.007532219080072095,-0.0076364106393716855,-0.0068192552951853854,-0.005530521218452744,-0.007082621320344029,-0.005099593483192453,-0.008269909226453624,-0.007984751235062678,-0.008961799980360221,-0.01186417583858845,-0.004331956758516354
2025-12-04,-0.010589055912741487,-0.007005714068868378,-0.005749981669842134,-0.004660898655224408,-0.005981164078698115,-0.004185241075926934,-0.005397202353841897,-0.0065028772688148825,-0.009388661649594636,-0.01557695248673753,-0.004987896573996044
2025-12-05,0.015411849436396462,0.013337270868641176,0.013621870235690137,0.011898473528542175,0.011593580785992777,0.01134844535365049,0.016294834977037428,0.014946680651895559,0.014903452485189326,0.01620772568246575,0.0007958762460692874
2025-12-08,0.007499965199356488,0.005362238609468837,0.005411506570854582,0.004195842137177075,0.005261260607619134,0.005734189927175422,0.008443217494120303,0.010673938771512584,0.01354111586775178,0.019377454208381675,0.011877489009025188
2025-12-09,-0.006474825563935727,-0.008340764555505054,-0.006973383948638627,-0.007151888132396801,-0.005955218525338293,-0.006357416439728645,-0.00854433295618884,-0.005564243586183961,-0.0061180109056358425,-0.008361049267469063,-0.001886223703533336
2025-12-10,-0.003944214785699073,0.00020627798709772356,0.0007865680428978172,0.0022277520338770894,0.001646418104512876,0.0026821648871823006,0.0013463358720749888,0.0032944653270445432,-0.0010376971328112847,-5.8193778480699503e-05,0.003886021007218374
2025-12-11,-0.02007803453440405,-0.015445685578739106,-0.014332456413849923,-0.013025006996602268,-0.014319253835579413,-0.01293242211184644,-0.015010011584585982,-0.015446998843926751,-0.019910784235432563,-0.02365727606127252,-0.0035792415268684694
2025-12-12,-0.006054584085810397,0.00037278628351703884,0.0036517973516102193,0.003975687691052188,0.003080795542691673,0.007136862552655219,0.00700204511153162,0.005898818989071273,0.0010158106500418387,0.002408710369350955,0.008463294455161353
2025-12-15,0.0012623143264649758,-0.0023116265754213453,-0.004446284222775435,-0.0016225790686094004,-0.0014991989506550163,-0.002095453591054354,-0.0022802103647957283,-0.004861144766711854,-0.003250875513549103,-0.0015287103098198136,-0.002791024636284789
2025-12-16,-0.01534776226305646,-0.01282115561061421,-0.01317108611978271,-0.012450480898401665,-0.015284937907608475,-0.015502839530405491,-0.01505533750466163,-0.017711175052008536,-0.023507394928430094,-0.02423479684368851,-0.008887034580632051
2025-12-17,0.0065883432971987005,0.007501830984042461,0.0065160780172936255,0.007329945903896644,0.009089442041605581,0.006830800505059582,0.010686643698195993,0.01046647966922368,0.01115916994496577,0.005173060336694962,-0.0014152829605037385
2025-12-18,0.007896099477078929,0.007416801556065812,0.004136735317025419,0.004381993661795585,0.002348391876632032,0.0027755988207863822,-0.0015409845361296572,-0.0023203864949420173,-0.0030745276391970504,0.0010293308898131912,-0.006866768587265737
2025-12-19,0.01641915641786812,0.015544509176941747,0.013334528009483596,0.011832293717517676,0.013618096879302523,0.012859901785677134,0.0142263253286972,0.013955204475985541,0.016025667788517058,0.015382511712927177,-0.0010366447049409422
2025-12-22,0.0052569742747243,0.006291177089375772,0.004295775814013483,0.0044672176844306535,0.006165626296010445,0.0068160382716232525,0.009563069213898785,0.007936274811229393,0.006994293421706329,0.005844332063188891,0.0005873577884645906
2025-12-23,-0.006322462764419915,-0.006335886553921658,-0.005735805358464627,-0.004045902643106647,-0.004685913013664478,-0.004384043688616374,-0.003983264174600876,-0.005011907487929552,-0.0027859914933911012,-0.010816459812422392,-0.0044939970480024774
2025-12-24,0.014099021343898488,0.011100449949409931,0.009923055844161751,0.009113052962513881,0.009698923652976957,0.011168027286710517,0.011986189753135876,0.01370182745869495,0.015812895412920122,0.0178519781508214,0.003752956806922914
2025-12-25,0.011909344106837062,0.008782616441125357,0.008116152076144696,0.008596030065644803,0.0096379216028567,0.00781050899936498,0.00924359823155542,0.01023277557330828,0.008844786945486755,0.012635832148238609,0.0007264880414015462
2025-12-26,-0.004264369807205854,-0.0014234983559962952,-0.0022728879565978,0.0001710810469821365,0.0006241446427168762,-0.0008878867116238044,-0.0001797094560695246,-0.000507033698332188,-0.0017068591587068335,0.004888701275271298,0.009153071082477152
2025-12-29,0.0014005148535374873,-0.0015110884515799625,-0.0005412997908570243,-0.0017219467316267874,-0.0009542529895586837,-0.0003110840167135009,-0.0026494551943452163,-0.002831023525669222,7.11382678353458e-05,-0.0063478065447902,-0.0077483213983276875
2025-12-30,-0.004389740708688537,-0.0011588061326811324,-0.0018547805667943475,-0.001676423896058255,-0.001455507623619706,-0.0009538690084639586,-0.0019025803718867454,-0.0022751189471601633,-0.0030798577236032156,-0.0039480241808634705,0.0004417165278250666
2025-12-31,0.0013278811761421394,0.0011917607561992938,0.00203829998283138,0.0006782052428241888,0.003266249901962986,0.0008380519789317099,0.0029245516269709323,0.0015320251017226737,0.001502182754389496,-0.0009228360899834376,-0.002250717266125577
